mesh,x,y,z
ADEL,-0.017137663438916206,-2.5743213295936584,0.2110762670636177
ADEL,-0.017137663438916206,-2.573089361190796,0.21409700065851212
ADEL,-0.015433188527822495,-2.573705315589905,0.2125866450369358
ADEL,-0.018842138350009918,-2.5737053751945496,0.21258662268519402
ADEL,-0.016161151230335236,-2.4342164397239685,0.15045104548335075
ADEL,-0.013015983626246452,-2.434806227684021,0.15047596022486687
ADEL,-0.01464357040822506,-2.4345043897628784,0.1520823948085308
ADEL,-0.014533564448356628,-2.434518277645111,0.1488446108996868
ADEL,-0.012522423639893532,-2.4252443313598633,0.15302440896630287
ADEL,-0.010163994506001472,-2.427207052707672,0.15306144580245018
ADEL,-0.011453215032815933,-2.42633056640625,0.1546543650329113
ADEL,-0.011233203113079071,-2.4261208176612854,0.15143148973584175
ADEL,0.011732157319784164,-2.4153871536254883,0.16821076348423958
ADEL,0.012720964848995209,-2.4183754920959473,0.16835202276706696
ADEL,0.01162244938313961,-2.41691517829895,0.16969804093241692
ADEL,0.012830672785639763,-2.4168474674224854,0.16686474531888962
ADEL,0.05718103237450123,-2.4056578278541565,0.218516293913126
ADEL,0.0574329923838377,-2.408874988555908,0.21878966316580772
ADEL,0.05612344108521938,-2.40726637840271,0.2197437807917595
ADEL,0.058490583673119545,-2.4072664380073547,0.21756217628717422
ADEL,0.09571038372814655,-2.4021764397621155,0.2756935805082321
ADEL,0.09582123160362244,-2.405458092689514,0.2759431526064873
ADEL,0.09427559748291969,-2.4038172364234924,0.27629823982715607
ADEL,0.0972560178488493,-2.403817296028137,0.2753384932875633
ADEL,-0.014855138957500458,-2.4595224261283875,0.15912366658449173
ADEL,-0.014890562742948532,-2.459162473678589,0.162428367882967
ADEL,-0.016535423696041107,-2.4593390822410583,0.16077281907200813
ADEL,-0.013210278004407883,-2.459345817565918,0.1607792153954506
ADEL,-0.021359100937843323,-2.6837980151176453,0.27120962738990784
ADEL,-0.017922624945640564,-2.6837979555130005,0.2712096720933914
ADEL,-0.019640862941741943,-2.682770073413849,0.2725520208477974
ADEL,-0.019640862941741943,-2.684825897216797,0.26986727863550186
ADEL,-0.021359115839004517,-2.703502357006073,0.295699305832386
ADEL,-0.017922639846801758,-2.7035022974014282,0.2956993505358696
ADEL,-0.019640877842903137,-2.7024744153022766,0.2970416992902756
ADEL,-0.019640877842903137,-2.7045302391052246,0.29435695707798004
ADEL,-0.019640877842903137,-2.707724690437317,0.30048466473817825
ADEL,0.09999123401939869,-2.42368221282959,0.32428567856550217
ADEL,0.11999119818210602,-2.42368221282959,0.32428567856550217
ADEL,0.10999121516942978,-2.42702579498291,0.3148612082004547
ADEL,0.10999121703207493,-2.4203386306762695,0.3337101489305496
ADEL,0.10999121703207493,-2.4122323989868164,0.32665112614631653
ADEL,0.10999121516942978,-2.416283130645752,0.31523309648036957
ADEL,0.11604884266853333,-2.414257764816284,0.32094211131334305
ADEL,0.10393358953297138,-2.414257764816284,0.32094211131334305
ADEL,0.10809554532170296,-2.4124763011932373,0.31995269656181335
ADEL,0.1118868887424469,-2.4124763011932373,0.31995269656181335
ADEL,0.10999121703207493,-2.4133960008621216,0.31833799183368683
ADEL,0.10999121703207493,-2.411556601524353,0.3215674012899399
ADEL,0.10999121889472008,-2.4058674573898315,0.3089754283428192
ADEL,0.10999121889472008,-2.40867280960083,0.307838499546051
ADEL,0.11166729032993317,-2.407270133495331,0.3084069639444351
ADEL,0.10831514745950699,-2.407270133495331,0.3084069639444351
ADEL,0.10999121703207493,-2.4310853481292725,0.3333265781402588
ADEL,0.10999121703207493,-2.4351279735565186,0.3219318985939026
ADEL,0.11603648215532303,-2.4331066608428955,0.3276292383670807
ADEL,0.10394595190882683,-2.4331066608428955,0.3276292383670807
ADEL,0.10812761634588242,-2.4443687796592712,0.3325737193226814
ADEL,0.11185481771826744,-2.4443687796592712,0.3325737193226814
ADEL,0.10999121703207493,-2.444991946220398,0.3308173716068268
ADEL,0.10999121703207493,-2.4437456130981445,0.33433006703853607
ADEL,0.10668879747390747,-2.482283055782318,0.350103959441185
ADEL,0.1099621094763279,-2.482283055782318,0.350103959441185
ADEL,0.10832545347511768,-2.482830286026001,0.34856149554252625
ADEL,0.10832545347511768,-2.4817358255386353,0.35164642333984375
ADEL,0.09097396396100521,-2.5267197489738464,0.3697229325771332
ADEL,0.09384237974882126,-2.5277974009513855,0.3697229325771332
ADEL,0.09222800843417645,-2.527738094329834,0.3681804686784744
ADEL,0.09258833527565002,-2.526779055595398,0.37126539647579193
ADEL,0.05710841342806816,-2.568273901939392,0.3848998546600342
ADEL,0.05996694974601269,-2.569531202316284,0.3848998621106148
ADEL,0.05832749418914318,-2.569380462169647,0.383357398211956
ADEL,0.05874786898493767,-2.568424642086029,0.38644231855869293
ADEL,0.03692176192998886,-2.611662745475769,0.40025562793016434
ADEL,0.04017531871795654,-2.612021505832672,0.4002681225538254
ADEL,0.038488492369651794,-2.6124390959739685,0.3987402096390724
ADEL,0.03860858827829361,-2.6112451553344727,0.4017835408449173
ADEL,0.036551591008901596,-2.633132815361023,0.40839310735464096
ADEL,0.03980514779686928,-2.633491039276123,0.40841808915138245
ADEL,0.03811832144856453,-2.633961856365204,0.4069047272205353
ADEL,0.0365515872836113,-2.6470142006874084,0.4156114012002945
ADEL,0.03980514407157898,-2.6473724246025085,0.4156363978981972
ADEL,0.03811831772327423,-2.6478431820869446,0.41412303596735
ADEL,0.038238413631916046,-2.6465434432029724,0.41712476313114166
ADEL,0.0365515872836113,-2.709942877292633,0.45430441945791245
ADEL,0.03980514407157898,-2.710301399230957,0.45430876314640045
ADEL,0.03811831772327423,-2.710683763027191,0.4527733847498894
ADEL,0.038238413631916046,-2.709560513496399,0.4558397978544235
ADEL,0.036551591008901596,-2.770473062992096,0.4884026423096657
ADEL,0.03980514779686928,-2.7708166241645813,0.4883216992020607
ADEL,0.03811832144856453,-2.770817518234253,0.4867641255259514
ADEL,0.038238417357206345,-2.7704721689224243,0.489960215985775
ADEL,0.0365515872836113,-2.789552927017212,0.4862290322780609
ADEL,0.03980514407157898,-2.789864182472229,0.4860532879829407
ADEL,0.03811831772327423,-2.7894251942634583,0.48453808575868607
ADEL,0.038238413631916046,-2.7899919152259827,0.4877442345023155
ADEL,0.03817836195230484,-2.799147844314575,0.48225437849760056
ADEL,0.03826754540205002,-2.6337178349494934,0.4115544632077217
ADEL,0.039595942944288254,-2.6324551105499268,0.41067204624414444
ADEL,0.03693914785981178,-2.6321693658828735,0.4106201231479645
ADEL,0.03826754540205002,-2.630906641483307,0.4097377061843872
ADEL,0.0383581779897213,-2.623757839202881,0.40987226366996765
ADEL,0.03744281455874443,-2.6241317987442017,0.4107639938592911
ADEL,0.039273541420698166,-2.624266028404236,0.4108874052762985
ADEL,0.0383581779897213,-2.6246399879455566,0.41177913546562195
ADEL,0.03886557184159756,-2.6048717498779297,0.40794727206230164
ADEL,0.03966628387570381,-2.6049774885177612,0.40701572597026825
ADEL,0.0380648598074913,-2.604922294616699,0.4068477600812912
ADEL,0.03886557184159756,-2.6050280332565308,0.4059162139892578
ADEL,0.05172603949904442,-2.580590784549713,0.39791108667850494
ADEL,0.05109330452978611,-2.580207645893097,0.39884263277053833
ADEL,0.05241623520851135,-2.5808428525924683,0.3990105986595154
ADEL,0.051783500239253044,-2.580459713935852,0.39994214475154877
ADEL,0.08674290962517262,-2.545718729496002,0.3878040015697479
ADEL,0.08692906610667706,-2.546450138092041,0.38687245547771454
ADEL,0.0864211767911911,-2.545041501522064,0.3867044895887375
ADEL,0.08660733327269554,-2.545772910118103,0.3857729434967041
ADEL,0.13005821779370308,-2.513576090335846,0.37452246993780136
ADEL,0.1301251109689474,-2.5127716660499573,0.37545401602983475
ADEL,0.13014731369912624,-2.514373004436493,0.3756219819188118
ADEL,0.13021420687437057,-2.5135685801506042,0.3765535280108452
ADEL,0.1709074191749096,-2.5023946166038513,0.37290775030851364
ADEL,0.17086607962846756,-2.503201186656952,0.37197620421648026
ADEL,0.17079301550984383,-2.501600503921509,0.3718082383275032
ADEL,0.1707516759634018,-2.5024070739746094,0.3708766922354698
ADEL,0.19408122450113297,-2.5014148354530334,0.3706798255443573
ADEL,0.194122564047575,-2.500608265399933,0.3716113716363907
ADEL,0.19419563189148903,-2.502208948135376,0.37177933007478714
ADEL,0.19423697143793106,-2.5014023780822754,0.3727108761668205
ADEL,0.1977793611586094,-2.501254618167877,0.37136075645685196
ADER,-0.21054156497120857,-2.501254439353943,0.3713606745004654
ADER,-0.20699918270111084,-2.5014021396636963,0.37271080911159515
ADER,-0.20695782452821732,-2.5022087693214417,0.37177926301956177
ADER,-0.20688476040959358,-2.5006080269813538,0.3716112971305847
ADER,-0.20684340223670006,-2.501414656639099,0.37067975103855133
ADER,-0.19877628982067108,-2.5024068355560303,0.37087663263082504
ADER,-0.19881762191653252,-2.5016002655029297,0.37180817872285843
ADER,-0.19889071211218834,-2.5032010078430176,0.3719761446118355
ADER,-0.19893204420804977,-2.502394437789917,0.37290769070386887
ADER,-0.17350127920508385,-2.51356840133667,0.376553475856781
ADER,-0.17343439534306526,-2.5143728852272034,0.3756219297647476
ADER,-0.17341217771172523,-2.512771427631378,0.37545396387577057
ADER,-0.17334529384970665,-2.5135759115219116,0.3745224177837372
ADER,-0.12989441491663456,-2.5457727313041687,0.3857729062438011
ADER,-0.12970822490751743,-2.545041263103485,0.3867044523358345
ADER,-0.13021618127822876,-2.5464499592781067,0.38687241822481155
ADER,-0.13002999126911163,-2.545718491077423,0.38780396431684494
ADER,-0.09507056511938572,-2.5804595351219177,0.3999421149492264
ADER,-0.09570334479212761,-2.580842673778534,0.399010568857193
ADER,-0.0943803284317255,-2.5802074670791626,0.39884260296821594
ADER,-0.09501310810446739,-2.580590605735779,0.39791105687618256
ADER,-0.08215265348553658,-2.605027914047241,0.4059161841869354
ADER,-0.08135193213820457,-2.6049221754074097,0.4068477302789688
ADER,-0.08295337483286858,-2.6049773693084717,0.40701569616794586
ADER,-0.08215265348553658,-2.60487163066864,0.40794724225997925
ADER,-0.08164527267217636,-2.624639868736267,0.41177910566329956
ADER,-0.08256064727902412,-2.6242659091949463,0.41088738292455673
ADER,-0.0807298980653286,-2.624131679534912,0.4107639640569687
ADER,-0.08164527267217636,-2.6237577199935913,0.40987224131822586
ADER,-0.08155464939773083,-2.630906581878662,0.4097376838326454
ADER,-0.08022622764110565,-2.632169246673584,0.4106201007962227
ADER,-0.082883071154356,-2.632455050945282,0.41067203134298325
ADER,-0.08155464939773083,-2.633717715740204,0.4115544483065605
ADER,-0.08146546222269535,-2.7991477251052856,0.48225434869527817
ADER,-0.0815255343914032,-2.7899917364120483,0.48774420469999313
ADER,-0.0814053900539875,-2.789425015449524,0.4845380559563637
ADER,-0.08309225365519524,-2.7898640632629395,0.4860532656311989
ADER,-0.07983867079019547,-2.789552688598633,0.48622899502515793
ADER,-0.0815255343914032,-2.770471930503845,0.4899601861834526
ADER,-0.0814053900539875,-2.770817279815674,0.486764095723629
ADER,-0.08309225365519524,-2.770816385746002,0.4883216768503189
ADER,-0.07983867079019547,-2.770472824573517,0.4884026050567627
ADER,-0.0815255343914032,-2.70956027507782,0.45583977550268173
ADER,-0.0814053900539875,-2.710683584213257,0.4527733474969864
ADER,-0.08309225365519524,-2.7103012204170227,0.45430872589349747
ADER,-0.07983867079019547,-2.709942638874054,0.45430439710617065
ADER,-0.0815255343914032,-2.646543264389038,0.41712475568056107
ADER,-0.0814053900539875,-2.6478431224823,0.4141230061650276
ADER,-0.08309225365519524,-2.6473723649978638,0.4156363755464554
ADER,-0.07983867079019547,-2.647014021873474,0.4156113862991333
ADER,-0.0814053900539875,-2.633961796760559,0.4069047123193741
ADER,-0.08309225365519524,-2.633491039276123,0.40841808170080185
ADER,-0.07983867079019547,-2.6331326961517334,0.40839308500289917
ADER,-0.08189567364752293,-2.611245095729828,0.4017835110425949
ADER,-0.08177555724978447,-2.612438917160034,0.3987401947379112
ADER,-0.08346239291131496,-2.6120213866233826,0.4002681002020836
ADER,-0.08020883798599243,-2.6116626262664795,0.40025560557842255
ADER,-0.10203490406274796,-2.5684245228767395,0.38644228130578995
ADER,-0.10161455161869526,-2.569380223751068,0.38335737586021423
ADER,-0.10325399041175842,-2.56953102350235,0.3848998323082924
ADER,-0.10039546526968479,-2.5682737231254578,0.3848998248577118
ADER,-0.13587534986436367,-2.5267788767814636,0.37126534432172775
ADER,-0.13551504164934158,-2.5277379751205444,0.36818042397499084
ADER,-0.13712941855192184,-2.527797281742096,0.3697228878736496
ADER,-0.1342609729617834,-2.526719570159912,0.369722880423069
ADER,-0.15161247178912163,-2.4817357063293457,0.351646363735199
ADER,-0.15161247178912163,-2.4828301668167114,0.34856145083904266
ADER,-0.15324915200471878,-2.4822829365730286,0.3501039072871208
ADER,-0.14997579157352448,-2.4822829365730286,0.3501039072871208
ADER,-0.15327823534607887,-2.4437456130981445,0.3343300223350525
ADER,-0.15327823534607887,-2.444991707801819,0.3308173418045044
ADER,-0.15514186024665833,-2.4443686604499817,0.33257368206977844
ADER,-0.15141461044549942,-2.4443686604499817,0.33257368206977844
ADER,-0.1472330018877983,-2.433106541633606,0.3276292085647583
ADER,-0.15932352095842361,-2.4331066012382507,0.3276292085647583
ADER,-0.15327826142311096,-2.4351277947425842,0.3219318687915802
ADER,-0.15327826142311096,-2.4310853481292725,0.3333265483379364
ADER,-0.15160223841667175,-2.4072699546813965,0.30840693414211273
ADER,-0.15495434403419495,-2.4072699546813965,0.30840693414211273
ADER,-0.15327829122543335,-2.408672571182251,0.30783846974372864
ADER,-0.15327829122543335,-2.405867338180542,0.3089753985404968
ADER,-0.15327832102775574,-2.4115564823150635,0.3215673714876175
ADER,-0.15327832102775574,-2.413395881652832,0.31833796203136444
ADER,-0.15517399460077286,-2.4124761819839478,0.31995266675949097
ADER,-0.15138264745473862,-2.4124761819839478,0.31995266675949097
ADER,-0.1472207009792328,-2.4142576456069946,0.32094207406044006
ADER,-0.1593359410762787,-2.4142576456069946,0.32094207406044006
ADER,-0.15327832102775574,-2.4162830114364624,0.3152330666780472
ADER,-0.15327832102775574,-2.412232279777527,0.32665108144283295
ADER,-0.15327829122543335,-2.4203386306762695,0.33371010422706604
ADER,-0.15327829122543335,-2.427025616168976,0.3148611783981323
ADER,-0.1632782369852066,-2.423682153224945,0.3242856413125992
ADER,-0.1432783454656601,-2.4236820936203003,0.3242856413125992
ADER,-0.023646213114261627,-2.7077245712280273,0.30048466473817825
ADER,-0.023646213114261627,-2.7045300006866455,0.29435694217681885
ADER,-0.023646213114261627,-2.702474355697632,0.2970416992902756
ADER,-0.025364458560943604,-2.7035021781921387,0.295699343085289
ADER,-0.02192796766757965,-2.7035021781921387,0.2956992983818054
ADER,-0.023646239191293716,-2.6848256587982178,0.26986726373434067
ADER,-0.023646239191293716,-2.682770013809204,0.2725520208477974
ADER,-0.02536448836326599,-2.683797836303711,0.2712096646428108
ADER,-0.02192799001932144,-2.683797836303711,0.27120961993932724
ADER,-0.03007683902978897,-2.4593456983566284,0.1607792116701603
ADER,-0.026751704514026642,-2.459338903427124,0.16077280044555664
ADER,-0.02839655987918377,-2.4591623544692993,0.1624283567070961
ADER,-0.028431983664631844,-2.459522247314453,0.15912365540862083
ADER,-0.14054309204220772,-2.403817117214203,0.27533846348524094
ADER,-0.13756267353892326,-2.403817117214203,0.2762982100248337
ADER,-0.1391082964837551,-2.4054579734802246,0.2759431228041649
ADER,-0.13899746909737587,-2.402176260948181,0.27569355070590973
ADER,-0.10177763551473618,-2.40726637840271,0.21756215393543243
ADER,-0.09941050782799721,-2.407266318798065,0.2197437547147274
ADER,-0.10072004608809948,-2.4088749289512634,0.21878964081406593
ADER,-0.1004680972546339,-2.4056577682495117,0.2185162678360939
ADER,-0.05611775256693363,-2.4168474674224854,0.16686473041772842
ADER,-0.05490955524146557,-2.4169150590896606,0.16969802603125572
ADER,-0.05600805766880512,-2.4183753728866577,0.16835201159119606
ADER,-0.05501925013959408,-2.4153871536254883,0.16821074485778809
ADER,-0.03205394186079502,-2.4261207580566406,0.15143147110939026
ADER,-0.03183390572667122,-2.4263303875923157,0.1546543575823307
ADER,-0.033123141154646873,-2.427206873893738,0.15306143835186958
ADER,-0.030764706432819366,-2.4252442717552185,0.15302439033985138
ADER,-0.02875356376171112,-2.4345180988311768,0.14884459599852562
ADER,-0.028643539175391197,-2.4345041513442993,0.1520823836326599
ADER,-0.0302711371332407,-2.434805989265442,0.15047595649957657
ADER,-0.027125965803861618,-2.434216260910034,0.15045102313160896
ADER,-0.024444974958896637,-2.57370525598526,0.21258661523461342
ADER,-0.027853939682245255,-2.57370525598526,0.2125866413116455
ADER,-0.026149457320570946,-2.573089361190796,0.21409699693322182
ADER,-0.026149457320570946,-2.574321150779724,0.2110762596130371
ADFL,0.035429542884230614,-2.655182421207428,0.3462524637579918
ADFL,0.039139773696660995,-2.655182421207428,0.3462524563074112
ADFL,0.037284658290445805,-2.653329849243164,0.34626610577106476
ADFL,0.037284658290445805,-2.657034993171692,0.3462388142943382
ADFL,0.03467240836471319,-2.6549965143203735,0.3034830838441849
ADFL,0.037901910953223705,-2.6549965143203735,0.30236316472291946
ADFL,0.03626173175871372,-2.6531894207000732,0.30284979939460754
ADFL,0.036312587559223175,-2.656803607940674,0.3029964491724968
ADFL,0.011878209188580513,-2.666104555130005,0.2831028029322624
ADFL,0.013314539566636086,-2.666098713874817,0.28017403930425644
ADFL,0.012215998955070972,-2.6643661856651306,0.2816057950258255
ADFL,0.012976749800145626,-2.667837083339691,0.28167104721069336
ADFL,-0.014064785093069077,-2.682145893573761,0.271544449031353
ADFL,-0.01404673233628273,-2.6833727955818176,0.2684117555618286
ADFL,-0.015311414375901222,-2.6818679571151733,0.2699207663536072
ADFL,-0.012800103053450584,-2.6836507320404053,0.27003543823957443
ADFL,-0.01794482208788395,-2.6997439861297607,0.29117343574762344
ADFL,-0.017940235324203968,-2.7024214267730713,0.2887609601020813
ADFL,-0.01974394451826811,-2.7009745836257935,0.28984377533197403
ADFL,-0.01614111289381981,-2.7011908292770386,0.2900906205177307
ADFL,-0.01772376149892807,-2.718801498413086,0.33271896094083786
ADFL,-0.01771663874387741,-2.721889555454254,0.3317388743162155
ADFL,-0.019318445585668087,-2.7202215790748596,0.3321342095732689
ADFL,-0.016121954657137394,-2.7204694747924805,0.3323236256837845
ADFL,-0.007560195866972208,-2.751792073249817,0.5312732756137848
ADFL,-0.007560195866972208,-2.754893481731415,0.530913770198822
ADFL,-0.007250200025737286,-2.7535150051116943,0.5325792580842972
ADFL,-0.00787019170820713,-2.7531705498695374,0.5296077877283096
ADFL,0.016686828341335058,-2.7513266801834106,0.5182775110006332
ADFL,0.018312739208340645,-2.7516502141952515,0.5208216607570648
ADFL,0.01747356727719307,-2.7530137300491333,0.5193767547607422
ADFL,0.017526000272482634,-2.749963164329529,0.5197224169969559
ADFL,0.03678966034203768,-2.7468204498291016,0.49822333455085754
ADFL,0.03662958974018693,-2.749756872653961,0.4979313015937805
ADFL,0.03785328287631273,-2.748444378376007,0.49894900619983673
ADFL,0.035565967205911875,-2.7481329441070557,0.49720562994480133
ADFL,0.04576748702675104,-2.7441729307174683,0.4697358310222626
ADFL,0.04846035782247782,-2.7444722056388855,0.47027314454317093
ADFL,0.04698408022522926,-2.745733678340912,0.4699127525091171
ADFL,0.047243764623999596,-2.742911458015442,0.4700962230563164
ADFL,0.04743613209575415,-2.7385255098342896,0.43975771963596344
ADFL,0.04712302703410387,-2.7413476705551147,0.43972597271203995
ADFL,0.048570835031569004,-2.7400861978530884,0.4393181577324867
ADFL,0.04598832409828901,-2.739786982536316,0.44016553461551666
ADFL,0.0359164709225297,-2.7359114289283752,0.41253001242876053
ADFL,0.037823842372745275,-2.7359862327575684,0.41052743047475815
ADFL,0.03672232944518328,-2.737356424331665,0.4114588275551796
ADFL,0.037017983850091696,-2.7345412373542786,0.4115986153483391
ADFL,0.01783332647755742,-2.7314032912254333,0.3899006247520447
ADFL,0.017526137176901102,-2.734211504459381,0.3896031752228737
ADFL,0.018251844681799412,-2.732732594013214,0.38846631348133087
ADFL,0.01710761897265911,-2.7328822016716003,0.3910374864935875
ADFL,-0.0029777195304632187,-2.731223464012146,0.3792874589562416
ADFL,-0.0014078137464821339,-2.7310743927955627,0.3771151155233383
ADFL,-0.0022485977970063686,-2.7325602173805237,0.3781154006719589
ADFL,-0.002136935479938984,-2.729737639427185,0.378287173807621
ADFL,0.07520259916782379,-2.981651782989502,0.5300426632165909
ADFL,0.07721155881881714,-2.981651723384857,0.5280337035655975
ADFL,0.07922051846981049,-2.981651723384857,0.5300426632165909
ADFL,0.07721155881881714,-2.981651782989502,0.5320516228675842
ADFL,0.07702194154262543,-2.948763608932495,0.5240248441696167
ADFL,0.07903090119361877,-2.948763608932495,0.5220158696174622
ADFL,0.08103986084461212,-2.948763608932495,0.5240248441696167
ADFL,0.07903090119361877,-2.948763608932495,0.5260338187217712
ADFL,0.07665175944566727,-2.9103851318359375,0.5175320208072662
ADFL,0.07866071909666061,-2.9103851318359375,0.5155230611562729
ADFL,0.07665175944566727,-2.9103851318359375,0.5135141015052795
ADFL,0.07464279979467392,-2.9103851318359375,0.5155230611562729
ADFL,0.06853469647467136,-3.021677315235138,0.5386292338371277
ADFL,0.07054365426301956,-3.0216771960258484,0.5366202741861343
ADFL,0.06853469647467136,-3.021677255630493,0.534611314535141
ADFL,0.06652573868632317,-3.0216773748397827,0.5366202741861343
ADFL,0.053790345788002014,-3.1235605478286743,0.5504752546548843
ADFL,0.05579930171370506,-3.1236528754234314,0.5484705418348312
ADFL,0.05780825763940811,-3.1235604286193848,0.5504752397537231
ADFL,0.05579930171370506,-3.1234681010246277,0.5524799525737762
ADFL,0.04026491893455386,-3.2603315114974976,0.568346381187439
ADFL,0.0422738753259182,-3.260516345500946,0.5663459300994873
ADFL,0.04026491893455386,-3.2607011795043945,0.5643454939126968
ADFL,0.038255962543189526,-3.260516345500946,0.5663459450006485
ADFL,0.024583516642451286,-3.3456376791000366,0.5752193182706833
ADFL,0.026592472568154335,-3.345822513103485,0.5732188820838928
ADFL,0.028601428493857384,-3.345637559890747,0.5752193182706833
ADFL,0.026592472568154335,-3.3454527258872986,0.5772197544574738
ADFL,0.017830421682447195,-3.3996455669403076,0.5838022530078888
ADFL,0.01983937807381153,-3.3998303413391113,0.5818018317222595
ADFL,0.017830421682447195,-3.4000152945518494,0.5798014104366302
ADFL,0.01582146529108286,-3.3998305201530457,0.5818018317222595
ADFL,0.007996467873454094,-3.457081913948059,0.5875319838523865
ADFL,0.01000542426481843,-3.457266688346863,0.5855315625667572
ADFL,0.012014380656182766,-3.4570817947387695,0.5875319838523865
ADFL,0.01000542426481843,-3.456897020339966,0.5895324051380157
ADFL,0.006926539354026318,-3.4901785254478455,0.5918715000152588
ADFL,0.008935494348406792,-3.490363359451294,0.5898710638284683
ADFL,0.006926539354026318,-3.490548253059387,0.5878706276416779
ADFL,0.0049175843596458435,-3.4903634190559387,0.5898710638284683
ADFL,0.006926539354026318,-3.494608998298645,0.5902633666992188
ADFL,0.06815327145159245,-2.8397409915924072,0.49319182336330414
ADFL,0.07016222923994064,-2.8397409915924072,0.491182878613472
ADFL,0.06815327145159245,-2.8397409915924072,0.48917393386363983
ADFL,0.06614431366324425,-2.8397409915924072,0.491182878613472
ADFL,0.05885186418890953,-2.765084981918335,0.45843394100666046
ADFL,0.06086082011461258,-2.765084981918335,0.4564249888062477
ADFL,0.05885186418890953,-2.765084981918335,0.45441603660583496
ADFL,0.05684290826320648,-2.765084981918335,0.4564249888062477
ADFL,0.04852389823645353,-2.7241034507751465,0.4360029250383377
ADFL,0.050450338050723076,-2.7241361141204834,0.43407706171274185
ADFL,0.04852389823645353,-2.7241687774658203,0.432151198387146
ADFL,0.04659745842218399,-2.7241361141204834,0.43407706171274185
ADFL,-0.01538708247244358,-2.729404628276825,0.36777330189943314
ADFL,-0.012829991988837719,-2.7294809818267822,0.36701611429452896
ADFL,-0.014075657352805138,-2.730973720550537,0.36742764711380005
ADFL,-0.014141417108476162,-2.72791188955307,0.36736176908016205
ADFL,0.027356745675206184,-2.679100215435028,0.4160640612244606
ADFL,0.047356732189655304,-2.6791001558303833,0.4160640686750412
ADFL,0.037356738932430744,-2.6825971603393555,0.4066954478621483
ADFL,0.037356738932430744,-2.675603210926056,0.4254326820373535
ADFL,0.03735673846676946,-2.686330556869507,0.42528940737247467
ADFL,0.03735673846676946,-2.690607011318207,0.4138327017426491
ADFL,0.04347114451229572,-2.6884687542915344,0.4195610582828522
ADFL,0.03124233242124319,-2.688468813896179,0.4195610508322716
ADFL,0.03733099438250065,-2.6985562443733215,0.42335547506809235
ADFL,0.04140373691916466,-2.6985561847686768,0.42335547506809235
ADFL,0.03936736565083265,-2.6989786028862,0.42139004170894623
ADFL,0.03936736565083265,-2.6981338262557983,0.42532090842723846
ADFL,0.03735673846676946,-2.6676506400108337,0.41814202070236206
ADFL,0.03735673846676946,-2.6718124747276306,0.4069921374320984
ADFL,0.043307384476065636,-2.6697314977645874,0.4125670790672302
ADFL,0.03140609245747328,-2.669731616973877,0.4125670790672302
ADFL,0.03545543737709522,-2.6669015288352966,0.41093048453330994
ADFL,0.03925803489983082,-2.666901469230652,0.41093048453330994
ADFL,0.03735673613846302,-2.6678672432899475,0.4093308746814728
ADFL,0.03735673613846302,-2.665935754776001,0.4125300943851471
ADFL,0.03545543551445007,-2.6603676676750183,0.3971242904663086
ADFL,0.03925803303718567,-2.6603676676750183,0.397124283015728
ADFL,0.03735673427581787,-2.6619499921798706,0.3963605836033821
ADFL,0.03735673427581787,-2.658785343170166,0.3978879898786545
ADFL,-0.02108391374349594,-2.753685772418976,0.5340516120195389
ADFR,-0.021634316071867943,-2.7536858320236206,0.5340516269207001
ADFR,-0.0800749696791172,-2.658785343170166,0.39788801968097687
ADFR,-0.0800749696791172,-2.6619502305984497,0.3963606208562851
ADFR,-0.0819762721657753,-2.660367786884308,0.397124320268631
ADFR,-0.0781736671924591,-2.660367786884308,0.397124320268631
ADFR,-0.0800749696791172,-2.665935754776001,0.4125301241874695
ADFR,-0.0800749696791172,-2.667867422103882,0.40933090448379517
ADFR,-0.0819762721657753,-2.6669015884399414,0.4109305143356323
ADFR,-0.0781736671924591,-2.6669015884399414,0.4109305143356323
ADFR,-0.07412432134151459,-2.6697316765785217,0.4125671088695526
ADFR,-0.08602561429142952,-2.669731616973877,0.4125671088695526
ADFR,-0.08007496781647205,-2.67181259393692,0.4069921672344208
ADFR,-0.08007496781647205,-2.6676506996154785,0.41814205050468445
ADFR,-0.08208560012280941,-2.698133945465088,0.42532093077898026
ADFR,-0.08208560012280941,-2.6989786624908447,0.4213900715112686
ADFR,-0.08412197232246399,-2.6985563039779663,0.42335550487041473
ADFR,-0.08004922792315483,-2.6985563039779663,0.42335549741983414
ADFR,-0.0739605650305748,-2.6884689331054688,0.41956107318401337
ADFR,-0.0861893780529499,-2.688468873500824,0.41956108063459396
ADFR,-0.08007497154176235,-2.6906070709228516,0.41383272409439087
ADFR,-0.08007497154176235,-2.686330735683441,0.42528942972421646
ADFR,-0.0800749659538269,-2.6756033301353455,0.4254327118396759
ADFR,-0.0800749659538269,-2.6825972199440002,0.4066954702138901
ADFR,-0.09007495641708374,-2.679100215435028,0.416064091026783
ADFR,-0.07007497549057007,-2.6791003346443176,0.416064091026783
ADFR,-0.028576819226145744,-2.727912127971649,0.36736181378364563
ADFR,-0.028642578050494194,-2.7309738397598267,0.36742769181728363
ADFR,-0.029888243414461613,-2.7294811606407166,0.36701615154743195
ADFR,-0.027331153862178326,-2.7294048070907593,0.3677733540534973
ADFR,-0.08931568264961243,-2.7241361141204834,0.43407708406448364
ADFR,-0.09124212339520454,-2.7241687774658203,0.4321512281894684
ADFR,-0.09316856414079666,-2.7241361141204834,0.43407709151506424
ADFR,-0.09124212339520454,-2.7241034507751465,0.4360029473900795
ADFR,-0.09956112504005432,-2.765084981918335,0.4564250037074089
ADFR,-0.10157008469104767,-2.765084981918335,0.45441605150699615
ADFR,-0.10357904434204102,-2.765084981918335,0.4564250111579895
ADFR,-0.10157008469104767,-2.765084981918335,0.45843396335840225
ADFR,-0.10886253044009209,-2.8397409915924072,0.4911829009652138
ADFR,-0.11087149009108543,-2.8397409915924072,0.48917393386363983
ADFR,-0.11288044974207878,-2.8397409915924072,0.4911829009652138
ADFR,-0.11087149009108543,-2.8397409915924072,0.4931918680667877
ADFR,-0.04964475333690643,-3.494608998298645,0.5902633965015411
ADFR,-0.04763580113649368,-3.4903634190559387,0.5898710787296295
ADFR,-0.04964475333690643,-3.490548253059387,0.5878706276416779
ADFR,-0.05165370553731918,-3.4903634190559387,0.5898710787296295
ADFR,-0.04964475333690643,-3.4901785850524902,0.5918715298175812
ADFR,-0.05272364057600498,-3.4568970799446106,0.5895324051380157
ADFR,-0.05473259650170803,-3.4570818543434143,0.5875319838523865
ADFR,-0.05272364057600498,-3.457266688346863,0.5855315625667572
ADFR,-0.05071468465030193,-3.457081913948059,0.5875319838523865
ADFR,-0.05853968299925327,-3.3998305201530457,0.5818018317222595
ADFR,-0.06054864078760147,-3.4000152945518494,0.5798014104366302
ADFR,-0.06255759857594967,-3.399830400943756,0.5818018317222595
ADFR,-0.06054864078760147,-3.3996456265449524,0.5838022530078888
ADFR,-0.06931069120764732,-3.345452904701233,0.5772197544574738
ADFR,-0.07131964713335037,-3.3456376791000366,0.5752193182706833
ADFR,-0.06931069120764732,-3.345822513103485,0.5732188820838928
ADFR,-0.06730173528194427,-3.3456377387046814,0.5752193182706833
ADFR,-0.08097417652606964,-3.260516405105591,0.5663459450006485
ADFR,-0.08298313431441784,-3.2607011795043945,0.564345508813858
ADFR,-0.08499209210276604,-3.260516345500946,0.5663459450006485
ADFR,-0.08298313431441784,-3.2603315711021423,0.568346381187439
ADFR,-0.0985175184905529,-3.123468041419983,0.5524799525737762
ADFR,-0.10052647441625595,-3.1235604286193848,0.5504752695560455
ADFR,-0.0985175184905529,-3.123652935028076,0.5484705865383148
ADFR,-0.09650856256484985,-3.1235605478286743,0.5504752695560455
ADFR,-0.109243955463171,-3.0216773748397827,0.5366203039884567
ADFR,-0.1112529095262289,-3.0216773748397827,0.5346113443374634
ADFR,-0.1132618635892868,-3.021677315235138,0.5366202890872955
ADFR,-0.1112529095262289,-3.021677315235138,0.5386292487382889
ADFR,-0.11736101284623146,-2.9103851318359375,0.5155230909585953
ADFR,-0.11936997249722481,-2.9103851318359375,0.5135141313076019
ADFR,-0.12137893214821815,-2.9103851318359375,0.5155230909585953
ADFR,-0.11936997249722481,-2.9103851318359375,0.5175320506095886
ADFR,-0.12174911051988602,-2.948763608932495,0.5260338187217712
ADFR,-0.12375807017087936,-2.948763608932495,0.5240248590707779
ADFR,-0.12174911051988602,-2.948763608932495,0.5220158994197845
ADFR,-0.11974015086889267,-2.948763608932495,0.5240248590707779
ADFR,-0.11992976628243923,-2.981651782989502,0.5320516377687454
ADFR,-0.12193872407078743,-2.981651782989502,0.5300426632165909
ADFR,-0.11992976628243923,-2.981651782989502,0.5280337035655975
ADFR,-0.11792080849409103,-2.981651782989502,0.5300426781177521
ADFR,-0.04058129992336035,-2.7297378182411194,0.3782872185111046
ADFR,-0.040469637140631676,-2.7325603365898132,0.3781154453754425
ADFR,-0.041310420259833336,-2.7310745120048523,0.3771151602268219
ADFR,-0.03974051680415869,-2.7312236428260803,0.3792875036597252
ADFR,-0.05982585530728102,-2.732882261276245,0.3910375311970711
ADFR,-0.060970076359808445,-2.7327327132225037,0.38846635818481445
ADFR,-0.06024437118321657,-2.734211564064026,0.3896032124757767
ADFR,-0.06055156048387289,-2.731403410434723,0.38990067690610886
ADFR,-0.07973621785640717,-2.7345412969589233,0.41159866005182266
ADFR,-0.07944055832922459,-2.737356424331665,0.411458857357502
ADFR,-0.0805420745164156,-2.735986292362213,0.41052746772766113
ADFR,-0.07863470166921616,-2.7359114289283752,0.4125300496816635
ADFR,-0.08870655484497547,-2.7397870421409607,0.44016555696725845
ADFR,-0.09128906764090061,-2.740086317062378,0.4393181875348091
ADFR,-0.08984125778079033,-2.7413477897644043,0.43972599506378174
ADFR,-0.09015436470508575,-2.7385255694389343,0.4397577494382858
ADFR,-0.08996199443936348,-2.742911636829376,0.47009623795747757
ADFR,-0.0897023119032383,-2.745733857154846,0.4699127748608589
ADFR,-0.09117858856916428,-2.74447238445282,0.4702731668949127
ADFR,-0.0884857177734375,-2.7441731095314026,0.46973584592342377
ADFR,-0.07828419655561447,-2.748133063316345,0.4972056522965431
ADFR,-0.08057151362299919,-2.748444437980652,0.4989490434527397
ADFR,-0.07934781908988953,-2.749756932258606,0.4979313462972641
ADFR,-0.07950789108872414,-2.746820569038391,0.49822334945201874
ADFR,-0.060244230553507805,-2.7499632835388184,0.5197224467992783
ADFR,-0.06019179709255695,-2.753013849258423,0.5193767845630646
ADFR,-0.06103096716105938,-2.751650333404541,0.5208217054605484
ADFR,-0.05940506048500538,-2.7513267993927,0.5182775259017944
ADFR,-0.0348480399698019,-2.7531707286834717,0.5296077877283096
ADFR,-0.035468026995658875,-2.753515124320984,0.5325792878866196
ADFR,-0.03515803348273039,-2.7548936009407043,0.5309137850999832
ADFR,-0.03515803348273039,-2.751792252063751,0.531273290514946
ADFR,-0.026596284471452236,-2.7204697132110596,0.33232366293668747
ADFR,-0.023399793542921543,-2.720221698284149,0.33213426917791367
ADFR,-0.02500160038471222,-2.7218896746635437,0.3317389264702797
ADFR,-0.02499447762966156,-2.718801736831665,0.33271900564432144
ADFR,-0.02657712809741497,-2.7011910676956177,0.2900906801223755
ADFR,-0.022974297404289246,-2.700974702835083,0.2898438349366188
ADFR,-0.024778006598353386,-2.7024216055870056,0.2887610197067261
ADFR,-0.02477341890335083,-2.699744164943695,0.2911734953522682
ADFR,-0.02991813886910677,-2.6836509704589844,0.2700355127453804
ADFR,-0.027406828477978706,-2.681868076324463,0.26992083340883255
ADFR,-0.0286715105175972,-2.683372974395752,0.268411822617054
ADFR,-0.028653456829488277,-2.6821460723876953,0.27154452353715897
ADFR,-0.05569498986005783,-2.6678372025489807,0.28167111426591873
ADFR,-0.054934242740273476,-2.66436630487442,0.2816058620810509
ADFR,-0.05603278148919344,-2.6660988330841064,0.2801741063594818
ADFR,-0.05459645111113787,-2.6661046743392944,0.2831028699874878
ADFR,-0.07903082855045795,-2.656803607940674,0.30299650877714157
ADFR,-0.0789799764752388,-2.653189480304718,0.3028498589992523
ADFR,-0.08062015473842621,-2.6549965739250183,0.30236322432756424
ADFR,-0.07739065028727055,-2.6549965143203735,0.30348314344882965
ADFR,-0.08000289835035801,-2.6570351123809814,0.3462388664484024
ADFR,-0.08000289835035801,-2.653329849243164,0.34626615047454834
ADFR,-0.08185801655054092,-2.6551824808120728,0.3462525084614754
ADFR,-0.0781477801501751,-2.6551824808120728,0.3462525084614754
ASIL,0.035403646528720856,-2.6453396677970886,0.34406011551618576
ASIL,0.039021506905555725,-2.6453396677970886,0.34406012296676636
ASIL,0.03721257671713829,-2.6435351371765137,0.343939870595932
ASIL,0.03721257671713829,-2.6471441984176636,0.3441803678870201
ASIL,0.03467240370810032,-2.6549962759017944,0.30348314344882965
ASIL,0.03790190350264311,-2.6549962759017944,0.30236322432756424
ASIL,0.036261726170778275,-2.653189182281494,0.3028498589992523
ASIL,0.03631258103996515,-2.6568033695220947,0.30299650877714157
ASIL,0.011878201737999916,-2.666103959083557,0.2831028252840042
ASIL,0.013314529322087765,-2.666098117828369,0.28017406165599823
ASIL,0.012215990573167801,-2.664365589618683,0.2816058099269867
ASIL,0.01297674048691988,-2.6678364872932434,0.28167107701301575
ASIL,-0.014064794406294823,-2.6821448802948,0.2715444192290306
ASIL,-0.01404674630612135,-2.6833717823028564,0.268411748111248
ASIL,-0.015311426483094692,-2.6818668842315674,0.2699207365512848
ASIL,-0.01280011422932148,-2.683649778366089,0.27003543078899384
ASIL,-0.017944831401109695,-2.699742913246155,0.29117339104413986
ASIL,-0.017940247431397438,-2.7024203538894653,0.2887609452009201
ASIL,-0.01974395476281643,-2.700973391532898,0.28984373807907104
ASIL,-0.016141124069690704,-2.701189875602722,0.2900905981659889
ASIL,-0.017752585001289845,-2.718952775001526,0.3328646942973137
ASIL,-0.01771236676722765,-2.7219013571739197,0.3317658007144928
ASIL,-0.019324240274727345,-2.72037273645401,0.33225245028734207
ASIL,-0.01614071149379015,-2.7204813957214355,0.3323780447244644
ASIL,-0.0075602042488753796,-2.7517913579940796,0.5312733352184296
ASIL,-0.007560206111520529,-2.7548927068710327,0.5309138149023056
ASIL,-0.007250208407640457,-2.753514289855957,0.532579317688942
ASIL,-0.007870201952755451,-2.7531697750091553,0.5296078324317932
ASIL,0.016686818562448025,-2.751326322555542,0.5182776004076004
ASIL,0.018312730826437473,-2.751649856567383,0.5208217650651932
ASIL,0.01747355703264475,-2.7530133724212646,0.5193768441677094
ASIL,0.01752599235624075,-2.74996280670166,0.5197225213050842
ASIL,0.03678965149447322,-2.746820330619812,0.4982234537601471
ASIL,0.03662958228960633,-2.749756693840027,0.49793143570423126
ASIL,0.037853275425732136,-2.7484441995620728,0.4989491328597069
ASIL,0.035565958358347416,-2.748132824897766,0.4972057566046715
ASIL,0.04576747864484787,-2.7441729307174683,0.4697359651327133
ASIL,0.04846035409718752,-2.7444722652435303,0.47027328610420227
ASIL,0.046984072774648666,-2.745733678340912,0.46991289407014847
ASIL,0.04724375996738672,-2.7429115176200867,0.4700963571667671
ASIL,0.04743612837046385,-2.7385255098342896,0.4397578537464142
ASIL,0.04712302051484585,-2.7413476705551147,0.4397260993719101
ASIL,0.04857083223760128,-2.740086317062378,0.43931829184293747
ASIL,0.045988316647708416,-2.7397868633270264,0.4401656612753868
ASIL,0.03591646300628781,-2.7359111309051514,0.4125301316380501
ASIL,0.037823837250471115,-2.735986053943634,0.4105275422334671
ASIL,0.03672232339158654,-2.737356185913086,0.41145893931388855
ASIL,0.037017976865172386,-2.7345409989356995,0.41159873455762863
ASIL,0.017833318561315536,-2.731402814388275,0.38990072160959244
ASIL,0.01752612879499793,-2.734211027622223,0.38960325717926025
ASIL,0.018251837231218815,-2.732732117176056,0.38846639543771744
ASIL,0.017107610125094652,-2.732881724834442,0.39103758335113525
ASIL,-0.0030885646119713783,-2.731222689151764,0.3795323222875595
ASIL,-0.0017143553122878075,-2.7310736179351807,0.37713510543107986
ASIL,-0.0024624234065413475,-2.7325594425201416,0.3782419264316559
ASIL,-0.0023404965177178383,-2.729736864566803,0.3784255012869835
ASIL,0.07520260289311409,-2.981652617454529,0.5300430059432983
ASIL,0.07721156068146229,-2.981652617454529,0.5280340611934662
ASIL,0.07922051846981049,-2.981652617454529,0.5300430208444595
ASIL,0.07721156068146229,-2.981652617454529,0.5320519655942917
ASIL,0.07702194154262543,-2.9487645626068115,0.5240251868963242
ASIL,0.07903090119361877,-2.9487645626068115,0.5220162272453308
ASIL,0.08103986084461212,-2.9487645626068115,0.5240252017974854
ASIL,0.07903090119361877,-2.9487645626068115,0.5260341614484787
ASIL,0.07665176130831242,-2.915036678314209,0.517777144908905
ASIL,0.07866071909666061,-2.915036678314209,0.5157681852579117
ASIL,0.07665176130831242,-2.915036678314209,0.5137592256069183
ASIL,0.07464280351996422,-2.915036678314209,0.5157681852579117
ASIL,0.06853469833731651,-3.0216779708862305,0.538629561662674
ASIL,0.07054365426301956,-3.0216780304908752,0.5366206169128418
ASIL,0.06853469833731651,-3.0216780304908752,0.5346116721630096
ASIL,0.06652574241161346,-3.0216779708862305,0.5366206169128418
ASIL,0.053790345788002014,-3.1235610246658325,0.5504755675792694
ASIL,0.05579930171370506,-3.123653471469879,0.5484708845615387
ASIL,0.05780825763940811,-3.1235610842704773,0.5504755824804306
ASIL,0.05579930171370506,-3.1234686374664307,0.5524802654981613
ASIL,0.040264919865876436,-3.260331869125366,0.5683466494083405
ASIL,0.04227387718856335,-3.2605167031288147,0.5663462281227112
ASIL,0.040264919865876436,-3.260701537132263,0.5643457919359207
ASIL,0.038255962543189526,-3.2605167031288147,0.56634621322155
ASIL,0.024583516642451286,-3.345637798309326,0.5752195715904236
ASIL,0.026592473033815622,-3.3458226919174194,0.5732191652059555
ASIL,0.02860142942517996,-3.345637798309326,0.5752195864915848
ASIL,0.026592473033815622,-3.345452904701233,0.5772199928760529
ASIL,0.01783042191527784,-3.3996455669403076,0.5838025212287903
ASIL,0.019839377608150244,-3.399830460548401,0.5818021148443222
ASIL,0.01783042191527784,-3.400015354156494,0.5798016786575317
ASIL,0.015821466222405434,-3.399830460548401,0.5818020850419998
ASIL,0.00799646694213152,-3.4570817947387695,0.5875322669744492
ASIL,0.010005424031987786,-3.457266688346863,0.5855318307876587
ASIL,0.012014381121844053,-3.4570817947387695,0.5875322818756104
ASIL,0.010005424031987786,-3.4568969011306763,0.5895327180624008
ASIL,0.006926537491381168,-3.4901784658432007,0.5918718129396439
ASIL,0.008935494348406792,-3.490363299846649,0.5898713916540146
ASIL,0.006926537491381168,-3.4905481338500977,0.5878709405660629
ASIL,0.004917580634355545,-3.490363299846649,0.5898713618516922
ASIL,0.006926537491381168,-3.4946088790893555,0.5902636647224426
ASIL,-0.0155037147924304,-2.729555904865265,0.368136391043663
ASIL,-0.01315528154373169,-2.7294929027557373,0.36709050834178925
ASIL,-0.014285203069448471,-2.7309855818748474,0.3675810843706131
ASIL,-0.01437379326671362,-2.728063225746155,0.3676458150148392
ASIL,-0.021083924919366837,-2.7536847591400146,0.5340516418218613
ASIL,0.031066914089024067,-2.6339117288589478,0.41290879994630814
ASIL,0.03458678815513849,-2.6339117288589478,0.41290880739688873
ASIL,0.03278659703209996,-2.632154107093811,0.4127443879842758
ASIL,0.0328671052120626,-2.6356693506240845,0.41307321935892105
ASIL,0.06703017093241215,-2.843361020088196,0.4948851764202118
ASIL,0.06893111579120159,-2.843361020088196,0.49298423528671265
ASIL,0.06703017093241215,-2.843361020088196,0.4910832941532135
ASIL,0.0651292260736227,-2.843361020088196,0.49298423528671265
ASIL,0.05753451492637396,-2.7651424407958984,0.47192320227622986
ASIL,0.05932744964957237,-2.7651424407958984,0.4701302647590637
ASIL,0.05753451492637396,-2.7651424407958984,0.468337319791317
ASIL,0.055741580203175545,-2.7651424407958984,0.4701302573084831
ASIL,0.049004518426954746,-2.7213656902313232,0.4621056318283081
ASIL,0.05079745315015316,-2.7213656902313232,0.46031270176172256
ASIL,0.049004518426954746,-2.7213656902313232,0.45851975679397583
ASIL,0.04721158370375633,-2.7213656902313232,0.46031268686056137
ASIL,0.037361723836511374,-2.683517575263977,0.4543895423412323
ASIL,0.039009387604892254,-2.6833781599998474,0.4527696594595909
ASIL,0.03738216543570161,-2.6831955313682556,0.4511656239628792
ASIL,0.03573450166732073,-2.6833349466323853,0.45278550684452057
ASIL,0.017041010782122612,-2.637437582015991,0.4753865450620651
ASIL,0.03581757843494415,-2.6374378204345703,0.4753865674138069
ASIL,0.026429294608533382,-2.631327509880066,0.48251431435346603
ASIL,0.026429294608533382,-2.644565463066101,0.48149676620960236
ASIL,0.02642929647117853,-2.6340957283973694,0.46486008912324905
ASIL,0.02642929647117853,-2.6265241503715515,0.4736926108598709
ASIL,0.03224613983184099,-2.6303099989891052,0.4692763537168503
ASIL,0.02061245311051607,-2.6303098797798157,0.4692763462662697
ASIL,0.02444666065275669,-2.6299368739128113,0.4655536040663719
ASIL,0.02841193601489067,-2.6299368739128113,0.4655536115169525
ASIL,0.02642929833382368,-2.62834632396698,0.4663981944322586
ASIL,0.02642929833382368,-2.6315274238586426,0.4647090211510658
ASIL,0.025719803757965565,-2.6302043199539185,0.45353925973176956
ASIL,0.029150620102882385,-2.6302043199539185,0.45353926718235016
ASIL,0.027394957840442657,-2.6284878253936768,0.4534462243318558
ASIL,0.027475466020405293,-2.63192081451416,0.45363230258226395
ASIL,0.02642929647117853,-2.647817552089691,0.471918947994709
ASIL,0.02642929647117853,-2.6392782330513,0.4645986557006836
ASIL,0.03205307386815548,-2.6435479521751404,0.4682588130235672
ASIL,0.020805519074201584,-2.643547832965851,0.4682587906718254
ASIL,0.024570027366280556,-2.644490122795105,0.4666610062122345
ASIL,0.028288569301366806,-2.6444901823997498,0.4666610136628151
ASIL,0.02642929833382368,-2.642914593219757,0.4657278135418892
ASIL,0.02642929833382368,-2.6460657119750977,0.4675942063331604
ASIL,0.02642929647117853,-2.6497349739074707,0.4625117927789688
ASIL,0.02642929647117853,-2.647386372089386,0.4604528397321701
ASIL,0.028123519383370876,-2.6485607028007507,0.46148231625556946
ASIL,0.024735073558986187,-2.648560643196106,0.46148231625556946
ASIL,0.02921250741928816,-2.6592036485671997,0.4554833918809891
ASIL,0.029232949018478394,-2.6582725644111633,0.4526497572660446
ASIL,0.0307282917201519,-2.6587597131729126,0.4540586471557617
ASIL,0.02771716471761465,-2.6587164998054504,0.454074501991272
ASIR,-0.07043539732694626,-2.658716082572937,0.4540746361017227
ASIR,-0.07344652712345123,-2.658759295940399,0.45405878871679306
ASIR,-0.07195118255913258,-2.65827214717865,0.45264989137649536
ASIR,-0.07193074189126492,-2.6592032313346863,0.4554835334420204
ASIR,-0.0674533098936081,-2.6485602855682373,0.4614824429154396
ASIR,-0.07084175571799278,-2.6485602855682373,0.4614824578166008
ASIR,-0.06914753280580044,-2.6473859548568726,0.46045296639204025
ASIR,-0.06914753280580044,-2.649734616279602,0.46251193434000015
ASIR,-0.06914753466844559,-2.6460654735565186,0.46759433299303055
ASIR,-0.06914753466844559,-2.6429141759872437,0.46572794020175934
ASIR,-0.07100680470466614,-2.644489824771881,0.46666114777326584
ASIR,-0.06728826463222504,-2.644489824771881,0.46666112542152405
ASIR,-0.06352375447750092,-2.643547534942627,0.46825891733169556
ASIR,-0.07477130740880966,-2.643547534942627,0.46825893968343735
ASIR,-0.06914753094315529,-2.6392778158187866,0.46459878981113434
ASIR,-0.06914753094315529,-2.6478172540664673,0.47191906720399857
ASIR,-0.0701937023550272,-2.6319204568862915,0.4536324366927147
ASIR,-0.07011319510638714,-2.6284873485565186,0.4534463509917259
ASIR,-0.07186885550618172,-2.630203902721405,0.4535393938422203
ASIR,-0.06843804195523262,-2.630203902721405,0.4535393938422203
ASIR,-0.06914753653109074,-2.631527066230774,0.464709147810936
ASIR,-0.06914753653109074,-2.6283458471298218,0.46639832109212875
ASIR,-0.07113017141819,-2.629936456680298,0.46555373817682266
ASIR,-0.06716490164399147,-2.629936456680298,0.46555373072624207
ASIR,-0.06333069130778313,-2.630309522151947,0.46927647292613983
ASIR,-0.07496437430381775,-2.630309522151947,0.469276487827301
ASIR,-0.06914753280580044,-2.626523733139038,0.47369273006916046
ASIR,-0.06914753280580044,-2.634095311164856,0.4648602306842804
ASIR,-0.06914752721786499,-2.6445651054382324,0.4814968854188919
ASIR,-0.06914752721786499,-2.6313271522521973,0.4825144335627556
ASIR,-0.07853581011295319,-2.637437343597412,0.47538669407367706
ASIR,-0.059759244322776794,-2.637437343597412,0.47538667172193527
ASIR,-0.07845273613929749,-2.683334529399872,0.4527856409549713
ASIR,-0.0801003985106945,-2.683195114135742,0.4511657655239105
ASIR,-0.08172762021422386,-2.683377742767334,0.45276979357004166
ASIR,-0.08007995784282684,-2.6835171580314636,0.45438966900110245
ASIR,-0.08992982283234596,-2.721365213394165,0.4603128209710121
ASIR,-0.09172275476157665,-2.721365213394165,0.4585198909044266
ASIR,-0.09351568669080734,-2.721365213394165,0.4603128209710121
ASIR,-0.09172275476157665,-2.721365213394165,0.46210575103759766
ASIR,-0.09845981374382973,-2.7651419043540955,0.47013038396835327
ASIR,-0.10025274939835072,-2.7651418447494507,0.46833744645118713
ASIR,-0.1020456850528717,-2.7651419043540955,0.47013038396835327
ASIR,-0.10025274939835072,-2.7651419639587402,0.4719233214855194
ASIR,-0.10784745961427689,-2.843360483646393,0.4929843544960022
ASIR,-0.10974840819835663,-2.843360424041748,0.49108341336250305
ASIR,-0.11164935678243637,-2.843360483646393,0.4929843544960022
ASIR,-0.10974840819835663,-2.8433605432510376,0.49488529562950134
ASIR,-0.07558533921837807,-2.6356688737869263,0.4130733609199524
ASIR,-0.075504831969738,-2.632153630256653,0.41274450719356537
ASIR,-0.07730502262711525,-2.6339112520217896,0.4129089415073395
ASIR,-0.07378514856100082,-2.6339112520217896,0.4129089266061783
ASIR,-0.021634314209222794,-2.7536845803260803,0.534051775932312
ASIR,-0.028344448655843735,-2.7280631065368652,0.3676459416747093
ASIR,-0.028433035127818584,-2.730985462665558,0.36758121848106384
ASIR,-0.029562958516180515,-2.7294927835464478,0.3670906499028206
ASIR,-0.027214525267481804,-2.7295557856559753,0.3681365102529526
ASIR,-0.04964477755129337,-3.4946086406707764,0.590263843536377
ASIR,-0.047635819762945175,-3.49036306142807,0.5898715257644653
ASIR,-0.04964477755129337,-3.4905478954315186,0.5878710895776749
ASIR,-0.05165373533964157,-3.49036306142807,0.5898715406656265
ASIR,-0.04964477755129337,-3.4901782274246216,0.591871976852417
ASIR,-0.05272366292774677,-3.456896662712097,0.5895328521728516
ASIR,-0.05473261885344982,-3.4570815563201904,0.5875324457883835
ASIR,-0.05272366292774677,-3.4572664499282837,0.5855320245027542
ASIR,-0.050714707002043724,-3.4570815563201904,0.5875324308872223
ASIR,-0.058539703488349915,-3.399830162525177,0.5818022936582565
ASIR,-0.06054865848273039,-3.4000149965286255,0.5798018872737885
ASIR,-0.06255761347711086,-3.399830162525177,0.5818022936582565
ASIR,-0.06054865848273039,-3.3996453285217285,0.5838027000427246
ASIR,-0.06931070797145367,-3.345452666282654,0.5772201716899872
ASIR,-0.07131966575980186,-3.3456375002861023,0.5752197504043579
ASIR,-0.06931070797145367,-3.345822334289551,0.5732193291187286
ASIR,-0.06730175018310547,-3.3456375002861023,0.5752197504043579
ASIR,-0.08097419515252113,-3.260516345500946,0.5663463771343231
ASIR,-0.08298315480351448,-3.2607011795043945,0.5643459558486938
ASIR,-0.08499211445450783,-3.260516345500946,0.5663463920354843
ASIR,-0.08298315480351448,-3.2603315114974976,0.5683468133211136
ASIR,-0.09851753897964954,-3.1234681606292725,0.5524804443120956
ASIR,-0.10052649676799774,-3.1235605478286743,0.5504757463932037
ASIR,-0.09851753897964954,-3.123652935028076,0.5484710335731506
ASIR,-0.09650858119130135,-3.1235605478286743,0.5504757314920425
ASIR,-0.1092439815402031,-3.0216774940490723,0.5366207510232925
ASIR,-0.111252935603261,-3.0216774940490723,0.5346117913722992
ASIR,-0.1132618896663189,-3.0216774940490723,0.5366207659244537
ASIR,-0.111252935603261,-3.0216774940490723,0.5386297255754471
ASIR,-0.11736103892326355,-2.9150360822677612,0.5157683193683624
ASIR,-0.1193699985742569,-2.915036141872406,0.5137593746185303
ASIR,-0.12137895822525024,-2.915036141872406,0.5157683193683624
ASIR,-0.1193699985742569,-2.9150360822677612,0.5177772641181946
ASIR,-0.12174913287162781,-2.948763847351074,0.5260342955589294
ASIR,-0.12375809252262115,-2.948763906955719,0.5240253359079361
ASIR,-0.12174913287162781,-2.948763906955719,0.5220163911581039
ASIR,-0.11974017322063446,-2.948763847351074,0.5240253508090973
ASIR,-0.11992979422211647,-2.981652021408081,0.5320521146059036
ASIR,-0.12193875014781952,-2.981652021408081,0.5300431549549103
ASIR,-0.11992979422211647,-2.981652021408081,0.5280341953039169
ASIR,-0.11792083829641342,-2.981652021408081,0.5300431549549103
ASIR,-0.04037774447351694,-2.7297366857528687,0.37842561304569244
ASIR,-0.04025581385940313,-2.7325592041015625,0.37824206054210663
ASIR,-0.04100388381630182,-2.7310734391212463,0.37713523209095
ASIR,-0.03962967451661825,-2.731222450733185,0.37953244149684906
ASIR,-0.059825846925377846,-2.7328813672065735,0.3910377025604248
ASIR,-0.06097007356584072,-2.7327317595481873,0.388466514647007
ASIR,-0.06024436745792627,-2.7342106699943542,0.3896033763885498
ASIR,-0.060551553033292294,-2.7314024567604065,0.389900840818882
ASIR,-0.07973620854318142,-2.734540581703186,0.41159887611866
ASIR,-0.07944055832922459,-2.7373557686805725,0.4114590585231781
ASIR,-0.0805420707911253,-2.7359856367111206,0.41052766889333725
ASIR,-0.07863469608128071,-2.735910713672638,0.4125302657485008
ASIR,-0.08870655298233032,-2.739786386489868,0.44016580283641815
ASIR,-0.09128906764090061,-2.74008572101593,0.4393184259533882
ASIR,-0.08984125405550003,-2.7413471341133118,0.43972623348236084
ASIR,-0.0901543665677309,-2.7385249733924866,0.4397579953074455
ASIR,-0.08996200188994408,-2.7429109811782837,0.47009648382663727
ASIR,-0.089702308177948,-2.745733141899109,0.4699130281805992
ASIR,-0.09117859043180943,-2.7444716691970825,0.4702734127640724
ASIR,-0.08848571963608265,-2.74417245388031,0.46973609924316406
ASIR,-0.07828419841825962,-2.748132348060608,0.49720587581396103
ASIR,-0.08057151176035404,-2.7484437227249146,0.4989492669701576
ASIR,-0.07934781908988953,-2.7497562170028687,0.497931569814682
ASIR,-0.07950789108872414,-2.746819853782654,0.49822357296943665
ASIR,-0.060244232416152954,-2.7499623894691467,0.5197226405143738
ASIR,-0.06019179802387953,-2.7530128955841064,0.5193769782781601
ASIR,-0.0610309699550271,-2.7516493797302246,0.5208218991756439
ASIR,-0.05940506048500538,-2.7513259053230286,0.51827771961689
ASIR,-0.0348480399698019,-2.753169536590576,0.529607966542244
ASIR,-0.03546803165227175,-2.7535139322280884,0.5325794368982315
ASIR,-0.03515803534537554,-2.754892408847809,0.5309139490127563
ASIR,-0.03515803627669811,-2.7517910599708557,0.5312734544277191
ASIR,-0.026577528566122055,-2.7204811573028564,0.33237818628549576
ASIR,-0.023393998853862286,-2.7203725576400757,0.3322525694966316
ASIR,-0.02500587236136198,-2.7219011783599854,0.33176592737436295
ASIR,-0.02496565505862236,-2.7189525365829468,0.33286482840776443
ASIR,-0.026577115058898926,-2.701189637184143,0.29009072482585907
ASIR,-0.022974283434450626,-2.7009732127189636,0.2898438647389412
ASIR,-0.024777990765869617,-2.702420175075531,0.28876107186079025
ASIR,-0.024773407727479935,-2.6997426748275757,0.29117351770401
ASIR,-0.02991812489926815,-2.6836495995521545,0.2700355425477028
ASIR,-0.02740681078284979,-2.681866705417633,0.26992084830999374
ASIR,-0.028671491891145706,-2.683371603488922,0.26841185986995697
ASIR,-0.028653443790972233,-2.6821447014808655,0.27154453098773956
ASIR,-0.05569497495889664,-2.6678361892700195,0.2816711738705635
ASIR,-0.054934222251176834,-2.664365231990814,0.28160592168569565
ASIR,-0.05603276286274195,-2.6660977602005005,0.2801741734147072
ASIR,-0.054596434347331524,-2.6661036610603333,0.28310292214155197
ASIR,-0.07903081178665161,-2.6568028926849365,0.30299661308526993
ASIR,-0.07897995598614216,-2.653188705444336,0.30284998565912247
ASIR,-0.08062013424932957,-2.6549957990646362,0.302363358438015
ASIR,-0.0773906335234642,-2.6549957990646362,0.3034832403063774
ASIR,-0.07993080839514732,-2.6471437215805054,0.34418049454689026
ASIR,-0.07993080839514732,-2.6435346603393555,0.34393999725580215
ASIR,-0.08173973858356476,-2.6453391909599304,0.3440602645277977
ASIR,-0.07812187820672989,-2.6453391909599304,0.3440602272748947
AVM,-0.20405199751257896,-0.5567023456096649,-0.4099309369921684
AVM,-0.18578486144542694,-0.5567023903131485,-0.42819805443286896
AVM,-0.20405200123786926,-0.574969470500946,-0.42819806188344955
AVM,-0.2223191298544407,-0.5567022860050201,-0.42819807678461075
AVM,-0.20405199006199837,-0.5384352058172226,-0.42819806933403015
AVM,-0.2148594930768013,-0.5567022860050201,-0.4464651942253113
AVM,-0.20405199006199837,-0.5458947867155075,-0.4464652091264725
AVM,-0.19324448704719543,-0.5567023307085037,-0.4464651942253113
AVM,-0.20405199006199837,-0.5675098299980164,-0.4464651793241501
AVM,-0.20405199006199837,-0.5599265992641449,-0.45220282673835754
AVM,-0.2008277326822281,-0.5567023456096649,-0.45220283418893814
AVM,-0.20405199006199837,-0.5534780919551849,-0.45220284163951874
AVM,-0.20727624744176865,-0.5567023456096649,-0.45220283418893814
AVM,-0.20703644305467606,-0.5537410229444504,-0.49184466153383255
AVM,-0.20405199378728867,-0.5506404340267181,-0.4912557750940323
AVM,-0.20106754451990128,-0.5537410080432892,-0.4906669035553932
AVM,-0.20405199378728867,-0.5568415969610214,-0.4912557899951935
AVM,-0.18530535697937012,-0.5512892007827759,-0.5603332668542862
AVM,-0.1832328662276268,-0.5481885224580765,-0.558331623673439
AVM,-0.18530535697937012,-0.5450878888368607,-0.5603332966566086
AVM,-0.18737784773111343,-0.5481885671615601,-0.5623349398374557
AVM,-0.13427039980888367,-0.5433763861656189,-0.6250710189342499
AVM,-0.13312816619873047,-0.5402757376432419,-0.6221921145915985
AVM,-0.13198593258857727,-0.5433764159679413,-0.6193131506443024
AVM,-0.13312816619873047,-0.5464770644903183,-0.6221920549869537
AVM,-0.07979239523410797,-0.5535267442464828,-0.6584874093532562
AVM,-0.07822823151946068,-0.5508412718772888,-0.6554739773273468
AVM,-0.07782115787267685,-0.548032745718956,-0.6584874540567398
AVM,-0.07938532158732414,-0.55071821808815,-0.6615008860826492
AVM,-0.01556900143623352,-3.0405739545822144,0.39284197986125946
AVM,-0.01556900143623352,-3.0393688678741455,0.39600132405757904
AVM,-0.013850763440132141,-3.03997141122818,0.39442165195941925
AVM,-0.0172872394323349,-3.03997141122818,0.39442165195941925
AVM,-0.017376035451889038,-2.817771792411804,0.30614059418439865
AVM,-0.01393955945968628,-2.817771852016449,0.30614060908555984
AVM,-0.01565779745578766,-2.8169456720352173,0.3076532185077667
AVM,-0.01565779745578766,-2.818597972393036,0.3046279847621918
AVM,-0.016325220465660095,-2.45626300573349,0.15974092856049538
AVM,-0.012943804264068604,-2.45626300573349,0.15974092856049538
AVM,-0.01463451236486435,-2.4560071229934692,0.1614113226532936
AVM,-0.01463451236486435,-2.4565188884735107,0.15807053446769714
AVM,-0.01463451236486435,-2.2918514013290405,0.04503154382109642
AVM,-0.01463451236486435,-2.2912356853485107,0.048356397077441216
AVM,-0.012943804264068604,-2.2915435433387756,0.04669397044926882
AVM,-0.016325220465660095,-2.2915435433387756,0.04669397044926882
AVM,-0.016325220465660095,-2.1257933378219604,-0.06824913900345564
AVM,-0.012943804264068604,-2.1257933378219604,-0.06824913900345564
AVM,-0.01463451236486435,-2.125485420227051,-0.06658671982586384
AVM,-0.01463451236486435,-2.12610125541687,-0.06991155818104744
AVM,-0.01463451236486435,-1.8893601298332214,-0.23169710487127304
AVM,-0.01463451236486435,-1.888744294643402,-0.2283722534775734
AVM,-0.012943804264068604,-1.8890522122383118,-0.23003467917442322
AVM,-0.016325220465660095,-1.8890522122383118,-0.23003467917442322
AVM,-0.016325220465660095,-1.6522181630134583,-0.3883688449859619
AVM,-0.012943804264068604,-1.6522181630134583,-0.3883688449859619
AVM,-0.01463451236486435,-1.6519102454185486,-0.3867064118385315
AVM,-0.01463451236486435,-1.652526080608368,-0.39003127813339233
AVM,-0.01463451236486435,-1.4917338490486145,-0.47188910841941833
AVM,-0.01463451236486435,-1.49111807346344,-0.4685642421245575
AVM,-0.012943804264068604,-1.4914259612560272,-0.4702266752719879
AVM,-0.016325220465660095,-1.4914259612560272,-0.4702266752719879
AVM,-0.016325220465660095,-1.2697429060935974,-0.5708702057600021
AVM,-0.012943804264068604,-1.2697429060935974,-0.5708702057600021
AVM,-0.01463451236486435,-1.2694349884986877,-0.5692077577114105
AVM,-0.01463451236486435,-1.270050823688507,-0.5725326538085938
AVM,-0.01463451236486435,-1.1044244766235352,-0.6227508783340454
AVM,-0.01463451236486435,-1.1040085554122925,-0.6194011867046356
AVM,-0.012943804264068604,-1.1042165160179138,-0.6210760325193405
AVM,-0.016325220465660095,-1.1042165160179138,-0.6210760325193405
AVM,-0.016325220465660095,-0.932502955198288,-0.6534330397844315
AVM,-0.012943804264068604,-0.932502955198288,-0.6534330397844315
AVM,-0.01463451236486435,-0.932394951581955,-0.6517457962036133
AVM,-0.01463451236486435,-0.932610958814621,-0.6551202833652496
AVM,-0.01494976133108139,-0.7517378479242325,-0.669126957654953
AVM,-0.014860272407531738,-0.7515402734279633,-0.6651759594678879
AVM,-0.012924477458000183,-0.7516639530658722,-0.6671077758073807
AVM,-0.016885556280612946,-0.7516141682863235,-0.6671951413154602
AVM,-0.03879088535904884,-0.5809428691864014,-0.6686861664056778
AVM,-0.03655066341161728,-0.5797877609729767,-0.6659633666276932
AVM,-0.034471429884433746,-0.5783631503582001,-0.668686181306839
AVM,-0.03671165183186531,-0.5795182585716248,-0.6714089810848236
AVM,-0.017570242285728455,-0.6304234564304352,-0.6681673526763916
AVM,-0.015210382640361786,-0.6303836703300476,-0.6658162921667099
AVM,-0.012951653450727463,-0.6302868872880936,-0.6680799871683121
AVM,-0.015311513096094131,-0.6303266733884811,-0.6704310476779938
AVM,-0.0172872394323349,-3.1618810296058655,0.4396941661834717
AVM,-0.01385076716542244,-3.1618810296058655,0.4396941661834717
AVM,-0.015569005161523819,-3.161278486251831,0.44127383828163147
AVM,-0.01556900143623352,-3.1624835729599,0.4381144940853119
AVM,-0.015569005161523819,-3.1731748580932617,0.444002166390419
AVM,-0.015671495348215103,-2.704704225063324,0.2559005320072174
AVM,-0.01511545479297638,-2.590734601020813,0.21320610493421555
AVM,-0.01511545479297638,-2.5898056030273438,0.21641166508197784
AVM,-0.013953670859336853,-2.703816831111908,0.2573869302868843
AVM,-0.013411395251750946,-2.5902701020240784,0.2148088850080967
AVM,-0.017389319837093353,-2.703816771507263,0.2573869153857231
AVM,-0.016819514334201813,-2.5902701020240784,0.2148088850080967
AVM,-0.015607327222824097,-2.7000585794448853,0.25867609679698944
AVM,-0.017139557749032974,-2.7017109394073486,0.26012150198221207
AVM,-0.014203455299139023,-2.7017109394073486,0.26012150198221207
AVM,-0.0157356858253479,-2.703363299369812,0.2615669071674347
AVM,-0.01572480797767639,-2.6941192150115967,0.26363518834114075
AVM,-0.01445326954126358,-2.693496823310852,0.2619643211364746
AVM,-0.016889825463294983,-2.693496823310852,0.2619643062353134
AVM,-0.015618287026882172,-2.6928744316101074,0.2602934390306473
AVM,-0.01561833918094635,-2.677245855331421,0.2650281637907028
AVM,-0.016889873892068863,-2.678120791912079,0.2664184868335724
AVM,-0.014453321695327759,-2.678120791912079,0.2664185017347336
AVM,-0.01572485640645027,-2.678995728492737,0.26780882477760315
AVM,-0.01572490483522415,-2.669041633605957,0.28825685381889343
AVM,-0.014453373849391937,-2.66731595993042,0.28773775696754456
AVM,-0.016889922320842743,-2.66731595993042,0.28773775696754456
AVM,-0.015618391335010529,-2.665590286254883,0.2872186601161957
AVM,-0.015618465840816498,-2.6621607542037964,0.32938052713871
AVM,-0.016889996826648712,-2.663982391357422,0.32919837534427643
AVM,-0.014453448355197906,-2.663982391357422,0.32919837534427643
AVM,-0.01572497934103012,-2.6658040285110474,0.32901622354984283
AVM,-0.015725035220384598,-2.666284680366516,0.3567568212747574
AVM,-0.014453504234552383,-2.6647356748580933,0.35764919966459274
AVM,-0.016890056431293488,-2.6647356748580933,0.35764919966459274
AVM,-0.015618525445461273,-2.6631866693496704,0.3585415780544281
AVM,-0.015618544071912766,-2.6694979667663574,0.36561837792396545
AVM,-0.01689007878303528,-2.6704912781715393,0.36409880965948105
AVM,-0.014453519135713577,-2.6704912781715393,0.36409883946180344
AVM,-0.01572505384683609,-2.671484589576721,0.36257927119731903
AVM,-0.015725061297416687,-2.6788649559020996,0.364967405796051
AVM,-0.014453522861003876,-2.6783685088157654,0.3667426258325577
AVM,-0.016890086233615875,-2.6783685088157654,0.3667425960302353
AVM,-0.015618547797203064,-2.677872061729431,0.36851781606674194
AVM,-0.015618547797203064,-2.683529853820801,0.36991065740585327
AVM,-0.015725061297416687,-2.684152603149414,0.36625680327415466
AVM,-0.015671804547309875,-2.685529947280884,0.3687807768583298
AVM,-0.012961529195308685,-2.68473082780838,0.36640074849128723
AVM,-0.013061434030532837,-2.685960829257965,0.3686806187033653
AVM,-0.012800924479961395,-2.6841886043548584,0.36970122158527374
AVM,-0.012701019644737244,-2.6829586029052734,0.36742135137319565
AVM,-0.0017267577350139618,-2.6851866841316223,0.3703126013278961
AVM,-0.001979529857635498,-2.6862693428993225,0.3723483681678772
AVM,-0.0024475865066051483,-2.6878137588500977,0.37143704295158386
AVM,-0.002194814383983612,-2.6867311000823975,0.3694012761116028
AVM,0.0172211155295372,-2.6927064657211304,0.378882959485054
AVM,0.01671731472015381,-2.693655848503113,0.3809187263250351
AVM,0.01753643900156021,-2.692328095436096,0.381830058991909
AVM,0.018040239810943604,-2.6913787126541138,0.37979429215192795
AVM,0.029721833765506744,-2.6966410875320435,0.38716666400432587
AVM,0.028967004269361496,-2.697457253932953,0.38920243084430695
AVM,0.027796819806098938,-2.698568344116211,0.388291098177433
AVM,0.028551649302244186,-2.6977521777153015,0.38625533133745193
AVM,0.029895685613155365,-2.6980971097946167,0.3884761482477188
AVM,-0.01815013587474823,-2.6857978105545044,0.36872682720422745
AVM,-0.018400661647319794,-2.684642970561981,0.366518072783947
AVM,-0.018403060734272003,-2.6841013431549072,0.3697155937552452
AVM,-0.018653586506843567,-2.682946503162384,0.36750683933496475
AVM,-0.03424809128046036,-2.685296893119812,0.37028585374355316
AVM,-0.033714354038238525,-2.686176896095276,0.37217937409877777
AVM,-0.033558815717697144,-2.686622142791748,0.36943820118904114
AVM,-0.03302507847547531,-2.687502145767212,0.37133172154426575
AVM,-0.056005969643592834,-2.693113088607788,0.3801513686776161
AVM,-0.05662594363093376,-2.692285418510437,0.3782578334212303
AVM,-0.056825123727321625,-2.6918553709983826,0.38099904358386993
AVM,-0.05744509771466255,-2.6910277009010315,0.37910550832748413
AVM,-0.06825631484389305,-2.695689022541046,0.38627009838819504
AVM,-0.06763634085655212,-2.696516692638397,0.3881636708974838
AVM,-0.06743716076016426,-2.6969467401504517,0.38542240113019943
AVM,-0.06681718677282333,-2.6977744102478027,0.3873159736394882
AVM,-0.06898196786642075,-2.697218596935272,0.3877968341112137
CANL,0.07361941039562225,4.0324695110321045,0.06713163107633591
CANL,0.07755130529403687,4.026583790779114,0.0656014010310173
CANL,0.06968751549720764,4.026583790779114,0.0656014010310173
CANL,0.07361941039562225,4.025594711303711,0.06940703839063644
CANL,0.07361941039562225,4.027572870254517,0.06179576367139816
CANL,0.11908765137195587,3.7604838609695435,-0.0023339465260505676
CANL,0.11908765137195587,3.758505702018738,0.005277447402477264
CANL,0.11515575647354126,3.7594947814941406,0.0014717504382133484
CANL,0.12301954627037048,3.7594947814941406,0.0014717504382133484
CANL,0.1684877872467041,3.4894498586654663,-0.06342638283967972
CANL,0.16062399744987488,3.4894498586654663,-0.06342638283967972
CANL,0.1645558923482895,3.4884605407714844,-0.059620924293994904
CANL,0.1645558923482895,3.4904391765594482,-0.06723184138536453
CANL,0.16940058022737503,3.2725380659103394,-0.06804866343736649
CANL,0.16940058022737503,3.2717865705490112,-0.06031859666109085
CANL,0.16546868532896042,3.2721623182296753,-0.06418363004922867
CANL,0.17333247512578964,3.2721623182296753,-0.06418363004922867
CANL,0.17817716300487518,3.0575647354125977,-0.062439657747745514
CANL,0.17031337320804596,3.0575647354125977,-0.062439657747745514
CANL,0.17424526810646057,3.0579683780670166,-0.05853200703859329
CANL,0.17424526810646057,3.0571610927581787,-0.06634730845689774
CANL,0.1920091137290001,2.8788270950317383,-0.04314339812844992
CANL,0.1920091137290001,2.8801896572113037,-0.03540194686502218
CANL,0.18807722628116608,2.879508376121521,-0.03927267249673605
CANL,0.1959410011768341,2.879508376121521,-0.03927267249673605
CANL,0.21370483934879303,2.701300024986267,-0.015009736642241478
CANL,0.2058410793542862,2.701300024986267,-0.015009736642241478
CANL,0.2097729593515396,2.7020931243896484,-0.011158740147948265
CANL,0.2097729593515396,2.7005069255828857,-0.01886073313653469
CANL,0.23179856687784195,2.215312421321869,0.11639064271003008
CANL,0.23179856687784195,2.2168986201286316,0.12409281451255083
CANL,0.22786668688058853,2.2161055207252502,0.12024172861129045
CANL,0.23573044687509537,2.2161055207252502,0.12024172861129045
CANL,0.2577560544013977,1.730609267950058,0.2555553913116455
CANL,0.24989229440689087,1.730609267950058,0.2555553913116455
CANL,0.2538241744041443,1.7314026355743408,0.2594064921140671
CANL,0.2538241744041443,1.7298159003257751,0.25170429050922394
CANL,0.2538241744041443,1.5345513820648193,0.26526299118995667
CANL,0.2538241744041443,1.5358283519744873,0.2730162888765335
CANL,0.24989229440689087,1.5351898670196533,0.2691396400332451
CANL,0.2577560544013977,1.5351898670196533,0.2691396400332451
CANL,0.2577560544013977,1.3418589234352112,0.2812887355685234
CANL,0.24989229440689087,1.3418589234352112,0.2812887355685234
CANL,0.2538241744041443,1.3420683145523071,0.2852054536342621
CANL,0.2538241744041443,1.3416495323181152,0.27737201750278473
CANL,0.2538241744041443,1.1355156004428864,0.25845571607351303
CANL,0.2538241744041443,1.1351896822452545,0.2663101926445961
CANL,0.24989229440689087,1.1353526413440704,0.26238295435905457
CANL,0.2577560544013977,1.1353526413440704,0.26238295435905457
CANL,0.2577560544013977,0.9296704828739166,0.24277110397815704
CANL,0.24989229440689087,0.9296704828739166,0.24277110397815704
CANL,0.2538241744041443,0.9291332960128784,0.24665618687868118
CANL,0.2538241744041443,0.9302076697349548,0.2388860210776329
CANL,0.2538241595029831,0.7334858477115631,0.141056003049016
CANL,0.2538241595029831,0.7310003340244293,0.1484613437205553
CANL,0.24989226460456848,0.7322430908679962,0.14475867338478565
CANL,0.2577560544013977,0.7322430908679962,0.14475867338478565
CANL,0.25859859585762024,0.5173412635922432,0.036005483008921146
CANL,0.24904970824718475,0.5173412635922432,0.036005483008921146
CANL,0.2538241520524025,0.5153104364871979,0.040326472371816635
CANL,0.2538241520524025,0.5193720906972885,0.03168449364602566
CANL,0.2538241595029831,0.5013506263494492,0.013469940051436424
CANL,0.2538241595029831,0.4909971207380295,0.035498471930623055
CANL,0.24165400862693787,0.4961738735437393,0.02448420599102974
CANL,0.2659943103790283,0.4961738735437393,0.02448420599102974
CANL,0.14641450345516205,-2.7953888177871704,0.4691334366798401
CANL,0.15034639835357666,-2.792327105998993,0.4681854546070099
CANL,0.14248260855674744,-2.792327105998993,0.4681854546070099
CANL,0.14641450345516205,-2.79116427898407,0.47194135189056396
CANL,0.14641450345516205,-2.793489933013916,0.4644295573234558
CANL,0.16339951008558273,-2.6388379335403442,0.41307365894317627
CANL,0.16339951008558273,-2.636512279510498,0.4205856919288635
CANL,0.15946760773658752,-2.637675106525421,0.4168296754360199
CANL,0.16733141243457794,-2.637675106525421,0.4168296754360199
CANL,0.18431642651557922,-2.483279049396515,0.3655532896518707
CANL,0.1764526069164276,-2.483279049396515,0.3655532896518707
CANL,0.18038451671600342,-2.4821161031723022,0.36930930614471436
CANL,0.18038451671600342,-2.4844419956207275,0.3617972731590271
CANL,0.20609153807163239,-2.3131521940231323,0.2816318869590759
CANL,0.20609153807163239,-2.3103151321411133,0.28894561529159546
CANL,0.20215962827205658,-2.311733663082123,0.2852887511253357
CANL,0.2100234478712082,-2.311733663082123,0.2852887511253357
CANL,0.23573046922683716,-2.1393978595733643,0.20361509919166565
CANL,0.22786664962768555,-2.1393978595733643,0.20361509919166565
CANL,0.23179855942726135,-2.137723922729492,0.20717281103134155
CANL,0.23179855942726135,-2.1410717964172363,0.20005738735198975
CANL,0.24281135573983192,-1.99565589427948,0.09528770763427019
CANL,0.24281135573983192,-1.9922823905944824,0.1023910315707326
CANL,0.23887944966554642,-1.9939691424369812,0.09883936960250139
CANL,0.24674326181411743,-1.9939691424369812,0.09883936960250139
CANL,0.2577560544013977,-1.8463684916496277,-0.008029600605368614
CANL,0.2498922497034073,-1.8463684916496277,-0.008029600605368614
CANL,0.2538241520524025,-1.8446687459945679,-0.004484033212065697
CANL,0.2538241520524025,-1.8480682373046875,-0.011575167998671532
CANL,0.2538241520524025,-1.6785097122192383,-0.1127477316185832
CANL,0.2538241632282734,-1.6751100420951843,-0.1056565074250102
CANL,0.24989226087927818,-1.6768098771572113,-0.1092021195217967
CANL,0.2577560544013977,-1.6768098771572113,-0.1092021195217967
CANL,0.2577560544013977,-1.5072508752346039,-0.20876915752887726
CANL,0.24989227205514908,-1.5072508752346039,-0.20876915752887726
CANL,0.2538241744041443,-1.505551040172577,-0.20522356033325195
CANL,0.2538241520524025,-1.5089507102966309,-0.21231475472450256
CANL,0.2538241632282734,-1.33168625831604,-0.2970643788576126
CANL,0.2538241744041443,-1.3282867074012756,-0.28997325897216797
CANL,0.24989228323101997,-1.3299864828586578,-0.2935188189148903
CANL,0.2577560544013977,-1.3299864828586578,-0.2935188189148903
CANL,0.2577560544013977,-1.1546813547611237,-0.3764236718416214
CANL,0.24989229440689087,-1.1546813547611237,-0.3764236718416214
CANL,0.2538241744041443,-1.1529815793037415,-0.3728780597448349
CANL,0.2538241744041443,-1.1563811302185059,-0.3799692839384079
CANL,0.2538241744041443,-0.9949935078620911,-0.41126517951488495
CANL,0.2538241744041443,-0.9925901889801025,-0.4038509577512741
CANL,0.24989229440689087,-0.9937918484210968,-0.40755806863307953
CANL,0.2577560544013977,-0.9937918484210968,-0.40755806863307953
CANL,0.2577560544013977,-0.8310904055833817,-0.43879400193691254
CANL,0.24989229440689087,-0.8310904055833817,-0.43879400193691254
CANL,0.2538241744041443,-0.8303868472576141,-0.43492546677589417
CANL,0.2538241744041443,-0.8317939639091492,-0.4426625370979309
CANL,0.2538241744041443,-0.6630076020956039,-0.4385445863008499
CANL,0.2538241744041443,-0.6621584445238113,-0.4307469576597214
CANL,0.24989229440689087,-0.6625830233097076,-0.43464577198028564
CANL,0.2577560544013977,-0.6625830233097076,-0.43464577198028564
CANL,0.2577560544013977,-0.49385901540517807,-0.4296916350722313
CANL,0.24989229440689087,-0.49385901540517807,-0.4296916350722313
CANL,0.2538241744041443,-0.49371345341205597,-0.42576247453689575
CANL,0.2538241744041443,-0.49400457739830017,-0.43362079560756683
CANL,0.2538241744041443,-0.030205518007278442,-0.22292741015553474
CANL,0.2538241744041443,-0.03173248469829559,-0.215439883293584
CANL,0.24989229440689087,-0.030969001352787018,-0.21918364672455937
CANL,0.2577560544013977,-0.030969001352787018,-0.21918364672455937
CANL,0.25859860330820084,0.4441836476325989,4.804832860827446e-05
CANL,0.24904973804950714,0.4441836476325989,4.804832860827446e-05
CANL,0.2538241744041443,0.442152738571167,0.004369003931060433
CANL,0.2538241669535637,0.44621455669403076,-0.0042729072738438845
CANL,0.2538241595029831,0.4674607962369919,-0.0024588305968791246
CANL,0.2538241744041443,0.45710720121860504,0.019569790456444025
CANL,0.24165401607751846,0.46228399872779846,0.00855547992978245
CANL,0.2659943178296089,0.46228399872779846,0.00855547992978245
CANL,0.27254748344421387,0.47922883182764053,0.01651987200602889
CANL,0.23510084301233292,0.47922883182764053,0.01651987200602889
CANL,0.2538241669535637,0.4712645560503006,0.033464896492660046
CANL,0.2538241595029831,0.48719310760498047,-0.0004251524806022644
CANR,-0.27242064476013184,0.48719339072704315,-0.00042509217746555805
CANR,-0.27242064476013184,0.47126467525959015,0.03346482617780566
CANR,-0.25369733572006226,0.47922903299331665,0.01651986548677087
CANR,-0.2911439538002014,0.47922903299331665,0.016519868513569236
CANR,-0.28459079563617706,0.46228407323360443,0.008555522537790239
CANR,-0.2602504938840866,0.46228407323360443,0.008555519976653159
CANR,-0.27242064476013184,0.4571072459220886,0.019569745054468513
CANR,-0.27242064476013184,0.46746090054512024,-0.002458702540025115
CANR,-0.27242064476013184,0.44621460139751434,-0.004272862337529659
CANR,-0.27242065221071243,0.4421527832746506,0.004369065631181002
CANR,-0.2676462084054947,0.44418369233608246,4.8100948333740234e-05
CANR,-0.2771950885653496,0.44418369233608246,4.810234531760216e-05
CANR,-0.27635253220796585,-0.030968844890594482,-0.21918364765588194
CANR,-0.2684887647628784,-0.030968844890594482,-0.21918364812154323
CANR,-0.27242065221071243,-0.031732335686683655,-0.21543982881121337
CANR,-0.27242064476013184,-0.03020535409450531,-0.2229274669662118
CANR,-0.27242064476013184,-0.49400442838668823,-0.4336208999156952
CANR,-0.27242064476013184,-0.4937133342027664,-0.42576250433921814
CANR,-0.2684887647628784,-0.4938588812947273,-0.42969170212745667
CANR,-0.27635252475738525,-0.4938588812947273,-0.42969170212745667
CANR,-0.2609381303191185,-0.6625829190015793,-0.4346458241343498
CANR,-0.25307435914874077,-0.6625829190015793,-0.4346458241343498
CANR,-0.2570062465965748,-0.6621583849191666,-0.43074697256088257
CANR,-0.2570062428712845,-0.663007453083992,-0.4385446757078171
CANR,-0.24159184098243713,-0.8317937552928925,-0.4426625221967697
CANR,-0.24159184843301773,-0.8303866982460022,-0.43492549657821655
CANR,-0.23765995353460312,-0.8310902267694473,-0.43879400938749313
CANR,-0.24552373588085175,-0.8310902267694473,-0.43879400938749313
CANR,-0.24552373588085175,-0.9937916249036789,-0.4075580909848213
CANR,-0.23765995353460312,-0.9937916249036789,-0.4075580909848213
CANR,-0.24159184843301773,-0.9925899505615234,-0.4038510173559189
CANR,-0.24159184098243713,-0.9949932992458344,-0.41126516461372375
CANR,-0.24159184098243713,-1.1563808917999268,-0.37996935844421387
CANR,-0.24159184843301773,-1.1529812812805176,-0.3728781044483185
CANR,-0.23765995353460312,-1.1546810865402222,-0.3764237314462662
CANR,-0.24552373588085175,-1.1546810865402222,-0.3764237314462662
CANR,-0.24552373588085175,-1.3299862146377563,-0.29351887851953506
CANR,-0.23765994980931282,-1.3299862146377563,-0.29351887851953506
CANR,-0.24159184470772743,-1.3282864093780518,-0.28997327387332916
CANR,-0.24159184098243713,-1.331686019897461,-0.29706448316574097
CANR,-0.24159184098243713,-1.5089503526687622,-0.21231484413146973
CANR,-0.24159184098243713,-1.505550742149353,-0.20522361993789673
CANR,-0.23765994608402252,-1.5072505474090576,-0.20876923203468323
CANR,-0.24552373588085175,-1.5072505474090576,-0.20876923203468323
CANR,-0.24552373215556145,-1.676809549331665,-0.10920217633247375
CANR,-0.23765994608402252,-1.676809549331665,-0.10920217633247375
CANR,-0.24159184098243713,-1.6751097440719604,-0.10565656423568726
CANR,-0.24159183725714684,-1.6785093545913696,-0.11274778842926025
CANR,-0.24159183353185654,-1.848068118095398,-0.011575162410736084
CANR,-0.24159184098243713,-1.8446685075759888,-0.004483938217163086
CANR,-0.23765994608402252,-1.8463683128356934,-0.008029550313949585
CANR,-0.24552372843027115,-1.8463683128356934,-0.008029550313949585
CANR,-0.24552372843027115,-1.9939690232276917,0.09883949160575867
CANR,-0.23765994608402252,-1.9939690232276917,0.09883949160575867
CANR,-0.24159184098243713,-1.9922821521759033,0.10239118337631226
CANR,-0.24159183353185654,-1.99565589427948,0.09528779983520508
CANR,-0.24159183353185654,-2.1410716772079468,0.20005738735198975
CANR,-0.24159184098243713,-2.137723684310913,0.20717287063598633
CANR,-0.23765994608402252,-2.13939768075943,0.20361512899398804
CANR,-0.24552372843027115,-2.13939768075943,0.20361512899398804
CANR,-0.21981670334935188,-2.3117334246635437,0.2852887213230133
CANR,-0.21195291727781296,-2.3117334246635437,0.2852887213230133
CANR,-0.21588481217622757,-2.310314893722534,0.2889455556869507
CANR,-0.21588480845093727,-2.3131519556045532,0.2816318869590759
CANR,-0.190177783370018,-2.4844417572021484,0.3617973327636719
CANR,-0.190177783370018,-2.4821157455444336,0.3693092465400696
CANR,-0.1862458884716034,-2.483278751373291,0.3655532896518707
CANR,-0.19410967826843262,-2.483278751373291,0.3655532896518707
CANR,-0.17712467908859253,-2.6376747488975525,0.4168296754360199
CANR,-0.1692608892917633,-2.6376747488975525,0.4168296754360199
CANR,-0.17319278419017792,-2.63651180267334,0.42058563232421875
CANR,-0.17319278419017792,-2.638837695121765,0.41307371854782104
CANR,-0.15620778501033783,-2.7934898138046265,0.4644295573234558
CANR,-0.15620778501033783,-2.7911641597747803,0.47194141149520874
CANR,-0.15227589011192322,-2.7923269867897034,0.4681854844093323
CANR,-0.16013967990875244,-2.7923269867897034,0.4681854844093323
CANR,-0.15620778501033783,-2.79538893699646,0.46913349628448486
CANR,-0.28459079563617706,0.49617399275302887,0.02448421437293291
CANR,-0.2602504938840866,0.4961739853024483,0.02448421251028776
CANR,-0.27242064476013184,0.49099715799093246,0.03549843654036522
CANR,-0.27242064476013184,0.5013508200645447,0.013469990342855453
CANR,-0.27242064476013184,0.5193722546100616,0.031684603076428175
CANR,-0.27242064476013184,0.5153104439377785,0.04032653197646141
CANR,-0.2676462084054947,0.5173413455486298,0.03600556682795286
CANR,-0.277195081114769,0.5173413529992104,0.036005568224936724
CANR,-0.27635253965854645,0.7322432696819305,0.14475872181355953
CANR,-0.2684887647628784,0.7322432696819305,0.14475872088223696
CANR,-0.27242065221071243,0.7310004234313965,0.14846138376742601
CANR,-0.27242065221071243,0.7334861159324646,0.14105605892837048
CANR,-0.27242065966129303,0.9302078485488892,0.23888608068227768
CANR,-0.27242065966129303,0.929133266210556,0.2466561570763588
CANR,-0.2684887647628784,0.9296705573797226,0.24277111887931824
CANR,-0.27635255455970764,0.9296705573797226,0.24277111887931824
CANR,-0.27635255455970764,1.1353526562452316,0.26238301396369934
CANR,-0.2684887647628784,1.1353526562452316,0.26238301396369934
CANR,-0.27242065966129303,1.1351895332336426,0.26631027460098267
CANR,-0.27242065966129303,1.1355157792568207,0.258455753326416
CANR,-0.27242065966129303,1.3416495323181152,0.2773720771074295
CANR,-0.27242065966129303,1.342068374156952,0.2852054536342621
CANR,-0.2684887647628784,1.3418589532375336,0.2812887653708458
CANR,-0.27635255455970764,1.3418589532375336,0.2812887653708458
CANR,-0.27635255455970764,1.5351898670196533,0.2691396102309227
CANR,-0.2684887647628784,1.5351898670196533,0.2691396102309227
CANR,-0.27242065966129303,1.5358283519744873,0.27301615476608276
CANR,-0.27242065966129303,1.5345513820648193,0.26526306569576263
CANR,-0.27242065966129303,1.7298161387443542,0.25170427560806274
CANR,-0.27242065966129303,1.7314026951789856,0.2594063729047775
CANR,-0.2684887647628784,1.73060941696167,0.25555532425642014
CANR,-0.27635255455970764,1.73060941696167,0.25555532425642014
CANR,-0.2609381452202797,2.216105729341507,0.1202416718006134
CANR,-0.25307435542345047,2.216105729341507,0.1202416718006134
CANR,-0.2570062503218651,2.216899037361145,0.1240927129983902
CANR,-0.2570062503218651,2.215312421321869,0.11639063060283661
CANR,-0.22446472942829132,2.700506806373596,-0.018860846757888794
CANR,-0.22446472942829132,2.7020933628082275,-0.011158734560012817
CANR,-0.2205328345298767,2.701300084590912,-0.015009790658950806
CANR,-0.22839662432670593,2.701300084590912,-0.015009790658950806
CANR,-0.2060127854347229,2.8796191811561584,-0.03927271068096161
CANR,-0.19814979285001755,2.8795401453971863,-0.03927271068096161
CANR,-0.2020755670964718,2.8802610039711,-0.03540197014808655
CANR,-0.20208701118826866,2.878898322582245,-0.04314345121383667
CANR,-0.19670944660902023,3.0573023557662964,-0.06634718179702759
CANR,-0.19669321179389954,3.0581098198890686,-0.05853208899497986
CANR,-0.19277023151516914,3.0576270818710327,-0.06243965029716492
CANR,-0.20063242688775063,3.0577850937843323,-0.06243962049484253
CANR,-0.19147590547800064,3.2722418308258057,-0.06418350338935852
CANR,-0.18361371383070946,3.272083818912506,-0.06418350338935852
CANR,-0.18755235522985458,3.2717872858047485,-0.06031841039657593
CANR,-0.18753726407885551,3.2725383639335632,-0.06804859638214111
CANR,-0.17831434682011604,3.4902979135513306,-0.06723180413246155
CANR,-0.17835411429405212,3.488319754600525,-0.05962088704109192
CANR,-0.1744031347334385,3.4892297983169556,-0.06342631578445435
CANR,-0.18226532638072968,3.4893878698349,-0.06342637538909912
CANR,-0.13046788051724434,3.759462833404541,0.00147169828414917
CANR,-0.12260489538311958,3.759383797645569,0.0014717280864715576
CANR,-0.12654633074998856,3.7584340572357178,0.005277156829833984
CANR,-0.12652644515037537,3.760412573814392,-0.002333730459213257
CANR,-0.07491623610258102,4.027573108673096,0.061795949935913086
CANR,-0.07491623610258102,4.025594472885132,0.06940680742263794
CANR,-0.07098434865474701,4.026583790779114,0.06560137867927551
CANR,-0.07884812355041504,4.026583790779114,0.06560137867927551
CANR,-0.07491623610258102,4.0324695110321045,0.06713151931762695
CEPDL,0.040068517439067364,-2.958502173423767,0.6010123640298843
CEPDL,0.04263964109122753,-2.958502173423767,0.5984412431716919
CEPDL,0.045210763812065125,-2.958502173423767,0.6010123640298843
CEPDL,0.04263964015990496,-2.958502173423767,0.6035834848880768
CEPDL,0.030729854479432106,-3.0125651359558105,0.5969683527946472
CEPDL,0.033274438232183456,-3.0125651359558105,0.5944237560033798
CEPDL,0.03581902198493481,-3.0125651359558105,0.5969683229923248
CEPDL,0.033274438232183456,-3.0125651359558105,0.5995129197835922
CEPDL,0.020078016677871346,-3.1215423345565796,0.6004385501146317
CEPDL,0.022483953274786472,-3.1215423345565796,0.5980325937271118
CEPDL,0.020078016677871346,-3.1215423345565796,0.5956266671419144
CEPDL,0.01767208008095622,-3.1215423345565796,0.5980326235294342
CEPDL,0.008306878618896008,-3.282453775405884,0.6073978543281555
CEPDL,0.010712814168073237,-3.282453715801239,0.6049919128417969
CEPDL,0.013118749717250466,-3.2824536561965942,0.6073978543281555
CEPDL,0.010712814168073237,-3.282453715801239,0.6098037958145142
CEPDL,0.001134767779149115,-3.3886638283729553,0.6121451407670975
CEPDL,0.003540703793987632,-3.3886637687683105,0.6097391992807388
CEPDL,0.001134767779149115,-3.3886638283729553,0.6073332726955414
CEPDL,-0.0012711682356894016,-3.3886638879776,0.6097392141819
CEPDL,-0.0048882681876420975,-3.433324456214905,0.6091450452804565
CEPDL,-0.0036205255892127752,-3.433324456214905,0.6064690351486206
CEPDL,-0.0009445077739655972,-3.433324456214905,0.6077367514371872
CEPDL,-0.0022122503723949194,-3.433324456214905,0.6104127615690231
CEPDL,-0.0015152040868997574,-3.4755343198776245,0.6095317602157593
CEPDL,-0.001385655254125595,-3.4755343198776245,0.606585681438446
CEPDL,-0.004331754520535469,-3.4755343198776245,0.6064561605453491
CEPDL,-0.004461303353309631,-3.4755343198776245,0.6094022393226624
CEPDL,-0.0029234793037176132,-3.4947938919067383,0.6079939603805542
CEPDL,0.045141258276999,-2.7404792308807373,0.4751281887292862
CEPDL,0.04783413000404835,-2.7407885789871216,0.4757349565625191
CEPDL,0.04635785240679979,-2.7419901490211487,0.4756443053483963
CEPDL,0.04661753587424755,-2.73927766084671,0.47521883994340897
CEPDL,0.03969108127057552,-2.9245214462280273,0.5982347428798676
CEPDL,0.04215009789913893,-2.9245213866233826,0.5957757234573364
CEPDL,0.04460911266505718,-2.924521327018738,0.5982347428798676
CEPDL,0.04215009603649378,-2.9245213866233826,0.6006937623023987
CEPDL,0.0349446227774024,-2.897564649581909,0.5884332358837128
CEPDL,0.037403639405965805,-2.8975645899772644,0.5859742015600204
CEPDL,0.039862655103206635,-2.8975645303726196,0.5884332060813904
CEPDL,0.03740363847464323,-2.8975645899772644,0.5908922404050827
CEPDL,0.024442141875624657,-2.868192195892334,0.5654459297657013
CEPDL,0.026548507157713175,-2.868192136287689,0.5633395463228226
CEPDL,0.028654872439801693,-2.8681920766830444,0.5654458999633789
CEPDL,0.026548507157713175,-2.868192136287689,0.5675522834062576
CEPDL,0.016101390356197953,-2.817081928253174,0.5484060645103455
CEPDL,0.017547880532220006,-2.817081868648529,0.5469595640897751
CEPDL,0.01903711911290884,-2.817109227180481,0.5484182834625244
CEPDL,0.017590628936886787,-2.8171092867851257,0.5498647838830948
CEPDL,0.005842340178787708,-2.746827483177185,0.5443899929523468
CEPDL,0.021059729158878326,-2.7468271255493164,0.544389933347702
CEPDL,0.013451034668833017,-2.739218592643738,0.5443899631500244
CEPDL,0.013451034668833017,-2.7468273043632507,0.551998645067215
CEPDL,0.013451034901663661,-2.751349687576294,0.5367812663316727
CEPDL,0.013451034901663661,-2.7423048615455627,0.5367812663316727
CEPDL,0.017973432317376137,-2.746827185153961,0.5367812514305115
CEPDL,0.008928637485951185,-2.7468273639678955,0.5367812812328339
CEPDL,0.013260806445032358,-2.7465097904205322,0.5338028073310852
CEPDL,0.015969346277415752,-2.7465097904205322,0.5344685912132263
CEPDL,0.014615076361224055,-2.745073676109314,0.5341356992721558
CEPDL,0.014615076361224055,-2.7479459047317505,0.5341356992721558
CEPDL,0.02122000139206648,-2.7448410391807556,0.5204107612371445
CEPDL,0.023439384065568447,-2.744852066040039,0.5221962034702301
CEPDL,0.022331504384055734,-2.743401050567627,0.5213009268045425
CEPDL,0.022327881073579192,-2.7462920546531677,0.521306037902832
CEPDL,0.047180717810988426,-2.740998387336731,0.463388055562973
CEPDL,0.050003668293356895,-2.741280496120453,0.4635035991668701
CEPDL,0.04844014532864094,-2.7421571612358093,0.4643234610557556
CEPDL,0.048744240775704384,-2.7401217222213745,0.4625681936740875
CEPDL,0.047180717810988426,-2.744437873363495,0.46081162989139557
CEPDL,0.050003668293356895,-2.744520664215088,0.46107029914855957
CEPDL,0.04844014532864094,-2.744463860988617,0.46213795989751816
CEPDL,0.048744240775704384,-2.744494676589966,0.459743969142437
CEPDL,0.047180717810988426,-2.7489389777183533,0.46198927611112595
CEPDL,0.050003668293356895,-2.7487865686416626,0.46225836127996445
CEPDL,0.04844014532864094,-2.747849702835083,0.46303531527519226
CEPDL,0.048744240775704384,-2.749875843524933,0.46121232211589813
CEPDL,0.03173070028424263,-2.7575085759162903,0.5052248537540436
CEPDL,0.03129119332879782,-2.755011022090912,0.5053588300943375
CEPDL,0.03248257003724575,-2.7561320662498474,0.5060991793870926
CEPDL,0.030539323575794697,-2.7563875317573547,0.5044845044612885
CEPDL,0.029702655971050262,-2.7566985487937927,0.5075374841690063
CEPDL,0.044966110959649086,-2.7522966265678406,0.4740253984928131
CEPDL,0.03754955902695656,-2.75473952293396,0.493409238755703
CEPDL,0.04756693821400404,-2.7520634531974792,0.47460323572158813
CEPDL,0.03971053473651409,-2.754491448402405,0.49468060582876205
CEPDL,0.046097381971776485,-2.750921905040741,0.47480636835098267
CEPDL,0.03842705115675926,-2.753363609313965,0.49425264447927475
CEPDL,0.04643566720187664,-2.753438174724579,0.4738222658634186
CEPDL,0.03883304260671139,-2.7558673620224,0.4938372001051903
CEPDL,0.03286366164684296,-2.7414632439613342,0.5045332759618759
CEPDL,0.03280336735770106,-2.7443506717681885,0.5044780820608139
CEPDL,0.033865743316709995,-2.742953360080719,0.5054914504289627
CEPDL,0.031801285687834024,-2.7428605556488037,0.5035199075937271
CEPDL,0.03768464643508196,-2.740757465362549,0.4965643435716629
CEPDL,0.04150834586471319,-2.7401976585388184,0.49024388939142227
CEPDL,0.04133282694965601,-2.7430365681648254,0.49004659056663513
CEPDL,0.03875791188329458,-2.7422768473625183,0.4973207116127014
CEPDL,0.042638069950044155,-2.7417402267456055,0.4908401891589165
CEPDL,0.036486826837062836,-2.7420984506607056,0.4956735372543335
CEPDL,0.04020310286432505,-2.7414939999580383,0.48945029079914093
CEPDL,0.037915837951004505,-2.7447486519813538,0.49499834328889847
CEPDL,0.038663399405777454,-2.7447511553764343,0.49675484001636505
CEPDL,0.036430174484848976,-2.7446154356002808,0.4958952069282532
CEPDL,0.037177735939621925,-2.7446179389953613,0.49765170365571976
CEPDL,0.03672441281378269,-2.7462180852890015,0.49816814810037613
CEPDL,0.03585796616971493,-2.746870994567871,0.4968922659754753
CEPDL,0.03779780678451061,-2.7469330430030823,0.4976333677768707
CEPDL,0.03693136014044285,-2.747585952281952,0.4963574856519699
CEPDL,0.034396085888147354,-2.7499579191207886,0.5009907260537148
CEPDL,0.03518283925950527,-2.7487677335739136,0.5019461289048195
CEPDL,0.03344216663390398,-2.748766839504242,0.5006097555160522
CEPDL,0.0342289200052619,-2.747576653957367,0.501565158367157
CEPDL,0.03250271454453468,-2.749479293823242,0.5042503923177719
CEPDL,0.013451034436002374,-2.7544360160827637,0.5488065332174301
CEPDL,0.013451034436002374,-2.7544360160827637,0.5399733930826187
CEPDL,0.017867600079625845,-2.754435896873474,0.5443899482488632
CEPDL,0.009034468792378902,-2.7544361352920532,0.5443899780511856
CEPDL,0.012226597405970097,-2.7566142082214355,0.5446319729089737
CEPDL,0.014675471000373363,-2.756614089012146,0.5446319729089737
CEPDL,0.01345103420317173,-2.7566141486167908,0.543407529592514
CEPDL,0.01345103420317173,-2.7566141486167908,0.5458564162254333
CEPDL,0.013116401387378573,-2.7698315382003784,0.5455696880817413
CEPDL,0.015522853937000036,-2.7698588371276855,0.5455819070339203
CEPDL,0.014298253459855914,-2.7698314785957336,0.5443878322839737
CEPDL,0.014341001864522696,-2.7698588967323303,0.5467637628316879
CEPDR,-0.057059235870838165,-2.7698588371276855,0.546763688325882
CEPDR,-0.057016488164663315,-2.769831359386444,0.5443877726793289
CEPDR,-0.058241089805960655,-2.7698588371276855,0.5455818474292755
CEPDR,-0.055834634229540825,-2.769831359386444,0.5455696135759354
CEPDR,-0.05616926774382591,-2.756614089012146,0.5458563268184662
CEPDR,-0.05616926774382591,-2.756614029407501,0.5434074699878693
CEPDR,-0.05739370360970497,-2.756614029407501,0.5446318984031677
CEPDR,-0.054944831877946854,-2.756614089012146,0.5446318984031677
CEPDR,-0.05175270512700081,-2.7544360160827637,0.5443899035453796
CEPDR,-0.060585832223296165,-2.7544358372688293,0.5443898588418961
CEPDR,-0.05616926867514849,-2.754435896873474,0.5399733185768127
CEPDR,-0.05616926867514849,-2.754435956478119,0.548806443810463
CEPDR,-0.07522094435989857,-2.7494791746139526,0.5042502880096436
CEPDR,-0.07694714888930321,-2.7475765347480774,0.5015650540590286
CEPDR,-0.07616039738059044,-2.7487667202949524,0.5006096661090851
CEPDR,-0.07790106907486916,-2.748767673969269,0.5019460320472717
CEPDR,-0.07711431756615639,-2.749957859516144,0.5009906440973282
CEPDR,-0.07964959181845188,-2.747585892677307,0.49635740369558334
CEPDR,-0.08051603473722935,-2.7469330430030823,0.49763329327106476
CEPDR,-0.07857620157301426,-2.7468708753585815,0.49689218401908875
CEPDR,-0.07944264449179173,-2.7462180256843567,0.49816807359457016
CEPDR,-0.07989596761763096,-2.7446178793907166,0.4976516366004944
CEPDR,-0.07914840988814831,-2.744615316390991,0.4958951249718666
CEPDR,-0.08138162642717361,-2.7447510957717896,0.4967547655105591
CEPDR,-0.08063406869769096,-2.744748532772064,0.4949982538819313
CEPDR,-0.0829213373363018,-2.741493880748749,0.48945020884275436
CEPDR,-0.07920506037771702,-2.742098331451416,0.4956734627485275
CEPDR,-0.08535630069673061,-2.7417402267456055,0.4908400997519493
CEPDR,-0.08147614076733589,-2.7422767877578735,0.49732062965631485
CEPDR,-0.08405105769634247,-2.7430365085601807,0.49004650861024857
CEPDR,-0.08422658033668995,-2.7401975989341736,0.4902437999844551
CEPDR,-0.08040287904441357,-2.740757405757904,0.49656426906585693
CEPDR,-0.07451951690018177,-2.742860496044159,0.5035198405385017
CEPDR,-0.07658397406339645,-2.742953300476074,0.5054913833737373
CEPDR,-0.07552159763872623,-2.7443506121635437,0.5044780150055885
CEPDR,-0.07558189332485199,-2.7414631843566895,0.5045332089066505
CEPDR,-0.08155127428472042,-2.7558672428131104,0.4938371255993843
CEPDR,-0.08915389887988567,-2.7534380555152893,0.4738221764564514
CEPDR,-0.0811452828347683,-2.753363609313965,0.4942525625228882
CEPDR,-0.0888156071305275,-2.750921905040741,0.4748062863945961
CEPDR,-0.08242876641452312,-2.754491448402405,0.4946805313229561
CEPDR,-0.09028517082333565,-2.7520634531974792,0.47460314631462097
CEPDR,-0.08026779070496559,-2.7547394037246704,0.4934091567993164
CEPDR,-0.08768433518707752,-2.752296507358551,0.47402531653642654
CEPDR,-0.0724208913743496,-2.756698429584503,0.5075374096632004
CEPDR,-0.07325755804777145,-2.756387412548065,0.5044844299554825
CEPDR,-0.07520080357789993,-2.7561320066452026,0.5060991048812866
CEPDR,-0.07400942966341972,-2.755010962486267,0.5053587406873703
CEPDR,-0.07444893196225166,-2.7575084567070007,0.5052247941493988
CEPDR,-0.09146247059106827,-2.749875783920288,0.46121223270893097
CEPDR,-0.09115836769342422,-2.747849702835083,0.4630352184176445
CEPDR,-0.09272190183401108,-2.7487865686416626,0.4622582644224167
CEPDR,-0.08989893645048141,-2.7489389181137085,0.4619891867041588
CEPDR,-0.09146247059106827,-2.744494616985321,0.4597438797354698
CEPDR,-0.09115836769342422,-2.744463860988617,0.4621378779411316
CEPDR,-0.09272190183401108,-2.744520664215088,0.4610702097415924
CEPDR,-0.08989893645048141,-2.74443781375885,0.460811547935009
CEPDR,-0.09146247059106827,-2.7401216626167297,0.46256810426712036
CEPDR,-0.09115836769342422,-2.7421571612358093,0.46432338654994965
CEPDR,-0.09272190183401108,-2.741280496120453,0.46350351721048355
CEPDR,-0.08989893645048141,-2.740998327732086,0.46338797360658646
CEPDR,-0.06504611391574144,-2.746291995048523,0.5213059782981873
CEPDR,-0.06504973862320185,-2.7434009313583374,0.5213008671998978
CEPDR,-0.0661576185375452,-2.7448519468307495,0.5221961438655853
CEPDR,-0.06393823400139809,-2.744840979576111,0.5204107016324997
CEPDR,-0.05733331199735403,-2.7479458451271057,0.534135639667511
CEPDR,-0.05733331199735403,-2.745073616504669,0.534135639667511
CEPDR,-0.05868757888674736,-2.7465096712112427,0.5344685316085815
CEPDR,-0.0559790451079607,-2.7465097904205322,0.5338027477264404
CEPDR,-0.0516468770802021,-2.7468273043632507,0.5367812067270279
CEPDR,-0.06069166399538517,-2.7468271255493164,0.5367811620235443
CEPDR,-0.056169270537793636,-2.742304801940918,0.5367811769247055
CEPDR,-0.056169270537793636,-2.751349627971649,0.5367811918258667
CEPDR,-0.05616926960647106,-2.746827185153961,0.5519985854625702
CEPDR,-0.05616926960647106,-2.7392184734344482,0.5443898737430573
CEPDR,-0.06377796083688736,-2.746827006340027,0.5443898439407349
CEPDR,-0.048560578376054764,-2.7468273639678955,0.5443899184465408
CEPDR,-0.060308863408863544,-2.817109227180481,0.5498647093772888
CEPDR,-0.061755359172821045,-2.817109227180481,0.5484182238578796
CEPDR,-0.060266115702688694,-2.8170817494392395,0.5469595044851303
CEPDR,-0.058819619938731194,-2.8170817494392395,0.5484059900045395
CEPDR,-0.0692667393013835,-2.8681920170783997,0.5675522089004517
CEPDR,-0.0713731087744236,-2.868191957473755,0.5654458403587341
CEPDR,-0.0692667393013835,-2.8681920170783997,0.5633394718170166
CEPDR,-0.06716036982834339,-2.8681920766830444,0.5654458403587341
CEPDR,-0.08012187108397484,-2.897564470767975,0.5908921360969543
CEPDR,-0.08258089050650597,-2.89756441116333,0.5884331166744232
CEPDR,-0.08012187108397484,-2.897564470767975,0.5859740972518921
CEPDR,-0.07766285166144371,-2.8975645303726196,0.5884331166744232
CEPDR,-0.08486833050847054,-2.924521267414093,0.6006936579942703
CEPDR,-0.08732734620571136,-2.9245212078094482,0.598234623670578
CEPDR,-0.08486833050847054,-2.924521267414093,0.5957756191492081
CEPDR,-0.0824093148112297,-2.924521327018738,0.5982346534729004
CEPDR,-0.08933576755225658,-2.73927766084671,0.4752187430858612
CEPDR,-0.08907607942819595,-2.7419901490211487,0.47564422339200974
CEPDR,-0.09055236168205738,-2.7407885789871216,0.4757348671555519
CEPDR,-0.08785948529839516,-2.7404792308807373,0.47512809932231903
CEPDR,-0.03979475703090429,-3.4947937726974487,0.6079938411712646
CEPDR,-0.0382569320499897,-3.475534200668335,0.6094021201133728
CEPDR,-0.03838648274540901,-3.4755342602729797,0.6064560413360596
CEPDR,-0.041332582011818886,-3.47553414106369,0.6065855622291565
CEPDR,-0.041203031316399574,-3.4755340814590454,0.6095316410064697
CEPDR,-0.04050598479807377,-3.4333242177963257,0.6104126572608948
CEPDR,-0.04177372809499502,-3.4333242177963257,0.6077366471290588
CEPDR,-0.03909771051257849,-3.4333242774009705,0.606468915939331
CEPDR,-0.037829967215657234,-3.4333242774009705,0.609144926071167
CEPDR,-0.04144706577062607,-3.388663649559021,0.6097390949726105
CEPDR,-0.04385300260037184,-3.388663589954376,0.6073331534862518
CEPDR,-0.04625893943011761,-3.3886635303497314,0.6097390949726105
CEPDR,-0.04385300260037184,-3.388663589954376,0.6121450364589691
CEPDR,-0.05343105085194111,-3.2824535369873047,0.6098036915063858
CEPDR,-0.055836986750364304,-3.282453417778015,0.6073977500200272
CEPDR,-0.05343105085194111,-3.2824535369873047,0.6049918234348297
CEPDR,-0.051025114953517914,-3.2824536561965942,0.6073977649211884
CEPDR,-0.06039031594991684,-3.1215423345565796,0.598032534122467
CEPDR,-0.06279625184834003,-3.12154221534729,0.5956265926361084
CEPDR,-0.06520218774676323,-3.1215420961380005,0.5980325192213058
CEPDR,-0.06279625184834003,-3.12154221534729,0.6004384607076645
CEPDR,-0.07599266804754734,-3.012565016746521,0.5995128452777863
CEPDR,-0.07853724807500839,-3.012564957141876,0.5969682484865189
CEPDR,-0.07599266804754734,-3.0125650763511658,0.5944236665964127
CEPDR,-0.07344808802008629,-3.0125651359558105,0.59696826338768
CEPDR,-0.08535787090659142,-2.9585020542144775,0.6035834103822708
CEPDR,-0.08792898803949356,-2.9585019946098328,0.601012259721756
CEPDR,-0.08535787090659142,-2.9585021138191223,0.5984411537647247
CEPDR,-0.08278675377368927,-2.958502173423767,0.6010123044252396
CEPVL,0.04372895136475563,-2.951449453830719,0.4613959863781929
CEPVL,0.04533240385353565,-2.951453685760498,0.4597925394773483
CEPVL,0.04693843424320221,-2.9514551758766174,0.46140605956315994
CEPVL,0.04533498175442219,-2.9514509439468384,0.4630095064640045
CEPVL,0.040591226890683174,-3.0177948474884033,0.47977061569690704
CEPVL,0.042061906307935715,-3.0177948474884033,0.47829993069171906
CEPVL,0.04059122782200575,-3.0177948474884033,0.47682924568653107
CEPVL,0.03912054840475321,-3.0177948474884033,0.47829993069171906
CEPVL,0.029496224597096443,-3.071098804473877,0.49384692311286926
CEPVL,0.030966904014348984,-3.071098804473877,0.4923762381076813
CEPVL,0.032437581568956375,-3.071098804473877,0.49384692311286926
CEPVL,0.030966902151703835,-3.071098804473877,0.49531760811805725
CEPVL,0.027265241369605064,-3.132731556892395,0.509568989276886
CEPVL,0.02873591985553503,-3.132731556892395,0.5080983191728592
CEPVL,0.02726524230092764,-3.132731556892395,0.5066276490688324
CEPVL,0.025794563814997673,-3.132731556892395,0.5080983191728592
CEPVL,0.012838742579333484,-3.2711737155914307,0.5314187854528427
CEPVL,0.014309421938378364,-3.2711737155914307,0.5299481153488159
CEPVL,0.015780101297423244,-3.2711737155914307,0.5314187854528427
CEPVL,0.014309421938378364,-3.2711737155914307,0.5328894555568695
CEPVL,0.0011685179197229445,-3.3979556560516357,0.5547292828559875
CEPVL,0.002639197977259755,-3.3979556560516357,0.5532585978507996
CEPVL,0.0011685179197229445,-3.3979556560516357,0.5517879128456116
CEPVL,-0.00030216213781386614,-3.3979556560516357,0.5532585978507996
CEPVL,-0.004188906401395798,-3.444411516189575,0.5608470141887665
CEPVL,-0.0027182274498045444,-3.444411516189575,0.5593763291835785
CEPVL,-0.0012475484982132912,-3.444411516189575,0.5608470141887665
CEPVL,-0.0027182274498045444,-3.444411516189575,0.5623176991939545
CEPVL,-0.0027182274498045444,-3.479392170906067,0.5673149228096008
CEPVL,-0.0012475484982132912,-3.479392170906067,0.565844252705574
CEPVL,-0.0027182274498045444,-3.479392170906067,0.5643735826015472
CEPVL,-0.004188906401395798,-3.479392170906067,0.565844252705574
CEPVL,-0.0027182274498045444,-3.4954943656921387,0.5682503283023834
CEPVL,0.022087885532528162,-2.7320143580436707,0.393264964222908
CEPVL,0.02222618111409247,-2.73481023311615,0.3930155113339424
CEPVL,0.022536475444212556,-2.7333313822746277,0.3918251320719719
CEPVL,0.021777591202408075,-2.733493208885193,0.39445534348487854
CEPVL,0.04085662309080362,-2.7368303537368774,0.41890357434749603
CEPVL,0.04299004189670086,-2.737021803855896,0.41712065786123276
CEPVL,0.041768625378608704,-2.7383354902267456,0.4179933965206146
CEPVL,0.04207803960889578,-2.735516667366028,0.41803083568811417
CEPVL,0.03755503613501787,-2.735839545726776,0.41130954027175903
CEPVL,0.03261487279087305,-2.734920561313629,0.4049360901117325
CEPVL,0.0394447622820735,-2.7359052300453186,0.40928980708122253
CEPVL,0.03427855344489217,-2.734869599342346,0.4026966840028763
CEPVL,0.03330630250275135,-2.7363007068634033,0.40369129925966263
CEPVL,0.03864718973636627,-2.734464943408966,0.41037357598543167
CEPVL,0.03358712373301387,-2.733489453792572,0.40394147485494614
CEPVL,0.03753193188458681,-2.7392905354499817,0.4095394015312195
CEPVL,0.03910798393189907,-2.739454984664917,0.4096321016550064
CEPVL,0.03721826057881117,-2.7389724254608154,0.4115467816591263
CEPVL,0.03879431262612343,-2.7391368746757507,0.4116394817829132
CEPVL,0.03984539024531841,-2.742540180683136,0.4137145206332207
CEPVL,0.03826933912932873,-2.7424635887145996,0.41355376690626144
CEPVL,0.040159061551094055,-2.7438745498657227,0.4123377278447151
CEPVL,0.03858301043510437,-2.7437979578971863,0.4121769741177559
CEPVL,0.04220990277826786,-2.747370660305023,0.41949470341205597
CEPVL,0.043621559627354145,-2.746884763240814,0.419621966779232
CEPVL,0.0413192305713892,-2.7456605434417725,0.41989099979400635
CEPVL,0.04273088742047548,-2.7451746463775635,0.4200182631611824
CEPVL,0.04683461971580982,-2.7473986744880676,0.4346967190504074
CEPVL,0.04558735713362694,-2.7483760714530945,0.43460120260715485
CEPVL,0.04830229468643665,-2.7489044070243835,0.4346672222018242
CEPVL,0.04705503210425377,-2.7498818039894104,0.4345717057585716
CEPVL,0.049844629131257534,-2.742044985294342,0.4548181891441345
CEPVL,0.04938691947609186,-2.7514872550964355,0.4482327178120613
CEPVL,0.05063418112695217,-2.750513195991516,0.44836222380399704
CEPVL,0.047919243574142456,-2.749982535839081,0.4483145773410797
CEPVL,0.049166505225002766,-2.7490084767341614,0.44844408333301544
CEPVL,0.04914979822933674,-2.750569999217987,0.4519829601049423
CEPVL,0.04957418516278267,-2.7402859926223755,0.4523835778236389
CEPVL,0.04701363015919924,-2.7381776571273804,0.4372629225254059
CEPVL,0.04926859959959984,-2.7431082129478455,0.45227763801813126
CEPVL,0.04669903498142958,-2.7409998178482056,0.43724582344293594
CEPVL,0.05081303231418133,-2.741846740245819,0.452212855219841
CEPVL,0.04812775366008282,-2.739738345146179,0.4367702305316925
CEPVL,0.04802975244820118,-2.741547465324402,0.45244836062192917
CEPVL,0.045584911480546,-2.7394391298294067,0.4377385154366493
CEPVL,0.010888288263231516,-2.7341220378875732,0.38796965032815933
CEPVL,0.012306764489039779,-2.736349880695343,0.3878074362874031
CEPVL,0.011587514774873853,-2.735152840614319,0.38647083938121796
CEPVL,0.011607537977397442,-2.7353190779685974,0.3893062472343445
CEPVL,0.006065197172574699,-2.7425944209098816,0.3881756365299225
CEPVL,0.008640329586341977,-2.7434298396110535,0.3881007730960846
CEPVL,0.007328131003305316,-2.7432244420051575,0.38676273077726364
CEPVL,0.00737739575561136,-2.7427998185157776,0.38951367884874344
CEPVL,-0.003485262393951416,-2.77126944065094,0.3992455378174782
CEPVL,0.017069390043616295,-2.77126944065094,0.3992455452680588
CEPVL,0.006792063824832439,-2.7748091220855713,0.3895970433950424
CEPVL,0.006792063824832439,-2.7677297592163086,0.40889403969049454
CEPVL,0.0067920631263405085,-2.759532928466797,0.4013974070549011
CEPVL,0.0067920631263405085,-2.7637089490890503,0.3900143504142761
CEPVL,0.012854527682065964,-2.7616209387779236,0.3957058787345886
CEPVL,0.0007295985706150532,-2.7616209387779236,0.3957058787345886
CEPVL,0.005009924294427037,-2.7598482370376587,0.39393528550863266
CEPVL,0.008574201725423336,-2.7598482370376587,0.39393528550863266
CEPVL,0.006792063009925187,-2.7604620456695557,0.39226219058036804
CEPVL,0.006792063009925187,-2.7592344284057617,0.3956083804368973
CEPVL,0.005222299252636731,-2.753191888332367,0.39027315378189087
CEPVL,0.008368521695956588,-2.7531912326812744,0.3902793973684311
CEPVL,0.006792063475586474,-2.75373911857605,0.3888038396835327
CEPVL,0.0067987574730068445,-2.7526440024375916,0.39174871146678925
CEPVL,0.006792063708417118,-2.778813362121582,0.40852198749780655
CEPVL,0.006792063708417118,-2.78302264213562,0.3970484137535095
CEPVL,0.012902736198157072,-2.780918002128601,0.40278520435094833
CEPVL,0.0006813912186771631,-2.780918002128601,0.40278519690036774
CEPVL,0.01266299863345921,-2.798492968082428,0.4093671515583992
CEPVL,0.016367788892239332,-2.798492968082428,0.4093671515583992
CEPVL,0.014515393762849271,-2.7989017963409424,0.40757735073566437
CEPVL,0.014515393762849271,-2.7980841398239136,0.41115695238113403
CEPVL,0.029595491476356983,-2.8660404086112976,0.43410732597112656
CEPVL,0.03309506643563509,-2.866046130657196,0.4341173991560936
CEPVL,0.03134399000555277,-2.8661186695098877,0.4323619604110718
CEPVL,0.031346567906439304,-2.865967869758606,0.4358627647161484
CEPVR,-0.07406479492783546,-2.865968108177185,0.435862772166729
CEPVR,-0.07406221516430378,-2.8661189675331116,0.4323619604110718
CEPVR,-0.07581329345703125,-2.866046369075775,0.4341174066066742
CEPVR,-0.072313716635108,-2.8660407066345215,0.43410732597112656
CEPVR,-0.057233622297644615,-2.7980843782424927,0.41115695238113403
CEPVR,-0.057233622297644615,-2.7989020347595215,0.40757735073566437
CEPVR,-0.059086015447974205,-2.798493206501007,0.4093671590089798
CEPVR,-0.055381229147315025,-2.798493206501007,0.4093671441078186
CEPVR,-0.04339962266385555,-2.78091824054718,0.40278518944978714
CEPVR,-0.055620964616537094,-2.78091824054718,0.40278520435094833
CEPVR,-0.0495102945715189,-2.783022880554199,0.3970484137535095
CEPVR,-0.04951029270887375,-2.778813600540161,0.40852198004722595
CEPVR,-0.04951698426157236,-2.7526442408561707,0.39174871891736984
CEPVR,-0.0495102908462286,-2.753739356994629,0.3888038545846939
CEPVR,-0.05108674801886082,-2.7531914710998535,0.3902794122695923
CEPVR,-0.047940527088940144,-2.753192126750946,0.39027316123247147
CEPVR,-0.04951028898358345,-2.759234666824341,0.39560839533805847
CEPVR,-0.04951028898358345,-2.7604622840881348,0.39226219058036804
CEPVR,-0.05129242688417435,-2.759848475456238,0.39393529295921326
CEPVR,-0.047728151082992554,-2.759848475456238,0.39393529295921326
CEPVR,-0.04344782792031765,-2.7616211771965027,0.3957058936357498
CEPVR,-0.05557275749742985,-2.7616212368011475,0.3957058936357498
CEPVR,-0.04951029270887375,-2.7637091875076294,0.3900143504142761
CEPVR,-0.04951029270887375,-2.7595332264900208,0.4013974368572235
CEPVR,-0.0495102945715189,-2.7677300572395325,0.40889405459165573
CEPVR,-0.04951029643416405,-2.7748093605041504,0.3895970433950424
CEPVR,-0.05978762172162533,-2.771269738674164,0.3992455527186394
CEPVR,-0.03923296928405762,-2.771269679069519,0.3992455452680588
CEPVR,-0.050095624290406704,-2.7428000569343567,0.38951368629932404
CEPVR,-0.050046361051499844,-2.7432246804237366,0.38676275312900543
CEPVR,-0.05135855823755264,-2.7434300780296326,0.3881007879972458
CEPVR,-0.048783427104353905,-2.7425946593284607,0.3881756514310837
CEPVR,-0.054325767792761326,-2.7353193163871765,0.3893062621355057
CEPVR,-0.05430574622005224,-2.735153079032898,0.38647084683179855
CEPVR,-0.05502499546855688,-2.736350119113922,0.3878074437379837
CEPVR,-0.05360651854425669,-2.7341222763061523,0.3879696652293205
CEPVR,-0.08830314129590988,-2.7394394874572754,0.4377385079860687
CEPVR,-0.09074798226356506,-2.74154794216156,0.45244835317134857
CEPVR,-0.09084598533809185,-2.7397388219833374,0.4367702379822731
CEPVR,-0.09353126212954521,-2.7418471574783325,0.4522128477692604
CEPVR,-0.08941726572811604,-2.741000235080719,0.43724583089351654
CEPVR,-0.09198682755231857,-2.743108630180359,0.45227763801813126
CEPVR,-0.0897318609058857,-2.738178074359894,0.4372629150748253
CEPVR,-0.0922924168407917,-2.7402864694595337,0.4523835629224777
CEPVR,-0.09186802804470062,-2.7505703568458557,0.4519829601049423
CEPVR,-0.09188473783433437,-2.7490087747573853,0.44844408333301544
CEPVR,-0.09063747525215149,-2.7499828934669495,0.4483145773410797
CEPVR,-0.0933524090796709,-2.7505135536193848,0.44836222380399704
CEPVR,-0.09210514649748802,-2.751487672328949,0.4482327178120613
CEPVR,-0.09256285801529884,-2.7420454025268555,0.4548181742429733
CEPVR,-0.08977326191961765,-2.749882221221924,0.43457169830799103
CEPVR,-0.09102052263915539,-2.748904824256897,0.4346672147512436
CEPVR,-0.08830558881163597,-2.748376429080963,0.43460120260715485
CEPVR,-0.0895528495311737,-2.7473990321159363,0.4346967190504074
CEPVR,-0.08544911630451679,-2.745175063610077,0.4200182631611824
CEPVR,-0.08403746038675308,-2.745660901069641,0.41989099979400635
CEPVR,-0.08633978851139545,-2.7468852400779724,0.41962195932865143
CEPVR,-0.08492813259363174,-2.7473710775375366,0.4194946959614754
CEPVR,-0.08130124025046825,-2.74379825592041,0.4121769741177559
CEPVR,-0.08287729136645794,-2.743874967098236,0.4123377278447151
CEPVR,-0.08098756708204746,-2.7424638867378235,0.41355375945568085
CEPVR,-0.08256361819803715,-2.7425405979156494,0.4137145131826401
CEPVR,-0.08151253871619701,-2.7391372323036194,0.4116394817829132
CEPVR,-0.07993648946285248,-2.7389727234840393,0.4115467742085457
CEPVR,-0.08182621374726295,-2.7394554018974304,0.409632109105587
CEPVR,-0.08025016449391842,-2.7392908930778503,0.4095394015312195
CEPVR,-0.07630535587668419,-2.7334898710250854,0.40394148975610733
CEPVR,-0.08136541955173016,-2.7344653606414795,0.41037358343601227
CEPVR,-0.07602453045547009,-2.7363011240959167,0.4036913067102432
CEPVR,-0.07699678465723991,-2.7348700165748596,0.4026966914534569
CEPVR,-0.08216299302875996,-2.735905706882477,0.40928981453180313
CEPVR,-0.07533310167491436,-2.7349209785461426,0.4049361050128937
CEPVR,-0.08027326501905918,-2.7358399033546448,0.41130954772233963
CEPVR,-0.08479627035558224,-2.7355170249938965,0.41803082823753357
CEPVR,-0.08448685519397259,-2.7383358478546143,0.4179934114217758
CEPVR,-0.08570827357470989,-2.737022280693054,0.41712067276239395
CEPVR,-0.08357485197484493,-2.7368305921554565,0.41890356689691544
CEPVR,-0.06449582148343325,-2.7334935069084167,0.39445536583662033
CEPVR,-0.06525470688939095,-2.7333316802978516,0.3918251395225525
CEPVR,-0.06494440976530313,-2.734810531139374,0.3930155262351036
CEPVR,-0.06480611860752106,-2.7320146560668945,0.3932649791240692
CEPVR,-0.03999999724328518,-3.4954946041107178,0.5682503283023834
CEPVR,-0.03852931782603264,-3.479392409324646,0.565844252705574
CEPVR,-0.03999999724328518,-3.479392409324646,0.564373567700386
CEPVR,-0.04147067666053772,-3.479392409324646,0.5658442378044128
CEPVR,-0.03999999724328518,-3.479392409324646,0.5673149228096008
CEPVR,-0.03999999724328518,-3.4444117546081543,0.5623176991939545
CEPVR,-0.04147067666053772,-3.4444117546081543,0.5608469992876053
CEPVR,-0.03999999724328518,-3.4444117546081543,0.5593763142824173
CEPVR,-0.03852931782603264,-3.4444117546081543,0.5608470141887665
CEPVR,-0.04241606406867504,-3.397955894470215,0.5532585978507996
CEPVR,-0.04388674348592758,-3.397955894470215,0.5517879128456116
CEPVR,-0.04535742290318012,-3.397955894470215,0.5532585978507996
CEPVR,-0.04388674348592758,-3.397955894470215,0.5547292828559875
CEPVR,-0.05702764820307493,-3.2711739540100098,0.5328894704580307
CEPVR,-0.05849832482635975,-3.2711739540100098,0.5314187854528427
CEPVR,-0.05702764820307493,-3.2711739540100098,0.5299481153488159
CEPVR,-0.055556971579790115,-3.2711739540100098,0.5314188003540039
CEPVR,-0.06851279176771641,-3.132731795310974,0.5080983340740204
CEPVR,-0.0699834693223238,-3.132731795310974,0.5066276490688324
CEPVR,-0.07145414501428604,-3.132731795310974,0.5080983191728592
CEPVR,-0.06998346745967865,-3.132731795310974,0.5095690041780472
CEPVR,-0.07368512824177742,-3.0710991621017456,0.49531760811805725
CEPVR,-0.07515580952167511,-3.0710991621017456,0.49384692311286926
CEPVR,-0.07368513196706772,-3.0710991621017456,0.4923762381076813
CEPVR,-0.07221445068717003,-3.0710991621017456,0.49384692311286926
CEPVR,-0.08183877728879452,-3.0177953243255615,0.47829993069171906
CEPVR,-0.08330945670604706,-3.0177953243255615,0.47682924568653107
CEPVR,-0.08478013426065445,-3.0177953243255615,0.47829993069171906
CEPVR,-0.08330945484340191,-3.0177953243255615,0.47977061569690704
CEPVR,-0.08805320970714092,-2.951451301574707,0.4630095064640045
CEPVR,-0.08965666219592094,-2.951455533504486,0.46140605956315994
CEPVR,-0.08805062994360924,-2.9514541029930115,0.4597925394773483
CEPVR,-0.08644717745482922,-2.9514498710632324,0.4613959863781929
Cuticle,-0.00543953210581094,4.611905932426453,0.6400174200534821
Cuticle,-0.005440031178295612,4.612532019615173,0.6393749117851257
Cuticle,-0.0045675457222387195,4.619672060012817,0.648025780916214
Cuticle,-0.004703874699771404,4.612979054450989,0.6389161497354507
Cuticle,-0.00366319838212803,4.61297881603241,0.638916403055191
Cuticle,-0.004106331791263074,4.619994521141052,0.6476957947015762
Cuticle,-0.0029263764736242592,4.612531423568726,0.6393754929304123
Cuticle,-0.002925877401139587,4.611905336380005,0.6400180160999298
Cuticle,-0.003645117918495089,4.619672060012817,0.648025780916214
Cuticle,-0.0036620338796637952,4.6114583015441895,0.6404767334461212
Cuticle,-0.0047027101973071694,4.6114585399627686,0.6404764652252197
Cuticle,-0.004106331791263074,4.6193495988845825,0.6483557224273682
Cuticle,-0.004650146001949906,4.616786479949951,0.646386906504631
Cuticle,-0.0037145796231925488,4.6167861223220825,0.646387130022049
Cuticle,-0.004106318054255098,4.624466896057129,0.6541531831026077
Cuticle,-0.003052776155527681,4.617187976837158,0.6459746807813644
Cuticle,-0.003053224994800985,4.617750644683838,0.6453970223665237
Cuticle,-0.0036916875978931785,4.624756813049316,0.6538565009832382
Cuticle,-0.003715626837220043,4.618152618408203,0.6449843198060989
Cuticle,-0.00465119315776974,4.618152976036072,0.644984096288681
Cuticle,-0.004106318054255098,4.625046610832214,0.6535598337650299
Cuticle,-0.0053129964508116245,4.617751359939575,0.6453965157270432
Cuticle,-0.005312547669745982,4.6171886920928955,0.6459741741418839
Cuticle,-0.004520948394201696,4.624756932258606,0.6538565009832382
Cuticle,-0.05929056275635958,-3.5238508582115173,0.6070790439844131
Cuticle,-0.06018252391368151,-3.5238324999809265,0.6074607670307159
Cuticle,-0.060182517394423485,-3.525548219680786,0.5724994093179703
Cuticle,-0.059290556237101555,-3.5255290269851685,0.5728811174631119
Cuticle,-0.0018353662453591824,-3.526692032814026,0.5491918325424194
Cuticle,-0.0022176355123519897,-3.526647925376892,0.5500824898481369
Cuticle,-0.03646138496696949,-3.526647925376892,0.5500824898481369
Cuticle,-0.03684365330263972,-3.526692032814026,0.5491918325424194
Cuticle,0.020611530169844627,-3.5255290269851685,0.5728811174631119
Cuticle,0.021503490395843983,-3.525548219680786,0.5724994093179703
Cuticle,0.02150348899886012,-3.5238324999809265,0.6074607670307159
Cuticle,0.020611528772860765,-3.523850739002228,0.607079029083252
Cuticle,-0.002217643428593874,-3.522731900215149,0.6298776268959045
Cuticle,-0.001835374627262354,-3.5226887464523315,0.6307683289051056
Cuticle,-0.036843666806817055,-3.5226887464523315,0.6307683289051056
Cuticle,-0.036461398005485535,-3.5227320194244385,0.6298776417970657
Cuticle,0.00041273515671491623,-3.509660840034485,0.635834202170372
Cuticle,0.0042298585176467896,-3.484314441680908,0.644077941775322
Cuticle,-0.04290890786796808,-3.484314441680908,0.644077941775322
Cuticle,-0.039091778453439474,-3.509660840034485,0.635834202170372
Cuticle,0.0267490828409791,-3.5128684043884277,0.5701118856668472
Cuticle,0.035655708983540535,-3.4881609082221985,0.5656693875789642
Cuticle,0.03565570618957281,-3.4858529567718506,0.6127145141363144
Cuticle,0.02674908097833395,-3.510943830013275,0.6095452755689621
Cuticle,-0.039091760758310556,-3.514151394367218,0.5438229590654373
Cuticle,-0.042908885050565004,-3.4896995425224304,0.5343059748411179
Cuticle,0.004229871090501547,-3.4896995425224304,0.5343059748411179
Cuticle,0.000412745401263237,-3.514151394367218,0.5438229590654373
Cuticle,-0.0654281135648489,-3.510943830013275,0.6095452755689621
Cuticle,-0.07433474250137806,-3.4858529567718506,0.6127145141363144
Cuticle,-0.07433472946286201,-3.4881609082221985,0.5656693875789642
Cuticle,-0.06542810425162315,-3.5128684043884277,0.5701118856668472
Cuticle,-0.0634072357788682,-3.512825310230255,0.5709764659404755
Cuticle,-0.07208144757896662,-3.4881133437156677,0.5666332244873047
Cuticle,-0.07208145596086979,-3.4858999252319336,0.611750602722168
Cuticle,-0.06340724416077137,-3.510985493659973,0.6086806207895279
Cuticle,-0.0004533459432423115,-3.5140519738197327,0.5458403676748276
Cuticle,0.003264168743044138,-3.489588975906372,0.5365550071001053
Cuticle,-0.0419431971386075,-3.489588975906372,0.5365549921989441
Cuticle,-0.038225676864385605,-3.5140519738197327,0.5458403676748276
Cuticle,0.033402413595467806,-3.4881133437156677,0.5666332393884659
Cuticle,0.024728208780288696,-3.512825310230255,0.5709764659404755
Cuticle,0.024728206917643547,-3.5109853744506836,0.6086806058883667
Cuticle,0.03340241266414523,-3.4858999252319336,0.611750602722168
Cuticle,-0.03822569129988551,-3.509758710861206,0.6338167190551758
Cuticle,-0.04194321250542998,-3.4844242334365845,0.6418288499116898
Cuticle,0.0032641608268022537,-3.4844242334365845,0.6418288499116898
Cuticle,-0.0004533538594841957,-3.5097585916519165,0.6338167041540146
Cuticle,-0.04694657260552049,-3.448071300983429,0.6517460495233536
Cuticle,-0.05247163726016879,-3.402263045310974,0.6618514060974121
Cuticle,0.013792588841170073,-3.402263045310974,0.6618514209985733
Cuticle,0.008267519995570183,-3.448071300983429,0.6517460495233536
Cuticle,0.045076918322592974,-3.4499351382255554,0.6149785965681076
Cuticle,0.05796874035149813,-3.404778003692627,0.6176954954862595
Cuticle,0.0579687412828207,-3.4085505604743958,0.5514616221189499
Cuticle,0.04507691925391555,-3.45273095369339,0.5598274320363998
Cuticle,0.008267530240118504,-3.454594850540161,0.5230599939823151
Cuticle,0.013792600482702255,-3.411065638065338,0.507305696606636
Cuticle,-0.05247161351144314,-3.411065638065338,0.5073056817054749
Cuticle,-0.046946553979068995,-3.454594850540161,0.5230599790811539
Cuticle,-0.08375595137476921,-3.45273095369339,0.5598274171352386
Cuticle,-0.09664776548743248,-3.4085505604743958,0.5514615923166275
Cuticle,-0.09664777852594852,-3.404778003692627,0.6176954656839371
Cuticle,-0.08375596068799496,-3.4499351382255554,0.6149785965681076
Cuticle,-0.08617223054170609,-3.4498828053474426,0.6160129606723785
Cuticle,-0.09946871548891068,-3.4047091007232666,0.6189039051532745
Cuticle,-0.09946870245039463,-3.408619463443756,0.5502531975507736
Cuticle,-0.08617221750319004,-3.4527832865715027,0.5587930679321289
Cuticle,-0.047982094809412956,-3.454716920852661,0.52064648270607
Cuticle,-0.053680590353906155,-3.4112263321876526,0.5044860541820526
Cuticle,0.015001566149294376,-3.4112263321876526,0.5044860541820526
Cuticle,0.009303076192736626,-3.454716920852661,0.52064648270607
Cuticle,0.047493189573287964,-3.4527832865715027,0.5587930679321289
Cuticle,0.06078966706991196,-3.408619463443756,0.5502531975507736
Cuticle,0.06078966427594423,-3.4047091007232666,0.6189039200544357
Cuticle,0.04749318677932024,-3.4498828053474426,0.6160129606723785
Cuticle,0.009303063154220581,-3.447949230670929,0.6541595757007599
Cuticle,0.015001552179455757,-3.40210223197937,0.6646710783243179
Cuticle,-0.053680614568293095,-3.40210223197937,0.6646710634231567
Cuticle,-0.04798211809247732,-3.447949230670929,0.6541595757007599
Cuticle,0.020376667845994234,-3.348549246788025,0.6741363257169724
Cuticle,0.02536126459017396,-3.2858681678771973,0.6813642084598541
Cuticle,-0.0640403344295919,-3.2858681082725525,0.6813641935586929
Cuticle,-0.059055736754089594,-3.348549246788025,0.6741363108158112
Cuticle,0.073331612162292,-3.3580798506736755,0.5419691354036331
Cuticle,0.08496234193444252,-3.3000707030296326,0.5330514162778854
Cuticle,0.08496233634650707,-3.2915492057800293,0.6220390945672989
Cuticle,0.07333160657435656,-3.3523613810539246,0.6212694495916367
Cuticle,-0.059055705554783344,-3.3618921041488647,0.48910224437713623
Cuticle,-0.06404029577970505,-3.30575168132782,0.4737262725830078
Cuticle,0.025361288338899612,-3.30575168132782,0.473726287484169
Cuticle,0.02037668786942959,-3.3618921041488647,0.48910224437713623
Cuticle,-0.1120106652379036,-3.3523613810539246,0.6212694197893143
Cuticle,-0.12364139221608639,-3.2915490865707397,0.6220390498638153
Cuticle,-0.12364137172698975,-3.300070643424988,0.5330513715744019
Cuticle,-0.11201064847409725,-3.3580798506736755,0.5419691205024719
Cuticle,-0.10874816961586475,-3.3579792976379395,0.5433649718761444
Cuticle,-0.11996944062411785,-3.299921214580536,0.5346177965402603
Cuticle,-0.11996945552527905,-3.291699707508087,0.6204726994037628
Cuticle,-0.10874818451702595,-3.352462351322174,0.6198735386133194
Cuticle,0.01897849328815937,-3.361657202243805,0.49235929548740387
Cuticle,0.02378761349245906,-3.305402159690857,0.47738123685121536
Cuticle,-0.06246661441400647,-3.305402159690857,0.47738122195005417
Cuticle,-0.057657498866319656,-3.361657202243805,0.4923592731356621
Cuticle,0.07006915099918842,-3.352462351322174,0.619873583316803
Cuticle,0.08129042759537697,-3.291699707508087,0.6204727292060852
Cuticle,0.08129043132066727,-3.299921214580536,0.5346178412437439
Cuticle,0.07006915286183357,-3.3579792976379395,0.5433650240302086
Cuticle,-0.05765752587467432,-3.3487845063209534,0.6708792746067047
Cuticle,-0.062466643285006285,-3.2862187027931213,0.677709311246872
Cuticle,0.02378759579733014,-3.2862187027931213,0.677709311246872
Cuticle,0.01897847931832075,-3.3487845063209534,0.6708792895078659
Cuticle,-0.06768467836081982,-3.20994633436203,0.6813665181398392
Cuticle,-0.07342757703736424,-3.1122443079948425,0.6797517836093903
Cuticle,0.03590039676055312,-3.112244665622711,0.67975053191185
Cuticle,0.029005631804466248,-3.209946393966675,0.6813665181398392
Cuticle,0.09346584416925907,-3.217878997325897,0.6174404621124268
Cuticle,0.10878658294677734,-3.1230273842811584,0.6078804284334183
Cuticle,0.10878788493573666,-3.1392012238502502,0.500076524913311
Cuticle,0.09346584603190422,-3.2297779321670532,0.5215513706207275
Cuticle,0.02900565043091774,-3.237710475921631,0.45762529969215393
Cuticle,0.03590345289558172,-3.1499833464622498,0.4282080829143524
Cuticle,-0.07342450227588415,-3.149982988834381,0.4282093122601509
Cuticle,-0.06768464483320713,-3.237710416316986,0.45762526988983154
Cuticle,-0.1321448516100645,-3.2297778725624084,0.521551325917244
Cuticle,-0.14631068892776966,-3.139200448989868,0.5000794231891632
Cuticle,-0.14631200954318047,-3.1230266094207764,0.6078833490610123
Cuticle,-0.13214486837387085,-3.2178789377212524,0.6174404472112656
Cuticle,-0.136261073872447,-3.2176613211631775,0.6191898584365845
Cuticle,-0.15096623077988625,-3.1227312684059143,0.6098501980304718
Cuticle,-0.150964867323637,-3.1394948959350586,0.49811258912086487
Cuticle,-0.13626105524599552,-3.229994237422943,0.5198018103837967
Cuticle,-0.0694487327709794,-3.238216280937195,0.45354314148426056
Cuticle,-0.07541910978034139,-3.1506710052490234,0.42362000048160553
Cuticle,0.037898152600973845,-3.1506714820861816,0.42361871898174286
Cuticle,0.03076972533017397,-3.2382163405418396,0.45354317128658295
Cuticle,0.09758202731609344,-3.2299944162368774,0.5198018699884415
Cuticle,0.11344209127128124,-3.1394959688186646,0.4981096088886261
Cuticle,0.1134407389909029,-3.1227322220802307,0.609847217798233
Cuticle,0.09758202359080315,-3.217661499977112,0.619189903140068
Cuticle,0.030769703444093466,-3.2094393968582153,0.6854485869407654
Cuticle,0.037894987501204014,-3.111556053161621,0.6843398064374924
Cuticle,-0.07542228605598211,-3.1115556955337524,0.684341087937355
Cuticle,-0.0694487695582211,-3.2094393372535706,0.6854485720396042
Cuticle,0.04850876331329346,-2.981423854827881,0.6748446226119995
Cuticle,0.06145916529931128,-2.822705328464508,0.6541752517223358
Cuticle,-0.08669578447006643,-2.8227017521858215,0.654188260436058
Cuticle,-0.08142901957035065,-2.981422007083893,0.6748511046171188
Cuticle,0.13514518551528454,-3.016462564468384,0.46345099061727524
Cuticle,0.1624444331973791,-2.8615448474884033,0.41035229712724686
Cuticle,0.16023811511695385,-2.839345633983612,0.5588271617889404
Cuticle,0.13513844460248947,-2.995440125465393,0.5902845859527588
Cuticle,-0.08141326205804944,-3.030474603176117,0.37890607863664627
Cuticle,-0.08885952294804156,-2.8813763856887817,0.31723925471305847
Cuticle,0.0635563877876848,-2.8813799619674683,0.31722500920295715
Cuticle,0.04852450406178832,-3.03047639131546,0.37889958918094635
Cuticle,-0.16804970428347588,-2.995435953140259,0.5902997106313705
Cuticle,-0.1854567490518093,-2.839337408542633,0.5588574931025505
Cuticle,-0.1875113919377327,-2.8615366220474243,0.410383865237236
Cuticle,-0.16804294660687447,-3.0164584517478943,0.4634661227464676
Cuticle,-0.16270623356103897,-3.0160887837409973,0.4656984508037567
Cuticle,-0.18123021721839905,-2.860918402671814,0.4129726514220238
Cuticle,-0.17937148734927177,-2.8397768139839172,0.5563396438956261
Cuticle,-0.16271276399493217,-2.995806097984314,0.588066890835762
Cuticle,0.046237022848799825,-3.0296133756637573,0.3841090500354767
Cuticle,0.06075611081905663,-2.879902958869934,0.32297617197036743
Cuticle,-0.08605328272096813,-2.8798991441726685,0.32298988848924637
Cuticle,-0.07912631775252521,-3.029611587524414,0.3841153085231781
Cuticle,0.12980172783136368,-2.9958099126815796,0.5880522578954697
Cuticle,0.15415328927338123,-2.8397844433784485,0.5563103333115578
Cuticle,0.15616475604474545,-2.860926568508148,0.41294218599796295
Cuticle,0.12980823777616024,-3.0160927772521973,0.46568383276462555
Cuticle,-0.07914154208265245,-2.9822853803634644,0.6696416735649109
Cuticle,-0.08408737764693797,-2.8237265944480896,0.6483143121004105
Cuticle,0.058851819252595305,-2.8237298727035522,0.648301750421524
Cuticle,0.04622181900776923,-2.9822869896888733,0.6696354001760483
Cuticle,-0.0873404941521585,-2.654708981513977,0.6135494112968445
Cuticle,-0.090646235155873,-2.4839358925819397,0.5652827322483063
Cuticle,0.07827886391896755,-2.4839375615119934,0.565276637673378
Cuticle,0.06980430567637086,-2.6547123193740845,0.6135368496179581
Cuticle,0.17457618191838264,-2.6734015345573425,0.5131038874387741
Cuticle,0.1908998154103756,-2.506428897380829,0.4588528946042061
Cuticle,0.19925199076533318,-2.539474904537201,0.2954772040247917
Cuticle,0.18349392339587212,-2.6962956190109253,0.35687683522701263
Cuticle,-0.20091748237609863,-2.696287512779236,0.3569081798195839
Cuticle,-0.21153440698981285,-2.539471209049225,0.2954920418560505
Cuticle,-0.20325873047113419,-2.506425142288208,0.4588671401143074
Cuticle,-0.19209500774741173,-2.6733939051628113,0.5131332203745842
Cuticle,-0.19878501445055008,-2.6728824973106384,0.5158820822834969
Cuticle,-0.21045011654496193,-2.505810022354126,0.46177979558706284
Cuticle,-0.2194286249577999,-2.540160834789276,0.29252864792943
Cuticle,-0.20832476019859314,-2.6970643997192383,0.3541873097419739
Cuticle,0.19090227410197258,-2.697072982788086,0.3541548252105713
Cuticle,0.20715434104204178,-2.5401649475097656,0.29251327738165855
Cuticle,0.19809101149439812,-2.5058138966560364,0.4617650583386421
Cuticle,0.18126575648784637,-2.6728907227516174,0.5158517435193062
Cuticle,0.07267083320766687,-2.6535194516181946,0.6199494004249573
Cuticle,0.08136060019023716,-2.4825016856193542,0.5720721036195755
Cuticle,-0.09372846479527652,-2.4825000166893005,0.5720784217119217
Cuticle,-0.0902080750092864,-2.653515934944153,0.6199624091386795
Cuticle,0.09003747534006834,-2.3088037967681885,0.5127357766032219
Cuticle,0.09840653487481177,-2.125954568386078,0.43392711132764816
Cuticle,-0.11304275295697153,-2.125954031944275,0.43392709642648697
Cuticle,-0.10179660934954882,-2.3088038563728333,0.5127361491322517
Cuticle,0.21955419331789017,-2.386167585849762,0.2197064384818077
Cuticle,0.239373117685318,-2.224180281162262,0.13266818225383759
Cuticle,0.2393728792667389,-2.1652451157569885,0.3134235516190529
Cuticle,0.21792716532945633,-2.3391501903533936,0.39700382202863693
Cuticle,-0.10322332580108196,-2.409087359905243,0.101577028632164
Cuticle,-0.11304218554869294,-2.263469874858856,0.012164544314146042
Cuticle,0.09840709483250976,-2.26347017288208,0.01216457411646843
Cuticle,0.09173729817848653,-2.4090871810913086,0.10157693177461624
Cuticle,-0.2296856828033924,-2.339150369167328,0.3970046788454056
Cuticle,-0.25400879234075546,-2.165243983268738,0.313423503190279
Cuticle,-0.25400854647159576,-2.2241793870925903,0.1326681189239025
Cuticle,-0.2311851941049099,-2.386167883872986,0.21970701962709427
Cuticle,-0.22312447801232338,-2.3853789567947388,0.22291291505098343
Cuticle,-0.24532388895750046,-2.223142147064209,0.13584980741143227
Cuticle,-0.24532412365078926,-2.166281521320343,0.310241736471653
Cuticle,-0.22180664539337158,-2.339951276779175,0.39394890516996384
Cuticle,0.08816843130625784,-2.407330274581909,0.10885417088866234
Cuticle,0.09468505973927677,-2.2610498666763306,0.019588518887758255
Cuticle,-0.10932021145708859,-2.261049509048462,0.019588526338338852
Cuticle,-0.09967002621851861,-2.4073305130004883,0.10885428637266159
Cuticle,0.2100481130182743,-2.3399510383605957,0.3939480632543564
Cuticle,0.2306882031261921,-2.1662824153900146,0.3102417550981045
Cuticle,0.2306884229183197,-2.223142981529236,0.13584981113672256
Cuticle,0.21148812025785446,-2.3853785395622253,0.22291231527924538
Cuticle,-0.09841986966785043,-2.310673177242279,0.5056060925126076
Cuticle,-0.10932074929587543,-2.1283745765686035,0.4265030398964882
Cuticle,0.09468453680165112,-2.128374993801117,0.4265030473470688
Cuticle,0.08666074799839407,-2.3106731176376343,0.5056057348847389
Cuticle,-0.11625230149365962,-1.9246814846992493,0.3098487891256809
Cuticle,-0.1172279859893024,-1.7027920484542847,0.1648841891437769
Cuticle,0.10074167000129819,-1.7028045952320099,0.1648672502487898
Cuticle,0.09943414269946516,-1.924687147140503,0.30984169244766235
Cuticle,0.2432304248213768,-1.96896693110466,0.19104794412851334
Cuticle,0.24606719240546227,-1.7487376630306244,0.044545527547597885
Cuticle,0.24608582630753517,-1.8176246881484985,-0.13592011854052544
Cuticle,0.2432384081184864,-2.035380780696869,0.012864407151937485
Cuticle,0.09945279895327985,-2.079653024673462,-0.10591987520456314
Cuticle,0.10078518185764551,-1.8635410368442535,-0.2562192566692829
Cuticle,-0.1171844257041812,-1.8635285794734955,-0.2562023103237152
Cuticle,-0.11623360798694193,-2.079647481441498,-0.10591276362538338
Cuticle,-0.2600299045443535,-2.0353677570819855,0.012880980968475342
Cuticle,-0.2625099644064903,-1.817595511674881,-0.13588058575987816
Cuticle,-0.2625286467373371,-1.7487083971500397,0.044585052877664566
Cuticle,-0.2600379250943661,-1.968953788280487,0.19106450304389
Cuticle,-0.2692199908196926,-1.9677415788173676,0.19431575387716293
Cuticle,-0.27180808782577515,-1.747450739145279,0.04787834361195564
Cuticle,-0.27178874239325523,-1.8188512921333313,-0.13917241618037224
Cuticle,-0.26921168342232704,-2.0365787744522095,0.009630415588617325
Cuticle,-0.12016837461851537,-2.082474112510681,-0.11349803954362869
Cuticle,-0.12116041406989098,-1.8664602935314178,-0.26388460770249367
Cuticle,0.1047627404332161,-1.8664732873439789,-0.26390213519334793
Cuticle,0.10338827432133257,-2.0824798345565796,-0.11350538209080696
Cuticle,0.25242050737142563,-2.036592334508896,0.009613290429115295
Cuticle,0.2553652971982956,-1.8188816905021667,-0.13921331614255905
Cuticle,0.25534598529338837,-1.7474812269210815,0.04783742129802704
Cuticle,0.25241221860051155,-1.9677552580833435,0.1942986212670803
Cuticle,0.10336892050690949,-1.9218599498271942,0.3174270689487457
Cuticle,0.10471765138208866,-1.699872225522995,0.17254960536956787
Cuticle,-0.1212055366486311,-1.6998591423034668,0.17256715521216393
Cuticle,-0.12018774705938995,-1.9218541085720062,0.3174344189465046
Cuticle,0.10513763118069619,-1.478790044784546,0.036141762509942055
Cuticle,0.10603408294264227,-1.270538717508316,-0.07160509936511517
Cuticle,-0.11677777988370508,-1.2705320715904236,-0.0715952068567276
Cuticle,-0.11932316061574966,-1.4787766337394714,0.03616032749414444
Cuticle,0.25481199845671654,-1.5877206921577454,-0.2862381674349308
Cuticle,0.25459324568510056,-1.3565391898155212,-0.41036440432071686
Cuticle,0.2545824907720089,-1.304941564798355,-0.2071127761155367
Cuticle,0.2547916956245899,-1.5223676264286041,-0.0928176362067461
Cuticle,-0.11927573930006474,-1.6312671899795532,-0.4151543453335762
Cuticle,-0.11675264791119844,-1.3909264206886292,-0.5458491295576096
Cuticle,0.10605919256340712,-1.390933096408844,-0.5458589494228363
Cuticle,0.10518502641934901,-1.6312805116176605,-0.41517285257577896
Cuticle,-0.26895013451576233,-1.5223364233970642,-0.09277434647083282
Cuticle,-0.265311848372221,-1.3049259781837463,-0.20708974078297615
Cuticle,-0.26530107110738754,-1.35652357339859,-0.41034144163131714
Cuticle,-0.2689298056066036,-1.5876895785331726,-0.28619493544101715
Cuticle,-0.2597110904753208,-1.586540162563324,-0.28279099985957146
Cuticle,-0.25614991039037704,-1.3556159138679504,-0.40676411986351013
Cuticle,-0.25616033375263214,-1.3058346807956696,-0.21066789701581
Cuticle,-0.2597307339310646,-1.5234876573085785,-0.0961797945201397
Cuticle,0.10123318817932159,-1.62859645485878,-0.4072283059358597
Cuticle,0.10213676874991506,-1.388814002275467,-0.5375107899308205
Cuticle,-0.1128310669446364,-1.3888076543807983,-0.5375012755393982
Cuticle,-0.11532551783602685,-1.6285836696624756,-0.40721040219068527
Cuticle,0.2455729879438877,-1.5235175490379333,-0.09622161276638508
Cuticle,0.2454313337802887,-1.305849552154541,-0.21069016493856907
Cuticle,0.2454417236149311,-1.355630785226822,-0.40678635984659195
Cuticle,0.24559258669614792,-1.5865700542926788,-0.2828327976167202
Cuticle,-0.11537132109515369,-1.481461226940155,0.028215724974870682
Cuticle,-0.11285536654759198,-1.2726514637470245,-0.07994345016777515
Cuticle,0.10211250267457217,-1.2726578116416931,-0.07995299249887466
Cuticle,0.10118742962367833,-1.4814740121364594,0.028197800740599632
Cuticle,-0.11090271960711107,-1.081532970070839,-0.15577346086502075
Cuticle,-0.11051675182534382,-0.9074126780033112,-0.197981096804142
Cuticle,0.1055081796948798,-0.9074125438928604,-0.19798190891742706
Cuticle,0.103618755529169,-1.0815341770648956,-0.15577589347958565
Cuticle,0.2466348148882389,-1.1028967201709747,-0.29077739641070366
Cuticle,0.24952535703778267,-0.916559025645256,-0.33478350192308426
Cuticle,0.24952619150280952,-0.9302787780761719,-0.5399851053953171
Cuticle,0.24663743004202843,-1.1349392235279083,-0.4932772144675255
Cuticle,0.10362487891688943,-1.1563001573085785,-0.6282754689455032
Cuticle,0.10551015211967751,-0.9394253641366959,-0.6767856180667877
Cuticle,-0.11051474587293342,-0.9394254982471466,-0.6767847985029221
Cuticle,-0.11089657014235854,-1.1562990248203278,-0.6282730549573898
Cuticle,-0.25391263514757156,-1.1349364519119263,-0.4932715520262718
Cuticle,-0.25453193113207817,-0.9302790760993958,-0.5399832129478455
Cuticle,-0.2545327991247177,-0.9165593236684799,-0.33478161692619324
Cuticle,-0.2539152763783932,-1.1028938740491867,-0.2907717153429985
Cuticle,-0.26304764300584793,-1.102308988571167,-0.28707705065608025
Cuticle,-0.26372912898659706,-0.9163086414337158,-0.331037737429142
Cuticle,-0.2637282572686672,-0.9305291175842285,-0.5437270626425743
Cuticle,-0.26304492726922035,-1.1355206668376923,-0.49696602672338486
Cuticle,-0.11481032957090065,-1.1576626598834991,-0.6368936598300934
Cuticle,-0.11445601080777124,-0.9400093257427216,-0.6855204701423645
Cuticle,0.10945148224709556,-0.9400092661380768,-0.6855212301015854
Cuticle,0.10753884102450684,-1.157664030790329,-0.6368961185216904
Cuticle,0.2557698115706444,-1.1355238556861877,-0.4969717860221863
Cuticle,0.25872256234288216,-0.930528923869133,-0.5437288656830788
Cuticle,0.2587217055261135,-0.9163084179162979,-0.33103958517313004
Cuticle,0.2557671144604683,-1.1023120731115341,-0.28708286955952644
Cuticle,0.10753253428265452,-1.0801700055599213,-0.1471552550792694
Cuticle,0.10944947018288076,-0.9068281501531601,-0.18924619257450104
Cuticle,-0.11445803777314723,-0.9068282395601273,-0.18924538791179657
Cuticle,-0.11481665493920445,-1.0801687389612198,-0.14715273678302765
Cuticle,0.11129232944222167,-0.7437499463558197,-0.1988886408507824
Cuticle,0.11305428779451177,-0.5762645080685616,-0.1735740639269352
Cuticle,-0.12025952228577808,-0.5762656554579735,-0.17356913536787033
Cuticle,-0.1164911754312925,-0.7437504380941391,-0.19888613000512123
Cuticle,0.2631524056196213,-0.7430763393640518,-0.5605930685997009
Cuticle,0.26860541850328445,-0.5556891709566116,-0.5471884980797768
Cuticle,0.2686002589762211,-0.5680339187383652,-0.3230218067765236
Cuticle,0.26314975693821907,-0.7434802949428558,-0.34357142075896263
Cuticle,-0.11648496624547988,-0.7428079694509506,-0.7052700519561768
Cuticle,-0.12024745834060013,-0.547461248934269,-0.6966248452663422
Cuticle,0.11306633311323822,-0.5474601238965988,-0.6966297179460526
Cuticle,0.1112985200015828,-0.7428074330091476,-0.7052725106477737
Cuticle,-0.26834506541490555,-0.7434815466403961,-0.34356558695435524
Cuticle,-0.27579861879348755,-0.5680365860462189,-0.3230103440582752
Cuticle,-0.2757934406399727,-0.5556918159127235,-0.5471770912408829
Cuticle,-0.26834239810705185,-0.7430776357650757,-0.5605872869491577
Cuticle,-0.2589869238436222,-0.7430846989154816,-0.5567672401666641
Cuticle,-0.2662108689546585,-0.5559086352586746,-0.5432313904166222
Cuticle,-0.26621586084365845,-0.5678189545869827,-0.32695648446679115
Cuticle,-0.25898950919508934,-0.7434745728969574,-0.34738582745194435
Cuticle,0.10728887433651835,-0.74282406270504,-0.6963589936494827
Cuticle,0.10895923123462126,-0.5479671135544777,-0.6874226927757263
Cuticle,-0.11614083155291155,-0.5479678884148598,-0.6874178797006607
Cuticle,-0.11247556691523641,-0.7428244650363922,-0.6963565051555634
Cuticle,0.25379423797130585,-0.7434735745191574,-0.3473915681242943
Cuticle,0.2590176612138748,-0.5678170472383499,-0.32696764543652534
Cuticle,0.25902262330055237,-0.5559067949652672,-0.5432425886392593
Cuticle,0.2537967897951603,-0.7430837452411652,-0.5567730069160461
Cuticle,-0.11248157947557047,-0.7437341958284378,-0.20779983326792717
Cuticle,-0.11615246144356206,-0.575758621096611,-0.18277638033032417
Cuticle,0.10894763114629313,-0.5757577791810036,-0.1827811561524868
Cuticle,0.10728289530379698,-0.743733748793602,-0.20780229568481445
Cuticle,-0.1194558284478262,-0.38056448847055435,-0.1167706698179245
Cuticle,-0.1212981310673058,-0.16236543282866478,-0.01698510069400072
Cuticle,0.11347186518833041,-0.1623650137335062,-0.016987466253340244
Cuticle,0.11100969917606562,-0.3805636465549469,-0.11677543446421623
Cuticle,0.2646566927433014,-0.3613054119050503,-0.26556083373725414
Cuticle,0.2698485217988491,-0.12958960933610797,-0.16906448733061552
Cuticle,0.26964351534843445,-0.08042691880837083,-0.39717765897512436
Cuticle,0.26466165855526924,-0.33241888135671616,-0.4887341856956482
Cuticle,0.11102130461949855,-0.3131616972386837,-0.6375132352113724
Cuticle,0.11327020038152114,-0.04765202850103378,-0.5492515340447426
Cuticle,-0.12108476873254403,-0.04765240661799908,-0.549249142408371
Cuticle,-0.11944419320207089,-0.3131624460220337,-0.637508437037468
Cuticle,-0.2730911895632744,-0.3324207067489624,-0.4887230172753334
Cuticle,-0.2774614207446575,-0.08042782871052623,-0.39717210084199905
Cuticle,-0.2776714414358139,-0.12959056021645665,-0.1690589552745223
Cuticle,-0.2730961851775646,-0.361307330429554,-0.26554969884455204
Cuticle,-0.2829073518514633,-0.36183490976691246,-0.261477692052722
Cuticle,-0.28766076266765594,-0.13049178896471858,-0.16488228645175695
Cuticle,-0.2874430976808071,-0.0795352510176599,-0.4013191945850849
Cuticle,-0.28290218114852905,-0.3318943791091442,-0.49279453605413437
Cuticle,-0.12364871136378497,-0.311933234333992,-0.647009015083313
Cuticle,-0.12536036607343704,-0.045563703402876854,-0.5589453727006912
Cuticle,0.11754604417365044,-0.04556291364133358,-0.558947779238224
Cuticle,0.11522630148101598,-0.3119320310652256,-0.6470138728618622
Cuticle,0.2744728736579418,-0.33189157396554947,-0.49280592799186707
Cuticle,0.2796253189444542,-0.07953350804746151,-0.4013248346745968
Cuticle,0.27983781322836876,-0.13049020897597075,-0.16488796286284924
Cuticle,0.27446771785616875,-0.3618321307003498,-0.26148915477097034
Cuticle,0.11521426169201732,-0.3817932680249214,-0.1072746803984046
Cuticle,0.11775509006110951,-0.16446177195757627,-0.0072617484256625175
Cuticle,-0.12558147945674136,-0.164462398737669,-0.007259305566549301
Cuticle,-0.12366076605394483,-0.38179444521665573,-0.10726975183933973
Cuticle,0.12016356328967959,0.04490011278539896,0.10589443892240524
Cuticle,0.12313257151981816,0.23858940228819847,0.22285320982336998
Cuticle,-0.1263017543242313,0.23858939111232758,0.22285316698253155
Cuticle,-0.1258970614289865,0.044899944216012955,0.10589489433914423
Cuticle,0.2824126183986664,0.14920922182500362,-0.2912132050842047
Cuticle,0.2854890711605549,0.34212252125144005,-0.17483513441402465
Cuticle,0.28784890472888947,0.2800026535987854,0.06377788993995637
Cuticle,0.2834874428808689,0.08662383351475,-0.05294879339635372
Cuticle,-0.12482049502432346,0.19093226082623005,-0.4500553607940674
Cuticle,-0.12394190568011254,0.3835356831550598,-0.3339105695486069
Cuticle,0.12077274557668716,0.3835357278585434,-0.3339105136692524
Cuticle,0.11908943764865398,0.1909325923770666,-0.4500558227300644
Cuticle,-0.28922024741768837,0.08662333013489842,-0.05294774565845728
Cuticle,-0.2910180874168873,0.2800026051700115,0.06377777876332402
Cuticle,-0.2886582463979721,0.3421224392950535,-0.17483525862917304
Cuticle,-0.28814437985420227,0.1492085554637015,-0.2912121508270502
Cuticle,-0.27810123935341835,0.1481259767897427,-0.2870913967490196
Cuticle,-0.2785518802702427,0.34106896445155144,-0.1707949887495488
Cuticle,-0.28082868084311485,0.28113657981157303,0.05941769224591553
Cuticle,-0.2791392579674721,0.08774417964741588,-0.05721508804708719
Cuticle,0.11479603353654966,0.1883806474506855,-0.44034308195114136
Cuticle,0.11646520684007555,0.3810238912701607,-0.3242701143026352
Cuticle,-0.11963431944604963,0.3810238912701607,-0.3242701143026352
Cuticle,-0.12052712362492457,0.18838057108223438,-0.44034259766340256
Cuticle,0.27340642362833023,0.08774437801912427,-0.057216147892177105
Cuticle,0.27765947207808495,0.2811365909874439,0.05941774253733456
Cuticle,0.27538272365927696,0.34106897562742233,-0.17079496453516185
Cuticle,0.2723694518208504,0.1481261602602899,-0.2870924938470125
Cuticle,-0.12156584247713909,0.0474897064268589,0.0960354981943965
Cuticle,-0.12191115639870986,0.24118167161941528,0.212892834097147
Cuticle,0.11874191887909546,0.24118167161941528,0.21289286017417908
Cuticle,0.11583230510586873,0.047489797696471214,0.09603505115956068
Cuticle,-0.12058490514755249,0.6496304273605347,0.41970162093639374
Cuticle,0.11832170560956001,0.6496304571628571,0.41970160603523254
Cuticle,0.27571989223361015,0.6774592250585556,0.2736405972391367
Cuticle,0.27291056141257286,0.7192023545503616,0.05454910732805729
Cuticle,-0.2751735672354698,0.7192023247480392,0.05454917112365365
Cuticle,-0.27798301726579666,0.677459180355072,0.2736406475305557
Cuticle,-0.28808511793613434,0.6766573339700699,0.27782760187983513
Cuticle,-0.2851731777191162,0.7199244797229767,0.0507415528409183
Cuticle,0.28291013836860657,0.7199244797229767,0.050741600804030895
Cuticle,0.28582198917865753,0.6766573339700699,0.27782766707241535
Cuticle,0.12268046895042062,0.6478125602006912,0.4292183667421341
Cuticle,-0.12494366010650992,0.6478125602006912,0.4292183294892311
Cuticle,0.11495521292090416,0.885950356721878,0.5016950145363808
Cuticle,0.11097045545466244,1.1429564654827118,0.5460155457258224
Cuticle,-0.11852874304167926,1.1429563164710999,0.5460151359438896
Cuticle,-0.11964612081646919,0.8859503269195557,0.5016951262950897
Cuticle,0.26812339946627617,0.9322286397218704,0.13734998926520348
Cuticle,0.26257286593317986,1.1632250249385834,0.17366329859942198
Cuticle,0.26341110095381737,1.1510639488697052,0.397074818611145
Cuticle,0.27006302028894424,0.904461681842804,0.35595695674419403
Cuticle,-0.11770588759100065,0.9507395923137665,-0.008387797977775335
Cuticle,-0.11769170238403603,1.1713314950466156,0.024721575900912285
Cuticle,0.11013174505205825,1.171332061290741,0.02472200244665146
Cuticle,0.1130158394225873,0.9507398158311844,-0.008387912064790726
Cuticle,-0.2747536897659302,0.9044614732265472,0.3559572175145149
Cuticle,-0.2709698714315891,1.1510632932186127,0.3970738500356674
Cuticle,-0.2701323553919792,1.1632239520549774,0.17366231326013803
Cuticle,-0.27281370386481285,0.9322282373905182,0.1373502523638308
Cuticle,-0.26329193636775017,0.9317627996206284,0.14107456477358937
Cuticle,-0.2607554718852043,1.1630201637744904,0.1775419246405363
Cuticle,-0.2615635022521019,1.1512876152992249,0.3930881842970848
Cuticle,-0.265163641422987,0.9049740135669708,0.3519854210317135
Cuticle,0.10895461810287088,0.9496221095323563,0.00046706758439540863
Cuticle,0.10612155578564852,1.1708422899246216,0.03384502185508609
Cuticle,-0.11368144594598562,1.1708420515060425,0.03384466050192714
Cuticle,-0.11364462750498205,0.9496220350265503,0.0004672226496040821
Cuticle,0.26047299057245255,0.904974177479744,0.35198507457971573
Cuticle,0.25400473922491074,1.1512881815433502,0.39308904111385345
Cuticle,0.25319602712988853,1.1630207002162933,0.17754277028143406
Cuticle,0.2586016617715359,0.9317629486322403,0.14107420481741428
Cuticle,-0.11551658500684425,0.887114867568016,0.49259255826473236
Cuticle,-0.11448902444681153,1.1434660851955414,0.5367859303951263
Cuticle,0.1069307197467424,1.1434663534164429,0.5367863029241562
Cuticle,0.11082569445716217,0.8871149569749832,0.492592416703701
Cuticle,-0.11482489277841523,1.3999647200107574,0.5517423301935196
Cuticle,-0.11401205143192783,1.6533065140247345,0.5299033373594284
Cuticle,0.10801371926208958,1.6533076465129852,0.5299099236726761
Cuticle,0.10687906126258895,1.3999654054641724,0.5517453998327255
Cuticle,0.2545718476176262,1.3972049951553345,0.40504515171051025
Cuticle,0.25602642074227333,1.6398171484470367,0.3849583640694618
Cuticle,0.2560197040438652,1.6195802688598633,0.16752444673329592
Cuticle,0.2544070668518543,1.393063724040985,0.184991717338562
Cuticle,0.10671015485422686,1.3903024792671204,0.03828738920856267
Cuticle,0.10799806873546913,1.606088250875473,0.022564096027053893
Cuticle,-0.11402766843093559,1.6060871183872223,0.022557495743967593
Cuticle,-0.11467042536241934,1.3903018236160278,0.03828432329464704
Cuticle,-0.2623632103204727,1.3930622041225433,0.18498456850647926
Cuticle,-0.262040376663208,1.6195776462554932,0.16750905476510525
Cuticle,-0.26203369349241257,1.6398145258426666,0.38494298607110977
Cuticle,-0.26252180337905884,1.3972034454345703,0.4050379991531372
Cuticle,-0.2719559632241726,1.3972764015197754,0.4090634658932686
Cuticle,-0.27148541435599327,1.640183538198471,0.3889099508523941
Cuticle,-0.2714923433959484,1.6192076206207275,0.16354185435920954
Cuticle,-0.27179158478975296,1.392983615398407,0.18098028376698494
Cuticle,-0.11870958673534915,1.390122503042221,0.028926972299814224
Cuticle,-0.11807874735677615,1.6052246689796448,0.013301022350788116
Cuticle,0.11204856861149892,1.6052261888980865,0.01330786943435669
Cuticle,0.11074902099790052,1.3901236057281494,0.0289301835000515
Cuticle,0.26383528858423233,1.392985761165619,0.18098777160048485
Cuticle,0.265471413731575,1.6192106902599335,0.16355783585458994
Cuticle,0.26547836512327194,1.640185832977295,0.3889259323477745
Cuticle,0.2640060819685459,1.3972778618335724,0.4090709462761879
Cuticle,0.1109240892692469,1.4001389741897583,0.5611242651939392
Cuticle,0.11206477705854923,1.6541687548160553,0.539166770875454
Cuticle,-0.11806256126146764,1.6541680097579956,0.5391599237918854
Cuticle,-0.11886969028273597,1.4001385569572449,0.5611210614442825
Cuticle,0.11361438652966172,1.915025681257248,0.48198122531175613
Cuticle,0.11359193420503289,2.180235743522644,0.39845985919237137
Cuticle,-0.1187522237887606,2.1802353858947754,0.3984563499689102
Cuticle,-0.11853889876510948,1.9150249361991882,0.481974259018898
Cuticle,0.26837141066789627,1.8568604588508606,0.1101980796083808
Cuticle,0.2684820890426636,2.108694016933441,0.029628586024045944
Cuticle,0.2684856578707695,2.1516191959381104,0.25092875212430954
Cuticle,0.26837850734591484,1.8917599022388458,0.33327075839042664
Cuticle,-0.11855541029945016,1.8335919082164764,-0.03852864634245634
Cuticle,-0.11876049597049132,2.0800761282444,-0.11791067756712437
Cuticle,0.11358362849568948,2.0800767838954926,-0.11790718324482441
Cuticle,0.11359784519299865,1.8335932493209839,-0.038521683774888515
Cuticle,-0.2733124792575836,1.891757756471634,0.33325450867414474
Cuticle,-0.2736506909132004,2.151618242263794,0.250920582562685
Cuticle,-0.2736542262136936,2.108692765235901,0.02962043136358261
Cuticle,-0.2733195461332798,1.856857717037201,0.1101818336173892
Cuticle,-0.26378437504172325,1.8574722707271576,0.11410858808085322
Cuticle,-0.2641112916171551,2.10944801568985,0.033515801187604666
Cuticle,-0.2641078904271126,2.1508618593215942,0.24702503718435764
Cuticle,-0.26377756148576736,1.89114311337471,0.32932792231440544
Cuticle,0.10951169405598193,1.8350268602371216,-0.02935976441949606
Cuticle,0.1094939797767438,2.0818397104740143,-0.10881806444376707
Cuticle,-0.11467054713284597,2.081839144229889,-0.10882144654169679
Cuticle,-0.11446867312770337,1.8350257575511932,-0.02936649089679122
Cuticle,0.2588433399796486,1.8911455273628235,0.3293435834348202
Cuticle,0.25894271954894066,2.150862991809845,0.2470329012721777
Cuticle,0.2589392885565758,2.1094492971897125,0.033523679710924625
Cuticle,0.2588364966213703,1.8574747741222382,0.11412427015602589
Cuticle,-0.1144527557771653,1.9135909974575043,0.4728119596838951
Cuticle,-0.11466259096050635,2.1784713864326477,0.3893667832016945
Cuticle,0.1095019657514058,2.178471803665161,0.3893701508641243
Cuticle,0.1095276412088424,1.9135920107364655,0.47281866520643234
Cuticle,-0.1092704827315174,2.4331549406051636,0.29582203179597855
Cuticle,-0.09901821950916201,2.6727123260498047,0.2079652100801468
Cuticle,0.09608969872351736,2.6727123260498047,0.2079652138054371
Cuticle,0.10490601934725419,2.4331550002098083,0.29582270234823227
Cuticle,0.24768990278244019,2.4062944054603577,0.15917562507092953
Cuticle,0.2261616438627243,2.6517372727394104,0.08145461324602365
Cuticle,0.2261616475880146,2.620274782180786,-0.1083113020285964
Cuticle,0.24768922477960587,2.3660033345222473,-0.045795662328600883
Cuticle,0.10490445647155866,2.3391424417495728,-0.18244364112615585
Cuticle,0.09608972759451717,2.599299728870392,-0.23482191190123558
Cuticle,-0.0990181645611301,2.599299728870392,-0.23482191935181618
Cuticle,-0.10927201580489054,2.339142322540283,-0.18244431912899017
Cuticle,-0.25205589458346367,2.3660030364990234,-0.04579723812639713
Cuticle,-0.2290901131927967,2.620274782180786,-0.10831131879240274
Cuticle,-0.2290901429951191,2.6517372727394104,0.08145460020750761
Cuticle,-0.25205524638295174,2.4062941670417786,0.15917405672371387
Cuticle,-0.26117290183901787,2.4070300459861755,0.1629139445722103
Cuticle,-0.23739607632160187,2.6523117423057556,0.08491709269583225
Cuticle,-0.23739604651927948,2.6197010278701782,-0.11177334375679493
Cuticle,-0.2611735835671425,2.3652684688568115,-0.04953669756650925
Cuticle,-0.11317962262546644,2.3374274373054504,-0.19116998836398125
Cuticle,-0.10257785103749484,2.5979607105255127,-0.2429002858698368
Cuticle,0.09964939870405942,2.597960889339447,-0.24290026724338531
Cuticle,0.10881199833238497,2.3374276161193848,-0.19116928614676
Cuticle,0.256806880235672,2.3652687072753906,-0.04953504540026188
Cuticle,0.23446756601333618,2.619701325893402,-0.1117732934653759
Cuticle,0.23446756601333618,2.65231192111969,0.08491715043783188
Cuticle,0.2568075880408287,2.407030165195465,0.16291561722755432
Cuticle,0.10881363652879372,2.434871196746826,0.3045489080250263
Cuticle,0.09964938054326922,2.6740522980690002,0.2160440944135189
Cuticle,-0.10257789900060743,2.6740522384643555,0.21604406833648682
Cuticle,-0.11317801050608978,2.4348711371421814,0.3045481853187084
Cuticle,0.09002267243340611,2.9029470682144165,0.1485905759036541
Cuticle,0.08264769334346056,3.1158726811408997,0.10886499285697937
Cuticle,-0.08954304736107588,3.115872859954834,0.10886332392692566
Cuticle,-0.09399971319362521,2.902946949005127,0.1485905535519123
Cuticle,0.21270425245165825,2.8676677346229553,-0.15466266125440598
Cuticle,0.19743895903229713,3.0996654629707336,-0.1765445526689291
Cuticle,0.1974404975771904,3.1093897819519043,-0.005298154428601265
Cuticle,0.21270425990223885,2.8888354301452637,0.027289289981126785
Cuticle,-0.09399968874640763,2.8535556197166443,-0.27596401050686836
Cuticle,-0.08954659826122224,3.093182682991028,-0.2907116413116455
Cuticle,0.0826441200915724,3.093182623386383,-0.29070995002985
Cuticle,0.09002267080359161,2.8535558581352234,-0.275963980704546
Cuticle,-0.21668129786849022,2.888835072517395,0.027289222925901413
Cuticle,-0.20433789119124413,3.109390079975128,-0.005302073433995247
Cuticle,-0.2043394073843956,3.099665641784668,-0.17654849402606487
Cuticle,-0.21668127924203873,2.867667257785797,-0.15466273576021194
Cuticle,-0.20912306010723114,2.8680399656295776,-0.15146008972078562
Cuticle,-0.19726714119315147,3.0998375415802,-0.17353416047990322
Cuticle,-0.19726568460464478,3.1092187762260437,-0.008316544815897942
Cuticle,-0.20912307873368263,2.8884621262550354,0.024086195044219494
Cuticle,0.08678344369400293,2.8544252514839172,-0.2684909217059612
Cuticle,0.07961321622133255,3.093583047389984,-0.28367654979228973
Cuticle,-0.08651557937264442,3.093583345413208,-0.28367816656827927
Cuticle,-0.09076044976245612,2.8544252514839172,-0.2684909366071224
Cuticle,0.20514604076743126,2.88846218585968,0.024086239747703075
Cuticle,0.19036820530891418,3.109218180179596,-0.008312774822115898
Cuticle,0.1903667263686657,3.0998369455337524,-0.17353039048612118
Cuticle,0.20514603704214096,2.8680400252342224,-0.15146004874259233
Cuticle,-0.09076047770213336,2.902077078819275,0.14111706241965294
Cuticle,-0.08651216339785606,3.115472972393036,0.10182960703969002
Cuticle,0.07961665454786271,3.115472674369812,0.10183122381567955
Cuticle,0.08678343810606748,2.902077078819275,0.14111708104610443
Cuticle,-0.08344839420169592,3.2964136004447937,0.08788612484931946
Cuticle,-0.0790002595167607,3.449348568916321,0.09335745871067047
Cuticle,0.07473554578609765,3.4493460655212402,0.09337259829044342
Cuticle,0.07611773256212473,3.2964122891426086,0.08789406344294548
Cuticle,0.1824902482330799,3.2982327342033386,-0.016725387424230576
Cuticle,0.17721683904528618,3.4591771960258484,-0.004818517714738846
Cuticle,0.1772029846906662,3.473926365375519,-0.15212032943964005
Cuticle,0.18248290568590164,3.300964891910553,-0.17366249859333038
Cuticle,0.07610061392188072,3.3027872443199158,-0.27829254046082497
Cuticle,0.07470322924200445,3.4837607741355896,-0.25033163651824
Cuticle,-0.0790325574344024,3.48376327753067,-0.2503467798233032
Cuticle,-0.08346549049019814,3.3027886152267456,-0.2783004939556122
Cuticle,-0.1898380182683468,3.3009679913520813,-0.17368104495108128
Cuticle,-0.18151386082172394,3.473932206630707,-0.1521556656807661
Cuticle,-0.18150002509355545,3.4591830372810364,-0.004853850230574608
Cuticle,-0.1898306980729103,3.298235774040222,-0.016743918880820274
Cuticle,-0.19662340357899666,3.2981860041618347,-0.013880811631679535
Cuticle,-0.18804441392421722,3.4589139223098755,-0.0021668076515197754
Cuticle,-0.1880587600171566,3.4742009043693542,-0.15484371036291122
Cuticle,-0.19663099572062492,3.3010169863700867,-0.17654459923505783
Cuticle,-0.08637701527914032,3.3029035329818726,-0.2849816083908081
Cuticle,-0.08183799200924113,3.484390676021576,-0.25661781430244446
Cuticle,0.07750749698607251,3.4843884706497192,-0.25660207495093346
Cuticle,0.07901153160491958,3.302902340888977,-0.2849733307957649
Cuticle,0.18927563726902008,3.301014244556427,-0.17652531526982784
Cuticle,0.18374738842248917,3.474195659160614,-0.15480700694024563
Cuticle,0.18376175314188004,3.4589085578918457,-0.0021301526576280594
Cuticle,0.18928325548768044,3.2981831431388855,-0.013861576095223427
Cuticle,0.07902928453404456,3.2962964177131653,0.0945754274725914
Cuticle,0.07754099485464394,3.4487186670303345,0.09964394941926003
Cuticle,-0.0818045127671212,3.4487209916114807,0.0996282584965229
Cuticle,-0.08635928842704743,3.2962977290153503,0.0945671983063221
Cuticle,0.0734250919194892,3.5986719727516174,0.11420665681362152
Cuticle,0.06515342637430876,3.7461209893226624,0.13103806599974632
Cuticle,-0.06258236907888204,3.7461196780204773,0.13103841990232468
Cuticle,-0.07343950483482331,3.598673403263092,0.1141938827931881
Cuticle,0.1713164523243904,3.638852834701538,-0.11268732883036137
Cuticle,0.15109438635408878,3.797198235988617,-0.05985442362725735
Cuticle,0.15031157061457634,3.7648288011550903,0.05516748130321503
Cuticle,0.17132747173309326,3.614743709564209,0.023454176262021065
Cuticle,-0.07346518617123365,3.6549277901649475,-0.2034696787595749
Cuticle,-0.06441951508168131,3.813879609107971,-0.13685664720833302
Cuticle,0.06548066658433527,3.813881278038025,-0.13685797527432442
Cuticle,0.07339939568191767,3.6549264788627625,-0.20345687121152878
Cuticle,-0.17135656997561455,3.614747107028961,0.023424340412020683
Cuticle,-0.1477386076003313,3.7648256421089172,0.055168306455016136
Cuticle,-0.14912017807364464,3.797194719314575,-0.05985262431204319
Cuticle,-0.1713675744831562,3.6388561129570007,-0.11271719820797443
Cuticle,-0.16533535346388817,3.638431668281555,-0.11032036691904068
Cuticle,-0.14384236000478268,3.7966668605804443,-0.05778684467077255
Cuticle,-0.14249220676720142,3.7653194665908813,0.05316482298076153
Cuticle,-0.16532473638653755,3.615171492099762,0.02102820947766304
Cuticle,0.07081468205433339,3.6539355516433716,-0.1978655457496643
Cuticle,0.06320065702311695,3.812691867351532,-0.1321325320750475
Cuticle,-0.0621396463830024,3.8126904368400574,-0.13213122636079788
Cuticle,-0.07087958429474384,3.6539372205734253,-0.19787786900997162
Cuticle,0.16529523581266403,3.6151674389839172,0.02105696313083172
Cuticle,0.1450652051717043,3.7653220295906067,0.05316398851573467
Cuticle,0.14581646025180817,3.7966697812080383,-0.057788627222180367
Cuticle,0.16528460383415222,3.6384276747703552,-0.110291613265872
Cuticle,-0.07085480203386396,3.599663496017456,0.1086021438241005
Cuticle,-0.06033386231865734,3.7472720742225647,0.1263638697564602
Cuticle,0.06290503276977688,3.7472731471061707,0.12636351212859154
Cuticle,0.07083947921637446,3.5996617674827576,0.1086144670844078
Cuticle,-0.052394093945622444,3.866616129875183,0.14177143201231956
Cuticle,-0.04726428887806833,3.9558091163635254,0.1544024869799614
Cuticle,0.04088294901885092,3.955817461013794,0.15438108891248703
Cuticle,0.052513835951685905,3.8666200041770935,0.14175975695252419
Cuticle,0.12245902605354786,3.8847616314888,0.082379300147295
Cuticle,0.0996580459177494,3.9723604917526245,0.10692053660750389
Cuticle,0.10436091013252735,3.997792363166809,0.034077612683176994
Cuticle,0.1270335130393505,3.916774809360504,-0.007151173427700996
Cuticle,-0.12868445925414562,3.916765034198761,-0.007121574133634567
Cuticle,-0.11270599067211151,3.9977737069129944,0.03412804566323757
Cuticle,-0.10601883381605148,3.9723411798477173,0.10697045549750328
Cuticle,-0.12232613749802113,3.884752571582794,0.08240653574466705
Cuticle,-0.1267923302948475,3.8842562437057495,0.08403205871582031
Cuticle,-0.10977160558104515,3.971888780593872,0.10826997086405754
Cuticle,-0.11664492636919022,3.998247742652893,0.032815275713801384
Cuticle,-0.13332863338291645,3.9172913432121277,-0.008768578991293907
Cuticle,0.13167806714773178,3.917302429676056,-0.008799256756901741
Cuticle,0.1083003431558609,3.998269021511078,0.03276294469833374
Cuticle,0.10341027565300465,3.971909999847412,0.10821817442774773
Cuticle,0.12692487612366676,3.884266495704651,0.08400383219122887
Cuticle,0.05442743154708296,3.8654626607894897,0.14555110782384872
Cuticle,0.0424905177205801,3.954763352870941,0.15741059929132462
Cuticle,-0.04887314885854721,3.9547542929649353,0.15743280202150345
Cuticle,-0.05430851725395769,3.865458309650421,0.14556320384144783
Cuticle,0.03012807236518711,4.035758912563324,0.17053325846791267
Cuticle,0.019228354329243302,4.111908912658691,0.18577339127659798
Cuticle,-0.032650034641847014,4.111878871917725,0.18583274632692337
Cuticle,-0.041711245314218104,4.035738527774811,0.17057504132390022
Cuticle,0.07898789178580046,4.0723717212677,0.07514674961566925
Cuticle,0.053897982463240623,4.1418373584747314,0.12131515145301819
Cuticle,0.053847561590373516,4.123892188072205,0.1599663458764553
Cuticle,0.07804272323846817,4.050363063812256,0.13332629948854446
Cuticle,-0.044105262495577335,4.090002179145813,0.04061546549201012
Cuticle,-0.032532368786633015,4.153750658035278,0.09564661979675293
Cuticle,0.019346010871231556,4.153780817985535,0.09558726474642754
Cuticle,0.030372336506843567,4.090021967887878,0.04057462140917778
Cuticle,-0.08958234637975693,4.050315499305725,0.13342378661036491
Cuticle,-0.06720200646668673,4.123822093009949,0.16010483726859093
Cuticle,-0.06715157628059387,4.141767144203186,0.12145364284515381
Cuticle,-0.09127545915544033,4.072324752807617,0.07524329796433449
Cuticle,-0.08828559704124928,4.071914911270142,0.07627838850021362
Cuticle,-0.06502171885222197,4.141452670097351,0.12213147059082985
Cuticle,-0.06507037486881018,4.124139189720154,0.15942181646823883
Cuticle,-0.08663119003176689,4.050701260566711,0.1324402391910553
Cuticle,0.02906665951013565,4.089106202125549,0.04285276308655739
Cuticle,0.018430751631967723,4.153042912483215,0.09717588499188423
Cuticle,-0.031621268135495484,4.153014302253723,0.09723310172557831
Cuticle,-0.04280220251530409,4.089088082313538,0.042892131954431534
Cuticle,0.0750926909968257,4.050745904445648,0.1323462910950184
Cuticle,0.05171768460422754,4.124205946922302,0.15928835049271584
Cuticle,0.05176633317023516,4.141519546508789,0.12199797481298447
Cuticle,0.07599690835922956,4.071958541870117,0.07618533447384834
Cuticle,-0.04044537735171616,4.036636531352997,0.16828356683254242
Cuticle,-0.031734793446958065,4.112615942955017,0.18424393609166145
Cuticle,0.01831723377108574,4.11264443397522,0.18418674916028976
Cuticle,0.028864860301837325,4.03665566444397,0.16824330389499664
Cuticle,-0.025226467638276517,4.168997406959534,0.19991559907794
Cuticle,-0.02143766894005239,4.221359133720398,0.2340938076376915
Cuticle,0.009527530753985047,4.221346855163574,0.23409923538565636
Cuticle,0.01210289925802499,4.169013500213623,0.1998763158917427
Cuticle,0.03701203176751733,4.178690195083618,0.18345165252685547
Cuticle,0.030167272314429283,4.229628801345825,0.22326654940843582
Cuticle,0.0301616876386106,4.242063760757446,0.2070121020078659
Cuticle,0.03704636497423053,4.193188905715942,0.15885397419333458
Cuticle,0.012183015118353069,4.20284378528595,0.1424817591905594
Cuticle,0.009514504810795188,4.250361680984497,0.19617222249507904
Cuticle,-0.02145068789832294,4.250373721122742,0.19616682827472687
Cuticle,-0.025146344327367842,4.202827453613281,0.14252108708024025
Cuticle,-0.05005547869950533,4.193150639533997,0.158945731818676
Cuticle,-0.04209043271839619,4.242091774940491,0.2069995068013668
Cuticle,-0.042084855027496815,4.229657053947449,0.22325392067432404
Cuticle,-0.050089819356799126,4.1786521673202515,0.1835433654487133
Cuticle,-0.05167957581579685,4.17838716506958,0.18399405851960182
Cuticle,-0.0433336216956377,4.2304301261901855,0.22464854642748833
Cuticle,-0.043339336290955544,4.243291139602661,0.20782941207289696
Cuticle,-0.05164398532360792,4.193414688110352,0.15849873051047325
Cuticle,-0.025825938442721963,4.203444600105286,0.1414746455848217
Cuticle,-0.021986029227264225,4.2518569231033325,0.19662034884095192
Cuticle,0.010049644275568426,4.25184440612793,0.19662586972117424
Cuticle,0.01286554173566401,4.2034618854522705,0.14143382757902145
Cuticle,0.03863613726571202,4.193454742431641,0.15840351954102516
Cuticle,0.03141057165339589,4.243261933326721,0.20784232765436172
Cuticle,0.031416290905326605,4.2304006814956665,0.2246614769101143
Cuticle,0.03860055236145854,4.1784268617630005,0.18389885872602463
Cuticle,0.01278250478208065,4.168396949768066,0.20092295110225677
Cuticle,0.010062984423711896,4.221834897994995,0.23587053641676903
Cuticle,-0.02197269373573363,4.221847653388977,0.2358650006353855
Cuticle,-0.02590898098424077,4.16838002204895,0.20096375793218613
Cuticle,-0.03309270599856973,4.321990251541138,0.319823294878006
Cuticle,-0.033119600266218185,4.3315393924713135,0.3094809129834175
Cuticle,-0.021625627763569355,4.453028321266174,0.45181848108768463
Cuticle,-0.021606021793559194,4.447169899940491,0.45774196833372116
Cuticle,-0.017371759400703013,4.337888956069946,0.30260469019412994
Cuticle,0.0062768933130428195,4.33786416053772,0.30263272672891617
Cuticle,0.0016818396979942918,4.456907272338867,0.4479003772139549
Cuticle,-0.012310482910834253,4.456923246383667,0.4478818476200104
Cuticle,0.022060593124479055,4.331481575965881,0.3095463402569294
Cuticle,0.022087492048740387,4.321932435035706,0.31988874450325966
Cuticle,0.011042733676731586,4.44713294506073,0.4577852487564087
Cuticle,0.011023126542568207,4.452991247177124,0.45186173915863037
Cuticle,0.006339653627946973,4.315582871437073,0.3267649784684181
Cuticle,-0.017309003742411733,4.315607666969299,0.3267369195818901
Cuticle,-0.012264735298231244,4.443253755569458,0.461703322827816
Cuticle,0.0017275884747505188,4.443237900733948,0.46172187477350235
Cuticle,-0.017590925912372768,4.320288419723511,0.33257245272397995
Cuticle,0.006623579771257937,4.320262432098389,0.3326013460755348
Cuticle,0.0016823845217004418,4.453406810760498,0.4730314761400223
Cuticle,-0.012218442861922085,4.453423380851746,0.47301260381937027
Cuticle,0.022748226299881935,4.326751708984375,0.3255689926445484
Cuticle,0.022720690816640854,4.336511611938477,0.3149915486574173
Cuticle,0.010916875675320625,4.463047981262207,0.4632953852415085
Cuticle,0.010936512146145105,4.4572566747665405,0.4691445901989937
Cuticle,0.0065593329491093755,4.343035459518433,0.3079206645488739
Cuticle,-0.017655169474892318,4.343061208724976,0.3078917935490608
Cuticle,-0.012264258461073041,4.466936111450195,0.45936445891857147
Cuticle,0.0016365672927349806,4.466919779777527,0.4593833386898041
Cuticle,-0.03377981670200825,4.33657169342041,0.3149241544306278
Cuticle,-0.03375228447839618,4.326812028884888,0.32550157606601715
Cuticle,-0.021498750429600477,4.457295060157776,0.46910054981708527
Cuticle,-0.02151838527061045,4.463086128234863,0.46325133740901947
Cuticle,-0.007699855952523649,4.592301845550537,0.6156813949346542
Cuticle,-0.007697360357269645,4.590891361236572,0.6171341687440872
Cuticle,-0.012572881998494267,4.543395519256592,0.5647210627794266
Cuticle,-0.01258079637773335,4.54636538028717,0.5616811811923981
Cuticle,-0.008231249172240496,4.548341751098633,0.5596583485603333
Cuticle,-0.0016990138683468103,4.548336505889893,0.5596639662981033
Cuticle,-0.003120354493148625,4.593246102333069,0.6147087663412094
Cuticle,-0.005863928934559226,4.593247294425964,0.6147075593471527
Cuticle,0.0026610856875777245,4.546352982521057,0.5616943389177322
Cuticle,0.002668999833986163,4.5433831214904785,0.5647342503070831
Cuticle,-0.0012786046718247235,4.590888261795044,0.6171370297670364
Cuticle,-0.0012811002670787275,4.592298746109009,0.6156842261552811
Cuticle,-0.005858106072992086,4.589944124221802,0.6181096285581589
Cuticle,-0.0031145316315814853,4.589942932128906,0.618110865354538
Cuticle,-0.0016805476043373346,4.541406750679016,0.5667570680379868
Cuticle,-0.008212782675400376,4.541411995887756,0.5667514204978943
Cuticle,-0.008015023777261376,4.55268931388855,0.5790025740861893
Cuticle,-0.001878203242085874,4.5526838302612305,0.5790080726146698
Cuticle,-0.0032531085307709873,4.597806930541992,0.6266578584909439
Cuticle,-0.0057195782428607345,4.597808361053467,0.6266567707061768
Cuticle,0.002207998768426478,4.554530501365662,0.5771199315786362
Cuticle,0.002200480899773538,4.5573060512542725,0.5742822289466858
Cuticle,-0.0016048572142608464,4.59992516040802,0.6244762092828751
Cuticle,-0.0016026130178943276,4.598656892776489,0.6257823258638382
Cuticle,-0.001895744469948113,4.559159874916077,0.5723867863416672
Cuticle,-0.008032564539462328,4.559164881706238,0.5723812878131866
Cuticle,-0.005724814138375223,4.600777864456177,0.6235982030630112
Cuticle,-0.00325834471732378,4.60077691078186,0.6235992759466171
Cuticle,-0.012118766084313393,4.557318210601807,0.5742693990468979
Cuticle,-0.01211124868132174,4.554543137550354,0.5771071016788483
Cuticle,-0.007373065571300685,4.598660111427307,0.6257798075675964
Cuticle,-0.0073753094766289,4.59992790222168,0.6244737058877945
Cuticle,0.1355210430920124,-2.567404627799988,0.1993679627776146
Cuticle,0.05587119469419122,-2.57696533203125,0.18999110907316208
Cuticle,0.05340678431093693,-2.616676390171051,0.20706892013549805
Cuticle,0.1269332841038704,-2.672923445701599,0.2446216344833374
Cuticle,-0.009953845525160432,-2.580318808555603,0.19507167860865593
Cuticle,-0.014659420354291797,-2.592058479785919,0.20094164833426476
Cuticle,-0.0014131942298263311,-2.5920587182044983,0.2009406015276909
Cuticle,-0.005906606733333319,-2.580318808555603,0.19507163390517235
Cuticle,-0.03436382859945297,-2.5504907965660095,0.17860763520002365
Cuticle,0.020762949250638485,-2.5504910349845886,0.17860659956932068
Cuticle,0.061047532013617456,-2.5058606266975403,0.1568785421550274
Cuticle,-0.07224652695003897,-2.505860388278961,0.1568801999092102
Cuticle,0.008239094691816717,-2.574331045150757,0.19331097602844238
Cuticle,-0.0031747397733852267,-2.5742228627204895,0.19243688881397247
Cuticle,-0.00319496460724622,-2.5778804421424866,0.19401772320270538
Cuticle,0.007746211776975542,-2.5849676728248596,0.1978883296251297
Cuticle,-0.012657823041081429,-2.5778805017471313,0.19401780515909195
Cuticle,-0.01266655046492815,-2.5742229223251343,0.19243694096803665
Cuticle,-0.023832660168409348,-2.574330747127533,0.19331201910972595
Cuticle,-0.023627206915989518,-2.584967255592346,0.19789021834731102
Cuticle,-0.009954908164218068,-2.571784496307373,0.1913830228149891
Cuticle,-0.005878717114683241,-2.571784496307373,0.1913830079138279
Cuticle,-0.0007286918116733432,-2.5672399401664734,0.19025955349206924
Cuticle,-0.014673254103399813,-2.567239820957184,0.19025975465774536
Cuticle,-0.06940289447084069,-2.6166738867759705,0.20707835257053375
Cuticle,-0.07043016608804464,-2.5769639015197754,0.18999633938074112
Cuticle,-0.14851869083940983,-2.567401945590973,0.1993788368999958
Cuticle,-0.1436451692134142,-2.672917604446411,0.24464375153183937
Cuticle,0.0173404470551759,-2.6431496143341064,0.2184576317667961
Cuticle,-0.034294648794457316,-2.6431483030319214,0.21846286952495575
Cuticle,-0.06961495336145163,-2.7408949732780457,0.25956569612026215
Cuticle,0.05021782498806715,-2.740898370742798,0.2595527954399586
Cuticle,-0.15599461272358894,-2.5689556002616882,0.19313038513064384
Cuticle,-0.07746025267988443,-2.5786418318748474,0.18419577181339264
Cuticle,-0.07628187164664268,-2.621203899383545,0.20262915268540382
Cuticle,-0.15083475038409233,-2.6756797432899475,0.2392134889960289
Cuticle,-0.029104806017130613,-2.5756226778030396,0.18944082036614418
Cuticle,-0.014599614311009645,-2.5747010707855225,0.19108140096068382
Cuticle,-0.01455597160384059,-2.579519271850586,0.1931675411760807
Cuticle,-0.028799300314858556,-2.589150905609131,0.19529984891414642
Cuticle,0.06449619331397116,-2.5066601634025574,0.1495816856622696
Cuticle,0.023951822542585433,-2.550267457962036,0.17190489917993546
Cuticle,-0.03736677661072463,-2.550267279148102,0.17190607264637947
Cuticle,-0.07560518919490278,-2.5066598057746887,0.14958344027400017
Cuticle,0.0016921638743951917,-2.56660395860672,0.1855342946946621
Cuticle,-0.0049871765659190714,-2.571488916873932,0.18969055265188217
Cuticle,-0.010772096225991845,-2.571488916873932,0.18969060480594635
Cuticle,-0.0169082204811275,-2.566603899002075,0.18553460016846657
Cuticle,-0.07272527879104018,-2.7446324229240417,0.25426536053419113
Cuticle,-0.0372229665517807,-2.649579703807831,0.21491416916251183
Cuticle,0.020187014248222113,-2.6495811343193054,0.21490829810500145
Cuticle,0.053289289120584726,-2.744635760784149,0.25425178930163383
Cuticle,-0.016870938008651137,-2.5981699228286743,0.19920485094189644
Cuticle,-0.010766772320494056,-2.5827314257621765,0.19455815106630325
Cuticle,-0.005126616160850972,-2.5827314257621765,0.19455792754888535
Cuticle,0.0007161002140492201,-2.598170220851898,0.19920331984758377
Cuticle,0.1341219935566187,-2.67568576335907,0.2391902096569538
Cuticle,0.06028049532324076,-2.6212066411972046,0.20261860266327858
Cuticle,0.06301073264330626,-2.578643321990967,0.18418991938233376
Cuticle,0.1430489458143711,-2.5689586400985718,0.19311892241239548
Cuticle,0.012912686448544264,-2.5891515016555786,0.19529709964990616
Cuticle,-0.0012990983086638153,-2.579519271850586,0.19316713511943817
Cuticle,-0.0011979775154031813,-2.5747010707855225,0.19108116626739502
Cuticle,0.013620526879094541,-2.575623035430908,0.1894392967224121
Cuticle,-0.08794019930064678,4.0084158182144165,-0.016094641759991646
Cuticle,-0.09599558264017105,3.9552764296531677,-0.05155670456588268
Cuticle,-0.05834698025137186,3.9828274846076965,-0.04380042664706707
Cuticle,-0.056311129592359066,4.005073606967926,-0.028382878750562668
Cuticle,0.07092723436653614,4.008426904678345,-0.0161273255944252
Cuticle,0.026064230711199343,4.0050782561302185,-0.02839778922498226
Cuticle,0.0302523011341691,3.9828314781188965,-0.04381299018859863
Cuticle,0.08415446802973747,3.9552839398384094,-0.051579877734184265
Cuticle,0.024253326701000333,4.042276382446289,-0.0026481300592422485
Cuticle,0.0014159735292196274,4.020907759666443,-0.020520202815532684
Cuticle,-0.033097350504249334,4.020904898643494,-0.02051287144422531
Cuticle,-0.044485838850960135,4.042268633842468,-0.0026296600699424744
Cuticle,0.039371148333884776,3.920915961265564,-0.08231307752430439
Cuticle,0.006544759497046471,3.967999219894409,-0.05408664606511593
Cuticle,-0.033204624662175775,3.96799772977829,-0.054081933572888374
Cuticle,-0.048326522461138666,3.9209132194519043,-0.0823048036545515
Cuticle,-0.04987653961870819,3.922201097011566,-0.08626975305378437
Cuticle,-0.033811911242082715,3.969121515750885,-0.057026902213692665
Cuticle,0.007152441190555692,3.9691231846809387,-0.057031746953725815
Cuticle,0.040921836509369314,3.922204077243805,-0.08627830632030964
Cuticle,-0.011291092494502664,3.9860661029815674,-0.04027438908815384
Cuticle,-0.026992663741111755,3.98606538772583,-0.040272558107972145
Cuticle,-0.026871205773204565,3.985598623752594,-0.03914635255932808
Cuticle,-0.011412628926336765,3.9855992794036865,-0.03914816305041313
Cuticle,-0.05753916036337614,4.006107926368713,-0.030941035598516464
Cuticle,-0.05968855135142803,3.9839154481887817,-0.046590618789196014
Cuticle,-0.09916100651025772,3.9564355611801147,-0.05490878410637379
Cuticle,-0.09071727842092514,4.009486496448517,-0.01894175261259079
Cuticle,-0.03674391144886613,4.004432380199432,-0.028936969116330147
Cuticle,-0.036498304922133684,4.003994584083557,-0.027912583202123642
Cuticle,-0.03690547635778785,3.992956757545471,-0.03465212509036064
Cuticle,-0.03717379132285714,3.993411898612976,-0.03573759272694588
Cuticle,-0.04332428518682718,4.04118812084198,0.00011032074689865112
Cuticle,-0.03260358632542193,4.0199058055877686,-0.018109217286109924
Cuticle,0.0009218767518177629,4.0199079513549805,-0.01811627671122551
Cuticle,0.023090768605470657,4.041194438934326,9.253621101379395e-05
Cuticle,0.03159424988552928,3.9839202165603638,-0.04660358838737011
Cuticle,0.027292612474411726,4.006113886833191,-0.030956491827964783
Cuticle,0.07370508089661598,4.0094998478889465,-0.018975667655467987
Cuticle,0.08732056338340044,3.9564441442489624,-0.05493278242647648
Cuticle,-0.0025029320968315005,4.00399649143219,-0.027918672189116478
Cuticle,-0.0022572558373212814,4.004434764385223,-0.028943197801709175
Cuticle,-0.0013969296123832464,3.9934139251708984,-0.03574265167117119
Cuticle,-0.001665319548919797,3.9929584860801697,-0.03465709462761879
Cuticle,-0.02684974856674671,4.011780142784119,-0.0244052205234766
Cuticle,-0.012438383419066668,4.011781215667725,-0.02440822124481201
Cuticle,-0.01253720244858414,4.011354565620422,-0.023424431681632996
Cuticle,-0.026750995311886072,4.0113537311553955,-0.023421501740813255
Cuticle,0.11551245674490929,0.7470310926437378,-0.09151186235249043
Cuticle,-0.11777537316083908,0.7470310777425766,-0.0915118339471519
Cuticle,-0.12203165993560106,0.7487692385911942,-0.10064914496615529
Cuticle,0.1197686780942604,0.7487692385911942,-0.10064912494271994
Cuticle,-0.12353531387634575,0.4876348376274109,0.3487253934144974
Cuticle,-0.12286540470086038,0.38651204854249954,0.2979079373180866
Cuticle,0.12189939501695335,0.4876348376274109,0.34872540831565857
Cuticle,0.12100611650384963,0.38651204854249954,0.2979079559445381
Cuticle,0.2834557257592678,0.5218296870589256,0.19682436808943748
Cuticle,0.28161217644810677,0.4235469177365303,0.1447792232502252
Cuticle,0.2803555056452751,0.5731219723820686,-0.031027207151055336
Cuticle,0.278649739921093,0.47909922152757645,-0.08491389895789325
Cuticle,-0.2819913476705551,0.5731219723820686,-0.031027221120893955
Cuticle,-0.28050895035266876,0.47909921407699585,-0.08491391851566732
Cuticle,-0.2850916124880314,0.5218296870589256,0.19682433921843767
Cuticle,-0.2834714353084564,0.4235469102859497,0.14477918506599963
Cuticle,-0.29546454548835754,0.5208446383476257,0.2011945815756917
Cuticle,-0.29378117620944977,0.4224832132458687,0.14917599922046065
Cuticle,-0.29225117713212967,0.5740094408392906,-0.034971184097230434
Cuticle,-0.2907106280326843,0.48006339371204376,-0.08889850461855531
Cuticle,0.2906153276562691,0.5740093141794205,-0.03497105371206999
Cuticle,0.28885139524936676,0.480063296854496,-0.08889837109018117
Cuticle,0.29382868111133575,0.520844578742981,0.20119471196085215
Cuticle,0.291921928524971,0.4224831536412239,0.1491761141223833
Cuticle,0.12637727579567581,0.4854014217853546,0.3586385250091553
Cuticle,0.12545547634363174,0.3840964064002037,0.30789241194725037
Cuticle,-0.12801316508557647,0.4854014292359352,0.3586384654045105
Cuticle,-0.1273147314786911,0.3840964213013649,0.3078923672437668
Cuticle,-0.11367525548363726,0.5002981821695963,-0.25678647061189014
Cuticle,-0.19607016940911612,0.5242345631122589,-0.21193383634090424
Cuticle,-0.03139325293401877,0.5276864270369211,-0.26673056185245514
Cuticle,-0.1097002518363297,0.49804437160491943,-0.24716901779174805
Cuticle,-0.030304075684398413,0.5254520376523336,-0.2561481793721517
Cuticle,-0.18919316679239273,0.522266149520874,-0.20327608784039816
Cuticle,-0.1146628544665873,0.6321966449419657,-0.18066381911436716
Cuticle,-0.03206122759729624,0.6212873657544454,-0.21459187070528665
Cuticle,-0.19713222483793894,0.5959553321202596,-0.1728231261173884
Cuticle,-0.11055231420323253,0.6297138532002767,-0.17131816099087396
Cuticle,-0.19011968622605005,0.5936204791069031,-0.16437277446190515
Cuticle,-0.030589936456332605,0.6177823146184286,-0.20454764862855276
Cuticle,-0.13984868923823038,0.5630648930867513,-0.195292130112648
Cuticle,-0.14503219723701477,0.5654672384262085,-0.20426205297311148
Cuticle,0.10815928457304835,0.49804437160491943,-0.24716901779174805
Cuticle,0.18772664417823157,0.522266149520874,-0.20327608784039816
Cuticle,0.029353602323681116,0.5254520376523336,-0.2561481793721517
Cuticle,0.10902405949309468,0.6297138532002767,-0.17131816099087396
Cuticle,0.029067746518800657,0.6177823146184286,-0.20454764862855276
Cuticle,0.18851696203152338,0.5936204791069031,-0.16437277446190515
Cuticle,0.11292570720737179,0.6321965654691061,-0.18066376447677612
Cuticle,0.1953206186493238,0.5959552129109701,-0.17282303174336752
Cuticle,0.02977332379668951,0.6212873458862305,-0.21459185580412546
Cuticle,0.11213384428992867,0.5002981324990591,-0.25678640107313794
Cuticle,0.030441293492913246,0.5276864071687063,-0.26673053701718646
Cuticle,0.19460321217775345,0.5242344737052917,-0.21193372706572214
Cuticle,0.13852694630622864,0.5630648930867513,-0.195292130112648
Cuticle,0.14350118239720663,0.5654671589533488,-0.20426197350025177
Cuticle,0.04451183613855392,0.5981651246547699,-0.21505216136574745
Cuticle,-0.04660733963828534,0.5981651395559311,-0.21505217254161835
Cuticle,0.04533889039885253,0.5490863472223282,-0.23738695681095123
Cuticle,-0.04578027792740613,0.5490863621234894,-0.23738697543740273
Cuticle,-0.0917520746588707,0.5695129930973053,-0.21145273000001907
Cuticle,0.09048626944422722,0.5695129632949829,-0.21145270019769669
HSNL,0.17473992705345154,0.6288796067237854,0.06349132396280766
HSNL,0.17473992705345154,0.6167734861373901,0.08810107782483101
HSNL,0.1884530931711197,0.6228265464305878,0.07579620089381933
HSNL,0.1610267609357834,0.6228265464305878,0.07579620089381933
HSNL,0.17473992705345154,0.6351315677165985,0.08184920251369476
HSNL,0.16621240228414536,0.6102403402328491,0.06960491370409727
HSNL,0.18326745182275772,0.6102403402328491,0.06960491370409727
HSNL,0.17473992705345154,0.6064762473106384,0.07725664228200912
HSNL,0.17473992705345154,0.6140044331550598,0.06195318512618542
HSNL,0.17473992705345154,0.606176495552063,0.06425073929131031
HSNL,0.17473992705345154,0.6028569638729095,0.06862403452396393
HSNL,0.17756099998950958,0.6045167297124863,0.06643738690763712
HSNL,0.1719188541173935,0.6045167297124863,0.06643738690763712
HSNL,0.17250515520572662,0.595181867480278,0.05818600207567215
HSNL,0.17697469890117645,0.595181867480278,0.05818600207567215
HSNL,0.17473992705345154,0.5932363569736481,0.059232914820313454
HSNL,0.17473992705345154,0.597127377986908,0.057139089331030846
HSNL,0.17878777906298637,0.5929442495107651,0.02137386705726385
HSNL,0.17878708988428116,0.5887283384799957,0.022090839222073555
HSNL,0.18090537935495377,0.590836301445961,0.02140260860323906
HSNL,0.17666948959231377,0.5908362865447998,0.022062097676098347
HSNL,0.1727415695786476,0.5904004573822021,-0.02517096698284149
HSNL,0.17651503533124924,0.5904004871845245,-0.027169277891516685
HSNL,0.17462726309895515,0.588231161236763,-0.026172099635004997
HSNL,0.1746293418109417,0.5925697833299637,-0.02616814523935318
HSNL,0.15183144807815552,0.5914719253778458,-0.07167269568890333
HSNL,0.15182901546359062,0.5875714272260666,-0.07036731950938702
HSNL,0.1536470465362072,0.5892210751771927,-0.07208683993667364
HSNL,0.15001341700553894,0.5898222774267197,-0.0699531752616167
HSNL,0.13383136689662933,0.5704412162303925,-0.12357993423938751
HSNL,0.137782271951437,0.5698398798704147,-0.12437976151704788
HSNL,0.13576649874448776,0.5687058120965958,-0.12244352698326111
HSNL,0.13584714010357857,0.5715752840042114,-0.12551616877317429
HSNL,-0.0075601860880851746,-2.751791536808014,0.5312732458114624
HSNL,-0.034607622772455215,-2.751791536808014,0.5312732458114624
HSNL,-0.0075601860880851746,-2.754892945289612,0.5309136807918549
HSNL,-0.034607622772455215,-2.754892945289612,0.5309136807918549
HSNL,-0.007250189781188965,-2.7535144090652466,0.5325792133808136
HSNL,-0.034917622804641724,-2.7535144090652466,0.5325792133808136
HSNL,-0.007870182394981384,-2.753170073032379,0.5296077132225037
HSNL,-0.03429762274026871,-2.753170073032379,0.5296077132225037
HSNL,0.01668683812022209,-2.751326322555542,0.5182774066925049
HSNL,-0.058854635804891586,-2.751326322555542,0.5182774066925049
HSNL,0.01831274852156639,-2.751649796962738,0.52082160115242
HSNL,-0.06048056483268738,-2.751649796962738,0.52082160115242
HSNL,0.017473578453063965,-2.7530133724212646,0.5193766951560974
HSNL,-0.059641383588314056,-2.7530133724212646,0.5193766951560974
HSNL,0.017526008188724518,-2.7499627470970154,0.5197223126888275
HSNL,-0.05969381704926491,-2.7499627470970154,0.5197223126888275
HSNL,0.0367896631360054,-2.7468201518058777,0.498223215341568
HSNL,-0.07895748317241669,-2.7468201518058777,0.498223215341568
HSNL,0.03662960231304169,-2.7497565746307373,0.49793127179145813
HSNL,-0.07879740372300148,-2.7497565746307373,0.49793127179145813
HSNL,0.03785329312086105,-2.748444080352783,0.49894893169403076
HSNL,-0.08002110570669174,-2.748444080352783,0.49894893169403076
HSNL,0.035565972328186035,-2.748132646083832,0.49720555543899536
HSNL,-0.07773378118872643,-2.748132646083832,0.49720555543899536
HSNL,0.045767489820718765,-2.744172751903534,0.4697357416152954
HSNL,-0.08793530613183975,-2.744172751903534,0.4697357416152954
HSNL,0.04846036992967129,-2.7444719672203064,0.47027304768562317
HSNL,-0.09062816947698593,-2.7444719672203064,0.47027304768562317
HSNL,0.04698408953845501,-2.7457334399223328,0.46991267800331116
HSNL,-0.08915188908576965,-2.7457334399223328,0.46991267800331116
HSNL,0.04724377021193504,-2.7429112792015076,0.4700961112976074
HSNL,-0.08941158652305603,-2.7429112792015076,0.4700961112976074
HSNL,0.04743614420294762,-2.7385252714157104,0.4397575855255127
HSNL,-0.089603953063488,-2.7385252714157104,0.4397575855255127
HSNL,0.04712303914129734,-2.7413474321365356,0.4397258460521698
HSNL,-0.08929084241390228,-2.7413474321365356,0.4397258460521698
HSNL,0.04857085086405277,-2.7400858998298645,0.4393180310726166
HSNL,-0.09073865413665771,-2.7400858998298645,0.4393180310726166
HSNL,0.045988332480192184,-2.7397868037223816,0.4401654005050659
HSNL,-0.08815614134073257,-2.7397868037223816,0.4401654005050659
HSNL,0.03591648489236832,-2.7359110713005066,0.4125298857688904
HSNL,-0.07808428630232811,-2.7359110713005066,0.4125298857688904
HSNL,0.037823859602212906,-2.7359859347343445,0.4105272889137268
HSNL,-0.07999167591333389,-2.7359859347343445,0.4105272889137268
HSNL,0.036722347140312195,-2.737356185913086,0.41145870089530945
HSNL,-0.07889015227556229,-2.737356185913086,0.41145870089530945
HSNL,0.03701799735426903,-2.734540820121765,0.41159847378730774
HSNL,-0.07918580994009972,-2.734540820121765,0.41159847378730774
HSNL,0.019534319639205933,-2.73140287399292,0.38746461272239685
HSNL,-0.06033198535442352,-2.731402814388275,0.3895692825317383
HSNL,0.019364725798368454,-2.7342112064361572,0.38708361983299255
HSNL,-0.06007102504372597,-2.7342112064361572,0.38922637701034546
HSNL,0.02043541893362999,-2.7327322959899902,0.3863193094730377
HSNL,-0.060966502875089645,-2.7327322959899902,0.3882036507129669
HSNL,0.018463626503944397,-2.732881784439087,0.3882289230823517
HSNL,-0.059436507523059845,-2.732881724834442,0.3905920088291168
HSNL,0.1349613144993782,0.5131329521536827,-0.17385636270046234
HSNL,0.11685538291931152,0.44708288460969925,-0.22158628329634666
HSNL,0.06883857026696205,0.38970062136650085,-0.27479856833815575
HSNL,0.1314292475581169,0.513262577354908,-0.17352872714400291
HSNL,0.11423266865313053,0.4483688771724701,-0.22126367315649986
HSNL,0.06670499034225941,0.3922063261270523,-0.27479860186576843
HSNL,0.1331927701830864,0.5121138095855713,-0.17216286808252335
HSNL,0.11529221571981907,0.44697684794664383,-0.22003071382641792
HSNL,0.06714539788663387,0.39046458154916763,-0.2733190357685089
HSNL,0.13319779187440872,0.5142817199230194,-0.1752222217619419
HSNL,0.11579583585262299,0.4484749138355255,-0.2228192426264286
HSNL,0.06839816272258759,0.39144236594438553,-0.27627813443541527
HSNL,0.028603650629520416,0.34220708161592484,-0.32764770835638046
HSNL,0.02792908251285553,0.34138911962509155,-0.32452090084552765
HSNL,0.026911605149507523,0.34247270971536636,-0.32608430087566376
HSNL,0.029621127992868423,0.34112349152565,-0.32608430832624435
HSNL,0.02175222337245941,0.18013404309749603,-0.421902060508728
HSNL,0.018370777368545532,0.18013404309749603,-0.421902060508728
HSNL,0.020061500370502472,0.17976469919085503,-0.42025336623191833
HSNL,0.020061500370502472,0.18050338700413704,-0.4235507547855377
HSNL,0.020061500370502472,0.002118729054927826,-0.5143800675868988
HSNL,0.020061500370502472,0.00125831738114357,-0.5111099183559418
HSNL,0.018370777368545532,0.001688523218035698,-0.5127449929714203
HSNL,0.02175222337245941,0.001688523218035698,-0.5127449929714203
HSNL,0.02175223082304001,-0.2529997695237398,-0.5916638523340225
HSNL,0.018370777368545532,-0.2529997695237398,-0.5916638523340225
HSNL,0.02006150409579277,-0.25350939482450485,-0.5900538265705109
HSNL,0.02006150409579277,-0.2524901442229748,-0.5932738780975342
HSNL,0.02006150782108307,-0.5021346509456635,-0.6624850928783417
HSNL,0.02006150782108307,-0.5026156306266785,-0.6592128276824951
HSNL,0.018370777368545532,-0.502375140786171,-0.6608489602804184
HSNL,0.021752238273620605,-0.502375140786171,-0.6608489602804184
HSNL,0.021752238273620605,-0.6873551309108734,-0.6648821830749512
HSNL,0.018370777368545532,-0.6873551309108734,-0.6648821830749512
HSNL,0.02006150782108307,-0.6872470676898956,-0.663194864988327
HSNL,0.02006150782108307,-0.6874631941318512,-0.6665695011615753
HSNL,0.02006150782108307,-0.9326110482215881,-0.651289701461792
HSNL,0.02006150782108307,-0.9323948323726654,-0.6479151844978333
HSNL,0.018370777368545532,-0.9325029402971268,-0.6496024429798126
HSNL,0.021752238273620605,-0.9325029402971268,-0.6496024429798126
HSNL,0.021752238273620605,-1.1042165756225586,-0.6172454804182053
HSNL,0.018370777368545532,-1.1042165756225586,-0.6172454804182053
HSNL,0.02006150782108307,-1.1040085554122925,-0.6155705749988556
HSNL,0.02006150782108307,-1.1044245958328247,-0.6189203858375549
HSNL,0.02006150782108307,-1.2700507640838623,-0.5687021613121033
HSNL,0.02006150782108307,-1.2694348692893982,-0.5653772354125977
HSNL,0.018370777368545532,-1.2697428166866302,-0.5670396983623505
HSNL,0.021752238273620605,-1.2697428166866302,-0.5670396983623505
HSNL,0.021752238273620605,-1.49142587184906,-0.46639610081911087
HSNL,0.018370777368545532,-1.49142587184906,-0.46639610081911087
HSNL,0.02006150782108307,-1.4911179542541504,-0.46473370492458344
HSNL,0.02006150782108307,-1.4917337894439697,-0.4680584967136383
HSNL,0.02006150782108307,-1.6525261402130127,-0.3862007111310959
HSNL,0.02006150782108307,-1.6519103050231934,-0.3828759044408798
HSNL,0.018370777368545532,-1.652218222618103,-0.38453830778598785
HSNL,0.021752238273620605,-1.652218222618103,-0.38453830778598785
HSNL,0.021752238273620605,-1.8890522718429565,-0.22620423138141632
HSNL,0.018370777368545532,-1.8890522718429565,-0.22620423138141632
HSNL,0.02006150782108307,-1.8887443542480469,-0.22454183548688889
HSNL,0.02006150782108307,-1.8893601894378662,-0.22786662727594376
HSNL,0.02006150782108307,-2.1261011362075806,-0.06608115136623383
HSNL,0.02006150782108307,-2.125485420227051,-0.0627562552690506
HSNL,0.018370777368545532,-2.1257932782173157,-0.06441870331764221
HSNL,0.021752238273620605,-2.1257932782173157,-0.06441870331764221
HSNL,0.021752238273620605,-2.291543424129486,0.05052439868450165
HSNL,0.018370777368545532,-2.291543424129486,0.05052439868450165
HSNL,0.02006150782108307,-2.291235566139221,0.052186861634254456
HSNL,0.02006150782108307,-2.291851282119751,0.04886193573474884
HSNL,0.02006150782108307,-2.456518769264221,0.16190089285373688
HSNL,0.02006150782108307,-2.4560070037841797,0.1652417927980423
HSNL,0.018370777368545532,-2.4562628865242004,0.1635713428258896
HSNL,0.021752238273620605,-2.4562628865242004,0.1635713428258896
HSNL,0.008888356387615204,-2.577213406562805,0.21817243844270706
HSNL,0.005479387938976288,-2.57721346616745,0.21817246824502945
HSNL,0.007183872163295746,-2.576584577560425,0.21967274695634842
HSNL,0.007183872163295746,-2.5778422951698303,0.2166721597313881
HSNL,0.003890983760356903,-2.72412371635437,0.3597332239151001
HSNL,0.0038209855556488037,-2.7269318103790283,0.3593079149723053
HSNL,0.005091439932584763,-2.725452959537506,0.3588234484195709
HSNL,0.002620529383420944,-2.7256025671958923,0.3602176904678345
HSNL,-0.008509453386068344,-2.7087767720222473,0.3218662738800049
HSNL,-0.008539948612451553,-2.711265742778778,0.32032763957977295
HSNL,-0.007043350487947464,-2.709981381893158,0.3207492530345917
HSNL,-0.010006051510572433,-2.7100611329078674,0.32144466042518616
HSNL,-0.04261059686541557,-2.7255393266677856,0.36465051770210266
HSNL,-0.04235786944627762,-2.728347659111023,0.3643013536930084
HSNL,-0.043277885764837265,-2.726868748664856,0.3633001446723938
HSNL,-0.041690580546855927,-2.7270182371139526,0.3656517267227173
HSNL,-0.031753767281770706,-2.7114503383636475,0.3277581036090851
HSNL,-0.03150103986263275,-2.7142586708068848,0.32740887999534607
HSNL,-0.0324210599064827,-2.712779700756073,0.32640770077705383
HSNL,-0.03083374723792076,-2.7129293084144592,0.3287592828273773
HSNL,-0.02749573439359665,-2.703366994857788,0.3066190481185913
HSNL,-0.010288696736097336,-2.6890016198158264,0.2777538299560547
HSNL,-0.010293200612068176,-2.6868627667427063,0.28040194511413574
HSNL,-0.012013692408800125,-2.687934696674347,0.27907702326774597
HSNL,-0.008568204939365387,-2.687929689884186,0.27907875180244446
HSNR,-0.0171198733150959,-2.5775961875915527,0.214656800031662
HSNR,-0.0171198733150959,-2.5763139724731445,0.21763715147972107
HSNR,-0.015415392816066742,-2.5769550800323486,0.21614697575569153
HSNR,-0.01882435381412506,-2.5769550800323486,0.21614697575569153
HSNR,-0.01632523536682129,-2.4562628269195557,0.15974080562591553
HSNR,-0.01294378936290741,-2.4562628269195557,0.15974080562591553
HSNR,-0.01463451236486435,-2.45600688457489,0.16141119599342346
HSNR,-0.01463451236486435,-2.456518769264221,0.1580704152584076
HSNR,-0.01463451236486435,-2.291851282119751,0.04503139853477478
HSNR,-0.01463451236486435,-2.2912354469299316,0.04835629463195801
HSNR,-0.01294378936290741,-2.2915433645248413,0.046693846583366394
HSNR,-0.01632523536682129,-2.2915433645248413,0.046693846583366394
HSNR,-0.01632523536682129,-2.1257930994033813,-0.06824922561645508
HSNR,-0.01294378936290741,-2.1257930994033813,-0.06824922561645508
HSNR,-0.01463451236486435,-2.1254851818084717,-0.06658676266670227
HSNR,-0.01463451236486435,-2.126101016998291,-0.06991168856620789
HSNR,-0.01463451236486435,-1.889359951019287,-0.23169715702533722
HSNR,-0.01463451236486435,-1.8887439966201782,-0.22837227582931519
HSNR,-0.01294378936290741,-1.8890519738197327,-0.2300347164273262
HSNR,-0.01632523536682129,-1.8890519738197327,-0.2300347164273262
HSNR,-0.01632523536682129,-1.6522179245948792,-0.3883688673377037
HSNR,-0.01294378936290741,-1.6522179245948792,-0.3883688673377037
HSNR,-0.01463451236486435,-1.6519099473953247,-0.3867064267396927
HSNR,-0.01463451236486435,-1.6525259017944336,-0.3900313079357147
HSNR,-0.01463451236486435,-1.4917336106300354,-0.47188910841941833
HSNR,-0.01463451236486435,-1.4911178946495056,-0.46856433153152466
HSNR,-0.01294378936290741,-1.4914257526397705,-0.4702267199754715
HSNR,-0.01632523536682129,-1.4914257526397705,-0.4702267199754715
HSNR,-0.01632523536682129,-1.2697428166866302,-0.5708703100681305
HSNR,-0.01294378936290741,-1.2697428166866302,-0.5708703100681305
HSNR,-0.01463451236486435,-1.2694349884986877,-0.5692079067230225
HSNR,-0.01463451236486435,-1.2700506448745728,-0.5725327134132385
HSNR,-0.01463451236486435,-1.1044244766235352,-0.6227510273456573
HSNR,-0.01463451236486435,-1.1040086150169373,-0.619401216506958
HSNR,-0.01294378936290741,-1.1042165458202362,-0.6210761219263077
HSNR,-0.01632523536682129,-1.1042165458202362,-0.6210761219263077
HSNR,-0.01632523536682129,-0.9325029253959656,-0.6534330695867538
HSNR,-0.01294378936290741,-0.9325029253959656,-0.6534330695867538
HSNR,-0.01463451236486435,-0.9323949217796326,-0.6517457664012909
HSNR,-0.01463451236486435,-0.9326109290122986,-0.6551203727722168
HSNR,-0.01463451236486435,-0.6874630749225616,-0.670400083065033
HSNR,-0.01463451236486435,-0.687247097492218,-0.6670254170894623
HSNR,-0.01294378936290741,-0.6873550862073898,-0.6687127500772476
HSNR,-0.01632523536682129,-0.6873550862073898,-0.6687127500772476
HSNR,-0.01632523536682129,-0.502375029027462,-0.6646795719861984
HSNR,-0.01294378936290741,-0.502375029027462,-0.6646795719861984
HSNR,-0.01463451236486435,-0.5026155263185501,-0.6630434989929199
HSNR,-0.01463451236486435,-0.5021345317363739,-0.6663156449794769
HSNR,-0.014634504914283752,-0.25249001011252403,-0.5971044600009918
HSNR,-0.014634504914283752,-0.2535092495381832,-0.5938845872879028
HSNR,-0.01294378936290741,-0.2529996298253536,-0.5954945236444473
HSNR,-0.016325220465660095,-0.2529996298253536,-0.5954945236444473
HSNR,-0.0163252055644989,0.001688653603196144,-0.5165756717324257
HSNR,-0.01294378936290741,0.001688653603196144,-0.5165756717324257
HSNR,-0.014634497463703156,0.001258399337530136,-0.5149406045675278
HSNR,-0.014634497463703156,0.002118907868862152,-0.5182107388973236
HSNR,-0.014634497463703156,0.18031049147248268,-0.42873385548591614
HSNR,-0.014634497463703156,0.1795714870095253,-0.42543645203113556
HSNR,-0.01294378936290741,0.179940989241004,-0.42708515375852585
HSNR,-0.0163252055644989,0.179940989241004,-0.42708515375852585
HSNR,-0.030393458902835846,0.3409304693341255,-0.3293520659208298
HSNR,-0.027683954685926437,0.3422796428203583,-0.32935207337141037
HSNR,-0.02870142087340355,0.3411959707736969,-0.32778872549533844
HSNR,-0.029375992715358734,0.3420141413807869,-0.3309154137969017
HSNR,-0.07536985352635384,0.3914424851536751,-0.2762780711054802
HSNR,-0.1198212131857872,0.4491298273205757,-0.22281920164823532
HSNR,-0.1336434669792652,0.5199488773941994,-0.17288459464907646
HSNR,-0.07411707378923893,0.39046483486890793,-0.2733190841972828
HSNR,-0.11931757815182209,0.4476318135857582,-0.22003060206770897
HSNR,-0.13370132818818092,0.5183737576007843,-0.17003539949655533
HSNR,-0.07367667555809021,0.39220645278692245,-0.27479857578873634
HSNR,-0.118258036673069,0.4490237385034561,-0.22126352787017822
HSNR,-0.13217825442552567,0.5190597772598267,-0.17129864171147346
HSNR,-0.07581025175750256,0.38970086723566055,-0.27479857951402664
HSNR,-0.12088075466454029,0.4477379024028778,-0.22158627584576607
HSNR,-0.13516654074192047,0.519262857735157,-0.17162135243415833
HSNR,-0.024928342550992966,-2.6876713633537292,0.27896857261657715
HSNR,-0.021482836455106735,-2.6876763105392456,0.2789667844772339
HSNR,-0.023203328251838684,-2.686592221260071,0.280281662940979
HSNR,-0.023207850754261017,-2.688755452632904,0.27765369415283203
HSNR,-0.01419832557439804,-2.7033669352531433,0.30661898851394653
HSNR,-0.010860342532396317,-2.7129291892051697,0.3287592828273773
HSNR,-0.009272973984479904,-2.712779700756073,0.3264075517654419
HSNR,-0.010193031281232834,-2.7142584919929504,0.3274087905883789
HSNR,-0.009940285235643387,-2.7114503979682922,0.3277580440044403
HSNR,-3.475695848464966e-06,-2.727018117904663,0.3656516969203949
HSNR,0.0015838146209716797,-2.7268686294555664,0.36330005526542664
HSNR,0.0006637983024120331,-2.728347420692444,0.36430129408836365
HSNR,0.0009165406227111816,-2.7255393266677856,0.3646504580974579
HSNR,-0.03168801963329315,-2.7100610733032227,0.32144466042518616
HSNR,-0.03465074673295021,-2.7099812626838684,0.3207492530345917
HSNR,-0.03315415978431702,-2.711265742778778,0.32032766938209534
HSNR,-0.033184606581926346,-2.708776593208313,0.3218662440776825
HSNR,-0.04431463032960892,-2.725602447986603,0.3602176606655121
HSNR,-0.04678552970290184,-2.7254528403282166,0.35882335901260376
HSNR,-0.04551510140299797,-2.7269318103790283,0.3593078553676605
HSNR,-0.04558505862951279,-2.724123477935791,0.3597331643104553
HSNR,0.017742443829774857,-2.7328816652297974,0.39059197902679443
HSNR,-0.060157738626003265,-2.7328816652297974,0.3882288634777069
HSNR,0.019272416830062866,-2.7327321767807007,0.38820359110832214
HSNR,-0.06212949752807617,-2.7327322363853455,0.38631919026374817
HSNR,0.018376953899860382,-2.7342111468315125,0.38922634720802307
HSNR,-0.06105881929397583,-2.7342112064361572,0.3870835304260254
HSNR,0.01863790675997734,-2.7314026951789856,0.3895692229270935
HSNR,-0.06122841686010361,-2.7314026951789856,0.3874645233154297
HSNR,0.03749171644449234,-2.734540641307831,0.4115983545780182
HSNR,-0.07871207967400551,-2.734540641307831,0.4115983545780182
HSNR,0.037196084856987,-2.737356185913086,0.4114586412906647
HSNR,-0.07841643318533897,-2.737356185913086,0.4114586412906647
HSNR,0.03829760104417801,-2.735985815525055,0.41052716970443726
HSNR,-0.07951794564723969,-2.735985815525055,0.41052716970443726
HSNR,0.03639020025730133,-2.735911011695862,0.4125298261642456
HSNR,-0.0776105672121048,-2.735911011695862,0.4125298261642456
HSNR,0.0464620515704155,-2.739786744117737,0.440165251493454
HSNR,-0.08768241852521896,-2.739786744117737,0.440165251493454
HSNR,0.04904456436634064,-2.7400858402252197,0.43931788206100464
HSNR,-0.0902649499475956,-2.7400858402252197,0.43931788206100464
HSNR,0.047596752643585205,-2.7413474321365356,0.43972572684288025
HSNR,-0.08881714381277561,-2.7413474321365356,0.43972572684288025
HSNR,0.04790986329317093,-2.738525152206421,0.43975740671157837
HSNR,-0.08913022466003895,-2.738525152206421,0.43975740671157837
HSNR,0.04771750420331955,-2.7429112792015076,0.47009599208831787
HSNR,-0.08893784694373608,-2.7429112792015076,0.47009599208831787
HSNR,0.047457799315452576,-2.7457334399223328,0.4699125289916992
HSNR,-0.08867816813290119,-2.7457334399223328,0.4699125289916992
HSNR,0.048934079706668854,-2.7444719672203064,0.4702729284763336
HSNR,-0.09015444666147232,-2.7444719672203064,0.4702729284763336
HSNR,0.04624122381210327,-2.744172751903534,0.46973559260368347
HSNR,-0.08746156841516495,-2.744172751903534,0.46973559260368347
HSNR,0.03603971749544144,-2.748132586479187,0.4972054809331894
HSNR,-0.07726003974676132,-2.748132586479187,0.4972054809331894
HSNR,0.03832703083753586,-2.748444080352783,0.49894879758358
HSNR,-0.07954735308885574,-2.748444080352783,0.49894879758358
HSNR,0.03710333630442619,-2.7497565746307373,0.4979311376810074
HSNR,-0.07832365483045578,-2.7497565746307373,0.4979311376810074
HSNR,0.0372634120285511,-2.746820092201233,0.498223140835762
HSNR,-0.07848373800516129,-2.746820092201233,0.498223140835762
HSNR,0.017999723553657532,-2.7499627470970154,0.519722193479538
HSNR,-0.059220090508461,-2.7499627470970154,0.519722193479538
HSNR,0.017947301268577576,-2.7530134320259094,0.5193765759468079
HSNR,-0.05916764214634895,-2.7530134320259094,0.5193765759468079
HSNR,0.0187864750623703,-2.7516499161720276,0.5208214521408081
HSNR,-0.060006819665431976,-2.7516499161720276,0.5208214521408081
HSNR,0.017160549759864807,-2.751326262950897,0.5182773172855377
HSNR,-0.058380912989377975,-2.751326262950897,0.5182773172855377
HSNR,-0.0073964521288871765,-2.753170073032379,0.5296075940132141
HSNR,-0.03382387012243271,-2.753170073032379,0.5296075940132141
HSNR,-0.00677645206451416,-2.7535144090652466,0.5325790643692017
HSNR,-0.034443870186805725,-2.7535144090652466,0.5325790643692017
HSNR,-0.007086452096700668,-2.754892885684967,0.5309135317802429
HSNR,-0.03413387015461922,-2.754892885684967,0.5309135317802429
HSNR,-0.007086452096700668,-2.7517915964126587,0.5312731266021729
HSNR,-0.03413387015461922,-2.7517915964126587,0.5312731266021729
HSNR,-0.191395603120327,0.5893808454275131,-0.07110410928726196
HSNR,-0.19471228122711182,0.589403048157692,-0.07244003191590309
HSNR,-0.19302798062562943,0.5876324474811554,-0.07127775996923447
HSNR,-0.1930799037218094,0.5911514461040497,-0.07226638123393059
HSNR,-0.21632352471351624,0.5925696194171906,-0.026168236043304205
HSNR,-0.2163213975727558,0.5882309377193451,-0.02617222350090742
HSNR,-0.21820921450853348,0.5904003530740738,-0.02716936729848385
HSNR,-0.21443570777773857,0.5904002040624619,-0.025171092245727777
HSNR,-0.21836362034082413,0.5908361375331879,0.022062004078179598
HSNR,-0.222599558532238,0.5908360779285431,0.021402516402304173
HSNR,-0.220481239259243,0.5887280404567719,0.022090711630880833
HSNR,-0.22048193961381912,0.5929441750049591,0.021373808849602938
HSNR,-0.2164340876042843,0.5971273481845856,0.057139135897159576
HSNR,-0.2164340876042843,0.5932360589504242,0.05923278257250786
HSNR,-0.2186688780784607,0.5951817035675049,0.05818595923483372
HSNR,-0.21419929713010788,0.5951817035675049,0.05818595923483372
HSNR,-0.21361303329467773,0.6045166552066803,0.06643736269325018
HSNR,-0.21925517916679382,0.6045166552066803,0.06643736269325018
HSNR,-0.21643410623073578,0.6028568148612976,0.06862397491931915
HSNR,-0.21643410623073578,0.606176495552063,0.0642507504671812
HSNR,-0.2164340876042843,0.6140044927597046,0.06195312552154064
HSNR,-0.2164340876042843,0.6064762771129608,0.07725661993026733
HSNR,-0.22496160864830017,0.6102403849363327,0.06960487272590399
HSNR,-0.2079065665602684,0.6102403849363327,0.06960487272590399
HSNR,-0.2164340689778328,0.6351313889026642,0.08184918016195297
HSNR,-0.20272091031074524,0.622826486825943,0.07579615991562605
HSNR,-0.23014722764492035,0.622826486825943,0.07579615991562605
HSNR,-0.2164340689778328,0.6167733669281006,0.08810098469257355
HSNR,-0.2164340689778328,0.6288796067237854,0.06349133513867855
HSNR,-0.15615464746952057,0.576267197728157,-0.12377220764756203
HSNR,-0.15608743950724602,0.5743720978498459,-0.12122653797268867
HSNR,-0.15457597374916077,0.5751423984766006,-0.12250081822276115
HSNR,-0.15766611322760582,0.5754968971014023,-0.12249792739748955
int1DL,-0.034963737707585096,-2.1967616081237793,0.21638986095786095
int1DL,-0.02586572663858533,-2.0749001502990723,0.13056695461273193
int1DL,-0.09226059168577194,-2.030405730009079,0.21495890617370605
int1DL,-0.09203905053436756,-2.162036180496216,0.29145747423171997
int1DL,-0.08973789773881435,-2.1457953453063965,0.3275979906320572
int1DL,-0.045315039809793234,-2.1457953453063965,0.3275979906320572
int1DL,-0.038822868373245,-2.0078065395355225,0.25886061415076256
int1DL,-0.08969482034444809,-2.0078065395355225,0.25886061042547226
int1DL,-0.020433757454156876,-2.3248990774154663,0.4015492647886276
int1DL,0.012140625156462193,-2.3248990774154663,0.4015492647886276
int1DL,-0.09003729745745659,-2.178277015686035,0.25531695783138275
int1DL,-0.07738484255969524,-2.178277015686035,0.25531695783138275
int1DL,-0.0898208599537611,-2.0530049204826355,0.17105720192193985
int1DL,-0.07429794687777758,-2.0530049204826355,0.17105720192193985
int1DL,-0.09007098525762558,-1.6421518921852112,-0.006333572790026665
int1DL,-0.054779388941824436,-1.6421518921852112,-0.006333569996058941
int1DL,-0.004241219721734524,-2.168153762817383,0.27868664264678955
int1DL,-0.004241219721734524,-2.19251149892807,0.2254016175866127
int1DL,0.008213848806917667,-2.0689467191696167,0.1410550568252802
int1DL,0.008213848806917667,-2.0370683073997498,0.2024786900728941
int1DL,0.042259227484464645,-2.326413869857788,0.3698428124189377
int1DL,0.042259227484464645,-2.3280641436576843,0.33530116081237793
int1DL,-0.06568625569343567,-2.1877936720848083,0.23532230406999588
int1DL,-0.06568625569343567,-2.1981613636016846,0.2135397158563137
int1DL,-0.059945302084088326,-2.064585417509079,0.14997413754463196
int1DL,-0.059945302084088326,-2.0772014260292053,0.12700581550598145
int1DL,-0.02214842103421688,-1.691317766904831,-0.09256952628493309
int1DL,-0.02214842103421688,-1.6656827628612518,-0.04760622978210449
int1DL,-0.02317212102934718,-1.8606455624103546,0.0017417483031749725
int1DL,-0.022215455304831266,-1.7043721079826355,-0.0898427665233612
int1DL,-0.09272546507418156,-1.6532159745693207,0.00014600809663534164
int1DL,-0.09263771399855614,-1.8111146986484528,0.09261802397668362
int1DL,-0.037563932593911886,-1.7862935066223145,0.13753271661698818
int1DL,-0.03661632118746638,-1.628121256828308,0.04281518515199423
int1DL,-0.09030798263847828,-1.7862935066223145,0.13753270916640759
int1DL,-0.09040478616952896,-1.628121256828308,0.042815178632736206
int1DL,-0.08973044157028198,-1.835935890674591,0.04770333878695965
int1DL,-0.08973040245473385,-1.6783106923103333,-0.04252316243946552
int1DL,-0.07300889864563942,-1.835935890674591,0.04770333878695965
int1DL,-0.07300885766744614,-1.6783106923103333,-0.04252316243946552
int1DL,0.011203748174011707,-1.8551966845989227,0.010676348581910133
int1DL,0.013117038644850254,-1.699594259262085,-0.0826406218111515
int1DL,0.011203748174011707,-1.819270670413971,0.07681906130164862
int1DL,0.013117038644850254,-1.6623283624649048,-0.017228159122169018
int1DL,-0.05754799023270607,-1.848424106836319,0.024999926798045635
int1DL,-0.05754794925451279,-1.6910608112812042,-0.06508222315460443
int1DL,-0.05754799023270607,-1.862028956413269,0.0002663563936948776
int1DL,-0.05754794925451279,-1.7049510478973389,-0.08965854160487652
int1DL,0.036123473197221756,-2.319533109664917,0.32439024746418
int1DL,-0.006135027855634689,-2.2802791595458984,0.2874346077442169
int1DL,-0.03033800981938839,-2.3133150935173035,0.3975084573030472
int1DL,-0.06494975555688143,-2.261470675468445,0.3625376224517822
int1DL,-0.0624908497557044,-2.2539979219436646,0.3870628923177719
int1DL,-0.02692154422402382,-2.311083436012268,0.4177233725786209
int1DL,-0.02081232238560915,-2.2539979219436646,0.3870628923177719
int1DL,0.018342778086662292,-2.311083436012268,0.4177233725786209
int1DL,-0.02874394878745079,-2.315546751022339,0.37729354202747345
int1DL,-0.06297462154179811,-2.268943428993225,0.33801235258579254
int1DL,-0.007546788081526756,-2.315546751022339,0.37729354202747345
int1DL,-0.04583842121064663,-2.268943428993225,0.33801235258579254
int1DL,0.060194626450538635,-2.3189448714256287,0.3285594657063484
int1DL,0.017724063247442245,-2.278584837913513,0.29353494197130203
int1DL,0.060194626450538635,-2.31484591960907,0.3750493824481964
int1DL,0.017724063247442245,-2.2657652497291565,0.34230026602745056
int1DL,0.012052319943904877,-2.317491888999939,0.35285092145204544
int1DL,-0.029994118958711624,-2.2744407653808594,0.3138364851474762
int1DL,0.012052319943904877,-2.3196109533309937,0.32622262835502625
int1DL,-0.029994118958711624,-2.2804296612739563,0.2874987944960594
int1DR,-0.1586554404348135,-2.074899971485138,0.13056692108511925
int1DR,-0.14911435544490814,-2.196761429309845,0.21638984605669975
int1DR,-0.09203905425965786,-2.1620360612869263,0.29145747423171997
int1DR,-0.09226059354841709,-2.0304056107997894,0.21495890989899635
int1DR,-0.1077383104711771,-2.0530048608779907,0.17105720937252045
int1DR,-0.09221539460122585,-2.0530048608779907,0.17105720937252045
int1DR,-0.10464150458574295,-2.1782768964767456,0.25531695783138275
int1DR,-0.09198904410004616,-2.1782768964767456,0.25531695783138275
int1DR,-0.05827410239726305,-2.3248543739318848,0.4021220952272415
int1DR,-0.025461608543992043,-2.3248543739318848,0.4021220952272415
int1DR,-0.09754220768809319,-2.007806360721588,0.25886061042547226
int1DR,-0.14841415733098984,-2.007806360721588,0.25886059924960136
int1DR,-0.14101332612335682,-2.145795226097107,0.3275979831814766
int1DR,-0.09659046865999699,-2.145795226097107,0.3275979906320572
int1DR,-0.1308065801858902,-1.642151802778244,-0.006333599798381329
int1DR,-0.09551498293876648,-1.6421517729759216,-0.006333598867058754
int1DR,-0.12203695997595787,-2.0767446756362915,0.12783721648156643
int1DR,-0.12203696370124817,-2.0641286969184875,0.15080555342137814
int1DR,-0.11629609018564224,-2.1977859139442444,0.21432820335030556
int1DR,-0.11629609204828739,-2.187418282032013,0.23611079528927803
int1DR,-0.08849873393774033,-2.3279855251312256,0.3365827798843384
int1DR,-0.0884987423196435,-2.326321542263031,0.3714122399687767
int1DR,-0.19527393579483032,-2.035914182662964,0.20470210909843445
int1DR,-0.19527392089366913,-2.0677925646305084,0.14327846840023994
int1DR,-0.18193262070417404,-2.191629648208618,0.22733044624328613
int1DR,-0.18193263560533524,-2.167271912097931,0.2806154750287533
int1DR,-0.1633147969841957,-1.664754718542099,-0.045978670939803123
int1DR,-0.1633147858083248,-1.6903896927833557,-0.09094198793172836
int1DR,-0.1631861161440611,-1.7111821472644806,-0.08585171401500702
int1DR,-0.16205394826829433,-1.8674556016921997,0.005732819437980652
int1DR,-0.09263388998806477,-1.817995548248291,0.09664780599996448
int1DR,-0.09272164106369019,-1.660096824169159,0.0041757733561098576
int1DR,-0.10903137549757957,-1.685179591178894,-0.03859125729650259
int1DR,-0.10903141647577286,-1.8428047895431519,0.05163526814430952
int1DR,-0.09230983257293701,-1.685179591178894,-0.03859125729650259
int1DR,-0.0923098735511303,-1.8428047895431519,0.05163526814430952
int1DR,-0.09869082644581795,-1.6350140571594238,0.046942804008722305
int1DR,-0.09843291342258453,-1.7931863069534302,0.14166034385561943
int1DR,-0.15243378095328808,-1.6350140869617462,0.04694279935210943
int1DR,-0.15113144926726818,-1.7931863069534302,0.14166033640503883
int1DR,-0.12443411722779274,-1.6974159479141235,-0.06026675691828132
int1DR,-0.12443416006863117,-1.8547895848751068,0.029821114148944616
int1DR,-0.12443415448069572,-1.8683820366859436,0.005080673843622208
int1DR,-0.12443410977721214,-1.7112937271595001,-0.08484994433820248
int1DR,-0.20193813741207123,-1.6678207218647003,-0.010760771110653877
int1DR,-0.19967375695705414,-1.8248114883899689,0.08331289049237967
int1DR,-0.20193812251091003,-1.705028235912323,-0.07620506640523672
int1DR,-0.19967374205589294,-1.8606790900230408,0.017138351686298847
int1DR,-0.12449447810649872,-2.279052436351776,0.2862764596939087
int1DR,-0.09775970503687859,-2.318297803401947,0.32323070615530014
int1DR,-0.06603905744850636,-2.2598559856414795,0.36129725724458694
int1DR,-0.03141942247748375,-2.311678111553192,0.39655450731515884
int1DR,-0.08355961553752422,-2.2675042152404785,0.3364930748939514
int1DR,-0.05425744038075209,-2.31406307220459,0.3763471096754074
int1DR,-0.06667026318609715,-2.2675042152404785,0.3364930748939514
int1DR,-0.03306901827454567,-2.31406307220459,0.3763471096754074
int1DR,-0.0801538173109293,-2.3092931509017944,0.4167619049549103
int1DR,-0.11158419214189053,-2.2522077560424805,0.3861014395952225
int1DR,-0.03500193916261196,-2.3092931509017944,0.4167619049549103
int1DR,-0.0700181070715189,-2.2522077560424805,0.3861014395952225
int1DR,-0.09911693632602692,-2.27898907661438,0.28722187131643295
int1DR,-0.07377476990222931,-2.3182917833328247,0.3259874954819679
int1DR,-0.09911693818867207,-2.2728856801986694,0.31340599805116653
int1DR,-0.07377477455884218,-2.316044509410858,0.3527500331401825
int1DR,-0.1498720347881317,-2.2637521624565125,0.34304115176200867
int1DR,-0.12174465321004391,-2.3131484389305115,0.37570788711309433
int1DR,-0.14987201988697052,-2.2768452167510986,0.294204480946064
int1DR,-0.12174464017152786,-2.3175208568573,0.3291466236114502
int1VL,-0.09203903004527092,-2.231486678123474,0.1413222085684538
int1VL,-0.09226056560873985,-2.1193942427635193,0.046174957416951656
int1VL,-0.025865723844617605,-2.074899971485138,0.13056693598628044
int1VL,-0.034963733749464154,-2.1967613697052,0.21638984233140945
int1VL,-0.004241217393428087,-2.197162926197052,0.2152256779372692
int1VL,-0.004241217393428087,-2.2215206027030945,0.16194066032767296
int1VL,0.008213850669562817,-2.106912672519684,0.06790124345570803
int1VL,0.008213850669562817,-2.0750343799591064,0.1293248701840639
int1VL,0.04270316008478403,-2.3283650279045105,0.3286738991737366
int1VL,0.04270316008478403,-2.33002769947052,0.29387256875634193
int1VL,-0.06568625010550022,-2.2001410722732544,0.20937985181808472
int1VL,-0.06568625010550022,-2.210508704185486,0.18759725987911224
int1VL,-0.05994529835879803,-2.079610526561737,0.12261950224637985
int1VL,-0.05994529835879803,-2.092226505279541,0.09965117461979389
int1VL,-0.022148418240249157,-1.6962130665779114,-0.10115627758204937
int1VL,-0.022148418240249157,-1.7218480706214905,-0.14611957594752312
int1VL,-0.04209586442448199,-2.243225932121277,0.11445786617696285
int1VL,-0.08651870675384998,-2.243225932121277,0.11445785313844681
int1VL,-0.08600828237831593,-2.135319709777832,0.01316605694591999
int1VL,-0.035136349964886904,-2.135319709777832,0.013166068121790886
int1VL,-0.018027184763923287,-2.3315093517303467,0.2628607675433159
int1VL,0.014762032544240355,-2.3315093517303467,0.2628607749938965
int1VL,-0.07646795827895403,-2.2197474241256714,0.16818658262491226
int1VL,-0.0891204122453928,-2.2197474241256714,0.16818657144904137
int1VL,-0.07317304704338312,-2.1034687757492065,0.07918387837707996
int1VL,-0.08869595639407635,-2.1034687757492065,0.07918386533856392
int1VL,-0.08751351200044155,-1.7446916103363037,-0.1861868053674698
int1VL,-0.05222192546352744,-1.744691640138626,-0.1861867979168892
int1VL,-0.09272340126335621,-1.759126216173172,-0.177721306681633
int1VL,-0.09263564646244049,-1.913774460554123,-0.08702428545802832
int1VL,-0.022237712051719427,-1.708007961511612,-0.08771185390651226
int1VL,-0.02319437824189663,-1.8642814755439758,0.0038726702332496643
int1VL,0.013072523288428783,-1.7475599348545074,-0.15839402750134468
int1VL,0.011159230023622513,-1.9015665650367737,-0.06594674196094275
int1VL,0.013072523288428783,-1.7103252410888672,-0.09296456910669804
int1VL,0.011159230023622513,-1.8656718134880066,0.00021295621991157532
int1VL,-0.05754794739186764,-1.7112569510936737,-0.0922603365033865
int1VL,-0.05754798650741577,-1.8682803809642792,-0.0023654550313949585
int1VL,-0.05754794739186764,-1.725140541791916,-0.1168403048068285
int1VL,-0.05754798650741577,-1.8818786144256592,-0.027102679014205933
int1VL,-0.08650642074644566,-1.7807401418685913,-0.21669883280992508
int1VL,-0.08648529462516308,-1.9335527420043945,-0.1249022837728262
int1VL,-0.032742267940193415,-1.7807401418685913,-0.21669882535934448
int1VL,-0.03376556374132633,-1.9335527420043945,-0.12490227073431015
int1VL,-0.08851867727935314,-1.8939961791038513,-0.04914628714323044
int1VL,-0.08851863816380501,-1.7375122904777527,-0.1387437805533409
int1VL,-0.07179713994264603,-1.8939961791038513,-0.0491462666541338
int1VL,-0.07179710175842047,-1.737512320280075,-0.13874376192688942
int1VL,-0.06789578218013048,-2.2968190908432007,0.20942168310284615
int1VL,-0.03327691415324807,-2.3234872817993164,0.24810119718313217
int1VL,-0.010052787605673075,-2.2769615054130554,0.28430236876010895
int1VL,0.03242767765186727,-2.316207766532898,0.32125675678253174
int1VL,0.05659281089901924,-2.316445827484131,0.31667402386665344
int1VL,0.01412224443629384,-2.2777512073516846,0.28121495991945267
int1VL,0.05659281089901924,-2.3212843537330627,0.2699911445379257
int1VL,0.01412224443629384,-2.2913103699684143,0.2322566695511341
int1VL,-0.03422781964763999,-2.278334140777588,0.27923598140478134
int1VL,0.0082625444047153,-2.316762387752533,0.3178735300898552
int1VL,-0.03422781964763999,-2.2846325635910034,0.2533136159181595
int1VL,0.0082625444047153,-2.3192033767700195,0.29140087217092514
int1VL,-0.02667995751835406,-2.32559597492218,0.22839155793190002
int1VL,-0.0625091134570539,-2.303393006324768,0.18862944096326828
int1VL,-0.02113470179028809,-2.303393006324768,0.18862945586442947
int1VL,0.018280250253155828,-2.32559597492218,0.22839157283306122
int1VL,-0.048261418705806136,-2.2902451753616333,0.2302139401435852
int1VL,-0.00941465306095779,-2.3213785886764526,0.2678108438849449
int1VL,-0.06473000161349773,-2.2902451753616333,0.230213925242424
int1VL,-0.030159037094563246,-2.3213785886764526,0.2678108364343643
int1VR,-0.1586554292589426,-2.0749000310897827,0.13056693971157074
int1VR,-0.1491143461316824,-2.1967615485191345,0.21638985350728035
int1VR,-0.09238831450541814,-2.2191720008850098,0.11839839567740758
int1VR,-0.09173905352751414,-2.2424700260162354,0.16576099395751953
int1VR,-0.09226056560873985,-2.1193944215774536,0.0461749779060483
int1VR,-0.18193260207772255,-2.221771001815796,0.16139335557818413
int1VR,-0.18193261325359344,-2.1974133253097534,0.21467838808894157
int1VR,-0.19527390599250793,-2.075361967086792,0.12869397178292274
int1VR,-0.19527389481663704,-2.107240319252014,0.06727032922208309
int1VR,-0.08929704874753952,-2.330041825771332,0.292920108884573
int1VR,-0.08929705992341042,-2.328354001045227,0.3282485902309418
int1VR,-0.1162960771471262,-2.210615396499634,0.18737353011965752
int1VR,-0.11629607900977135,-2.2002477049827576,0.2091561295092106
int1VR,-0.12203694880008698,-2.092356264591217,0.09941525757312775
int1VR,-0.12203695252537727,-2.0797402262687683,0.1223836038261652
int1VR,-0.16331478208303452,-1.696476548910141,-0.10161812603473663
int1VR,-0.16331477276980877,-1.72211155295372,-0.14658143743872643
int1VR,-0.09436454810202122,-2.243226170539856,0.1144578792154789
int1VR,-0.138787392526865,-2.243226170539856,0.11445786990225315
int1VR,-0.14586507715284824,-2.135319948196411,0.013166053220629692
int1VR,-0.09499314241111279,-2.135319948196411,0.013166066259145737
int1VR,-0.023801958188414574,-2.3315285444259644,0.26180145889520645
int1VR,-0.05702729523181915,-2.3315285444259644,0.26180144399404526
int1VR,-0.09135505557060242,-2.2197476625442505,0.16818659752607346
int1VR,-0.10400751419365406,-2.2197476625442505,0.16818659007549286
int1VR,-0.09143757075071335,-2.103468894958496,0.07918388955295086
int1VR,-0.10696048475801945,-2.103468894958496,0.07918387558311224
int1VR,-0.09374661184847355,-1.7446918487548828,-0.1861868053674698
int1VR,-0.12903819978237152,-1.7446918487548828,-0.18618682026863098
int1VR,-0.16320989094674587,-1.7079002261161804,-0.08777512051165104
int1VR,-0.16207771934568882,-1.8641736507415771,0.0038094129413366318
int1VR,-0.09272345714271069,-1.7590196132659912,-0.17778394743800163
int1VR,-0.09263570420444012,-1.9136677980422974,-0.08708691690117121
int1VR,-0.2019856795668602,-1.7106006443500519,-0.0937009621411562
int1VR,-0.1997212916612625,-1.8659333884716034,-0.0005309320986270905
int1VR,-0.2019856609404087,-1.7478362619876862,-0.1591299381107092
int1VR,-0.19972127676010132,-1.9018291234970093,-0.06669014692306519
int1VR,-0.12443414703011513,-1.8683117926120758,-0.002681620419025421
int1VR,-0.12443410232663155,-1.711291253566742,-0.09257490560412407
int1VR,-0.12443414144217968,-1.8819102346897125,-0.02741876430809498
int1VR,-0.12443409860134125,-1.7251750528812408,-0.11715478636324406
int1VR,-0.14976710453629494,-1.7806348204612732,-0.2167622596025467
int1VR,-0.14851710200309753,-1.9334474205970764,-0.12496569007635117
int1VR,-0.0960022322833538,-1.7806348204612732,-0.2167622447013855
int1VR,-0.09579664655029774,-1.9334474205970764,-0.12496567517518997
int1VR,-0.10819352604448795,-1.8938882052898407,-0.04920817259699106
int1VR,-0.10819348692893982,-1.7374044358730316,-0.13880566507577896
int1VR,-0.09147198684513569,-1.8938881754875183,-0.04920815862715244
int1VR,-0.09147194772958755,-1.7374044060707092,-0.13880565017461777
int1VR,-0.12512429803609848,-2.277994215488434,0.28527727723121643
int1VR,-0.09878869168460369,-2.3172248005867004,0.32222913205623627
int1VR,-0.032345524057745934,-2.3242029547691345,0.2484772428870201
int1VR,-0.06697884760797024,-2.2975252866744995,0.2103274017572403
int1VR,-0.15063298493623734,-2.278909683227539,0.2816486954689026
int1VR,-0.12250559777021408,-2.317514717578888,0.3171311318874359
int1VR,-0.15063297376036644,-2.2922386527061462,0.23275045305490494
int1VR,-0.12250558286905289,-2.3221230506896973,0.2705083005130291
int1VR,-0.09961560741066933,-2.285608232021332,0.25392304733395576
int1VR,-0.07507178001105785,-2.320136249065399,0.2914096340537071
int1VR,-0.09961561113595963,-2.2794061303138733,0.27997469529509544
int1VR,-0.0750717855989933,-2.3177664279937744,0.31853871792554855
int1VR,-0.033691683784127235,-2.326182246208191,0.22944115102291107
int1VR,-0.06888752989470959,-2.303979277610779,0.18967902660369873
int1VR,-0.07874653860926628,-2.326182246208191,0.22944113984704018
int1VR,-0.11035659350454807,-2.303979277610779,0.18967901915311813
int1VR,-0.06674248725175858,-2.29107129573822,0.23097577691078186
int1VR,-0.032910335808992386,-2.322223663330078,0.26751333475112915
int1VR,-0.08341885916888714,-2.29107129573822,0.23097576946020126
int1VR,-0.054298628121614456,-2.322223663330078,0.26751331984996796
int2D,-0.09099072497338057,-1.2149937748908997,-0.2810688987374306
int2D,-0.09159994497895241,-1.181136816740036,-0.1903596669435501
int2D,-0.09365122485905886,-0.9696000218391418,-0.3096148893237114
int2D,-0.022208639420568943,-1.2346107959747314,-0.3323052227497101
int2D,-0.1603820063173771,-1.234610766172409,-0.3323052451014519
int2D,-0.09273160807788372,-1.6421519219875336,-0.006333598867058754
int2D,-0.09436439536511898,-1.6069542467594147,0.030405134428292513
int2D,-0.0927053838968277,-1.4517608284950256,-0.058444985654205084
int2D,-0.09099102299660444,-1.656908631324768,-0.054712846875190735
int2D,-0.09099093731492758,-1.497508943080902,-0.1450144164264202
int2D,-0.022928494028747082,-1.5232076346874237,-0.19309650361537933
int2D,-0.022196012549102306,-1.6830369234085083,-0.10216831788420677
int2D,-0.16315938718616962,-1.683036893606186,-0.10216835327446461
int2D,-0.16076780669391155,-1.523207575082779,-0.19309653714299202
int2D,-0.09233937039971352,-1.0387823581695557,-0.34402602910995483
int2D,-0.09402665868401527,-0.9853171110153198,-0.358208104968071
int2D,-0.09284784831106663,-0.9737390875816345,-0.2562725692987442
int2D,-0.09240207076072693,-1.019245594739914,-0.2467830330133438
int2D,-0.018952062353491783,-0.9923000335693359,-0.4131191670894623
int2D,-0.01998121663928032,-1.0496300160884857,-0.3983222022652626
int2D,-0.16792241483926773,-0.9923000335693359,-0.41311918944120407
int2D,-0.16476019471883774,-1.0496300160884857,-0.3983222246170044
int2D,-0.057547638192772865,-1.2228148877620697,-0.30306581780314445
int2D,-0.057547638192772865,-1.2322002053260803,-0.32946211099624634
int2D,0.01313035935163498,-1.203770250082016,-0.24885519593954086
int2D,0.01313035935163498,-1.2309304475784302,-0.3190498501062393
int2D,-0.01874558813869953,-0.9798650741577148,-0.40721505880355835
int2D,-0.01874558813869953,-0.9742659628391266,-0.35397859662771225
int2D,-0.02214841917157173,-1.6891494393348694,-0.08876631036400795
int2D,-0.02214841917157173,-1.663514405488968,-0.04380300734192133
int2D,-0.05754793621599674,-1.6684667468070984,-0.07520194165408611
int2D,-0.05754793621599674,-1.6823364794254303,-0.09978886134922504
int2D,-0.05754785053431988,-1.5085473358631134,-0.16578086465597153
int2D,-0.05754785053431988,-1.521793395280838,-0.1907006036490202
int2D,0.01315591111779213,-1.6752197742462158,-0.0895453579723835
int2D,0.01315591111779213,-1.6379840075969696,-0.024117808789014816
int2D,0.011690862476825714,-1.5165264010429382,-0.18026460334658623
int2D,0.011690862476825714,-1.481199711561203,-0.11381753254681826
int2D,-0.058147870004177094,-1.042897880077362,-0.36710522323846817
int2D,-0.058147870004177094,-1.0478364825248718,-0.39480024576187134
int2D,-0.058898910880088806,-0.9882138222455978,-0.3814263343811035
int2D,-0.058898910880088806,-0.9916898608207703,-0.4092882126569748
int2D,0.02099478617310524,-0.9814856797456741,-0.3212866857647896
int2D,0.02099478617310524,-0.9907815754413605,-0.3993036448955536
int2D,0.018185436725616455,-1.0323100984096527,-0.3094685599207878
int2D,0.018185436725616455,-1.047987550497055,-0.3846912160515785
int2D,-0.12443380057811737,-1.2323305010795593,-0.32982873916625977
int2D,-0.12443380616605282,-1.222945213317871,-0.3034324385225773
int2D,-0.1963302157819271,-1.2313076853752136,-0.320024810731411
int2D,-0.1963302344083786,-1.2041475176811218,-0.24983015656471252
int2D,-0.1685568355023861,-0.9799428433179855,-0.40795446932315826
int2D,-0.1685568504035473,-0.9743437319993973,-0.35471800714731216
int2D,-0.16331478208303452,-1.6895054578781128,-0.08939083851873875
int2D,-0.1633147895336151,-1.6638704538345337,-0.04442752618342638
int2D,-0.19710160046815872,-1.5170170664787292,-0.18118751049041748
int2D,-0.19710161536931992,-1.481690376996994,-0.11474044108763337
int2D,-0.2018846794962883,-1.6757369339466095,-0.0904540978372097
int2D,-0.2018846906721592,-1.6385011970996857,-0.02502655191347003
int2D,-0.12443409487605095,-1.6825290620326996,-0.10013040341436863
int2D,-0.12443410232663155,-1.66865935921669,-0.07554345950484276
int2D,-0.12443401291966438,-1.52197727560997,-0.19104675576090813
int2D,-0.12443401850759983,-1.5087312757968903,-0.16612699627876282
int2D,-0.12915439903736115,-0.9882620871067047,-0.38181331008672714
int2D,-0.12915439158678055,-0.9917381256818771,-0.409675195813179
int2D,-0.12653086334466934,-1.0429664552211761,-0.36748987436294556
int2D,-0.12653085589408875,-1.047905057668686,-0.3951849043369293
int2D,-0.2066904418170452,-0.9909107089042664,-0.400387242436409
int2D,-0.206690464168787,-0.98161481320858,-0.322370283305645
int2D,-0.20298953726887703,-1.048205316066742,-0.38573601096868515
int2D,-0.20298955962061882,-1.032527893781662,-0.31051335483789444
int2V,-0.09365119878202677,-0.9919962733983994,-0.5225607007741928
int2V,-0.09273159131407738,-1.7446917295455933,-0.1861867755651474
int2V,-0.0919839795678854,-1.2341158390045166,-0.48622050881385803
int2V,-0.09287553280591965,-1.012042835354805,-0.5669021010398865
int2V,-0.018914053216576576,-0.9943978786468506,-0.4113128334283829
int2V,-0.02134795021265745,-1.1908804178237915,-0.34232721477746964
int2V,-0.16820987686514854,-0.9943979531526566,-0.41131286323070526
int2V,-0.16319727152585983,-1.190880447626114,-0.3423272594809532
int2V,-0.09424837492406368,-1.001572459936142,-0.46771132946014404
int2V,-0.0925612198188901,-1.2074708342552185,-0.3965801000595093
int2V,-0.09099101182073355,-1.710882842540741,-0.1539120264351368
int2V,-0.09099092613905668,-1.548988401889801,-0.2455448880791664
int2V,-0.09434895031154156,-1.75438392162323,-0.2321685627102852
int2V,-0.09268993511795998,-1.5915542840957642,-0.32509680464863777
int2V,-0.16074558533728123,-1.521722137928009,-0.1939414869993925
int2V,-0.1631371658295393,-1.681551456451416,-0.10301328264176846
int2V,-0.02293530013412237,-1.5217221975326538,-0.19394143298268318
int2V,-0.022202818654477596,-1.6815514862537384,-0.10301323980093002
int2V,-0.02214841917157173,-1.7244488894939423,-0.15068124420940876
int2V,-0.02214841917157173,-1.6988138854503632,-0.10571794770658016
int2V,-0.01874559000134468,-0.9875749051570892,-0.4805222451686859
int2V,-0.01874559000134468,-0.9819758087396622,-0.4272857904434204
int2V,0.021169504150748253,-0.996116578578949,-0.42696765065193176
int2V,0.021169504150748253,-1.005015641450882,-0.5051583647727966
int2V,0.015550803393125534,-1.1953482031822205,-0.35628771036863327
int2V,0.015550803393125534,-1.2170102894306183,-0.42888983339071274
int2V,-0.058997612446546555,-0.9988002479076385,-0.4457564279437065
int2V,-0.058997612446546555,-0.9952895492315292,-0.4179532751441002
int2V,-0.05824670381844044,-1.2009555399417877,-0.3756771609187126
int2V,-0.05824670381844044,-1.1927047073841095,-0.34920622408390045
int2V,0.01314229890704155,-1.7249945104122162,-0.1804958637803793
int2V,0.01314229890704155,-1.687776505947113,-0.11505885235965252
int2V,0.011677250266075134,-1.5636723935604095,-0.27261902391910553
int2V,0.011677250266075134,-1.528363436460495,-0.206162478774786
int2V,-0.05754793621599674,-1.6860712468624115,-0.10990434139966965
int2V,-0.05754793621599674,-1.6999351382255554,-0.1344943568110466
int2V,-0.05754785053431988,-1.5252930223941803,-0.2009415663778782
int2V,-0.05754785053431988,-1.5385332107543945,-0.22586439922451973
int2V,-0.1685568206012249,-0.9869764000177383,-0.4748314693570137
int2V,-0.1685568317770958,-0.9813773036003113,-0.4215950146317482
int2V,-0.16331477276980877,-1.721708595752716,-0.14587487280368805
int2V,-0.16331478208303452,-1.696073591709137,-0.10091156512498856
int2V,-0.2069205865263939,-1.0040643960237503,-0.49680009484291077
int2V,-0.20692060142755508,-0.9951653629541397,-0.4186093732714653
int2V,-0.19951877743005753,-1.2146946787834167,-0.4211289659142494
int2V,-0.19951879233121872,-1.1930326223373413,-0.34852683544158936
int2V,-0.129499152302742,-0.9949142783880234,-0.4149812161922455
int2V,-0.1294991448521614,-0.9984249472618103,-0.4427843615412712
int2V,-0.12687575072050095,-1.1918227076530457,-0.34637660533189774
int2V,-0.12687574326992035,-1.2000735402107239,-0.3728475496172905
int2V,-0.12443409115076065,-1.69845312833786,-0.131865831092
int2V,-0.12443409487605095,-1.6845892071723938,-0.1072758100926876
int2V,-0.12443400733172894,-1.5371178686618805,-0.22320030443370342
int2V,-0.12443401291966438,-1.5238776206970215,-0.19827745854854584
int2V,-0.20184023678302765,-1.6837980151176453,-0.10806388966739178
int2V,-0.20184021815657616,-1.7210160195827484,-0.17350090853869915
int2V,-0.19705715775489807,-1.5245890021324158,-0.1990585420280695
int2V,-0.19705713912844658,-1.5598979592323303,-0.26551509089767933
int3D,-0.10758935660123825,-0.3552868366241455,-0.21395086497068405
int3D,-0.10654393397271633,-0.4081086367368698,-0.2338748574256897
int3D,-0.09325901791453362,-0.8680095076560974,-0.2792805805802345
int3D,-0.09299100190401077,-0.9484789967536926,-0.2617003917694092
int3D,-0.09689609333872795,-0.8467638790607452,-0.3823264539241791
int3D,-0.0952088050544262,-0.9319816529750824,-0.3681444227695465
int3D,-0.09956835955381393,-0.6281343549489975,-0.27199646830558777
int3D,-0.10111429635435343,-0.6127270609140396,-0.3666352331638336
int3D,-0.09365122113376856,-0.9695998430252075,-0.3096149191260338
int3D,-0.024716285057365894,-0.6028072312474251,-0.42196332663297653
int3D,-0.019249875098466873,-0.9498601257801056,-0.4211486950516701
int3D,-0.021204475313425064,-0.861377626657486,-0.4355500712990761
int3D,-0.1059165857732296,-0.37954117357730865,-0.3232748210430145
int3D,-0.10767248459160328,-0.32818503677845,-0.29796668887138367
int3D,-0.02782112918794155,-0.3592400476336479,-0.3786986619234085
int3D,-0.029090961441397667,-0.3078675791621208,-0.3540439009666443
int3D,-0.18617085367441177,-0.3078675717115402,-0.3540439009666443
int3D,-0.1846393682062626,-0.35924001783132553,-0.3786986768245697
int3D,-0.17596635594964027,-0.6028071865439415,-0.4219633713364601
int3D,-0.1689499095082283,-0.9498601406812668,-0.42114873230457306
int3D,-0.1689506210386753,-0.861377626657486,-0.43555012345314026
int3D,-0.1078774519264698,-0.332770898938179,-0.2520224377512932
int3D,-0.2205936759710312,-0.38493405282497406,-0.3013574481010437
int3D,-0.2205936573445797,-0.3591269627213478,-0.3765057176351547
int3D,-0.2219412699341774,-0.3063051849603653,-0.3565817177295685
int3D,-0.2219412885606289,-0.33211226761341095,-0.28143345192074776
int3D,-0.20690734311938286,-0.9549252539873123,-0.3319660946726799
int3D,-0.20690732449293137,-0.9621037691831589,-0.4102136120200157
int3D,-0.20428522303700447,-0.8707054853439331,-0.34806766360998154
int3D,-0.20428521186113358,-0.873707726597786,-0.4246686026453972
int3D,-0.13099249452352524,-0.9366341829299927,-0.4212479665875435
int3D,-0.13099249824881554,-0.93418288230896,-0.3932691663503647
int3D,-0.13361603021621704,-0.8486403971910477,-0.4357467070221901
int3D,-0.13361603394150734,-0.8476517051458359,-0.4076010435819626
int3D,-0.2108236700296402,-0.6163957789540291,-0.33954019099473953
int3D,-0.2108236588537693,-0.6033237725496292,-0.41475653648376465
int3D,-0.14110905677080154,-0.6040883213281631,-0.41869940608739853
int3D,-0.14110906049609184,-0.6086398363113403,-0.3912682309746742
int3D,-0.1685568243265152,-0.980226919054985,-0.4106573462486267
int3D,-0.1685568392276764,-0.9746278077363968,-0.3574208766222
int3D,-0.15040044113993645,-0.31288478523492813,-0.3415006771683693
int3D,-0.15040044859051704,-0.32094606757164,-0.3185638189315796
int3D,-0.14868508651852608,-0.36288098245859146,-0.37067827582359314
int3D,-0.14868509024381638,-0.3716587796807289,-0.3457027077674866
int3D,-0.1864374466240406,-0.3176242560148239,-0.2958912141621113
int3D,-0.1864374354481697,-0.3007570281624794,-0.3447432667016983
int3D,0.00750582292675972,-0.36078108847141266,-0.3716890513896942
int3D,0.00750582292675972,-0.3865881636738777,-0.296540804207325
int3D,0.006762592121958733,-0.30795928090810776,-0.35176506638526917
int3D,0.006762592121958733,-0.3337663635611534,-0.27661681547760963
int3D,0.017767194658517838,-0.8705130517482758,-0.34315789490938187
int3D,0.017767194658517838,-0.8735152781009674,-0.41975880414247513
int3D,0.020925354212522507,-0.9544651210308075,-0.3269507810473442
int3D,0.020925354212522507,-0.9616436213254929,-0.40519828349351883
int3D,-0.05942510813474655,-0.9340257793664932,-0.3914758712053299
int3D,-0.05942510813474655,-0.9364770799875259,-0.4194546639919281
int3D,-0.060176149010658264,-0.8475883603096008,-0.4057970494031906
int3D,-0.060176149010658264,-0.8485770672559738,-0.4339426979422569
int3D,0.011686958372592926,-0.6041616573929787,-0.40993548184633255
int3D,0.011686958372592926,-0.6172336488962173,-0.3347191736102104
int3D,-0.061119528487324715,-0.6089316010475159,-0.38951002806425095
int3D,-0.061119528487324715,-0.6043801158666611,-0.41694119572639465
int3D,-0.01874558813869953,-0.9798680394887924,-0.40724512934684753
int3D,-0.01874558813869953,-0.9742689281702042,-0.35400866717100143
int3D,-0.06314808130264282,-0.36344362050294876,-0.3690774738788605
int3D,-0.06314808130264282,-0.372221402823925,-0.3441018983721733
int3D,-0.06494451686739922,-0.3134014829993248,-0.34003055840730667
int3D,-0.06494451686739922,-0.3214627578854561,-0.3170936852693558
int3D,-0.029317447915673256,-0.30183814465999603,-0.3416120931506157
int3D,-0.029317447915673256,-0.31870536506175995,-0.29276004061102867
int3V,-0.10624474007636309,-0.33536747097969055,-0.41692306846380234
int3V,-0.10111428238451481,-0.5945210233330727,-0.47635990381240845
int3V,-0.0995683204382658,-0.5758463218808174,-0.5728617459535599
int3V,-0.09520878456532955,-0.9417867511510849,-0.48005954176187515
int3V,-0.09689607378095388,-0.8507185727357864,-0.49490904062986374
int3V,-0.09299095720052719,-0.9771929085254669,-0.5746903270483017
int3V,-0.09325897693634033,-0.8800183534622192,-0.5856841951608658
int3V,-0.10654388926923275,-0.3048802688717842,-0.534467875957489
int3V,-0.10758930444717407,-0.2520584873855114,-0.5145438760519028
int3V,-0.19820117950439453,-0.30335914095242816,-0.35561440388361615
int3V,-0.10787741839885712,-0.26530199125409126,-0.44743063300848007
int3V,-0.17596634477376938,-0.6028071567416191,-0.4219633564352989
int3V,-0.1689498946070671,-0.9498600661754608,-0.4211486652493477
int3V,-0.1847996562719345,-0.3545748144388199,-0.37595268338918686
int3V,-0.16895060613751411,-0.8613775670528412,-0.4355500787496567
int3V,-0.01725168526172638,-0.30335912108421326,-0.3556143840154012
int3V,-0.024716277606785297,-0.6028071865439415,-0.42196331173181534
int3V,-0.019249865785241127,-0.9498600512742996,-0.4211486354470253
int3V,-0.027988995425403118,-0.3545748442411423,-0.37595266103744507
int3V,-0.021204466000199318,-0.8613775670528412,-0.4355500265955925
int3V,-0.0936511866748333,-0.9919962137937546,-0.5225607007741928
int3V,-0.14900567382574081,-0.3510926812887192,-0.3721797987818718
int3V,-0.14900566637516022,-0.34244880080223083,-0.3967743441462517
int3V,-0.14110904559493065,-0.5982497334480286,-0.45388733595609665
int3V,-0.14110904932022095,-0.6028012633323669,-0.42645616084337234
int3V,-0.2108236365020275,-0.5996273308992386,-0.43602563440799713
int3V,-0.21082361787557602,-0.5865553244948387,-0.5112419724464417
int3V,-0.13361601158976555,-0.8499085903167725,-0.471851147711277
int3V,-0.13361601531505585,-0.8489199280738831,-0.4437054842710495
int3V,-0.13099247589707375,-0.9397785663604736,-0.4571383446455002
int3V,-0.13099247962236404,-0.9373272657394409,-0.429159551858902
int3V,-0.20428519323468208,-0.8745566010475159,-0.44632919132709503
int3V,-0.2042851746082306,-0.8775588124990463,-0.5229301154613495
int3V,-0.20690730959177017,-0.9641335904598236,-0.43233978748321533
int3V,-0.20690729469060898,-0.9713120609521866,-0.51058728992939
int3V,-0.2219412513077259,-0.2990076467394829,-0.3778315857052803
int3V,-0.22194122523069382,-0.27320055663585663,-0.45297984778881073
int3V,-0.2205936387181282,-0.3518294170498848,-0.39775558561086655
int3V,-0.2205936200916767,-0.32602231949567795,-0.47290385514497757
int3V,-0.1864374242722988,-0.29598742723464966,-0.3585572838783264
int3V,-0.18643740564584732,-0.27912020683288574,-0.40740933269262314
int3V,-0.1685568019747734,-0.9874092489480972,-0.47894755750894547
int3V,-0.168556809425354,-0.981810137629509,-0.42571109533309937
int3V,-0.06348382122814655,-0.34271926432847977,-0.3960050344467163
int3V,-0.06348382122814655,-0.3513631299138069,-0.37141048163175583
int3V,-0.06111952196806669,-0.6029436811804771,-0.4255980923771858
int3V,-0.06111952289938927,-0.5983921959996223,-0.45302926003932953
int3V,0.011686962097883224,-0.5869642719626427,-0.5088890418410301
int3V,0.011686963960528374,-0.6000362485647202,-0.4336727410554886
int3V,-0.06017613876610994,-0.848889023065567,-0.442825049161911
int3V,-0.06017613969743252,-0.8498777151107788,-0.4709707051515579
int3V,-0.059425096958875656,-0.9372505992650986,-0.42828434705734253
int3V,-0.059425096958875656,-0.9397018998861313,-0.45626313984394073
int3V,0.020925365388393402,-0.9639090001583099,-0.4298921078443527
int3V,0.020925365388393402,-0.9710874706506729,-0.5081395879387856
int3V,0.017767203971743584,-0.874462679028511,-0.44393299520015717
int3V,0.017767203971743584,-0.8774649053812027,-0.5205338820815086
int3V,0.006762595847249031,-0.27400780096650124,-0.4506291002035141
int3V,0.0067625995725393295,-0.299814872443676,-0.37548086792230606
int3V,0.007505826652050018,-0.32682960480451584,-0.47055307775735855
int3V,0.007505830377340317,-0.3526366800069809,-0.3954048454761505
int3V,-0.029317446053028107,-0.2796478308737278,-0.40588121116161346
int3V,-0.029317444190382957,-0.2965150400996208,-0.35702916234731674
int3V,-0.018745578825473785,-0.9872340708971024,-0.47728225588798523
int3V,-0.018745578825473785,-0.9816349595785141,-0.4240458011627197
int4D,-0.04935604706406593,0.0660451240837574,-0.062408166006207466
int4D,-0.09886409621685743,-0.07081993669271469,-0.15031257644295692
int4D,-0.0476304953917861,0.04691363195888698,-0.012876539723947644
int4D,-0.0979763213545084,-0.08925480698235333,-0.09201478958129883
int4D,-0.18164457380771637,-0.05525230057537556,-0.19438051246106625
int4D,-0.1644430123269558,0.0761603619903326,-0.09276401251554489
int4D,0.06745651923120022,0.07616031635552645,-0.09276397339999676
int4D,-0.015195813030004501,-0.05525233503431082,-0.1943804882466793
int4D,-0.1078774556517601,-0.33277079463005066,-0.2520224377512932
int4D,-0.015572785399854183,0.3545714318752289,0.10734885185956955
int4D,-0.10831307992339134,-0.30944904685020447,-0.28873370587825775
int4D,-0.11105666682124138,-0.22920505702495575,-0.24918971955776215
int4D,-0.10794415976852179,-0.3373594880104065,-0.20718885958194733
int4D,-0.10961184091866016,-0.25309669971466064,-0.17540553212165833
int4D,-0.18671243637800217,-0.2897973284125328,-0.34530264139175415
int4D,-0.18912742659449577,-0.2086634822189808,-0.30645350739359856
int4D,-0.03154104761779308,-0.20866349339485168,-0.30645350366830826
int4D,-0.029544769786298275,-0.2897973135113716,-0.34530263394117355
int4D,-0.014471648260951042,0.2339392565190792,0.01600547321140766
int4D,-0.01447155699133873,0.3605059087276459,0.07414457947015762
int4D,-0.013331230729818344,0.20910154655575752,0.06979532237164676
int4D,-0.016469258815050125,0.3323368430137634,0.13265753164887428
int4D,-0.15790525451302528,0.3721095696091652,0.04873484931886196
int4D,-0.15736722014844418,0.2449338547885418,-0.01201215572655201
int4D,0.1269644945859909,0.3721095249056816,0.04873483441770077
int4D,0.12956440448760986,0.2449338100850582,-0.012012144550681114
int4D,-0.2252998650074005,0.07459615636616945,-0.09021334256976843
int4D,-0.2252999059855938,0.05996396474074572,-0.04933531628921628
int4D,-0.22436802461743355,-0.07195432402659208,-0.14375281520187855
int4D,-0.22436799854040146,-0.05255680996924639,-0.2017621211707592
int4D,-0.10358616709709167,0.07559689460322261,-0.08935558050870895
int4D,-0.10358617641031742,0.07054810225963593,-0.07511194702237844
int4D,-0.13892115652561188,-0.06062725419178605,-0.17908356711268425
int4D,-0.13892116211354733,-0.06601481139659882,-0.16387604363262653
int4D,-0.1864374503493309,-0.31772706657648087,-0.2955931983888149
int4D,-0.1864374354481697,-0.30085986107587814,-0.34444525837898254
int4D,-0.15794036723673344,0.37901149690151215,0.05565279070287943
int4D,-0.15794039331376553,0.3660931810736656,0.0829778565093875
int4D,-0.2245483733713627,-0.20427251607179642,-0.31757790595293045
int4D,-0.22454839572310448,-0.23007958382368088,-0.24242965131998062
int4D,-0.22239863127470016,-0.28853529691696167,-0.34936124086380005
int4D,-0.22239865362644196,-0.31434236466884613,-0.2742129862308502
int4D,-0.15370649471879005,-0.22324691712856293,-0.26614247262477875
int4D,-0.15370648354291916,-0.21656658872961998,-0.28515009954571724
int4D,-0.15102625265717506,-0.3024924024939537,-0.30852755904197693
int4D,-0.15102624148130417,-0.2946925312280655,-0.3307206630706787
int4D,-0.23039914667606354,0.36914844810962677,0.055278156884014606
int4D,-0.23039918765425682,0.34969088435173035,0.0961786862462759
int4D,-0.22932298481464386,0.24280246533453465,-0.007569551467895508
int4D,-0.22932303324341774,0.2249891236424446,0.03332331357523799
int4D,-0.08541146293282509,0.2445340696722269,-0.01051827147603035
int4D,-0.08541147783398628,0.2389339581131935,0.0035014189779758453
int4D,-0.08541137166321278,0.3722936064004898,0.04810140561312437
int4D,-0.08541138656437397,0.3660629764199257,0.061867084354162216
int4D,0.004874090664088726,0.07065366115421057,-0.07540990319103003
int4D,0.004874089732766151,0.07570238970220089,-0.08965352550148964
int4D,-0.05880702566355467,-0.06590215396136045,-0.16419417224824429
int4D,-0.05880702659487724,-0.06051464192569256,-0.1794016920030117
int4D,0.13003894872963428,0.06027007882948965,-0.05019043921492994
int4D,0.13003894872963428,0.07490228861570358,-0.0910684373229742
int4D,0.02841540053486824,-0.05215100385248661,-0.20297561027109623
int4D,0.02841540053486824,-0.0715485286200419,-0.14496632479131222
int4D,-0.029317446053028107,-0.31737420707941055,-0.296615157276392
int4D,-0.029317446053028107,-0.30050698667764664,-0.345467209815979
int4D,0.1267948430031538,0.3792816922068596,0.05508113652467728
int4D,0.1267948430031538,0.36636339873075485,0.08240620978176594
int4D,-0.06559989601373672,-0.30232924222946167,-0.30899181216955185
int4D,-0.06559989601373672,-0.29452937096357346,-0.33118491619825363
int4D,-0.06840682774782181,-0.22310719639062881,-0.2665400952100754
int4D,-0.06840682774782181,-0.21642688289284706,-0.28554772585630417
int4D,0.006510356441140175,-0.2879953980445862,-0.3509332835674286
int4D,0.006510356441140175,-0.31380248069763184,-0.27578503638505936
int4D,0.0053247325122356415,-0.20373263210058212,-0.3191499412059784
int4D,0.0053247325122356415,-0.22953970357775688,-0.24400169402360916
int4D,0.05646819621324539,0.23905103094875813,0.0032081250101327896
int4D,0.05646819621324539,0.24465106427669525,-0.01081157848238945
int4D,0.056468285620212555,0.3661932349205017,0.06157907750457525
int4D,0.056468285620212555,0.37242379039525986,0.04781336337327957
int4D,0.19746070355176926,0.3500979393720627,0.09532307367771864
int4D,0.19746070355176926,0.3695555329322815,0.054422568529844284
int4D,0.20266061276197433,0.22536178305745125,0.03246787306852639
int4D,0.20266061276197433,0.24317515827715397,-0.008424963802099228
int4V,-0.10635619144886732,-0.01595798321068287,-0.30713294073939323
int4V,-0.04763041436672211,0.10544243082404137,-0.17638857662677765
int4V,-0.09886408224701881,-0.049269779585301876,-0.2111426554620266
int4V,-0.04935602284967899,0.08624017331749201,-0.11938268691301346
int4V,0.06745652109384537,0.07616031682118773,-0.09276398085057735
int4V,-0.015195806976407766,-0.05525233456864953,-0.1943804807960987
int4V,-0.18164457380771637,-0.05525229265913367,-0.19438050501048565
int4V,-0.16444301046431065,0.07616036618128419,-0.09276401996612549
int4V,-0.10787742491811514,-0.2653019018471241,-0.44743063300848007
int4V,-0.015572728589177132,0.4062446728348732,-0.0019514644518494606
int4V,0.020035478752106428,-0.033415737096220255,-0.25492454692721367
int4V,0.028415408916771412,-0.04852000717073679,-0.21383427269756794
int4V,0.13003894686698914,0.07764126639813185,-0.09872034005820751
int4V,0.13003894686698914,0.09227347327396274,-0.13959833048284054
int4V,-0.058807022869586945,-0.059506157878786325,-0.18224836327135563
int4V,-0.058807022869586945,-0.05411864211782813,-0.19745587930083275
int4V,0.004874095320701599,0.0766474618576467,-0.0923197753727436
int4V,0.004874095320701599,0.08169619599357247,-0.10656339675188065
int4V,-0.029317444190382957,-0.280482392758131,-0.40346377342939377
int4V,-0.029317444190382957,-0.29734960943460464,-0.35461171716451645
int4V,0.12679484859108925,0.3946181461215019,0.02264110278338194
int4V,0.12679484859108925,0.3816998675465584,0.04996616858989
int4V,-0.13892115652561188,-0.05950606055557728,-0.18224837444722652
int4V,-0.13892114907503128,-0.05411849217489362,-0.1974558960646391
int4V,-0.10358615033328533,0.08169637946411967,-0.10656343959271908
int4V,-0.10358616150915623,0.07664758898317814,-0.092319805175066
int4V,-0.22436799108982086,-0.048520023468881845,-0.21383432112634182
int4V,-0.22436796128749847,-0.029122513253241777,-0.2718436196446419
int4V,-0.22529981657862663,0.092273426707834,-0.13959841430187225
int4V,-0.22529985755681992,0.07764123706147075,-0.09872039780020714
int4V,-0.1864374279975891,-0.29734961688518524,-0.35461173206567764
int4V,-0.18643741682171822,-0.2804823964834213,-0.40346378833055496
int4V,-0.15794032998383045,0.3946182578802109,0.022641103714704514
int4V,-0.1579403579235077,0.38169994950294495,0.049966173246502876
int4V,-0.10799746681004763,-0.23143525049090385,-0.5067649483680725
int4V,-0.1180450739338994,-0.15146573446691036,-0.4580626040697098
int4V,-0.10840084590017796,-0.2758254408836365,-0.37583326548337936
int4V,-0.11114443279802799,-0.2000596784055233,-0.3235473930835724
int4V,-0.031604917254298925,-0.20606765896081924,-0.30521051958203316
int4V,-0.029608639888465405,-0.2872014716267586,-0.34405964612960815
int4V,-0.18920469284057617,-0.20606764033436775,-0.30521053448319435
int4V,-0.18678969889879227,-0.2872014716267586,-0.34405966103076935
int4V,-0.0030931313522160053,-0.17469208501279354,-0.39042915403842926
int4V,0.006472421810030937,-0.25466158986091614,-0.4391314908862114
int4V,0.005286798812448978,-0.19620590656995773,-0.33219991624355316
int4V,0.006472421810030937,-0.2804686725139618,-0.36398324370384216
int4V,-0.06849663332104683,-0.2126842476427555,-0.2876265197992325
int4V,-0.06568970158696175,-0.29057714343070984,-0.33385999500751495
int4V,-0.06849663332104683,-0.20603976771235466,-0.30653225257992744
int4V,-0.06568970158696175,-0.28281310945749283,-0.3559512048959732
int4V,-0.15111199021339417,-0.29057713598012924,-0.33385998755693436
int4V,-0.15379223972558975,-0.21268420666456223,-0.2876265197992325
int4V,-0.15111199021339417,-0.28281307220458984,-0.3559511750936508
int4V,-0.15379223600029945,-0.2060396894812584,-0.30653223767876625
int4V,-0.22246738150715828,-0.2546616233885288,-0.4391315430402756
int4V,-0.2246171161532402,-0.17039885558187962,-0.407348208129406
int4V,-0.22246740758419037,-0.2804686948657036,-0.36398328095674515
int4V,-0.2246171459555626,-0.19620592333376408,-0.33219995349645615
int4V,-0.013277910649776459,0.27815333753824234,-0.09484176523983479
int4V,-0.016415946185588837,0.4079655334353447,-0.03201024979352951
int4V,-0.01447161752730608,0.254150178283453,-0.04107661731541157
int4V,-0.014471528120338917,0.38323891162872314,0.018078486435115337
int4V,0.1270085982978344,0.36995259672403336,0.047704506665468216
int4V,0.1296085026115179,0.24277686700224876,-0.013042457401752472
int4V,-0.1578961294144392,0.36995266377925873,0.047704512253403664
int4V,-0.15735809318721294,0.24277692288160324,-0.013042476959526539
int4V,0.20274880528450012,0.24436093494296074,-0.01714556384831667
int4V,0.19754890352487564,0.37104910612106323,0.045700522139668465
int4V,0.20274880528450012,0.2621464282274246,-0.05803827662020922
int4V,0.19754890352487564,0.39047881960868835,0.004800140857696533
int4V,0.05646829307079315,0.3714210242033005,0.044241451658308506
int4V,0.05646819993853569,0.2435302734375,-0.01443102490156889
int4V,0.05646829213947058,0.37764087319374084,0.03047144692391157
int4V,0.056468199007213116,0.249119620770216,-0.028455023653805256
int4V,-0.08541135676205158,0.37764112651348114,0.030471520498394966
int4V,-0.08541144244372845,0.2491198368370533,-0.02845501247793436
int4V,-0.08541136607527733,0.3714211881160736,0.044241512194275856
int4V,-0.08541145361959934,0.24353041872382164,-0.014431010000407696
int4V,-0.22930467501282692,0.26214637979865074,-0.05803835019469261
int4V,-0.2303808368742466,0.39047878235578537,0.0048000747337937355
int4V,-0.2293047271668911,0.24436091259121895,-0.017145616002380848
int4V,-0.23038088530302048,0.37104909867048264,0.04570047929883003
int5L,0.18815571442246437,0.7680849581956863,0.24679233320057392
int5L,0.05646876059472561,0.7700548619031906,0.24250883609056473
int5L,0.12679485231637955,0.380407951772213,0.05269864946603775
int5L,0.11820096150040627,1.068042367696762,0.3511333353817463
int5L,-0.014921493828296661,0.745667964220047,0.3083145506680012
int5L,-0.014921443536877632,0.7924719005823135,0.18098659068346024
int5L,-0.01116456650197506,0.7599388659000397,0.2708728238940239
int5L,0.024305355735123158,0.7599388659000397,0.2708728238940239
int5L,0.0958783645182848,0.7313970625400543,0.34575627744197845
int5L,-0.005885446444153786,0.7313970625400543,0.34575627744197845
int5L,-0.00893700122833252,0.3545713722705841,0.10734878852963448
int5L,0.062246816232800484,0.3545713722705841,0.10734878666698933
int5L,-0.009958092123270035,1.0733673572540283,0.4190296530723572
int5L,0.057254211977124214,1.0733673572540283,0.4190296530723572
int5L,-0.007777517661452293,0.8047727942466736,0.14782828837633133
int5L,0.093986252322793,0.804772824048996,0.14782833866775036
int5L,0.0236458582803607,0.7801709175109863,0.21414486691355705
int5L,-0.011824050918221474,0.7801709920167923,0.21414488926529884
int5L,-0.010260496288537979,0.4062446057796478,-0.0019515026360750198
int5L,0.06092328950762749,0.40624456852674484,-0.0019514942541718483
int5L,-0.011207759380340576,1.0627173781394958,0.2832370065152645
int5L,0.05600452236831188,1.0627173781394958,0.2832370139658451
int5L,0.1966988742351532,0.3897688016295433,0.06010172050446272
int5L,0.1913657821714878,0.5192763656377792,0.12503146100789309
int5L,0.056468307971954346,0.39155758917331696,0.05569928418844938
int5L,0.056468456983566284,0.5209227800369263,0.12207990419119596
int5L,-0.015924090519547462,0.49248090386390686,0.18193134851753712
int5L,-0.015598572790622711,0.36469578742980957,0.11282414942979813
int5L,-0.015924036502838135,0.5477183163166046,0.06518001481890678
int5L,-0.015598511323332787,0.41663068532943726,0.00297685619443655
int5L,-0.011164868250489235,0.5083793997764587,0.14957816526293755
int5L,-0.011165015399456024,0.3790142089128494,0.08319754153490067
int5L,0.024305053055286407,0.5083793997764587,0.1495781634002924
int5L,0.024304905906319618,0.3790142089128494,0.08319753780961037
int5L,0.09672402404248714,0.476582407951355,0.2142845317721367
int5L,0.09993438422679901,0.3503773659467697,0.1424507573246956
int5L,-0.007647266611456871,0.476582407951355,0.2142845317721367
int5L,-0.0067778583616018295,0.3503773659467697,0.1424507573246956
int5L,-0.009587811306118965,0.5619702786207199,0.03577832691371441
int5L,-0.008761921897530556,0.4291602075099945,-0.02224735915660858
int5L,0.09478343278169632,0.5619703009724617,0.035778358578681946
int5L,0.09795027412474155,0.4291602224111557,-0.022247337736189365
int5L,0.02364555560052395,0.5334662422537804,0.09458167105913162
int5L,0.02364541031420231,0.40410106629133224,0.02820105291903019
int5L,-0.011824354529380798,0.5334663391113281,0.09458169899880886
int5L,-0.01182449609041214,0.40410116314888,0.028201071545481682
int5L,0.18544667586684227,0.973554328083992,0.32927408814430237
int5L,0.18048496916890144,1.058967262506485,0.3523482270538807
int5L,0.05646912567317486,1.0582893192768097,0.3448168486356735
int5L,0.05646902322769165,0.9745189994573593,0.3220498114824295
int5L,-0.016078723594546318,1.0626740157604218,0.4163607433438301
int5L,-0.014776485040783882,0.9665874987840652,0.39237887412309647
int5L,-0.016078677028417587,1.054582566022873,0.2808043099939823
int5L,-0.014776434749364853,0.9814858436584473,0.2589449919760227
int5L,-0.011164195835590363,1.0601076483726501,0.3748970180749893
int5L,-0.011164303869009018,0.9713037610054016,0.3516796976327896
int5L,0.024305724538862705,1.0601076483726501,0.3748970180749893
int5L,0.024305619299411774,0.9713037610054016,0.3516796976327896
int5L,0.09063593856990337,1.0652403831481934,0.4578244686126709
int5L,0.09452894888818264,0.9618712365627289,0.4330780506134033
int5L,-0.008449913933873177,1.0652403831481934,0.4578244686126709
int5L,-0.00573546439409256,0.9618712365627289,0.4330780506134033
int5L,-0.01029219850897789,1.052694022655487,0.24687190353870392
int5L,-0.007599661126732826,0.985237330198288,0.22547003254294395
int5L,0.08879361487925053,1.0526940822601318,0.2468719482421875
int5L,0.09266471303999424,0.9852373749017715,0.22547008097171783
int5L,-0.011823786422610283,0.9777343571186066,0.2924199625849724
int5L,-0.011823683977127075,1.0564711093902588,0.3147367313504219
int5L,0.023646121844649315,0.9777342975139618,0.2924199476838112
int5L,0.023646225221455097,1.056471049785614,0.3147367089986801
int5R,-0.08541089668869972,0.7700550258159637,0.2425088919699192
int5R,-0.2188994362950325,0.7680849134922028,0.24679222516715527
int5R,-0.014921484515070915,0.7456679791212082,0.3083145543932915
int5R,-0.014921430498361588,0.7924719154834747,0.1809865888208151
int5R,-0.15794035233557224,0.3804080933332443,0.05269868206232786
int5R,-0.15064820274710655,1.068042367696762,0.3511333055794239
int5R,-0.02649361826479435,0.7313970923423767,0.34575627744197845
int5R,-0.12825742550194263,0.7313970923423767,0.34575627744197845
int5R,-0.053817491978406906,0.7599388659000397,0.2708728313446045
int5R,-0.018347566947340965,0.7599388659000397,0.2708728313446045
int5R,-0.09453624673187733,0.35457146167755127,0.10734882391989231
int5R,-0.023352429270744324,0.35457146167755127,0.10734881833195686
int5R,-0.023569241166114807,1.0733672976493835,0.4190296530723572
int5R,-0.09078154899179935,1.0733672976493835,0.4190296530723572
int5R,-0.018322469666600227,0.7801710367202759,0.21414490044116974
int5R,-0.053792381659150124,0.7801711112260818,0.21414493024349213
int5R,-0.12818538583815098,0.8047727644443512,0.14782822132110596
int5R,-0.02642161212861538,0.8047727942466736,0.14782827720046043
int5R,-0.09448583796620369,0.406244695186615,-0.0019514663144946098
int5R,-0.023302050307393074,0.4062446653842926,-0.0019514672458171844
int5R,-0.09073396772146225,1.0627174079418182,0.2832369767129421
int5R,-0.023521684110164642,1.0627173781394958,0.2832369953393936
int5R,-0.08541134558618069,0.39213449507951736,0.05599525477737188
int5R,-0.0854111984372139,0.5214996486902237,0.12237586826086044
int5R,-0.23013202846050262,0.39034612476825714,0.0603911317884922
int5R,-0.2261013127863407,0.5198536589741707,0.125320827588439
int5R,-0.015925537794828415,0.49305057525634766,0.18223941698670387
int5R,-0.015600020065903664,0.36526548862457275,0.11313222907483578
int5R,-0.01592548005282879,0.548302672803402,0.06545730587095022
int5R,-0.015599958598613739,0.417215071618557,0.0032541630789637566
int5R,-0.02878524735569954,0.4771450459957123,0.21460475027561188
int5R,-0.028389906510710716,0.3509400188922882,0.14277099072933197
int5R,-0.13314609602093697,0.4771450459957123,0.21460475027561188
int5R,-0.13509171083569527,0.3509400188922882,0.14277099445462227
int5R,-0.05381779558956623,0.508956104516983,0.14987408369779587
int5R,-0.05381794646382332,0.3795909583568573,0.08349346928298473
int5R,-0.018347876146435738,0.508956104516983,0.14987408369779587
int5R,-0.018348025158047676,0.3795909583568573,0.08349346742033958
int5R,-0.01832277700304985,0.5340430438518524,0.09487761743366718
int5R,-0.01832292042672634,0.4046778827905655,0.028497004881501198
int5R,-0.05379268899559975,0.5340431183576584,0.0948776351287961
int5R,-0.05379283055663109,0.40467795729637146,0.02849702164530754
int5R,-0.13307221047580242,0.5625622868537903,0.03603694587945938
int5R,-0.13501615449786186,0.42975224554538727,-0.021988706663250923
int5R,-0.02871139720082283,0.5625623017549515,0.03603699058294296
int5R,-0.028314394876360893,0.42975226044654846,-0.021988678723573685
int5R,-0.08541052415966988,1.0584069788455963,0.3448488414287567
int5R,-0.08541063219308853,0.9746367037296295,0.3220818042755127
int5R,-0.21561123430728912,0.9736741334199905,0.32930636405944824
int5R,-0.21585870161652565,1.0590870678424835,0.35238050669431686
int5R,-0.016080539673566818,1.0628088414669037,0.4163943976163864
int5R,-0.014778299257159233,0.9667223542928696,0.39241252839565277
int5R,-0.01608048938214779,1.054685115814209,0.28083498030900955
int5R,-0.014778247103095055,0.9815884083509445,0.25897566229104996
int5R,-0.028519244864583015,1.0653854608535767,0.45785920321941376
int5R,-0.026043463498353958,0.9620163142681122,0.4331127852201462
int5R,-0.12760344333946705,1.0653854608535767,0.45785920321941376
int5R,-0.12630622275173664,0.9620163142681122,0.4331127852201462
int5R,-0.05381711944937706,1.0602322220802307,0.37492959201335907
int5R,-0.053817227482795715,0.971428394317627,0.35171227157115936
int5R,-0.018347198143601418,1.0602322220802307,0.37492959201335907
int5R,-0.018347302451729774,0.971428394317627,0.35171227157115936
int5R,-0.053792115300893784,0.9778449535369873,0.29245131462812424
int5R,-0.05379201099276543,1.0565816760063171,0.31476806849241257
int5R,-0.018322203308343887,0.9778448641300201,0.29245128482580185
int5R,-0.01832209900021553,1.05658158659935,0.3147680461406708
int5R,-0.12753330171108246,1.0527886748313904,0.24690186232328415
int5R,-0.12623524479568005,0.9853319674730301,0.22549999132752419
int5R,-0.02844913676381111,1.0527886748313904,0.24690191447734833
int5R,-0.0259725209325552,0.9853319823741913,0.22550004348158836
int6L,0.1736755296587944,1.237720549106598,0.28129250556230545
int6L,0.17886025831103325,1.4005144536495209,0.2685486227273941
int6L,0.08622624538838863,1.2442837059497833,0.3237765058875084
int6L,0.12469702959060669,1.4051492512226105,0.2789732627570629
int6L,0.11820095777511597,1.0680422484874725,0.3511332832276821
int6L,0.1483139656484127,1.7358167171478271,0.2313629575073719
int6L,0.07219102792441845,1.4111294448375702,0.3795405328273773
int6L,0.021276172250509262,1.2490624487400055,0.40532781928777695
int6L,0.07219104934483767,1.394534409046173,0.1679813116788864
int6L,0.021276206709444523,1.232941895723343,0.19974114559590816
int6L,0.10357933398336172,1.2248195111751556,0.11649096384644508
int6L,0.026473519392311573,1.2248194813728333,0.11649088747799397
int6L,0.12919718865305185,1.3879799842834473,0.1084294281899929
int6L,0.07456781435757875,1.3879799842834473,0.10842936113476753
int6L,0.05752727668732405,1.2410641610622406,0.2829913794994354
int6L,0.0259584104642272,1.2410642802715302,0.2829914093017578
int6L,0.10200774110853672,1.4010886549949646,0.2275332398712635
int6L,0.07704952266067266,1.4010888040065765,0.2275332659482956
int6L,-0.010113393887877464,1.062717318534851,0.28323695063591003
int6L,0.057098885998129845,1.0627172887325287,0.2832369692623615
int6L,0.07743626646697521,1.724491000175476,0.11640546657145023
int6L,0.11456268094480038,1.724490910768509,0.11640549264848232
int6L,0.026143540628254414,1.2475033402442932,0.36456166207790375
int6L,0.057712418027222157,1.2475033402442932,0.36456166207790375
int6L,0.07719588931649923,1.409209966659546,0.3304133117198944
int6L,0.10215411521494389,1.409209966659546,0.3304133117198944
int6L,0.02692570723593235,1.2506215572357178,0.44609397649765015
int6L,0.10403154511004686,1.2506215572357178,0.44609397649765015
int6L,0.0748881921172142,1.4130489230155945,0.42866775393486023
int6L,0.12951758410781622,1.4130489230155945,0.42866775393486023
int6L,-0.009719230234622955,1.0733672380447388,0.4190295785665512
int6L,0.057493070140480995,1.0733672380447388,0.4190295785665512
int6L,0.07765399292111397,1.7471426129341125,0.34632039070129395
int6L,0.11478041857481003,1.7471426129341125,0.34632039070129395
int6L,0.17946529388427734,1.0776012539863586,0.3495565876364708
int6L,0.17653224617242813,1.1348750591278076,0.315930787473917
int6L,0.0564691536128521,1.076912671327591,0.34661631286144257
int6L,0.05646921880543232,1.1352668106555939,0.34200991690158844
int6L,-0.015964185819029808,1.0827737152576447,0.4184325188398361
int6L,-0.01433630846440792,1.141790896654129,0.41468650847673416
int6L,-0.01433626003563404,1.1283509731292725,0.2432541511952877
int6L,-0.015964139252901077,1.0717402398586273,0.27774034067988396
int6L,-0.005532190203666687,1.123813509941101,0.17462862096726894
int6L,-0.008506570011377335,1.0689461827278137,0.23899461328983307
int6L,0.08983489498496056,1.1238135695457458,0.17462868802249432
int6L,0.08995488286018372,1.068946212530136,0.23899466916918755
int6L,0.02422384824603796,1.132888376712799,0.3118796721100807
int6L,0.024223780259490013,1.0745342373847961,0.31648606061935425
int6L,-0.011246059089899063,1.1328884363174438,0.3118796944618225
int6L,-0.011246129870414734,1.074534296989441,0.31648607552051544
int6L,-0.011038053780794144,1.1376453042030334,0.37214018404483795
int6L,-0.011038117110729218,1.0792911648750305,0.3767465800046921
int6L,0.024431868456304073,1.1376453042030334,0.37214018404483795
int6L,0.024431804195046425,1.0792911648750305,0.3767465800046921
int6L,0.09039420261979103,1.1459364891052246,0.45723283290863037
int6L,0.090532336384058,1.0862562656402588,0.46011845767498016
int6L,-0.004972916096448898,1.1459364891052246,0.45723283290863037
int6L,-0.007929151877760887,1.0862562656402588,0.46011845767498016
int6L,0.1269262172281742,1.6044340133666992,0.2395857647061348
int6L,0.11932994425296783,1.7196824252605438,0.22910679504275322
int6L,0.18186384811997414,1.605275183916092,0.2506420277059078
int6L,0.17885059863328934,1.7185138463974,0.23712999373674393
int6L,0.0751440916210413,1.7301957309246063,0.3473186269402504
int6L,0.08254444599151611,1.6143922209739685,0.35413992404937744
int6L,0.07514411583542824,1.7080007195472717,0.11891811154782772
int6L,0.0825444683432579,1.5953171253204346,0.1360878273844719
int6L,0.13663172908127308,1.5912184715270996,0.08714820817112923
int6L,0.13155006244778633,1.7024592757225037,0.0669405423104763
int6L,0.0868764016777277,1.5912184715270996,0.08714815229177475
int6L,0.07951947301626205,1.7024592459201813,0.06694048829376698
int6L,0.0847444050014019,1.5994157791137695,0.18502750992774963
int6L,0.07749113626778126,1.7135421931743622,0.17089573293924332
int6L,0.10683964006602764,1.5994156301021576,0.18502749502658844
int6L,0.09940670244395733,1.7135419845581055,0.17089572921395302
int6L,0.10696922242641449,1.6094525456428528,0.29414404928684235
int6L,0.09953523054718971,1.7258230447769165,0.2873178571462631
int6L,0.08487397991120815,1.6094525456428528,0.29414404928684235
int6L,0.07761965692043304,1.7258230447769165,0.2873178571462631
int6L,0.13185521215200424,1.7345684170722961,0.40731939673423767
int6L,0.1369235385209322,1.6193318963050842,0.41413579881191254
int6L,0.07982460595667362,1.7345684170722961,0.40731939673423767
int6L,0.08716819249093533,1.6193318963050842,0.41413579881191254
int6R,0.02486414462327957,1.4051494598388672,0.2789733149111271
int6R,-0.04004924185574055,1.2442838549613953,0.32377657294273376
int6R,-0.034211848862469196,1.400514304637909,0.2739939149469137
int6R,-0.10776131227612495,1.238534390926361,0.3080724664032459
int6R,-0.00019171740859746933,1.7358167469501495,0.23136290162801743
int6R,-0.15064819902181625,1.0680422484874725,0.35113325715065
int6R,0.07219102419912815,1.4111293256282806,0.3795405477285385
int6R,0.021276171319186687,1.249062329530716,0.40532784909009933
int6R,0.07219104841351509,1.3945342898368835,0.16798128932714462
int6R,0.022188222967088223,1.2337558269500732,0.20396237075328827
int6R,0.010591424070298672,1.413048803806305,0.4286677688360214
int6R,0.06522081606090069,1.413048803806305,0.4286677688360214
int6R,-0.06382499728351831,1.2506214380264282,0.44609400629997253
int6R,0.013280835933983326,1.2506214380264282,0.44609400629997253
int6R,0.047820987179875374,1.4092098474502563,0.3304133266210556
int6R,0.0727792102843523,1.4092098474502563,0.3304133266210556
int6R,-0.011011854745447636,1.2475032210350037,0.36456169188022614
int6R,0.020557021722197533,1.2475032210350037,0.36456169188022614
int6R,0.033957564271986485,1.7471424341201782,0.34632040560245514
int6R,0.07108398899435997,1.7471424341201782,0.34632040560245514
int6R,-0.08882561884820461,1.073367178440094,0.4190295934677124
int6R,-0.02161331567913294,1.073367178440094,0.4190295934677124
int6R,0.0719551332294941,1.4010887444019318,0.2275332547724247
int6R,0.04699691757559776,1.401088923215866,0.22753328457474709
int6R,0.019514678046107292,1.2410642504692078,0.2829914018511772
int6R,-0.01205418910831213,1.2410643696784973,0.2829914316534996
int6R,0.06341704912483692,1.3879798650741577,0.10842932388186455
int6R,0.014233103021979332,1.3879798352718353,0.11387468688189983
int6R,0.014028913341462612,1.2264474034309387,0.12493333965539932
int6R,-0.03700245823711157,1.2264473736286163,0.14749212935566902
int6R,0.03273173049092293,1.7244909703731537,0.11640541814267635
int6R,0.06985814496874809,1.7244908511638641,0.1164054423570633
int6R,-0.09104480966925621,1.0627172887325287,0.28323693573474884
int6R,-0.023832538165152073,1.0627172589302063,0.28323694691061974
int6R,-0.08541050553321838,1.0763650834560394,0.3466595932841301
int6R,-0.08541044034063816,1.1347192227840424,0.34205321222543716
int6R,-0.21446921676397324,1.0770636200904846,0.34987208992242813
int6R,-0.18348375894129276,1.1351513862609863,0.33758094534277916
int6R,-0.014351587742567062,1.1412369310855865,0.41472169011831284
int6R,-0.0159794669598341,1.0822197794914246,0.4184676930308342
int6R,-0.013439523056149483,1.1286336183547974,0.2477990686893463
int6R,-0.01597941666841507,1.0712088644504547,0.2780640162527561
int6R,-0.02188224159181118,1.1453762650489807,0.457259938120842
int6R,-0.025386069901287556,1.0856961011886597,0.4601455628871918
int6R,-0.11727839428931475,1.1453762650489807,0.457259938120842
int6R,-0.12387659773230553,1.0856961011886597,0.4601455628871918
int6R,-0.05278483498841524,1.1370975971221924,0.3721834421157837
int6R,-0.05278490111231804,1.0787434577941895,0.3767898231744766
int6R,-0.017314914613962173,1.1370975971221924,0.3721834421157837
int6R,-0.017314978875219822,1.0787434577941895,0.3767898231744766
int6R,-0.01848606113344431,1.1323407292366028,0.31192293763160706
int6R,-0.01848613005131483,1.0739865899085999,0.3165293261408806
int6R,-0.05395596846938133,1.1323407888412476,0.31192295998334885
int6R,-0.053956035524606705,1.0739866495132446,0.3165293484926224
int6R,-0.09650517906993628,1.124926507472992,0.20078857615590096
int6R,-0.12712852004915476,1.0684311389923096,0.23959866166114807
int6R,-0.021738070994615555,1.124926507472992,0.18367519974708557
int6R,-0.02863803692162037,1.0684311389923096,0.23959871008992195
int6R,-0.029827113263309002,1.7237044870853424,0.23651050217449665
int6R,-0.01771282311528921,1.6104658544063568,0.2500225305557251
int6R,0.03823000378906727,1.6097171902656555,0.2391054332256317
int6R,0.03135240264236927,1.7249656319618225,0.22862644121050835
int6R,0.0748048648238182,1.7355039715766907,0.3470059558749199
int6R,0.08220521733164787,1.6197004914283752,0.35382724553346634
int6R,0.07480488717556,1.7131659388542175,0.11813104338943958
int6R,0.08220523968338966,1.6004823744297028,0.13530076295137405
int6R,0.028148614801466465,1.624614179134369,0.41382335126399994
int6R,0.018127131275832653,1.7398506999015808,0.4070069491863251
int6R,0.0780082605779171,1.624614179134369,0.41382335126399994
int6R,0.07026203721761703,1.7398506999015808,0.4070069491863251
int6R,0.08063286915421486,1.6147868037223816,0.29383113980293274
int6R,0.07341033592820168,1.7311572432518005,0.2870049625635147
int6R,0.05854586698114872,1.6147868037223816,0.29383113980293274
int6R,0.051503000780940056,1.7311572432518005,0.2870049625635147
int6R,0.05781659856438637,1.6046474277973175,0.1843797154724598
int6R,0.05077967047691345,1.7187738418579102,0.17024791985750198
int6R,0.07990359514951706,1.6046472191810608,0.1843797042965889
int6R,0.07268700003623962,1.718773603439331,0.17024792358279228
int6R,0.07636198401451111,1.5963175892829895,0.08622181043028831
int6R,0.06854063645005226,1.7075583338737488,0.06601414829492569
int6R,0.026502352207899094,1.5963175594806671,0.08622175455093384
int6R,0.0164057444781065,1.7075583040714264,0.06601409614086151
int7L,0.13169366121292114,2.4074583649635315,0.06777687231078744
int7L,0.1483139507472515,1.7358169257640839,0.2313629873096943
int7L,0.062306467443704605,2.4267354011535645,0.15724201127886772
int7L,0.09850848093628883,2.4267354011535645,0.15724201127886772
int7L,0.0771549679338932,1.7471427917480469,0.34632040560245514
int7L,0.11428139358758926,1.7471427917480469,0.34632040560245514
int7L,0.06290985830128193,2.3881813883781433,-0.021688347216695547
int7L,0.09911185875535011,2.3881813287734985,-0.02168830670416355
int7L,0.07777376472949982,1.7244911789894104,0.11640551686286926
int7L,0.11490017734467983,1.7244911193847656,0.11640554293990135
int7L,0.11751361563801765,1.7472392320632935,0.2266012467443943
int7L,0.11245536804199219,1.823981523513794,0.21962342783808708
int7L,0.17812012135982513,1.745965152978897,0.2338544586673379
int7L,0.17604199796915054,1.824061244726181,0.2245357185602188
int7L,0.06834440119564533,1.8114851713180542,0.10310600232332945
int7L,0.07336210645735264,1.7351284623146057,0.11477930936962366
int7L,0.06834438070654869,1.836557775735855,0.3410530835390091
int7L,0.0733620822429657,1.7580760717391968,0.34567634016275406
int7L,0.12991979531943798,1.7625040411949158,0.4056669771671295
int7L,0.12640327960252762,1.8419779539108276,0.40096597373485565
int7L,0.07733762264251709,1.7625040411949158,0.4056669771671295
int7L,0.07225195318460464,1.8419779539108276,0.40096597373485565
int7L,0.09251514077186584,1.8311375975608826,0.28114019334316254
int7L,0.09746371954679489,1.7536481022834778,0.2856857031583786
int7L,0.07076216489076614,1.8311375975608826,0.28114019334316254
int7L,0.07559110596776009,1.7536481022834778,0.2856857031583786
int7L,0.12730581499636173,1.806144505739212,0.04810540936887264
int7L,0.13079617731273174,1.729426234960556,0.06204188708215952
int7L,0.0731545016169548,1.8061444759368896,0.04810535628348589
int7L,0.07821401953697205,1.7294262051582336,0.06204183492809534
int7L,0.07112472876906395,1.8168258368968964,0.15810665115714073
int7L,0.07595566660165787,1.7408307194709778,0.1675167828798294
int7L,0.09287769719958305,1.8168256282806396,0.15810665860772133
int7L,0.09782827086746693,1.7408305406570435,0.1675167866051197
int7L,0.16888684779405594,2.138893961906433,0.14591081347316504
int7L,0.16328955441713333,2.3971580266952515,0.07227034214884043
int7L,0.10437539964914322,2.1379126012325287,0.1430050628259778
int7L,0.10048877447843552,2.3964515924453735,0.06935597816482186
int7L,0.06175531819462776,2.1221595108509064,0.0380507200025022
int7L,0.059387290850281715,2.3776479363441467,-0.019322905223816633
int7L,0.0593872657045722,2.415961742401123,0.16094914078712463
int7L,0.061755296774208546,2.1546471416950226,0.2508650813251734
int7L,0.11929036676883698,2.1618282794952393,0.3015117645263672
int7L,0.1150283683091402,2.4240888357162476,0.2020009383559227
int7L,0.06518511660397053,2.1618282794952393,0.3015117645263672
int7L,0.06237980257719755,2.4240888357162476,0.2020009383559227
int7L,0.06456512864679098,2.147466003894806,0.20021839812397957
int7L,0.062436552718281746,2.4078346490859985,0.11989734321832657
int7L,0.08533570542931557,2.147466003894806,0.20021839812397957
int7L,0.08228988572955132,2.4078346490859985,0.11989734321832657
int7L,0.06608689948916435,2.1159594655036926,-0.009690245613455772
int7L,0.0632573114708066,2.3702269792556763,-0.0574603620916605
int7L,0.1201921347528696,2.11595955491066,-0.009690189734101295
int7L,0.11590585857629776,2.370227098464966,-0.05746030434966087
int7L,0.08568188734352589,2.1283593475818634,0.0857917102985084
int7L,0.0826207809150219,2.385068655014038,0.018814580980688334
int7L,0.06491131708025932,2.1283595263957977,0.08579169120639563
int7L,0.06276745442301035,2.3850688338279724,0.01881455397233367
int7R,-0.00019172346219420433,1.735817015171051,0.23136289417743683
int7R,-0.013114358764141798,2.4074584245681763,0.06777673680335283
int7R,0.03334179986268282,1.747142732143402,0.34632037580013275
int7R,0.0704682245850563,1.747142732143402,0.34632037580013275
int7R,0.019584209192544222,2.4267354011535645,0.15724197030067444
int7R,0.05578621942549944,2.4267354011535645,0.15724197030067444
int7R,0.03274302138015628,1.7244912087917328,0.116405438631773
int7R,0.06986943632364273,1.724491149187088,0.11640546843409538
int7R,0.0190003402531147,2.3881813883781433,-0.02168845711275935
int7R,0.055202340707182884,2.3881813287734985,-0.021688417065888643
int7R,-0.03227298706769943,1.7465675473213196,0.23378241807222366
int7R,-0.0406277310103178,1.824663668870926,0.22446367889642715
int7R,0.029987850226461887,1.7478316724300385,0.22654736414551735
int7R,0.025408153422176838,1.824573963880539,0.21956954151391983
int7R,0.06830569356679916,1.812074214220047,0.10301588661968708
int7R,0.07332339696586132,1.735717535018921,0.11468919273465872
int7R,0.06830567121505737,1.8371632397174835,0.34101738780736923
int7R,0.07332337275147438,1.7586815357208252,0.3456406444311142
int7R,0.07161460071802139,1.754245936870575,0.2856505960226059
int7R,0.0668072048574686,1.831735372543335,0.28110508620738983
int7R,0.04974291194230318,1.754245936870575,0.2856505960226059
int7R,0.04505515284836292,1.831735372543335,0.28110508620738983
int7R,0.015231487341225147,1.7631171345710754,0.4056306928396225
int7R,0.008294044062495232,1.842591106891632,0.40092968940734863
int7R,0.06782576348632574,1.7631171345710754,0.4056306928396225
int7R,0.062457477673888206,1.842591106891632,0.40092968940734863
int7R,0.04939016327261925,1.7414172291755676,0.1674441359937191
int7R,0.04470433574169874,1.8174123764038086,0.15803400427103043
int7R,0.07126184552907944,1.741417020559311,0.1674441359937191
int7R,0.06645637936890125,1.8174121379852295,0.15803400799632072
int7R,0.007420492358505726,1.8067362904548645,0.047997718676924706
int7R,0.014383242465555668,1.730017989873886,0.06193419452756643
int7R,0.06158390548080206,1.8067363500595093,0.047997768968343735
int7R,0.06697750184684992,1.7300180494785309,0.061934249475598335
int7R,0.021293512545526028,2.1374365985393524,0.14314066991209984
int7R,0.02107586245983839,2.3959755301475525,0.0694915559142828
int7R,-0.04753454402089119,2.138417959213257,0.14604633580893278
int7R,-0.047305088490247726,2.396682024002075,0.07240585424005985
int7R,0.05939165689051151,2.3771772384643555,-0.019217263907194138
int7R,0.06175968609750271,2.1216888427734375,0.03815637435764074
int7R,0.05939163360744715,2.4154802560806274,0.1611147541552782
int7R,0.06175966374576092,2.1541656255722046,0.2510307002812624
int7R,0.03900941926985979,2.407354950904846,0.12004527077078819
int7R,0.04005554644390941,2.146986246109009,0.2003663294017315
int7R,0.05886444170027971,2.407354950904846,0.12004527077078819
int7R,0.06082781311124563,2.146986246109009,0.2003663294017315
int7R,0.052902089431881905,2.4236055612564087,0.20218423753976822
int7R,0.05544504150748253,2.1613450050354004,0.3016950711607933
int7R,0.0002508442848920822,2.4236055612564087,0.20218423753976822
int7R,0.0013371054083108902,2.1613450050354004,0.3016950711607933
int7R,0.058544209226965904,2.3845958709716797,0.018937896005809307
int7R,0.060492788441479206,2.12788662314415,0.08591504348441958
int7R,0.03868919424712658,2.3845959901809692,0.01893786620348692
int7R,0.03972052922472358,2.127886801958084,0.08591502485796809
int7R,-0.0005983198061585426,2.3697584867477417,-0.05737248249351978
int7R,0.0004644487053155899,2.1154909431934357,-0.009602352976799011
int7R,0.052052914164960384,2.3697585463523865,-0.057372432202100754
int7R,0.054572368040680885,2.115491032600403,-0.009602302685379982
int8L,0.13169366121292114,2.4074581265449524,0.06777689047157764
int8L,0.11494499072432518,3.0551726818084717,-0.06571411387994885
int8L,0.06320338975638151,2.3881810903549194,-0.02168832579627633
int8L,0.09940539114177227,2.3881810903549194,-0.021688284818083048
int8L,0.06179140321910381,3.051670789718628,-0.14430755749344826
int8L,0.0898868702352047,3.051670789718628,-0.14430753514170647
int8L,0.06320336554199457,2.4267351627349854,0.1572420299053192
int8L,0.09940537996590137,2.4267351627349854,0.1572420299053192
int8L,0.06179138459265232,3.0586745738983154,0.012879290618002415
int8L,0.08988686092197895,3.0586745738983154,0.01287928968667984
int8L,0.1623583287000656,2.4185640811920166,0.06641433294862509
int8L,0.15169718489050865,2.582309126853943,0.023494750261306763
int8L,0.10018033534288406,2.4179282784461975,0.06356266839429736
int8L,0.09792472794651985,2.582575500011444,0.02160279033705592
int8L,0.059289922937750816,2.5673950910568237,-0.06162416283041239
int8L,0.059289674274623394,2.3992300033569336,-0.024150443263351917
int8L,0.05928989965468645,2.597489595413208,0.10672164242714643
int8L,0.05928964912891388,2.4372624158859253,0.15412736497819424
int8L,0.0629528732970357,2.5612001419067383,-0.09729808568954468
int8L,0.0635291812941432,2.391837477684021,-0.06176448427140713
int8L,0.10986057855188847,2.5612001419067383,-0.0972980372607708
int8L,0.11576744541525841,2.3918375372886658,-0.061764431186020374
int8L,0.08132365345954895,2.5735899806022644,-0.025950218085199594
int8L,0.08257314749062061,2.4066224098205566,0.013463638722896576
int8L,0.06271032709628344,2.573590040206909,-0.0259502325206995
int8L,0.06283175386488438,2.406622529029846,0.01346361031755805
int8L,0.10986056923866272,2.6034181118011475,0.14428749307990074
int8L,0.11576743051409721,2.4452905654907227,0.19459304958581924
int8L,0.0629528434947133,2.6034181118011475,0.14428749307990074
int8L,0.06352914776653051,2.4452905654907227,0.19459304958581924
int8L,0.06271031498908997,2.5915610790252686,0.06915579177439213
int8L,0.0628317417576909,2.429234266281128,0.11366168037056923
int8L,0.0813236478716135,2.5915610790252686,0.06915578991174698
int8L,0.08257314190268517,2.429234266281128,0.11366167850792408
int8L,0.09469839558005333,2.8880587220191956,-0.04068980040028691
int8L,0.09352539107203484,3.047042429447174,-0.0648953914642334
int8L,0.13920017704367638,2.8882418274879456,-0.039885614067316055
int8L,0.13654126226902008,3.0485804080963135,-0.0642915666103363
int8L,0.05876641534268856,3.0441288352012634,-0.14320859126746655
int8L,0.05903446488082409,2.8805490732192993,-0.11937269568443298
int8L,0.05876639671623707,3.051494002342224,0.014021581970155239
int8L,0.05903444439172745,2.895751476287842,0.03879722906276584
int8L,0.062133558094501495,3.043216586112976,-0.17761900275945663
int8L,0.062277307733893394,2.8775057792663574,-0.15350206568837166
int8L,0.10146334394812584,3.043216586112976,-0.17761895060539246
int8L,0.10293653607368469,2.8775057792663574,-0.15350201353430748
int8L,0.06205268204212189,2.883592367172241,-0.08524332195520401
int8L,0.061482179909944534,3.045041084289551,-0.10879817232489586
int8L,0.0793082732707262,2.883592367172241,-0.08524332195520401
int8L,0.07841930538415909,3.045041084289551,-0.10879817232489586
int8L,0.06227728445082903,2.8989778757095337,0.07373073697090149
int8L,0.06213353667408228,3.053944230079651,0.049035774543881416
int8L,0.1029365286231041,2.8989778757095337,0.07373073697090149
int8L,0.10146333277225494,3.053944230079651,0.04903577361255884
int8L,0.07930826582014561,2.89252507686615,0.003863721154630184
int8L,0.07841929793357849,3.0490437746047974,-0.020992610603570938
int8L,0.06205266620963812,2.89252507686615,0.003863721154630184
int8L,0.061482164077460766,3.0490437746047974,-0.020992610603570938
int8R,-0.013114361558109522,2.4074581265449524,0.06777678849175572
int8R,0.0025631017051637173,3.055172622203827,-0.0657141818664968
int8R,0.018864058423787355,2.426735043525696,0.15724201500415802
int8R,0.05506606865674257,2.426735043525696,0.15724201500415802
int8R,0.027380752842873335,3.0586745738983154,0.01287927571684122
int8R,0.055476230569183826,3.0586745738983154,0.01287927571684122
int8R,0.020070827566087246,2.388181149959564,-0.021688397973775864
int8R,0.05627282802015543,2.3881810903549194,-0.021688354201614857
int8R,0.02831729967147112,3.0516706705093384,-0.14430761337280273
int8R,0.056412766687572,3.0516706705093384,-0.14430758357048035
int8R,0.021224441472440958,2.4186354279518127,0.06338241416960955
int8R,0.023481102660298347,2.5832825899124146,0.02142256870865822
int8R,-0.04654897190630436,2.4192671179771423,0.06622991152107716
int8R,-0.0358878867700696,2.5830121636390686,0.023310335353016853
int8R,0.05928992573171854,2.568117141723633,-0.06178508000448346
int8R,0.05928967893123627,2.3999520540237427,-0.024311366491019726
int8R,0.05928990337997675,2.5981776118278503,0.10651806136593223
int8R,0.05928965378552675,2.437950372695923,0.15392378345131874
int8R,0.039918588008731604,2.592258095741272,0.06896465923637152
int8R,0.03865838656201959,2.429931163787842,0.11347054690122604
int8R,0.05852707661688328,2.592258095741272,0.06896465923637152
int8R,0.05839494336396456,2.429931163787842,0.11347054690122604
int8R,0.05241184402257204,2.6040971279144287,0.14407146349549294
int8R,0.05178997199982405,2.445969581604004,0.19437702000141144
int8R,0.005527015309780836,2.6040971279144287,0.14407146349549294
int8R,-0.00042541325092315674,2.445969581604004,0.19437702000141144
int8R,0.05914737191051245,2.5743069648742676,-0.026119478978216648
int8R,0.05905284080654383,2.4073394536972046,0.013294359669089317
int8R,0.04053889075294137,2.5743070244789124,-0.026119500398635864
int8R,0.03931629192084074,2.407339572906494,0.013294320553541183
int8R,0.007089889142662287,2.5619272589683533,-0.0974507462233305
int8R,0.001315150409936905,2.3925646543502808,-0.061917154118418694
int8R,0.05397470388561487,2.561927318572998,-0.09745069034397602
int8R,0.053530522622168064,2.3925646543502808,-0.061917101964354515
int8R,-0.020807064604014158,3.046821653842926,-0.06402399204671383
int8R,-0.023465925827622414,2.886483073234558,-0.03961803670972586
int8R,0.025674906093627214,2.886314868927002,-0.04042431153357029
int8R,0.02577576180920005,3.0452985763549805,-0.06462990492582321
int8R,0.05876935459673405,3.04233455657959,-0.14294716715812683
int8R,0.059037404134869576,2.8787548542022705,-0.11911126598715782
int8R,0.05876933503895998,3.0497856736183167,0.014293329790234566
int8R,0.05903738457709551,2.8940431475639343,0.03906897734850645
int8R,0.05817951541393995,2.8908082246780396,0.004136357456445694
int8R,0.057680594734847546,3.047326922416687,-0.020719975233078003
int8R,0.04092042474076152,2.8908082246780396,0.004136357456445694
int8R,0.04073996935039759,3.047326922416687,-0.020719975233078003
int8R,0.01246259082108736,2.897278070449829,0.07400159724056721
int8R,0.013947110623121262,3.0522444248199463,0.049306634813547134
int8R,0.05313641391694546,2.897278070449829,0.07400159724056721
int8R,0.053291491232812405,3.0522444248199463,0.049306634813547134
int8R,0.04149574786424637,2.8818215131759644,-0.08498498052358627
int8R,0.04130467725917697,3.043270230293274,-0.10853983461856842
int8R,0.05875483434647322,2.8818215131759644,-0.08498498052358627
int8R,0.05824529938399792,3.043270230293274,-0.10853983461856842
int8R,0.015258628409355879,3.0413988828659058,-0.17735456675291061
int8R,0.013818423263728619,2.875688135623932,-0.15323761850595474
int8R,0.054602992720901966,3.0413988828659058,-0.17735450714826584
int8R,0.05449223145842552,2.8756881952285767,-0.15323755890130997
int9L,-0.018780337646603584,3.815190613269806,0.025125460233539343
int9L,0.08913180977106094,3.3755844235420227,-0.07219493482261896
int9L,0.07627719081938267,3.682890832424164,-0.029276357032358646
int9L,0.11184299737215042,3.599431276321411,-0.04579606233164668
int9L,0.12927645444869995,3.3754910826683044,-0.07018655724823475
int9L,0.11494500190019608,3.0551726818084717,-0.06571424193680286
int9L,0.06905900873243809,3.599825918674469,-0.04727187613025308
int9L,0.035548980347812176,3.68284147977829,-0.0272260126657784
int9L,0.01145984185859561,3.681760549545288,-0.0789457019418478
int9L,0.04536163667216897,3.6034990549087524,-0.09978384710848331
int9L,0.011459829285740852,3.6839717626571655,0.02244327822700143
int9L,0.045361620374023914,3.5957581400871277,0.006715854629874229
int9L,0.06017500348389149,3.372422516345978,-0.00483387615531683
int9L,0.060175023041665554,3.3786529898643494,-0.13754766434431076
int9L,-0.034714654088020325,3.8164100646972656,0.04241130128502846
int9L,-0.02613463904708624,3.8164100646972656,0.04241130128502846
int9L,0.06278209760785103,3.3735822439193726,-0.03539573587477207
int9L,0.07697040401399136,3.3735822439193726,-0.03539573587477207
int9L,0.015508316457271576,3.6844347715377808,0.04170347936451435
int9L,0.04823001753538847,3.6844347715377808,0.04170347936451435
int9L,0.04989274591207504,3.5939643383026123,0.030372329987585545
int9L,0.083250573836267,3.5939643383026123,0.030372329987585545
int9L,0.09941289201378822,3.371262788772583,0.025727983564138412
int9L,0.06457206979393959,3.371262788772583,0.025727983564138412
int9L,0.0627676798030734,3.0586745738983154,0.01287917047739029
int9L,0.09086316078901291,3.0586745738983154,0.01287917047739029
int9L,0.05900339037179947,3.597551941871643,-0.016940620727837086
int9L,0.04727183561772108,3.597551941871643,-0.016940620727837086
int9L,0.02549336152151227,3.6835087537765503,0.0031830770894885063
int9L,0.013761806301772594,3.6835087537765503,0.0031830770894885063
int9L,-0.034714650362730026,3.813970923423767,0.00783957401290536
int9L,-0.02613463718444109,3.8139710426330566,0.007839599158614874
int9L,0.07697040773928165,3.377586603164673,-0.10899413377046585
int9L,0.06278210878372192,3.377586603164673,-0.10899413377046585
int9L,0.04823002591729164,3.681346893310547,-0.10025623999536037
int9L,0.015508333221077919,3.681346893310547,-0.1002562940120697
int9L,0.08325058408081532,3.60489821434021,-0.12196450121700764
int9L,0.04989276733249426,3.60489821434021,-0.12196455523371696
int9L,0.06457209307700396,3.379719376564026,-0.16610118374228477
int9L,0.09941290318965912,3.379719376564026,-0.1661011353135109
int9L,0.0627676984295249,3.051670789718628,-0.1443077139556408
int9L,0.09086317010223866,3.051670789718628,-0.1443076841533184
int9L,0.04727184260264039,3.602099895477295,-0.07760313153266907
int9L,0.05900339223444462,3.602099895477295,-0.07760313153266907
int9L,0.013761814218014479,3.6821742057800293,-0.0576351024210453
int9L,0.02549336524680257,3.6821742057800293,-0.0576351024210453
int9L,0.13512799888849258,3.1338037848472595,-0.07726394152268767
int9L,0.13626649975776672,3.0651499032974243,-0.06681381724774837
int9L,0.09340303018689156,3.0636276602745056,-0.06742066564038396
int9L,0.09289216995239258,3.1328667998313904,-0.07796242786571383
int9L,0.05862169899046421,3.1349247097969055,0.0007494362071156502
int9L,0.05873843654990196,3.067665159702301,0.011448954697698355
int9L,0.05862171854823828,3.1317458748817444,-0.15597585774958134
int9L,0.05873845424503088,3.061112403869629,-0.14568349719047546
int9L,0.06348058115690947,3.0699585676193237,0.046483661979436874
int9L,0.06339925155043602,3.136312246322632,0.03590975422412157
int9L,0.1026729978621006,3.0699585676193237,0.046483661979436874
int9L,0.10202242247760296,3.136312246322632,0.03590975422412157
int9L,0.07891396433115005,3.0653717517852783,-0.023585752584040165
int9L,0.0785219855606556,3.133537173271179,-0.03441088180989027
int9L,0.06201005261391401,3.0653717517852783,-0.023585752584040165
int9L,0.06175677105784416,3.133537173271179,-0.03441088180989027
int9L,0.06339927855879068,3.131295323371887,-0.19043773412704468
int9L,0.06348061002790928,3.060341238975525,-0.18011141568422318
int9L,0.102022435516119,3.131295323371887,-0.1904376819729805
int9L,0.1026730127632618,3.060341238975525,-0.1801113560795784
int9L,0.06201006006449461,3.061883568763733,-0.11125557869672775
int9L,0.06175678223371506,3.1321964263916016,-0.1215139739215374
int9L,0.07891396805644035,3.061883568763733,-0.11125557869672775
int9L,0.07852199114859104,3.1321964263916016,-0.1215139739215374
int9L,0.00042005348950624466,3.7612635493278503,-0.000222841277718544
int9L,-0.022126194089651108,3.8065602779388428,0.0206132628954947
int9L,0.026980675756931305,3.7616263031959534,-0.001947532407939434
int9L,-0.005290202796459198,3.807035267353058,0.021451618522405624
int9L,-0.033167639747262,3.8053584694862366,0.0007735313847661018
int9L,-0.018184523098170757,3.7588186264038086,-0.037409554701298475
int9L,-0.0331676434725523,3.8082368969917297,0.04129130579531193
int9L,-0.01818452961742878,3.7640711665153503,0.03523913584649563
int9L,-0.03280874155461788,3.8076082468032837,0.03373936377465725
int9L,-0.01638093590736389,3.7629120349884033,0.022447310388088226
int9L,-0.027056600898504257,3.8076082468032837,0.03373936377465725
int9L,-0.007334248628467321,3.7629120349884033,0.022447310388088226
int9L,-0.01703932136297226,3.808865547180176,0.04884324688464403
int9L,0.0074050696566700935,3.7652302980422974,0.048030960373580456
int9L,-0.03074662573635578,3.808865547180176,0.048843247815966606
int9L,-0.01543313730508089,3.7652302980422974,0.04803096130490303
int9L,-0.027056600898504257,3.805512309074402,0.0074871620163321495
int9L,-0.007334246765822172,3.7596150636672974,-0.022892992943525314
int9L,-0.03280874155461788,3.805512309074402,0.0074871620163321495
int9L,-0.016380932182073593,3.7596150636672974,-0.022892992943525314
int9L,-0.030746616423130035,3.8052046298980713,-0.005940091330558062
int9L,-0.01543312519788742,3.75802218914032,-0.051926109939813614
int9L,-0.017039315775036812,3.8052048087120056,-0.005940046161413193
int9L,0.0074050771072506905,3.7580222487449646,-0.05192606383934617
int9R,-0.010086809284985065,3.3754910826683044,-0.07018665410578251
int9R,-0.021588295698165894,3.599431276321411,-0.04579616850242019
int9R,-0.05460959952324629,3.682890832424164,-0.029276463203132153
int9R,0.03237859718501568,3.3755844235420227,-0.07219493389129639
int9R,-0.05310039781033993,3.8151904344558716,0.025125412736088037
int9R,0.002563107293099165,3.055172622203827,-0.06571429735049605
int9R,0.060175007209181786,3.372422516345978,-0.004833875223994255
int9R,0.06017502583563328,3.3786529898643494,-0.13754766434431076
int9R,0.04536163993179798,3.6034990549087524,-0.09978384710848331
int9R,0.011459844652563334,3.681760549545288,-0.0789457019418478
int9R,0.011459832079708576,3.6839717626571655,0.02244327822700143
int9R,0.04536162503063679,3.5957581400871277,0.006715855561196804
int9R,0.02213280089199543,3.599825918674469,-0.0472718751989305
int9R,-0.011377230286598206,3.68284147977829,-0.0272260126657784
int9R,0.02124845189973712,3.379719376564026,-0.16610124334692955
int9R,0.056089263409376144,3.379719376564026,-0.16610119491815567
int9R,0.041771008633077145,3.60489821434021,-0.12196456454694271
int9R,0.008413186762481928,3.60489821434021,-0.12196461670100689
int9R,0.00754145672544837,3.681346893310547,-0.1002563051879406
int9R,-0.025180238764733076,3.681346893310547,-0.10025635734200478
int9R,0.05932763032615185,3.377586603164673,-0.10899413377046585
int9R,0.045139324851334095,3.377586603164673,-0.10899413377046585
int9R,-0.045383671298623085,3.8139708638191223,0.007839547470211983
int9R,-0.036803657189011574,3.813970923423767,0.007839573547244072
int9R,0.027831719256937504,3.051670730113983,-0.14430774003267288
int9R,0.05592718534171581,3.051670789718628,-0.1443077139556408
int9R,0.04441551864147186,3.602099895477295,-0.07760313153266907
int9R,0.032683965750038624,3.602099895477295,-0.07760313153266907
int9R,0.01090548885986209,3.6821742057800293,-0.0576351024210453
int9R,-0.0008260621689260006,3.6821742057800293,-0.0576351024210453
int9R,0.02077218098565936,3.371262788772583,0.025727983564138412
int9R,0.05561300180852413,3.371262788772583,0.025727983564138412
int9R,0.007957190740853548,3.5939643383026123,0.030372329987585545
int9R,0.041315020993351936,3.5939643383026123,0.030372329987585545
int9R,-0.025627535535022616,3.6844347715377808,0.04170347936451435
int9R,0.007094168337062001,3.6844347715377808,0.04170347936451435
int9R,0.044945371337234974,3.3735822439193726,-0.03539573401212692
int9R,0.059133678674697876,3.3735822439193726,-0.03539573401212692
int9R,-0.04550096020102501,3.8164100646972656,0.04241130128502846
int9R,-0.0369209423661232,3.8164100646972656,0.04241130128502846
int9R,0.02744765067473054,3.0586745738983154,0.012879171408712864
int9R,0.05554312653839588,3.0586745738983154,0.012879171408712864
int9R,0.032523597590625286,3.597551941871643,-0.016940618865191936
int9R,0.044255152344703674,3.597551941871643,-0.016940618865191936
int9R,-0.0009864326566457748,3.6835087537765503,0.0031830770894885063
int9R,0.010745123494416475,3.6835087537765503,0.0031830770894885063
int9R,-0.06472983863204718,3.7578067779541016,-0.003915748093277216
int9R,-0.06047710869461298,3.8032155632972717,0.019483405631035566
int9R,-0.03497873805463314,3.7574536204338074,-0.001975372899323702
int9R,-0.04434680752456188,3.8027503490448,0.01886073313653469
int9R,-0.0319074047729373,3.8045220971107483,0.040782253723591566
int9R,-0.016924289986491203,3.760356366634369,0.03473008377477527
int9R,-0.031907400116324425,3.801443934440613,-0.0024380586110055447
int9R,-0.01692428207024932,3.754904091358185,-0.04062114842236042
int9R,-0.04745825566351414,3.8012359142303467,-0.00980806490406394
int9R,-0.04349880153313279,3.75405353307724,-0.055794084910303354
int9R,-0.032982949167490005,3.8012360334396362,-0.009808008559048176
int9R,-0.019892593380063772,3.7540535926818848,-0.05579402856528759
int9R,-0.03289495315402746,3.8016518354415894,0.004931884817779064
int9R,-0.017269281204789877,3.755754590034485,-0.025448273867368698
int9R,-0.03892420046031475,3.8016518354415894,0.004931884817779064
int9R,-0.0265930718742311,3.755754590034485,-0.025448273867368698
int9R,-0.03318082168698311,3.8051953315734863,0.048774925991892815
int9R,-0.020215277327224612,3.761560082435608,0.04796263948082924
int9R,-0.04765613004565239,3.8051953315734863,0.048774925991892815
int9R,-0.04382148920558393,3.761560082435608,0.04796263948082924
int9R,-0.039006616454571486,3.8038488626480103,0.03278958145529032
int9R,-0.026720525231212378,3.75915265083313,0.021497528068721294
int9R,-0.03297736728563905,3.8038488626480103,0.03278958145529032
int9R,-0.017396731302142143,3.75915265083313,0.021497528068721294
int9R,0.02578755747526884,3.0638830065727234,-0.0674595320597291
int9R,0.025831484235823154,3.133122146129608,-0.07800129475072026
int9R,-0.01936045428737998,3.1340569257736206,-0.07730258302763104
int9R,-0.020498931407928467,3.0654029846191406,-0.06685246992856264
int9R,0.05862127058207989,3.135172724723816,0.0007099853828549385
int9R,0.05873800627887249,3.0679131746292114,0.01140950433909893
int9R,0.05862128920853138,3.132006347179413,-0.15601381473243237
int9R,0.05873802490532398,3.0613728761672974,-0.1457214541733265
int9R,0.040990197099745274,3.062142848968506,-0.11129340529441833
int9R,0.04090938251465559,3.1324557065963745,-0.12155180051922798
int9R,0.05789358913898468,3.062142848968506,-0.11129340529441833
int9R,0.05767408199608326,3.1324557065963745,-0.12155180051922798
int9R,0.0539384912699461,3.060602903366089,-0.18014950305223465
int9R,0.053995754569768906,3.131556987762451,-0.19047582894563675
int9R,0.014748192392289639,3.060602843761444,-0.18014955520629883
int9R,0.015374699607491493,3.131556987762451,-0.19047587737441063
int9R,0.05766252614557743,3.065623164176941,-0.023625658825039864
int9R,0.05744491331279278,3.133788585662842,-0.034450788982212543
int9R,0.04075912572443485,3.065623164176941,-0.023625658825039864
int9R,0.040680207312107086,3.133788585662842,-0.034450788982212543
int9R,0.01421246025711298,3.070203185081482,0.046444667503237724
int9R,0.014846751932054758,3.13655686378479,0.03587075974792242
int9R,0.053402774035930634,3.070203185081482,0.046444667503237724
int9R,0.05346782132983208,3.13655686378479,0.03587075974792242
NSML,0.02593601099215448,-2.9368786811828613,0.5091786086559296
NSML,0.02593600796535611,-2.931483745574951,0.5330785810947418
NSML,0.038186668418347836,-2.9341812133789062,0.5211285948753357
NSML,0.025936006801202893,-2.9461312294006348,0.5238260924816132
NSML,0.013685350539162755,-2.9341812133789062,0.5211285948753357
NSML,0.018932288978248835,-2.9222312569618225,0.5184310972690582
NSML,0.03293973486870527,-2.9222312569618225,0.5184310972690582
NSML,0.02593601169064641,-2.920689105987549,0.5252629220485687
NSML,0.025936012156307697,-2.923773407936096,0.5115992724895477
NSML,0.02593601495027542,-2.9017868041992188,0.5106312334537506
NSML,0.025936014018952847,-2.9010496139526367,0.5138967335224152
NSML,0.027609840966761112,-2.9014182090759277,0.5122639834880829
NSML,0.024262188002467155,-2.9014182090759277,0.5122639834880829
NSML,0.024345151148736477,-2.8787999153137207,0.5057409703731537
NSML,0.02752688340842724,-2.8787999153137207,0.5057409703731537
NSML,0.02593601681292057,-2.878502130508423,0.5073028206825256
NSML,0.025936017744243145,-2.836464047431946,0.4882764667272568
NSML,0.02593601681292057,-2.8358685970306396,0.4914001524448395
NSML,0.02752688340842724,-2.8361663222312927,0.4898383095860481
NSML,0.024345151148736477,-2.8361663222312927,0.4898383095860481
NSML,0.024345151148736477,-2.706692934036255,0.4435102790594101
NSML,0.02752688340842724,-2.706692934036255,0.4435102790594101
NSML,0.02593601681292057,-2.7063426971435547,0.4450621008872986
NSML,0.025936017744243145,-2.707043170928955,0.4419584572315216
NSML,0.025936017744243145,-2.606862187385559,0.40815526247024536
NSML,0.02593601681292057,-2.6061617136001587,0.41125889122486115
NSML,0.02752688340842724,-2.606511950492859,0.40970707684755325
NSML,0.024345151148736477,-2.606511950492859,0.40970707684755325
NSML,0.025936017278581858,-2.5949759483337402,0.40668514370918274
NSML,0.025526930578052998,-2.8772850036621094,0.5023876875638962
NSML,0.027086430694907904,-2.8790940046310425,0.5026209950447083
NSML,0.024008246138691902,-2.8790940046310425,0.5028221309185028
NSML,0.025567746255546808,-2.8809030055999756,0.5030554383993149
NSML,0.023134520277380943,-2.8813790678977966,0.49670251458883286
NSML,0.021765244659036398,-2.879530131816864,0.49688859283924103
NSML,0.024547865614295006,-2.8797033429145813,0.495949387550354
NSML,0.02317858999595046,-2.8778544068336487,0.4961354658007622
NSML,0.016883586533367634,-2.8786051869392395,0.48487041145563126
NSML,0.01798361400142312,-2.8805280923843384,0.48418042063713074
NSML,0.01568895229138434,-2.88022118806839,0.4860302358865738
NSML,0.016788979759439826,-2.8821440935134888,0.4853402450680733
NSML,0.005470636999234557,-2.8827253580093384,0.4742608740925789
NSML,0.00463572540320456,-2.880837917327881,0.47532596439123154
NSML,0.006276198197156191,-2.881057322025299,0.4728598967194557
NSML,0.005441286601126194,-2.8791698813438416,0.47392498701810837
NSML,-0.010196379385888577,-2.879629909992218,0.46751443296670914
NSML,-0.009847352746874094,-2.881497859954834,0.46620476990938187
NSML,-0.010488277766853571,-2.8813263177871704,0.46905749291181564
NSML,-0.010139251127839088,-2.8831942677497864,0.4677478298544884
NSML,-0.027274138294160366,-2.8832831382751465,0.4673914387822151
NSML,-0.026992272585630417,-2.881413996219635,0.468724325299263
NSML,-0.027634097263216972,-2.8815855979919434,0.4658718481659889
NSML,-0.027352231554687023,-2.879716455936432,0.4672047346830368
NSML,-0.04312138631939888,-2.8793492913246155,0.47372734546661377
NSML,-0.04392106644809246,-2.881218373775482,0.4726145565509796
NSML,-0.04217415489256382,-2.881046772003174,0.47498035430908203
NSML,-0.0429738350212574,-2.8829158544540405,0.4738675653934479
NSML,-0.05496646650135517,-2.882088780403137,0.48581378906965256
NSML,-0.053797923028469086,-2.8802196979522705,0.48652056604623795
NSML,-0.05632513016462326,-2.8803913593292236,0.48503627628088
NSML,-0.055156586691737175,-2.878522276878357,0.48574305325746536
NSML,-0.061791072599589825,-2.877451777458191,0.5014444068074226
NSML,-0.06314877793192863,-2.8793208599090576,0.5012302845716476
NSML,-0.06022930331528187,-2.8791491985321045,0.5016521289944649
NSML,-0.06158700864762068,-2.881018280982971,0.5014380067586899
NSML,-0.06171500030905008,-2.879798173904419,0.5183689594268799
NSML,-0.06040196120738983,-2.8779290914535522,0.518023818731308
NSML,-0.06321008317172527,-2.8781007528305054,0.5188008844852448
NSML,-0.06189704407006502,-2.8762316703796387,0.5184557437896729
NSML,-0.057998497039079666,-2.8756422996520996,0.5310318022966385
NSML,-0.05905781686306,-2.8775113821029663,0.5319008827209473
NSML,-0.05680868215858936,-2.877339720726013,0.5300064980983734
NSML,-0.057868001982569695,-2.87920880317688,0.5308755785226822
NSML,-0.05331171117722988,-2.8771989941596985,0.5356509238481522
NSML,-0.05366513505578041,-2.875777244567871,0.5344144552946091
NSML,-0.054541075602173805,-2.8759260773658752,0.5370807200670242
NSML,-0.054894499480724335,-2.874504327774048,0.5358442515134811
NSML,-0.05195240303874016,-2.8691404461860657,0.5348516702651978
NSML,-0.050220491364598274,-2.8695420622825623,0.5362430214881897
NSML,-0.05036858469247818,-2.8697094917297363,0.5332642197608948
NSML,-0.048636673018336296,-2.870111107826233,0.5346555709838867
NSML,-0.046322524547576904,-2.8439345955848694,0.5194531083106995
NSML,-0.048190854489803314,-2.8440465331077576,0.5180614590644836
NSML,-0.04801989905536175,-2.8437123894691467,0.5210368633270264
NSML,-0.04988822899758816,-2.843824326992035,0.5196452140808105
NSML,-0.049776533618569374,-2.7739412784576416,0.4896584823727608
NSML,-0.047908201813697815,-2.773888647556305,0.4910549074411392
NSML,-0.04807915911078453,-2.7740960121154785,0.4880652502179146
NSML,-0.04621082730591297,-2.774043381214142,0.48946167528629303
NSML,-0.0462015476077795,-2.6850245594978333,0.4594353139400482
NSML,-0.04806987941265106,-2.68507719039917,0.4580388814210892
NSML,-0.0478989202529192,-2.6848698258399963,0.4610285386443138
NSML,-0.049767252057790756,-2.684922456741333,0.45963210612535477
NSML,-0.0497724711894989,-2.640810966491699,0.44464707374572754
NSML,-0.04790414124727249,-2.6407583355903625,0.446043498814106
NSML,-0.04807509854435921,-2.640965700149536,0.44305384904146194
NSML,-0.0462067686021328,-2.6409130692481995,0.4444502741098404
NSML,-0.047877686098217964,-2.637031853199005,0.44318389892578125
NSMR,0.010536612942814827,-2.637031853199005,0.44318386912345886
NSMR,0.008865691721439362,-2.6409130692481995,0.4444502517580986
NSMR,0.01073402538895607,-2.640965700149536,0.44305381178855896
NSMR,0.010563066229224205,-2.6407583355903625,0.4460434764623642
NSMR,0.012431399896740913,-2.640810966491699,0.44464703649282455
NSMR,0.012426180765032768,-2.684922456741333,0.4596320763230324
NSMR,0.01055784523487091,-2.6848698258399963,0.4610285088419914
NSMR,0.010728806257247925,-2.68507719039917,0.4580388516187668
NSMR,0.008860470727086067,-2.6850245594978333,0.45943528413772583
NSMR,0.008869750425219536,-2.774043381214142,0.48946163058280945
NSMR,0.010738082230091095,-2.7740960121154785,0.488065205514431
NSMR,0.010567128658294678,-2.773888647556305,0.49105486273765564
NSMR,0.012435460463166237,-2.7739412784576416,0.4896584376692772
NSMR,0.01254715770483017,-2.843824326992035,0.5196451544761658
NSMR,0.01067882776260376,-2.8437123894691467,0.5210368037223816
NSMR,0.010849777609109879,-2.8440465331077576,0.5180613994598389
NSMR,0.008981447666883469,-2.8439345955848694,0.5194530487060547
NSMR,0.011295599862933159,-2.870111107826233,0.5346555113792419
NSMR,0.013027513399720192,-2.8697094917297363,0.53326416015625
NSMR,0.012879418209195137,-2.869542121887207,0.5362429618835449
NSMR,0.01461133174598217,-2.8691405057907104,0.534851610660553
NSMR,0.0175534226000309,-2.8745043873786926,0.5358441919088364
NSMR,0.01719999872148037,-2.87592613697052,0.5370806753635406
NSMR,0.016324060037732124,-2.875777244567871,0.5344144105911255
NSMR,0.015970636159181595,-2.8771989941596985,0.5356508940458298
NSMR,0.02052692510187626,-2.87920880317688,0.5308755785226822
NSMR,0.019467603415250778,-2.877339720726013,0.5300064831972122
NSMR,0.021716739982366562,-2.8775113821029663,0.5319008678197861
NSMR,0.02065741829574108,-2.8756422996520996,0.5310317724943161
NSMR,0.02455596812069416,-2.8762316703796387,0.5184557288885117
NSMR,0.025869006291031837,-2.8781007528305054,0.5188008844852448
NSMR,0.023060884326696396,-2.8779290914535522,0.5180237889289856
NSMR,0.024373922497034073,-2.879798173904419,0.5183689445257187
NSMR,0.024245930835604668,-2.881018280982971,0.5014379769563675
NSMR,0.022888226434588432,-2.8791491985321045,0.5016520842909813
NSMR,0.0258077010512352,-2.8793208599090576,0.5012302622199059
NSMR,0.024449996650218964,-2.877451777458191,0.5014443695545197
NSMR,0.017815513536334038,-2.878522276878357,0.4857430160045624
NSMR,0.018984053283929825,-2.8803913593292236,0.485036239027977
NSMR,0.0164568480104208,-2.8802196979522705,0.48652053624391556
NSMR,0.017625387758016586,-2.882088780403137,0.48581375926733017
NSMR,0.005632760003209114,-2.8829158544540405,0.4738675206899643
NSMR,0.004833081737160683,-2.881046772003174,0.47498031705617905
NSMR,0.006579992361366749,-2.881218433380127,0.47261451184749603
NSMR,0.005780314095318317,-2.8793493509292603,0.4737273082137108
NSMR,-0.009988846257328987,-2.8797165155410767,0.4672046825289726
NSMR,-0.009706978686153889,-2.881585657596588,0.46587178111076355
NSMR,-0.01034880056977272,-2.881413996219635,0.4687242731451988
NSMR,-0.010066932998597622,-2.8832831382751465,0.46739137172698975
NSMR,-0.02720182202756405,-2.8831942677497864,0.4677477478981018
NSMR,-0.026852796785533428,-2.8813263177871704,0.4690574184060097
NSMR,-0.02749372273683548,-2.881497859954834,0.4662046879529953
NSMR,-0.02714469749480486,-2.879629909992218,0.46751435846090317
NSMR,-0.04278235975652933,-2.8791698813438416,0.4739248976111412
NSMR,-0.04361726809293032,-2.881057322025299,0.47285979986190796
NSMR,-0.041976798325777054,-2.880837917327881,0.4753258675336838
NSMR,-0.04281170666217804,-2.8827253580093384,0.47426076978445053
NSMR,-0.05413005035370588,-2.8821440935134888,0.4853401407599449
NSMR,-0.05303002614527941,-2.88022118806839,0.48603013902902603
NSMR,-0.05532468389719725,-2.8805280923843384,0.484180323779583
NSMR,-0.05422465968877077,-2.8786051869392395,0.4848703220486641
NSMR,-0.06051966454833746,-2.8778544664382935,0.496135376393795
NSMR,-0.06188894063234329,-2.879703402519226,0.49594931304454803
NSMR,-0.05910632200539112,-2.879530131816864,0.49688848853111267
NSMR,-0.060475598089396954,-2.8813790678977966,0.4967024251818657
NSMR,-0.06290882080793381,-2.8809030055999756,0.5030553489923477
NSMR,-0.06134931556880474,-2.8790940046310425,0.5028220266103745
NSMR,-0.06442750804126263,-2.8790940642356873,0.5026209056377411
NSMR,-0.06286800280213356,-2.877285063266754,0.5023875832557678
NSMR,-0.06327708624303341,-2.59497606754303,0.4066850543022156
NSMR,-0.06168621405959129,-2.6065120100975037,0.4097069799900055
NSMR,-0.06486795842647552,-2.6065120100975037,0.4097069799900055
NSMR,-0.06327708624303341,-2.6061617136001587,0.4112587869167328
NSMR,-0.06327708624303341,-2.6068623065948486,0.4081551730632782
NSMR,-0.06327708624303341,-2.707043170928955,0.44195836037397385
NSMR,-0.06327708624303341,-2.7063426971435547,0.44506198167800903
NSMR,-0.06486795842647552,-2.706692934036255,0.44351016730070114
NSMR,-0.06168621405959129,-2.706692934036255,0.44351017475128174
NSMR,-0.06168621405959129,-2.8361663222312927,0.4898381978273392
NSMR,-0.06486795842647552,-2.8361663222312927,0.4898381903767586
NSMR,-0.06327708624303341,-2.8358685970306396,0.4914000332355499
NSMR,-0.06327708624303341,-2.836464047431946,0.4882763549685478
NSMR,-0.06327708624303341,-2.878502130508423,0.5073027014732361
NSMR,-0.06486795842647552,-2.8787999153137207,0.5057408511638641
NSMR,-0.06168621405959129,-2.8787999153137207,0.5057408660650253
NSMR,-0.061603255569934845,-2.9014182090759277,0.5122638791799545
NSMR,-0.06495091691613197,-2.9014182090759277,0.5122638642787933
NSMR,-0.06327708624303341,-2.9010496139526367,0.5138966143131256
NSMR,-0.06327708624303341,-2.9017868041992188,0.5106311291456223
NSMR,-0.06327708717435598,-2.923773407936096,0.5115991532802582
NSMR,-0.06327708717435598,-2.920689105987549,0.5252628028392792
NSMR,-0.07028080895543098,-2.9222312569618225,0.5184309780597687
NSMR,-0.05627336539328098,-2.9222312569618225,0.5184309780597687
NSMR,-0.05102642998099327,-2.9341812133789062,0.5211284756660461
NSMR,-0.06327708438038826,-2.9461312294006348,0.5238259732723236
NSMR,-0.07552774250507355,-2.9341812133789062,0.5211284756660461
NSMR,-0.06327708438038826,-2.931483745574951,0.5330784618854523
NSMR,-0.06327708810567856,-2.9368786811828613,0.50917848944664
PDEL,0.25272708386182785,1.441674381494522,0.20041780173778534
PDEL,0.24956730008125305,1.4402970373630524,0.20108062773942947
PDEL,0.2506985291838646,1.4371537566184998,0.20110562071204185
PDEL,0.2538583129644394,1.4385311007499695,0.20044279471039772
PDEL,0.22201021015644073,1.4412498772144318,0.1318278405815363
PDEL,0.21870173141360283,1.4412687122821808,0.13378721475601196
PDEL,0.21870173141360283,1.437703013420105,0.1338215321302414
PDEL,0.22201021015644073,1.437684178352356,0.13186215795576572
PDEL,0.14819386042654514,1.4405867457389832,0.057655639946460724
PDEL,0.14591162651777267,1.4406155049800873,0.06064619775861502
PDEL,0.14591162651777267,1.436948299407959,0.06068148836493492
PDEL,0.14819386042654514,1.4369195401668549,0.05769093055278063
PDEL,0.05083933658897877,1.4394181668758392,0.032163871452212334
PDEL,0.050046078860759735,1.4387770891189575,0.034513032995164394
PDEL,0.05005423352122307,1.4363060593605042,0.034041136503219604
PDEL,0.0508474912494421,1.4369471371173859,0.031691974960267544
PDEL,-0.016325220465660095,-2.456262528896332,0.1597408875823021
PDEL,-0.012943796813488007,-2.456262528896332,0.1597408875823021
PDEL,-0.014634504914283752,-2.4560065269470215,0.16141127049922943
PDEL,-0.01463451236486435,-2.456518530845642,0.15807050466537476
PDEL,-0.014634508639574051,-2.2918511629104614,0.04503154754638672
PDEL,-0.014634504914283752,-2.291235089302063,0.04835636913776398
PDEL,-0.012943793088197708,-2.291543126106262,0.04669395834207535
PDEL,-0.016325220465660095,-2.291543126106262,0.04669395834207535
PDEL,-0.016325220465660095,-2.125792980194092,-0.0682491660118103
PDEL,-0.01294378936290741,-2.125792980194092,-0.0682491660118103
PDEL,-0.014634504914283752,-2.125485062599182,-0.06658676266670227
PDEL,-0.014634504914283752,-2.1261008977890015,-0.06991156935691833
PDEL,-0.014634504914283752,-1.8893597722053528,-0.23169709742069244
PDEL,-0.014634504914283752,-1.8887439370155334,-0.2283722311258316
PDEL,-0.01294378936290741,-1.8890518546104431,-0.23003466427326202
PDEL,-0.016325220465660095,-1.8890518546104431,-0.23003466427326202
PDEL,-0.016325220465660095,-1.6522179245948792,-0.38836874812841415
PDEL,-0.01294378936290741,-1.6522179245948792,-0.38836874812841415
PDEL,-0.014634504914283752,-1.6519100069999695,-0.38670630753040314
PDEL,-0.014634504914283752,-1.6525258421897888,-0.39003118872642517
PDEL,-0.014634504914283752,-1.4917335510253906,-0.47188903391361237
PDEL,-0.014634504914283752,-1.4911179542541504,-0.46856415271759033
PDEL,-0.01294378936290741,-1.4914257526397705,-0.47022659331560135
PDEL,-0.016325220465660095,-1.4914257526397705,-0.47022659331560135
PDEL,-0.016325220465660095,-1.2697427570819855,-0.5708701908588409
PDEL,-0.01294378936290741,-1.2697427570819855,-0.5708701908588409
PDEL,-0.014634504914283752,-1.2694348692893982,-0.5692077577114105
PDEL,-0.014634504914283752,-1.2700506448745728,-0.5725326240062714
PDEL,-0.014634504914283752,-1.1044243574142456,-0.6227509081363678
PDEL,-0.014634504914283752,-1.1040085554122925,-0.6194011569023132
PDEL,-0.01294378936290741,-1.104216456413269,-0.6210760325193405
PDEL,-0.016325220465660095,-1.104216456413269,-0.6210760325193405
PDEL,-0.016325220465660095,-0.932502806186676,-0.6534330695867538
PDEL,-0.01294378936290741,-0.932502806186676,-0.6534330695867538
PDEL,-0.014634504914283752,-0.9323949217796326,-0.6517457962036133
PDEL,-0.014634504914283752,-0.9326106905937195,-0.6551203429698944
PDEL,-0.014634504914283752,-0.6874630153179169,-0.6703999936580658
PDEL,-0.014634504914283752,-0.6872471272945404,-0.6670255362987518
PDEL,-0.01294378936290741,-0.6873550713062286,-0.6687127649784088
PDEL,-0.016325220465660095,-0.6873550713062286,-0.6687127649784088
PDEL,-0.016325220465660095,-0.5023751109838486,-0.6646794825792313
PDEL,-0.01294378936290741,-0.5023751109838486,-0.6646794825792313
PDEL,-0.014634504914283752,-0.5026157200336456,-0.6630434989929199
PDEL,-0.014634504914283752,-0.5021345019340515,-0.6663154661655426
PDEL,-0.014634501188993454,-0.25249001756310463,-0.5971042811870575
PDEL,-0.014634501188993454,-0.2535093389451504,-0.5938844680786133
PDEL,-0.01294378936290741,-0.2529996782541275,-0.5954943746328354
PDEL,-0.0163252130150795,-0.2529996782541275,-0.5954943746328354
PDEL,-0.0163252055644989,0.0016886331140995026,-0.5165755748748779
PDEL,-0.01294378936290741,0.0016886331140995026,-0.5165755748748779
PDEL,-0.014634497463703156,0.001258406788110733,-0.5149405598640442
PDEL,-0.014634497463703156,0.002118859440088272,-0.5182105898857117
PDEL,-0.014634497463703156,0.1803104355931282,-0.42873379588127136
PDEL,-0.014634497463703156,0.17957144975662231,-0.42543645203113556
PDEL,-0.01294378936290741,0.17994094267487526,-0.42708512395620346
PDEL,-0.0163252055644989,0.17994094267487526,-0.42708512395620346
PDEL,-0.030393455177545547,0.34093042463064194,-0.3293520510196686
PDEL,-0.02768395096063614,0.34227968752384186,-0.329352043569088
PDEL,-0.028701413422822952,0.3411959931254387,-0.32778868824243546
PDEL,-0.029375992715358734,0.3420141190290451,-0.3309154063463211
PDEL,-0.0163252055644989,0.870355024933815,-0.012409774586558342
PDEL,-0.012943781912326813,0.870355024933815,-0.012409774586558342
PDEL,-0.014634490013122559,0.8701335191726685,-0.010733447968959808
PDEL,-0.014634497463703156,0.8705765306949615,-0.014086101204156876
PDEL,-0.014634497463703156,1.0279438197612762,0.018190765753388405
PDEL,-0.014634490013122559,1.0276045203208923,0.02155395783483982
PDEL,-0.012943781912326813,1.0277741700410843,0.019872361794114113
PDEL,-0.0163252055644989,1.0277741700410843,0.019872361794114113
PDEL,-0.0163252055644989,1.2065155804157257,0.04467450827360153
PDEL,-0.012943781912326813,1.2065155804157257,0.04467450827360153
PDEL,-0.014634490013122559,1.2063976526260376,0.04636139050126076
PDEL,-0.014634497463703156,1.2066335082054138,0.042987626045942307
PDEL,-0.0163252055644989,1.7113165259361267,0.016794126015156507
PDEL,-0.012943774461746216,1.7113165259361267,0.016794126015156507
PDEL,-0.014634490013122559,1.7115078568458557,0.018445233814418316
PDEL,-0.014634490013122559,1.7111251950263977,0.015143018215894699
PDEL,-0.014634493738412857,2.1188949942588806,-0.09743486158549786
PDEL,-0.014634493738412857,2.119436025619507,-0.09412897191941738
PDEL,-0.012943781912326813,2.1191655099391937,-0.09578191675245762
PDEL,-0.0163252055644989,2.1191655099391937,-0.09578191675245762
PDEL,-0.0163252055644989,2.5270074009895325,-0.2087712176144123
PDEL,-0.01294378936290741,2.5270074009895325,-0.2087712176144123
PDEL,-0.014634497463703156,2.5270363092422485,-0.20708034187555313
PDEL,-0.014634497463703156,2.5269784927368164,-0.21046209335327148
PDEL,-0.014634497463703156,2.697790265083313,-0.23433184623718262
PDEL,-0.014634497463703156,2.697825312614441,-0.23094969242811203
PDEL,-0.01294378936290741,2.697807788848877,-0.23264076933264732
PDEL,-0.0163252055644989,2.697807788848877,-0.23264076933264732
PDEL,-0.0163252055644989,2.8623704314231873,-0.25251322612166405
PDEL,-0.01294378936290741,2.8623704314231873,-0.25251322612166405
PDEL,-0.014634497463703156,2.8623878955841064,-0.25082217901945114
PDEL,-0.014634497463703156,2.862352967262268,-0.25420427322387695
PDEL,-0.014634497463703156,3.034048080444336,-0.2616266757249832
PDEL,-0.014634497463703156,3.0340830087661743,-0.2582446336746216
PDEL,-0.01294378936290741,3.034065544605255,-0.2599356546998024
PDEL,-0.0163252055644989,3.034065544605255,-0.2599356546998024
PDEL,-0.0163252055644989,3.2021373510360718,-0.2626577243208885
PDEL,-0.01294378936290741,3.2021373510360718,-0.2626577243208885
PDEL,-0.014634497463703156,3.2021548748016357,-0.2609666585922241
PDEL,-0.014634497463703156,3.202119827270508,-0.2643487900495529
PDEL,-0.014634497463703156,3.367719888687134,-0.24678698182106018
PDEL,-0.014634497463703156,3.3675103187561035,-0.24342002719640732
PDEL,-0.01294378936290741,3.3676151037216187,-0.24510350450873375
PDEL,-0.0163252055644989,3.3676151037216187,-0.24510350450873375
PDEL,-0.0163252055644989,3.530490815639496,-0.22215347364544868
PDEL,-0.01294378936290741,3.530490815639496,-0.22215347364544868
PDEL,-0.014634497463703156,3.5302637815475464,-0.2204776629805565
PDEL,-0.014634497463703156,3.5307178497314453,-0.22382928431034088
PDEL,-0.014634497463703156,3.6475600004196167,-0.17475879937410355
PDEL,-0.014634497463703156,3.647081971168518,-0.17141065746545792
PDEL,-0.01294378936290741,3.6473209857940674,-0.17308472841978073
PDEL,-0.0163252055644989,3.6473209857940674,-0.17308472841978073
PDEL,-0.0163252055644989,3.7547064423561096,-0.12647734582424164
PDEL,-0.01294378936290741,3.7547064423561096,-0.12647734582424164
PDEL,-0.014634497463703156,3.7544552087783813,-0.12480505555868149
PDEL,-0.014634497463703156,3.754957675933838,-0.1281496360898018
PDEL,-0.014634497463703156,3.7683554887771606,-0.12117552757263184
PDEL,-0.07536985352635384,0.3914425000548363,-0.2762779965996742
PDEL,-0.1198212057352066,0.4491297975182533,-0.22281909361481667
PDEL,-0.13364346325397491,0.51994888484478,-0.1728845164179802
PDEL,-0.11894705891609192,0.5906980484724045,-0.13700886443257332
PDEL,-0.020575810223817825,0.7368109822273254,-0.09253105334937572
PDEL,-0.016740426421165466,0.8130206763744354,-0.04340449906885624
PDEL,-0.07411706447601318,0.3904648572206497,-0.2733190506696701
PDEL,-0.11931759119033813,0.4476318359375,-0.22003062814474106
PDEL,-0.13370133191347122,0.5183737650513649,-0.17003543302416801
PDEL,-0.11908406764268875,0.5897297114133835,-0.13386809825897217
PDEL,-0.02028670161962509,0.7362445145845413,-0.08926919102668762
PDEL,-0.016644053161144257,0.8125364929437637,-0.04008210450410843
PDEL,-0.07367666810750961,0.3922065496444702,-0.27479852735996246
PDEL,-0.118258036673069,0.4490237534046173,-0.22126350179314613
PDEL,-0.13217825442552567,0.5190597474575043,-0.17129862681031227
PDEL,-0.11767390370368958,0.5895852744579315,-0.13543845526874065
PDEL,-0.01888452097773552,0.7368168383836746,-0.0909001026302576
PDEL,-0.015049520879983902,0.8128749132156372,-0.04174329899251461
PDEL,-0.0758102498948574,0.3897008076310158,-0.27479851990938187
PDEL,-0.12088076025247574,0.447737880051136,-0.2215862199664116
PDEL,-0.13516654074192047,0.5192629024386406,-0.17162132263183594
PDEL,-0.1203572228550911,0.5908424854278564,-0.13543850742280483
PDEL,-0.021977990865707397,0.7362386584281921,-0.09090014174580574
PDEL,-0.01833495870232582,0.812682256102562,-0.04174330458045006
PDEL,-0.08103801310062408,0.6370557546615601,-0.11860327050089836
PDEL,-0.04037695378065109,0.6754258275032043,-0.11446285434067249
PDEL,-0.08117225393652916,0.6362693756818771,-0.11541707441210747
PDEL,-0.04016472026705742,0.674758642911911,-0.11124640889465809
PDEL,-0.07982822135090828,0.6360654681921005,-0.11701009422540665
PDEL,-0.03884603828191757,0.6751502305269241,-0.11285458132624626
PDEL,-0.08238204568624496,0.6372596621513367,-0.11701025068759918
PDEL,-0.04169563576579094,0.6750342398881912,-0.11285468190908432
PDEL,-0.014634508639574051,-2.47909414768219,0.17366793751716614
PDEL,0.24733516573905945,1.4378615617752075,0.27411995828151703
PDEL,0.2698405683040619,1.4378615617752075,0.2741199657320976
PDEL,0.25858786702156067,1.4525098204612732,0.27412015944719315
PDEL,0.25858786702156067,1.4232133030891418,0.2741197645664215
PDEL,0.25858786702156067,1.4378616213798523,0.2918175980448723
PDEL,0.25858786702156067,1.4290416240692139,0.2564222067594528
PDEL,0.25858786702156067,1.4466813206672668,0.2564224451780319
PDEL,0.2653631567955017,1.4378614723682404,0.25642232596874237
PDEL,0.25181257724761963,1.4378614723682404,0.25642232596874237
PDEL,0.2560610920190811,1.4384024739265442,0.23992379009723663
PDEL,0.2608223259449005,1.4383749961853027,0.239932119846344
PDEL,0.25854215770959854,1.4412818551063538,0.23992381989955902
PDEL,0.2583412602543831,1.4354956150054932,0.2399320900440216
PDEL,-0.014634497463703156,1.3324335217475891,0.0388518963009119
PDEL,-0.014581114053726196,1.4244957566261292,0.03444581665098667
PDEL,-0.014581114053726196,1.4370980858802795,0.03375287912786007
PDEL,-0.014634497463703156,1.4513713717460632,0.03277433477342129
PDEL,-0.014634493738412857,1.569668471813202,0.026654528453946114
PDEL,-0.014634490013122559,1.3321974277496338,0.04222575202584267
PDEL,-0.014581110328435898,1.4242596626281738,0.03781971149146557
PDEL,-0.014581110328435898,1.4368619918823242,0.03712681122124195
PDEL,-0.014634490013122559,1.4511353373527527,0.03614829666912556
PDEL,-0.014634490013122559,1.5694323778152466,0.03002848383039236
PDEL,-0.012943781912326813,1.3323154747486115,0.040538824163377285
PDEL,-0.012890402227640152,1.4243777096271515,0.03613276407122612
PDEL,-0.012943781912326813,1.451253354549408,0.03446131572127342
PDEL,-0.012943778187036514,1.5695504248142242,0.028341506142169237
PDEL,-0.0163252055644989,1.3323154747486115,0.040538824163377285
PDEL,-0.016271822154521942,1.4243777096271515,0.03613276407122612
PDEL,-0.016271822154521942,1.4369800388813019,0.03543984517455101
PDEL,-0.0163252055644989,1.451253354549408,0.03446131572127342
PDEL,-0.0163252055644989,1.5695504248142242,0.028341506142169237
PDEL,-0.011289108544588089,1.439190000295639,0.034952783957123756
PDEL,-0.011182345449924469,1.4348332285881042,0.035931335762143135
PDEL,-0.01123572513461113,1.4368935525417328,0.03712902404367924
PDEL,-0.011235728859901428,1.4371296763420105,0.033755095675587654
PDEL,-0.003640390932559967,1.4388731718063354,0.03510840330272913
PDEL,-0.0035706982016563416,1.435399979352951,0.035763285122811794
PDEL,-0.0036055445671081543,1.4370675683021545,0.036851667799055576
PDEL,-0.0036055445671081543,1.437205582857132,0.03402002062648535
PDER,-0.2645905390381813,1.4414987564086914,0.2004868984222412
PDER,-0.26180295646190643,1.4401201009750366,0.20101474598050117
PDER,-0.262934185564518,1.4373295605182648,0.20103634521365166
PDER,-0.26572176814079285,1.4387082159519196,0.2005084976553917
PDER,-0.23177040368318558,1.440902203321457,0.13202108070254326
PDER,-0.2291138507425785,1.4409173727035522,0.13360056467354298
PDER,-0.2291138507425785,1.4380508065223694,0.13362815603613853
PDER,-0.23177040368318558,1.438035637140274,0.13204867206513882
PDER,-0.16755781322717667,1.4401864409446716,0.05799479642882943
PDER,-0.1657567098736763,1.44020876288414,0.06031471909955144
PDER,-0.1657567098736763,1.4373487532138824,0.06034224620088935
PDER,-0.16755781322717667,1.437326431274414,0.05802232353016734
PDER,-0.07986152917146683,1.4391899108886719,0.032378916162997484
PDER,-0.07926967740058899,1.438544750213623,0.03430235432460904
PDER,-0.07927783206105232,1.4365345239639282,0.033826025668531656
PDER,-0.07986968383193016,1.437179684638977,0.0319025875069201
PDER,-0.0163252055644989,-2.456262528896332,0.15974083542823792
PDER,-0.01294378936290741,-2.456262528896332,0.15974083542823792
PDER,-0.014634497463703156,-2.4560065269470215,0.16141122579574585
PDER,-0.014634497463703156,-2.456518530845642,0.15807044506072998
PDER,-0.014634497463703156,-2.2918511629104614,0.04503148794174194
PDER,-0.014634497463703156,-2.2912349700927734,0.0483563095331192
PDER,-0.01294378936290741,-2.2915430665016174,0.04669389873743057
PDER,-0.0163252055644989,-2.2915430665016174,0.04669389873743057
PDER,-0.0163252055644989,-2.1257928609848022,-0.06824921816587448
PDER,-0.01294378936290741,-2.1257928609848022,-0.06824921816587448
PDER,-0.014634497463703156,-2.1254849433898926,-0.06658680737018585
PDER,-0.014634497463703156,-2.126100778579712,-0.06991162896156311
PDER,-0.014634497463703156,-1.8893596529960632,-0.2316971719264984
PDER,-0.014634497463703156,-1.8887439370155334,-0.22837230563163757
PDER,-0.01294378936290741,-1.8890517950057983,-0.230034738779068
PDER,-0.0163252055644989,-1.8890517950057983,-0.230034738779068
PDER,-0.0163252055644989,-1.6522178649902344,-0.3883688524365425
PDER,-0.01294378936290741,-1.6522178649902344,-0.3883688524365425
PDER,-0.014634497463703156,-1.65190988779068,-0.3867064267396927
PDER,-0.014634497463703156,-1.6525258421897888,-0.39003127813339233
PDER,-0.014634497463703156,-1.4917335510253906,-0.4718891382217407
PDER,-0.014634497463703156,-1.4911177158355713,-0.4685642719268799
PDER,-0.01294378936290741,-1.491425633430481,-0.4702267050743103
PDER,-0.0163252055644989,-1.491425633430481,-0.4702267050743103
PDER,-0.0163252055644989,-1.269742637872696,-0.5708702951669693
PDER,-0.01294378936290741,-1.269742637872696,-0.5708702951669693
PDER,-0.014634497463703156,-1.2694347500801086,-0.5692078769207001
PDER,-0.014634497463703156,-1.2700505256652832,-0.5725327134132385
PDER,-0.014634497463703156,-1.104424238204956,-0.622750997543335
PDER,-0.014634497463703156,-1.104008436203003,-0.6194012463092804
PDER,-0.01294378936290741,-1.1042163372039795,-0.6210761219263077
PDER,-0.0163252055644989,-1.1042163372039795,-0.6210761219263077
PDER,-0.0163252055644989,-0.9325027465820312,-0.6534331738948822
PDER,-0.01294378936290741,-0.9325027465820312,-0.6534331738948822
PDER,-0.014634497463703156,-0.932394802570343,-0.6517458856105804
PDER,-0.014634497463703156,-0.9326106905937195,-0.655120462179184
PDER,-0.014634497463703156,-0.6874630153179169,-0.6704001128673553
PDER,-0.014634497463703156,-0.6872470676898956,-0.6670256555080414
PDER,-0.01294378936290741,-0.6873550415039062,-0.6687128841876984
PDER,-0.0163252055644989,-0.6873550415039062,-0.6687128841876984
PDER,-0.0163252055644989,-0.5023750215768814,-0.6646796017885208
PDER,-0.01294378936290741,-0.5023750215768814,-0.6646796017885208
PDER,-0.014634497463703156,-0.5026156008243561,-0.6630436182022095
PDER,-0.014634497463703156,-0.5021344423294067,-0.6663155853748322
PDER,-0.014634497463703156,-0.2524898983538151,-0.5971043705940247
PDER,-0.014634497463703156,-0.2535092197358608,-0.5938845872879028
PDER,-0.01294378936290741,-0.25299955904483795,-0.5954944789409637
PDER,-0.0163252055644989,-0.25299955904483795,-0.5954944789409637
PDER,-0.0163252055644989,0.0016887523233890533,-0.5165756791830063
PDER,-0.01294378936290741,0.0016887523233890533,-0.5165756791830063
PDER,-0.014634497463703156,0.0012585259974002838,-0.5149406790733337
PDER,-0.014634497463703156,0.002118978649377823,-0.5182106792926788
PDER,-0.014634497463703156,0.18031055480241776,-0.4287338852882385
PDER,-0.014634497463703156,0.1795715093612671,-0.4254365414381027
PDER,-0.01294378936290741,0.17994103208184242,-0.4270852133631706
PDER,-0.0163252055644989,0.17994103208184242,-0.4270852133631706
PDER,-0.03039345145225525,0.3409305140376091,-0.32935211062431335
PDER,-0.02768395096063614,0.3422797843813896,-0.32935210317373276
PDER,-0.028701413422822952,0.34119606018066406,-0.32778874784708023
PDER,-0.029375988990068436,0.34201423823833466,-0.3309154659509659
PDER,-0.0163252055644989,0.870355099439621,-0.01240984071046114
PDER,-0.012943781912326813,0.870355099439621,-0.01240984071046114
PDER,-0.014634490013122559,0.8701335787773132,-0.010733498260378838
PDER,-0.014634497463703156,0.8705766201019287,-0.014086183160543442
PDER,-0.016288675367832184,1.7107780873775482,0.016785746440291405
PDER,-0.012907244265079498,1.7107780873775482,0.016785746440291405
PDER,-0.014597959816455841,1.7109694480895996,0.018436855636537075
PDER,-0.014597959816455841,1.7105867266654968,0.015134637244045734
PDER,-0.014634493738412857,2.1188949942588806,-0.09743492491543293
PDER,-0.014634493738412857,2.119436025619507,-0.09412902034819126
PDER,-0.012943781912326813,2.1191655099391937,-0.0957819726318121
PDER,-0.0163252055644989,2.1191655099391937,-0.0957819726318121
PDER,-0.0163252055644989,2.5270074605941772,-0.20877128466963768
PDER,-0.01294378936290741,2.5270074605941772,-0.20877128466963768
PDER,-0.014634497463703156,2.5270363092422485,-0.2070804089307785
PDER,-0.014634497463703156,2.526978611946106,-0.21046216040849686
PDER,-0.014634497463703156,2.697790503501892,-0.234331913292408
PDER,-0.014634497463703156,2.697825312614441,-0.2309497594833374
PDER,-0.01294378936290741,2.6978079080581665,-0.2326408363878727
PDER,-0.0163252055644989,2.6978079080581665,-0.2326408363878727
PDER,-0.0163252055644989,2.862370550632477,-0.2525132894515991
PDER,-0.01294378936290741,2.862370550632477,-0.2525132894515991
PDER,-0.014634497463703156,2.862388014793396,-0.2508222460746765
PDER,-0.014634497463703156,2.8623530864715576,-0.25420433282852173
PDER,-0.014634497463703156,3.0340481996536255,-0.261626735329628
PDER,-0.014634497463703156,3.0340832471847534,-0.25824470818042755
PDER,-0.01294378936290741,3.0340657234191895,-0.25993572175502777
PDER,-0.0163252055644989,3.0340657234191895,-0.25993572175502777
PDER,-0.0163252055644989,3.202137529850006,-0.2626577839255333
PDER,-0.01294378936290741,3.202137529850006,-0.2626577839255333
PDER,-0.014634497463703156,3.2021549940109253,-0.2609667181968689
PDER,-0.014634497463703156,3.202120065689087,-0.2643488496541977
PDER,-0.014634497463703156,3.3677200078964233,-0.24678705632686615
PDER,-0.014634497463703156,3.3675103187561035,-0.2434200868010521
PDER,-0.01294378936290741,3.3676151633262634,-0.24510357156395912
PDER,-0.0163252055644989,3.3676151633262634,-0.24510357156395912
PDER,-0.0163252055644989,3.5304908752441406,-0.22215354815125465
PDER,-0.01294378936290741,3.5304908752441406,-0.22215354815125465
PDER,-0.014634497463703156,3.5302637815475464,-0.22047773003578186
PDER,-0.014634497463703156,3.530717968940735,-0.22382936626672745
PDER,-0.014634497463703156,3.6475601196289062,-0.17475886642932892
PDER,-0.014634497463703156,3.647081971168518,-0.17141073197126389
PDER,-0.01294378936290741,3.647321045398712,-0.1730847992002964
PDER,-0.0163252055644989,3.647321045398712,-0.1730847992002964
PDER,-0.0163252055644989,3.7547064423561096,-0.126477412879467
PDER,-0.01294378936290741,3.7547064423561096,-0.126477412879467
PDER,-0.014634497463703156,3.7544552087783813,-0.12480513006448746
PDER,-0.014634497463703156,3.754957675933838,-0.12814969569444656
PDER,-0.014634497463703156,3.7683554887771606,-0.12117559462785721
PDER,-0.07536984607577324,0.39144259691238403,-0.276278056204319
PDER,-0.1198212020099163,0.4491298794746399,-0.22281917929649353
PDER,-0.13364345580339432,0.5199489891529083,-0.17288459464907646
PDER,-0.11894704215228558,0.590698167681694,-0.1370089277625084
PDER,-0.02057580277323723,0.7368110418319702,-0.09253111109137535
PDER,-0.016740422695875168,0.8130207657814026,-0.04340456426143646
PDER,-0.07411706261336803,0.3904649540781975,-0.2733191065490246
PDER,-0.11931757815182209,0.44763191789388657,-0.22003068402409554
PDER,-0.13370132073760033,0.5183738619089127,-0.1700354851782322
PDER,-0.11908406764268875,0.5897297859191895,-0.13386814668774605
PDER,-0.020286690443754196,0.7362446039915085,-0.0892692543566227
PDER,-0.01664404571056366,0.8125365674495697,-0.040082162246108055
PDER,-0.07367666810750961,0.39220665395259857,-0.27479858696460724
PDER,-0.1182580292224884,0.4490238428115845,-0.2212635725736618
PDER,-0.13217824324965477,0.5190598741173744,-0.17129869014024734
PDER,-0.11767389439046383,0.5895853936672211,-0.13543850928544998
PDER,-0.01888451725244522,0.7368168979883194,-0.09090016782283783
PDER,-0.015049517154693604,0.8128749877214432,-0.04174336418509483
PDER,-0.07581024058163166,0.38970089703798294,-0.27479857578873634
PDER,-0.12088075093924999,0.447737954556942,-0.22158629074692726
PDER,-0.13516653329133987,0.5192629769444466,-0.1716213896870613
PDER,-0.1203572154045105,0.5908425599336624,-0.13543856516480446
PDER,-0.021977975964546204,0.7362387478351593,-0.09090019762516022
PDER,-0.018334951251745224,0.8126823455095291,-0.041743362322449684
PDER,-0.08103800378739834,0.6370558738708496,-0.11860333755612373
PDER,-0.040376950055360794,0.6754259169101715,-0.11446291394531727
PDER,-0.08117225021123886,0.6362694352865219,-0.11541714146733284
PDER,-0.04016471281647682,0.674758717417717,-0.11124648153781891
PDER,-0.07982821203768253,0.6360655426979065,-0.11701015941798687
PDER,-0.038846034556627274,0.6751502901315689,-0.11285464838147163
PDER,-0.08238204196095467,0.637259766459465,-0.1170103196054697
PDER,-0.04169562831521034,0.6750343441963196,-0.11285474710166454
PDER,-0.014634497463703156,-2.47909414768219,0.17366789281368256
PDER,-0.2613481283187866,1.43786159157753,0.27411986142396927
PDER,-0.2838534712791443,1.4378615617752075,0.27411986142396927
PDER,-0.27260079979896545,1.4525098204612732,0.2741200476884842
PDER,-0.27260079979896545,1.4232133328914642,0.27411967515945435
PDER,-0.27260079979896545,1.4378616511821747,0.2918175011873245
PDER,-0.27260081470012665,1.4290416836738586,0.25642211735248566
PDER,-0.27260081470012665,1.4466813802719116,0.25642234086990356
PDER,-0.2793760895729065,1.4378615319728851,0.2564222291111946
PDER,-0.2658255398273468,1.4378615319728851,0.2564222291111946
PDER,-0.2700740471482277,1.4384025931358337,0.23992369696497917
PDER,-0.2748352810740471,1.4383751153945923,0.23993202671408653
PDER,-0.2725551128387451,1.4412819743156433,0.23992372676730156
PDER,-0.27235421538352966,1.4354957342147827,0.23993199691176414
PDER,-0.014578305184841156,1.424202024936676,0.03449205122888088
PDER,-0.014541789889335632,1.4370981454849243,0.033752843737602234
PDER,-0.014488406479358673,1.4513714909553528,0.03277429938316345
PDER,-0.014578301459550858,1.4239939451217651,0.037867359817028046
PDER,-0.01454179361462593,1.436862051486969,0.037126773968338966
PDER,-0.01448841392993927,1.4511353373527527,0.03614825941622257
PDER,-0.016269013285636902,1.4240979850292206,0.036179705522954464
PDER,-0.016179122030735016,1.4512534141540527,0.03446127939969301
PDER,-0.012887593358755112,1.4240979850292206,0.036179705522954464
PDER,-0.012851081788539886,1.4369800984859467,0.0354398088529706
PDER,-0.012797698378562927,1.4512534141540527,0.03446127939969301
PDER,-0.01783379539847374,1.4391900599002838,0.03495274856686592
PDER,-0.01794055849313736,1.434833288192749,0.03593129850924015
PDER,-0.0178871788084507,1.4368936419487,0.03712898679077625
PDER,-0.0178871750831604,1.4371297061443329,0.03375506028532982
PDER,-0.02548251301050186,1.4388732612133026,0.03510836884379387
PDER,-0.025552205741405487,1.4354000687599182,0.035763248801231384
PDER,-0.025517359375953674,1.437067687511444,0.03685163240879774
PDER,-0.025517359375953674,1.4372056424617767,0.03401998523622751
PDER,-0.014524918049573898,1.5691300630569458,0.026646162383258343
PDER,-0.014524921774864197,1.5688939690589905,0.030020113103091717
PDER,-0.01621563360095024,1.5690120160579681,0.02833313774317503
PDER,-0.012834206223487854,1.5690120160579681,0.02833313774317503
PDER,-0.0163252055644989,1.0137430280447006,0.016158990561962128
PDER,-0.012943781912326813,1.0137430280447006,0.016158990561962128
PDER,-0.014634490013122559,1.013521522283554,0.017835339531302452
PDER,-0.014634497463703156,1.0139645338058472,0.014482641592621803
PDER,-0.0163252055644989,1.1654963791370392,0.04046581592410803
PDER,-0.012943781912326813,1.1654963791370392,0.04046581592410803
PDER,-0.014634490013122559,1.1653545498847961,0.04214887507259846
PDER,-0.014634497463703156,1.1656382083892822,0.0387827567756176
PDER,-0.0163252055644989,1.250241756439209,0.04276512749493122
PDER,-0.012943781912326813,1.250241756439209,0.04276512749493122
PDER,-0.014634490013122559,1.2501795887947083,0.0444549024105072
PDER,-0.014634497463703156,1.2503039240837097,0.04107535257935524
PDER,-0.016288675367832184,1.3585883378982544,0.03910502605140209
PDER,-0.012907251715660095,1.3585883378982544,0.03910502605140209
PDER,-0.014597959816455841,1.3585122227668762,0.040794091299176216
PDER,-0.014597967267036438,1.3586644530296326,0.03741596080362797
Pharyn-Intest-Valve,0.06468109600245953,-2.3662020564079285,0.31774554401636124
Pharyn-Intest-Valve,0.06468109413981438,-2.360360622406006,0.39640457928180695
Pharyn-Intest-Valve,0.019278001505881548,-2.3570690155029297,0.44072791188955307
Pharyn-Intest-Valve,-0.06138499593362212,-2.3570690155029297,0.4407279044389725
Pharyn-Intest-Valve,-0.10678807646036148,-2.360360622406006,0.39640457183122635
Pharyn-Intest-Valve,-0.10678807646036148,-2.3662020564079285,0.31774555891752243
Pharyn-Intest-Valve,-0.061385005712509155,-2.36949360370636,0.2734222263097763
Pharyn-Intest-Valve,0.019277993589639664,-2.36949360370636,0.2734222114086151
Pharyn-Intest-Valve,0.0658492911607027,-2.341251850128174,0.3092518225312233
Pharyn-Intest-Valve,0.06584928929805756,-2.335126280784607,0.3917366787791252
Pharyn-Intest-Valve,0.020406837575137615,-2.331760823726654,0.4370543509721756
Pharyn-Intest-Valve,-0.062305119819939137,-2.331760823726654,0.437054343521595
Pharyn-Intest-Valve,-0.10774755850434303,-2.335126280784607,0.3917366713285446
Pharyn-Intest-Valve,-0.10774755850434303,-2.341251850128174,0.3092518299818039
Pharyn-Intest-Valve,-0.06230512959882617,-2.344617187976837,0.2639341577887535
Pharyn-Intest-Valve,0.02040682965889573,-2.344617187976837,0.2639341503381729
Pharyn-Intest-Valve,0.020887478720396757,-2.364753842353821,0.3316594138741493
Pharyn-Intest-Valve,0.020887478720396757,-2.362124502658844,0.3670652508735657
Pharyn-Intest-Valve,-0.004217155743390322,-2.3602652549743652,0.3921009600162506
Pharyn-Intest-Valve,-0.03972047148272395,-2.3602652549743652,0.39210095256567
Pharyn-Intest-Valve,-0.06482510268688202,-2.362124502658844,0.3670652434229851
Pharyn-Intest-Valve,-0.06482510268688202,-2.364753842353821,0.3316594213247299
Pharyn-Intest-Valve,-0.0397204770706594,-2.366613030433655,0.3066237270832062
Pharyn-Intest-Valve,-0.004217161331325769,-2.366613030433655,0.3066237196326256
Pharyn-Intest-Valve,-0.010113161988556385,-2.316834330558777,0.3145025223493576
Pharyn-Intest-Valve,-0.010113161988556385,-2.3162325620651245,0.3239024356007576
Pharyn-Intest-Valve,-0.016774031333625317,-2.315807044506073,0.3305491805076599
Pharyn-Intest-Valve,-0.026193924248218536,-2.315807044506073,0.3305491805076599
Pharyn-Intest-Valve,-0.032854794058948755,-2.3162325620651245,0.3239024356007576
Pharyn-Intest-Valve,-0.032854794058948755,-2.316834330558777,0.3145025223493576
Pharyn-Intest-Valve,-0.0261939256452024,-2.3172597885131836,0.3078557699918747
Pharyn-Intest-Valve,-0.01677403273060918,-2.3172597885131836,0.3078557699918747
Pharyn-Intest-Valve,0.00545041449368,-2.3463658690452576,0.328945055603981
Pharyn-Intest-Valve,-0.0045087807811796665,-2.332988739013672,0.32481571286916733
Pharyn-Intest-Valve,0.00545041449368,-2.344694674015045,0.3514110669493675
Pharyn-Intest-Valve,-0.0045087807811796665,-2.331951677799225,0.3386528640985489
Pharyn-Intest-Valve,-0.010479331947863102,-2.343513011932373,0.3672969415783882
Pharyn-Intest-Valve,-0.014320555841550231,-2.331218421459198,0.34843721240758896
Pharyn-Intest-Valve,-0.03300739824771881,-2.343513011932373,0.3672969341278076
Pharyn-Intest-Valve,-0.028196501545608044,-2.331218421459198,0.34843720495700836
Pharyn-Intest-Valve,-0.04893714562058449,-2.344694674015045,0.3514110594987869
Pharyn-Intest-Valve,-0.03800827683880925,-2.331951677799225,0.3386528566479683
Pharyn-Intest-Valve,-0.04893714562058449,-2.3463658690452576,0.3289450705051422
Pharyn-Intest-Valve,-0.03800827683880925,-2.332988739013672,0.3248157203197479
Pharyn-Intest-Valve,-0.03300740197300911,-2.3475475311279297,0.3130592107772827
Pharyn-Intest-Valve,-0.028196503408253193,-2.3337220549583435,0.31503137946128845
Pharyn-Intest-Valve,-0.0104793356731534,-2.3475475311279297,0.3130591958761215
Pharyn-Intest-Valve,-0.01432055770419538,-2.3337220549583435,0.31503137201070786
Pharyn-Intest-Valve,0.05255184043198824,-2.3175347447395325,0.2986006438732147
Pharyn-Intest-Valve,0.05255183856934309,-2.312062084674835,0.3722935691475868
Pharyn-Intest-Valve,0.015175392851233482,-2.3092939853668213,0.4095673933625221
Pharyn-Intest-Valve,-0.0587204210460186,-2.3092939853668213,0.40956738591194153
Pharyn-Intest-Valve,-0.09609685651957989,-2.312062084674835,0.3722935616970062
Pharyn-Intest-Valve,-0.09609685651957989,-2.3175347447395325,0.2986006438732147
Pharyn-Intest-Valve,-0.058720428962260485,-2.320302724838257,0.2613268196582794
Pharyn-Intest-Valve,0.015175386797636747,-2.320302724838257,0.2613268196582794
Pharyn-Intest-Valve,0.016898405738174915,-2.2876800894737244,0.28494471311569214
Pharyn-Intest-Valve,0.016898405738174915,-2.2851560711860657,0.320144347846508
Pharyn-Intest-Valve,-0.0037508951500058174,-2.283711075782776,0.3402964621782303
Pharyn-Intest-Valve,-0.039818959310650826,-2.283711075782776,0.3402964621782303
Pharyn-Intest-Valve,-0.060468255542218685,-2.2851560711860657,0.320144347846508
Pharyn-Intest-Valve,-0.060468255542218685,-2.2876800894737244,0.28494471311569214
Pharyn-Intest-Valve,-0.039818964432924986,-2.289125084877014,0.2647925838828087
Pharyn-Intest-Valve,-0.003750900272279978,-2.289125084877014,0.2647925838828087
Pharyn-Intest-Valve,0.035114537458866835,-2.3007894158363342,0.2912303954362869
Pharyn-Intest-Valve,0.024817459750920534,-2.2914342880249023,0.28679850697517395
Pharyn-Intest-Valve,0.03511453652754426,-2.296716332435608,0.3460770696401596
Pharyn-Intest-Valve,0.024817459750920534,-2.288231611251831,0.32992463558912277
Pharyn-Intest-Valve,0.006428838241845369,-2.2946160435676575,0.3743586465716362
Pharyn-Intest-Valve,0.0005524312146008015,-2.286458730697632,0.35379767417907715
Pharyn-Intest-Valve,-0.0491753201931715,-2.2946160435676575,0.3743586391210556
Pharyn-Intest-Valve,-0.043298912700265646,-2.286458730697632,0.35379766672849655
Pharyn-Intest-Valve,-0.0778610110282898,-2.296716332435608,0.3460770547389984
Pharyn-Intest-Valve,-0.06756393425166607,-2.288231611251831,0.3299246206879616
Pharyn-Intest-Valve,-0.0778610110282898,-2.3007894158363342,0.29123038798570633
Pharyn-Intest-Valve,-0.06756393425166607,-2.2914342880249023,0.28679849952459335
Pharyn-Intest-Valve,-0.049175326246768236,-2.30288964509964,0.26294881850481033
Pharyn-Intest-Valve,-0.043298918288201094,-2.2932071685791016,0.262925460934639
Pharyn-Intest-Valve,0.006428833119571209,-2.30288964509964,0.26294881850481033
Pharyn-Intest-Valve,0.0005524256266653538,-2.2932071685791016,0.262925460934639
Pharyn-Intest-Valve,-0.018266866682097316,-2.296632468700409,0.3129323571920395
Pharyn-Intest-Valve,-0.025486874859780073,-2.296632468700409,0.3129323571920395
Pharyn-Intest-Valve,-0.03019992634654045,-2.2969090342521667,0.3082277327775955
Pharyn-Intest-Valve,-0.013553814962506294,-2.2969090342521667,0.3082277327775955
Pharyn-Intest-Valve,-0.013553814962506294,-2.297341227531433,0.30102116614580154
Pharyn-Intest-Valve,-0.01826686761341989,-2.297617733478546,0.296316534280777
Pharyn-Intest-Valve,-0.025486875791102648,-2.297617733478546,0.296316534280777
Pharyn-Intest-Valve,-0.03019992634654045,-2.297341227531433,0.30102116614580154
Pharyn-Intest-Valve,0.002611676463857293,-2.287133753299713,0.2882796823978424
Pharyn-Intest-Valve,0.002611676463857293,-2.2856205701828003,0.3100680932402611
Pharyn-Intest-Valve,-0.01041131722740829,-2.28475421667099,0.3225421607494354
Pharyn-Intest-Valve,-0.03315853700041771,-2.28475421667099,0.3225421607494354
Pharyn-Intest-Valve,-0.04618152882903814,-2.2856205701828003,0.3100680932402611
Pharyn-Intest-Valve,-0.04618152882903814,-2.287133753299713,0.2882796823978424
Pharyn-Intest-Valve,-0.03315853979438543,-2.2880000472068787,0.27580559998750687
Pharyn-Intest-Valve,-0.010411320021376014,-2.2880000472068787,0.27580559998750687
Pharyn-Intest-Valve,-0.010382206412032247,-2.286570429801941,0.29262758046388626
Pharyn-Intest-Valve,-0.013922673650085926,-2.2865012884140015,0.29397154599428177
Pharyn-Intest-Valve,-0.010382206412032247,-2.28581839799881,0.30304548889398575
Pharyn-Intest-Valve,-0.013922673650085926,-2.2859694361686707,0.30122436583042145
Pharyn-Intest-Valve,-0.016469019232317805,-2.2853877544403076,0.3090098351240158
Pharyn-Intest-Valve,-0.018119572661817074,-2.285664916038513,0.30537667125463486
Pharyn-Intest-Valve,-0.027100834995508194,-2.2853877544403076,0.3090098351240158
Pharyn-Intest-Valve,-0.02545028179883957,-2.285664916038513,0.30537667125463486
Pharyn-Intest-Valve,-0.03318764641880989,-2.28581839799881,0.30304548889398575
Pharyn-Intest-Valve,-0.029647178947925568,-2.2859694361686707,0.30122436583042145
Pharyn-Intest-Valve,-0.03318764641880989,-2.286570429801941,0.29262758046388626
Pharyn-Intest-Valve,-0.029647178947925568,-2.2865012884140015,0.29397154599428177
Pharyn-Intest-Valve,-0.02710083592683077,-2.2870009541511536,0.286663219332695
Pharyn-Intest-Valve,-0.025450282264500856,-2.286805748939514,0.28981923311948776
Pharyn-Intest-Valve,-0.01646902016364038,-2.2870009541511536,0.286663219332695
Pharyn-Intest-Valve,-0.01811957312747836,-2.286805748939514,0.28981923311948776
Pharyn-Intest-Valve,0.03967714821919799,-2.3772705793380737,0.329098179936409
Pharyn-Intest-Valve,0.055448888801038265,-2.377901315689087,0.3223908767104149
Pharyn-Intest-Valve,0.055448886938393116,-2.3726489543914795,0.3931182697415352
Pharyn-Intest-Valve,0.039677147287875414,-2.3732796907424927,0.3828389570116997
Pharyn-Intest-Valve,0.014385947026312351,-2.369678795337677,0.43311336636543274
Pharyn-Intest-Valve,0.004975557792931795,-2.370709717273712,0.41744525730609894
Pharyn-Intest-Valve,-0.05832357332110405,-2.369678795337677,0.43311335146427155
Pharyn-Intest-Valve,-0.04891318455338478,-2.370709717273712,0.41744524240493774
Pharyn-Intest-Valve,-0.09938650205731392,-2.3726489543914795,0.393118254840374
Pharyn-Intest-Valve,-0.08361476473510265,-2.3732796907424927,0.3828389421105385
Pharyn-Intest-Valve,-0.09938650205731392,-2.377901315689087,0.3223908841609955
Pharyn-Intest-Valve,-0.08361476473510265,-2.3772705793380737,0.329098179936409
Pharyn-Intest-Valve,-0.05832358216866851,-2.3808714747428894,0.28239578753709793
Pharyn-Intest-Valve,-0.04891319200396538,-2.3798405528068542,0.29449188709259033
Pharyn-Intest-Valve,0.014385940041393042,-2.3808714747428894,0.28239578008651733
Pharyn-Intest-Valve,0.004975551273673773,-2.3798405528068542,0.29449188709259033
RICL,0.056361906230449677,-2.5975064039230347,0.35621418058872223
RICL,0.05636190064251423,-2.599039673805237,0.3730001151561737
RICL,0.06478981487452984,-2.5982730388641357,0.36460714787244797
RICL,0.04793399199843407,-2.5982730388641357,0.36460714787244797
RICL,0.056361906230449677,-2.589880108833313,0.36537380516529083
RICL,0.05134195927530527,-2.6068074107170105,0.36382756382226944
RICL,0.06138184666633606,-2.6068074107170105,0.36382756382226944
RICL,0.0563619015738368,-2.6072640419006348,0.368826687335968
RICL,0.05636190436780453,-2.6063507795333862,0.35882844030857086
RICL,0.05577441304922104,-2.6102429032325745,0.359383724629879
RICL,0.055510793812572956,-2.611190438270569,0.362362876534462
RICL,0.05721417535096407,-2.6109686493873596,0.3608733043074608
RICL,0.054071031510829926,-2.6104646921157837,0.3608732968568802
RICL,0.05006588902324438,-2.622930586338043,0.3464140146970749
RICL,0.05274584703147411,-2.623812675476074,0.3464140295982361
RICL,0.051175166852772236,-2.624072551727295,0.3476163446903229
RICL,0.05163656920194626,-2.6226707100868225,0.3452116996049881
RICL,0.04365629889070988,-2.6427037119865417,0.31644289195537567
RICL,0.04326073080301285,-2.6441568732261658,0.3183086961507797
RICL,0.04460730403661728,-2.643801689147949,0.31732577085494995
RICL,0.042309725657105446,-2.6430588960647583,0.31742581725120544
RICL,0.012877225875854492,-2.6646600365638733,0.2818662077188492
RICL,0.015174808911979198,-2.665393590927124,0.28184934705495834
RICL,0.013828233815729618,-2.6656326055526733,0.2828441485762596
RICL,0.014223800972104073,-2.664421021938324,0.2808714061975479
RICL,-0.01312241517007351,-2.6778910756111145,0.2625824734568596
RICL,-0.013517981395125389,-2.6777896881103516,0.26482077687978745
RICL,-0.012171408161520958,-2.6781387329101562,0.26389412581920624
RICL,-0.01446898840367794,-2.67754203081131,0.2635091245174408
RICL,-0.01878277212381363,-2.6885311603546143,0.27340321987867355
RICL,-0.016485193744301796,-2.6888864636421204,0.27406102418899536
RICL,-0.017831765115261078,-2.6880944967269897,0.27473899722099304
RICL,-0.017436200752854347,-2.689323127269745,0.2727252468466759
RICL,-0.019283665344119072,-2.705518066883087,0.2930204048752785
RICL,-0.019679229706525803,-2.703868269920349,0.29473715275526047
RICL,-0.01833265647292137,-2.704796552658081,0.29424163699150085
RICL,-0.020630238577723503,-2.7045897841453552,0.2935159206390381
RICL,-0.02038758061826229,-2.7192795872688293,0.33029842376708984
RICL,-0.018138175830245018,-2.719189703464508,0.33019621670246124
RICL,-0.019413655623793602,-2.718198299407959,0.3307415246963501
RICL,-0.019112100824713707,-2.7202709913253784,0.329753115773201
RICL,-0.02108391746878624,-2.7536853551864624,0.5340517163276672
RICL,-0.007560199126601219,-2.751791775226593,0.531273365020752
RICL,-0.03460763767361641,-2.751791775226593,0.531273365020752
RICL,-0.007560199126601219,-2.754893124103546,0.5309138596057892
RICL,-0.03460763767361641,-2.754893124103546,0.5309138596057892
RICL,-0.0072502028197050095,-2.7535146474838257,0.5325793474912643
RICL,-0.03491763398051262,-2.7535146474838257,0.5325793474912643
RICL,-0.007870195433497429,-2.7531702518463135,0.5296078771352768
RICL,-0.0342976413667202,-2.7531702518463135,0.5296078771352768
RICL,0.016686825081706047,-2.751326560974121,0.5182775855064392
RICL,-0.058854663744568825,-2.751326560974121,0.5182775855064392
RICL,0.018312735948711634,-2.7516499757766724,0.520821750164032
RICL,-0.060480570420622826,-2.7516499757766724,0.520821750164032
RICL,0.017473564483225346,-2.753013551235199,0.5193768441677094
RICL,-0.0596414003521204,-2.753013551235199,0.5193768441677094
RICL,0.017525996547192335,-2.7499629855155945,0.5197224915027618
RICL,-0.05969383381307125,-2.7499629855155945,0.5197224915027618
RICL,0.03678965615108609,-2.746820390224457,0.4982234016060829
RICL,-0.07895749062299728,-2.746820390224457,0.4982234016060829
RICL,0.03662958741188049,-2.7497567534446716,0.4979314059019089
RICL,-0.07879741862416267,-2.7497567534446716,0.4979314059019089
RICL,0.03785327868536115,-2.7484441995620728,0.4989490881562233
RICL,-0.08002110943198204,-2.7484441995620728,0.4989490881562233
RICL,0.03556596487760544,-2.7481329441070557,0.4972057193517685
RICL,-0.07773379981517792,-2.7481329441070557,0.4972057193517685
RICL,0.04576748237013817,-2.7441729307174683,0.46973592042922974
RICL,-0.08793531730771065,-2.7441729307174683,0.46973592042922974
RICL,0.048460355028510094,-2.7444721460342407,0.4702732339501381
RICL,-0.09062818437814713,-2.7444721460342407,0.4702732339501381
RICL,0.04698407556861639,-2.745733618736267,0.4699128493666649
RICL,-0.08915190771222115,-2.745733618736267,0.4699128493666649
RICL,0.04724376183003187,-2.742911458015442,0.47009630501270294
RICL,-0.08941159397363663,-2.742911458015442,0.47009630501270294
RICL,0.04743613116443157,-2.7385254502296448,0.4397578090429306
RICL,-0.0896039642393589,-2.7385254502296448,0.4397578090429306
RICL,0.047123022377491,-2.7413476705551147,0.4397260695695877
RICL,-0.08929085731506348,-2.7413476705551147,0.4397260695695877
RICL,0.04857083410024643,-2.7400861978530884,0.4393182545900345
RICL,-0.09073866531252861,-2.7400861978530884,0.4393182545900345
RICL,0.04598831944167614,-2.739786922931671,0.4401656240224838
RICL,-0.08815615624189377,-2.739786922931671,0.4401656240224838
RICL,0.035916466265916824,-2.7359113097190857,0.4125301167368889
RICL,-0.0780843012034893,-2.7359113097190857,0.4125301167368889
RICL,0.037823840975761414,-2.7359861731529236,0.4105275273323059
RICL,-0.07999167591333389,-2.7359861731529236,0.4105275273323059
RICL,0.036722326185554266,-2.7373563647270203,0.41145892441272736
RICL,-0.07889015972614288,-2.7373563647270203,0.41145892441272736
RICL,0.03701798105612397,-2.734541118144989,0.41159871965646744
RICL,-0.07918581739068031,-2.734541118144989,0.41159871965646744
RICL,0.01458332734182477,-2.7315215468406677,0.3861157074570656
RICL,-0.060001157224178314,-2.731403112411499,0.38990073651075363
RICL,0.014406491536647081,-2.734223186969757,0.38574595004320145
RICL,-0.059693967923521996,-2.7342113256454468,0.38960327953100204
RICL,0.015300946310162544,-2.7327739000320435,0.3848387897014618
RICL,-0.06041967682540417,-2.73273241519928,0.38846641778945923
RICL,0.013688872568309307,-2.7329708337783813,0.38702286779880524
RICL,-0.05927544832229614,-2.732882022857666,0.39103759825229645
RICL,-0.048501500859856606,-2.731545150279999,0.38111207634210587
RICL,-0.009570715017616749,-2.730217695236206,0.3648708015680313
RICL,-0.009632246568799019,-2.727729380130768,0.36525703966617584
RICL,-0.008613305166363716,-2.7288278937339783,0.36434217542409897
RICL,-0.010589656420052052,-2.7291191816329956,0.3657856658101082
RICR,-0.03225268144160509,-2.729119300842285,0.3657856956124306
RICR,-0.034229032695293427,-2.7288280725479126,0.36434220522642136
RICR,-0.033210089430212975,-2.727729618549347,0.36525706946849823
RICR,-0.03327162470668554,-2.730217754840851,0.3648708313703537
RICR,0.005659157410264015,-2.7315452098846436,0.38111210614442825
RICR,0.016433123499155045,-2.732882082462311,0.39103762805461884
RICR,-0.0565312085673213,-2.732970893383026,0.3870229050517082
RICR,0.017577337101101875,-2.73273241519928,0.3884664475917816
RICR,-0.05814330093562603,-2.732774019241333,0.3848388269543648
RICR,0.01685163378715515,-2.7342113256454468,0.38960330933332443
RICR,-0.05724883731454611,-2.734223246574402,0.38574598729610443
RICR,0.01715882681310177,-2.731403172016144,0.389900766313076
RICR,-0.05742567218840122,-2.7315216660499573,0.38611574470996857
RICR,0.03634348139166832,-2.734541177749634,0.4115987494587898
RICR,-0.07986033335328102,-2.734541177749634,0.4115987718105316
RICR,0.036047834903001785,-2.7373563647270203,0.41145894676446915
RICR,-0.07956467941403389,-2.7373563647270203,0.41145897656679153
RICR,0.037149347364902496,-2.7359861731529236,0.4105275496840477
RICR,-0.0806661993265152,-2.7359861731529236,0.4105275794863701
RICR,0.03524196892976761,-2.7359113693237305,0.4125301465392113
RICR,-0.07875881344079971,-2.7359113693237305,0.41253016889095306
RICR,0.04531380906701088,-2.739786982536316,0.4401656463742256
RICR,-0.08883067034184933,-2.739786982536316,0.4401656687259674
RICR,0.04789634048938751,-2.740086317062378,0.4393182620406151
RICR,-0.09141319058835506,-2.740086257457733,0.43931830674409866
RICR,0.04644852876663208,-2.7413477301597595,0.4397260770201683
RICR,-0.08996537327766418,-2.7413477301597595,0.4397261142730713
RICR,0.04676162078976631,-2.7385255694389343,0.4397578313946724
RICR,-0.0902784876525402,-2.7385255098342896,0.4397578611969948
RICR,0.04656925052404404,-2.7429115772247314,0.47009631991386414
RICR,-0.09008611738681793,-2.7429115176200867,0.4700963497161865
RICR,0.046309567987918854,-2.7457337379455566,0.4699128642678261
RICR,-0.0898264218121767,-2.7457337379455566,0.46991288661956787
RICR,0.04778585582971573,-2.74447238445282,0.4702732488512993
RICR,-0.09130270779132843,-2.744472324848175,0.47027328610420227
RICR,0.04509296268224716,-2.7441729307174683,0.46973593533039093
RICR,-0.0886098314076662,-2.7441729307174683,0.4697359502315521
RICR,0.03489145264029503,-2.7481329441070557,0.4972057268023491
RICR,-0.07840830460190773,-2.7481329441070557,0.4972057491540909
RICR,0.03717876598238945,-2.748444378376007,0.4989491179585457
RICR,-0.08069564588367939,-2.748444378376007,0.4989491328597069
RICR,0.03595507889986038,-2.7497568130493164,0.49793142080307007
RICR,-0.07947194389998913,-2.7497568130493164,0.49793142825365067
RICR,0.0361151397228241,-2.7468205094337463,0.4982234239578247
RICR,-0.07963200658559799,-2.7468205094337463,0.4982234537601471
RICR,0.01685148850083351,-2.749963104724884,0.5197225362062454
RICR,-0.06036834139376879,-2.749963104724884,0.5197225511074066
RICR,0.016799066215753555,-2.7530136108398438,0.5193768739700317
RICR,-0.06031591538339853,-2.7530136108398438,0.5193768739700317
RICR,0.01763821393251419,-2.751650035381317,0.5208217948675156
RICR,-0.061155108734965324,-2.751650035381317,0.5208217948675156
RICR,0.016012340784072876,-2.7513266801834106,0.5182776153087616
RICR,-0.059529148042201996,-2.7513266801834106,0.5182776302099228
RICR,-0.008544694632291794,-2.753170371055603,0.5296079069375992
RICR,-0.034972140565514565,-2.753170371055603,0.5296079069375992
RICR,-0.007924731820821762,-2.7535147666931152,0.5325793772935867
RICR,-0.03559216111898422,-2.7535147666931152,0.5325793772935867
RICR,-0.008234713226556778,-2.7548932433128357,0.5309138894081116
RICR,-0.03528215084224939,-2.7548932433128357,0.5309138894081116
RICR,-0.008234713226556778,-2.7517918944358826,0.5312733948230743
RICR,-0.03528215084224939,-2.7517918944358826,0.5312733948230743
RICR,-0.021758444607257843,-2.753685474395752,0.5340517163276672
RICR,-0.023730242624878883,-2.7202709913253784,0.3297531455755234
RICR,-0.023428669199347496,-2.7181984186172485,0.3307415544986725
RICR,-0.02470414899289608,-2.719189763069153,0.33019624650478363
RICR,-0.0224547628313303,-2.719279646873474,0.33029845356941223
RICR,-0.02221209555864334,-2.70458984375,0.2935159504413605
RICR,-0.02450968325138092,-2.704796552658081,0.29424167424440384
RICR,-0.023163095116615295,-2.703868269920349,0.29473719000816345
RICR,-0.023558683693408966,-2.705518126487732,0.29302043467760086
RICR,-0.025406155735254288,-2.6893231868743896,0.27272529155015945
RICR,-0.025010567158460617,-2.6880944967269897,0.274739034473896
RICR,-0.026357155293226242,-2.6888864636421204,0.27406106889247894
RICR,-0.024059567600488663,-2.688531219959259,0.27340325713157654
RICR,-0.0283733569085598,-2.6775420904159546,0.2635091617703438
RICR,-0.030670927837491035,-2.6781387329101562,0.2638941779732704
RICR,-0.029324354603886604,-2.6777897477149963,0.26482081413269043
RICR,-0.02971993014216423,-2.6778910756111145,0.26258252561092377
RICR,-0.057066138833761215,-2.664421021938324,0.2808714509010315
RICR,-0.05667057819664478,-2.665632665157318,0.2828442007303238
RICR,-0.05801713652908802,-2.665393590927124,0.2818493992090225
RICR,-0.05571958050131798,-2.664660096168518,0.28186625242233276
RICR,-0.08515207841992378,-2.6430588960647583,0.3174258768558502
RICR,-0.08744965121150017,-2.643801689147949,0.31732581555843353
RICR,-0.08610307797789574,-2.6441568732261658,0.3183087483048439
RICR,-0.08649865165352821,-2.6427037119865417,0.31644294410943985
RICR,-0.0944789182394743,-2.6226707696914673,0.3452117592096329
RICR,-0.0940175112336874,-2.624072551727295,0.34761639684438705
RICR,-0.09558818489313126,-2.623812735080719,0.34641408175230026
RICR,-0.09290824458003044,-2.622930586338043,0.34641407430171967
RICR,-0.09691338799893856,-2.6104646921157837,0.36087335646152496
RICR,-0.10005648992955685,-2.6109687089920044,0.36087336391210556
RICR,-0.09835312888026237,-2.611190438270569,0.36236293613910675
RICR,-0.09861674904823303,-2.6102429628372192,0.3593837842345238
RICR,-0.09920423291623592,-2.6063507795333862,0.35882849991321564
RICR,-0.09920423291623592,-2.6072640419006348,0.3688267394900322
RICR,-0.10422418266534805,-2.6068074107170105,0.3638276234269142
RICR,-0.0941842831671238,-2.6068074107170105,0.3638276159763336
RICR,-0.09920423105359077,-2.589880108833313,0.365373857319355
RICR,-0.09077629446983337,-2.5982730388641357,0.36460719257593155
RICR,-0.10763216763734818,-2.5982730388641357,0.36460720747709274
RICR,-0.09920423105359077,-2.599039673805237,0.3730001598596573
RICR,-0.09920423105359077,-2.5975064039230347,0.356214240193367
RIH,-0.03487901855260134,-2.729737401008606,0.3781179338693619
RIH,-0.007288837339729071,-2.729737401008606,0.3781179338693619
RIH,-0.03470642492175102,-2.7325599789619446,0.3779144585132599
RIH,-0.007461432367563248,-2.7325599789619446,0.3779144585132599
RIH,-0.03499666787683964,-2.7310741543769836,0.3766275718808174
RIH,-0.007171188946813345,-2.7310741543769836,0.3766275718808174
RIH,-0.03458877559751272,-2.731223225593567,0.37940482050180435
RIH,-0.007579080760478973,-2.731223225593567,0.37940482050180435
RIH,-0.05927546415477991,-2.7328819632530212,0.3910374864935875
RIH,-0.06041969172656536,-2.73273241519928,0.3884662985801697
RIH,-0.05969398096203804,-2.734211266040802,0.3896031677722931
RIH,-0.06000117491930723,-2.731403112411499,0.3899006173014641
RIH,-0.0791858360171318,-2.734541118144989,0.4115986078977585
RIH,0.03701797500252724,-2.734541118144989,0.4115986078977585
RIH,-0.07889017462730408,-2.7373563051223755,0.4114588126540184
RIH,0.03672231826931238,-2.7373563051223755,0.4114588126540184
RIH,-0.07999169081449509,-2.7359861731529236,0.41052741557359695
RIH,0.03782383445650339,-2.7359861731529236,0.41052741557359695
RIH,-0.0780843198299408,-2.735911250114441,0.41253000497817993
RIH,0.03591645881533623,-2.735911250114441,0.41253000497817993
RIH,-0.08815617486834526,-2.739786922931671,0.44016551971435547
RIH,0.04598831292241812,-2.739786922931671,0.44016551971435547
RIH,-0.09073868580162525,-2.7400861978530884,0.43931815028190613
RIH,0.04857082851231098,-2.7400861978530884,0.43931815028190613
RIH,-0.08929087594151497,-2.7413476705551147,0.43972595781087875
RIH,0.047123015858232975,-2.7413476705551147,0.43972595781087875
RIH,-0.08960398472845554,-2.7385254502296448,0.43975771218538284
RIH,0.047436125576496124,-2.7385254502296448,0.43975771218538284
RIH,-0.08941161446273327,-2.742911458015442,0.4700962081551552
RIH,0.04724375531077385,-2.742911458015442,0.4700962081551552
RIH,-0.08915193192660809,-2.745733678340912,0.46991273760795593
RIH,0.046984072774648666,-2.745733678340912,0.46991273760795593
RIH,-0.09062820859253407,-2.7444722056388855,0.47027312964200974
RIH,0.048460351303219795,-2.7444722056388855,0.47027312964200974
RIH,-0.08793533779680729,-2.7441729307174683,0.4697358161211014
RIH,0.04576747678220272,-2.7441729307174683,0.4697358161211014
RIH,-0.07773381471633911,-2.748132884502411,0.49720562249422073
RIH,0.035565958358347416,-2.748132884502411,0.49720562249422073
RIH,-0.08002112992107868,-2.7484442591667175,0.49894899129867554
RIH,0.03785327263176441,-2.7484442591667175,0.49894899129867554
RIH,-0.07879743911325932,-2.7497567534446716,0.4979312941431999
RIH,0.036629581823945045,-2.7497567534446716,0.4979312941431999
RIH,-0.07895750552415848,-2.746820390224457,0.49822331964969635
RIH,0.03678964916616678,-2.746820390224457,0.49822331964969635
RIH,-0.059693844988942146,-2.7499629855155945,0.5197224169969559
RIH,0.017511226702481508,-2.7499629855155945,0.519721195101738
RIH,-0.059641411527991295,-2.753013491630554,0.5193767547607422
RIH,0.017488321755081415,-2.753013491630554,0.5193779915571213
RIH,-0.06048058345913887,-2.7516499757766724,0.520821675658226
RIH,0.0181918409653008,-2.7516499757766724,0.5208636522293091
RIH,-0.05885467305779457,-2.7513265013694763,0.518277496099472
RIH,0.016807707492262125,-2.7513265013694763,0.5182355344295502
RIH,0.026947625912725925,-2.733992576599121,0.3985763192176819
RIH,0.015765786170959473,-2.7327305674552917,0.39000947028398514
RIH,0.02838088572025299,-2.7338430285453796,0.39613375067710876
RIH,0.016870600637048483,-2.7325809597969055,0.38742074370384216
RIH,0.02752737794071436,-2.735321879386902,0.39718904346227646
RIH,0.01616231631487608,-2.7340598702430725,0.3885687366127968
RIH,0.016474070493131876,-2.7312516570091248,0.3888614773750305
RIH,-0.02900492399930954,-2.682200312614441,0.36480090022087097
RIH,-0.009004940278828144,-2.6822004318237305,0.36480090767145157
RIH,-0.019004932139068842,-2.6875494718551636,0.3563518077135086
RIH,-0.019004932139068842,-2.690649449825287,0.37014999985694885
RIH,-0.019004932139068842,-2.676851272583008,0.37325000017881393
RIH,0.026650071144104004,-2.7312391996383667,0.3967100456357002
RIH,0.027220976538956165,-2.7311660647392273,0.3987027183175087
RIH,0.028494296595454216,-2.7313275933265686,0.39656081050634384
RIH,0.029065201990306377,-2.731254458427429,0.3985534831881523
RIH,0.02707638032734394,-2.7267046570777893,0.3957592397928238
RIH,0.026457663625478745,-2.727617025375366,0.39447563886642456
RIH,0.025567936711013317,-2.726723551750183,0.39621517062187195
RIH,0.02494922000914812,-2.72763592004776,0.3949315696954727
RIH,0.02029754687100649,-2.7209722995758057,0.3881657049059868
RIH,0.021426748484373093,-2.719969153404236,0.38901856541633606
RIH,0.02157257590442896,-2.7212088108062744,0.38728371262550354
RIH,0.022701777517795563,-2.7202056646347046,0.3881365731358528
RIH,0.017390905879437923,-2.7082712054252625,0.3747090995311737
RIH,0.018721251748502254,-2.7075363993644714,0.3748660534620285
RIH,0.018411602824926376,-2.7090482115745544,0.3739943131804466
RIH,0.019741948693990707,-2.7083134055137634,0.3741512671113014
RIH,0.010174872353672981,-2.696583390235901,0.361113466322422
RIH,0.011168869212269783,-2.695667862892151,0.36036843806505203
RIH,0.01094985194504261,-2.697526454925537,0.36049992591142654
RIH,0.011943848803639412,-2.696610927581787,0.35975489765405655
RIH,-0.006524296477437019,-2.6891242265701294,0.3493523821234703
RIH,-0.005768918199464679,-2.6883506774902344,0.34824925661087036
RIH,-0.006530923768877983,-2.689928889274597,0.3484657183289528
RIH,-0.0057755454909056425,-2.689155340194702,0.34736259281635284
RIH,-0.017490361351519823,-2.683389365673065,0.3415212705731392
RIH,-0.01664013951085508,-2.683088183403015,0.3403043672442436
RIH,-0.01824310142546892,-2.6837185621261597,0.3404693678021431
RIH,-0.017392879584804177,-2.6834173798561096,0.33925246447324753
RIH,-0.01893095439299941,-2.672894835472107,0.34092526137828827
RIH,-0.017882023938000202,-2.6728126406669617,0.3397900238633156
RIH,-0.01984763750806451,-2.6727967262268066,0.3398820459842682
RIH,-0.0187987070530653,-2.6727145314216614,0.3387468084692955
RIH,-0.019004932371899486,-2.6707396507263184,0.3642088323831558
RIH,-0.019004932371899486,-2.6767629384994507,0.35469479858875275
RIH,-0.013374736066907644,-2.6737513542175293,0.3594518303871155
RIH,-0.024635128676891327,-2.6737512350082397,0.3594518005847931
RIH,-0.020146282389760017,-2.6699905395507812,0.3567993715405464
RIH,-0.017863533459603786,-2.669990599155426,0.356799378991127
RIH,-0.019004907924681902,-2.6706010699272156,0.3558350130915642
RIH,-0.019004907924681902,-2.6693800687789917,0.35776373744010925
RIH,-0.02002723142504692,-2.662667214870453,0.35133909434080124
RIH,-0.01798253506422043,-2.662667214870453,0.35133909434080124
RIH,-0.019004883244633675,-2.6633760929107666,0.3506394922733307
RIH,-0.019004883244633675,-2.661958336830139,0.3520386964082718
RIH,-0.02002723142504692,-2.6588932871818542,0.34662917256355286
RIH,-0.01798253506422043,-2.6588932871818542,0.34662918001413345
RIH,-0.019004883244633675,-2.6598302125930786,0.3464607521891594
RIH,-0.019004883244633675,-2.65795636177063,0.3467976003885269
RIH,-0.020037651527673006,-2.6611698865890503,0.34251731634140015
RIH,-0.017987224273383617,-2.66116726398468,0.34246111661195755
RIH,-0.019028752110898495,-2.6617655158042908,0.3431115970015526
RIH,-0.01899612369015813,-2.6605716347694397,0.3418668359518051
RIH,-0.03616637038066983,-2.7528377771377563,0.5289216786623001
RIH,-0.036779378075152636,-2.753161311149597,0.5318440198898315
RIH,-0.03650913620367646,-2.754524827003479,0.5302138179540634
RIH,-0.036436612252146006,-2.7514742612838745,0.5305518805980682
RIH,-0.024814381264150143,-2.7529995441436768,0.5326302647590637
RIH,-0.006832784973084927,-2.7528377771377563,0.5288804918527603
RIH,-0.006523659452795982,-2.753161311149597,0.5318852365016937
RIH,-0.006623942870646715,-2.754524827003479,0.5302166044712067
RIH,-0.006732501555234194,-2.7514742612838745,0.5305491238832474
RIH,-0.019319958053529263,-2.7529995441436768,0.5326302796602249
RIML,0.03484890004619956,-2.6185622215270996,0.38075195252895355
RIML,0.03484889818355441,-2.6185622215270996,0.39941438287496567
RIML,0.04418010823428631,-2.6185622215270996,0.3900831565260887
RIML,0.03484889678657055,-2.6278934478759766,0.3900831639766693
RIML,0.025517689995467663,-2.6185622215270996,0.3900831788778305
RIML,-0.05927546136081219,-2.7328819036483765,0.3910375311970711
RIML,0.017107606399804354,-2.7328819036483765,0.3910374641418457
RIML,-0.06041968986392021,-2.73273241519928,0.38846635818481445
RIML,0.018251833971589804,-2.73273241519928,0.3884662836790085
RIML,-0.05969397909939289,-2.7342112064361572,0.38960321992635727
RIML,0.017526124138385057,-2.7342112064361572,0.3896031454205513
RIML,-0.06000117212533951,-2.731403112411499,0.38990066945552826
RIML,0.0178333162330091,-2.731403112411499,0.3899006024003029
RIML,-0.0791858360171318,-2.7345410585403442,0.41159868240356445
RIML,0.03701797500252724,-2.734541118144989,0.4115985706448555
RIML,-0.07889017462730408,-2.7373562455177307,0.41145889461040497
RIML,0.03672231687232852,-2.7373562455177307,0.411458782851696
RIML,-0.07999169453978539,-2.735986113548279,0.4105274975299835
RIML,0.03782383352518082,-2.7359861731529236,0.41052738577127457
RIML,-0.0780843161046505,-2.735911190509796,0.4125300794839859
RIML,0.03591645834967494,-2.735911190509796,0.41252996772527695
RIML,-0.08815617486834526,-2.7397868633270264,0.44016560912132263
RIML,0.04598831199109554,-2.7397868633270264,0.4401654824614525
RIML,-0.0907386913895607,-2.7400861382484436,0.4393182471394539
RIML,0.04857082571834326,-2.7400861978530884,0.43931811302900314
RIML,-0.08929087966680527,-2.74134761095047,0.4397260546684265
RIML,0.047123013995587826,-2.74134761095047,0.43972592055797577
RIML,-0.08960398659110069,-2.738525390625,0.43975780159235
RIML,0.047436123713850975,-2.7385254502296448,0.43975767493247986
RIML,-0.08941161260008812,-2.742911458015442,0.47009631246328354
RIML,0.047243752516806126,-2.742911458015442,0.4700961858034134
RIML,-0.08915193751454353,-2.745733618736267,0.4699128419160843
RIML,0.04698406718671322,-2.745733618736267,0.46991271525621414
RIML,-0.09062821045517921,-2.7444721460342407,0.4702732414007187
RIML,0.04846034571528435,-2.7444721460342407,0.47027310729026794
RIML,-0.08793533965945244,-2.7441729307174683,0.46973591297864914
RIML,0.045767473988235,-2.7441729307174683,0.4697357937693596
RIML,-0.07773381844162941,-2.748132824897766,0.4972057044506073
RIML,0.035565955098718405,-2.748132824897766,0.49720561504364014
RIML,-0.08002113178372383,-2.7484441995620728,0.4989490956068039
RIML,0.0378532693721354,-2.7484441995620728,0.49894898384809494
RIML,-0.07879744470119476,-2.749756693840027,0.4979313910007477
RIML,0.03662957763299346,-2.749756693840027,0.4979312866926193
RIML,-0.07895750552415848,-2.746820330619812,0.4982234090566635
RIML,0.036789646837860346,-2.746820330619812,0.49822331219911575
RIML,-0.059693846851587296,-2.7499629259109497,0.5197224617004395
RIML,0.01752598863095045,-2.7499629259109497,0.5197224169969559
RIML,-0.05964141525328159,-2.753013491630554,0.5193768292665482
RIML,0.017473554704338312,-2.753013491630554,0.5193767547607422
RIML,-0.06048058718442917,-2.7516499757766724,0.5208217352628708
RIML,0.0183127261698246,-2.7516499757766724,0.5208216607570648
RIML,-0.05885467492043972,-2.7513264417648315,0.5182775557041168
RIML,0.016686817165464163,-2.7513264417648315,0.5182775110006332
RIML,-0.034297650679945946,-2.7531702518463135,0.5296078324317932
RIML,-0.007870204746723175,-2.7531702518463135,0.529607817530632
RIML,-0.034917645156383514,-2.7535146474838257,0.5325793027877808
RIML,-0.0072502135299146175,-2.7535146474838257,0.5325792729854584
RIML,-0.034607646986842155,-2.754893124103546,0.5309138298034668
RIML,-0.00756020937114954,-2.754893124103546,0.5309138000011444
RIML,-0.034607648849487305,-2.751791775226593,0.5312733054161072
RIML,-0.007560208905488253,-2.751791775226593,0.531273290514946
RIML,-0.03724062908440828,-2.731619894504547,0.380451500415802
RIML,-0.038056413643062115,-2.7314703464508057,0.3777341693639755
RIML,-0.03747592680156231,-2.732949197292328,0.37896372377872467
RIML,-0.03782111592590809,-2.730141043663025,0.37922194600105286
RIML,-0.026795530691742897,-2.731545150279999,0.37707366794347763
RIML,-0.005683856084942818,-2.7280863523483276,0.3682015985250473
RIML,-0.003859605174511671,-2.727936804294586,0.3667636439204216
RIML,-0.004826725460588932,-2.7294156551361084,0.3673149347305298
RIML,-0.004716735798865557,-2.7266075015068054,0.3676503077149391
RIML,-0.018397081643342972,-2.7181668281555176,0.32874636352062225
RIML,-0.01556436251848936,-2.7179874777793884,0.32863595336675644
RIML,-0.016918117180466652,-2.7193350791931152,0.3281470090150833
RIML,-0.01704332698136568,-2.7168192267417908,0.3292353078722954
RIML,-0.01950068399310112,-2.710354208946228,0.3015848994255066
RIML,-0.016667965799570084,-2.710145115852356,0.3015226274728775
RIML,-0.018146930262446404,-2.7091379165649414,0.30243580788373947
RIML,-0.01950068399310112,-2.7017958760261536,0.2903868481516838
RIML,-0.016667965799570084,-2.7015844583511353,0.2903343215584755
RIML,-0.0180217195302248,-2.7027589082717896,0.2894292101264
RIML,-0.018146930262446404,-2.7006214261054993,0.2912919595837593
RIML,-0.01950068399310112,-2.693237543106079,0.279408261179924
RIML,-0.016667965799570084,-2.6930238008499146,0.27936549484729767
RIML,-0.018146930262446404,-2.692104935646057,0.28036758303642273
RIML,-0.018409189768135548,-2.686666965484619,0.27102579176425934
RIML,-0.01578420214354992,-2.687303841114044,0.27106793969869614
RIML,-0.017034937627613544,-2.6875094175338745,0.26984699070453644
RIML,-0.017158454284071922,-2.686461389064789,0.27224674075841904
RIML,-0.011217962950468063,-2.67745441198349,0.2643968537449837
RIML,-0.010026458650827408,-2.679616928100586,0.26452842354774475
RIML,-0.010137599892914295,-2.6785784363746643,0.26320793479681015
RIML,-0.011106821708381176,-2.6784929037094116,0.2657173424959183
RIML,0.013866277411580086,-2.6648263335227966,0.2796480283141136
RIML,0.013832028023898602,-2.6676639318466187,0.27978409826755524
RIML,0.014757463708519936,-2.6663084030151367,0.2786257043480873
RIML,0.012940841726958752,-2.6661818623542786,0.28080642223358154
RIML,0.03550659120082855,-2.6551856994628906,0.2966165319085121
RIML,0.03542809747159481,-2.657771348953247,0.29749246686697006
RIML,0.03662986680865288,-2.6565592288970947,0.2964922934770584
RIML,0.034304821863770485,-2.656397819519043,0.29761670529842377
RIML,0.037004816345870495,-2.6337441205978394,0.32984257489442825
RIML,0.0369127644225955,-2.6361106634140015,0.3315759226679802
RIML,0.03842501621693373,-2.6350009441375732,0.33068370819091797
RIML,0.03549256455153227,-2.6348538398742676,0.3307347893714905
RIML,0.029375947080552578,-2.6092309951782227,0.3900831714272499
RIML,0.04032185673713684,-2.6092309951782227,0.3900831639766693
RIML,0.03484890190884471,-2.6092309951782227,0.39555612206459045
RIML,0.03484890190884471,-2.6092309951782227,0.38461021333932877
RIML,0.034848906099796295,-2.6075525283813477,0.3876674845814705
RIML,0.034848906099796295,-2.606519937515259,0.3905235677957535
RIML,0.03646360710263252,-2.6070362329483032,0.3890955224633217
RIML,0.03323420509696007,-2.6070362329483032,0.3890955299139023
RIML,0.034848909825086594,-2.604946732521057,0.38498806208372116
RIML,0.034848909825086594,-2.602321982383728,0.3859603479504585
RIML,0.03646361082792282,-2.6036343574523926,0.38547420501708984
RIML,0.033234208822250366,-2.6036343574523926,0.38547420501708984
RIML,0.03531738929450512,-2.609901249408722,0.3731570318341255
RIML,0.0353480726480484,-2.6071093678474426,0.3719624802470207
RIML,0.036897940561175346,-2.608529806137085,0.37255124747753143
RIML,0.033767521381378174,-2.6084808111190796,0.3725682646036148
RIML,-0.017978431656956673,-2.6934176683425903,0.2760387510061264
RIML,-0.016803760081529617,-2.6946898698806763,0.27728044241666794
RIML,-0.019153103232383728,-2.694867491722107,0.27728939056396484
RIML,-0.017978431656956673,-2.696139693260193,0.2785310819745064
RIML,-0.017862919718027115,-2.696517765522003,0.27451325953006744
RIML,-0.018795901909470558,-2.6952391266822815,0.2744060084223747
RIML,-0.01692993752658367,-2.695136249065399,0.2744825705885887
RIML,-0.017862919718027115,-2.6938576102256775,0.274375319480896
RIML,-0.017658180557191372,-2.6911287903785706,0.2708428204059601
RIML,-0.016725197434425354,-2.692302405834198,0.2700677961111069
RIML,-0.01859116367995739,-2.69233900308609,0.26993200927972794
RIML,-0.017658180557191372,-2.6935126185417175,0.2691569849848747
RIML,-0.01752566546201706,-2.689666986465454,0.2672748863697052
RIML,-0.017956490628421307,-2.710702955722809,0.297662690281868
RIML,-0.016852296888828278,-2.711841106414795,0.29908689856529236
RIML,-0.019060684368014336,-2.712006449699402,0.29912257194519043
RIML,-0.017956490628421307,-2.713144600391388,0.3005467802286148
RIML,-0.017828917130827904,-2.7141348123550415,0.2982643023133278
RIML,-0.018620943650603294,-2.7139135003089905,0.2972066029906273
RIML,-0.017036890611052513,-2.713835597038269,0.2971435636281967
RIML,-0.017828917130827904,-2.713614284992218,0.2960858643054962
RIML,-0.017683494836091995,-2.718663513660431,0.298631027340889
RIML,-0.016891468316316605,-2.7178553342819214,0.299592986702919
RIML,-0.018475521355867386,-2.717853605747223,0.2997094541788101
RIML,-0.017683494836091995,-2.7170454263687134,0.30067141354084015
RIML,-0.017600417137145996,-2.720445990562439,0.3024900257587433
RIMR,-0.024303875863552094,-2.720445990562439,0.3024900257587433
RIMR,-0.024220801889896393,-2.7170454263687134,0.30067140609025955
RIMR,-0.02342878468334675,-2.717853605747223,0.2997094541788101
RIMR,-0.025012819096446037,-2.7178553342819214,0.2995929792523384
RIMR,-0.024220801889896393,-2.718663513660431,0.298631027340889
RIMR,-0.024075377732515335,-2.713614284992218,0.2960858643054962
RIMR,-0.024867411702871323,-2.713835597038269,0.2971435561776161
RIMR,-0.023283343762159348,-2.7139135003089905,0.2972066029906273
RIMR,-0.024075377732515335,-2.7141348123550415,0.2982642948627472
RIMR,-0.02394778374582529,-2.713144600391388,0.3005467802286148
RIMR,-0.022843588143587112,-2.712006449699402,0.29912257194519043
RIMR,-0.02505197934806347,-2.711841106414795,0.29908689856529236
RIMR,-0.02394778374582529,-2.710702955722809,0.297662690281868
RIMR,-0.02437860146164894,-2.689666986465454,0.2672748938202858
RIMR,-0.02424610871821642,-2.6935126185417175,0.2691569924354553
RIMR,-0.023313120007514954,-2.69233900308609,0.26993200927972794
RIMR,-0.025179097428917885,-2.692302405834198,0.27006780356168747
RIMR,-0.02424610871821642,-2.6911287903785706,0.2708428204059601
RIMR,-0.024041389115154743,-2.6938576102256775,0.274375319480896
RIMR,-0.024974361062049866,-2.695136249065399,0.2744825705885887
RIMR,-0.02310841716825962,-2.6952391266822815,0.2744060084223747
RIMR,-0.024041389115154743,-2.696517765522003,0.27451325953006744
RIMR,-0.023925851099193096,-2.696139693260193,0.2785310819745064
RIMR,-0.022751178592443466,-2.694867491722107,0.27728939056396484
RIMR,-0.025100523605942726,-2.6946898698806763,0.27728044241666794
RIMR,-0.023925851099193096,-2.6934176683425903,0.2760387510061264
RIMR,-0.07567179203033447,-2.608480751514435,0.3725682571530342
RIMR,-0.07880222797393799,-2.60852974653244,0.37255124002695084
RIMR,-0.0772523581981659,-2.6071093678474426,0.3719624653458595
RIMR,-0.07722166180610657,-2.6099011301994324,0.3731570318341255
RIMR,-0.07513849437236786,-2.6036341786384583,0.38547420501708984
RIMR,-0.07836789637804031,-2.603634238243103,0.38547420501708984
RIMR,-0.07675319537520409,-2.6023219227790833,0.3859603479504585
RIMR,-0.07675319537520409,-2.604946494102478,0.38498806208372116
RIMR,-0.07513849437236786,-2.607035994529724,0.3890955299139023
RIMR,-0.07836786285042763,-2.607036054134369,0.3890955224633217
RIMR,-0.07675317861139774,-2.6065197587013245,0.3905235677957535
RIMR,-0.07675317861139774,-2.6075522899627686,0.3876674845814705
RIMR,-0.0767531767487526,-2.6092307567596436,0.38461020588874817
RIMR,-0.0767531767487526,-2.6092307567596436,0.39555612206459045
RIMR,-0.08222610130906105,-2.6092307567596436,0.3900831639766693
RIMR,-0.07128025218844414,-2.6092307567596436,0.3900831639766693
RIMR,-0.07739684358239174,-2.6348538398742676,0.3307347744703293
RIMR,-0.0803293026983738,-2.6350008249282837,0.3306836932897568
RIMR,-0.07881705090403557,-2.6361106038093567,0.3315759152173996
RIMR,-0.07890909537672997,-2.6337440609931946,0.32984255254268646
RIMR,-0.07620909623801708,-2.656397819519043,0.29761669784784317
RIMR,-0.07853415422141552,-2.6565589904785156,0.2964922711253166
RIMR,-0.07733239233493805,-2.6577712297439575,0.29749245196580887
RIMR,-0.07741085812449455,-2.655185580253601,0.2966165170073509
RIMR,-0.054845111444592476,-2.666181802749634,0.28080642223358154
RIMR,-0.05666174739599228,-2.666308283805847,0.2786256968975067
RIMR,-0.055736297741532326,-2.667663872241974,0.27978409081697464
RIMR,-0.05577056109905243,-2.664826214313507,0.2796480283141136
RIMR,-0.030797461047768593,-2.678492844104767,0.2657173424959183
RIMR,-0.0317666819319129,-2.6785784363746643,0.26320794224739075
RIMR,-0.03187781386077404,-2.679616928100586,0.26452842354774475
RIMR,-0.03068632911890745,-2.677454352378845,0.26439686119556427
RIMR,-0.024745811708271503,-2.686461389064789,0.27224674075841904
RIMR,-0.024869335815310478,-2.6875094175338745,0.26984699070453644
RIMR,-0.026120067574083805,-2.687303841114044,0.27106793969869614
RIMR,-0.023495079949498177,-2.686666965484619,0.27102579176425934
RIMR,-0.023757329210639,-2.692104935646057,0.28036758303642273
RIMR,-0.02523629181087017,-2.6930238008499146,0.27936549484729767
RIMR,-0.022403577342629433,-2.693237543106079,0.279408261179924
RIMR,-0.023757329210639,-2.7006214261054993,0.2912919521331787
RIMR,-0.023882539942860603,-2.7027589082717896,0.2894292101264
RIMR,-0.02523629181087017,-2.7015844583511353,0.2903343215584755
RIMR,-0.022403577342629433,-2.7017958760261536,0.2903868407011032
RIMR,-0.023757329210639,-2.7091379165649414,0.30243580788373947
RIMR,-0.02523629181087017,-2.710145115852356,0.3015226349234581
RIMR,-0.022403577342629433,-2.710354208946228,0.301584891974926
RIMR,-0.02486093621701002,-2.7168192267417908,0.329235315322876
RIMR,-0.024986146949231625,-2.7193350791931152,0.3281470090150833
RIMR,-0.026339898817241192,-2.7179874777793884,0.32863596081733704
RIMR,-0.023507184349000454,-2.7181668281555176,0.32874636352062225
RIMR,-0.03718753159046173,-2.7266074419021606,0.3676503077149391
RIMR,-0.03707753028720617,-2.7294156551361084,0.3673149421811104
RIMR,-0.038044665940105915,-2.7279367446899414,0.3667636439204216
RIMR,-0.03622039593756199,-2.7280863523483276,0.3682016059756279
RIMR,-0.01510876789689064,-2.731545150279999,0.3770736902952194
RIMR,-0.004083181731402874,-2.730141043663025,0.37922196835279465
RIMR,-0.004428365267813206,-2.7329492568969727,0.37896375358104706
RIMR,-0.003847876563668251,-2.7314703464508057,0.3777341917157173
RIMR,-0.004663670435547829,-2.731619954109192,0.3804515302181244
RIMR,-0.034344096668064594,-2.751791775226593,0.5312733203172684
RIMR,-0.007296644151210785,-2.751791775226593,0.5312733501195908
RIMR,-0.034344096668064594,-2.754893124103546,0.5309138298034668
RIMR,-0.007296644151210785,-2.754893124103546,0.5309138596057892
RIMR,-0.03465409576892853,-2.7535146474838257,0.532579317688942
RIMR,-0.006986644119024277,-2.7535146474838257,0.5325793474912643
RIMR,-0.03403409756720066,-2.7531702518463135,0.5296078324317932
RIMR,-0.007606644183397293,-2.7531702518463135,0.5296078622341156
RIMR,-0.0585910901427269,-2.7513264417648315,0.5182775259017944
RIMR,0.01695038005709648,-2.751326560974121,0.5182776153087616
RIMR,-0.060217004269361496,-2.7516499757766724,0.520821675658226
RIMR,0.018576310947537422,-2.751650094985962,0.5208217650651932
RIMR,-0.0593778258189559,-2.753013491630554,0.5193767696619034
RIMR,0.0177371334284544,-2.7530136108398438,0.5193768590688705
RIMR,-0.059430268593132496,-2.7499629259109497,0.5197224318981171
RIMR,0.017789557576179504,-2.7499630451202393,0.5197225213050842
RIMR,-0.0786939263343811,-2.7468202114105225,0.49822330474853516
RIMR,0.03705321438610554,-2.746820569038391,0.4982234537601471
RIMR,-0.078533835709095,-2.749756634235382,0.4979312866926193
RIMR,0.03689314238727093,-2.749756932258606,0.49793142825365067
RIMR,-0.07975754700601101,-2.748444139957428,0.49894898384809494
RIMR,0.038116851821541786,-2.748444437980652,0.4989491328597069
RIMR,-0.0774702150374651,-2.7481327056884766,0.49720560759305954
RIMR,0.03582950495183468,-2.748133063316345,0.4972057491540909
RIMR,-0.08767174929380417,-2.744172692298889,0.469735786318779
RIMR,0.04603107087314129,-2.7441731691360474,0.4697359576821327
RIMR,-0.09036462381482124,-2.7444719672203064,0.47027309983968735
RIMR,0.04872394725680351,-2.74447238445282,0.47027328610420227
RIMR,-0.08888833411037922,-2.7457334399223328,0.46991271525621414
RIMR,0.04724765568971634,-2.745733857154846,0.46991288661956787
RIMR,-0.08914803899824619,-2.742911219596863,0.4700961709022522
RIMR,0.04750736244022846,-2.742911696434021,0.4700963571667671
RIMR,-0.08934040181338787,-2.7385252714157104,0.43975766748189926
RIMR,0.04769972525537014,-2.738525629043579,0.4397578537464142
RIMR,-0.08902729861438274,-2.7413474321365356,0.43972592055797577
RIMR,0.04738660529255867,-2.7413477897644043,0.4397260919213295
RIMR,-0.09047510288655758,-2.7400859594345093,0.43931810557842255
RIMR,0.048834411427378654,-2.740086317062378,0.4393182843923569
RIMR,-0.08789259754121304,-2.739786744117737,0.4401654824614525
RIMR,0.046251919120550156,-2.7397871017456055,0.4401656612753868
RIMR,-0.07782072573900223,-2.7359111309051514,0.41252996772527695
RIMR,0.03618004731833935,-2.7359113693237305,0.4125301167368889
RIMR,-0.07972810417413712,-2.7359859347343445,0.41052737832069397
RIMR,0.03808741085231304,-2.7359861731529236,0.4105275273323059
RIMR,-0.0786265954375267,-2.737356126308441,0.4114587754011154
RIMR,0.03698590211570263,-2.7373563647270203,0.41145892441272736
RIMR,-0.07892223447561264,-2.7345409393310547,0.4115985706448555
RIMR,0.03728155605494976,-2.734541177749634,0.41159871965646744
RIMR,-0.05973757803440094,-2.7314029335975647,0.3899006024003029
RIMR,0.018096886575222015,-2.731403112411499,0.38990069925785065
RIMR,-0.0594303784891963,-2.7342111468315125,0.3896031454205513
RIMR,0.017789700999855995,-2.7342113256454468,0.38960324972867966
RIMR,-0.06015610042959452,-2.7327322363853455,0.3884662762284279
RIMR,0.018515408039093018,-2.73273241519928,0.38846638798713684
RIMR,-0.059011856094002724,-2.7328818440437317,0.3910374715924263
RIMR,0.017371179535984993,-2.732882022857666,0.39103756099939346
RIMR,-0.06742198020219803,-2.6185619831085205,0.3900831714272499
RIMR,-0.0767531618475914,-2.6278932094573975,0.3900831639766693
RIMR,-0.08608437329530716,-2.6185619831085205,0.3900831565260887
RIMR,-0.0767531767487526,-2.6185619831085205,0.39941438287496567
RIMR,-0.0767531767487526,-2.6185619831085205,0.38075194507837296
RIR,0.01668683812022209,-2.7513266801834106,0.5182776153087616
RIR,-0.05885465256869793,-2.7513266801834106,0.5182776153087616
RIR,0.01831274852156639,-2.7516502141952515,0.5208217799663544
RIR,-0.06048056297004223,-2.7516502141952515,0.5208217799663544
RIR,0.017473578453063965,-2.7530137300491333,0.5193768739700317
RIR,-0.05964139103889465,-2.7530137300491333,0.5193768739700317
RIR,0.017526008188724518,-2.749963164329529,0.5197225213050842
RIR,-0.059693824499845505,-2.749963164329529,0.5197225213050842
RIR,0.0367896668612957,-2.746820569038391,0.4982234388589859
RIR,-0.07895748317241669,-2.746820569038391,0.4982234388589859
RIR,0.03662959858775139,-2.749756932258606,0.49793141335248947
RIR,-0.07879741303622723,-2.749756932258606,0.49793141335248947
RIR,0.03785329312086105,-2.748444437980652,0.4989491105079651
RIR,-0.08002110570669174,-2.748444437980652,0.4989491105079651
RIR,0.035565972328186035,-2.748133063316345,0.4972057417035103
RIR,-0.07773379050195217,-2.748133063316345,0.4972057417035103
RIR,0.045767493546009064,-2.7441731691360474,0.46973593533039093
RIR,-0.08793530985713005,-2.7441731691360474,0.46973593533039093
RIR,0.04846037179231644,-2.74447238445282,0.4702732414007187
RIR,-0.09062818251550198,-2.74447238445282,0.4702732414007187
RIR,0.04698409140110016,-2.745733857154846,0.4699128568172455
RIR,-0.0891519021242857,-2.745733857154846,0.4699128568172455
RIR,0.04724377393722534,-2.742911696434021,0.47009631991386414
RIR,-0.08941159024834633,-2.742911696434021,0.47009631991386414
RIR,0.04743614420294762,-2.738525629043579,0.4397578164935112
RIR,-0.0896039605140686,-2.738525629043579,0.4397578164935112
RIR,0.04712304472923279,-2.741347849369049,0.4397260695695877
RIR,-0.08929084800183773,-2.741347849369049,0.4397260695695877
RIR,0.04857085272669792,-2.7400863766670227,0.4393182545900345
RIR,-0.09073866158723831,-2.7400863766670227,0.4393182545900345
RIR,0.04598833620548248,-2.7397871017456055,0.4401656314730644
RIR,-0.08815614692866802,-2.7397871017456055,0.4401656314730644
RIR,0.03591648116707802,-2.7359114289283752,0.4125301092863083
RIR,-0.07808429189026356,-2.7359114289283752,0.4125301092863083
RIR,0.03782385587692261,-2.735986292362213,0.4105275273323059
RIR,-0.07999166660010815,-2.735986292362213,0.4105275273323059
RIR,0.036722343415021896,-2.73735648393631,0.41145892441272736
RIR,-0.07889015041291714,-2.73735648393631,0.41145892441272736
RIR,0.03701799362897873,-2.7345412373542786,0.41159871220588684
RIR,-0.07918580807745457,-2.7345412373542786,0.41159871220588684
RIR,0.01783333346247673,-2.7314032912254333,0.38990072160959244
RIR,-0.06000114977359772,-2.7314032912254333,0.38990072160959244
RIR,0.01752614602446556,-2.7342114448547363,0.38960327953100204
RIR,-0.05969395861029625,-2.7342114448547363,0.38960327953100204
RIR,0.018251854926347733,-2.732732594013214,0.38846641033887863
RIR,-0.06041966751217842,-2.732732594013214,0.38846641033887863
RIR,0.01710762456059456,-2.7328821420669556,0.39103759080171585
RIR,-0.059275440871715546,-2.7328821420669556,0.39103759080171585
RIR,-0.03570333495736122,-2.7312232851982117,0.3803337439894676
RIR,-0.03611122630536556,-2.731074273586273,0.3775564953684807
RIR,-0.03582098335027695,-2.7325600385665894,0.37884337455034256
RIR,-0.03599357791244984,-2.7297375202178955,0.37904686480760574
RIR,-0.13039063662290573,-2.6497968435287476,0.3666025772690773
RIR,-0.11852959729731083,-2.6475369334220886,0.3666025623679161
RIR,-0.12333017401397228,-2.6545974016189575,0.3580646514892578
RIR,-0.128130741417408,-2.6616578102111816,0.3666025772690773
RIR,-0.12333016470074654,-2.6545973420143127,0.3751404881477356
RIR,-0.03603177145123482,-2.7514744997024536,0.5303521305322647
RIR,-0.0360817015171051,-2.754525065422058,0.5300057381391525
RIR,-0.03646706975996494,-2.7531615495681763,0.5316334813833237
RIR,-0.03564640320837498,-2.7528380155563354,0.5287243872880936
RIR,-0.023982126265764236,-2.752999782562256,0.532222330570221
RIR,-0.006883637979626656,-2.7514744997024536,0.5305364280939102
RIR,-0.006824623793363571,-2.754525065422058,0.5301929712295532
RIR,-0.006484802812337875,-2.7531615495681763,0.5318235605955124
RIR,-0.007223458960652351,-2.7528380155563354,0.528905838727951
RIR,-0.019671795889735222,-2.752999782562256,0.5325938612222672
RIR,-0.007158603519201279,-2.7312649488449097,0.3803723603487015
RIR,-0.021778028458356857,-2.73086816072464,0.37823536247015
RIR,-0.006707875058054924,-2.731115937232971,0.37760141491889954
RIR,-0.02173519693315029,-2.7307196259498596,0.3754045143723488
RIR,-0.007028596475720406,-2.7326009273529053,0.3788822740316391
RIR,-0.02176567353308201,-2.7322115898132324,0.3767426833510399
RIR,-0.006837882101535797,-2.7297799587249756,0.3790915012359619
RIR,-0.020339438691735268,-2.7282949686050415,0.37699566781520844
RIR,-0.02170008048415184,-2.728192150592804,0.37570907920598984
RIR,-0.021737823262810707,-2.7283230423927307,0.3782035931944847
RIR,-0.02309846505522728,-2.728220224380493,0.3769170045852661
RIR,-0.02176588959991932,-2.7252817153930664,0.375110000371933
RIR,-0.02271719090640545,-2.725702941417694,0.37399688363075256
RIR,-0.022695370018482208,-2.7258044481277466,0.3761550635099411
RIR,-0.023646671324968338,-2.7262256741523743,0.3750419467687607
RIR,-0.028649969026446342,-2.7193005681037903,0.37317049503326416
RIR,-0.029564421623945236,-2.71997606754303,0.37205737829208374
RIR,-0.029516998678445816,-2.7200791239738464,0.3742155581712723
RIR,-0.03043145127594471,-2.720754623413086,0.37310244143009186
RIR,-0.045032596215605736,-2.7022734880447388,0.36919913440942764
RIR,-0.046087270602583885,-2.7027922868728638,0.3680860176682472
RIR,-0.04605802334845066,-2.7029059529304504,0.37024419754743576
RIR,-0.04711269773542881,-2.7034247517585754,0.36913108080625534
RIR,-0.0708118174225092,-2.6817105412483215,0.3631428852677345
RIR,-0.07163871265947819,-2.6825079917907715,0.3620423823595047
RIR,-0.07158489897847176,-2.6825702786445618,0.3642069026827812
RIR,-0.07241179421544075,-2.6833677291870117,0.3631063997745514
RIR,-0.11626969464123249,-2.6593979001045227,0.37157805263996124
RIR,-0.1190672479569912,-2.6635124683380127,0.3666025698184967
RIR,-0.11626970395445824,-2.6593979597091675,0.36162707209587097
RIR,-0.11347215063869953,-2.6552833914756775,0.3666025549173355
RIR,-0.11260326020419598,-2.6600409150123596,0.36526984721422195
RIR,-0.11359750106930733,-2.6609017848968506,0.36399563401937485
RIR,-0.11410933546721935,-2.6622068881988525,0.365173801779747
RIR,-0.113115094602108,-2.6613460183143616,0.3664480149745941
RIR,-0.09777739271521568,-2.6679677963256836,0.36249756067991257
RIR,-0.0986983384937048,-2.6687328219413757,0.36138594150543213
RIR,-0.0991030354052782,-2.6699488759040833,0.36239906400442123
RIR,-0.09818208962678909,-2.669183850288391,0.3635106831789017
Seam_Cells_Left,0.10307324677705765,3.9939863681793213,0.06372340023517609
Seam_Cells_Left,0.10523812472820282,3.975200891494751,0.06388041377067566
Seam_Cells_Left,0.10069596022367477,3.9766364097595215,0.058810602873563766
Seam_Cells_Left,0.10523812472820282,3.978071928024292,0.053740791976451874
Seam_Cells_Left,0.10978028923273087,3.9766364097595215,0.058810602873563766
Seam_Cells_Left,0.1200767457485199,3.94188129901886,0.045513466000556946
Seam_Cells_Left,0.11290979757905006,3.9441463947296143,0.03751395642757416
Seam_Cells_Left,0.10574284940958023,3.94188129901886,0.045513466000556946
Seam_Cells_Left,0.11290979757905006,3.9396162033081055,0.053512975573539734
Seam_Cells_Left,0.12811245769262314,3.870043396949768,0.02817976474761963
Seam_Cells_Left,0.1206182911992073,3.872032642364502,0.01972508430480957
Seam_Cells_Left,0.12811245769262314,3.874021887779236,0.011270403861999512
Seam_Cells_Left,0.13560662418603897,3.872032642364502,0.01972508430480957
Seam_Cells_Left,0.1504775881767273,3.7914924025535583,-0.005444575101137161
Seam_Cells_Left,0.14408446475863457,3.792795419692993,-0.012744463980197906
Seam_Cells_Left,0.13769134134054184,3.7914924025535583,-0.005444575101137161
Seam_Cells_Left,0.14408446475863457,3.7901893854141235,0.001855313777923584
Seam_Cells_Left,0.15102814510464668,3.7574362754821777,-0.0099753737449646
Seam_Cells_Left,0.1521557830274105,3.746026635169983,-0.013069942593574524
Seam_Cells_Left,0.1465948075056076,3.75838702917099,-0.015026446431875229
Seam_Cells_Left,0.14749547839164734,3.747257113456726,-0.018334079533815384
Seam_Cells_Left,0.15102814510464668,3.7593377828598022,-0.020077519118785858
Seam_Cells_Left,0.1521557904779911,3.7484875917434692,-0.023598216474056244
Seam_Cells_Left,0.15546148270368576,3.75838702917099,-0.015026446431875229
Seam_Cells_Left,0.15681609511375427,3.747257113456726,-0.018334079533815384
Seam_Cells_Left,0.1698501631617546,3.644500970840454,-0.04513266868889332
Seam_Cells_Left,0.1577102690935135,3.6458786725997925,-0.05666176602244377
Seam_Cells_Left,0.14557036757469177,3.644500970840454,-0.04513266868889332
Seam_Cells_Left,0.1577102616429329,3.6431232690811157,-0.033603571355342865
Seam_Cells_Left,0.16443456709384918,3.5046147108078003,-0.05664515495300293
Seam_Cells_Left,0.14520160108804703,3.505944073200226,-0.07392147928476334
Seam_Cells_Left,0.16443456709384918,3.5072734355926514,-0.09119780361652374
Seam_Cells_Left,0.18366753309965134,3.505944073200226,-0.07392147928476334
Seam_Cells_Left,0.18765290081501007,3.384312331676483,-0.08415454067289829
Seam_Cells_Left,0.17474287375807762,3.384878396987915,-0.09662359952926636
Seam_Cells_Left,0.16183284670114517,3.384312331676483,-0.08415454067289829
Seam_Cells_Left,0.17474287375807762,3.3837462663650513,-0.07168548181653023
Seam_Cells_Left,0.18471739068627357,3.297948479652405,-0.08537450432777405
Seam_Cells_Left,0.17955082654953003,3.2977629899978638,-0.091465899720788
Seam_Cells_Left,0.18471739068627357,3.2975775003433228,-0.09755729511380196
Seam_Cells_Left,0.18988395482301712,3.2977629899978638,-0.091465899720788
Seam_Cells_Left,0.18996404111385345,3.2853631377220154,-0.09185676090419292
Seam_Cells_Left,0.18443113565444946,3.2851648330688477,-0.09838008880615234
Seam_Cells_Left,0.17889823019504547,3.2853631377220154,-0.09185676090419292
Seam_Cells_Left,0.18443113565444946,3.285561442375183,-0.0853334330022335
Seam_Cells_Left,0.1777610294520855,3.2056955099105835,-0.07660684362053871
Seam_Cells_Left,0.16238633543252945,3.2050268054008484,-0.09110492467880249
Seam_Cells_Left,0.1777610294520855,3.2043581008911133,-0.10560300573706627
Seam_Cells_Left,0.19313572347164154,3.2050268054008484,-0.09110492467880249
Seam_Cells_Left,0.19957894831895828,3.0881166458129883,-0.0864893440157175
Seam_Cells_Left,0.1757773421704769,3.08649742603302,-0.10725261270999908
Seam_Cells_Left,0.15197573602199554,3.0881166458129883,-0.0864893440157175
Seam_Cells_Left,0.1757773421704769,3.0897358655929565,-0.06572607532143593
Seam_Cells_Left,0.19292733445763588,2.9517871141433716,-0.05673138052225113
Seam_Cells_Left,0.17718595266342163,2.950201630592346,-0.07159359939396381
Seam_Cells_Left,0.19292733445763588,2.948616147041321,-0.0864558182656765
Seam_Cells_Left,0.20866871625185013,2.950201630592346,-0.07159359939396381
Seam_Cells_Left,0.2159312665462494,2.8480862975120544,-0.05997064337134361
Seam_Cells_Left,0.20974284783005714,2.8471481800079346,-0.0671309269964695
Seam_Cells_Left,0.2035544291138649,2.8480862975120544,-0.05997064337134361
Seam_Cells_Left,0.20974284783005714,2.8490244150161743,-0.05281035974621773
Seam_Cells_Left,0.21142218634486198,2.8369944095611572,-0.05027041211724281
Seam_Cells_Left,0.20484308898448944,2.835689902305603,-0.057522986084222794
Seam_Cells_Left,0.21142218634486198,2.834385395050049,-0.06477556005120277
Seam_Cells_Left,0.21800128370523453,2.835689902305603,-0.057522986084222794
Seam_Cells_Left,0.22407156229019165,2.775184988975525,-0.0435479860752821
Seam_Cells_Left,0.20442064106464386,2.7727279663085938,-0.05983104929327965
Seam_Cells_Left,0.18476971983909607,2.775184988975525,-0.0435479860752821
Seam_Cells_Left,0.20442064106464386,2.777642011642456,-0.027264922857284546
Seam_Cells_Left,0.20525017008185387,2.6431928873062134,0.010455340147018433
Seam_Cells_Left,0.17290614545345306,2.6392868161201477,-0.013267509639263153
Seam_Cells_Left,0.20525017008185387,2.635380744934082,-0.03699035942554474
Seam_Cells_Left,0.23759419471025467,2.6392868161201477,-0.013267509639263153
Seam_Cells_Left,0.25199267268180847,2.4841267466545105,0.03058920055627823
Seam_Cells_Left,0.2307051122188568,2.4807318449020386,0.013874288648366928
Seam_Cells_Left,0.20941755175590515,2.4841267466545105,0.03058920055627823
Seam_Cells_Left,0.2307051122188568,2.4875216484069824,0.04730411246418953
Seam_Cells_Left,0.25113722681999207,2.405622124671936,0.0659528449177742
Seam_Cells_Left,0.24437043070793152,2.403964340686798,0.058692336082458496
Seam_Cells_Left,0.25113722681999207,2.40230655670166,0.05143182724714279
Seam_Cells_Left,0.2579040229320526,2.403964340686798,0.058692336082458496
Seam_Cells_Left,0.2587164044380188,2.3914204835891724,0.06364860385656357
Seam_Cells_Left,0.25193289667367935,2.3894799947738647,0.056442588567733765
Seam_Cells_Left,0.2451493889093399,2.3914204835891724,0.06364860385656357
Seam_Cells_Left,0.25193289667367935,2.39336097240448,0.07085461914539337
Seam_Cells_Left,0.24400483444333076,2.3102784156799316,0.10784522444009781
Seam_Cells_Left,0.22296839207410812,2.3060742020606995,0.09151191264390945
Seam_Cells_Left,0.24400483444333076,2.3018702268600464,0.07517858780920506
Seam_Cells_Left,0.2650412768125534,2.3060744404792786,0.09151189960539341
Seam_Cells_Left,0.2709524929523468,2.1851691007614136,0.12913293950259686
Seam_Cells_Left,0.237668976187706,2.1794638633728027,0.10572043992578983
Seam_Cells_Left,0.20438545942306519,2.1851686239242554,0.1291329674422741
Seam_Cells_Left,0.237668976187706,2.190873861312866,0.15254546701908112
Seam_Cells_Left,0.25090043991804123,2.066496968269348,0.179652139544487
Seam_Cells_Left,0.22997114062309265,2.0628058910369873,0.16305516473948956
Seam_Cells_Left,0.25090043991804123,2.0591152906417847,0.14645816013216972
Seam_Cells_Left,0.2718297392129898,2.0628063678741455,0.16305513493716717
Seam_Cells_Left,0.2715236097574234,1.974293053150177,0.18742798641324043
Seam_Cells_Left,0.2648071274161339,1.972870111465454,0.1796465888619423
Seam_Cells_Left,0.25809064507484436,1.9742925763130188,0.18742801621556282
Seam_Cells_Left,0.2648071274161339,1.9757155179977417,0.19520941376686096
Seam_Cells_Left,0.2644588351249695,1.9605039954185486,0.20085971802473068
Seam_Cells_Left,0.2578149735927582,1.958732008934021,0.1932469829916954
Seam_Cells_Left,0.2644588351249695,1.9569604992866516,0.18563421815633774
Seam_Cells_Left,0.2711026966571808,1.9587324857711792,0.19324695318937302
Seam_Cells_Left,0.27138790488243103,1.8887131810188293,0.21343444660305977
Seam_Cells_Left,0.25102806463837624,1.8849944472312927,0.19690977036952972
Seam_Cells_Left,0.23066822439432144,1.8887127041816711,0.21343446895480156
Seam_Cells_Left,0.25102806463837624,1.8924314379692078,0.2299591451883316
Seam_Cells_Left,0.23854587972164154,1.7849984169006348,0.2679150402545929
Seam_Cells_Left,0.20546112954616547,1.7805860936641693,0.24356470257043839
Seam_Cells_Left,0.23854587972164154,1.776174008846283,0.21921435743570328
Seam_Cells_Left,0.2716306298971176,1.7805863320827484,0.2435646951198578
Seam_Cells_Left,0.2708168476819992,1.693379431962967,0.25964149087667465
Seam_Cells_Left,0.23690766096115112,1.690564215183258,0.23444025218486786
Seam_Cells_Left,0.20299847424030304,1.693379431962967,0.25964149087667465
Seam_Cells_Left,0.23690766096115112,1.6961946487426758,0.28484272956848145
Seam_Cells_Left,0.24717432633042336,1.5829343795776367,0.2863726168870926
Seam_Cells_Left,0.22589657455682755,1.5816339254379272,0.2687559798359871
Seam_Cells_Left,0.24717432633042336,1.5803334712982178,0.2511393427848816
Seam_Cells_Left,0.26845207810401917,1.5816339254379272,0.2687559798359871
Seam_Cells_Left,0.26644521951675415,1.5048687160015106,0.27422090619802475
Seam_Cells_Left,0.259604848921299,1.5043331384658813,0.26636505126953125
Seam_Cells_Left,0.2527644783258438,1.5048687160015106,0.27422090619802475
Seam_Cells_Left,0.259604848921299,1.50540429353714,0.28207676112651825
Seam_Cells_Left,0.2587032616138458,1.4924830198287964,0.2818332314491272
Seam_Cells_Left,0.25188590586185455,1.4920244812965393,0.27399884164333344
Seam_Cells_Left,0.2587032616138458,1.4915659427642822,0.2661644518375397
Seam_Cells_Left,0.2655206173658371,1.4920244812965393,0.27399884164333344
Seam_Cells_Left,0.26578956842422485,1.405767410993576,0.2786024585366249
Seam_Cells_Left,0.24432101845741272,1.4045647978782654,0.2609779015183449
Seam_Cells_Left,0.22285246849060059,1.405767172574997,0.2786024734377861
Seam_Cells_Left,0.24432101845741272,1.4069697856903076,0.29622703045606613
Seam_Cells_Left,0.23264843225479126,1.2842074632644653,0.31009143590927124
Seam_Cells_Left,0.19831162691116333,1.2829027473926544,0.28469882905483246
Seam_Cells_Left,0.23264843225479126,1.2815985083580017,0.2593061923980713
Seam_Cells_Left,0.2669852375984192,1.2829032242298126,0.28469879925251007
Seam_Cells_Left,0.2669852375984192,1.196838140487671,0.2804442420601845
Seam_Cells_Left,0.23264843225479126,1.1971914768218994,0.25504064559936523
Seam_Cells_Left,0.19831161573529243,1.196837693452835,0.28044427186250687
Seam_Cells_Left,0.23264842107892036,1.1964843571186066,0.3058478683233261
Seam_Cells_Left,0.24466783553361893,1.1002444922924042,0.2838219031691551
Seam_Cells_Left,0.22321340069174767,1.101199597120285,0.26626622304320335
Seam_Cells_Left,0.24466784670948982,1.1021549105644226,0.2487105280160904
Seam_Cells_Left,0.2661222815513611,1.1011998057365417,0.26626620814204216
Seam_Cells_Left,0.26593953371047974,1.0398295521736145,0.25623196363449097
Seam_Cells_Left,0.25904833152890205,1.040297031402588,0.24815190583467484
Seam_Cells_Left,0.25215712934732437,1.0398293435573578,0.25623197853565216
Seam_Cells_Left,0.25904833152890205,1.0393618643283844,0.2643120363354683
Seam_Cells_Left,0.2585972361266613,1.0206508934497833,0.25997743010520935
Seam_Cells_Left,0.25135868042707443,1.0213130414485931,0.2518460154533386
Seam_Cells_Left,0.2585972361266613,1.0219756364822388,0.2437145709991455
Seam_Cells_Left,0.26583579182624817,1.021313488483429,0.25184598565101624
Seam_Cells_Left,0.27080419659614563,0.9122976213693619,0.21816487610340118
Seam_Cells_Left,0.25066275522112846,0.914669468998909,0.20193403214216232
Seam_Cells_Left,0.2305213250219822,0.9122971594333649,0.21816490590572357
Seam_Cells_Left,0.25066276639699936,0.9099253118038177,0.23439574986696243
Seam_Cells_Left,0.2506057024002075,0.7592018693685532,0.18383216857910156
Seam_Cells_Left,0.2203965075314045,0.765476644039154,0.16251316107809544
Seam_Cells_Left,0.2506056912243366,0.7717516273260117,0.14119413867592812
Seam_Cells_Left,0.28081488609313965,0.7654768526554108,0.16251314617693424
Seam_Cells_Left,0.2904043197631836,0.6413599401712418,0.09962152875959873
Seam_Cells_Left,0.27143053337931633,0.6477006375789642,0.08605773001909256
Seam_Cells_Left,0.25245674699544907,0.6413600146770477,0.09962152503430843
Seam_Cells_Left,0.27143053337931633,0.6350193172693253,0.1131853237748146
Seam_Cells_Left,0.2873477041721344,0.5536109805107117,0.061670320108532906
Seam_Cells_Left,0.28054414689540863,0.556642934679985,0.055893247947096825
Seam_Cells_Left,0.2873477190732956,0.5596747696399689,0.05011618323624134
Seam_Cells_Left,0.29415127635002136,0.5566428154706955,0.05589325539767742
Seam_Cells_Left,0.29365216195583344,0.5416337847709656,0.04683833662420511
Seam_Cells_Left,0.2864786386489868,0.5444661378860474,0.04056138452142477
Seam_Cells_Left,0.279305100440979,0.5416338592767715,0.04683833196759224
Seam_Cells_Left,0.2864786237478256,0.5388015061616898,0.05311528407037258
Seam_Cells_Left,0.2722042240202427,0.4518502280116081,0.016957929357886314
Seam_Cells_Left,0.2509789988398552,0.45820052921772003,0.003420821391046047
Seam_Cells_Left,0.2722042240202427,0.46455080062150955,-0.010116285644471645
Seam_Cells_Left,0.2934294492006302,0.45820049941539764,0.003420822322368622
Seam_Cells_Left,0.2900489717721939,0.2942122034728527,-0.084790482185781
Seam_Cells_Left,0.2568132169544697,0.30340709164738655,-0.10407696291804314
Seam_Cells_Left,0.22357745468616486,0.2942122258245945,-0.08479048777371645
Seam_Cells_Left,0.2568132095038891,0.28501733765006065,-0.06550400704145432
Seam_Cells_Left,0.2655758038163185,0.1463448628783226,-0.1463277582079172
Seam_Cells_Left,0.2443726286292076,0.1528359353542328,-0.16049420647323132
Seam_Cells_Left,0.2655758112668991,0.15932698547840118,-0.17466064915060997
Seam_Cells_Left,0.28677898645401,0.152835913002491,-0.16049420088529587
Seam_Cells_Left,0.2859659194946289,0.09050542302429676,-0.19205372780561447
Seam_Cells_Left,0.2783774808049202,0.0934944786131382,-0.19933081418275833
Seam_Cells_Left,0.2707890421152115,0.09050543792545795,-0.19205372780561447
Seam_Cells_Left,0.2783774808049202,0.08751638233661652,-0.1847766414284706
Seam_Cells_Left,0.27838727086782455,0.07205871865153313,-0.19315224885940552
Seam_Cells_Left,0.2710370868444443,0.07490275986492634,-0.2002217322587967
Seam_Cells_Left,0.27838727086782455,0.07774678617715836,-0.20729121565818787
Seam_Cells_Left,0.28573745489120483,0.07490274496376514,-0.2002217322587967
Seam_Cells_Left,0.2848650813102722,-0.03415045887231827,-0.24695833027362823
Seam_Cells_Left,0.2648048624396324,-0.028942786157131195,-0.26201529800891876
Seam_Cells_Left,0.24474464356899261,-0.034150443971157074,-0.24695833027362823
Seam_Cells_Left,0.2648048624396324,-0.03935811668634415,-0.2319013625383377
Seam_Cells_Left,0.25103531405329704,-0.18534671515226364,-0.28398455679416656
Seam_Cells_Left,0.21945231407880783,-0.1781662069261074,-0.3061183840036392
Seam_Cells_Left,0.25103531405329704,-0.17098569869995117,-0.3282522112131119
Seam_Cells_Left,0.28261831402778625,-0.1781662069261074,-0.3061183840036392
Seam_Cells_Left,0.27898797392845154,-0.29948151856660843,-0.3517901822924614
Seam_Cells_Left,0.25894012674689293,-0.2944498211145401,-0.36753301322460175
Seam_Cells_Left,0.23889227956533432,-0.29948151856660843,-0.3517901822924614
Seam_Cells_Left,0.25894012674689293,-0.30451321601867676,-0.33604735136032104
Seam_Cells_Left,0.2694786563515663,-0.3874497562646866,-0.37713274359703064
Seam_Cells_Left,0.262993648648262,-0.3854863792657852,-0.3841356337070465
Seam_Cells_Left,0.2694786563515663,-0.38352300226688385,-0.3911385238170624
Seam_Cells_Left,0.2759636640548706,-0.3854863792657852,-0.3841356337070465
Seam_Cells_Left,0.27473148703575134,-0.3995174169540405,-0.38929180800914764
Seam_Cells_Left,0.26790618151426315,-0.3980298787355423,-0.39680321514606476
Seam_Cells_Left,0.26108087599277496,-0.3995174169540405,-0.38929180800914764
Seam_Cells_Left,0.26790618151426315,-0.40100495517253876,-0.38178040087223053
Seam_Cells_Left,0.25116173923015594,-0.4866086095571518,-0.3913249224424362
Seam_Cells_Left,0.22965337336063385,-0.4841322600841522,-0.40892256796360016
Seam_Cells_Left,0.25116173923015594,-0.48165591061115265,-0.4265202134847641
Seam_Cells_Left,0.27267010509967804,-0.4841322600841522,-0.40892256796360016
Seam_Cells_Left,0.2681758999824524,-0.6469329297542572,-0.4334357678890228
Seam_Cells_Left,0.2344280332326889,-0.6453953087329865,-0.4586728811264038
Seam_Cells_Left,0.20068016648292542,-0.6469329297542572,-0.4334357678890228
Seam_Cells_Left,0.2344280332326889,-0.648470550775528,-0.40819865465164185
Seam_Cells_Left,0.2429083101451397,-0.7853861749172211,-0.42541107535362244
Seam_Cells_Left,0.22129999846220016,-0.7859093248844147,-0.44301946461200714
Seam_Cells_Left,0.2429083101451397,-0.7864324748516083,-0.46062785387039185
Seam_Cells_Left,0.2645166218280792,-0.7859093248844147,-0.44301946461200714
Seam_Cells_Left,0.2628335952758789,-0.8481761366128922,-0.44294454902410507
Seam_Cells_Left,0.2554747126996517,-0.8491722941398621,-0.4504622370004654
Seam_Cells_Left,0.24811583012342453,-0.8481761366128922,-0.44294454902410507
Seam_Cells_Left,0.2554747126996517,-0.8471799790859222,-0.43542686104774475
Seam_Cells_Left,0.2550131753087044,-0.862579733133316,-0.4298407882452011
Seam_Cells_Left,0.2475215643644333,-0.8640436679124832,-0.4374281018972397
Seam_Cells_Left,0.2550131753087044,-0.8655076026916504,-0.44501541554927826
Seam_Cells_Left,0.26250478625297546,-0.8640436679124832,-0.4374281018972397
Seam_Cells_Left,0.2615452706813812,-0.9675919413566589,-0.41684406250715256
Seam_Cells_Left,0.2418670579791069,-0.9698898494243622,-0.43416351079940796
Seam_Cells_Left,0.22218884527683258,-0.9675919413566589,-0.41684406250715256
Seam_Cells_Left,0.2418670579791069,-0.9652940332889557,-0.39952461421489716
Seam_Cells_Left,0.23107453435659409,-1.1051939129829407,-0.36518122255802155
Seam_Cells_Left,0.20188120007514954,-1.1089838743209839,-0.3889992833137512
Seam_Cells_Left,0.23107453435659409,-1.1127738952636719,-0.4128173440694809
Seam_Cells_Left,0.26026786863803864,-1.1089839339256287,-0.3889992833137512
Seam_Cells_Left,0.2595921605825424,-1.221994936466217,-0.3520910441875458
Seam_Cells_Left,0.23975438997149467,-1.226244330406189,-0.3680429756641388
Seam_Cells_Left,0.21991661936044693,-1.2219948768615723,-0.3520910441875458
Seam_Cells_Left,0.23975438997149467,-1.2177454829216003,-0.33613911271095276
Seam_Cells_Left,0.25019635632634163,-1.295911729335785,-0.3140932470560074
Seam_Cells_Left,0.24180980771780014,-1.2987054884433746,-0.32102467864751816
Seam_Cells_Left,0.25019635632634163,-1.3014992475509644,-0.32795611023902893
Seam_Cells_Left,0.2585829049348831,-1.2987054884433746,-0.32102467864751816
Seam_Cells_Left,0.25742967426776886,-1.3165737390518188,-0.312540702521801
Seam_Cells_Left,0.24947013333439827,-1.3194572925567627,-0.3190178722143173
Seam_Cells_Left,0.24151059240102768,-1.3165737390518188,-0.312540702521801
Seam_Cells_Left,0.24947013333439827,-1.313690185546875,-0.30606353282928467
Seam_Cells_Left,0.23713742196559906,-1.3909154534339905,-0.2568046748638153
Seam_Cells_Left,0.21665117144584656,-1.3972561955451965,-0.27025306224823
Seam_Cells_Left,0.23713742196559906,-1.4035969376564026,-0.28370144963264465
Seam_Cells_Left,0.25762367248535156,-1.3972561955451965,-0.27025306224823
Seam_Cells_Left,0.25915198028087616,-1.523787021636963,-0.19897596910595894
Seam_Cells_Left,0.22739915177226067,-1.5333325862884521,-0.21724942326545715
Seam_Cells_Left,0.19564632326364517,-1.523787021636963,-0.19897596910595894
Seam_Cells_Left,0.22739915177226067,-1.5142414569854736,-0.18070251494646072
Seam_Cells_Left,0.23680264502763748,-1.6231080293655396,-0.12258108332753181
Seam_Cells_Left,0.2148885875940323,-1.6303932666778564,-0.1352071426808834
Seam_Cells_Left,0.23680264502763748,-1.6376785039901733,-0.147833202034235
Seam_Cells_Left,0.2587167024612427,-1.6303932666778564,-0.1352071426808834
Seam_Cells_Left,0.25729668140411377,-1.6936574876308441,-0.09804313257336617
Seam_Cells_Left,0.24752776697278023,-1.6973657011985779,-0.10461368411779404
Seam_Cells_Left,0.23775885254144669,-1.6936574876308441,-0.09804313257336617
Seam_Cells_Left,0.24752776697278023,-1.6899492740631104,-0.0914725810289383
Seam_Cells_Left,0.24711814895272255,-1.711076021194458,-0.07908505201339722
Seam_Cells_Left,0.23767339438199997,-1.7145761847496033,-0.0854853168129921
Seam_Cells_Left,0.24711814895272255,-1.7180763483047485,-0.09188558161258698
Seam_Cells_Left,0.25656290352344513,-1.7145761847496033,-0.0854853168129921
Seam_Cells_Left,0.2574506551027298,-1.7829244434833527,-0.04002898745238781
Seam_Cells_Left,0.2409985288977623,-1.7890698909759521,-0.05055330693721771
Seam_Cells_Left,0.22454898804426193,-1.7829244434833527,-0.04002898745238781
Seam_Cells_Left,0.24100111424922943,-1.7767789959907532,-0.029504667967557907
Seam_Cells_Left,0.23172766715288162,-1.8890498876571655,0.05286990478634834
Seam_Cells_Left,0.20560477674007416,-1.8980694711208344,0.037314947694540024
Seam_Cells_Left,0.23171962052583694,-1.9070890545845032,0.021759990602731705
Seam_Cells_Left,0.2578425109386444,-1.8980694711208344,0.037314947694540024
Seam_Cells_Left,0.25657904893159866,-2.0049845576286316,0.10788147710263729
Seam_Cells_Left,0.22993917390704155,-2.0139644145965576,0.0918758437037468
Seam_Cells_Left,0.20331506058573723,-2.0049845576286316,0.10788147710263729
Seam_Cells_Left,0.22995493561029434,-1.9960047006607056,0.12388711050152779
Seam_Cells_Left,0.2326875664293766,-2.106754779815674,0.18584268540143967
Seam_Cells_Left,0.21526143699884415,-2.112557888031006,0.17511038482189178
Seam_Cells_Left,0.23267284780740738,-2.118360996246338,0.1643780842423439
Seam_Cells_Left,0.25009897723793983,-2.112557888031006,0.17511038482189178
Seam_Cells_Left,0.24369841441512108,-2.1791951060295105,0.2147485353052616
Seam_Cells_Left,0.23349379375576973,-2.182093024253845,0.20842468738555908
Seam_Cells_Left,0.2232937552034855,-2.1791951060295105,0.2147485353052616
Seam_Cells_Left,0.23349837586283684,-2.176297187805176,0.22107238322496414
Seam_Cells_Left,0.23205487057566643,-2.195662498474121,0.23148630559444427
Seam_Cells_Left,0.22193222492933273,-2.1983628273010254,0.22495298832654953
Seam_Cells_Left,0.23205415531992912,-2.2010631561279297,0.21841967105865479
Seam_Cells_Left,0.24217680096626282,-2.1983628273010254,0.22495298832654953
Seam_Cells_Left,0.23714673146605492,-2.2439757585525513,0.2508959285914898
Seam_Cells_Left,0.22104858607053757,-2.2481523752212524,0.2407907173037529
Seam_Cells_Left,0.20495540276169777,-2.2439757585525513,0.2508959285914898
Seam_Cells_Left,0.22105354815721512,-2.23979914188385,0.2610011398792267
Seam_Cells_Left,0.19963467866182327,-2.329327940940857,0.3141913563013077
Seam_Cells_Left,0.17379991337656975,-2.335676074028015,0.29883207380771637
Seam_Cells_Left,0.19961895421147346,-2.3420242071151733,0.28347279131412506
Seam_Cells_Left,0.225453719496727,-2.335676074028015,0.29883207380771637
Seam_Cells_Left,0.21325277909636497,-2.4399466514587402,0.3457399308681488
Seam_Cells_Left,0.18656285852193832,-2.4459493160247803,0.3303440809249878
Seam_Cells_Left,0.1598893515765667,-2.4399466514587402,0.3457399308681488
Seam_Cells_Left,0.18657927215099335,-2.4339439868927,0.3611357808113098
Seam_Cells_Left,0.18358851969242096,-2.5524216890335083,0.40007808804512024
Seam_Cells_Left,0.16657326370477676,-2.5557897686958313,0.3897394612431526
Seam_Cells_Left,0.18358244746923447,-2.5591578483581543,0.379400834441185
Seam_Cells_Left,0.20059770345687866,-2.5557897686958313,0.3897394612431526
Seam_Cells_Left,0.19207709282636642,-2.6314194798469543,0.4164031967520714
Seam_Cells_Left,0.1821112260222435,-2.6330597400665283,0.4098464548587799
Seam_Cells_Left,0.1721465401351452,-2.6314194798469543,0.4164031967520714
Seam_Cells_Left,0.1821124069392681,-2.6297792196273804,0.42295993864536285
Seam_Cells_Left,0.18114222958683968,-2.6449939012527466,0.42813484370708466
Seam_Cells_Left,0.1715572215616703,-2.646404981613159,0.42178749293088913
Seam_Cells_Left,0.18114152550697327,-2.6478160619735718,0.4154401421546936
Seam_Cells_Left,0.19072653353214264,-2.646404981613159,0.42178749293088913
Seam_Cells_Left,0.18519943952560425,-2.7007709741592407,0.43787891417741776
Seam_Cells_Left,0.17014499008655548,-2.702987313270569,0.4279084652662277
Seam_Cells_Left,0.15509136393666267,-2.7007709741592407,0.43787891417741776
Seam_Cells_Left,0.17014581337571144,-2.6985546350479126,0.4478493630886078
Seam_Cells_Left,0.14990710839629173,-2.7921169996261597,0.47969212383031845
Seam_Cells_Left,0.1275503784418106,-2.7954774498939514,0.46457522362470627
Seam_Cells_Left,0.14990677312016487,-2.7988377809524536,0.4494583159685135
Seam_Cells_Left,0.172263503074646,-2.795477330684662,0.46457521617412567
Seam_Cells_Left,0.15853001922369003,-2.882658541202545,0.48954857885837555
Seam_Cells_Left,0.13526885956525803,-2.886546015739441,0.4720615968108177
Seam_Cells_Left,0.11200770735740662,-2.8826587796211243,0.48954860866069794
Seam_Cells_Left,0.13526886701583862,-2.8787713050842285,0.5070355907082558
Seam_Cells_Left,0.12887685000896454,-2.9571425914764404,0.5271956473588943
Seam_Cells_Left,0.11226033046841621,-2.9604705572128296,0.5125222578644753
Seam_Cells_Left,0.1288776993751526,-2.96379816532135,0.49784884601831436
Seam_Cells_Left,0.1454942189157009,-2.960470199584961,0.5125222355127335
Seam_Cells_Left,0.13110274448990822,-3.035668730735779,0.5355374366044998
Seam_Cells_Left,0.12178833037614822,-3.037588953971863,0.5264278948307037
Seam_Cells_Left,0.1124737486243248,-3.035668969154358,0.535537451505661
Seam_Cells_Left,0.1217881627380848,-3.033748745918274,0.5446469932794571
Seam_Cells_Left,0.11941543966531754,-3.080120801925659,0.5531066507101059
Seam_Cells_Left,0.11475268006324768,-3.0808956027030945,0.5485094636678696
Seam_Cells_Left,0.11941444873809814,-3.08167040348053,0.543912261724472
Seam_Cells_Left,0.124077208340168,-3.0808956027030945,0.5485094487667084
Seam_Cells_Left,0.12101124599575996,-3.0883010625839233,0.5500346422195435
Seam_Cells_Right,-0.15981295704841614,-3.088301420211792,0.5500345826148987
Seam_Cells_Right,-0.16111311316490173,-3.080895960330963,0.548509418964386
Seam_Cells_Right,-0.1564510576426983,-3.081670880317688,0.5439122319221497
Seam_Cells_Right,-0.15178900212049484,-3.080895960330963,0.5485094338655472
Seam_Cells_Right,-0.1564510576426983,-3.0801210403442383,0.5531066209077835
Seam_Cells_Right,-0.15611930936574936,-3.033748984336853,0.5446469932794571
Seam_Cells_Right,-0.1468055173754692,-3.0356690883636475,0.535537451505661
Seam_Cells_Right,-0.15611930936574936,-3.037589192390442,0.5264278948307037
Seam_Cells_Right,-0.1654331013560295,-3.0356690883636475,0.5355374366044998
Seam_Cells_Right,-0.17370567843317986,-2.9604705572128296,0.5125222355127335
Seam_Cells_Right,-0.15708956494927406,-2.9637982845306396,0.49784883856773376
Seam_Cells_Right,-0.14047345519065857,-2.9604705572128296,0.5125222504138947
Seam_Cells_Right,-0.15708956867456436,-2.9571428298950195,0.5271956473588943
Seam_Cells_Right,-0.1601516753435135,-2.8787715435028076,0.5070355981588364
Seam_Cells_Right,-0.13689079135656357,-2.882658898830414,0.48954860121011734
Seam_Cells_Right,-0.1601516678929329,-2.88654625415802,0.4720615893602371
Seam_Cells_Right,-0.1834125518798828,-2.882658898830414,0.48954858630895615
Seam_Cells_Right,-0.19555605575442314,-2.795477569103241,0.46457521617412567
Seam_Cells_Right,-0.17319893464446068,-2.7988380193710327,0.4494583159685135
Seam_Cells_Right,-0.1508418172597885,-2.795477569103241,0.46457521617412567
Seam_Cells_Right,-0.17319893836975098,-2.792117118835449,0.47969211637973785
Seam_Cells_Right,-0.18839631974697113,-2.6985548734664917,0.4478493332862854
Seam_Cells_Right,-0.17334214597940445,-2.70077121257782,0.43787889182567596
Seam_Cells_Right,-0.18839631974697113,-2.702987551689148,0.42790845036506653
Seam_Cells_Right,-0.2034504935145378,-2.70077121257782,0.43787889182567596
Seam_Cells_Right,-0.20749566331505775,-2.6464052200317383,0.42178747057914734
Seam_Cells_Right,-0.19791191071271896,-2.6478161811828613,0.4154401123523712
Seam_Cells_Right,-0.18832816183567047,-2.6464052200317383,0.42178747057914734
Seam_Cells_Right,-0.19791191443800926,-2.6449942588806152,0.42813482880592346
Seam_Cells_Right,-0.19898290932178497,-2.62977933883667,0.42295992374420166
Seam_Cells_Right,-0.18901865184307098,-2.631419599056244,0.4164031744003296
Seam_Cells_Right,-0.19898290559649467,-2.633059859275818,0.4098464250564575
Seam_Cells_Right,-0.20894716307520866,-2.631419599056244,0.4164031744003296
Seam_Cells_Right,-0.21440783888101578,-2.555789828300476,0.3897394463419914
Seam_Cells_Right,-0.19739793986082077,-2.559157967567444,0.379400834441185
Seam_Cells_Right,-0.18038804084062576,-2.555789828300476,0.3897394463419914
Seam_Cells_Right,-0.19739793986082077,-2.5524216890335083,0.40007805824279785
Seam_Cells_Right,-0.1984267346560955,-2.4339441061019897,0.3611357659101486
Seam_Cells_Right,-0.17174912989139557,-2.43994677066803,0.3457399308681488
Seam_Cells_Right,-0.1984267346560955,-2.44594943523407,0.330344095826149
Seam_Cells_Right,-0.22510433942079544,-2.43994677066803,0.3457399308681488
Seam_Cells_Right,-0.23880181089043617,-2.335676431655884,0.2988320663571358
Seam_Cells_Right,-0.21298203244805336,-2.342024564743042,0.28347279131412506
Seam_Cells_Right,-0.18716225773096085,-2.335676431655884,0.2988320663571358
Seam_Cells_Right,-0.21298203617334366,-2.3293282985687256,0.3141913414001465
Seam_Cells_Right,-0.23539447411894798,-2.2397994995117188,0.2610011249780655
Seam_Cells_Right,-0.21930785477161407,-2.24397611618042,0.2508959174156189
Seam_Cells_Right,-0.23539447039365768,-2.248152732849121,0.2407907098531723
Seam_Cells_Right,-0.2514810897409916,-2.24397611618042,0.2508959174156189
Seam_Cells_Right,-0.2574883848428726,-2.1983630061149597,0.22495297715067863
Seam_Cells_Right,-0.247373815625906,-2.2010632753372192,0.2184196561574936
Seam_Cells_Right,-0.23725924640893936,-2.1983630061149597,0.22495297715067863
Seam_Cells_Right,-0.247373815625906,-2.1956627368927,0.23148629814386368
Seam_Cells_Right,-0.24954025819897652,-2.176297426223755,0.22107237577438354
Seam_Cells_Right,-0.23934581130743027,-2.179195284843445,0.21474852412939072
Seam_Cells_Right,-0.24954025819897652,-2.1820931434631348,0.2084246724843979
Seam_Cells_Right,-0.25973470509052277,-2.179195284843445,0.21474852412939072
Seam_Cells_Right,-0.26648038625717163,-2.1125581860542297,0.17511038854718208
Seam_Cells_Right,-0.24907127767801285,-2.1183613538742065,0.1643780767917633
Seam_Cells_Right,-0.23166216909885406,-2.1125581860542297,0.17511038854718208
Seam_Cells_Right,-0.24907127767801285,-2.106755018234253,0.18584270030260086
Seam_Cells_Right,-0.24868641048669815,-1.9960049390792847,0.12388713285326958
Seam_Cells_Right,-0.22340139746665955,-2.0049848556518555,0.10788149200379848
Seam_Cells_Right,-0.24868640303611755,-2.0139647722244263,0.09187585115432739
Seam_Cells_Right,-0.27397141605615616,-2.0049848556518555,0.10788149200379848
Seam_Cells_Right,-0.2757239565253258,-1.898069679737091,0.037314947694540024
Seam_Cells_Right,-0.2509481683373451,-1.9070892930030823,0.021759990602731705
Seam_Cells_Right,-0.22617238759994507,-1.898069679737091,0.037314947694540024
Seam_Cells_Right,-0.2509481757879257,-1.8890500664710999,0.05286990478634834
Seam_Cells_Right,-0.25881490111351013,-1.7767791152000427,-0.0295046828687191
Seam_Cells_Right,-0.24236541986465454,-1.7829245924949646,-0.040029002353549004
Seam_Cells_Right,-0.25881490111351013,-1.7890700697898865,-0.050553321838378906
Seam_Cells_Right,-0.2752643823623657,-1.7829245924949646,-0.040029002353549004
Seam_Cells_Right,-0.27487120032310486,-1.7145762741565704,-0.08548533171415329
Seam_Cells_Right,-0.2654264345765114,-1.7180763483047485,-0.09188559651374817
Seam_Cells_Right,-0.2559816688299179,-1.7145762741565704,-0.08548533171415329
Seam_Cells_Right,-0.2654264345765114,-1.7110762000083923,-0.07908506691455841
Seam_Cells_Right,-0.2646121457219124,-1.6899495124816895,-0.09147258847951889
Seam_Cells_Right,-0.25484320521354675,-1.693657636642456,-0.09804314374923706
Seam_Cells_Right,-0.2646121457219124,-1.6973657608032227,-0.10461369901895523
Seam_Cells_Right,-0.274381086230278,-1.693657636642456,-0.09804314374923706
Seam_Cells_Right,-0.2738041430711746,-1.6303935647010803,-0.1352071426808834
Seam_Cells_Right,-0.2549307681620121,-1.6376787424087524,-0.1478332094848156
Seam_Cells_Right,-0.23605739325284958,-1.6303935050964355,-0.1352071464061737
Seam_Cells_Right,-0.2549307681620121,-1.6231083273887634,-0.12258107960224152
Seam_Cells_Right,-0.24720417335629463,-1.5142416954040527,-0.18070251122117043
Seam_Cells_Right,-0.2214060164988041,-1.5237871706485748,-0.19897598400712013
Seam_Cells_Right,-0.24720416218042374,-1.5333327054977417,-0.21724945306777954
Seam_Cells_Right,-0.2730023190379143,-1.5237872302532196,-0.19897598028182983
Seam_Cells_Right,-0.27045439928770065,-1.397256314754486,-0.2702530771493912
Seam_Cells_Right,-0.25288213044404984,-1.4035970568656921,-0.28370147943496704
Seam_Cells_Right,-0.2353098727762699,-1.397256314754486,-0.2702530771493912
Seam_Cells_Right,-0.25288214161992073,-1.39091557264328,-0.2568046748638153
Seam_Cells_Right,-0.26133058592677116,-1.3136903047561646,-0.30606356263160706
Seam_Cells_Right,-0.25337105244398117,-1.3165739178657532,-0.3125407323241234
Seam_Cells_Right,-0.26133058592677116,-1.3194575309753418,-0.3190179020166397
Seam_Cells_Right,-0.26929011940956116,-1.3165739178657532,-0.3125407323241234
Seam_Cells_Right,-0.26870423555374146,-1.298705667257309,-0.32102472335100174
Seam_Cells_Right,-0.26031769067049026,-1.3014994263648987,-0.3279561400413513
Seam_Cells_Right,-0.2519311457872391,-1.298705667257309,-0.32102472335100174
Seam_Cells_Right,-0.26031769067049026,-1.2959119081497192,-0.31409330666065216
Seam_Cells_Right,-0.2502700798213482,-1.2177456617355347,-0.33613917231559753
Seam_Cells_Right,-0.23311055451631546,-1.2219950258731842,-0.35209108144044876
Seam_Cells_Right,-0.2502700798213482,-1.2262444496154785,-0.3680429905653
Seam_Cells_Right,-0.2674296051263809,-1.221995085477829,-0.35209108144044876
Seam_Cells_Right,-0.2668192386627197,-1.1089840829372406,-0.3889992833137512
Seam_Cells_Right,-0.24303186684846878,-1.1127740740776062,-0.4128173440694809
Seam_Cells_Right,-0.21924449503421783,-1.1089840233325958,-0.3889992833137512
Seam_Cells_Right,-0.24303186684846878,-1.1051940321922302,-0.36518122255802155
Seam_Cells_Right,-0.24989427626132965,-0.96529421210289,-0.4003707617521286
Seam_Cells_Right,-0.23294378817081451,-0.9675921350717545,-0.4176902174949646
Seam_Cells_Right,-0.24989427626132965,-0.9698900580406189,-0.4350096732378006
Seam_Cells_Right,-0.2668447643518448,-0.9675921350717545,-0.4176902174949646
Seam_Cells_Right,-0.26822637021541595,-0.8640438616275787,-0.4382742643356323
Seam_Cells_Right,-0.26073475554585457,-0.8655077815055847,-0.4458615779876709
Seam_Cells_Right,-0.2532431408762932,-0.8640438616275787,-0.4382742643356323
Seam_Cells_Right,-0.26073475554585457,-0.8625799417495728,-0.43068695068359375
Seam_Cells_Right,-0.26162973046302795,-0.8471801280975342,-0.43406684696674347
Seam_Cells_Right,-0.25427083671092987,-0.8481763005256653,-0.4415845349431038
Seam_Cells_Right,-0.26162973046302795,-0.8491724729537964,-0.4491022229194641
Seam_Cells_Right,-0.26898862421512604,-0.8481763005256653,-0.4415845349431038
Seam_Cells_Right,-0.2702522277832031,-0.7859094887971878,-0.44165946543216705
Seam_Cells_Right,-0.2545270472764969,-0.7864326536655426,-0.45926785469055176
Seam_Cells_Right,-0.23880186676979065,-0.7859094887971878,-0.44165946543216705
Seam_Cells_Right,-0.2545270472764969,-0.785386323928833,-0.42405107617378235
Seam_Cells_Right,-0.2536737322807312,-0.6484707295894623,-0.40819862484931946
Seam_Cells_Right,-0.2317487895488739,-0.6469331085681915,-0.43343573808670044
Seam_Cells_Right,-0.2536737322807312,-0.6453954875469208,-0.4586728513240814
Seam_Cells_Right,-0.2755986750125885,-0.6469331085681915,-0.43343573808670044
Seam_Cells_Right,-0.2821899354457855,-0.48413243889808655,-0.4089225083589554
Seam_Cells_Right,-0.266621358692646,-0.481656089425087,-0.4265201538801193
Seam_Cells_Right,-0.25105278193950653,-0.48413243889808655,-0.4089225083589554
Seam_Cells_Right,-0.266621358692646,-0.4866087883710861,-0.39132486283779144
Seam_Cells_Right,-0.2784014269709587,-0.4010051339864731,-0.38178034126758575
Seam_Cells_Right,-0.2715761363506317,-0.39951759576797485,-0.38929174840450287
Seam_Cells_Right,-0.2784014269709587,-0.3980300575494766,-0.39680315554142
Seam_Cells_Right,-0.2852267175912857,-0.39951759576797485,-0.38929174840450287
Seam_Cells_Right,-0.2856152206659317,-0.38548655807971954,-0.3841355890035629
Seam_Cells_Right,-0.2791302278637886,-0.3835231810808182,-0.3911384642124176
Seam_Cells_Right,-0.2726452350616455,-0.38548655807971954,-0.3841355890035629
Seam_Cells_Right,-0.2791302278637886,-0.3874499350786209,-0.37713271379470825
Seam_Cells_Right,-0.2724717818200588,-0.3045133650302887,-0.33604735136032104
Seam_Cells_Right,-0.2571346387267113,-0.29948168247938156,-0.3517901673913002
Seam_Cells_Right,-0.2724717818200588,-0.2944499999284744,-0.36753298342227936
Seam_Cells_Right,-0.28780892491340637,-0.29948168247938156,-0.3517901673913002
Seam_Cells_Right,-0.29119500517845154,-0.17816635593771935,-0.30611835420131683
Seam_Cells_Right,-0.2690077945590019,-0.1709858477115631,-0.3282521814107895
Seam_Cells_Right,-0.246820580214262,-0.17816635593771935,-0.30611835420131683
Seam_Cells_Right,-0.2690077908337116,-0.18534686416387558,-0.2839845269918442
Seam_Cells_Right,-0.27744609117507935,-0.03935829922556877,-0.23190131038427353
Seam_Cells_Right,-0.2620709575712681,-0.0341506153345108,-0.24695829302072525
Seam_Cells_Right,-0.27744609490036964,-0.028942931443452835,-0.26201527565717697
Seam_Cells_Right,-0.2928212285041809,-0.0341506153345108,-0.24695829302072525
Seam_Cells_Right,-0.29310281574726105,0.07490257918834686,-0.2002217136323452
Seam_Cells_Right,-0.28575263172388077,0.07774662226438522,-0.20729122310876846
Seam_Cells_Right,-0.2784024477005005,0.07490257918834686,-0.2002217136323452
Seam_Cells_Right,-0.28575263172388077,0.0720585361123085,-0.19315220415592194
Seam_Cells_Right,-0.28453535586595535,0.08751621097326279,-0.18477659672498703
Seam_Cells_Right,-0.27694691717624664,0.09050525724887848,-0.19205369427800179
Seam_Cells_Right,-0.28453535586595535,0.09349430352449417,-0.19933079183101654
Seam_Cells_Right,-0.29212379455566406,0.09050525724887848,-0.19205369427800179
Seam_Cells_Right,-0.2915462404489517,0.15283574908971786,-0.16049416549503803
Seam_Cells_Right,-0.276015505194664,0.15932680293917656,-0.1746605932712555
Seam_Cells_Right,-0.260484766215086,0.15283574908971786,-0.16049416549503803
Seam_Cells_Right,-0.2760155014693737,0.14634469524025917,-0.14632773771882057
Seam_Cells_Right,-0.27102865651249886,0.28501715511083603,-0.06550400797277689
Seam_Cells_Right,-0.2491137497127056,0.2942120246589184,-0.08479046588763595
Seam_Cells_Right,-0.27102866023778915,0.30340689420700073,-0.104076923802495
Seam_Cells_Right,-0.2929435670375824,0.2942120246589184,-0.08479046588763595
Seam_Cells_Right,-0.2946259677410126,0.4582003280520439,0.003420834895223379
Seam_Cells_Right,-0.2790491506457329,0.46455059945583344,-0.010116269811987877
Seam_Cells_Right,-0.2634723335504532,0.4582003280520439,0.003420834895223379
Seam_Cells_Right,-0.2790491506457329,0.4518500566482544,0.016957939602434635
Seam_Cells_Right,-0.28764844685792923,0.5388013422489166,0.053115300834178925
Seam_Cells_Right,-0.280474916100502,0.5416336804628372,0.04683835059404373
Seam_Cells_Right,-0.28764844685792923,0.544465959072113,0.04056140314787626
Seam_Cells_Right,-0.29482197761535645,0.5416336208581924,0.046838353388011456
Seam_Cells_Right,-0.2951192408800125,0.5566426366567612,0.055893270298838615
Seam_Cells_Right,-0.28831567615270615,0.5596745908260345,0.05011619906872511
Seam_Cells_Right,-0.2815121114253998,0.5566427558660507,0.05589326377958059
Seam_Cells_Right,-0.28831567615270615,0.5536108016967773,0.0616703350096941
Seam_Cells_Right,-0.27696965634822845,0.6350191533565521,0.1131853386759758
Seam_Cells_Right,-0.26223045587539673,0.6413598358631134,0.09962153993546963
Seam_Cells_Right,-0.27696966379880905,0.6477004587650299,0.08605774492025375
Seam_Cells_Right,-0.2917088642716408,0.6413597762584686,0.09962154366075993
Seam_Cells_Right,-0.2837717905640602,0.7654765844345093,0.16251316852867603
Seam_Cells_Right,-0.2622642032802105,0.7717514634132385,0.1411941535770893
Seam_Cells_Right,-0.24075661227107048,0.7654765844345093,0.16251316852867603
Seam_Cells_Right,-0.2622641995549202,0.75920170545578,0.18383218348026276
Seam_Cells_Right,-0.2607254609465599,0.9099251627922058,0.23439576476812363
Seam_Cells_Right,-0.2450510524213314,0.912297248840332,0.21816490218043327
Seam_Cells_Right,-0.2607254572212696,0.9146693348884583,0.20193403959274292
Seam_Cells_Right,-0.2763998657464981,0.912297248840332,0.21816490218043327
Seam_Cells_Right,-0.2736243009567261,1.0213131308555603,0.251846008002758
Seam_Cells_Right,-0.2663857564330101,1.0219755172729492,0.2437145709991455
Seam_Cells_Right,-0.25914721190929413,1.0213131308555603,0.251846008002758
Seam_Cells_Right,-0.2663857564330101,1.0206507444381714,0.25997744500637054
Seam_Cells_Right,-0.26673660427331924,1.039361834526062,0.2643120288848877
Seam_Cells_Right,-0.25984540581703186,1.0398294031620026,0.25623197108507156
Seam_Cells_Right,-0.26673660427331924,1.0402969717979431,0.24815191328525543
Seam_Cells_Right,-0.27362780272960663,1.0398294031620026,0.25623197108507156
Seam_Cells_Right,-0.2734661027789116,1.1011996567249298,0.26626622304320335
Seam_Cells_Right,-0.2581339478492737,1.1021548509597778,0.248710535466671
Seam_Cells_Right,-0.24280178174376488,1.1011996567249298,0.26626622304320335
Seam_Cells_Right,-0.2581339366734028,1.1002444624900818,0.2838219106197357
Seam_Cells_Right,-0.2526202090084553,1.1964842081069946,0.3058478981256485
Seam_Cells_Right,-0.23052794858813286,1.1968377530574799,0.28044427558779716
Seam_Cells_Right,-0.25262022018432617,1.197191298007965,0.25504065304994583
Seam_Cells_Right,-0.2747124806046486,1.1968377530574799,0.28044427558779716
Seam_Cells_Right,-0.27529120445251465,1.2829028069972992,0.28469884395599365
Seam_Cells_Right,-0.25319894030690193,1.2815982699394226,0.2593062222003937
Seam_Cells_Right,-0.23110667616128922,1.2829028069972992,0.28469884395599365
Seam_Cells_Right,-0.25319894030690193,1.2842073440551758,0.31009146571159363
Seam_Cells_Right,-0.25902098044753075,1.4069697856903076,0.2962270528078079
Seam_Cells_Right,-0.24367470294237137,1.4057672321796417,0.2786024883389473
Seam_Cells_Right,-0.25902098044753075,1.4045646786689758,0.26097792387008667
Seam_Cells_Right,-0.2743672579526901,1.4057672321796417,0.2786024883389473
Seam_Cells_Right,-0.27383852005004883,1.492024540901184,0.27399884164333344
Seam_Cells_Right,-0.26702115684747696,1.491566002368927,0.2661644518375397
Seam_Cells_Right,-0.2602037936449051,1.492024540901184,0.27399884164333344
Seam_Cells_Right,-0.26702115684747696,1.4924830794334412,0.2818332314491272
Seam_Cells_Right,-0.26714297384023666,1.5054043531417847,0.28207674622535706
Seam_Cells_Right,-0.2603026032447815,1.5048687756061554,0.27422089874744415
Seam_Cells_Right,-0.26714297384023666,1.5043331980705261,0.26636505126953125
Seam_Cells_Right,-0.27398334443569183,1.5048687756061554,0.27422089874744415
Seam_Cells_Right,-0.2744816988706589,1.5816340148448944,0.2687559798359871
Seam_Cells_Right,-0.2591366209089756,1.5803335309028625,0.251139372587204
Seam_Cells_Right,-0.24379154294729233,1.5816340148448944,0.2687559798359871
Seam_Cells_Right,-0.2591366209089756,1.5829344987869263,0.2863725870847702
Seam_Cells_Right,-0.2533562146127224,1.6961947083473206,0.28484271466732025
Seam_Cells_Right,-0.2313123717904091,1.6933794915676117,0.25964150950312614
Seam_Cells_Right,-0.2533562146127224,1.6905642747879028,0.23444030433893204
Seam_Cells_Right,-0.2754000574350357,1.6933794915676117,0.25964150950312614
Seam_Cells_Right,-0.276572585105896,1.7805860936641693,0.24356473982334137
Seam_Cells_Right,-0.255064707249403,1.7761738896369934,0.21921440958976746
Seam_Cells_Right,-0.23355682939291,1.7805860936641693,0.24356473982334137
Seam_Cells_Right,-0.255064707249403,1.7849982976913452,0.2679150700569153
Seam_Cells_Right,-0.2627944014966488,1.8924312591552734,0.22995920479297638
Seam_Cells_Right,-0.24807875603437424,1.8887127339839935,0.21343451738357544
Seam_Cells_Right,-0.2627944014966488,1.8849942088127136,0.1969098299741745
Seam_Cells_Right,-0.27751004695892334,1.8887127339839935,0.21343451738357544
Seam_Cells_Right,-0.2773843854665756,1.9587320685386658,0.1932470239698887
Seam_Cells_Right,-0.2707405313849449,1.9569602608680725,0.1856342777609825
Seam_Cells_Right,-0.2640966773033142,1.9587320685386658,0.1932470239698887
Seam_Cells_Right,-0.2707405313849449,1.960503876209259,0.20085977017879486
Seam_Cells_Right,-0.2704603374004364,1.9757153987884521,0.19520946592092514
Seam_Cells_Right,-0.2637438625097275,1.974292665719986,0.1874280497431755
Seam_Cells_Right,-0.2704603374004364,1.9728699326515198,0.17964663356542587
Seam_Cells_Right,-0.2771768122911453,1.974292665719986,0.1874280497431755
Seam_Cells_Right,-0.2766905426979065,2.062806010246277,0.16305518709123135
Seam_Cells_Right,-0.2614598982036114,2.05911523103714,0.14645818248391151
Seam_Cells_Right,-0.24622925370931625,2.062806010246277,0.16305518709123135
Seam_Cells_Right,-0.2614598982036114,2.066496789455414,0.17965219169855118
Seam_Cells_Right,-0.2534652017056942,2.190873622894287,0.1525455266237259
Seam_Cells_Right,-0.23158911615610123,2.1851686835289,0.12913298979401588
Seam_Cells_Right,-0.2534652017056942,2.179463744163513,0.10572045296430588
Seam_Cells_Right,-0.27534128725528717,2.1851686835289,0.12913298979401588
Seam_Cells_Right,-0.2687138020992279,2.3060742616653442,0.09151193499565125
Seam_Cells_Right,-0.25338613614439964,2.301870107650757,0.0751785933971405
Seam_Cells_Right,-0.23805847018957138,2.3060742616653442,0.09151193499565125
Seam_Cells_Right,-0.25338613614439964,2.3102784156799316,0.10784527659416199
Seam_Cells_Right,-0.25576232746243477,2.393361210823059,0.07085463404655457
Seam_Cells_Right,-0.24897881597280502,2.391420602798462,0.06364861130714417
Seam_Cells_Right,-0.25576232746243477,2.3894799947738647,0.056442588567733765
Seam_Cells_Right,-0.2625458389520645,2.391420602798462,0.06364861130714417
Seam_Cells_Right,-0.2619442939758301,2.403964400291443,0.05869234353303909
Seam_Cells_Right,-0.25517749041318893,2.40230655670166,0.05143182724714279
Seam_Cells_Right,-0.2484106868505478,2.403964400291443,0.05869234353303909
Seam_Cells_Right,-0.25517749041318893,2.4056222438812256,0.0659528598189354
Seam_Cells_Right,-0.23970944434404373,2.4875216484069824,0.04730412736535072
Seam_Cells_Right,-0.22421013563871384,2.4841267466545105,0.030589208006858826
Seam_Cells_Right,-0.23970944434404373,2.4807318449020386,0.013874288648366928
Seam_Cells_Right,-0.2552087530493736,2.4841267466545105,0.030589208006858826
Seam_Cells_Right,-0.2397637516260147,2.6392868161201477,-0.013267498463392258
Seam_Cells_Right,-0.21795495972037315,2.635380744934082,-0.036990344524383545
Seam_Cells_Right,-0.1961461678147316,2.6392868161201477,-0.013267498463392258
Seam_Cells_Right,-0.21795495972037315,2.6431928873062134,0.01045534759759903
Seam_Cells_Right,-0.21145257353782654,2.7776421308517456,-0.02726491168141365
Seam_Cells_Right,-0.19654862582683563,2.7751850485801697,-0.04354797303676605
Seam_Cells_Right,-0.21145257353782654,2.7727279663085938,-0.059831034392118454
Seam_Cells_Right,-0.22635652124881744,2.7751850485801697,-0.04354797303676605
Seam_Cells_Right,-0.2213820144534111,2.835689961910248,-0.057522984221577644
Seam_Cells_Right,-0.21480291336774826,2.834385395050049,-0.06477556005120277
Seam_Cells_Right,-0.20822381228208542,2.835689961910248,-0.057522984221577644
Seam_Cells_Right,-0.21480291336774826,2.8369945287704468,-0.050270408391952515
Seam_Cells_Right,-0.2138253152370453,2.849024534225464,-0.05281035974621773
Seam_Cells_Right,-0.20763690024614334,2.848086416721344,-0.05997064337134361
Seam_Cells_Right,-0.2138253152370453,2.847148299217224,-0.0671309269964695
Seam_Cells_Right,-0.22001373022794724,2.848086416721344,-0.05997064337134361
Seam_Cells_Right,-0.21373271197080612,2.9502017498016357,-0.07159359939396381
Seam_Cells_Right,-0.2010611742734909,2.9486162662506104,-0.0864558182656765
Seam_Cells_Right,-0.1883896328508854,2.9502017498016357,-0.07159359939396381
Seam_Cells_Right,-0.2010611705482006,2.951787233352661,-0.05673138052225113
Seam_Cells_Right,-0.18876313045620918,3.0897358655929565,-0.06572607532143593
Seam_Cells_Right,-0.1711011938750744,3.0881166458129883,-0.0864893440157175
Seam_Cells_Right,-0.18876313418149948,3.08649742603302,-0.10725261270999908
Seam_Cells_Right,-0.20642507076263428,3.0881166458129883,-0.0864893440157175
Seam_Cells_Right,-0.20082713663578033,3.2050268054008484,-0.09110492281615734
Seam_Cells_Right,-0.18852227181196213,3.2043581008911133,-0.10560300573706627
Seam_Cells_Right,-0.17621740698814392,3.2050268054008484,-0.09110492281615734
Seam_Cells_Right,-0.18852227181196213,3.2056955099105835,-0.07660683989524841
Seam_Cells_Right,-0.19160154461860657,3.285561442375183,-0.0853334292769432
Seam_Cells_Right,-0.18606863915920258,3.2853631377220154,-0.09185675904154778
Seam_Cells_Right,-0.19160154461860657,3.2851648330688477,-0.09838008880615234
Seam_Cells_Right,-0.19713445007801056,3.2853631377220154,-0.09185675904154778
Seam_Cells_Right,-0.19761839509010315,3.2977630496025085,-0.091465899720788
Seam_Cells_Right,-0.1924518309533596,3.2975776195526123,-0.09755729511380196
Seam_Cells_Right,-0.18728526681661606,3.2977630496025085,-0.091465899720788
Seam_Cells_Right,-0.1924518309533596,3.297948479652405,-0.08537450432777405
Seam_Cells_Right,-0.1830146349966526,3.3837462663650513,-0.07168548181653023
Seam_Cells_Right,-0.17229437083005905,3.384312391281128,-0.08415453881025314
Seam_Cells_Right,-0.1830146349966526,3.3848785161972046,-0.09662359580397606
Seam_Cells_Right,-0.19373489916324615,3.384312391281128,-0.08415453881025314
Seam_Cells_Right,-0.18636373430490494,3.505944073200226,-0.07392147369682789
Seam_Cells_Right,-0.1714271940290928,3.5072734355926514,-0.09119779989123344
Seam_Cells_Right,-0.15649065375328064,3.505944073200226,-0.07392147369682789
Seam_Cells_Right,-0.1714271940290928,3.5046147108078003,-0.05664514750242233
Seam_Cells_Right,-0.15914224833250046,3.6431232690811157,-0.03441152721643448
Seam_Cells_Right,-0.14910901337862015,3.6445009112358093,-0.045940620824694633
Seam_Cells_Right,-0.15914225205779076,3.645878553390503,-0.05746971443295479
Seam_Cells_Right,-0.16917548701167107,3.6445009112358093,-0.045940620824694633
Seam_Cells_Right,-0.15364843234419823,3.747257113456726,-0.019142024219036102
Seam_Cells_Right,-0.15255483984947205,3.7583870887756348,-0.014823876321315765
Seam_Cells_Right,-0.14898812770843506,3.7484875917434692,-0.024406157433986664
Seam_Cells_Right,-0.14812151342630386,3.7593377828598022,-0.019874952733516693
Seam_Cells_Right,-0.1443278193473816,3.747257113456726,-0.019142024219036102
Seam_Cells_Right,-0.14368818700313568,3.7583870887756348,-0.014823876321315765
Seam_Cells_Right,-0.14898812398314476,3.746026635169983,-0.01387789100408554
Seam_Cells_Right,-0.14812151342630386,3.7574363946914673,-0.009772799909114838
Seam_Cells_Right,-0.14199304208159447,3.790189504623413,0.002057887613773346
Seam_Cells_Right,-0.13559992611408234,3.7914924025535583,-0.005242001265287399
Seam_Cells_Right,-0.14199304208159447,3.7927953004837036,-0.012541890144348145
Seam_Cells_Right,-0.1483861580491066,3.7914924025535583,-0.005242001265287399
Seam_Cells_Right,-0.13569428026676178,3.872032642364502,0.019725121557712555
Seam_Cells_Right,-0.12820011377334595,3.874021887779236,0.011270441114902496
Seam_Cells_Right,-0.12070594727993011,3.872032642364502,0.019725121557712555
Seam_Cells_Right,-0.12820011377334595,3.870043396949768,0.028179802000522614
Seam_Cells_Right,-0.11653875559568405,3.9396162033081055,0.053513020277023315
Seam_Cells_Right,-0.10937180370092392,3.94188129901886,0.04551351070404053
Seam_Cells_Right,-0.11653875559568405,3.9441463947296143,0.03751400113105774
Seam_Cells_Right,-0.12370570749044418,3.94188129901886,0.04551351070404053
Seam_Cells_Right,-0.11477414518594742,3.9766364097595215,0.05881064757704735
Seam_Cells_Right,-0.11023197695612907,3.978071928024292,0.053740836679935455
Seam_Cells_Right,-0.10568980872631073,3.9766364097595215,0.05881064757704735
Seam_Cells_Right,-0.11023197695612907,3.975200891494751,0.06388045847415924
Seam_Cells_Right,-0.10761082917451859,3.9939863681793213,0.06372344493865967
VC4,-0.0242881434969604,0.42715950310230255,-0.2483234778046608
VC4,0.001415351638570428,0.42715950310230255,-0.2483234778046608
VC4,-0.018714402802288532,0.4385935366153717,-0.24194489046931267
VC4,-0.004158392082899809,0.4385935366153717,-0.24194489046931267
VC4,-0.01373084238730371,0.4521455392241478,-0.23438477888703346
VC4,-0.009141955059021711,0.4521455392241478,-0.23438477888703346
VC4,-0.017862269887700677,0.4334206134080887,-0.2595469355583191
VC4,-0.005010521737858653,0.4334206134080887,-0.2595469355583191
VC4,-0.017862269654870033,0.4208983927965164,-0.2371000200510025
VC4,-0.005010522669181228,0.4208983927965164,-0.2371000200510025
VC4,-0.017862269887700677,0.41593605279922485,-0.25458458811044693
VC4,-0.0050105194095522165,0.41593605279922485,-0.25458458811044693
VC4,-0.015075398841872811,0.43504783511161804,-0.23558899015188217
VC4,-0.007797395810484886,0.43504783511161804,-0.23558899015188217
VC4,-0.015075401170179248,0.44213923811912537,-0.24830079078674316
VC4,-0.00779739348217845,0.44213923811912537,-0.24830079078674316
VC4,-0.012583621079102159,0.45299820601940155,-0.2359132319688797
VC4,-0.010289176367223263,0.45299820601940155,-0.2359132319688797
VC4,-0.01258361991494894,0.45129287242889404,-0.23285632580518723
VC4,-0.010289177298545837,0.45129287242889404,-0.23285632580518723
VC4,-0.012437533587217331,0.4673475995659828,-0.22557427734136581
VC4,-0.010435267118737102,0.4673475995659828,-0.22557427734136581
VC4,-0.013681931421160698,0.466442808508873,-0.22433585673570633
VC4,-0.009190869051963091,0.466442808508873,-0.22433585673570633
VC4,-0.013681933050975204,0.46825239062309265,-0.2268126979470253
VC4,-0.009190867654979229,0.46825239062309265,-0.2268126979470253
VC4,-0.01492633088491857,0.4673475995659828,-0.22557427734136581
VC4,-0.007946469588205218,0.4673475995659828,-0.22557427734136581
VC4,-0.02253116900101304,0.474441722035408,-0.21619798988103867
VC4,-0.00034163380041718483,0.4744417294859886,-0.21619798615574837
VC4,-0.021484683034941554,0.4754830002784729,-0.21696051210165024
VC4,-0.001388119999319315,0.4754830002784729,-0.21696051210165024
VC4,-0.021484681172296405,0.47340044379234314,-0.2154354676604271
VC4,-0.0013881216291338205,0.47340045869350433,-0.2154354639351368
VC4,-0.02043819520622492,0.474441722035408,-0.21619798988103867
VC4,-0.0024346078280359507,0.4744417294859886,-0.21619798988103867
VC4,-0.030736662913113832,0.4873267933726311,-0.1936992146074772
VC4,0.00786385452374816,0.48732680082321167,-0.1936992108821869
VC4,-0.03178314818069339,0.48611634224653244,-0.1932510957121849
VC4,0.008910341188311577,0.48611636459827423,-0.1932510882616043
VC4,-0.03178315097466111,0.4885372370481491,-0.19414733350276947
VC4,0.008910342119634151,0.4885372370481491,-0.19414732605218887
VC4,-0.03282963624224067,0.4873267859220505,-0.1936992146074772
VC4,0.009956828784197569,0.48732680082321167,-0.1936992034316063
VC4,-0.0361285749822855,0.4952697604894638,-0.17788168787956238
VC4,0.01325576612725854,0.4952697679400444,-0.17788168042898178
VC4,-0.034035603515803814,0.4952697679400444,-0.17788169160485268
VC4,0.01116279186680913,0.4952697679400444,-0.17788168415427208
VC4,-0.034035613760352135,0.49803829938173294,-0.16117899864912033
VC4,0.011162798386067152,0.49803832173347473,-0.16117899119853973
VC4,-0.035082099959254265,0.4967654198408127,-0.16089953109622002
VC4,0.01220928318798542,0.4967654272913933,-0.16089952364563942
VC4,-0.03508209902793169,0.4993111789226532,-0.16145846247673035
VC4,0.012209286913275719,0.4993112087249756,-0.16145846247673035
VC4,-0.03612858522683382,0.49803829938173294,-0.16117899492383003
VC4,0.013255771715193987,0.49803831428289413,-0.16117899492383003
VC4,-0.03612859733402729,0.5007685571908951,-0.144650686532259
VC4,0.01325577823445201,0.5007685720920563,-0.144650686532259
VC4,-0.03508211113512516,0.5020414292812347,-0.1449301540851593
VC4,0.012209293432533741,0.5020414590835571,-0.1449301540851593
VC4,-0.03508211113512516,0.4994956851005554,-0.14437121897935867
VC4,0.012209291104227304,0.499495692551136,-0.14437121525406837
VC4,-0.03403562493622303,0.5007685571908951,-0.144650686532259
VC4,0.011162806302309036,0.5007685795426369,-0.1446506828069687
VC4,-0.03508211299777031,0.5010216683149338,-0.14349789917469025
VC4,0.012209294829517603,0.5010216683149338,-0.14349789917469025
VC4,-0.035082085989415646,0.4938606023788452,-0.17590077593922615
VC4,0.012209274340420961,0.4938606098294258,-0.17590077221393585
VC4,-0.034035597927868366,0.49314209818840027,-0.17692967504262924
VC4,0.011162787210196257,0.49314211308956146,-0.17692966759204865
VC4,-0.036128572188317776,0.49314209073781967,-0.17692966759204865
VC4,0.013255760073661804,0.49314209818840027,-0.17692966386675835
VC4,-0.035082084126770496,0.4924235865473747,-0.17795856669545174
VC4,0.0122092729434371,0.4924236014485359,-0.17795855924487114
VC4,-0.03508207015693188,0.4868115782737732,-0.1634972281754017
VC4,0.012209258042275906,0.486811600625515,-0.1634972244501114
VC4,-0.03612855914980173,0.4880623146891594,-0.16317670419812202
VC4,0.013255744241178036,0.48806232213974,-0.16317670047283173
VC4,-0.03403558302670717,0.4880623146891594,-0.16317671164870262
VC4,0.011162772309035063,0.4880623370409012,-0.16317670419812202
VC4,-0.035082072019577026,0.4893130511045456,-0.16285618767142296
VC4,0.012209258507937193,0.4893130585551262,-0.16285618022084236
VC4,-0.03508205618709326,0.48553675413131714,-0.14498573169112206
VC4,0.012209239415824413,0.48553675413131714,-0.14498571678996086
VC4,-0.034035567194223404,0.48418091237545013,-0.14489614963531494
VC4,0.011162753216922283,0.48418092727661133,-0.14489614218473434
VC4,-0.03612854145467281,0.48418091237545013,-0.14489614591002464
VC4,0.013255726546049118,0.48418092727661133,-0.14489613845944405
VC4,-0.03508205246180296,0.48282507061958313,-0.14480656385421753
VC4,0.012209240347146988,0.4828251004219055,-0.14480656385421753
VC4,-0.035082047805190086,0.4845245033502579,-0.13969600200653076
VC4,0.012209232896566391,0.48452451825141907,-0.13969599455595016
VC4,-0.034035603515803814,0.4974396526813507,-0.17817723006010056
VC4,0.011162794660776854,0.4974396601319313,-0.17817722260951996
VC4,-0.03508208878338337,0.49726881086826324,-0.17691249400377274
VC4,0.01220928318798542,0.49726882576942444,-0.17691249400377274
VC4,-0.036128574050962925,0.4974396526813507,-0.17817723006010056
VC4,0.013255768921226263,0.4974396601319313,-0.17817722260951996
VC4,-0.03508208878338337,0.49761049449443817,-0.17944196611642838
VC4,0.012209280394017696,0.49761049449443817,-0.17944195121526718
VC4,-0.03508209064602852,0.5077801942825317,-0.16556768119335175
VC4,0.012209278531372547,0.5077801942825317,-0.16556767374277115
VC4,-0.03612857684493065,0.5067976042628288,-0.16483257338404655
VC4,0.013255765661597252,0.5067976117134094,-0.16483256965875626
VC4,-0.03508209157735109,0.5058150142431259,-0.16409746557474136
VC4,0.012209279462695122,0.5058150291442871,-0.16409746557474136
VC4,-0.03403560537844896,0.5067976042628288,-0.16483257338404655
VC4,0.011162792332470417,0.5067976117134094,-0.16483256965875626
VC4,-0.03403560817241669,0.5157237946987152,-0.14621665328741074
VC4,0.011162788607180119,0.5157237946987152,-0.14621664956212044
VC4,-0.03508209437131882,0.51439169049263,-0.14594873785972595
VC4,0.012209275737404823,0.51439169049263,-0.14594873785972595
VC4,-0.03612858057022095,0.5157237946987152,-0.14621665328741074
VC4,0.013255761004984379,0.5157237946987152,-0.14621664956212044
VC4,-0.03508209437131882,0.5170558989048004,-0.14648456871509552
VC4,0.012209273874759674,0.5170558989048004,-0.14648456126451492
VC4,-0.03508209437131882,0.5161890387535095,-0.14096146076917648
VC4,0.012209274806082249,0.5161890387535095,-0.1409614533185959
VC5,0.0014153514057397842,0.6774311065673828,-0.11995837092399597
VC5,-0.02428814396262169,0.6774311065673828,-0.11995837092399597
VC5,-0.004158390918746591,0.6653138995170593,-0.1249178797006607
VC5,-0.01871440140530467,0.6653138995170593,-0.1249178797006607
VC5,-0.009141952497884631,0.6509521752595901,-0.13079605251550674
VC5,-0.013730840058997273,0.6509521752595901,-0.13079605251550674
VC5,-0.005010521970689297,0.6822992563247681,-0.1318524181842804
VC5,-0.01786227012053132,0.6822992563247681,-0.1318524181842804
VC5,-0.005010522902011871,0.6725629568099976,-0.10806432366371155
VC5,-0.01786227012053132,0.6725629568099976,-0.10806432366371155
VC5,-0.0050105208065360785,0.6893251538276672,-0.11509020626544952
VC5,-0.01786227198317647,0.6893251538276672,-0.11509020626544952
VC5,-0.0077973948791623116,0.6625570356845856,-0.1181822195649147
VC5,-0.015075397677719593,0.6625570356845856,-0.1181822195649147
VC5,-0.007797392318025231,0.6680707633495331,-0.1316535398364067
VC5,-0.01507540000602603,0.6680707633495331,-0.1316535398364067
VC5,-0.010289173806086183,0.6516151428222656,-0.13241583108901978
VC5,-0.012583618750795722,0.6516151428222656,-0.13241583108901978
VC5,-0.0102891749702394,0.6502892076969147,-0.1291762739419937
VC5,-0.012583617586642504,0.6502892076969147,-0.1291762739419937
VC5,-0.01043526316061616,0.6345839351415634,-0.13718418776988983
VC5,-0.012437529396265745,0.6345839351415634,-0.13718418776988983
VC5,-0.00919086521025747,0.6341801881790161,-0.13570455461740494
VC5,-0.013681927230209112,0.6341801881790161,-0.13570455461740494
VC5,-0.009190863580442965,0.6349876821041107,-0.13866382092237473
VC5,-0.013681929092854261,0.6349876821041107,-0.13866382092237473
VC5,-0.007946465630084276,0.6345839351415634,-0.13718418776988983
VC5,-0.014926326926797628,0.6345839351415634,-0.13718418776988983
VC5,-0.0003416292602196336,0.6228302121162415,-0.13688166812062263
VC5,-0.022531163645908237,0.6228302121162415,-0.13688167184591293
VC5,-0.00138811522629112,0.6227768361568451,-0.13817118108272552
VC5,-0.02148467767983675,0.6227768361568451,-0.13817118108272552
VC5,-0.001388117321766913,0.6228835880756378,-0.13559215888381004
VC5,-0.021484676050022244,0.6228835880756378,-0.13559216260910034
VC5,-0.0024346032878383994,0.6228302121162415,-0.13688167184591293
VC5,-0.020438190083950758,0.6228302121162415,-0.13688167184591293
VC5,0.00786386162508279,0.5972072184085846,-0.1329215168952942
VC5,-0.03073665453121066,0.5972072184085846,-0.1329215168952942
VC5,0.008910347241908312,0.5976118743419647,-0.13169585540890694
VC5,-0.03178314073011279,0.5976118743419647,-0.13169585913419724
VC5,0.00891035026870668,0.5968025624752045,-0.13414717465639114
VC5,-0.03178314212709665,0.5968025624752045,-0.13414717465639114
VC5,0.0099568358855322,0.5972072184085846,-0.1329215131700039
VC5,-0.03282962832599878,0.5972072184085846,-0.1329215168952942
VC5,0.013255774043500423,0.5798891186714172,-0.1292652226984501
VC5,-0.03612856660038233,0.5798891186714172,-0.1292652226984501
VC5,0.011162800714373589,0.5798891186714172,-0.1292652264237404
VC5,-0.03403559327125549,0.5798891186714172,-0.1292652264237404
VC5,0.011162809561938047,0.5651063024997711,-0.12101214565336704
VC5,-0.034035601653158665,0.5651063024997711,-0.12101214937865734
VC5,0.012209296226501465,0.5656817406415939,-0.11984286084771156
VC5,-0.03508208692073822,0.5656817257404327,-0.11984286271035671
VC5,0.012209295760840178,0.5645308792591095,-0.12218142673373222
VC5,-0.03508208878338337,0.5645308792591095,-0.12218143045902252
VC5,0.013255782425403595,0.5651063174009323,-0.12101214192807674
VC5,-0.036128574050962925,0.5651063024997711,-0.1210121437907219
VC5,0.013255792437121272,0.5504837185144424,-0.112837890163064
VC5,-0.03612858336418867,0.5504836738109589,-0.1128378938883543
VC5,0.012209306005388498,0.5499082803726196,-0.11400717496871948
VC5,-0.035082098096609116,0.5499082505702972,-0.11400717869400978
VC5,0.012209306005388498,0.5510591268539429,-0.11166860722005367
VC5,-0.035082096233963966,0.5510590970516205,-0.11166861094534397
VC5,0.011162819573655725,0.5504836887121201,-0.11283789202570915
VC5,-0.03403561096638441,0.5504836738109589,-0.11283789575099945
VC5,0.012209307868033648,0.5494247525930405,-0.11231675930321217
VC5,-0.035082099959254265,0.5494247078895569,-0.11231676116585732
VC5,0.012209284584969282,0.5792195498943329,-0.12692826241254807
VC5,-0.035082075744867325,0.5792195498943329,-0.12692826241254807
VC5,0.01116279629059136,0.5804719477891922,-0.1270083263516426
VC5,-0.03403558861464262,0.580471932888031,-0.1270083263516426
VC5,0.013255770085379481,0.5804719477891922,-0.127008318901062
VC5,-0.036128561943769455,0.580471932888031,-0.127008318901062
VC5,0.012209281791001558,0.5817243456840515,-0.12708838284015656
VC5,-0.03508207481354475,0.5817243158817291,-0.12708838284015656
VC5,0.012209267821162939,0.5739203691482544,-0.11368231102824211
VC5,-0.03508206084370613,0.573920339345932,-0.11368231475353241
VC5,0.013255755184218287,0.5728897452354431,-0.11446007527410984
VC5,-0.036128547973930836,0.5728897303342819,-0.11446007713675499
VC5,0.011162781855091453,0.5728897452354431,-0.11446008086204529
VC5,-0.034035574644804,0.5728897303342819,-0.11446008272469044
VC5,0.012209269218146801,0.5718591213226318,-0.11523784510791302
VC5,-0.035082061775028706,0.5718591213226318,-0.11523784510791302
VC5,0.012209251057356596,0.5602454245090485,-0.10114047862589359
VC5,-0.03508204407989979,0.5602454245090485,-0.10114047862589359
VC5,0.01116276322863996,0.561021015048027,-0.10002478770911694
VC5,-0.03403555601835251,0.561021015048027,-0.10002478957176208
VC5,0.013255737023428082,0.561021015048027,-0.10002478584647179
VC5,-0.03612853027880192,0.561021015048027,-0.10002478770911694
VC5,0.012209249194711447,0.5617966055870056,-0.09890909492969513
VC5,-0.03508204221725464,0.5617966055870056,-0.09890909865498543
VC5,0.012209242675453424,0.5567418932914734,-0.09705011919140816
VC5,-0.035082035697996616,0.5567418932914734,-0.09705011919140816
VC5,0.011162800714373589,0.5787668228149414,-0.13114570081233978
VC5,-0.03403559606522322,0.5787668079137802,-0.13114570081233978
VC5,0.012209286913275719,0.5778847634792328,-0.1302233710885048
VC5,-0.03508208319544792,0.5778847336769104,-0.1302233710885048
VC5,0.013255773112177849,0.5787668228149414,-0.13114570081233978
VC5,-0.03612856846302748,0.5787668079137802,-0.13114570081233978
VC5,0.012209286913275719,0.57964888215065,-0.13206803053617477
VC5,-0.03508208133280277,0.57964888215065,-0.13206803053617477
VC5,0.012209286447614431,0.5624609887599945,-0.13136430084705353
VC5,-0.03508208133280277,0.5624609887599945,-0.13136430084705353
VC5,0.013255773577839136,0.5624992102384567,-0.13013776391744614
VC5,-0.03612856846302748,0.5624991953372955,-0.13013776391744614
VC5,0.01220928831025958,0.562537431716919,-0.12891122698783875
VC5,-0.03508208319544792,0.5625374019145966,-0.12891122698783875
VC5,0.011162801180034876,0.5624992102384567,-0.13013776391744614
VC5,-0.03403559606522322,0.5624991953372955,-0.13013776391744614
VC5,0.011162802577018738,0.5423804521560669,-0.12550471536815166
VC5,-0.03403559420257807,0.5423804372549057,-0.12550471536815166
VC5,0.012209289707243443,0.5430018603801727,-0.12429634481668472
VC5,-0.03508208133280277,0.5430018305778503,-0.12429634481668472
VC5,0.013255774974822998,0.5423804521560669,-0.12550471536815166
VC5,-0.03612856660038233,0.5423804372549057,-0.12550471536815166
VC5,0.012209287844598293,0.5417590439319611,-0.1267130859196186
VC5,-0.03508207947015762,0.5417590439319611,-0.1267130859196186
VC5,0.012209288775920868,0.5379824340343475,-0.1225907988846302
VC5,-0.03508207947015762,0.5379824042320251,-0.1225907988846302
