genotype,date,recording_id,forward_run_speed_mm_s,reversal_rate_per_min,pirouette_rate_per_min
N2,20260122,N2##20260122,0.2091,0.0000,0.0000
N2,20260122,N2##20260122,0.2372,1.9544,0.9772
N2,20260122,N2##20260122,0.2092,0.0000,0.0000
N2,20260122,N2##20260122,0.1030,0.0000,2.4490
N2,20260122,N2##20260122,0.2404,0.0000,0.0000
N2,20260122,N2##20260122,0.2078,0.0000,0.0000
N2,20260122,N2##20260122,0.1801,1.6086,1.6086
N2,20260122,N2##20260122,0.2136,0.0000,0.0000
N2,20260122,N2##20260122,0.1464,0.0000,3.8217
N2,20260122,N2##20260122,0.1867,0.0000,0.0000
N2,20260122,N2##20260122,0.2164,0.0000,0.0000
N2,20260122,N2##20260122,0.2498,0.0000,0.0000
N2,20260122,N2##20260122,0.2068,0.0000,0.0000
N2,20260122,N2##20260122,0.2551,0.0000,0.0000
N2,20260122,N2##20260122,0.2910,0.0000,0.0000
N2,20260122,N2##20260122,0.2732,0.0000,0.0000
N2,20260122,N2##20260122,0.1191,0.0000,0.0000
N2,20260122,N2##20260122,0.2817,0.0000,0.0000
N2,20260122,N2##20260122,0.1750,0.0000,0.0000
N2,20260122,N2##20260122,0.2404,0.0000,0.0000
N2,20260122,N2##20260122,0.2290,0.0000,0.0000
N2,20260122,N2##20260122,0.2999,0.0000,0.0000
N2,20260122,N2##20260122,0.2259,0.0000,0.0000
N2,20260122,N2##20260122,0.2443,0.0000,0.0000
N2,20260122,N2##20260122,0.2305,4.1958,2.0979
N2,20260122,N2##20260122,0.2648,0.0000,0.0000
N2,20260122,N2##20260122,0.1947,0.0000,0.0000
N2,20260122,N2##20260122,0.1940,0.0000,0.0000
N2,20260122,N2##20260122,0.2162,0.0000,0.0000
N2,20260122,N2##20260122,0.2272,0.0000,0.0000
N2,20260122,N2##20260122,0.2634,0.0000,0.0000
N2,20260122,N2##20260122,0.1567,0.0000,1.7391
N2,20260122,N2##20260122,0.1860,0.0000,0.0000
N2,20260122,N2##20260122,0.2376,0.0000,0.0000
N2,20260122,N2##20260122,0.1467,0.0000,0.0000
N2,20260122,N2##20260122,0.2070,0.0000,0.0000
N2,20260122,N2##20260122,0.3262,0.0000,0.0000
N2,20260122,N2##20260122,0.2982,0.0000,0.0000
N2,20260122,N2##20260122,0.2808,0.0000,0.0000
N2,20260122,N2##20260122,0.1874,0.0000,0.0000
N2,20260122,N2##20260122,0.2275,1.5267,0.0000
N2,20260122,N2##20260122,0.2555,0.0000,0.0000
N2,20260122,N2##20260122,0.2569,1.5464,0.0000
N2,20260122,N2##20260122,0.2387,0.0000,0.0000
N2,20260122,N2##20260122,0.2681,0.0000,0.0000
N2,20260122,N2##20260122,0.2153,0.0000,0.9901
N2,20260122,N2##20260122,0.2286,0.0000,0.0000
N2,20260122,N2##20260122,0.2310,0.0000,0.0000
N2,20260122,N2##20260122,0.2319,0.0000,0.0000
N2,20260122,N2##20260122,0.2404,0.0000,0.0000
N2,20260122,N2##20260122,0.2396,0.0000,0.0000
N2,20260122,N2##20260122,0.2667,0.0000,0.0000
N2,20260122,N2##20260122,0.2297,12.5000,0.0000
N2,20260122,N2##20260122,0.2321,0.0000,0.0000
N2,20260122,N2##20260122,0.2196,0.0000,0.0000
N2,20260122,N2##20260122,0.1907,0.0000,0.8152
N2,20260122,N2##20260122,0.1450,0.0000,0.0000
N2,20260122,N2##20260122,0.2596,1.0657,1.0657
N2,20260122,N2##20260122,0.2194,3.6364,0.0000
N2,20260122,N2##20260122,0.2307,8.1081,0.0000
N2,20260122,N2##20260122,0.2384,0.0000,0.0000
N2,20260122,N2##20260122,0.1204,20.6897,20.6897
N2,20260122,N2##20260122,0.1433,0.0000,1.2807
N2,20260122,N2##20260122,0.2857,0.0000,0.0000
N2,20260122,N2##20260122,0.2440,0.0000,0.0000
N2,20260122,N2##20260122,0.1789,0.0000,1.1976
N2,20260122,N2##20260122,0.1921,0.0000,0.0000
N2,20260122,N2##20260122,0.2043,0.0000,8.2192
N2,20260122,N2##20260122,0.2752,0.0000,0.0000
N2,20260122,N2##20260122,0.1564,0.0000,4.2857
N2,20260122,N2##20260122,0.2621,0.0000,0.0000
N2,20260122,N2##20260122,0.2624,0.0000,0.0000
N2,20260122,N2##20260122,0.2841,0.0000,0.0000
N2,20260122,N2##20260122,0.2681,0.0000,0.0000
N2,20260122,N2##20260122,0.2493,0.0000,2.2305
N2,20260122,N2##20260122,0.2279,0.0000,0.0000
N2,20260122,N2##20260122,0.2164,0.0000,1.5345
N2,20260122,N2##20260122,0.2327,0.0000,1.4742
N2,20260122,N2##20260122,0.1870,0.0000,0.0000
N2,20260122,N2##20260122,0.2661,0.0000,0.0000
N2,20260122,N2##20260122,0.2452,0.0000,0.0000
N2,20260122,N2##20260122,0.2997,0.0000,0.0000
N2,20260122,N2##20260122,0.1918,0.0000,0.0000
N2,20260122,N2##20260122,0.2995,0.0000,0.0000
N2,20260122,N2##20260122,0.2338,0.0000,2.2556
N2,20260122,N2##20260122,0.1826,0.0000,0.0000
N2,20260122,N2##20260122,0.2463,0.0000,0.0000
N2,20260122,N2##20260122,0.2409,0.0000,0.0000
N2,20260122,N2##20260122,0.2442,0.0000,0.0000
N2,20260122,N2##20260122,0.2052,0.0000,0.0000
N2,20260122,N2##20260122,0.1950,0.0000,0.0000
N2,20260123,N2##20260123,0.2158,0.0000,0.0000
N2,20260123,N2##20260123,0.0640,0.8103,1.2154
N2,20260123,N2##20260123,0.2073,0.0000,0.0000
N2,20260123,N2##20260123,0.2347,1.7045,1.7045
N2,20260123,N2##20260123,0.2329,0.0000,0.0000
N2,20260123,N2##20260123,0.2402,0.0000,0.0000
N2,20260123,N2##20260123,0.2209,0.0000,0.0000
N2,20260123,N2##20260123,0.2372,0.0000,0.0000
N2,20260123,N2##20260123,0.2057,0.0000,0.0000
N2,20260123,N2##20260123,0.2334,0.0000,0.0000
N2,20260123,N2##20260123,0.1693,0.0000,0.0000
N2,20260123,N2##20260123,0.1469,0.0000,0.0000
N2,20260123,N2##20260123,0.2342,0.8119,0.8119
N2,20260123,N2##20260123,0.1890,0.0000,0.0000
N2,20260123,N2##20260123,0.2137,0.0000,0.0000
N2,20260123,N2##20260123,0.2116,0.0000,0.0000
N2,20260123,N2##20260123,0.2516,1.5758,0.7879
N2,20260123,N2##20260123,0.1615,0.0000,0.0000
N2,20260123,N2##20260123,0.1869,1.4279,0.5712
N2,20260123,N2##20260123,0.2318,0.0000,0.0000
N2,20260123,N2##20260123,0.2122,0.0000,0.0000
N2,20260123,N2##20260123,0.1875,0.0000,0.0000
N2,20260123,N2##20260123,0.2451,0.0000,0.0000
N2,20260123,N2##20260123,0.2350,4.4944,1.1236
N2,20260123,N2##20260123,0.2054,0.0000,0.0000
N2,20260123,N2##20260123,0.2436,3.9735,0.0000
N2,20260123,N2##20260123,0.2101,1.7094,1.7094
N2,20260123,N2##20260123,0.2033,0.0000,0.0000
N2,20260123,N2##20260123,0.2060,0.0000,0.0000
N2,20260123,N2##20260123,0.2477,0.0000,0.0000
N2,20260123,N2##20260123,0.1820,0.9804,2.4510
N2,20260123,N2##20260123,0.2144,0.0000,0.0000
N2,20260123,N2##20260123,0.2634,0.0000,0.0000
N2,20260123,N2##20260123,0.2378,3.6364,3.6364
N2,20260123,N2##20260123,0.1382,0.0000,5.5046
N2,20260123,N2##20260123,0.2046,0.0000,0.0000
N2,20260123,N2##20260123,0.2068,2.0478,0.0000
N2,20260123,N2##20260123,0.2414,0.0000,0.0000
N2,20260123,N2##20260123,0.2502,0.0000,0.0000
N2,20260123,N2##20260123,0.2158,0.0000,0.0000
N2,20260123,N2##20260123,0.1623,0.0000,1.0067
N2,20260123,N2##20260123,0.2547,1.0435,1.0435
N2,20260123,N2##20260123,0.2692,1.4151,1.4151
N2,20260123,N2##20260123,0.2245,0.0000,0.0000
N2,20260123,N2##20260123,0.1856,0.0000,0.0000
N2,20260123,N2##20260123,0.2238,0.0000,0.0000
N2,20260123,N2##20260123,0.1956,0.0000,0.0000
N2,20260124,N2##20260124,0.2249,0.0000,0.0000
N2,20260124,N2##20260124,0.2153,0.0000,0.0000
N2,20260124,N2##20260124,0.1839,0.0000,0.0000
N2,20260124,N2##20260124,0.1895,0.0000,0.0000
N2,20260124,N2##20260124,0.1942,0.0000,0.0000
N2,20260124,N2##20260124,0.1800,0.0000,0.0000
N2,20260124,N2##20260124,0.2189,0.0000,0.0000
N2,20260124,N2##20260124,0.2067,0.0000,1.0118
N2,20260124,N2##20260124,0.2259,0.0000,0.0000
N2,20260124,N2##20260124,0.1693,0.0000,0.0000
N2,20260124,N2##20260124,0.2468,2.3392,2.3392
N2,20260124,N2##20260124,0.2302,0.0000,0.0000
N2,20260124,N2##20260124,0.2438,0.0000,0.0000
N2,20260124,N2##20260124,0.2460,0.0000,0.0000
N2,20260124,N2##20260124,0.1710,0.0000,0.0000
N2,20260124,N2##20260124,0.1514,0.0000,0.0000
N2,20260124,N2##20260124,0.1882,0.0000,0.6780
N2,20260124,N2##20260124,0.1736,0.0000,0.0000
N2,20260124,N2##20260124,0.2002,0.0000,0.0000
N2,20260124,N2##20260124,0.1644,0.0000,0.0000
N2,20260124,N2##20260124,0.2243,0.0000,0.0000
N2,20260124,N2##20260124,0.2144,0.0000,0.0000
N2,20260124,N2##20260124,0.1863,0.0000,0.0000
N2,20260124,N2##20260124,0.2199,0.0000,0.0000
N2,20260124,N2##20260124,0.1637,0.0000,3.3520
N2,20260124,N2##20260124,0.1869,0.0000,0.0000
N2,20260124,N2##20260124,0.1702,0.0000,0.0000
N2,20260124,N2##20260124,0.2196,0.0000,0.0000
N2,20260124,N2##20260124,0.1779,0.8798,2.6393
N2,20260124,N2##20260124,0.1721,0.0000,0.0000
N2,20260124,N2##20260124,0.2201,0.0000,0.0000
N2,20260124,N2##20260124,0.1498,0.0000,0.0000
N2,20260124,N2##20260124,0.1845,0.0000,3.2787
N2,20260124,N2##20260124,0.1234,0.0000,0.0000
N2,20260124,N2##20260124,0.1452,0.0000,0.0000
N2,20260124,N2##20260124,0.2046,0.0000,0.0000
N2,20260124,N2##20260124,0.1958,0.0000,0.0000
N2,20260124,N2##20260124,0.2448,5.1282,2.5641
N2,20260124,N2##20260124,0.1234,0.0000,9.0909
N2,20260124,N2##20260124,0.1513,0.0000,5.6604
N2,20260124,N2##20260124,0.1814,0.0000,0.0000
N2,20260124,N2##20260124,0.1744,0.0000,0.0000
N2,20260124,N2##20260124,0.1212,0.0000,0.0000
N2,20260124,N2##20260124,0.1254,0.0000,19.3548
N2,20260124,N2##20260124,0.1385,0.0000,0.0000
N2,20260124,N2##20260124,0.2378,0.0000,0.0000
N2,20260124,N2##20260124,0.2024,0.0000,0.0000
N2,20260124,N2##20260124,0.1860,0.0000,0.0000
N2,20260124,N2##20260124,0.1836,0.0000,0.0000
N2,20260124,N2##20260124,0.2438,0.0000,7.2727
N2,20260124,N2##20260124,0.1763,0.0000,0.0000
N2,20260124,N2##20260124,0.2250,0.0000,12.5000
N2,20260124,N2##20260124,0.1531,0.0000,0.0000
N2,20260124,N2##20260124,0.1650,0.0000,0.0000
N2,20260124,N2##20260124,0.1830,4.2857,4.2857
N2,20260124,N2##20260124,0.1298,0.0000,0.0000
N2,20260124,N2##20260124,0.1491,0.0000,0.7407
N2,20260124,N2##20260124,0.1555,0.0000,0.0000
N2,20260124,N2##20260124,0.1105,0.0000,0.0000
N2,20260124,N2##20260124,0.0598,4.0268,4.0268
N2,20260124,N2##20260124,0.2068,0.0000,0.0000
N2,20260124,N2##20260124,0.1295,0.0000,7.8534
N2,20260124,N2##20260124,0.1760,9.2879,3.7152
N2,20260124,N2##20260124,0.2050,0.0000,0.0000
N2,20260124,N2##20260124,0.1912,0.0000,0.0000
N2,20260124,N2##20260124,0.1563,0.0000,0.0000
N2,20260124,N2##20260124,0.2397,0.0000,0.0000
N2,20260124,N2##20260124,0.1737,0.0000,0.0000
N2,20260124,N2##20260124,0.1309,0.0000,4.3165
N2,20260124,N2##20260124,0.1610,0.0000,0.0000
N2,20260124,N2##20260124,0.1264,0.0000,0.0000
N2,20260124,N2##20260124,0.1971,1.6129,1.6129
N2,20260124,N2##20260124,0.1251,4.5045,3.6036
N2,20260124,N2##20260124,0.2478,0.0000,0.0000
N2,20260124,N2##20260124,0.1389,0.0000,0.0000
N2,20260124,N2##20260124,0.1745,0.0000,0.0000
N2,20260124,N2##20260124,0.1914,0.0000,0.0000
N2,20260124,N2##20260124,0.2295,0.0000,0.0000
N2,20260124,N2##20260124,0.1171,0.0000,0.0000
N2,20260124,N2##20260124,0.1546,0.0000,0.0000
N2,20260124,N2##20260124,0.1652,0.0000,4.4776
N2,20260124,N2##20260124,0.2118,0.0000,0.0000
N2,20260124,N2##20260124,0.2323,0.0000,0.0000
N2,20260124,N2##20260124,0.1700,0.0000,10.1695
N2,20260129,N2##20260129,0.1837,0.0000,0.0000
N2,20260129,N2##20260129,0.1476,0.8837,0.0000
N2,20260129,N2##20260129,0.1598,0.0000,0.0000
N2,20260129,N2##20260129,0.1482,2.3762,2.3762
N2,20260129,N2##20260129,0.1591,0.0000,0.0000
N2,20260129,N2##20260129,0.1534,0.3606,0.7212
N2,20260129,N2##20260129,0.1281,6.0262,3.9301
N2,20260129,N2##20260129,0.1650,0.0000,0.0000
N2,20260129,N2##20260129,0.1789,0.0000,0.0000
N2,20260129,N2##20260129,0.1547,0.0000,0.0000
N2,20260129,N2##20260129,0.1679,0.0000,0.0000
N2,20260129,N2##20260129,0.1307,0.0000,0.0000
N2,20260129,N2##20260129,0.1683,0.0000,0.0000
N2,20260129,N2##20260129,0.2405,0.7692,0.0000
N2,20260129,N2##20260129,,13.7931,8.6207
N2,20260129,N2##20260129,0.1659,0.0000,0.0000
N2,20260129,N2##20260129,0.1729,0.0000,0.0000
N2,20260129,N2##20260129,0.1329,0.0000,0.0000
N2,20260129,N2##20260129,0.1130,0.0000,0.0000
N2,20260129,N2##20260129,0.1584,0.0000,0.0000
N2,20260129,N2##20260129,0.1357,0.0000,0.0000
N2,20260129,N2##20260129,0.1209,0.6030,0.0000
N2,20260129,N2##20260129,0.0751,8.1335,0.9385
N2,20260129,N2##20260129,0.1607,5.0000,10.0000
N2,20260129,N2##20260129,0.1878,1.5248,0.3812
N2,20260129,N2##20260129,0.1429,0.0000,3.3040
N2,20260129,N2##20260129,0.2215,1.4797,0.7398
N2,20260129,N2##20260129,0.1470,0.6030,0.0000
N2,20260129,N2##20260129,0.1613,0.0000,0.3582
N2,20260129,N2##20260129,0.1750,0.0000,0.7634
N2,20260129,N2##20260129,0.0943,1.9868,1.9868
N2,20260129,N2##20260129,0.1281,0.0000,1.5894
N2,20260129,N2##20260129,0.1559,0.0000,0.9146
N2,20260129,N2##20260129,0.1730,0.8772,0.8772
N2,20260129,N2##20260129,0.1011,4.6332,2.3166
N2,20260129,N2##20260129,0.2356,2.5862,0.0000
N2,20260129,N2##20260129,0.1153,0.0000,0.0000
N2,20260129,N2##20260129,0.1625,0.0000,0.0000
N2,20260129,N2##20260129,0.1033,0.0000,0.0000
N2,20260129,N2##20260129,0.1644,0.0000,0.0000
N2,20260129,N2##20260129,0.1410,1.3889,2.7778
N2,20260129,N2##20260129,0.1705,0.0000,0.0000
N2,20260129,N2##20260129,0.1799,0.0000,0.0000
N2,20260129,N2##20260129,0.2203,0.0000,0.0000
N2,20260129,N2##20260129,0.1599,0.7989,1.5979
N2,20260129,N2##20260129,0.1597,0.0000,0.0000
N2,20260129,N2##20260129,0.1338,0.9934,0.0000
N2,20260129,N2##20260129,0.2213,0.0000,0.0000
N2,20260129,N2##20260129,0.2402,0.0000,0.0000
N2,20260129,N2##20260129,0.0782,0.0000,0.0000
N2,20260129,N2##20260129,0.1860,0.0000,0.0000
N2,20260129,N2##20260129,0.2010,7.1429,3.5714
N2,20260129,N2##20260129,0.1540,2.0979,2.0979
N2,20260129,N2##20260129,0.1490,0.0000,0.0000
N2,20260129,N2##20260129,0.2360,0.0000,0.0000
N2,20260129,N2##20260129,0.1888,0.0000,0.0000
N2,20260129,N2##20260129,0.0769,6.2500,0.0000
N2,20260129,N2##20260129,0.1312,0.0000,2.7088
N2,20260129,N2##20260129,0.0664,0.0000,0.0000
N2,20260129,N2##20260129,0.1626,0.0000,0.0000
N2,20260129,N2##20260129,0.1373,0.0000,0.0000
N2,20260129,N2##20260129,0.1029,0.0000,0.0000
N2,20260129,N2##20260129,0.1049,0.0000,0.0000
N2,20260129,N2##20260129,0.1779,0.0000,0.0000
N2,20260202,N2##20260202,0.1616,0.0000,0.0000
N2,20260202,N2##20260202,0.1384,21.4286,0.0000
N2,20260202,N2##20260202,0.1873,0.0000,0.9231
N2,20260202,N2##20260202,0.1233,0.0000,0.0000
N2,20260202,N2##20260202,0.1830,0.0000,0.0000
N2,20260202,N2##20260202,0.1752,0.6073,1.2146
N2,20260202,N2##20260202,0.1777,0.0000,0.0000
N2,20260202,N2##20260202,0.1931,0.0000,0.0000
N2,20260202,N2##20260202,0.1700,0.0000,0.0000
N2,20260202,N2##20260202,0.1668,0.0000,0.0000
N2,20260202,N2##20260202,0.1939,0.0000,0.0000
N2,20260202,N2##20260202,0.0912,1.9544,2.6059
N2,20260202,N2##20260202,0.0848,0.0000,0.0000
N2,20260202,N2##20260202,0.2041,0.0000,0.0000
N2,20260202,N2##20260202,0.1825,3.0038,1.5019
N2,20260202,N2##20260202,0.1687,1.2987,0.0000
N2,20260202,N2##20260202,0.1924,0.0000,0.0000
N2,20260202,N2##20260202,0.1613,0.0000,0.0000
N2,20260202,N2##20260202,0.1227,0.0000,0.0000
N2,20260202,N2##20260202,0.1726,0.0000,0.0000
N2,20260202,N2##20260202,0.1571,4.1379,2.0690
N2,20260202,N2##20260202,0.1733,0.0000,0.0000
N2,20260202,N2##20260202,0.1497,0.4348,0.0000
N2,20260202,N2##20260202,0.1682,0.0000,0.0000
N2,20260202,N2##20260202,0.1614,0.0000,0.8276
N2,20260202,N2##20260202,0.1453,0.0000,0.8753
N2,20260202,N2##20260202,0.1343,0.0000,0.0000
N2,20260202,N2##20260202,0.1778,1.0135,0.5068
N2,20260202,N2##20260202,0.1683,0.0000,0.0000
N2,20260202,N2##20260202,0.1536,0.0000,0.0000
N2,20260202,N2##20260202,0.1436,3.1915,3.1915
N2,20260202,N2##20260202,0.1068,0.0000,0.0000
N2,20260202,N2##20260202,0.1778,2.5263,0.0000
N2,20260202,N2##20260202,0.1947,0.0000,0.0000
N2,20260202,N2##20260202,0.2230,0.0000,0.0000
N2,20260202,N2##20260202,0.1562,0.0000,0.0000
N2,20260202,N2##20260202,0.1953,0.0000,0.0000
N2,20260202,N2##20260202,0.1311,1.8576,1.8576
N2,20260202,N2##20260202,0.1639,1.8576,1.8576
N2,20260202,N2##20260202,0.1435,0.0000,0.0000
N2,20260202,N2##20260202,0.1281,0.0000,0.0000
N2,20260202,N2##20260202,0.0800,0.0000,0.0000
N2,20260202,N2##20260202,0.1782,3.8298,3.8298
N2,20260202,N2##20260202,0.2301,0.0000,0.0000
N2,20260202,N2##20260202,0.1631,0.0000,0.0000
N2,20260202,N2##20260202,0.1413,2.5834,3.2293
N2,20260202,N2##20260202,0.1791,0.0000,0.0000
N2,20260202,N2##20260202,0.1194,0.6572,1.3143
N2,20260202,N2##20260202,0.1338,0.0000,8.0000
N2,20260202,N2##20260202,0.1171,0.0000,0.0000
N2,20260202,N2##20260202,0.2008,0.0000,0.0000
N2,20260202,N2##20260202,0.1044,0.0000,0.0000
N2,20260202,N2##20260202,0.1739,1.0670,1.0670
N2,20260202,N2##20260202,0.1453,0.0000,0.0000
N2,20260202,N2##20260202,0.1388,0.0000,0.0000
N2,20260202,N2##20260202,0.1352,0.0000,0.0000
N2,20260202,N2##20260202,0.1389,0.0000,0.0000
N2,20260202,N2##20260202,0.1249,0.0000,0.0000
N2,20260202,N2##20260202,0.1436,0.0000,0.0000
N2,20260202,N2##20260202,0.2160,0.0000,5.5046
N2,20260202,N2##20260202,0.2051,2.5862,2.5862
N2,20260202,N2##20260202,0.1948,0.0000,0.0000
N2,20260202,N2##20260202,0.0930,0.0000,5.1392
N2,20260202,N2##20260202,0.0792,1.3793,4.8276
N2,20260202,N2##20260202,0.1764,0.0000,0.0000
N2,20260202,N2##20260202,0.1579,4.4832,2.2416
N2,20260202,N2##20260202,0.1224,0.0000,0.0000
N2,20260202,N2##20260202,0.1614,4.8000,0.0000
N2,20260202,N2##20260202,0.1524,0.0000,0.0000
N2,20260202,N2##20260202,0.0834,0.0000,11.5068
N2,20260202,N2##20260202,0.1720,0.0000,0.0000
N2,20260202,N2##20260202,0.2115,0.0000,0.0000
N2,20260202,N2##20260202,0.1124,0.0000,0.0000
N2,20260202,N2##20260202,0.1354,0.0000,0.0000
N2,20260202,N2##20260202,0.1468,1.0033,1.5050
N2,20260202,N2##20260202,0.1789,0.0000,0.0000
N2,20260202,N2##20260202,0.1677,0.0000,0.0000
N2,20260202,N2##20260202,0.1891,0.0000,0.0000
N2,20260202,N2##20260202,0.1583,0.0000,3.9474
N2,20260202,N2##20260202,0.1958,3.5503,7.1006
N2,20260202,N2##20260202,0.2287,0.0000,0.0000
N2,20260202,N2##20260202,0.1309,0.0000,0.0000
N2,20260202,N2##20260202,0.0935,0.0000,2.5451
N2,20260202,N2##20260202,0.1005,0.0000,0.0000
N2,20260202,N2##20260202,0.1747,0.0000,0.0000
N2,20260202,N2##20260202,0.1796,2.2305,0.7435
N2,20260202,N2##20260202,0.1216,0.0000,1.3921
N2,20260202,N2##20260202,0.1574,0.0000,0.0000
N2,20260202,N2##20260202,0.0873,0.0000,0.0000
N2,20260202,N2##20260202,0.1379,0.0000,0.0000
N2,20260202,N2##20260202,0.1963,0.0000,0.7802
N2,20260202,N2##20260202,0.1739,0.0000,1.3333
N2,20260202,N2##20260202,0.1218,1.6997,0.8499
N2,20260202,N2##20260202,0.2149,0.0000,0.0000
N2,20260202,N2##20260202,0.1560,0.0000,0.0000
N2,20260202,N2##20260202,0.1793,0.0000,0.0000
N2,20260202,N2##20260202,0.2225,2.9221,1.9481
N2,20260202,N2##20260202,0.1576,10.1695,0.0000
N2,20260202,N2##20260202,0.1190,0.0000,0.0000
N2,20260202,N2##20260202,0.1852,0.0000,0.0000
N2,20260202,N2##20260202,0.1490,0.0000,3.6810
N2,20260202,N2##20260202,0.1574,0.0000,0.0000
N2,20260202,N2##20260202,0.1302,1.1385,0.0000
N2,20260202,N2##20260202,0.0808,1.5306,0.0000
N2,20260202,N2##20260202,0.2000,0.0000,0.0000
N2,20260202,N2##20260202,0.1761,3.0151,3.0151
N2,20260202,N2##20260202,0.1303,0.0000,0.0000
N2,20260202,N2##20260202,0.1009,2.4590,0.0000
N2,20260202,N2##20260202,0.1790,0.0000,1.7391
N2,20260202,N2##20260202,0.1782,0.0000,3.6810
N2,20260202,N2##20260202,0.1874,0.0000,0.0000
N2,20260202,N2##20260202,0.1017,0.0000,0.0000
N2,20260202,N2##20260202,0.1174,0.0000,0.0000
N2,20260202,N2##20260202,0.1351,0.0000,0.0000
N2,20260202,N2##20260202,0.1415,0.0000,2.7273
N2,20260202,N2##20260202,0.1533,0.0000,0.0000
N2,20260202,N2##20260202,0.1470,0.0000,0.0000
N2,20260202,N2##20260202,0.0706,0.0000,0.0000
N2,20260202,N2##20260202,0.1357,0.0000,0.0000
N2,20260202,N2##20260202,0.1752,0.0000,0.0000
N2,20260202,N2##20260202,0.1524,0.0000,0.0000
N2,20260203,N2##20260203,0.1657,0.0000,0.0000
N2,20260203,N2##20260203,0.0868,0.9662,5.7971
N2,20260203,N2##20260203,0.2289,0.0000,0.8186
N2,20260203,N2##20260203,0.2065,0.0000,0.0000
N2,20260203,N2##20260203,0.1876,0.0000,0.0000
N2,20260203,N2##20260203,0.1919,0.0000,0.0000
N2,20260203,N2##20260203,0.1856,4.6875,4.6875
N2,20260203,N2##20260203,0.1815,2.3226,1.5484
N2,20260203,N2##20260203,0.2089,1.1204,1.6807
N2,20260203,N2##20260203,0.1354,1.9934,2.9900
N2,20260203,N2##20260203,0.1869,0.0000,0.0000
N2,20260203,N2##20260203,0.1852,0.0000,0.0000
N2,20260203,N2##20260203,0.1424,0.0000,0.0000
N2,20260203,N2##20260203,0.2134,0.0000,0.0000
N2,20260203,N2##20260203,0.2203,0.0000,0.0000
N2,20260203,N2##20260203,0.2385,0.0000,0.0000
N2,20260203,N2##20260203,0.1788,0.0000,0.0000
N2,20260203,N2##20260203,0.1838,5.5046,2.7523
N2,20260203,N2##20260203,0.1840,0.0000,0.0000
N2,20260203,N2##20260203,0.2290,0.0000,0.7203
N2,20260203,N2##20260203,0.2394,0.0000,0.0000
N2,20260203,N2##20260203,0.1804,0.0000,0.0000
N2,20260203,N2##20260203,0.2194,0.0000,0.0000
N2,20260203,N2##20260203,0.1900,0.0000,0.0000
N2,20260203,N2##20260203,0.2440,0.0000,0.0000
N2,20260203,N2##20260203,0.1501,0.0000,0.0000
N2,20260203,N2##20260203,0.1981,0.0000,0.0000
N2,20260203,N2##20260203,0.2235,0.0000,0.0000
N2,20260203,N2##20260203,0.1195,0.0000,0.0000
N2,20260203,N2##20260203,0.1638,0.0000,0.0000
N2,20260203,N2##20260203,0.2484,0.0000,0.0000
N2,20260203,N2##20260203,0.2125,0.0000,0.0000
N2,20260203,N2##20260203,0.1833,0.3356,0.3356
N2,20260203,N2##20260203,0.2060,0.0000,0.0000
N2,20260203,N2##20260203,0.1725,1.4888,1.4888
N2,20260203,N2##20260203,0.2039,0.0000,0.0000
N2,20260203,N2##20260203,0.1610,1.2552,1.2552
N2,20260203,N2##20260203,0.1587,3.8544,5.1392
N2,20260203,N2##20260203,0.1251,2.8526,1.9017
N2,20260203,N2##20260203,0.1962,2.4845,3.7267
N2,20260203,N2##20260203,0.2244,2.1871,2.1871
N2,20260203,N2##20260203,0.1452,0.0000,0.0000
N2,20260203,N2##20260203,0.1852,1.2397,0.0000
N2,20260203,N2##20260203,0.1619,0.0000,0.0000
N2,20260203,N2##20260203,0.2228,0.0000,0.0000
N2,20260203,N2##20260203,0.1839,0.0000,0.0000
N2,20260203,N2##20260203,0.1730,0.0000,0.0000
N2,20260203,N2##20260203,0.1798,0.0000,1.1511
N2,20260203,N2##20260203,0.2085,0.0000,0.0000
N2,20260203,N2##20260203,0.1922,0.0000,0.0000
N2,20260203,N2##20260203,0.1991,5.7692,0.0000
N2,20260203,N2##20260203,0.2361,2.3622,1.1811
N2,20260203,N2##20260203,0.1942,0.0000,0.0000
N2,20260203,N2##20260203,0.1595,2.2222,2.2222
N2,20260203,N2##20260203,0.2134,15.3846,0.0000
N2,20260203,N2##20260203,0.2067,0.0000,0.0000
N2,20260203,N2##20260203,0.1627,0.6861,1.3722
N2,20260203,N2##20260203,0.2131,0.0000,0.0000
N2,20260203,N2##20260203,0.1337,6.0000,6.0000
N2,20260203,N2##20260203,0.2264,0.0000,0.0000
N2,20260203,N2##20260203,0.1186,0.0000,0.0000
N2,20260203,N2##20260203,0.1792,1.5544,0.0000
N2,20260203,N2##20260203,0.1663,4.1379,8.2759
N2,20260203,N2##20260203,0.1315,0.0000,0.0000
N2,20260203,N2##20260203,0.1438,1.0976,0.3659
N2,20260203,N2##20260203,0.2696,8.6957,8.6957
N2,20260203,N2##20260203,0.1936,0.0000,0.0000
N2,20260203,N2##20260203,0.1205,0.0000,8.4507
N2,20260203,N2##20260203,0.1650,1.6086,0.0000
N2,20260203,N2##20260203,0.2022,4.4776,6.7164
N2,20260203,N2##20260203,0.2055,0.0000,0.0000
N2,20260203,N2##20260203,0.2235,0.0000,0.0000
N2,20260203,N2##20260203,0.2043,0.0000,0.0000
N2,20260203,N2##20260203,0.1989,0.0000,0.0000
N2,20260203,N2##20260203,0.2164,0.0000,0.0000
N2,20260203,N2##20260203,0.1417,6.5217,0.0000
N2,20260203,N2##20260203,0.1995,0.0000,0.0000
N2,20260203,N2##20260203,0.2404,0.0000,0.0000
N2,20260203,N2##20260203,0.2153,0.0000,0.0000
N2,20260203,N2##20260203,0.1394,4.2017,3.3613
N2,20260203,N2##20260203,0.2287,0.0000,0.0000
N2,20260203,N2##20260203,0.1827,0.0000,0.0000
N2,20260203,N2##20260203,0.1678,2.3483,4.1096
N2,20260203,N2##20260203,0.2132,0.0000,0.0000
N2,20260203,N2##20260203,0.2394,0.0000,0.0000
N2,20260203,N2##20260203,0.1899,0.0000,0.0000
N2,20260203,N2##20260203,0.1964,0.0000,0.0000
N2,20260203,N2##20260203,0.1316,0.0000,0.0000
N2,20260203,N2##20260203,0.1449,0.0000,0.0000
N2,20260203,N2##20260203,0.2013,0.0000,0.0000
N2,20260203,N2##20260203,0.1354,0.0000,0.0000
N2,20260203,N2##20260203,0.1634,4.0541,4.0541
N2,20260203,N2##20260203,0.2461,6.1538,3.0769
N2,20260203,N2##20260203,0.1787,2.0690,0.0000
N2,20260203,N2##20260203,0.1826,0.0000,2.2140
N2,20260203,N2##20260203,0.1738,0.0000,0.0000
N2,20260203,N2##20260203,0.1922,0.0000,0.0000
N2,20260203,N2##20260203,0.1691,0.0000,0.0000
N2,20260203,N2##20260203,0.1738,0.0000,0.0000
N2,20260203,N2##20260203,0.1186,2.7027,5.4054
N2,20260203,N2##20260203,0.2035,1.2245,1.2245
N2,20260203,N2##20260203,0.2212,0.6390,0.6390
N2,20260203,N2##20260203,0.1822,1.6760,3.3520
N2,20260203,N2##20260203,0.1462,0.0000,0.0000
N2,20260203,N2##20260203,0.1567,0.0000,0.0000
N2,20260203,N2##20260203,0.1934,0.0000,0.0000
N2,20260203,N2##20260203,0.1955,0.0000,0.0000
N2,20260203,N2##20260203,0.1902,2.6946,2.6946
N2,20260203,N2##20260203,0.1460,0.0000,0.0000
N2,20260203,N2##20260203,0.1524,2.6786,0.0000
N2,20260203,N2##20260203,0.1441,0.0000,0.0000
N2,20260203,N2##20260203,0.2280,0.0000,0.0000
N2,20260203,N2##20260203,0.2229,0.0000,0.0000
N2,20260203,N2##20260203,0.2090,1.5038,1.5038
N2,20260203,N2##20260203,0.2293,1.7291,0.0000
N2,20260203,N2##20260203,0.1368,0.0000,0.0000
N2,20260203,N2##20260203,0.1881,9.5238,6.3492
N2,20260203,N2##20260203,0.2149,0.0000,0.0000
N2,20260203,N2##20260203,0.1695,0.0000,1.8519
N2,20260203,N2##20260203,0.2153,0.0000,0.0000
N2,20260203,N2##20260203,0.1913,3.7383,2.8037
N2,20260203,N2##20260203,0.1938,0.0000,0.0000
N2,20260203,N2##20260203,0.1985,0.0000,0.0000
N2,20260203,N2##20260203,0.1759,2.6201,0.0000
N2,20260203,N2##20260203,0.1889,1.7341,1.7341
N2,20260203,N2##20260203,0.1473,0.0000,0.0000
N2,20260203,N2##20260203,0.2159,0.0000,0.0000
N2,20260203,N2##20260203,0.1334,0.0000,0.0000
N2,20260203,N2##20260203,0.1814,0.0000,0.0000
N2,20260203,N2##20260203,0.1790,0.0000,0.0000
N2,20260203,N2##20260203,0.0852,10.6918,1.8868
N2,20260203,N2##20260203,0.1963,0.0000,0.0000
N2,20260203,N2##20260203,0.1271,1.2876,0.0000
N2,20260203,N2##20260203,0.1544,0.0000,0.0000
N2,20260203,N2##20260203,0.1613,0.0000,2.6608
N2,20260203,N2##20260203,0.1943,0.0000,0.0000
N2,20260203,N2##20260203,0.1719,1.5190,0.0000
N2,20260203,N2##20260203,0.1227,0.0000,0.0000
N2,20260203,N2##20260203,0.2244,0.0000,0.0000
N2,20260203,N2##20260203,0.1889,0.0000,0.0000
N2,20260203,N2##20260203,0.1991,0.0000,0.0000
N2,20260203,N2##20260203,0.2006,2.4291,1.2146
N2,20260203,N2##20260203,0.2246,0.0000,0.0000
N2,20260203,N2##20260203,0.1864,1.5544,1.5544
N2,20260203,N2##20260203,0.1793,0.0000,0.0000
N2,20260203,N2##20260203,0.1315,7.2874,12.1457
N2,20260203,N2##20260203,0.1586,0.0000,6.5217
N2,20260203,N2##20260203,0.1631,0.0000,0.0000
N2,20260203,N2##20260203,0.2107,0.0000,0.0000
N2,20260203,N2##20260203,0.2293,0.0000,0.0000
N2,20260203,N2##20260203,0.1895,0.0000,0.0000
N2,20260203,N2##20260203,0.1967,1.8321,0.9160
N2,20260203,N2##20260203,0.1617,0.0000,0.0000
N2,20260203,N2##20260203,0.1455,0.0000,8.2192
N2,20260203,N2##20260203,0.2133,4.8780,0.0000
N2,20260203,N2##20260203,0.1763,0.0000,0.0000
N2,20260203,N2##20260203,0.1298,3.1915,3.1915
N2,20260203,N2##20260203,0.1327,5.3333,5.3333
N2,20260203,N2##20260203,0.1641,0.0000,0.0000
N2,20260203,N2##20260203,0.1975,0.0000,0.0000
N2,20260203,N2##20260203,0.1562,0.0000,1.5190
N2,20260203,N2##20260203,0.1916,3.4985,5.2478
N2,20260203,N2##20260203,0.1917,0.0000,0.0000
N2,20260203,N2##20260203,0.1917,0.0000,0.0000
N2,20260203,N2##20260203,0.1903,0.0000,1.6349
N2,20260203,N2##20260203,0.2152,0.0000,0.0000
N2,20260203,N2##20260203,0.1727,3.5503,3.5503
N2,20260203,N2##20260203,,0.0000,24.0000
N2,20260203,N2##20260203,0.1866,0.0000,0.0000
N2,20260203,N2##20260203,0.2154,0.0000,0.0000
N2,20260203,N2##20260203,0.1786,2.0979,6.2937
N2,20260203,N2##20260203,0.1983,0.0000,0.0000
N2,20260203,N2##20260203,0.1940,0.0000,0.0000
N2,20260203,N2##20260203,0.1456,0.0000,0.0000
N2,20260203,N2##20260203,0.2499,0.0000,0.0000
N2,20260203,N2##20260203,0.2161,0.0000,0.0000
N2,20260203,N2##20260203,0.1626,0.0000,0.0000
N2,20260203,N2##20260203,0.1792,0.0000,0.0000
N2,20260203,N2##20260203,0.1240,0.0000,0.0000
N2,20260203,N2##20260203,0.1835,0.0000,0.0000
N2,20260203,N2##20260203,0.1762,0.0000,0.0000
N2,20260203,N2##20260203,0.1866,0.0000,0.0000
N2,20260203,N2##20260203,0.1498,0.0000,6.4516
N2,20260203,N2##20260203,0.1980,0.0000,0.0000
N2,20260203,N2##20260203,0.1655,0.0000,0.0000
N2,20260203,N2##20260203,0.1391,0.0000,0.0000
N2,20260203,N2##20260203,0.1146,8.4507,0.0000
N2,20260203,N2##20260203,0.1469,0.0000,0.0000
N2,20260204,N2##20260204,0.1345,0.0000,0.0000
N2,20260204,N2##20260204,0.1343,1.0345,0.0000
N2,20260204,N2##20260204,0.1611,0.0000,0.0000
N2,20260204,N2##20260204,0.1305,0.0000,0.0000
N2,20260204,N2##20260204,0.1367,0.0000,0.0000
N2,20260204,N2##20260204,0.1631,1.9512,0.0000
N2,20260204,N2##20260204,0.1476,0.0000,0.0000
N2,20260204,N2##20260204,0.1438,0.0000,0.0000
N2,20260204,N2##20260204,0.1494,0.0000,0.0000
N2,20260204,N2##20260204,0.1319,0.0000,0.0000
N2,20260204,N2##20260204,0.1066,8.5106,4.2553
N2,20260204,N2##20260204,0.1598,1.1085,0.8314
N2,20260204,N2##20260204,0.1660,0.0000,0.0000
N2,20260204,N2##20260204,0.1410,0.0000,0.0000
N2,20260204,N2##20260204,0.1401,0.0000,1.5013
N2,20260204,N2##20260204,0.1402,0.7389,2.2167
N2,20260204,N2##20260204,0.1482,0.0000,0.0000
N2,20260204,N2##20260204,0.1369,2.7523,2.7523
N2,20260204,N2##20260204,0.1163,14.2857,0.0000
N2,20260204,N2##20260204,0.1418,0.0000,0.0000
N2,20260204,N2##20260204,0.1542,1.1650,1.7476
N2,20260204,N2##20260204,0.1444,27.9070,0.0000
N2,20260204,N2##20260204,0.1214,8.2192,0.0000
N2,20260204,N2##20260204,0.1381,0.0000,0.0000
N2,20260204,N2##20260204,0.1434,1.6224,1.3520
N2,20260204,N2##20260204,0.1562,0.0000,0.0000
N2,20260204,N2##20260204,0.1388,0.0000,0.0000
N2,20260204,N2##20260204,0.1315,4.1096,0.0000
N2,20260204,N2##20260204,0.1588,0.0000,0.0000
N2,20260204,N2##20260204,,24.0000,0.0000
N2,20260204,N2##20260204,0.1287,0.0000,0.0000
N2,20260204,N2##20260204,0.1475,4.8000,4.8000
N2,20260204,N2##20260204,0.1493,6.4516,1.6129
N2,20260204,N2##20260204,0.1717,4.6948,0.9390
N2,20260204,N2##20260204,0.1455,2.0202,2.0202
N2,20260204,N2##20260204,0.1418,0.0000,0.0000
N2,20260204,N2##20260204,0.1794,1.2739,1.2739
N2,20260204,N2##20260204,0.1636,3.6199,0.9050
N2,20260204,N2##20260204,0.1301,4.3636,2.1818
N2,20260204,N2##20260204,0.0418,23.0769,0.0000
N2,20260204,N2##20260204,,23.0769,23.0769
N2,20260204,N2##20260204,0.1352,1.5484,0.0000
N2,20260204,N2##20260204,0.1626,0.0000,0.0000
N2,20260204,N2##20260204,0.1456,0.6985,1.3970
N2,20260204,N2##20260204,0.1241,0.0000,0.0000
N2,20260204,N2##20260204,0.1580,0.0000,0.0000
N2,20260204,N2##20260204,0.1696,0.0000,0.0000
N2,20260204,N2##20260204,0.1613,0.0000,0.0000
N2,20260204,N2##20260204,0.1691,0.0000,5.3097
N2,20260204,N2##20260204,0.1667,1.9815,1.5852
N2,20260204,N2##20260204,0.1341,1.2195,1.2195
N2,20260204,N2##20260204,0.1304,4.1667,0.0000
N2,20260204,N2##20260204,0.1577,3.8647,1.9324
N2,20260204,N2##20260204,0.1757,8.2192,8.2192
N2,20260204,N2##20260204,0.1589,0.0000,1.9802
N2,20260204,N2##20260204,0.1499,0.0000,0.0000
N2,20260204,N2##20260204,0.1455,0.0000,0.0000
N2,20260204,N2##20260204,0.1483,0.0000,0.0000
N2,20260204,N2##20260204,0.1498,1.9672,0.0000
N2,20260204,N2##20260204,0.1758,2.0761,0.0000
N2,20260204,N2##20260204,0.1064,8.3565,1.6713
N2,20260204,N2##20260204,0.1541,0.0000,0.5515
N2,20260204,N2##20260204,0.1489,0.0000,0.0000
N2,20260204,N2##20260204,0.1338,0.0000,0.0000
N2,20260204,N2##20260204,0.1496,0.0000,0.0000
N2,20260204,N2##20260204,0.1241,0.0000,0.0000
N2,20260204,N2##20260204,0.1661,1.5831,3.1662
N2,20260204,N2##20260204,0.1344,0.0000,13.0435
N2,20260204,N2##20260204,0.1260,13.0435,0.0000
N2,20260204,N2##20260204,0.1258,1.7442,3.4884
N2,20260204,N2##20260204,0.1373,0.0000,0.0000
N2,20260204,N2##20260204,0.1490,0.0000,0.0000
N2,20260204,N2##20260204,0.1638,0.0000,0.0000
N2,20260204,N2##20260204,0.1539,0.0000,0.0000
N2,20260204,N2##20260204,0.1277,0.0000,0.0000
N2,20260204,N2##20260204,0.1584,0.8982,0.8982
N2,20260204,N2##20260204,0.1555,0.0000,0.0000
N2,20260204,N2##20260204,0.1362,0.0000,12.0805
N2,20260204,N2##20260204,0.1559,3.6036,3.6036
N2,20260204,N2##20260204,0.1566,0.0000,0.0000
N2,20260204,N2##20260204,0.1568,0.0000,0.0000
N2,20260204,N2##20260204,0.1863,0.0000,3.2609
N2,20260204,N2##20260204,0.1360,0.0000,0.6608
N2,20260204,N2##20260204,0.1360,2.2388,0.0000
N2,20260204,N2##20260204,0.1202,1.8809,3.7618
N2,20260204,N2##20260204,0.2021,0.0000,0.0000
N2,20260204,N2##20260204,0.1407,0.0000,0.0000
N2,20260204,N2##20260204,0.1485,0.0000,0.0000
N2,20260204,N2##20260204,0.1550,2.5614,0.6403
N2,20260204,N2##20260204,0.1549,0.0000,0.0000
N2,20260204,N2##20260204,0.1592,6.3158,3.1579
N2,20260204,N2##20260204,0.1578,0.0000,0.0000
N2,20260204,N2##20260204,0.1575,0.0000,0.0000
N2,20260204,N2##20260204,0.1478,0.0000,0.0000
N2,20260204,N2##20260204,0.1423,3.1414,3.1414
N2,20260204,N2##20260204,0.1501,0.0000,0.0000
N2,20260204,N2##20260204,0.1425,3.1250,0.0000
N2,20260204,N2##20260204,0.1391,0.5753,1.1505
N2,20260204,N2##20260204,0.1728,0.0000,0.0000
N2,20260204,N2##20260204,0.1318,0.0000,0.0000
N2,20260204,N2##20260204,0.1480,2.7027,2.7027
N2,20260204,N2##20260204,0.1138,2.1164,2.1164
N2,20260204,N2##20260204,0.1386,3.1250,0.6250
N2,20260204,N2##20260204,0.1590,0.0000,3.9130
N2,20260204,N2##20260204,0.1262,0.7212,7.9327
N2,20260204,N2##20260204,0.1530,0.0000,0.0000
N2,20260204,N2##20260204,0.1319,0.0000,3.7975
N2,20260204,N2##20260204,0.1741,0.0000,1.7094
N2,20260204,N2##20260204,0.1557,2.3438,0.0000
N2,20260204,N2##20260204,0.1627,2.0202,2.0202
N2,20260204,N2##20260204,0.1416,3.7267,0.0000
N2,20260204,N2##20260204,0.1476,0.0000,0.0000
N2,20260204,N2##20260204,0.1668,0.0000,0.0000
N2,20260204,N2##20260204,0.1413,3.6735,3.6735
N2,20260204,N2##20260204,0.1345,0.0000,0.0000
N2,20260204,N2##20260204,0.1783,0.7426,0.7426
N2,20260204,N2##20260204,0.1720,0.0000,0.0000
N2,20260204,N2##20260204,0.1517,1.8987,1.8987
N2,20260204,N2##20260204,0.1555,0.8141,0.0000
N2,20260204,N2##20260204,0.1473,0.0000,0.0000
N2,20260204,N2##20260204,0.1462,0.0000,0.0000
N2,20260204,N2##20260204,0.1189,9.9448,3.3149
N2,20260204,N2##20260204,0.1124,3.3149,3.3149
N2,20260204,N2##20260204,0.1429,0.0000,0.0000
N2,20260204,N2##20260204,0.1558,1.7070,0.8535
N2,20260204,N2##20260204,0.1714,0.0000,0.0000
N2,20260204,N2##20260204,0.1212,2.4948,2.4948
N2,20260204,N2##20260204,0.1561,0.0000,0.0000
N2,20260204,N2##20260204,0.1386,0.0000,0.0000
N2,20260204,N2##20260204,0.1710,0.0000,0.0000
N2,20260204,N2##20260204,0.1877,0.0000,0.0000
N2,20260204,N2##20260204,0.1461,0.0000,0.0000
N2,20260204,N2##20260204,0.1730,0.0000,0.0000
N2,20260204,N2##20260204,0.1606,3.1579,3.1579
N2,20260204,N2##20260204,0.1449,0.0000,0.0000
N2,20260204,N2##20260204,0.1805,0.7168,0.7168
N2,20260204,N2##20260204,0.1363,4.8387,9.6774
N2,20260204,N2##20260204,0.1523,0.0000,0.0000
N2,20260204,N2##20260204,0.1358,0.0000,0.0000
N2,20260204,N2##20260204,0.1415,7.8947,0.0000
N2,20260204,N2##20260204,0.1470,1.9324,0.9662
N2,20260204,N2##20260204,0.1273,0.0000,0.0000
N2,20260204,N2##20260204,0.1138,0.0000,7.8947
N2,20260204,N2##20260204,0.1389,1.7964,0.0000
N2,20260204,N2##20260204,0.1489,2.4291,1.6194
N2,20260204,N2##20260204,0.1358,6.3158,3.1579
N2,20260204,N2##20260204,0.1874,0.0000,0.0000
N2,20260204,N2##20260204,0.1633,0.0000,0.0000
N2,20260204,N2##20260204,0.1709,0.0000,0.0000
N2,20260204,N2##20260204,0.1382,0.0000,0.0000
N2,20260204,N2##20260204,0.1521,2.2901,0.7634
N2,20260204,N2##20260204,0.1506,0.0000,0.0000
N2,20260204,N2##20260204,0.1442,4.0268,0.0000
N2,20260204,N2##20260204,0.1336,0.0000,0.0000
N2,20260204,N2##20260204,0.1548,0.0000,0.0000
N2,20260204,N2##20260204,0.1600,0.0000,0.0000
N2,20260204,N2##20260204,0.1524,4.9793,4.9793
N2,20260204,N2##20260204,0.1320,0.0000,0.0000
N2,20260204,N2##20260204,0.1242,5.6426,3.7618
N2,20260204,N2##20260204,0.1445,0.0000,0.0000
N2,20260204,N2##20260204,0.1462,4.0886,1.0221
N2,20260204,N2##20260204,0.1613,0.0000,0.0000
N2,20260204,N2##20260204,0.1445,0.0000,0.0000
N2,20260204,N2##20260204,0.1175,0.0000,0.0000
N2,20260204,N2##20260204,0.1729,3.1524,0.0000
N2,20260204,N2##20260204,0.1010,0.0000,0.0000
N2,20260204,N2##20260204,0.1459,0.0000,0.0000
N2,20260204,N2##20260204,0.1310,2.2901,1.1450
N2,20260204,N2##20260204,0.1496,0.0000,0.0000
N2,20260204,N2##20260204,0.1908,0.0000,1.5228
N2,20260204,N2##20260204,0.1437,2.4291,1.2146
N2,20260204,N2##20260204,0.1369,6.7669,2.2556
N2,20260204,N2##20260204,0.1086,0.0000,0.0000
N2,20260204,N2##20260204,0.1557,0.0000,0.0000
N2,20260204,N2##20260204,0.1633,0.0000,0.0000
N2,20260204,N2##20260204,0.1652,0.0000,0.0000
N2,20260204,N2##20260204,0.1533,0.0000,0.0000
N2,20260204,N2##20260204,0.1322,0.0000,0.0000
N2,20260204,N2##20260204,0.1429,0.0000,0.0000
N2,20260204,N2##20260204,0.1512,0.0000,0.0000
N2,20260204,N2##20260204,0.1593,0.0000,0.0000
N2,20260204,N2##20260204,0.1379,0.0000,0.0000
N2,20260204,N2##20260204,0.1691,0.0000,0.0000
N2,20260204,N2##20260204,0.1458,0.0000,0.0000
N2,20260204,N2##20260204,0.1797,3.2432,0.0000
N2,20260204,N2##20260204,0.1448,0.0000,0.0000
N2,20260204,N2##20260204,0.1587,5.6338,5.6338
N2,20260204,N2##20260204,0.1105,0.0000,0.0000
N2,20260204,N2##20260204,0.1398,1.6043,0.0000
N2,20260204,N2##20260204,0.1609,0.0000,0.0000
N2,20260204,N2##20260204,0.1606,0.0000,0.0000
N2,20260204,N2##20260204,0.1442,2.1978,0.0000
N2,20260204,N2##20260204,0.1497,0.0000,0.0000
N2,20260204,N2##20260204,0.1365,3.1414,0.0000
N2,20260204,N2##20260204,0.1408,8.3333,2.7778
N2,20260204,N2##20260204,0.1425,0.0000,0.0000
N2,20260204,N2##20260204,0.1825,0.0000,0.0000
N2,20260204,N2##20260204,0.1722,3.2967,0.0000
N2,20260204,N2##20260204,0.1402,0.0000,0.0000
N2,20260204,N2##20260204,0.1519,4.0268,0.0000
N2,20260204,N2##20260204,0.1676,0.0000,0.0000
N2,20260204,N2##20260204,0.1683,0.0000,0.0000
N2,20260204,N2##20260204,0.1116,0.0000,0.0000
N2,20260204,N2##20260204,0.1776,0.0000,0.0000
N2,20260204,N2##20260204,0.1357,0.0000,0.0000
N2,20260204,N2##20260204,0.1879,0.0000,0.0000
N2,20260205,N2##20260205,0.1373,1.2987,0.0000
N2,20260205,N2##20260205,0.1385,0.0000,0.0000
N2,20260205,N2##20260205,0.2209,0.0000,0.0000
N2,20260205,N2##20260205,0.1540,0.0000,0.0000
N2,20260205,N2##20260205,0.1895,1.7442,1.0465
N2,20260205,N2##20260205,0.0586,6.2946,3.2732
N2,20260205,N2##20260205,0.2103,0.0000,0.0000
N2,20260205,N2##20260205,0.1588,1.9502,0.0000
N2,20260205,N2##20260205,0.1439,0.0000,0.9885
N2,20260205,N2##20260205,0.1911,0.0000,0.0000
N2,20260205,N2##20260205,0.1458,0.6154,0.0000
N2,20260205,N2##20260205,0.1146,1.4599,0.0000
N2,20260205,N2##20260205,0.1763,0.0000,0.0000
N2,20260205,N2##20260205,0.1580,0.0000,0.8734
N2,20260205,N2##20260205,0.2439,0.0000,0.0000
N2,20260205,N2##20260205,0.1384,0.0000,0.0000
N2,20260205,N2##20260205,0.2034,5.6075,5.6075
N2,20260205,N2##20260205,0.1367,0.0000,2.0236
N2,20260205,N2##20260205,0.0955,0.0000,0.0000
N2,20260205,N2##20260205,0.1530,1.5267,1.5267
N2,20260205,N2##20260205,0.1884,0.0000,5.2174
N2,20260205,N2##20260205,0.1780,0.0000,0.0000
N2,20260205,N2##20260205,0.1744,0.0000,0.0000
N2,20260205,N2##20260205,0.1240,4.5113,0.0000
N2,20260205,N2##20260205,0.1311,0.0000,0.0000
N2,20260205,N2##20260205,0.1577,0.0000,0.0000
N2,20260205,N2##20260205,0.1327,6.6667,0.0000
N2,20260205,N2##20260205,0.2123,1.9544,1.9544
N2,20260205,N2##20260205,0.1385,1.3970,0.0000
N2,20260205,N2##20260205,0.1674,0.0000,0.0000
N2,20260205,N2##20260205,0.1603,0.0000,0.0000
N2,20260205,N2##20260205,0.1449,0.0000,0.0000
N2,20260205,N2##20260205,0.1999,0.0000,0.0000
N2,20260205,N2##20260205,0.1282,0.0000,0.0000
N2,20260205,N2##20260205,0.1469,0.0000,0.0000
N2,20260205,N2##20260205,0.1436,4.5627,2.2814
N2,20260205,N2##20260205,0.1439,0.0000,0.0000
N2,20260205,N2##20260205,0.2187,0.0000,0.0000
N2,20260205,N2##20260205,0.2309,0.0000,0.0000
N2,20260205,N2##20260205,0.1716,0.0000,0.9539
N2,20260205,N2##20260205,0.2155,0.0000,0.0000
N2,20260205,N2##20260205,0.2152,0.0000,14.6341
N2,20260205,N2##20260205,0.1861,0.0000,0.0000
N2,20260205,N2##20260205,0.1268,0.0000,0.0000
N2,20260205,N2##20260205,0.1818,0.0000,0.0000
N2,20260205,N2##20260205,0.1370,0.0000,0.0000
N2,20260205,N2##20260205,0.1634,0.0000,0.0000
N2,20260205,N2##20260205,0.2223,0.0000,0.0000
N2,20260205,N2##20260205,0.2189,0.0000,0.0000
N2,20260205,N2##20260205,0.1850,0.0000,0.0000
N2,20260205,N2##20260205,0.2642,0.0000,0.0000
N2,20260205,N2##20260205,0.1753,0.0000,0.0000
N2,20260205,N2##20260205,0.2309,0.0000,0.0000
N2,20260205,N2##20260205,0.1190,0.0000,0.0000
N2,20260205,N2##20260205,0.2178,0.0000,0.0000
N2,20260205,N2##20260205,0.1417,0.0000,0.0000
N2,20260205,N2##20260205,0.2139,0.0000,0.0000
N2,20260205,N2##20260205,0.1617,0.0000,0.0000
N2,20260205,N2##20260205,0.1921,0.0000,0.0000
N2,20260205,N2##20260205,0.2034,0.0000,0.0000
N2,20260205,N2##20260205,0.1373,3.3088,0.0000
N2,20260205,N2##20260205,0.1732,0.0000,0.0000
N2,20260205,N2##20260205,0.2398,0.0000,0.0000
N2,20260205,N2##20260205,0.1758,0.0000,0.0000
N2,20260205,N2##20260205,0.1842,0.0000,0.0000
N2,20260205,N2##20260205,0.2451,0.0000,0.0000
N2,20260205,N2##20260205,0.1334,0.0000,0.0000
N2,20260205,N2##20260205,0.1468,0.0000,0.0000
N2,20260205,N2##20260205,0.1742,0.0000,0.0000
N2,20260205,N2##20260205,0.1803,0.0000,0.0000
N2,20260205,N2##20260205,0.2161,7.4380,4.9587
N2,20260205,N2##20260205,0.0499,0.0000,0.0000
N2,20260205,N2##20260205,0.2117,5.6075,0.0000
N2,20260205,N2##20260205,0.1711,0.0000,0.0000
N2,20260205,N2##20260205,0.2575,0.0000,0.0000
N2,20260205,N2##20260205,0.2291,0.0000,0.0000
N2,20260205,N2##20260205,0.1937,4.0541,4.0541
N2,20260205,N2##20260205,0.1383,0.0000,0.0000
N2,20260205,N2##20260205,0.1816,0.0000,0.0000
N2,20260205,N2##20260205,0.1286,0.0000,0.0000
N2,20260205,N2##20260205,0.1991,0.0000,0.0000
N2,20260205,N2##20260205,0.1548,0.0000,0.0000
N2,20260206,N2##20260206,0.0949,0.0000,1.4458
N2,20260206,N2##20260206,0.1394,1.0753,0.0000
N2,20260206,N2##20260206,0.1348,0.0000,0.0000
N2,20260206,N2##20260206,0.1514,0.0000,0.0000
N2,20260206,N2##20260206,0.1681,0.0000,0.0000
N2,20260206,N2##20260206,0.1293,0.0000,0.0000
N2,20260206,N2##20260206,0.1198,0.0000,0.0000
N2,20260206,N2##20260206,0.1241,0.0000,0.0000
N2,20260206,N2##20260206,0.1272,0.0000,0.0000
N2,20260206,N2##20260206,0.1164,2.8939,1.9293
N2,20260206,N2##20260206,0.1202,0.0000,0.0000
N2,20260206,N2##20260206,0.1130,0.0000,0.0000
N2,20260206,N2##20260206,0.1592,0.0000,0.0000
N2,20260206,N2##20260206,0.1434,0.0000,0.0000
N2,20260206,N2##20260206,0.1455,0.0000,0.0000
N2,20260206,N2##20260206,0.1208,0.0000,4.3796
N2,20260206,N2##20260206,0.1237,0.0000,8.4507
N2,20260206,N2##20260206,0.1599,0.0000,0.0000
N2,20260206,N2##20260206,0.1256,0.9188,0.9188
N2,20260206,N2##20260206,0.1336,0.0000,0.0000
N2,20260206,N2##20260206,0.1201,0.0000,0.0000
N2,20260206,N2##20260206,0.1591,0.0000,0.0000
N2,20260206,N2##20260206,0.1504,0.0000,0.0000
N2,20260206,N2##20260206,0.1488,0.0000,1.8868
N2,20260206,N2##20260206,0.1266,0.6842,1.3683
N2,20260206,N2##20260206,0.1157,0.0000,0.0000
N2,20260206,N2##20260206,0.1104,7.6923,3.8462
N2,20260206,N2##20260206,0.1340,0.0000,0.0000
N2,20260206,N2##20260206,0.1483,0.0000,0.0000
N2,20260206,N2##20260206,0.0834,0.0000,0.0000
N2,20260206,N2##20260206,0.1303,0.0000,0.0000
N2,20260206,N2##20260206,0.1374,0.0000,0.0000
N2,20260206,N2##20260206,0.1352,0.0000,0.0000
N2,20260206,N2##20260206,0.1112,0.0000,3.9474
N2,20260206,N2##20260206,0.1414,0.0000,0.0000
N2,20260206,N2##20260206,0.1241,0.0000,0.0000
N2,20260206,N2##20260206,0.1207,0.0000,0.0000
N2,20260206,N2##20260206,0.1491,0.0000,0.0000
N2,20260206,N2##20260206,0.1409,0.0000,0.0000
N2,20260206,N2##20260206,0.0960,0.0000,0.7916
N2,20260206,N2##20260206,0.1364,0.0000,0.0000
N2,20260206,N2##20260206,0.1627,0.0000,0.0000
N2,20260206,N2##20260206,0.1629,0.0000,0.0000
N2,20260206,N2##20260206,0.1455,0.0000,0.0000
N2,20260206,N2##20260206,0.0835,0.0000,0.0000
N2,20260206,N2##20260206,0.1235,0.0000,0.0000
N2,20260206,N2##20260206,0.1278,0.0000,3.5503
N2,20260206,N2##20260206,0.1222,0.0000,0.0000
N2,20260206,N2##20260206,0.1241,0.0000,0.0000
N2,20260206,N2##20260206,0.1314,3.7325,2.7994
N2,20260206,N2##20260206,0.1566,0.0000,0.0000
N2,20260206,N2##20260206,0.1105,0.0000,2.2959
N2,20260206,N2##20260206,0.1474,1.9576,0.0000
N2,20260206,N2##20260206,0.0993,4.0724,0.0000
N2,20260206,N2##20260206,0.1520,5.4054,1.8018
N2,20260206,N2##20260206,0.1075,0.0000,0.0000
N2,20260206,N2##20260206,0.1322,0.0000,0.0000
N2,20260206,N2##20260206,0.1117,0.0000,0.0000
N2,20260206,N2##20260206,0.1237,0.0000,0.0000
N2,20260206,N2##20260206,0.1277,0.0000,4.2254
N2,20260206,N2##20260206,0.0985,0.0000,0.0000
N2,20260206,N2##20260206,0.1066,0.0000,0.0000
N2,20260206,N2##20260206,0.0897,0.0000,0.0000
N2,20260206,N2##20260206,0.1217,0.0000,0.0000
N2,20260206,N2##20260206,0.1324,0.0000,0.0000
N2,20260206,N2##20260206,0.1259,0.0000,0.0000
N2,20260206,N2##20260206,0.1602,0.0000,0.0000
N2,20260206,N2##20260206,0.1241,0.0000,0.0000
N2,20260206,N2##20260206,0.1784,0.0000,0.0000
N2,20260206,N2##20260206,0.0801,0.0000,0.0000
N2,20260206,N2##20260206,0.1113,0.0000,0.0000
N2,20260206,N2##20260206,0.1121,0.0000,15.1899
N2,20260206,N2##20260206,0.1103,1.5686,0.7843
N2,20260206,N2##20260206,0.1221,0.0000,0.0000
N2,20260206,N2##20260206,0.1295,2.9851,0.0000
N2,20260206,N2##20260206,0.1066,0.0000,0.0000
N2,20260206,N2##20260206,0.1151,0.0000,0.0000
N2,20260206,N2##20260206,0.1170,0.0000,0.0000
N2,20260206,N2##20260206,0.1037,10.5263,5.2632
N2,20260206,N2##20260206,0.1297,0.0000,0.8333
N2,20260206,N2##20260206,0.0970,0.0000,0.0000
N2,20260206,N2##20260206,0.1140,0.0000,0.0000
N2,20260206,N2##20260206,0.0788,7.4689,4.9793
N2,20260206,N2##20260206,0.1144,0.0000,7.0588
N2,20260206,N2##20260206,0.1252,1.8927,3.7855
N2,20260206,N2##20260206,0.1645,0.7151,0.7151
N2,20260206,N2##20260206,0.1074,0.0000,0.0000
N2,20260206,N2##20260206,0.1123,0.0000,0.0000
N2,20260206,N2##20260206,0.0888,0.0000,0.0000
N2,20260206,N2##20260206,0.1537,0.0000,0.0000
N2,20260206,N2##20260206,0.1698,0.0000,0.0000
N2,20260206,N2##20260206,0.0330,15.7895,0.0000
N2,20260206,N2##20260206,0.1341,0.0000,0.0000
N2,20260206,N2##20260206,0.1368,0.0000,0.0000
N2,20260206,N2##20260206,0.0971,7.1429,3.5714
N2,20260206,N2##20260206,0.1003,18.1818,0.0000
N2,20260206,N2##20260206,0.1100,4.3165,0.0000
N2,20260206,N2##20260206,0.1255,0.0000,0.0000
N2,20260206,N2##20260206,0.1295,0.0000,0.0000
N2,20260206,N2##20260206,0.1266,17.1429,0.0000
N2,20260206,N2##20260206,0.1275,0.0000,0.0000
N2,20260206,N2##20260206,0.0919,0.0000,0.0000
N2,20260206,N2##20260206,0.1150,0.0000,0.0000
N2,20260206,N2##20260206,0.1171,0.0000,0.0000
N2,20260206,N2##20260206,0.1558,0.0000,0.0000
N2,20260206,N2##20260206,0.1451,19.0476,9.5238
N2,20260206,N2##20260206,0.0834,0.0000,0.0000
N2,20260206,N2##20260206,0.1098,3.9735,0.0000
N2,20260206,N2##20260206,0.1590,3.7975,3.7975
N2,20260206,N2##20260206,0.1394,8.1633,6.1224
N2,20260206,N2##20260206,0.1743,5.6604,5.6604
N2,20260206,N2##20260206,0.1109,8.6957,0.0000
N2,20260206,N2##20260206,0.1186,4.1096,0.0000
N2,20260206,N2##20260206,0.1476,0.0000,0.0000
N2,20260206,N2##20260206,0.0821,0.0000,0.0000
N2,20260206,N2##20260206,0.1153,0.0000,0.0000
N2,20260206,N2##20260206,0.0922,6.6298,6.6298
N2,20260206,N2##20260206,0.1529,0.0000,0.0000
N2,20260206,N2##20260206,0.1123,0.0000,0.0000
N2,20260206,N2##20260206,0.0896,7.5949,3.7975
N2,20260206,N2##20260206,0.1343,1.7804,1.7804
N2,20260206,N2##20260206,0.0951,0.0000,0.0000
N2,20260206,N2##20260206,0.1011,7.3171,4.8780
N2,20260206,N2##20260206,0.1072,0.0000,0.0000
N2,20260206,N2##20260206,0.1032,0.0000,0.0000
N2,20260206,N2##20260206,0.1598,12.7660,12.7660
N2,20260206,N2##20260206,0.1274,1.9934,0.9967
N2,20260206,N2##20260206,0.1158,0.0000,0.0000
N2,20260206,N2##20260206,0.1602,0.0000,0.0000
N2,20260206,N2##20260206,0.1180,0.0000,0.0000
N2,20260206,N2##20260206,0.0753,0.0000,0.0000
N2,20260206,N2##20260206,0.1549,2.3346,4.6693
N2,20260206,N2##20260206,0.0874,0.0000,0.0000
N2,20260206,N2##20260206,0.1045,0.0000,0.0000
N2,20260206,N2##20260206,0.1302,0.0000,0.0000
N2,20260206,N2##20260206,0.1306,0.8837,0.8837
N2,20260206,N2##20260206,0.1234,2.7778,2.7778
N2,20260206,N2##20260206,0.1548,2.5641,0.0000
N2,20260206,N2##20260206,0.0907,0.0000,0.0000
N2,20260206,N2##20260206,0.1066,0.0000,4.3796
N2,20260206,N2##20260206,0.1397,0.0000,0.0000
N2,20260206,N2##20260206,0.1435,2.6966,2.2472
N2,20260206,N2##20260206,0.1253,4.1096,0.0000
N2,20260206,N2##20260206,0.1732,7.1429,4.7619
N2,20260206,N2##20260206,0.1784,0.0000,0.0000
N2,20260206,N2##20260206,0.1076,3.8055,3.8055
N2,20260206,N2##20260206,0.1004,1.2270,2.4540
N2,20260206,N2##20260206,0.1074,4.4444,4.4444
N2,20260206,N2##20260206,0.1128,15.1261,5.0420
N2,20260206,N2##20260206,0.1408,0.0000,0.0000
N2,20260206,N2##20260206,0.1031,0.0000,0.0000
N2,20260206,N2##20260206,0.0988,0.0000,0.0000
N2,20260206,N2##20260206,0.1228,0.0000,0.0000
N2,20260206,N2##20260206,0.1006,8.0000,0.0000
N2,20260206,N2##20260206,0.0994,0.0000,0.0000
N2,20260206,N2##20260206,0.1285,5.4545,6.8182
N2,20260206,N2##20260206,0.1436,0.0000,0.0000
N2,20260206,N2##20260206,0.1546,0.0000,0.0000
N2,20260206,N2##20260206,0.1054,0.0000,0.0000
N2,20260206,N2##20260206,0.0874,0.0000,0.0000
N2,20260206,N2##20260206,0.1435,0.0000,0.0000
N2,20260206,N2##20260206,0.1852,0.0000,0.0000
N2,20260206,N2##20260206,0.1096,0.0000,0.0000
N2,20260206,N2##20260206,0.1095,12.5000,12.5000
N2,20260206,N2##20260206,0.1378,0.0000,0.0000
N2,20260206,N2##20260206,0.0582,2.6432,5.2863
N2,20260206,N2##20260206,0.1222,6.4865,6.4865
N2,20260206,N2##20260206,,0.0000,20.0000
N2,20260206,N2##20260206,0.1347,2.4000,4.8000
N2,20260206,N2##20260206,0.1353,5.3571,0.0000
N2,20260206,N2##20260206,0.1149,0.0000,0.0000
N2,20260206,N2##20260206,0.1415,0.0000,0.0000
N2,20260206,N2##20260206,0.1604,8.2949,2.7650
N2,20260206,N2##20260206,0.1175,0.0000,0.0000
N2,20260206,N2##20260206,0.0989,0.0000,0.0000
N2,20260206,N2##20260206,0.1730,0.0000,0.0000
N2,20260206,N2##20260206,0.1227,0.0000,0.0000
N2,20260206,N2##20260206,0.1315,0.0000,10.7143
N2,20260206,N2##20260206,0.0776,0.0000,18.7500
N2,20260206,N2##20260206,0.1289,13.9535,0.0000
N2,20260206,N2##20260206,0.1057,0.0000,3.4783
N2,20260206,N2##20260206,0.1548,0.0000,1.7341
N2,20260206,N2##20260206,0.0953,0.0000,0.0000
N2,20260206,N2##20260206,0.1121,10.0000,0.0000
N2,20260206,N2##20260206,0.1505,1.0929,0.0000
N2,20260206,N2##20260206,0.1501,0.0000,0.0000
N2,20260206,N2##20260206,0.1190,0.0000,0.0000
N2,20260206,N2##20260206,0.1372,0.0000,0.0000
N2,20260206,N2##20260206,0.1066,0.0000,0.0000
N2,20260206,N2##20260206,0.0891,0.0000,0.0000
N2,20260206,N2##20260206,0.1382,6.8182,0.0000
N2,20260206,N2##20260206,0.0804,0.0000,0.0000
N2,20260206,N2##20260206,0.1257,6.5934,0.0000
N2,20260206,N2##20260206,0.1690,5.0420,5.0420
N2,20260206,N2##20260206,0.1448,0.0000,0.0000
N2,20260206,N2##20260206,0.1327,0.0000,0.0000
N2,20260206,N2##20260206,0.1768,0.0000,0.0000
N2,20260206,N2##20260206,0.0580,7.4074,7.4074
N2,20260206,N2##20260206,0.1286,0.0000,0.0000
N2,20260206,N2##20260206,0.1119,7.5000,0.0000
N2,20260206,N2##20260206,0.0661,7.5000,15.0000
N2,20260206,N2##20260206,0.1527,0.0000,0.0000
N2,20260206,N2##20260206,0.0533,0.0000,18.1818
N2,20260206,N2##20260206,0.1078,3.0000,6.0000
N2,20260206,N2##20260206,0.1357,0.0000,0.0000
N2,20260206,N2##20260206,0.0680,0.0000,0.0000
N2,20260206,N2##20260206,0.1017,8.5714,0.0000
N2,20260206,N2##20260206,0.1130,1.6000,0.0000
N2,20260206,N2##20260206,0.1460,0.0000,0.0000
N2,20260206,N2##20260206,0.1058,6.1224,3.0612
N2,20260206,N2##20260206,0.1267,6.2338,3.1169
N2,20260206,N2##20260206,0.1175,0.0000,0.0000
N2,20260206,N2##20260206,0.1480,0.0000,12.0000
N2,20260206,N2##20260206,0.1245,0.0000,0.0000
N2,20260206,N2##20260206,0.1412,0.0000,0.0000
N2,20260206,N2##20260206,0.1596,0.0000,0.0000
N2,20260206,N2##20260206,0.0858,0.0000,0.0000
N2,20260206,N2##20260206,0.1414,0.0000,0.0000
N2,20260206,N2##20260206,0.1424,0.0000,0.0000
N2,20260206,N2##20260206,0.1608,2.9703,2.9703
N2,20260206,N2##20260206,0.1303,1.4423,0.7212
N2,20260206,N2##20260206,0.1369,0.0000,0.0000
N2,20260206,N2##20260206,0.1590,2.7907,4.1860
N2,20260206,N2##20260206,0.1380,4.0134,6.0201
N2,20260206,N2##20260206,0.1508,7.7922,0.0000
N2,20260206,N2##20260206,0.1590,0.0000,0.0000
N2,20260206,N2##20260206,0.0733,0.0000,0.0000
N2,20260206,N2##20260206,0.1205,2.4793,2.4793
N2,20260206,N2##20260206,0.1373,0.0000,0.0000
N2,20260206,N2##20260206,0.1369,0.0000,0.0000
N2,20260206,N2##20260206,0.1200,9.6774,0.0000
N2,20260206,N2##20260206,0.0881,2.4896,2.4896
N2,20260206,N2##20260206,0.1036,7.5472,0.0000
N2,20260206,N2##20260206,0.1408,0.0000,0.0000
N2,20260206,N2##20260206,0.1587,0.0000,0.0000
N2,20260206,N2##20260206,0.1088,0.0000,0.0000
N2,20260206,N2##20260206,0.1443,0.0000,0.0000
N2,20260206,N2##20260206,0.0671,14.1176,0.0000
N2,20260206,N2##20260206,0.1293,3.1858,2.1239
N2,20260206,N2##20260206,0.0652,0.0000,0.0000
N2,20260206,N2##20260206,0.1570,0.0000,0.0000
N2,20260206,N2##20260206,0.1309,0.0000,0.0000
N2,20260206,N2##20260206,0.1143,2.9268,0.0000
N2,20260206,N2##20260206,0.1417,13.0435,0.0000
N2,20260206,N2##20260206,0.0906,9.5238,0.0000
N2,20260206,N2##20260206,0.1245,0.0000,0.0000
N2,20260206,N2##20260206,0.1344,0.0000,0.0000
N2,20260206,N2##20260206,0.1074,0.0000,0.0000
N2,20260206,N2##20260206,0.1232,0.0000,1.4670
N2,20260206,N2##20260206,0.0982,0.0000,0.0000
N2,20260206,N2##20260206,0.1480,0.0000,0.0000
N2,20260206,N2##20260206,0.1079,0.0000,0.0000
N2,20260206,N2##20260206,,20.0000,20.0000
N2,20260206,N2##20260206,0.1376,0.0000,0.0000
N2,20260206,N2##20260206,0.1719,0.0000,0.0000
N2,20260206,N2##20260206,0.1246,4.1379,4.1379
N2,20260206,N2##20260206,0.1775,0.0000,0.0000
N2,20260206,N2##20260206,0.0917,1.9169,0.0000
N2,20260206,N2##20260206,0.1529,0.0000,0.0000
N2,20260206,N2##20260206,0.1275,0.0000,0.0000
N2,20260206,N2##20260206,,15.0000,15.0000
N2,20260206,N2##20260206,0.0521,0.0000,0.0000
N2,20260206,N2##20260206,0.1037,13.7405,0.0000
N2,20260206,N2##20260206,0.1207,3.2172,1.6086
N2,20260206,N2##20260206,0.0487,14.4578,14.4578
N2,20260206,N2##20260206,0.1655,10.3448,10.3448
N2,20260206,N2##20260206,0.1471,0.0000,0.0000
N2,20260206,N2##20260206,0.1263,1.6620,1.6620
N2,20260206,N2##20260206,0.1435,1.1450,1.1450
N2,20260206,N2##20260206,0.1464,0.0000,0.0000
N2,20260206,N2##20260206,0.1234,0.0000,1.9868
N2,20260206,N2##20260206,0.1400,0.0000,0.0000
N2,20260206,N2##20260206,0.1071,0.0000,0.0000
N2,20260206,N2##20260206,0.1036,0.0000,0.0000
N2,20260206,N2##20260206,0.0882,4.2857,0.0000
N2,20260206,N2##20260206,0.1203,23.0769,0.0000
N2,20260206,N2##20260206,0.1642,0.0000,0.0000
N2,20260206,N2##20260206,0.1220,0.0000,0.0000
N2,20260206,N2##20260206,0.0932,4.7120,3.1414
N2,20260206,N2##20260206,0.1470,0.0000,0.0000
N2,20260206,N2##20260206,0.1522,4.4444,0.0000
N2,20260206,N2##20260206,0.0622,3.9216,0.0000
N2,20260206,N2##20260206,0.1479,5.5046,3.6697
N2,20260206,N2##20260206,0.0639,0.0000,0.0000
N2,20260206,N2##20260206,0.0686,0.0000,0.0000
N2,20260206,N2##20260206,0.1253,18.7500,0.0000
N2,20260206,N2##20260206,0.1667,0.0000,0.0000
N2,20260206,N2##20260206,0.1555,1.7094,0.0000
N2,20260206,N2##20260206,0.1162,4.1096,0.0000
N2,20260206,N2##20260206,0.1479,0.0000,0.0000
N2,20260206,N2##20260206,0.1231,2.4490,4.8980
N2,20260206,N2##20260206,0.1318,1.6997,3.3994
N2,20260206,N2##20260206,0.1376,0.0000,0.0000
N2,20260206,N2##20260206,0.0928,6.3830,2.1277
N2,20260206,N2##20260206,0.1293,0.0000,0.0000
N2,20260206,N2##20260206,0.1466,0.0000,0.0000
N2,20260206,N2##20260206,0.0824,6.4516,0.0000
N2,20260206,N2##20260206,0.0924,3.8710,0.0000
N2,20260206,N2##20260206,0.1348,0.0000,0.0000
N2,20260206,N2##20260206,0.0980,0.0000,0.0000
N2,20260206,N2##20260206,0.1238,1.9231,0.0000
N2,20260206,N2##20260206,0.1073,0.0000,0.0000
N2,20260206,N2##20260206,,12.7660,0.0000
N2,20260206,N2##20260206,0.1070,6.1224,3.0612
N2,20260206,N2##20260206,0.0642,0.0000,0.0000
N2,20260206,N2##20260206,0.1503,12.5000,0.0000
N2,20260206,N2##20260206,0.1232,0.0000,0.0000
N2,20260206,N2##20260206,0.1439,0.0000,0.0000
N2,20260206,N2##20260206,0.1444,0.0000,0.0000
N2,20260206,N2##20260206,0.0716,15.3846,0.0000
N2,20260206,N2##20260206,0.1104,0.0000,0.0000
N2,20260206,N2##20260206,0.1697,0.0000,0.0000
N2,20260206,N2##20260206,0.0997,11.3208,0.0000
N2,20260206,N2##20260206,0.1415,0.0000,0.0000
N2,20260206,N2##20260206,0.1242,0.0000,0.0000
N2,20260206,N2##20260206,0.1265,0.0000,0.0000
N2,20260206,N2##20260206,0.1305,0.0000,0.0000
N2,20260206,N2##20260206,0.0789,11.2150,0.0000
N2,20260206,N2##20260206,0.1705,0.0000,0.0000
N2,20260206,N2##20260206,0.1187,3.8710,0.0000
N2,20260206,N2##20260206,0.1329,0.0000,0.0000
N2,20260206,N2##20260206,0.1484,0.0000,0.0000
N2,20260206,N2##20260206,0.0537,0.0000,0.0000
N2,20260206,N2##20260206,0.1654,0.0000,0.0000
N2,20260206,N2##20260206,0.1209,0.0000,0.0000
N2,20260206,N2##20260206,0.1148,8.5714,0.0000
N2,20260206,N2##20260206,0.0768,0.0000,0.0000
N2,20260206,N2##20260206,0.1501,0.0000,0.0000
N2,20260206,N2##20260206,0.1239,0.0000,0.0000
N2,20260206,N2##20260206,0.1233,0.0000,0.0000
N2,20260206,N2##20260206,0.1403,5.7143,0.0000
N2,20260206,N2##20260206,0.0994,0.0000,0.0000
N2,20260206,N2##20260206,0.0511,17.6471,0.0000
N2,20260206,N2##20260206,0.1288,0.0000,0.0000
N2,20260206,N2##20260206,0.0885,6.8182,0.0000
N2,20260206,N2##20260206,0.1491,0.0000,0.0000
N2,20260206,N2##20260206,0.1375,11.3208,11.3208
N2,20260206,N2##20260206,0.1091,0.0000,0.0000
N2,20260206,N2##20260206,0.1429,0.0000,0.0000
N2,20260206,N2##20260206,0.0922,0.0000,0.0000
N2,20260207,N2##20260207,0.1555,0.9063,0.9063
N2,20260207,N2##20260207,0.1635,0.0000,0.0000
N2,20260207,N2##20260207,0.1533,0.0000,0.0000
N2,20260207,N2##20260207,0.1645,0.0000,0.0000
N2,20260207,N2##20260207,0.1677,0.0000,0.0000
N2,20260207,N2##20260207,0.1690,0.0000,0.0000
N2,20260207,N2##20260207,0.1559,0.0000,0.0000
N2,20260207,N2##20260207,0.1764,1.1257,0.0000
N2,20260207,N2##20260207,0.1652,0.0000,0.0000
N2,20260207,N2##20260207,0.1179,0.0000,0.0000
N2,20260207,N2##20260207,0.1816,0.0000,0.0000
N2,20260207,N2##20260207,0.1694,0.0000,0.0000
N2,20260207,N2##20260207,0.0535,0.8837,0.0000
N2,20260207,N2##20260207,0.1772,0.0000,0.0000
N2,20260207,N2##20260207,0.1695,0.0000,0.0000
N2,20260207,N2##20260207,0.1532,0.0000,0.0000
N2,20260207,N2##20260207,0.1849,0.0000,0.0000
N2,20260207,N2##20260207,0.1684,0.0000,0.8523
N2,20260207,N2##20260207,0.1297,1.7442,1.1628
N2,20260207,N2##20260207,0.1679,1.5464,2.3196
N2,20260207,N2##20260207,0.0995,4.7695,2.8617
N2,20260207,N2##20260207,0.1621,0.0000,0.0000
N2,20260207,N2##20260207,0.1314,0.0000,2.3715
N2,20260207,N2##20260207,0.1587,0.0000,0.0000
N2,20260207,N2##20260207,0.1693,2.6087,0.0000
N2,20260207,N2##20260207,0.1747,0.0000,0.0000
N2,20260207,N2##20260207,0.1619,0.0000,0.0000
N2,20260207,N2##20260207,0.1765,0.0000,0.0000
N2,20260207,N2##20260207,0.1415,0.0000,0.0000
N2,20260207,N2##20260207,0.1081,0.0000,0.0000
N2,20260207,N2##20260207,0.1637,0.0000,0.0000
N2,20260207,N2##20260207,0.1744,0.0000,0.0000
N2,20260207,N2##20260207,0.1714,0.0000,0.0000
N2,20260207,N2##20260207,0.1378,0.0000,0.0000
N2,20260207,N2##20260207,0.1715,0.0000,1.0899
N2,20260207,N2##20260207,0.0773,2.2263,1.1132
N2,20260207,N2##20260207,0.1567,0.0000,0.0000
N2,20260207,N2##20260207,0.1472,0.0000,0.0000
N2,20260207,N2##20260207,0.1859,0.0000,0.0000
N2,20260207,N2##20260207,0.1331,3.7578,6.2630
N2,20260207,N2##20260207,0.1569,1.0601,3.1802
N2,20260207,N2##20260207,0.1391,0.0000,0.0000
N2,20260207,N2##20260207,0.1355,0.0000,0.0000
N2,20260207,N2##20260207,0.1777,0.0000,0.5333
N2,20260207,N2##20260207,0.1589,0.0000,0.0000
N2,20260207,N2##20260207,0.1744,0.0000,0.0000
N2,20260207,N2##20260207,0.1389,0.0000,0.0000
N2,20260207,N2##20260207,0.1649,0.0000,0.0000
N2,20260207,N2##20260207,0.1617,0.0000,0.0000
N2,20260207,N2##20260207,0.1503,0.0000,0.0000
N2,20260207,N2##20260207,0.1627,0.0000,0.0000
N2,20260207,N2##20260207,0.1371,0.0000,0.0000
N2,20260207,N2##20260207,0.1711,0.0000,0.0000
N2,20260207,N2##20260207,0.1528,0.5639,0.5639
N2,20260207,N2##20260207,0.1166,0.0000,0.0000
N2,20260207,N2##20260207,0.1248,0.0000,0.0000
N2,20260207,N2##20260207,0.1455,0.0000,0.0000
N2,20260207,N2##20260207,0.1715,0.0000,0.0000
N2,20260207,N2##20260207,0.1292,15.5844,0.0000
N2,20260207,N2##20260207,0.1342,0.0000,4.4776
N2,20260207,N2##20260207,0.1508,7.2581,1.2097
N2,20260207,N2##20260207,0.1709,0.0000,0.0000
N2,20260207,N2##20260207,0.1400,0.0000,0.0000
N2,20260207,N2##20260207,0.1257,0.0000,0.0000
N2,20260207,N2##20260207,0.1595,0.0000,0.0000
N2,20260207,N2##20260207,0.1100,0.0000,0.0000
N2,20260207,N2##20260207,0.1728,3.2787,3.2787
N2,20260207,N2##20260207,0.1531,0.0000,0.0000
N2,20260207,N2##20260207,0.1749,0.0000,0.0000
N2,20260207,N2##20260207,0.1633,5.2632,2.6316
N2,20260207,N2##20260207,0.1593,5.0251,3.0151
N2,20260207,N2##20260207,0.1308,0.0000,0.3517
N2,20260207,N2##20260207,0.1091,0.0000,0.0000
N2,20260207,N2##20260207,0.1508,0.0000,0.0000
N2,20260207,N2##20260207,0.1505,0.0000,0.0000
N2,20260207,N2##20260207,0.1188,0.0000,0.0000
N2,20260207,N2##20260207,0.1386,3.5928,0.0000
N2,20260207,N2##20260207,0.1630,0.0000,0.0000
N2,20260207,N2##20260207,0.1613,1.1439,1.1439
N2,20260207,N2##20260207,0.1567,3.5982,2.6987
N2,20260207,N2##20260207,0.1739,0.0000,0.0000
N2,20260207,N2##20260207,0.1788,4.1379,0.0000
N2,20260207,N2##20260207,0.1563,0.0000,0.0000
N2,20260207,N2##20260207,0.1626,4.4776,0.0000
N2,20260207,N2##20260207,0.1053,0.0000,0.0000
N2,20260207,N2##20260207,0.1709,0.0000,0.0000
N2,20260207,N2##20260207,0.0921,0.0000,0.0000
N2,20260207,N2##20260207,0.1087,0.0000,0.0000
N2,20260207,N2##20260207,0.1726,0.0000,0.0000
N2,20260207,N2##20260207,0.1179,0.0000,0.0000
N2,20260207,N2##20260207,0.1582,0.0000,6.8966
N2,20260207,N2##20260207,0.0911,14.2857,0.0000
N2,20260207,N2##20260207,0.1820,0.0000,0.0000
N2,20260207,N2##20260207,0.1335,0.0000,0.0000
N2,20260207,N2##20260207,0.1658,0.0000,0.0000
N2,20260207,N2##20260207,0.1950,5.0934,4.0747
N2,20260207,N2##20260207,0.1893,1.4286,1.4286
N2,20260207,N2##20260207,0.1475,0.0000,0.0000
N2,20260207,N2##20260207,0.1292,0.0000,0.0000
N2,20260207,N2##20260207,0.1561,0.0000,0.0000
N2,20260207,N2##20260207,0.1456,1.3043,0.6522
N2,20260207,N2##20260207,0.1116,2.6786,5.3571
N2,20260207,N2##20260207,0.1460,0.0000,0.0000
N2,20260207,N2##20260207,0.1281,1.9293,0.0000
N2,20260207,N2##20260207,0.1178,0.0000,0.0000
N2,20260207,N2##20260207,0.1632,0.0000,0.0000
N2,20260207,N2##20260207,0.1613,1.7857,1.7857
N2,20260207,N2##20260207,0.1549,0.0000,0.0000
N2,20260207,N2##20260207,0.1886,0.0000,0.0000
N2,20260207,N2##20260207,0.1640,7.1090,4.2654
N2,20260207,N2##20260207,0.1239,0.0000,0.0000
N2,20260207,N2##20260207,0.1815,0.5226,0.0000
N2,20260207,N2##20260207,0.1473,6.5934,0.0000
N2,20260207,N2##20260207,0.1032,0.0000,0.0000
N2,20260207,N2##20260207,0.1705,0.0000,0.0000
N2,20260207,N2##20260207,0.1687,8.9219,8.9219
N2,20260207,N2##20260207,0.1459,0.0000,0.0000
N2,20260207,N2##20260207,0.1572,0.0000,0.0000
N2,20260207,N2##20260207,0.1907,0.0000,0.0000
N2,20260207,N2##20260207,0.1587,0.0000,0.0000
N2,20260207,N2##20260207,0.1633,0.0000,0.0000
N2,20260207,N2##20260207,0.1381,0.9639,1.4458
N2,20260207,N2##20260207,0.1142,0.0000,0.0000
N2,20260207,N2##20260207,0.1548,6.1856,4.6392
N2,20260207,N2##20260207,0.1578,0.0000,0.0000
N2,20260207,N2##20260207,0.1491,3.5294,0.0000
N2,20260207,N2##20260207,0.1286,0.0000,0.0000
N2,20260207,N2##20260207,0.1088,0.0000,0.0000
N2,20260207,N2##20260207,0.2027,2.7335,1.3667
N2,20260207,N2##20260207,0.1591,0.0000,0.0000
N2,20260207,N2##20260207,0.1499,0.0000,0.0000
N2,20260207,N2##20260207,0.1787,0.0000,0.0000
N2,20260207,N2##20260207,0.1575,0.0000,0.0000
N2,20260207,N2##20260207,0.1717,0.0000,0.0000
N2,20260207,N2##20260207,0.1271,0.6237,1.8711
N2,20260207,N2##20260207,0.1580,0.0000,0.0000
N2,20260207,N2##20260207,0.1757,3.5294,2.3529
N2,20260207,N2##20260207,0.1530,0.0000,0.0000
N2,20260207,N2##20260207,0.1749,0.0000,0.0000
N2,20260207,N2##20260207,0.1825,0.6006,0.0000
N2,20260207,N2##20260207,0.0562,1.2500,1.2500
N2,20260207,N2##20260207,0.1569,0.0000,0.0000
N2,20260207,N2##20260207,0.1785,0.0000,0.0000
N2,20260207,N2##20260207,0.1633,0.0000,0.0000
N2,20260207,N2##20260207,0.1637,0.0000,0.0000
N2,20260207,N2##20260207,0.1620,0.0000,0.0000
N2,20260207,N2##20260207,0.1757,0.0000,0.0000
N2,20260207,N2##20260207,0.1565,0.0000,0.0000
N2,20260207,N2##20260207,0.1413,3.7500,3.7500
N2,20260207,N2##20260207,0.1455,0.0000,0.0000
N2,20260207,N2##20260207,0.1776,0.0000,0.0000
N2,20260207,N2##20260207,0.1202,0.0000,0.0000
N2,20260207,N2##20260207,0.1622,6.1314,3.5036
N2,20260207,N2##20260207,0.1145,0.0000,0.0000
N2,20260207,N2##20260207,0.1824,0.0000,0.0000
N2,20260207,N2##20260207,0.1807,2.2059,2.2059
N2,20260207,N2##20260207,0.1794,0.0000,0.0000
N2,20260207,N2##20260207,0.1856,0.0000,0.0000
N2,20260207,N2##20260207,0.1726,0.0000,0.0000
N2,20260207,N2##20260207,0.1780,0.0000,0.0000
N2,20260207,N2##20260207,0.1884,3.1579,3.1579
N2,20260207,N2##20260207,0.1461,0.0000,2.3166
N2,20260207,N2##20260207,0.1147,0.0000,0.9662
N2,20260207,N2##20260207,0.1769,0.0000,0.0000
N2,20260207,N2##20260207,0.1356,0.0000,0.0000
N2,20260207,N2##20260207,0.1594,0.0000,0.0000
N2,20260207,N2##20260207,0.1582,0.0000,0.0000
N2,20260207,N2##20260207,0.1878,0.0000,0.0000
N2,20260207,N2##20260207,0.1498,1.6260,1.6260
N2,20260207,N2##20260207,,24.0000,0.0000
N2,20260207,N2##20260207,0.1974,0.0000,0.0000
N2,20260207,N2##20260207,0.1841,0.0000,0.0000
N2,20260207,N2##20260207,0.1956,0.0000,0.0000
N2,20260207,N2##20260207,0.1435,3.1414,3.1414
N2,20260207,N2##20260207,0.1797,4.1237,2.0619
N2,20260207,N2##20260207,0.1285,3.4884,3.4884
N2,20260207,N2##20260207,0.1922,0.0000,0.0000
N2,20260207,N2##20260207,0.1876,0.0000,0.0000
N2,20260207,N2##20260207,0.1249,0.0000,0.0000
N2,20260207,N2##20260207,0.1965,0.0000,0.0000
N2,20260207,N2##20260207,0.1588,0.0000,0.0000
N2,20260207,N2##20260207,0.1760,0.0000,0.0000
N2,20260207,N2##20260207,0.1225,0.0000,0.0000
N2,20260207,N2##20260207,0.1870,0.0000,0.0000
N2,20260207,N2##20260207,0.1854,0.0000,0.0000
N2,20260207,N2##20260207,0.1838,0.0000,0.0000
N2,20260207,N2##20260207,0.1174,0.0000,0.0000
N2,20260207,N2##20260207,0.1597,0.0000,0.0000
N2,20260207,N2##20260207,0.1769,0.0000,0.0000
N2,20260207,N2##20260207,0.1315,0.0000,0.0000
N2,20260207,N2##20260207,0.1863,0.0000,0.0000
N2,20260207,N2##20260207,0.1677,0.0000,0.0000
N2,20260207,N2##20260207,0.1540,0.0000,0.0000
N2,20260207,N2##20260207,0.1857,0.0000,0.0000
N2,20260207,N2##20260207,0.1671,0.0000,0.0000
N2,20260207,N2##20260207,0.1606,0.0000,0.0000
N2,20260207,N2##20260207,0.0709,0.0000,0.0000
N2,20260207,N2##20260207,0.1411,0.0000,0.0000
N2,20260207,N2##20260207,0.1444,0.0000,0.0000
N2,20260207,N2##20260207,0.1343,0.0000,0.0000
N2,20260207,N2##20260207,0.1965,0.0000,0.0000
N2,20260207,N2##20260207,0.1573,0.0000,0.0000
N2,20260207,N2##20260207,0.1692,0.0000,0.0000
N2,20260207,N2##20260207,0.1060,0.0000,0.0000
N2,20260207,N2##20260207,0.1540,0.0000,0.0000
N2,20260207,N2##20260207,0.1545,0.0000,0.0000
N2,20260207,N2##20260207,0.1839,0.0000,0.0000
N2,20260207,N2##20260207,0.1819,0.0000,0.0000
N2,20260209,N2##20260209,0.1618,0.0000,0.0000
N2,20260209,N2##20260209,0.1822,0.0000,0.0000
N2,20260209,N2##20260209,0.1735,0.0000,0.0000
N2,20260209,N2##20260209,0.1845,0.0000,0.0000
N2,20260209,N2##20260209,0.1825,0.0000,0.0000
N2,20260209,N2##20260209,0.1643,0.0000,0.0000
N2,20260209,N2##20260209,0.1215,0.0000,0.0000
N2,20260209,N2##20260209,0.1500,0.0000,0.0000
N2,20260209,N2##20260209,0.1759,0.0000,0.0000
N2,20260209,N2##20260209,0.0872,0.0000,3.2787
N2,20260209,N2##20260209,0.1796,0.0000,0.0000
N2,20260209,N2##20260209,0.1472,0.0000,0.0000
N2,20260209,N2##20260209,0.1567,0.0000,0.0000
N2,20260209,N2##20260209,0.1607,0.0000,0.0000
N2,20260209,N2##20260209,0.1079,0.0000,0.0000
N2,20260209,N2##20260209,0.1224,0.0000,0.0000
N2,20260209,N2##20260209,0.1243,6.7797,6.7797
N2,20260209,N2##20260209,0.1809,0.0000,0.0000
N2,20260209,N2##20260209,0.1733,0.0000,1.0676
N2,20260209,N2##20260209,0.1516,0.0000,0.0000
N2,20260209,N2##20260209,0.1470,0.0000,0.0000
N2,20260209,N2##20260209,0.1368,0.0000,0.0000
N2,20260209,N2##20260209,0.1607,0.0000,0.0000
N2,20260209,N2##20260209,0.1858,0.0000,0.0000
N2,20260209,N2##20260209,0.1648,0.7326,2.1978
N2,20260209,N2##20260209,0.1524,0.0000,0.0000
N2,20260209,N2##20260209,0.1512,0.0000,8.7805
N2,20260209,N2##20260209,0.1492,0.9098,0.0000
N2,20260209,N2##20260209,0.1571,1.7110,0.5703
N2,20260209,N2##20260209,0.1628,0.0000,0.0000
N2,20260209,N2##20260209,0.1599,0.0000,0.0000
N2,20260209,N2##20260209,0.0941,5.4645,3.2787
N2,20260209,N2##20260209,0.1925,0.0000,0.0000
N2,20260209,N2##20260209,0.1219,0.0000,0.0000
N2,20260209,N2##20260209,0.1012,0.0000,0.0000
N2,20260209,N2##20260209,0.1461,0.0000,0.0000
N2,20260209,N2##20260209,0.1351,3.1088,2.3316
N2,20260209,N2##20260209,0.1753,0.0000,0.0000
N2,20260209,N2##20260209,0.1245,0.0000,0.0000
N2,20260209,N2##20260209,0.1692,1.1583,0.0000
N2,20260209,N2##20260209,0.1428,5.2993,3.5329
N2,20260209,N2##20260209,0.1728,0.0000,0.0000
N2,20260209,N2##20260209,0.1624,0.0000,0.0000
N2,20260209,N2##20260209,0.1740,0.0000,0.0000
N2,20260209,N2##20260209,0.1336,0.0000,0.0000
N2,20260209,N2##20260209,0.1215,5.5814,2.7907
N2,20260209,N2##20260209,0.0913,0.0000,0.0000
N2,20260209,N2##20260209,0.1357,0.0000,0.0000
N2,20260209,N2##20260209,0.1469,0.0000,0.0000
N2,20260209,N2##20260209,0.1743,0.0000,0.0000
N2,20260209,N2##20260209,0.1006,0.0000,2.5000
N2,20260209,N2##20260209,0.1465,0.0000,0.0000
N2,20260209,N2##20260209,0.1522,0.0000,0.0000
N2,20260209,N2##20260209,0.1555,0.0000,17.3913
N2,20260209,N2##20260209,0.0860,0.0000,9.8361
N2,20260209,N2##20260209,0.1297,0.0000,11.6505
N2,20260209,N2##20260209,0.1101,0.0000,0.0000
N2,20260209,N2##20260209,0.1250,0.0000,0.0000
N2,20260209,N2##20260209,0.0838,0.0000,9.8361
N2,20260209,N2##20260209,0.1661,0.0000,0.0000
N2,20260209,N2##20260209,0.1974,0.0000,0.0000
N2,20260209,N2##20260209,0.0884,0.6283,0.0000
N2,20260209,N2##20260209,0.1614,3.0380,1.5190
N2,20260209,N2##20260209,0.1621,0.0000,0.0000
N2,20260209,N2##20260209,0.1588,0.0000,2.1978
N2,20260209,N2##20260209,0.1378,3.1414,6.2827
N2,20260209,N2##20260209,0.1656,0.0000,0.0000
N2,20260209,N2##20260209,0.1423,0.0000,0.0000
N2,20260209,N2##20260209,0.1547,0.0000,0.0000
N2,20260209,N2##20260209,0.1011,0.0000,0.0000
N2,20260209,N2##20260209,0.1551,0.0000,0.0000
N2,20260209,N2##20260209,0.1746,0.0000,0.0000
N2,20260209,N2##20260209,0.1409,0.0000,0.0000
N2,20260209,N2##20260209,0.1760,0.0000,0.0000
N2,20260209,N2##20260209,0.1478,0.0000,0.0000
N2,20260209,N2##20260209,0.1591,0.0000,0.0000
N2,20260209,N2##20260209,0.1587,10.9091,0.0000
N2,20260209,N2##20260209,0.1816,2.5316,2.5316
N2,20260209,N2##20260209,0.1543,3.2345,0.0000
N2,20260209,N2##20260209,0.1806,0.0000,0.0000
N2,20260209,N2##20260209,0.0856,0.0000,0.0000
N2,20260209,N2##20260209,0.1391,0.0000,0.0000
N2,20260209,N2##20260209,0.1297,0.0000,0.0000
N2,20260209,N2##20260209,0.1162,0.0000,0.0000
N2,20260209,N2##20260209,0.1124,0.0000,10.5263
N2,20260209,N2##20260209,0.1363,0.0000,0.0000
N2,20260209,N2##20260209,0.1492,0.0000,0.0000
N2,20260209,N2##20260209,0.1521,4.4776,13.4328
N2,20260209,N2##20260209,0.0868,7.0588,7.0588
N2,20260209,N2##20260209,0.1566,0.0000,0.0000
N2,20260209,N2##20260209,0.1340,0.0000,6.7797
N2,20260209,N2##20260209,0.1820,0.0000,0.0000
N2,20260209,N2##20260209,0.1272,0.0000,0.0000
N2,20260209,N2##20260209,0.1189,0.0000,0.0000
N2,20260209,N2##20260209,0.1319,0.0000,0.0000
N2,20260209,N2##20260209,0.1918,0.0000,0.0000
N2,20260209,N2##20260209,0.1713,0.0000,0.0000
N2,20260209,N2##20260209,0.1878,0.0000,0.0000
N2,20260209,N2##20260209,0.1498,0.0000,0.0000
N2,20260209,N2##20260209,0.1339,0.0000,0.0000
N2,20260209,N2##20260209,0.1594,0.0000,0.0000
N2,20260209,N2##20260209,0.0907,5.7692,2.8846
N2,20260209,N2##20260209,0.1689,0.0000,0.0000
N2,20260209,N2##20260209,0.1493,1.4599,0.0000
N2,20260209,N2##20260209,0.1524,0.0000,0.0000
N2,20260209,N2##20260209,0.1234,0.0000,0.0000
N2,20260209,N2##20260209,0.0806,0.0000,0.0000
N2,20260209,N2##20260209,0.2101,0.0000,0.0000
N2,20260209,N2##20260209,0.1658,0.0000,0.0000
N2,20260209,N2##20260209,0.1345,0.0000,0.0000
N2,20260209,N2##20260209,0.1682,0.0000,0.0000
N2,20260209,N2##20260209,0.1488,0.0000,0.0000
N2,20260209,N2##20260209,0.1663,6.3158,3.1579
N2,20260209,N2##20260209,0.1522,0.0000,0.0000
N2,20260209,N2##20260209,0.1548,2.4590,4.9180
N2,20260209,N2##20260209,0.0883,0.0000,0.0000
N2,20260209,N2##20260209,0.0900,13.0435,13.0435
N2,20260209,N2##20260209,0.1441,5.5814,2.7907
N2,20260209,N2##20260209,0.1166,0.0000,0.0000
N2,20260209,N2##20260209,0.1738,0.0000,0.0000
N2,20260209,N2##20260209,0.1642,0.6961,2.7842
N2,20260209,N2##20260209,0.1612,2.3438,2.3438
N2,20260209,N2##20260209,0.1445,0.0000,0.0000
N2,20260209,N2##20260209,0.1548,0.0000,0.0000
N2,20260209,N2##20260209,0.1752,2.9126,2.9126
N2,20260209,N2##20260209,0.1387,0.0000,0.0000
N2,20260209,N2##20260209,0.1005,0.0000,0.0000
N2,20260209,N2##20260209,0.0501,12.9032,0.0000
N2,20260209,N2##20260209,0.1745,0.0000,0.0000
N2,20260209,N2##20260209,0.1039,4.8387,0.0000
N2,20260209,N2##20260209,0.1585,0.0000,0.0000
N2,20260209,N2##20260209,0.1263,4.1958,12.5874
N2,20260209,N2##20260209,0.1598,1.1257,3.3771
N2,20260209,N2##20260209,0.1812,0.0000,0.0000
N2,20260209,N2##20260209,0.1708,0.0000,0.0000
N2,20260209,N2##20260209,0.1411,0.0000,0.0000
N2,20260209,N2##20260209,0.1429,0.0000,0.0000
N2,20260209,N2##20260209,0.1561,0.0000,0.0000
N2,20260209,N2##20260209,0.1402,0.0000,0.0000
N2,20260209,N2##20260209,0.1800,0.0000,0.0000
N2,20260209,N2##20260209,0.1081,0.0000,4.2553
N2,20260209,N2##20260209,0.1559,0.0000,0.0000
N2,20260209,N2##20260209,0.1537,1.7964,1.7964
N2,20260209,N2##20260209,0.0521,0.0000,0.0000
N2,20260209,N2##20260209,0.1736,10.1695,0.0000
N2,20260209,N2##20260209,0.1506,0.0000,4.4118
N2,20260209,N2##20260209,0.1459,0.0000,0.0000
N2,20260209,N2##20260209,0.1368,7.4074,0.0000
N2,20260209,N2##20260209,0.1876,1.5789,0.7895
N2,20260209,N2##20260209,0.1117,1.0545,0.0000
N2,20260209,N2##20260209,0.0948,0.0000,8.1081
N2,20260209,N2##20260209,0.1850,0.0000,0.0000
N2,20260209,N2##20260209,0.1635,4.6875,0.0000
N2,20260209,N2##20260209,0.1620,0.0000,0.0000
N2,20260209,N2##20260209,0.1638,0.0000,0.0000
N2,20260209,N2##20260209,0.1439,0.0000,0.0000
N2,20260209,N2##20260209,0.0813,11.7647,23.5294
N2,20260209,N2##20260209,0.1298,0.0000,0.0000
N2,20260209,N2##20260209,0.1421,0.0000,0.0000
N2,20260209,N2##20260209,0.1906,0.0000,0.0000
N2,20260209,N2##20260209,,10.8108,5.4054
N2,20260209,N2##20260209,0.1904,0.0000,0.0000
N2,20260209,N2##20260209,0.1242,1.4235,1.4235
N2,20260209,N2##20260209,0.1397,0.0000,0.0000
N2,20260209,N2##20260209,0.1544,1.4833,0.7417
N2,20260209,N2##20260209,0.1418,0.0000,0.0000
N2,20260209,N2##20260209,0.2052,0.0000,0.0000
N2,20260209,N2##20260209,0.1888,0.0000,0.0000
N2,20260209,N2##20260209,0.1650,0.0000,1.8018
N2,20260209,N2##20260209,0.1277,0.0000,0.0000
N2,20260209,N2##20260209,0.1756,0.0000,0.0000
N2,20260209,N2##20260209,0.1737,0.0000,0.0000
N2,20260209,N2##20260209,0.1754,0.0000,2.1016
N2,20260209,N2##20260209,0.1076,0.0000,0.0000
N2,20260209,N2##20260209,0.1160,0.0000,0.0000
N2,20260209,N2##20260209,0.1361,0.0000,0.0000
N2,20260209,N2##20260209,0.1452,1.3636,5.4545
N2,20260209,N2##20260209,0.1620,0.0000,0.0000
N2,20260209,N2##20260209,0.1533,0.0000,0.0000
N2,20260209,N2##20260209,0.1895,0.0000,0.0000
N2,20260209,N2##20260209,0.1918,3.4091,4.2614
N2,20260209,N2##20260209,0.1246,0.0000,0.0000
N2,20260209,N2##20260209,0.1509,0.0000,0.0000
N2,20260209,N2##20260209,0.1468,0.0000,0.0000
N2,20260209,N2##20260209,0.1500,0.0000,0.0000
N2,20260209,N2##20260209,0.1979,0.0000,0.0000
N2,20260209,N2##20260209,0.1393,3.5156,1.1719
N2,20260209,N2##20260209,0.1575,0.0000,0.0000
N2,20260209,N2##20260209,0.0541,0.0000,0.0000
N2,20260209,N2##20260209,0.0506,7.4074,0.0000
N2,20260209,N2##20260209,0.0771,20.6897,0.0000
N2,20260209,N2##20260209,0.1819,3.5928,3.5928
N2,20260209,N2##20260209,0.1388,3.4221,0.0000
N2,20260209,N2##20260209,0.1652,0.0000,0.0000
N2,20260209,N2##20260209,0.1910,0.0000,0.0000
N2,20260209,N2##20260209,0.1597,0.0000,0.0000
N2,20260209,N2##20260209,0.1145,5.7143,5.7143
N2,20260209,N2##20260209,0.1305,0.0000,0.0000
N2,20260209,N2##20260209,0.1503,0.0000,0.0000
N2,20260209,N2##20260209,0.1561,0.0000,0.0000
N2,20260209,N2##20260209,0.1436,0.0000,10.0000
N2,20260209,N2##20260209,0.1463,0.0000,0.0000
N2,20260209,N2##20260209,0.1803,0.0000,0.0000
N2,20260209,N2##20260209,0.1173,0.0000,0.0000
N2,20260209,N2##20260209,0.1551,0.0000,0.0000
N2,20260209,N2##20260209,0.1254,0.0000,0.0000
N2,20260209,N2##20260209,0.1589,0.0000,0.0000
N2,20260209,N2##20260209,0.1650,0.0000,0.0000
N2,20260209,N2##20260209,0.1805,0.0000,0.0000
N2,20260209,N2##20260209,0.1588,0.0000,0.0000
N2,20260209,N2##20260209,0.1795,0.0000,0.0000
N2,20260209,N2##20260209,0.1712,0.0000,0.0000
N2,20260209,N2##20260209,0.1205,0.0000,0.0000
N2,20260209,N2##20260209,0.1739,0.0000,0.0000
N2,20260209,N2##20260209,0.1729,3.1250,0.0000
N2,20260209,N2##20260209,0.1467,6.2500,3.1250
N2,20260209,N2##20260209,0.1141,0.0000,0.0000
N2,20260209,N2##20260209,0.1436,0.0000,3.1414
N2,20260209,N2##20260209,,44.4444,0.0000
N2,20260209,N2##20260209,0.1725,0.0000,0.0000
N2,20260209,N2##20260209,0.1686,11.7647,11.7647
N2,20260209,N2##20260209,0.2162,0.0000,0.0000
N2,20260209,N2##20260209,0.1632,0.0000,0.0000
N2,20260209,N2##20260209,0.1104,0.0000,0.0000
N2,20260209,N2##20260209,0.1585,0.0000,0.0000
N2,20260209,N2##20260209,0.1147,0.0000,0.0000
N2,20260209,N2##20260209,0.1475,0.0000,0.0000
N2,20260209,N2##20260209,0.1668,0.0000,0.0000
N2,20260209,N2##20260209,0.1435,0.0000,0.0000
N2,20260209,N2##20260209,0.1687,0.0000,0.0000
N2,20260210,N2##20260210,0.1685,2.5210,0.0000
N2,20260210,N2##20260210,0.0911,0.9139,0.0000
N2,20260210,N2##20260210,0.1312,0.4190,0.4190
N2,20260210,N2##20260210,0.1699,1.0999,0.5500
N2,20260210,N2##20260210,0.1631,0.0000,1.3552
N2,20260210,N2##20260210,0.1743,0.9331,0.0000
N2,20260210,N2##20260210,0.1422,0.0000,0.0000
N2,20260210,N2##20260210,0.1601,0.0000,0.0000
N2,20260210,N2##20260210,0.2010,0.0000,0.0000
N2,20260210,N2##20260210,0.1630,5.4711,5.4711
N2,20260210,N2##20260210,0.1623,0.0000,0.0000
N2,20260210,N2##20260210,0.0632,6.5000,4.7500
N2,20260210,N2##20260210,0.1640,0.0000,0.0000
N2,20260210,N2##20260210,0.1681,0.0000,0.0000
N2,20260210,N2##20260210,0.1470,0.4996,0.9992
N2,20260210,N2##20260210,0.1585,0.0000,0.0000
N2,20260210,N2##20260210,0.1901,1.2146,0.0000
N2,20260210,N2##20260210,0.1295,2.0000,0.0000
N2,20260210,N2##20260210,0.1756,0.0000,0.0000
N2,20260210,N2##20260210,0.1797,0.0000,0.0000
N2,20260210,N2##20260210,0.1726,0.0000,0.0000
N2,20260210,N2##20260210,0.1623,0.0000,0.0000
N2,20260210,N2##20260210,0.1729,0.0000,0.0000
N2,20260210,N2##20260210,0.1861,0.0000,0.0000
N2,20260210,N2##20260210,0.1368,4.0268,2.0134
N2,20260210,N2##20260210,0.1652,0.8547,0.8547
N2,20260210,N2##20260210,0.1258,0.6098,0.0000
N2,20260210,N2##20260210,0.1844,0.0000,1.7241
N2,20260210,N2##20260210,0.1492,0.0000,0.0000
N2,20260210,N2##20260210,0.1537,0.7772,3.8860
N2,20260210,N2##20260210,0.1730,0.0000,1.3129
N2,20260210,N2##20260210,0.1772,2.1127,6.3380
N2,20260210,N2##20260210,0.1851,0.0000,0.0000
N2,20260210,N2##20260210,0.1495,2.0045,2.0045
N2,20260210,N2##20260210,0.1713,1.5544,3.1088
N2,20260210,N2##20260210,0.1753,0.7371,0.0000
N2,20260210,N2##20260210,0.1619,4.5662,2.7397
N2,20260210,N2##20260210,0.1752,5.8632,0.9772
N2,20260210,N2##20260210,0.1749,1.6360,1.2270
N2,20260210,N2##20260210,0.1429,0.0000,0.0000
N2,20260210,N2##20260210,0.1869,2.1127,1.0563
N2,20260210,N2##20260210,0.1583,0.0000,0.0000
N2,20260210,N2##20260210,0.1697,0.0000,0.0000
N2,20260210,N2##20260210,0.1919,1.7493,0.8746
N2,20260210,N2##20260210,0.1611,5.0420,0.0000
N2,20260210,N2##20260210,0.1705,0.8922,1.3383
N2,20260210,N2##20260210,0.1516,0.0000,0.0000
N2,20260210,N2##20260210,0.1722,0.0000,0.0000
N2,20260210,N2##20260210,0.1939,0.0000,0.0000
N2,20260210,N2##20260210,0.1393,2.3715,2.3715
N2,20260210,N2##20260210,0.1780,1.6173,1.6173
N2,20260210,N2##20260210,0.1791,0.0000,0.0000
N2,20260210,N2##20260210,0.1697,0.0000,0.0000
N2,20260210,N2##20260210,0.1823,0.0000,0.0000
N2,20260210,N2##20260210,0.1744,2.6930,1.0772
N2,20260210,N2##20260210,0.1693,1.1173,2.7933
N2,20260210,N2##20260210,0.1838,1.8045,0.9023
N2,20260210,N2##20260210,0.0497,16.7702,0.0000
N2,20260210,N2##20260210,0.1833,0.0000,1.7078
N2,20260210,N2##20260210,0.1833,0.0000,0.0000
N2,20260210,N2##20260210,0.1627,2.4267,0.6067
N2,20260210,N2##20260210,0.1435,3.9474,0.0000
N2,20260210,N2##20260210,0.1742,3.6810,2.4540
N2,20260210,N2##20260210,0.1817,0.0000,0.0000
N2,20260210,N2##20260210,0.1292,0.0000,0.0000
N2,20260210,N2##20260210,0.1961,7.8947,7.8947
N2,20260210,N2##20260210,0.0983,1.8127,1.8127
N2,20260210,N2##20260210,0.1852,5.1788,3.6991
N2,20260210,N2##20260210,0.1713,0.0000,0.0000
N2,20260210,N2##20260210,0.1914,2.2528,1.5019
N2,20260210,N2##20260210,0.1524,0.0000,0.0000
N2,20260210,N2##20260210,0.1577,0.0000,0.0000
N2,20260210,N2##20260210,0.1668,0.0000,2.2814
N2,20260210,N2##20260210,0.1685,0.0000,0.0000
N2,20260210,N2##20260210,0.1672,0.0000,0.0000
N2,20260210,N2##20260210,0.0825,0.0000,8.5714
N2,20260210,N2##20260210,0.1587,2.8986,1.4493
N2,20260210,N2##20260210,0.1673,0.0000,0.0000
N2,20260210,N2##20260210,0.1793,0.8219,0.8219
N2,20260210,N2##20260210,0.1453,3.5294,1.7647
N2,20260210,N2##20260210,0.1969,0.0000,0.0000
N2,20260210,N2##20260210,,18.7500,0.0000
N2,20260210,N2##20260210,0.1562,0.0000,0.0000
N2,20260210,N2##20260210,0.1804,0.0000,0.0000
N2,20260210,N2##20260210,0.1213,0.0000,0.0000
N2,20260210,N2##20260210,0.1604,0.0000,0.0000
N2,20260210,N2##20260210,0.0770,1.9355,1.9355
N2,20260210,N2##20260210,0.1590,0.0000,0.0000
N2,20260210,N2##20260210,0.1431,1.5075,0.0000
N2,20260210,N2##20260210,0.1934,0.0000,0.0000
N2,20260210,N2##20260210,0.1678,0.0000,0.0000
N2,20260210,N2##20260210,0.1967,1.6854,1.6854
N2,20260210,N2##20260210,0.0592,8.2192,0.0000
N2,20260210,N2##20260210,0.2023,0.0000,0.0000
N2,20260210,N2##20260210,0.1834,0.0000,0.0000
N2,20260210,N2##20260210,0.1170,0.0000,0.0000
N2,20260210,N2##20260210,0.2040,0.0000,0.0000
N2,20260210,N2##20260210,0.1729,0.0000,0.0000
N2,20260210,N2##20260210,0.1412,0.0000,0.0000
N2,20260210,N2##20260210,0.1532,0.0000,0.0000
N2,20260210,N2##20260210,0.1846,0.0000,0.0000
N2,20260210,N2##20260210,0.1675,7.6923,0.0000
N2,20260211,N2##20260211,0.1743,0.0000,0.0000
N2,20260211,N2##20260211,0.2317,0.0000,0.0000
N2,20260211,N2##20260211,0.1695,0.0000,0.0000
N2,20260211,N2##20260211,0.1238,0.0000,0.0000
N2,20260211,N2##20260211,0.1658,0.5008,0.0000
N2,20260211,N2##20260211,0.0985,0.5025,0.0000
N2,20260211,N2##20260211,0.1712,0.0000,0.0000
N2,20260211,N2##20260211,0.0603,2.4691,0.0000
N2,20260211,N2##20260211,0.0817,0.0000,9.5000
N2,20260211,N2##20260211,0.1701,0.0000,0.0000
N2,20260211,N2##20260211,0.2083,0.0000,0.0000
N2,20260211,N2##20260211,0.1827,0.0000,0.0000
N2,20260211,N2##20260211,0.1270,0.0000,0.0000
N2,20260211,N2##20260211,0.1550,0.0000,0.5882
N2,20260211,N2##20260211,0.1580,0.0000,0.0000
N2,20260211,N2##20260211,0.1215,0.0000,0.0000
N2,20260211,N2##20260211,0.1777,0.0000,0.0000
N2,20260211,N2##20260211,0.2100,0.0000,0.0000
N2,20260211,N2##20260211,0.1095,0.0000,0.0000
N2,20260211,N2##20260211,0.1582,0.0000,0.0000
N2,20260211,N2##20260211,0.0753,33.3333,0.0000
N2,20260211,N2##20260211,0.2188,0.0000,8.9552
N2,20260211,N2##20260211,0.1013,1.0101,1.0101
N2,20260211,N2##20260211,0.0915,0.3656,0.3656
N2,20260211,N2##20260211,0.1216,0.0000,0.0000
N2,20260211,N2##20260211,0.1779,0.0000,0.0000
N2,20260211,N2##20260211,0.1617,0.0000,0.5376
N2,20260211,N2##20260211,0.1121,0.0000,0.0000
N2,20260211,N2##20260211,0.1505,0.0000,0.0000
N2,20260211,N2##20260211,0.1883,0.0000,0.0000
N2,20260211,N2##20260211,0.1926,1.5228,0.0000
N2,20260211,N2##20260211,0.1442,0.0000,0.0000
N2,20260211,N2##20260211,0.1892,0.0000,0.0000
N2,20260211,N2##20260211,0.1026,10.7143,0.0000
N2,20260211,N2##20260211,0.1675,0.0000,1.0989
N2,20260211,N2##20260211,0.1650,0.0000,0.0000
N2,20260211,N2##20260211,0.0985,0.0000,0.0000
N2,20260211,N2##20260211,0.1868,0.0000,0.0000
N2,20260211,N2##20260211,0.1129,0.0000,0.0000
N2,20260211,N2##20260211,0.1607,0.0000,0.0000
N2,20260217,N2##20260217,0.1876,0.0000,0.0000
N2,20260217,N2##20260217,0.1136,0.0000,0.0000
N2,20260217,N2##20260217,0.1957,0.0000,0.0000
N2,20260217,N2##20260217,0.1736,0.0000,0.0000
N2,20260217,N2##20260217,0.1022,0.0000,11.0092
N2,20260217,N2##20260217,0.1562,0.0000,0.0000
N2,20260217,N2##20260217,0.1278,0.0000,0.0000
N2,20260217,N2##20260217,0.1122,0.0000,0.8032
N2,20260217,N2##20260217,0.1876,0.0000,0.0000
N2,20260217,N2##20260217,0.1795,0.0000,0.0000
N2,20260217,N2##20260217,0.0962,0.0000,3.5294
N2,20260217,N2##20260217,0.1313,3.5294,0.0000
N2,20260217,N2##20260217,0.1531,0.0000,0.0000
N2,20260217,N2##20260217,0.1653,0.0000,0.0000
N2,20260217,N2##20260217,0.1911,0.0000,0.0000
N2,20260217,N2##20260217,0.1329,0.0000,0.0000
N2,20260217,N2##20260217,0.1504,1.7647,0.0000
N2,20260217,N2##20260217,0.1167,0.0000,0.0000
N2,20260217,N2##20260217,0.1345,5.6075,2.8037
N2,20260217,N2##20260217,0.1688,0.0000,0.0000
N2,20260217,N2##20260217,0.1066,4.3478,4.3478
N2,20260217,N2##20260217,0.1614,0.0000,0.0000
N2,20260217,N2##20260217,0.1637,1.3793,2.7586
N2,20260217,N2##20260217,0.1758,0.0000,0.0000
N2,20260217,N2##20260217,0.1480,0.0000,0.0000
N2,20260217,N2##20260217,0.1615,0.0000,2.0000
N2,20260217,N2##20260217,0.1692,0.0000,0.0000
N2,20260217,N2##20260217,0.1515,0.0000,1.1650
N2,20260217,N2##20260217,0.1249,0.0000,15.5844
N2,20260217,N2##20260217,0.1583,0.0000,0.0000
N2,20260217,N2##20260217,0.1914,2.2059,0.0000
N2,20260217,N2##20260217,0.1391,0.0000,0.0000
N2,20260217,N2##20260217,0.1575,0.0000,1.4563
N2,20260217,N2##20260217,0.1553,0.0000,0.0000
N2,20260217,N2##20260217,0.1456,0.0000,0.0000
N2,20260217,N2##20260217,0.1735,0.0000,0.0000
N2,20260217,N2##20260217,0.1284,0.0000,0.0000
N2,20260217,N2##20260217,0.1505,0.0000,0.0000
N2,20260217,N2##20260217,0.1385,0.0000,0.0000
N2,20260217,N2##20260217,0.1547,0.0000,0.0000
N2,20260217,N2##20260217,0.1608,6.2827,3.1414
N2,20260217,N2##20260217,0.1172,0.0000,10.1695
N2,20260217,N2##20260217,0.1579,0.0000,0.0000
N2,20260217,N2##20260217,0.0960,1.0336,0.5168
N2,20260217,N2##20260217,0.1815,0.0000,0.0000
N2,20260217,N2##20260217,0.1127,10.0000,3.3333
N2,20260217,N2##20260217,0.1780,0.0000,0.0000
N2,20260217,N2##20260217,0.1717,0.8247,0.4124
N2,20260217,N2##20260217,0.1597,0.0000,0.0000
N2,20260217,N2##20260217,0.1173,0.0000,0.0000
N2,20260217,N2##20260217,0.1805,2.1583,2.1583
N2,20260217,N2##20260217,0.1462,2.4291,0.0000
N2,20260217,N2##20260217,0.1651,0.0000,0.0000
N2,20260217,N2##20260217,0.1590,0.0000,0.0000
N2,20260217,N2##20260217,0.1397,1.5666,3.1332
N2,20260217,N2##20260217,0.1277,0.0000,0.0000
N2,20260217,N2##20260217,0.1196,0.0000,0.0000
N2,20260217,N2##20260217,0.2094,7.3171,0.0000
N2,20260217,N2##20260217,0.1434,1.6438,1.6438
N2,20260217,N2##20260217,0.1579,0.0000,0.0000
N2,20260217,N2##20260217,0.1727,1.9544,1.9544
N2,20260217,N2##20260217,0.1675,0.0000,0.0000
N2,20260217,N2##20260217,0.1508,0.0000,0.0000
N2,20260217,N2##20260217,0.1900,0.0000,0.0000
N2,20260217,N2##20260217,0.1467,0.0000,1.0619
N2,20260217,N2##20260217,0.1629,0.0000,0.0000
N2,20260217,N2##20260217,0.1256,0.0000,0.0000
N2,20260217,N2##20260217,0.1570,10.9091,5.4545
N2,20260217,N2##20260217,0.0962,0.0000,0.0000
N2,20260217,N2##20260217,0.1065,0.0000,0.0000
N2,20260217,N2##20260217,0.1626,0.0000,0.0000
N2,20260217,N2##20260217,0.1734,0.0000,0.0000
N2,20260217,N2##20260217,0.1662,0.0000,0.0000
N2,20260217,N2##20260217,0.2368,0.0000,0.0000
N2,20260217,N2##20260217,0.1538,0.0000,0.0000
N2,20260217,N2##20260217,0.1761,0.0000,0.0000
N2,20260217,N2##20260217,0.1936,0.0000,0.0000
N2,20260217,N2##20260217,0.0937,4.4444,4.4444
N2,20260217,N2##20260217,0.1883,4.6154,4.6154
N2,20260217,N2##20260217,0.1493,0.0000,0.0000
N2,20260217,N2##20260217,0.1399,0.0000,0.0000
N2,20260217,N2##20260217,0.0787,0.0000,9.8361
N2,20260217,N2##20260217,0.1031,2.9268,4.3902
N2,20260217,N2##20260217,0.1757,0.0000,0.0000
N2,20260217,N2##20260217,0.1584,11.3208,11.3208
N2,20260217,N2##20260217,0.1302,0.0000,0.0000
N2,20260217,N2##20260217,0.1759,0.0000,0.0000
N2,20260217,N2##20260217,0.1255,0.0000,0.0000
N2,20260217,N2##20260217,0.1660,0.0000,0.0000
N2,20260217,N2##20260217,0.1037,0.0000,0.0000
N2,20260217,N2##20260217,0.1821,0.0000,0.0000
N2,20260217,N2##20260217,0.1420,0.0000,0.0000
N2,20260217,N2##20260217,0.0959,8.9552,17.9104
N2,20260217,N2##20260217,0.1799,0.0000,0.0000
N2,20260217,N2##20260217,0.1676,0.7160,0.7160
N2,20260217,N2##20260217,0.1728,0.0000,0.0000
N2,20260217,N2##20260217,0.1571,0.0000,1.4516
N2,20260217,N2##20260217,0.1869,0.0000,0.0000
N2,20260217,N2##20260217,0.1010,6.5934,13.1868
N2,20260217,N2##20260217,0.1327,0.0000,0.0000
N2,20260217,N2##20260217,0.1669,0.0000,0.0000
N2,20260217,N2##20260217,0.1492,1.1429,0.0000
N2,20260217,N2##20260217,0.1781,7.5949,0.0000
N2,20260217,N2##20260217,0.1595,0.0000,0.0000
N2,20260217,N2##20260217,0.1340,0.0000,0.0000
N2,20260217,N2##20260217,0.1518,2.2059,2.2059
N2,20260217,N2##20260217,0.1237,17.6471,0.0000
N2,20260217,N2##20260217,0.1463,0.0000,0.0000
N2,20260217,N2##20260217,0.1902,0.0000,2.7397
N2,20260217,N2##20260217,0.1812,0.0000,0.0000
N2,20260217,N2##20260217,0.1655,0.0000,2.5974
N2,20260217,N2##20260217,0.1354,0.0000,0.0000
N2,20260217,N2##20260217,0.1589,0.0000,3.0769
N2,20260217,N2##20260217,0.1008,0.0000,0.0000
N2,20260217,N2##20260217,0.0964,0.0000,0.0000
N2,20260217,N2##20260217,0.1196,19.2000,0.0000
N2,20260217,N2##20260217,0.1818,0.0000,0.0000
N2,20260217,N2##20260217,0.1740,0.0000,0.5391
N2,20260217,N2##20260217,0.1423,0.0000,0.0000
N2,20260217,N2##20260217,0.1558,0.0000,0.0000
N2,20260217,N2##20260217,0.1508,0.0000,0.0000
N2,20260217,N2##20260217,0.1616,2.9126,1.4563
N2,20260217,N2##20260217,0.0977,0.0000,0.0000
N2,20260217,N2##20260217,0.1391,1.7751,0.0000
N2,20260217,N2##20260217,0.1818,0.0000,0.0000
N2,20260217,N2##20260217,0.0794,13.0435,6.5217
N2,20260217,N2##20260217,0.1578,0.0000,0.0000
N2,20260217,N2##20260217,0.1342,0.0000,0.0000
N2,20260217,N2##20260217,0.1544,5.8366,3.5019
N2,20260217,N2##20260217,0.1674,0.0000,0.0000
N2,20260217,N2##20260217,0.1234,0.0000,0.0000
N2,20260217,N2##20260217,0.1705,0.0000,0.0000
N2,20260217,N2##20260217,0.1773,1.6173,1.6173
N2,20260217,N2##20260217,0.1793,0.5362,0.5362
N2,20260217,N2##20260217,0.1182,0.5623,0.5623
N2,20260217,N2##20260217,0.1111,1.4925,0.0000
N2,20260217,N2##20260217,0.0547,20.0000,0.0000
N2,20260217,N2##20260217,0.1653,2.5424,1.6949
N2,20260217,N2##20260217,0.1397,0.0000,0.0000
N2,20260217,N2##20260217,0.1535,0.5245,0.0000
N2,20260217,N2##20260217,0.1740,0.9585,1.9169
N2,20260217,N2##20260217,0.1253,0.0000,0.0000
N2,20260217,N2##20260217,0.1564,0.0000,0.0000
N2,20260217,N2##20260217,0.1597,4.2705,2.1352
N2,20260217,N2##20260217,0.1533,0.0000,0.0000
N2,20260217,N2##20260217,0.1024,8.9552,0.0000
N2,20260217,N2##20260217,0.1555,0.0000,0.0000
N2,20260217,N2##20260217,0.1444,0.0000,0.0000
N2,20260217,N2##20260217,0.1929,0.0000,0.0000
N2,20260217,N2##20260217,0.2378,0.0000,0.0000
N2,20260217,N2##20260217,0.1102,0.0000,0.0000
N2,20260217,N2##20260217,0.1620,0.0000,0.8646
N2,20260217,N2##20260217,0.2169,9.3750,9.3750
N2,20260217,N2##20260217,0.1825,0.0000,0.0000
N2,20260217,N2##20260217,0.1804,1.1881,1.1881
N2,20260217,N2##20260217,0.1836,0.0000,0.5941
N2,20260217,N2##20260217,0.1586,0.0000,0.0000
N2,20260217,N2##20260217,0.1580,0.0000,0.0000
N2,20260217,N2##20260217,0.1608,0.0000,0.0000
N2,20260217,N2##20260217,0.1804,0.0000,0.0000
N2,20260217,N2##20260217,0.1913,0.0000,0.0000
N2,20260217,N2##20260217,0.1649,0.0000,0.0000
N2,20260217,N2##20260217,0.1169,0.0000,5.3571
N2,20260217,N2##20260217,0.1011,0.0000,0.0000
N2,20260217,N2##20260217,0.1476,0.0000,0.0000
N2,20260217,N2##20260217,0.1654,1.9802,0.0000
N2,20260217,N2##20260217,0.1701,0.0000,0.0000
N2,20260217,N2##20260217,0.2218,0.0000,0.0000
N2,20260217,N2##20260217,0.1668,0.0000,0.0000
N2,20260217,N2##20260217,0.1873,0.7802,0.7802
N2,20260217,N2##20260217,0.1931,0.0000,0.0000
N2,20260217,N2##20260217,0.2144,0.0000,0.0000
N2,20260217,N2##20260217,0.1755,0.0000,0.8000
N2,20260217,N2##20260217,0.1752,0.0000,0.0000
N2,20260217,N2##20260217,0.1155,0.0000,0.0000
N2,20260217,N2##20260217,0.1883,0.0000,0.0000
N2,20260217,N2##20260217,0.1198,0.0000,0.0000
N2,20260217,N2##20260217,0.1809,0.0000,0.0000
N2,20260217,N2##20260217,0.1743,0.0000,0.0000
N2,20260217,N2##20260217,0.1705,0.0000,0.0000
N2,20260217,N2##20260217,0.1745,0.0000,0.0000
N2,20260217,N2##20260217,0.1641,2.8302,2.8302
N2,20260217,N2##20260217,0.2024,0.0000,0.0000
N2,20260217,N2##20260217,0.1661,0.0000,0.0000
N2,20260217,N2##20260217,0.1663,0.9419,1.8838
N2,20260217,N2##20260217,0.1169,0.0000,0.0000
N2,20260217,N2##20260217,0.1641,0.0000,0.0000
N2,20260217,N2##20260217,0.2126,0.0000,0.0000
N2,20260217,N2##20260217,0.1612,0.0000,0.0000
N2,20260217,N2##20260217,0.1698,0.0000,0.0000
N2,20260217,N2##20260217,0.1439,0.0000,0.0000
N2,20260217,N2##20260217,0.1784,1.2793,1.2793
N2,20260217,N2##20260217,0.0887,0.0000,0.0000
N2,20260217,N2##20260217,0.2446,13.9535,13.9535
N2,20260217,N2##20260217,0.1947,0.0000,0.0000
N2,20260217,N2##20260217,0.1538,0.0000,0.0000
N2,20260217,N2##20260217,0.1802,0.0000,0.0000
N2,20260217,N2##20260217,0.1711,0.0000,0.0000
N2,20260217,N2##20260217,0.0937,8.2192,0.0000
N2,20260217,N2##20260217,0.1767,0.0000,0.0000
N2,20260217,N2##20260217,0.2013,10.0000,3.3333
N2,20260217,N2##20260217,0.1840,0.0000,0.0000
N2,20260217,N2##20260217,0.1897,0.0000,0.0000
N2,20260217,N2##20260217,0.1809,0.0000,0.0000
N2,20260217,N2##20260217,0.1853,0.0000,0.0000
N2,20260217,N2##20260217,0.1656,0.0000,0.0000
N2,20260217,N2##20260217,0.1410,7.3171,7.3171
N2,20260217,N2##20260217,0.1802,0.0000,0.0000
N2,20260217,N2##20260217,0.1921,0.0000,0.0000
N2,20260217,N2##20260217,0.1872,0.0000,0.0000
N2,20260217,N2##20260217,0.1508,0.0000,0.0000
N2,20260217,N2##20260217,0.1406,0.0000,0.0000
N2,20260217,N2##20260217,0.1028,0.0000,0.0000
N2,20260217,N2##20260217,0.1692,0.0000,0.0000
N2,20260217,N2##20260217,0.1779,0.0000,0.0000
N2,20260217,N2##20260217,0.1541,0.0000,0.0000
N2,20260217,N2##20260217,0.2425,0.0000,8.8235
N2,20260217,N2##20260217,0.1940,0.0000,0.0000
N2,20260217,N2##20260217,0.1846,0.0000,0.0000
N2,20260217,N2##20260217,0.1959,0.0000,10.1695
N2,20260217,N2##20260217,0.1828,0.0000,0.0000
N2,20260217,N2##20260217,0.2052,0.0000,0.0000
N2,20260217,N2##20260217,0.1543,0.0000,0.0000
N2,20260217,N2##20260217,0.1339,0.0000,0.0000
N2,20260217,N2##20260217,0.1252,0.0000,0.0000
N2,20260217,N2##20260217,0.2184,0.0000,0.0000
N2,20260217,N2##20260217,0.1288,0.0000,0.0000
N2,20260217,N2##20260217,0.1834,0.0000,0.0000
N2,20260218,N2##20260218,0.1140,0.0000,0.0000
N2,20260218,N2##20260218,0.1471,4.4776,0.0000
N2,20260218,N2##20260218,0.1980,0.0000,0.0000
N2,20260218,N2##20260218,0.1590,2.5424,5.0847
N2,20260218,N2##20260218,0.1011,0.0000,9.6774
N2,20260218,N2##20260218,0.1471,7.8947,11.8421
N2,20260218,N2##20260218,0.1535,0.0000,0.0000
N2,20260218,N2##20260218,0.1885,2.6786,0.8929
N2,20260218,N2##20260218,0.1679,0.0000,0.0000
N2,20260218,N2##20260218,0.1997,0.0000,0.0000
N2,20260218,N2##20260218,0.2234,0.0000,0.0000
N2,20260218,N2##20260218,0.1400,2.2642,2.2642
N2,20260218,N2##20260218,0.1604,0.0000,4.6392
N2,20260218,N2##20260218,0.0751,4.0541,5.4054
N2,20260218,N2##20260218,0.1611,10.1695,0.0000
N2,20260218,N2##20260218,0.1747,3.6474,3.6474
N2,20260218,N2##20260218,0.0714,0.0000,0.0000
N2,20260218,N2##20260218,0.1218,0.0000,0.0000
N2,20260218,N2##20260218,0.2100,0.0000,0.0000
N2,20260218,N2##20260218,0.1681,2.0690,4.1379
N2,20260218,N2##20260218,0.1720,0.0000,0.0000
N2,20260218,N2##20260218,0.1789,5.8824,5.8824
N2,20260218,N2##20260218,0.1755,0.0000,0.0000
N2,20260218,N2##20260218,0.1932,0.0000,0.0000
N2,20260218,N2##20260218,0.1075,0.0000,0.0000
N2,20260218,N2##20260218,0.1583,0.0000,3.1414
N2,20260218,N2##20260218,0.1458,0.0000,1.0929
N2,20260218,N2##20260218,0.1677,0.0000,0.0000
N2,20260218,N2##20260218,0.0920,0.0000,0.0000
N2,20260218,N2##20260218,0.1932,1.1952,2.3904
N2,20260218,N2##20260218,0.1414,0.0000,0.0000
N2,20260218,N2##20260218,0.0869,0.0000,0.8982
N2,20260218,N2##20260218,0.1512,0.0000,4.7619
N2,20260218,N2##20260218,0.1718,0.0000,0.0000
N2,20260218,N2##20260218,0.1577,0.0000,0.0000
N2,20260218,N2##20260218,0.2252,2.1661,2.1661
N2,20260218,N2##20260218,0.1228,0.0000,0.0000
N2,20260218,N2##20260218,0.1639,0.0000,14.6341
N2,20260218,N2##20260218,0.0835,0.0000,0.0000
N2,20260218,N2##20260218,0.1935,1.5345,3.0691
N2,20260218,N2##20260218,0.1772,0.0000,0.0000
N2,20260218,N2##20260218,0.1924,0.0000,0.0000
N2,20260218,N2##20260218,0.1671,12.5000,0.0000
N2,20260218,N2##20260218,0.1681,0.0000,0.0000
N2,20260218,N2##20260218,0.1072,0.0000,0.0000
N2,20260218,N2##20260218,0.1160,0.0000,0.0000
N2,20260218,N2##20260218,0.1869,0.0000,0.0000
N2,20260218,N2##20260218,0.2051,2.8986,1.9324
N2,20260218,N2##20260218,0.1428,0.0000,0.0000
N2,20260218,N2##20260218,0.1819,0.0000,0.0000
N2,20260218,N2##20260218,0.1986,2.3166,2.3166
N2,20260218,N2##20260218,0.1859,0.0000,0.0000
N2,20260218,N2##20260218,0.1294,0.0000,0.0000
N2,20260218,N2##20260218,0.1775,0.0000,0.0000
N2,20260218,N2##20260218,0.1494,0.0000,0.0000
N2,20260218,N2##20260218,0.1724,0.0000,0.0000
N2,20260218,N2##20260218,0.0941,0.0000,0.0000
N2,20260218,N2##20260218,0.1839,0.0000,0.0000
N2,20260218,N2##20260218,0.1683,0.0000,0.0000
N2,20260218,N2##20260218,0.2090,3.4582,1.7291
N2,20260218,N2##20260218,0.1515,0.0000,0.0000
N2,20260218,N2##20260218,0.1740,0.0000,0.0000
N2,20260218,N2##20260218,0.1270,0.0000,0.0000
N2,20260218,N2##20260218,0.1710,0.0000,1.9608
N2,20260218,N2##20260218,0.2176,0.0000,0.0000
N2,20260218,N2##20260218,0.1434,0.0000,0.0000
N2,20260218,N2##20260218,0.1258,0.0000,0.0000
N2,20260218,N2##20260218,0.1231,3.5587,4.9822
N2,20260218,N2##20260218,0.1676,0.0000,0.0000
N2,20260218,N2##20260218,0.1398,0.0000,0.0000
N2,20260218,N2##20260218,0.1555,0.0000,0.0000
N2,20260218,N2##20260218,0.1983,0.0000,0.0000
N2,20260218,N2##20260218,0.1606,0.0000,0.0000
N2,20260218,N2##20260218,0.1069,0.0000,0.0000
N2,20260218,N2##20260218,0.1586,2.3166,0.0000
N2,20260218,N2##20260218,0.1987,1.5584,0.0000
N2,20260218,N2##20260218,0.1773,10.9091,10.9091
N2,20260218,N2##20260218,0.1562,7.9470,3.9735
N2,20260218,N2##20260218,0.1931,0.0000,1.6000
N2,20260218,N2##20260218,0.1843,0.0000,0.0000
N2,20260218,N2##20260218,0.2017,0.0000,0.0000
N2,20260218,N2##20260218,0.1406,0.0000,0.0000
N2,20260218,N2##20260218,0.1429,0.0000,0.0000
N2,20260218,N2##20260218,0.0949,0.0000,0.0000
N2,20260218,N2##20260218,0.0968,0.0000,0.0000
N2,20260218,N2##20260218,0.2013,0.0000,0.0000
N2,20260218,N2##20260218,0.1446,0.0000,0.0000
N2,20260218,N2##20260218,0.1470,0.0000,0.0000
N2,20260218,N2##20260218,0.1590,4.0724,0.0000
N2,20260218,N2##20260218,0.1065,0.0000,0.0000
N2,20260218,N2##20260218,0.1654,2.1277,4.2553
N2,20260218,N2##20260218,0.1621,4.4944,2.2472
N2,20260218,N2##20260218,0.1387,0.0000,0.0000
N2,20260218,N2##20260218,0.2288,2.2727,6.8182
N2,20260218,N2##20260218,0.1317,2.4000,0.0000
N2,20260218,N2##20260218,0.1593,0.0000,0.0000
N2,20260218,N2##20260218,0.1653,0.0000,0.0000
N2,20260218,N2##20260218,0.1542,0.0000,0.0000
N2,20260218,N2##20260218,0.1439,0.0000,0.0000
N2,20260218,N2##20260218,0.1537,0.0000,0.0000
N2,20260218,N2##20260218,0.1893,2.3786,2.3786
N2,20260218,N2##20260218,0.0621,5.4795,0.0000
N2,20260218,N2##20260218,0.2053,0.0000,0.0000
N2,20260218,N2##20260218,0.1763,1.6327,1.6327
N2,20260218,N2##20260218,0.1004,0.0000,11.3208
N2,20260218,N2##20260218,0.1893,0.0000,1.1605
N2,20260218,N2##20260218,0.1830,0.0000,0.0000
N2,20260218,N2##20260218,0.1380,0.0000,0.0000
N2,20260218,N2##20260218,0.1484,0.0000,0.0000
N2,20260218,N2##20260218,0.1228,0.0000,0.0000
N2,20260218,N2##20260218,0.1383,0.0000,0.0000
N2,20260218,N2##20260218,0.1656,0.0000,0.0000
N2,20260218,N2##20260218,0.1550,0.0000,0.0000
N2,20260218,N2##20260218,0.1767,0.0000,0.0000
N2,20260218,N2##20260218,0.2063,0.0000,0.0000
N2,20260218,N2##20260218,0.1511,0.0000,0.0000
N2,20260218,N2##20260218,0.1566,0.0000,0.0000
N2,20260218,N2##20260218,0.1760,0.0000,2.7027
N2,20260218,N2##20260218,0.1245,0.0000,0.0000
N2,20260218,N2##20260218,0.1581,5.5300,2.7650
N2,20260218,N2##20260218,0.1757,0.0000,0.0000
N2,20260218,N2##20260218,0.1585,0.0000,0.0000
N2,20260218,N2##20260218,0.1351,7.5000,0.0000
N2,20260218,N2##20260218,0.1510,16.6667,0.0000
N2,20260218,N2##20260218,0.2233,0.0000,0.0000
N2,20260218,N2##20260218,0.0650,7.9576,0.0000
N2,20260218,N2##20260218,0.1674,0.0000,0.0000
N2,20260218,N2##20260218,0.1790,0.0000,0.0000
N2,20260218,N2##20260218,0.2102,0.0000,4.4444
N2,20260218,N2##20260218,0.1430,0.0000,0.0000
N2,20260218,N2##20260218,0.0698,0.0000,0.0000
N2,20260218,N2##20260218,0.1765,0.0000,0.0000
N2,20260218,N2##20260218,0.1653,0.0000,0.0000
N2,20260218,N2##20260218,0.1357,0.0000,21.4286
N2,20260218,N2##20260218,0.1488,10.0000,0.0000
N2,20260218,N2##20260218,0.1028,0.0000,0.0000
N2,20260218,N2##20260218,0.1947,0.6417,1.2834
N2,20260218,N2##20260218,0.1883,0.0000,0.0000
N2,20260218,N2##20260218,0.2302,0.0000,0.0000
N2,20260218,N2##20260218,0.1998,0.0000,0.0000
N2,20260218,N2##20260218,0.1592,0.0000,0.0000
N2,20260218,N2##20260218,0.1024,0.0000,2.9340
N2,20260218,N2##20260218,0.1461,0.0000,0.0000
N2,20260218,N2##20260218,0.1642,0.0000,0.0000
N2,20260218,N2##20260218,0.1791,0.0000,0.0000
N2,20260218,N2##20260218,0.1557,0.0000,0.0000
N2,20260218,N2##20260218,0.0990,0.0000,0.0000
N2,20260218,N2##20260218,0.1201,14.6341,0.0000
N2,20260218,N2##20260218,0.1953,0.0000,0.8011
N2,20260218,N2##20260218,0.2151,1.7391,1.7391
N2,20260218,N2##20260218,0.0893,0.0000,0.0000
N2,20260218,N2##20260218,0.1687,0.0000,0.0000
N2,20260218,N2##20260218,0.1635,0.0000,0.0000
N2,20260218,N2##20260218,0.1855,0.0000,0.0000
N2,20260218,N2##20260218,0.1387,0.0000,0.0000
N2,20260218,N2##20260218,0.1604,0.0000,0.0000
N2,20260218,N2##20260218,0.1389,0.0000,0.0000
N2,20260218,N2##20260218,0.0975,0.0000,0.0000
N2,20260218,N2##20260218,0.1728,0.0000,1.0471
N2,20260218,N2##20260218,0.1652,5.7325,5.7325
N2,20260218,N2##20260218,0.1796,0.0000,0.0000
N2,20260218,N2##20260218,0.1749,0.0000,0.0000
N2,20260218,N2##20260218,0.1697,3.2907,5.4845
N2,20260218,N2##20260218,0.1861,8.3333,0.0000
N2,20260218,N2##20260218,0.2014,0.0000,0.0000
N2,20260218,N2##20260218,0.1110,0.0000,0.0000
N2,20260218,N2##20260218,0.1807,0.0000,0.0000
N2,20260218,N2##20260218,0.0971,0.0000,0.8989
N2,20260218,N2##20260218,0.0445,0.0000,0.0000
N2,20260218,N2##20260218,0.1669,0.0000,0.0000
N2,20260218,N2##20260218,0.1022,0.0000,0.0000
N2,20260218,N2##20260218,0.1182,17.6471,0.0000
N2,20260218,N2##20260218,0.1904,0.0000,0.0000
N2,20260218,N2##20260218,0.0973,0.0000,0.0000
N2,20260218,N2##20260218,0.1241,0.0000,0.0000
N2,20260218,N2##20260218,0.1315,0.0000,0.0000
N2,20260218,N2##20260218,0.0950,0.0000,0.0000
N2,20260218,N2##20260218,0.1715,1.4599,1.4599
N2,20260218,N2##20260218,0.1328,9.3750,0.0000
N2,20260218,N2##20260218,0.1816,18.1818,0.0000
N2,20260218,N2##20260218,0.0922,4.1026,1.0256
N2,20260218,N2##20260218,0.1295,0.0000,0.0000
N2,20260218,N2##20260218,0.1392,0.0000,0.0000
N2,20260218,N2##20260218,0.1646,0.0000,0.0000
N2,20260218,N2##20260218,0.1529,0.0000,7.0588
N2,20260218,N2##20260218,0.1781,1.4851,0.0000
N2,20260218,N2##20260218,0.1373,0.0000,0.0000
N2,20260218,N2##20260218,0.1420,0.0000,0.0000
N2,20260218,N2##20260218,0.1561,2.5263,1.2632
N2,20260218,N2##20260218,0.1533,0.0000,0.0000
N2,20260218,N2##20260218,0.2042,0.0000,0.0000
N2,20260218,N2##20260218,0.1504,1.0563,0.0000
N2,20260218,N2##20260218,0.1816,0.0000,0.0000
N2,20260218,N2##20260218,0.1518,0.0000,0.0000
N2,20260218,N2##20260218,0.1819,0.0000,0.0000
N2,20260218,N2##20260218,0.1493,0.0000,0.0000
N2,20260218,N2##20260218,0.1797,0.0000,0.0000
N2,20260218,N2##20260218,0.2124,0.0000,0.0000
N2,20260218,N2##20260218,0.0473,0.0000,0.0000
N2,20260218,N2##20260218,0.1842,3.2653,4.0816
N2,20260218,N2##20260218,0.1773,2.5641,2.5641
N2,20260218,N2##20260218,0.1838,0.0000,0.0000
N2,20260218,N2##20260218,0.1798,0.0000,0.0000
N2,20260218,N2##20260218,0.1225,0.0000,2.8846
N2,20260218,N2##20260218,0.1852,0.0000,0.0000
N2,20260218,N2##20260218,0.1702,0.0000,0.0000
N2,20260218,N2##20260218,0.1062,0.0000,0.0000
N2,20260218,N2##20260218,0.1615,0.0000,0.0000
N2,20260218,N2##20260218,0.1586,0.0000,0.0000
N2,20260218,N2##20260218,0.0909,0.0000,10.0000
N2,20260218,N2##20260218,0.1850,0.0000,0.0000
N2,20260218,N2##20260218,0.1456,3.2787,3.2787
N2,20260218,N2##20260218,0.1586,2.7523,0.0000
N2,20260218,N2##20260218,0.1929,5.1282,2.0513
N2,20260218,N2##20260218,0.1950,2.5532,2.5532
N2,20260218,N2##20260218,0.2166,0.0000,0.0000
N2,20260218,N2##20260218,0.2103,0.0000,0.0000
N2,20260218,N2##20260218,0.0868,0.0000,0.0000
N2,20260218,N2##20260218,0.0859,17.6471,8.8235
N2,20260218,N2##20260218,0.1843,0.0000,0.0000
N2,20260218,N2##20260218,0.1641,0.0000,0.0000
N2,20260218,N2##20260218,0.1845,0.0000,0.0000
N2,20260218,N2##20260218,0.1086,2.6201,1.3100
N2,20260218,N2##20260218,0.1334,5.1173,6.3966
N2,20260218,N2##20260218,0.1658,0.0000,0.0000
N2,20260218,N2##20260218,0.0573,9.5238,0.0000
N2,20260218,N2##20260218,0.1841,0.7624,1.5248
N2,20260218,N2##20260218,0.2117,0.0000,0.0000
N2,20260218,N2##20260218,0.1949,0.0000,0.0000
N2,20260218,N2##20260218,0.1953,0.0000,0.0000
N2,20260218,N2##20260218,0.1721,0.0000,0.0000
N2,20260218,N2##20260218,0.1604,0.0000,0.0000
N2,20260218,N2##20260218,0.1663,0.0000,0.0000
N2,20260218,N2##20260218,0.1671,0.0000,0.0000
N2,20260218,N2##20260218,0.1706,0.0000,0.0000
N2,20260218,N2##20260218,0.1855,0.0000,0.0000
N2,20260218,N2##20260218,0.1583,0.0000,0.0000
N2,20260218,N2##20260218,0.1425,1.5152,0.0000
N2,20260218,N2##20260218,0.1927,0.0000,0.0000
N2,20260218,N2##20260218,0.1378,0.0000,0.0000
N2,20260218,N2##20260218,0.1752,0.0000,0.0000
N2,20260218,N2##20260218,0.0892,1.6260,3.2520
N2,20260218,N2##20260218,0.2073,0.0000,0.0000
N2,20260218,N2##20260218,0.1934,0.0000,0.0000
N2,20260218,N2##20260218,0.1437,0.0000,2.1352
N2,20260218,N2##20260218,0.1464,0.0000,0.0000
N2,20260218,N2##20260218,0.1834,1.8018,0.0000
N2,20260218,N2##20260218,0.1281,0.0000,0.0000
N2,20260218,N2##20260218,0.1649,0.0000,5.0000
N2,20260218,N2##20260218,0.0968,0.0000,0.0000
N2,20260218,N2##20260218,0.1846,0.0000,0.0000
N2,20260218,N2##20260218,0.1477,0.0000,0.0000
N2,20260218,N2##20260218,0.1657,0.0000,0.0000
N2,20260218,N2##20260218,0.1788,0.0000,0.0000
N2,20260218,N2##20260218,0.1838,4.1096,4.1096
N2,20260218,N2##20260218,0.1071,0.0000,0.0000
N2,20260218,N2##20260218,0.1797,2.2814,2.2814
N2,20260218,N2##20260218,0.1698,0.0000,0.0000
N2,20260218,N2##20260218,0.1576,0.0000,0.0000
N2,20260218,N2##20260218,0.1413,0.0000,0.0000
N2,20260218,N2##20260218,0.1946,0.0000,0.0000
N2,20260218,N2##20260218,0.1566,0.0000,0.0000
N2,20260218,N2##20260218,0.1848,0.0000,0.0000
N2,20260218,N2##20260218,0.2051,0.0000,0.0000
N2,20260218,N2##20260218,0.0952,0.0000,0.0000
N2,20260218,N2##20260218,0.1847,0.0000,0.0000
N2,20260218,N2##20260218,0.0647,9.6774,0.0000
N2,20260218,N2##20260218,0.1137,0.0000,0.0000
N2,20260218,N2##20260218,0.1571,0.0000,0.0000
N2,20260218,N2##20260218,0.1541,0.0000,0.0000
N2,20260218,N2##20260218,0.1892,0.0000,0.0000
N2,20260218,N2##20260218,0.2077,0.0000,0.0000
N2,20260218,N2##20260218,0.1777,1.4286,1.4286
N2,20260218,N2##20260218,0.1437,1.4423,0.0000
N2,20260218,N2##20260218,0.1523,0.0000,0.0000
N2,20260218,N2##20260218,0.1763,0.0000,0.0000
N2,20260218,N2##20260218,0.1978,0.0000,1.7751
N2,20260218,N2##20260218,0.1080,4.0956,8.1911
N2,20260218,N2##20260218,0.1423,0.0000,0.0000
N2,20260218,N2##20260218,0.1584,0.0000,0.0000
N2,20260218,N2##20260218,0.1357,0.0000,3.8710
N2,20260218,N2##20260218,0.2050,0.0000,0.0000
N2,20260218,N2##20260218,0.1879,0.0000,0.0000
N2,20260218,N2##20260218,0.1797,0.0000,1.8927
N2,20260218,N2##20260218,0.1261,0.0000,0.0000
N2,20260218,N2##20260218,0.1717,0.0000,0.0000
N2,20260218,N2##20260218,0.1250,0.0000,0.0000
N2,20260218,N2##20260218,0.1557,1.8072,1.8072
N2,20260218,N2##20260218,0.1106,0.0000,1.7964
N2,20260218,N2##20260218,0.0985,10.5263,0.0000
N2,20260218,N2##20260218,0.1910,2.5974,2.5974
N2,20260218,N2##20260218,0.1560,0.0000,0.0000
N2,20260218,N2##20260218,0.1579,0.0000,0.0000
N2,20260218,N2##20260218,0.1893,0.0000,0.0000
N2,20260218,N2##20260218,0.1872,0.0000,0.0000
N2,20260218,N2##20260218,0.1826,0.0000,0.0000
N2,20260218,N2##20260218,0.2206,3.9474,3.9474
N2,20260218,N2##20260218,0.1452,2.5532,5.1064
N2,20260218,N2##20260218,0.1563,5.0633,2.5316
N2,20260218,N2##20260218,0.1446,2.5316,5.0633
N2,20260218,N2##20260218,0.1470,0.0000,16.4384
N2,20260218,N2##20260218,0.2126,2.9412,0.0000
N2,20260218,N2##20260218,0.1595,0.0000,0.0000
N2,20260218,N2##20260218,0.1932,0.0000,4.5802
N2,20260218,N2##20260218,0.1899,0.0000,0.0000
N2,20260218,N2##20260218,0.1810,0.0000,4.9180
N2,20260218,N2##20260218,0.1713,0.0000,0.0000
N2,20260218,N2##20260218,0.1028,10.7143,0.0000
N2,20260218,N2##20260218,0.1650,0.0000,0.0000
N2,20260218,N2##20260218,0.1873,0.0000,0.0000
N2,20260218,N2##20260218,0.1467,0.0000,0.0000
N2,20260218,N2##20260218,0.1629,0.0000,0.0000
N2,20260218,N2##20260218,0.1317,9.5238,0.0000
N2,20260219,N2##20260219,0.1361,1.7964,2.3952
N2,20260219,N2##20260219,0.1636,0.0000,0.0000
N2,20260219,N2##20260219,0.1349,1.8349,1.8349
N2,20260219,N2##20260219,0.0924,2.5000,2.2500
N2,20260219,N2##20260219,0.1288,0.5997,4.1979
N2,20260219,N2##20260219,0.1235,4.2857,6.4286
N2,20260219,N2##20260219,0.1298,0.0000,0.0000
N2,20260219,N2##20260219,0.1411,0.0000,0.0000
N2,20260219,N2##20260219,0.1309,2.2578,2.5400
N2,20260219,N2##20260219,0.1637,0.0000,0.7435
N2,20260219,N2##20260219,0.1257,0.0000,2.6201
N2,20260219,N2##20260219,0.1581,0.9259,1.8519
N2,20260219,N2##20260219,0.1272,0.9820,1.4730
N2,20260219,N2##20260219,0.1129,2.2556,2.2556
N2,20260219,N2##20260219,0.1493,0.0000,0.0000
N2,20260219,N2##20260219,0.1339,0.0000,0.0000
N2,20260219,N2##20260219,0.1881,0.0000,0.0000
N2,20260219,N2##20260219,0.0791,2.7027,5.4054
N2,20260219,N2##20260219,0.1304,3.3149,1.1050
N2,20260219,N2##20260219,0.0527,26.6667,0.0000
N2,20260219,N2##20260219,0.1515,0.0000,0.0000
N2,20260219,N2##20260219,0.0913,2.8409,1.9886
N2,20260219,N2##20260219,0.1672,0.0000,23.0769
N2,20260219,N2##20260219,0.0490,12.0000,0.0000
N2,20260219,N2##20260219,0.1010,0.0000,0.0000
N2,20260219,N2##20260219,0.0993,0.0000,0.0000
N2,20260219,N2##20260219,0.1263,0.0000,0.0000
N2,20260219,N2##20260219,0.0647,0.0000,0.0000
N2,20260219,N2##20260219,0.1488,0.0000,0.0000
N2,20260219,N2##20260219,,0.0000,0.0000
N2,20260219,N2##20260219,0.1236,0.0000,0.0000
N2,20260219,N2##20260219,0.1313,0.0000,3.7500
N2,20260219,N2##20260219,0.1339,0.0000,0.0000
N2,20260219,N2##20260219,0.0944,0.0000,0.0000
N2,20260219,N2##20260219,0.1792,0.0000,0.0000
N2,20260219,N2##20260219,0.1623,0.0000,0.0000
N2,20260219,N2##20260219,0.1236,5.7034,0.0000
N2,20260219,N2##20260219,0.0773,8.4243,2.8081
N2,20260219,N2##20260219,0.1487,1.0221,1.0221
N2,20260219,N2##20260219,0.1170,0.0000,0.0000
N2,20260219,N2##20260219,0.1084,3.5857,2.3904
N2,20260219,N2##20260219,0.1126,0.0000,0.0000
N2,20260219,N2##20260219,0.1294,0.0000,0.0000
N2,20260219,N2##20260219,0.1300,0.0000,0.0000
N2,20260219,N2##20260219,0.1277,11.5385,5.7692
N2,20260219,N2##20260219,0.1585,4.4118,4.4118
N2,20260219,N2##20260219,0.0959,0.0000,0.0000
N2,20260219,N2##20260219,0.1143,0.0000,0.0000
N2,20260219,N2##20260219,0.1318,0.0000,0.0000
N2,20260219,N2##20260219,0.1323,0.0000,0.0000
N2,20260219,N2##20260219,0.0423,16.2162,0.0000
N2,20260219,N2##20260219,0.1292,0.0000,0.0000
N2,20260219,N2##20260219,0.0857,0.0000,0.0000
N2,20260219,N2##20260219,0.1196,0.0000,0.0000
N2,20260219,N2##20260219,0.1399,7.6110,5.0740
N2,20260219,N2##20260219,0.1074,0.0000,0.0000
N2,20260219,N2##20260219,0.1516,4.4118,0.0000
N2,20260219,N2##20260219,0.1771,2.6201,2.6201
N2,20260219,N2##20260219,0.1117,7.0588,7.0588
N2,20260219,N2##20260219,0.1429,0.0000,0.0000
N2,20260219,N2##20260219,0.0870,0.0000,0.0000
N2,20260219,N2##20260219,0.1175,0.0000,0.0000
N2,20260219,N2##20260219,0.2094,3.2374,3.2374
N2,20260219,N2##20260219,0.1255,1.6575,1.6575
N2,20260219,N2##20260219,0.1533,0.0000,6.1538
N2,20260219,N2##20260219,0.1499,0.0000,0.0000
N2,20260219,N2##20260219,0.1555,0.0000,0.0000
N2,20260219,N2##20260219,0.1447,0.0000,0.0000
N2,20260219,N2##20260219,0.1346,0.0000,0.0000
N2,20260219,N2##20260219,0.1027,1.6438,0.0000
N2,20260219,N2##20260219,0.2013,2.5210,2.5210
N2,20260219,N2##20260219,0.1364,0.0000,0.0000
N2,20260219,N2##20260219,0.0866,0.0000,0.0000
N2,20260219,N2##20260219,0.1225,0.0000,0.0000
N2,20260219,N2##20260219,0.1628,0.7472,0.7472
N2,20260219,N2##20260219,,21.4286,21.4286
N2,20260219,N2##20260219,0.0894,0.0000,0.0000
N2,20260219,N2##20260219,0.0970,0.0000,13.9535
N2,20260219,N2##20260219,0.2442,0.0000,13.9535
N2,20260219,N2##20260219,0.1136,0.0000,18.7500
N2,20260219,N2##20260219,0.1404,0.8798,2.6393
N2,20260219,N2##20260219,0.0650,3.5821,0.0000
N2,20260219,N2##20260219,0.1665,0.0000,0.0000
N2,20260219,N2##20260219,0.1340,0.0000,0.0000
N2,20260219,N2##20260219,0.0677,7.3260,0.0000
N2,20260219,N2##20260219,0.1500,0.0000,0.0000
N2,20260219,N2##20260219,0.1109,3.8023,3.0418
N2,20260219,N2##20260219,0.2249,8.9552,17.9104
N2,20260219,N2##20260219,0.1526,0.0000,0.0000
N2,20260219,N2##20260219,0.1579,0.0000,1.2097
N2,20260219,N2##20260219,0.1016,7.8947,0.0000
N2,20260219,N2##20260219,0.1626,12.3711,6.1856
N2,20260219,N2##20260219,0.1639,4.4944,4.4944
N2,20260219,N2##20260219,0.1361,0.0000,0.0000
N2,20260219,N2##20260219,,0.0000,13.9535
N2,20260219,N2##20260219,0.1460,0.0000,2.5532
N2,20260219,N2##20260219,0.1522,0.0000,0.0000
N2,20260219,N2##20260219,0.1574,2.4194,0.0000
N2,20260219,N2##20260219,0.1577,0.0000,0.0000
N2,20260219,N2##20260219,0.1351,0.0000,0.0000
N2,20260219,N2##20260219,0.2094,0.0000,0.0000
N2,20260219,N2##20260219,0.1412,0.0000,4.9689
N2,20260219,N2##20260219,0.1623,7.5949,0.0000
N2,20260219,N2##20260219,0.1029,0.0000,24.0000
N2,20260219,N2##20260219,0.1830,1.5113,1.5113
N2,20260219,N2##20260219,0.1173,0.0000,11.7647
N2,20260219,N2##20260219,0.0626,8.4507,8.4507
N2,20260219,N2##20260219,0.1806,1.9672,0.0000
N2,20260219,N2##20260219,0.1462,2.1127,0.0000
N2,20260219,N2##20260219,0.1276,0.0000,0.0000
N2,20260219,N2##20260219,0.2011,0.0000,0.0000
N2,20260219,N2##20260219,,23.0769,0.0000
N2,20260219,N2##20260219,0.1510,0.0000,0.0000
N2,20260219,N2##20260219,0.1593,0.0000,0.0000
N2,20260219,N2##20260219,0.1016,8.7591,4.3796
N2,20260219,N2##20260219,0.1790,0.0000,0.0000
N2,20260219,N2##20260219,0.1502,0.0000,0.0000
N2,20260219,N2##20260219,0.2064,0.0000,0.0000
N2,20260219,N2##20260219,0.0674,6.7039,0.0000
N2,20260219,N2##20260219,0.1482,0.0000,0.0000
N2,20260219,N2##20260219,0.0737,0.0000,0.0000
N2,20260219,N2##20260219,0.1919,0.0000,0.0000
N2,20260219,N2##20260219,0.1453,0.0000,0.0000
N2,20260219,N2##20260219,0.0759,0.0000,0.0000
N2,20260221,N2##20260221,0.1955,0.0000,0.0000
N2,20260221,N2##20260221,0.1990,0.3523,0.0000
N2,20260221,N2##20260221,0.1755,0.0000,0.0000
N2,20260221,N2##20260221,0.1515,0.0000,0.0000
N2,20260221,N2##20260221,,0.0000,5.2174
N2,20260221,N2##20260221,,23.0769,46.1538
N2,20260221,N2##20260221,0.1313,0.0000,0.0000
N2,20260221,N2##20260221,0.1312,0.0000,0.0000
N2,20260221,N2##20260221,0.1595,0.0000,0.0000
N2,20260221,N2##20260221,0.1752,0.0000,0.0000
N2,20260221,N2##20260221,0.1252,0.0000,0.0000
N2,20260221,N2##20260221,0.1755,1.1450,0.0000
N2,20260221,N2##20260221,0.2117,0.0000,0.0000
N2,20260221,N2##20260221,0.1599,0.0000,0.0000
N2,20260221,N2##20260221,0.1973,0.0000,0.0000
N2,20260221,N2##20260221,0.1855,0.0000,0.8163
N2,20260221,N2##20260221,0.1862,0.0000,0.0000
N2,20260221,N2##20260221,0.1659,1.1009,0.0000
N2,20260221,N2##20260221,0.2017,0.5859,0.5859
N2,20260221,N2##20260221,0.0523,0.0000,0.0000
N2,20260221,N2##20260221,0.1834,0.0000,0.0000
N2,20260221,N2##20260221,0.1466,0.0000,0.0000
N2,20260221,N2##20260221,0.1965,0.9404,2.8213
N2,20260221,N2##20260221,0.0617,0.0000,0.0000
N2,20260221,N2##20260221,0.0657,2.3715,4.7431
N2,20260221,N2##20260221,0.0760,4.8096,1.2024
N2,20260221,N2##20260221,0.1283,0.0000,10.6509
N2,20260221,N2##20260221,0.1282,2.5105,0.0000
N2,20260221,N2##20260221,0.1995,0.0000,0.0000
N2,20260221,N2##20260221,0.0711,0.0000,0.0000
N2,20260221,N2##20260221,0.1492,0.0000,0.0000
N2,20260221,N2##20260221,0.0578,0.0000,0.0000
N2,20260221,N2##20260221,0.1162,0.0000,0.0000
N2,20260222,N2##20260222,0.1776,0.0000,0.0000
N2,20260222,N2##20260222,0.1427,0.0000,0.0000
N2,20260222,N2##20260222,0.1556,0.0000,0.0000
N2,20260222,N2##20260222,0.1495,0.0000,0.7742
N2,20260222,N2##20260222,0.1806,0.0000,0.0000
N2,20260222,N2##20260222,0.1753,0.0000,0.0000
N2,20260222,N2##20260222,0.1085,2.5000,1.7500
N2,20260222,N2##20260222,0.1480,0.0000,0.0000
N2,20260222,N2##20260222,0.0569,5.6027,4.5840
N2,20260222,N2##20260222,0.1854,0.0000,0.0000
N2,20260222,N2##20260222,0.1622,0.0000,0.0000
N2,20260222,N2##20260222,0.1725,0.0000,0.0000
N2,20260222,N2##20260222,0.1295,0.6787,1.0181
N2,20260222,N2##20260222,0.1516,0.0000,0.0000
N2,20260222,N2##20260222,0.1689,0.0000,0.0000
N2,20260222,N2##20260222,0.1618,1.7544,1.7544
N2,20260222,N2##20260222,0.1664,0.0000,0.0000
N2,20260222,N2##20260222,0.1447,0.0000,0.0000
N2,20260222,N2##20260222,0.1651,0.8475,1.6949
N2,20260222,N2##20260222,0.1330,0.0000,0.0000
N2,20260222,N2##20260222,0.1588,0.0000,0.0000
N2,20260222,N2##20260222,0.1779,0.0000,0.0000
N2,20260222,N2##20260222,0.1665,0.0000,0.0000
N2,20260222,N2##20260222,0.1609,0.0000,0.0000
N2,20260222,N2##20260222,0.1555,0.0000,0.0000
N2,20260222,N2##20260222,0.1180,0.6148,0.6148
N2,20260222,N2##20260222,0.1044,0.0000,0.0000
N2,20260222,N2##20260222,0.1331,3.5088,0.0000
N2,20260222,N2##20260222,0.1328,0.0000,0.0000
N2,20260222,N2##20260222,0.1451,0.0000,0.0000
N2,20260222,N2##20260222,0.1070,0.0000,0.0000
N2,20260222,N2##20260222,0.1195,0.0000,0.0000
N2,20260222,N2##20260222,0.1281,2.6946,0.8982
N2,20260222,N2##20260222,0.1921,0.0000,0.9836
N2,20260222,N2##20260222,0.1883,0.0000,0.0000
N2,20260222,N2##20260222,0.1632,0.5000,2.0000
N2,20260222,N2##20260222,0.1458,0.0000,0.0000
N2,20260222,N2##20260222,0.0874,0.0000,0.0000
N2,20260222,N2##20260222,0.1782,1.7143,0.0000
N2,20260222,N2##20260222,0.1337,0.0000,0.0000
N2,20260222,N2##20260222,0.1758,0.0000,0.0000
N2,20260222,N2##20260222,0.1488,0.0000,0.0000
N2,20260222,N2##20260222,0.1497,0.0000,0.0000
N2,20260222,N2##20260222,0.1303,0.0000,0.0000
N2,20260222,N2##20260222,0.1383,2.5532,10.2128
N2,20260222,N2##20260222,0.1305,1.7143,5.1429
N2,20260222,N2##20260222,0.1390,0.0000,0.0000
N2,20260222,N2##20260222,0.1810,0.0000,0.0000
N2,20260222,N2##20260222,0.1262,5.9406,0.0000
N2,20260222,N2##20260222,0.1359,0.0000,2.4691
N2,20260222,N2##20260222,0.0621,9.7519,2.5663
N2,20260222,N2##20260222,0.1726,0.0000,1.9544
N2,20260222,N2##20260222,0.1556,0.9804,1.9608
N2,20260222,N2##20260222,0.1650,0.0000,0.0000
N2,20260222,N2##20260222,0.1880,0.0000,0.0000
N2,20260222,N2##20260222,0.0981,0.0000,0.0000
N2,20260222,N2##20260222,0.1321,0.0000,6.0606
N2,20260222,N2##20260222,0.1718,0.0000,0.0000
N2,20260222,N2##20260222,0.1606,0.0000,0.0000
N2,20260222,N2##20260222,0.1206,0.0000,0.0000
N2,20260222,N2##20260222,0.1407,3.5377,1.4151
N2,20260222,N2##20260222,0.1361,0.0000,0.0000
N2,20260222,N2##20260222,0.1075,0.0000,0.0000
N2,20260222,N2##20260222,0.1641,0.0000,1.4286
N2,20260222,N2##20260222,0.1702,0.0000,0.0000
N2,20260222,N2##20260222,0.0622,13.6157,1.8154
N2,20260222,N2##20260222,0.1801,1.6973,0.8487
N2,20260222,N2##20260222,0.1415,0.0000,0.0000
N2,20260222,N2##20260222,0.1416,0.0000,1.3043
N2,20260222,N2##20260222,0.1252,4.1667,2.0833
N2,20260222,N2##20260222,0.1374,2.6471,0.8824
N2,20260222,N2##20260222,0.1223,0.0000,0.0000
N2,20260222,N2##20260222,0.1278,0.9509,0.9509
N2,20260222,N2##20260222,0.1377,0.0000,8.4507
N2,20260222,N2##20260222,0.1586,2.4440,0.0000
N2,20260222,N2##20260222,0.1566,0.0000,0.0000
N2,20260222,N2##20260222,0.1234,0.0000,0.0000
N2,20260222,N2##20260222,0.1525,0.0000,0.0000
N2,20260222,N2##20260222,0.1863,0.0000,0.0000
N2,20260222,N2##20260222,0.1893,2.8846,2.8846
N2,20260222,N2##20260222,0.1299,0.0000,0.0000
N2,20260222,N2##20260222,0.1332,1.3187,1.3187
N2,20260222,N2##20260222,0.1659,0.0000,0.0000
N2,20260222,N2##20260222,0.1507,0.0000,0.0000
N2,20260222,N2##20260222,0.1869,0.0000,0.0000
N2,20260222,N2##20260222,0.1598,0.0000,0.0000
N2,20260222,N2##20260222,0.1359,0.0000,1.5385
N2,20260222,N2##20260222,0.1597,0.0000,0.0000
N2,20260222,N2##20260222,0.1654,0.0000,0.0000
N2,20260222,N2##20260222,0.1554,0.0000,0.0000
N2,20260222,N2##20260222,0.0978,0.0000,2.4096
N2,20260222,N2##20260222,0.1755,0.0000,0.0000
N2,20260222,N2##20260222,0.1384,0.0000,0.0000
N2,20260222,N2##20260222,0.2005,0.0000,0.0000
N2,20260222,N2##20260222,0.1838,0.0000,0.0000
N2,20260222,N2##20260222,0.1368,0.0000,0.0000
N2,20260222,N2##20260222,0.1258,0.0000,0.0000
N2,20260222,N2##20260222,0.1572,0.0000,0.0000
N2,20260222,N2##20260222,0.1228,0.0000,0.0000
N2,20260222,N2##20260222,0.1199,0.0000,0.0000
N2,20260222,N2##20260222,0.2068,0.0000,0.0000
N2,20260222,N2##20260222,0.1347,0.0000,0.0000
N2,20260222,N2##20260222,0.1430,0.0000,0.0000
N2,20260222,N2##20260222,0.1425,0.0000,0.0000
N2,20260224,N2##20260224,0.1247,0.0000,0.0000
N2,20260224,N2##20260224,0.1476,0.0000,0.0000
N2,20260224,N2##20260224,0.1199,1.9324,11.5942
N2,20260224,N2##20260224,0.1696,0.0000,2.6846
N2,20260224,N2##20260224,0.1456,0.0000,2.5000
N2,20260224,N2##20260224,0.1721,0.0000,0.0000
N2,20260224,N2##20260224,0.1945,0.0000,0.0000
N2,20260224,N2##20260224,0.1602,1.0204,0.0000
N2,20260224,N2##20260224,0.1782,0.0000,0.0000
N2,20260224,N2##20260224,0.1469,3.0769,0.0000
N2,20260224,N2##20260224,0.0882,0.0000,11.0599
N2,20260224,N2##20260224,0.1683,0.0000,0.0000
N2,20260224,N2##20260224,0.1733,0.0000,0.0000
N2,20260224,N2##20260224,0.1957,0.0000,0.0000
N2,20260224,N2##20260224,0.1695,0.0000,0.0000
N2,20260224,N2##20260224,0.1347,0.0000,0.0000
N2,20260224,N2##20260224,0.1358,3.8462,0.0000
N2,20260224,N2##20260224,0.0940,0.0000,0.0000
N2,20260224,N2##20260224,0.1360,0.0000,0.0000
N2,20260224,N2##20260224,0.1572,1.0929,0.0000
N2,20260224,N2##20260224,0.1132,0.0000,0.0000
N2,20260224,N2##20260224,0.1232,0.0000,15.7895
N2,20260224,N2##20260224,0.1336,0.0000,0.0000
N2,20260224,N2##20260224,0.1765,0.0000,0.0000
N2,20260224,N2##20260224,0.1522,0.0000,1.6644
N2,20260224,N2##20260224,0.0752,1.7893,0.5964
N2,20260224,N2##20260224,0.1672,0.0000,0.0000
N2,20260224,N2##20260224,0.1928,0.0000,0.0000
N2,20260224,N2##20260224,0.1702,0.0000,0.0000
N2,20260224,N2##20260224,0.1288,1.0733,2.1467
N2,20260224,N2##20260224,0.1815,0.0000,0.0000
N2,20260224,N2##20260224,0.1572,0.0000,0.0000
N2,20260224,N2##20260224,0.1372,2.4390,0.0000
N2,20260224,N2##20260224,0.1633,0.0000,0.0000
N2,20260224,N2##20260224,0.1346,0.0000,0.0000
N2,20260224,N2##20260224,0.1673,10.7143,0.0000
N2,20260224,N2##20260224,0.1763,0.0000,1.6667
N2,20260224,N2##20260224,0.1558,0.0000,0.0000
N2,20260224,N2##20260224,0.1307,1.3953,0.0000
N2,20260224,N2##20260224,0.1684,0.0000,0.0000
N2,20260224,N2##20260224,0.0963,10.0000,10.0000
N2,20260224,N2##20260224,0.1737,0.0000,0.0000
N2,20260224,N2##20260224,0.1184,0.0000,8.6957
N2,20260224,N2##20260224,0.1371,3.9301,0.0000
N2,20260224,N2##20260224,0.1433,3.1088,0.0000
N2,20260224,N2##20260224,0.1409,0.0000,0.0000
N2,20260224,N2##20260224,0.1133,0.0000,4.9046
N2,20260224,N2##20260224,0.1759,2.1739,1.6304
N2,20260224,N2##20260224,0.1633,0.0000,0.0000
N2,20260224,N2##20260224,0.1514,0.0000,2.0134
N2,20260224,N2##20260224,0.1061,3.5503,0.0000
N2,20260224,N2##20260224,0.1750,0.0000,0.0000
N2,20260224,N2##20260224,0.2332,0.0000,0.0000
N2,20260224,N2##20260224,0.1846,3.8380,2.5586
N2,20260224,N2##20260224,0.0649,17.0160,5.9186
N2,20260224,N2##20260224,0.1415,1.6393,0.0000
N2,20260224,N2##20260224,0.1817,0.0000,0.0000
N2,20260224,N2##20260224,0.1375,0.0000,6.9767
N2,20260224,N2##20260224,0.1845,1.6713,2.5070
N2,20260224,N2##20260224,0.1488,0.0000,0.0000
N2,20260224,N2##20260224,0.1478,0.0000,0.0000
N2,20260224,N2##20260224,0.1956,0.0000,1.7699
N2,20260224,N2##20260224,0.1640,0.0000,0.0000
N2,20260224,N2##20260224,0.1787,0.0000,0.0000
N2,20260224,N2##20260224,0.1368,0.0000,0.0000
N2,20260224,N2##20260224,0.1677,0.0000,0.0000
N2,20260224,N2##20260224,0.1591,0.0000,4.6875
N2,20260224,N2##20260224,0.1976,0.0000,0.0000
N2,20260224,N2##20260224,0.1207,4.3956,0.0000
N2,20260224,N2##20260224,0.1623,0.0000,0.0000
N2,20260224,N2##20260224,0.1506,0.0000,0.0000
N2,20260224,N2##20260224,0.1578,0.0000,0.0000
N2,20260224,N2##20260224,0.0781,3.3241,0.0000
N2,20260224,N2##20260224,0.1534,0.0000,0.0000
N2,20260224,N2##20260224,0.1309,0.0000,0.0000
N2,20260224,N2##20260224,0.1420,17.1429,0.0000
N2,20260224,N2##20260224,0.1586,5.0505,0.0000
N2,20260224,N2##20260224,0.1231,4.2857,0.0000
N2,20260224,N2##20260224,0.1331,6.0302,9.0452
N2,20260224,N2##20260224,0.1587,4.3636,1.0909
N2,20260224,N2##20260224,0.1621,0.0000,0.0000
N2,20260224,N2##20260224,0.1564,0.0000,0.0000
N2,20260224,N2##20260224,0.1172,0.0000,0.0000
N2,20260224,N2##20260224,0.1214,6.8702,0.0000
N2,20260224,N2##20260224,0.1494,0.0000,0.0000
N2,20260224,N2##20260224,0.1011,1.1834,8.2840
N2,20260224,N2##20260224,0.1248,0.0000,0.0000
N2,20260224,N2##20260224,0.2102,12.0000,0.0000
N2,20260224,N2##20260224,0.1158,0.0000,8.1081
N2,20260224,N2##20260224,0.1767,0.0000,0.0000
N2,20260224,N2##20260224,0.1548,0.0000,1.5345
N2,20260224,N2##20260224,0.1899,0.0000,0.0000
N2,20260224,N2##20260224,0.1201,4.4610,0.0000
N2,20260224,N2##20260224,0.1682,5.7416,5.7416
N2,20260224,N2##20260224,0.1468,0.0000,0.0000
N2,20260224,N2##20260224,0.1467,0.0000,4.2857
N2,20260224,N2##20260224,0.1553,0.0000,0.0000
N2,20260224,N2##20260224,0.1142,0.0000,0.0000
N2,20260224,N2##20260224,,18.1818,0.0000
N2,20260224,N2##20260224,0.1943,0.0000,0.0000
N2,20260224,N2##20260224,0.1744,4.0000,0.0000
N2,20260224,N2##20260224,0.1587,6.8966,0.0000
N2,20260224,N2##20260224,0.1927,4.4776,0.8955
N2,20260224,N2##20260224,0.1107,0.0000,0.0000
N2,20260224,N2##20260224,0.1550,0.0000,0.0000
N2,20260224,N2##20260224,0.1425,4.0404,2.0202
N2,20260224,N2##20260224,0.1377,3.3613,1.6807
N2,20260224,N2##20260224,0.1338,0.0000,0.0000
N2,20260224,N2##20260224,0.1646,0.0000,0.0000
N2,20260224,N2##20260224,0.0700,11.2150,5.6075
N2,20260224,N2##20260224,0.1909,0.0000,0.0000
N2,20260224,N2##20260224,0.1177,10.7143,0.0000
N2,20260224,N2##20260224,0.1323,2.7429,1.3714
N2,20260224,N2##20260224,0.1382,0.0000,0.0000
N2,20260224,N2##20260224,0.1222,0.0000,20.0000
N2,20260224,N2##20260224,0.1651,0.0000,0.0000
N2,20260224,N2##20260224,0.1229,0.0000,0.0000
N2,20260224,N2##20260224,0.1724,0.0000,0.0000
N2,20260224,N2##20260224,0.1218,6.7416,1.9262
N2,20260224,N2##20260224,,41.3793,0.0000
N2,20260224,N2##20260224,0.1518,0.0000,0.0000
N2,20260224,N2##20260224,0.1847,24.0000,0.0000
N2,20260224,N2##20260224,0.2073,0.0000,0.0000
N2,20260224,N2##20260224,0.2125,0.0000,0.0000
N2,20260224,N2##20260224,0.0928,0.0000,0.0000
N2,20260224,N2##20260224,0.1210,0.0000,4.2105
N2,20260224,N2##20260224,0.0466,25.4417,0.0000
N2,20260224,N2##20260224,0.1505,0.0000,0.0000
N2,20260224,N2##20260224,0.1952,0.0000,0.0000
N2,20260224,N2##20260224,0.1072,18.9474,6.3158
N2,20260224,N2##20260224,0.1657,0.0000,0.0000
N2,20260224,N2##20260224,0.1129,7.7419,3.8710
N2,20260224,N2##20260224,0.1071,14.6341,0.0000
N2,20260224,N2##20260224,,9.8361,0.0000
N2,20260224,N2##20260224,0.1548,0.0000,5.2174
N2,20260224,N2##20260224,0.0798,4.3165,4.3165
N2,20260224,N2##20260224,0.1326,0.0000,2.9703
N2,20260224,N2##20260224,0.2679,0.0000,0.0000
N2,20260224,N2##20260224,0.1308,1.4833,1.4833
N2,20260224,N2##20260224,0.1747,2.8169,1.4085
N2,20260224,N2##20260224,0.0643,5.1813,1.0363
N2,20260224,N2##20260224,0.0621,0.0000,0.0000
N2,20260224,N2##20260224,0.1579,0.0000,0.0000
N2,20260224,N2##20260224,0.1407,0.0000,1.9355
N2,20260224,N2##20260224,0.1393,0.0000,0.7989
N2,20260224,N2##20260224,0.1654,0.0000,1.1858
N2,20260224,N2##20260224,0.1400,13.2492,1.8927
N2,20260224,N2##20260224,0.1734,2.0339,0.0000
N2,20260224,N2##20260224,0.1518,0.0000,0.0000
N2,20260224,N2##20260224,0.1737,2.5052,4.3841
N2,20260224,N2##20260224,0.1774,0.0000,0.0000
N2,20260224,N2##20260224,0.1727,1.6304,1.6304
N2,20260224,N2##20260224,0.1110,20.0000,0.0000
N2,20260224,N2##20260224,0.1546,0.0000,0.0000
N2,20260224,N2##20260224,0.1407,0.0000,0.0000
N2,20260224,N2##20260224,0.1891,0.0000,15.0000
N2,20260224,N2##20260224,0.1217,23.0769,0.0000
N2,20260224,N2##20260224,0.1711,0.0000,0.0000
N2,20260224,N2##20260224,0.1376,3.6072,1.2024
N2,20260224,N2##20260224,0.1418,0.0000,12.7660
N2,20260224,N2##20260224,0.0891,11.3208,0.0000
N2,20260224,N2##20260224,,12.5000,0.0000
N2,20260224,N2##20260224,0.1691,0.0000,0.0000
N2,20260224,N2##20260224,0.1365,1.0399,4.1594
N2,20260224,N2##20260224,0.1570,0.0000,1.4118
N2,20260224,N2##20260224,0.0930,5.9238,5.9238
N2,20260224,N2##20260224,0.1075,0.0000,0.0000
N2,20260224,N2##20260224,0.0501,24.0000,0.0000
N2,20260224,N2##20260224,0.0823,0.0000,0.0000
N2,20260224,N2##20260224,0.1316,0.0000,3.9735
N2,20260224,N2##20260224,0.1588,0.0000,0.0000
N2,20260224,N2##20260224,0.0610,0.0000,0.0000
N2,20260224,N2##20260224,0.0557,6.2176,6.2176
N2,20260224,N2##20260224,0.1015,0.0000,10.5263
N2,20260224,N2##20260224,0.1463,7.2727,10.9091
N2,20260224,N2##20260224,0.1826,0.0000,0.0000
N2,20260224,N2##20260224,0.1661,0.9202,0.0000
N2,20260224,N2##20260224,0.1559,0.0000,0.0000
N2,20260224,N2##20260224,0.1478,0.0000,0.0000
N2,20260224,N2##20260224,0.1591,9.6774,9.6774
N2,20260224,N2##20260224,0.1538,4.2857,0.0000
N2,20260224,N2##20260224,0.1441,16.2162,16.2162
N2,20260224,N2##20260224,0.1930,0.0000,0.0000
N2,20260224,N2##20260224,0.1424,11.1111,0.0000
N2,20260224,N2##20260224,0.1232,0.0000,17.6471
N2,20260224,N2##20260224,0.1205,8.2051,3.0769
N2,20260224,N2##20260224,0.1059,12.7119,0.0000
N2,20260224,N2##20260224,0.1190,4.7244,4.7244
N2,20260224,N2##20260224,0.1478,0.0000,2.3166
N2,20260224,N2##20260224,0.1229,9.5238,0.0000
N2,20260224,N2##20260224,0.1461,3.1746,3.1746
N2,20260224,N2##20260224,0.1409,0.0000,0.0000
N2,20260224,N2##20260224,0.0302,9.0909,9.0909
N2,20260224,N2##20260224,0.1154,0.0000,10.1695
N2,20260224,N2##20260224,0.0893,4.9383,0.0000
N2,20260224,N2##20260224,0.1309,9.3750,0.0000
N2,20260224,N2##20260224,0.1454,0.0000,0.0000
N2,20260224,N2##20260224,0.1349,0.0000,0.0000
N2,20260224,N2##20260224,0.1924,0.0000,2.5263
N2,20260224,N2##20260224,0.1368,6.2827,6.2827
N2,20260224,N2##20260224,0.0568,6.6667,3.3333
N2,20260224,N2##20260224,0.1679,6.9767,10.4651
N2,20260224,N2##20260224,0.0826,11.3208,5.6604
N2,20260224,N2##20260224,0.1569,6.0606,0.0000
N2,20260224,N2##20260224,0.1433,2.6432,5.2863
N2,20260224,N2##20260224,0.1494,1.4925,0.0000
N2,20260224,N2##20260224,0.1203,0.0000,0.0000
N2,20260224,N2##20260224,0.1460,3.0769,1.5385
N2,20260224,N2##20260224,0.0980,6.6667,0.0000
N2,20260224,N2##20260224,0.1636,0.0000,0.0000
N2,20260224,N2##20260224,0.1619,0.0000,0.0000
N2,20260224,N2##20260224,0.1785,0.0000,6.9767
N2,20260224,N2##20260224,0.2264,9.6774,9.6774
N2,20260224,N2##20260224,0.1775,0.0000,0.0000
N2,20260224,N2##20260224,0.1716,0.0000,15.3846
N2,20260224,N2##20260224,0.1694,4.8387,7.2581
N2,20260224,N2##20260224,0.1264,0.0000,8.1081
N2,20260224,N2##20260224,0.1648,7.4534,3.7267
N2,20260224,N2##20260224,0.2191,7.4074,7.4074
N2,20260224,N2##20260224,0.1292,2.6201,2.6201
N2,20260224,N2##20260224,0.1880,7.6923,3.8462
N2,20260224,N2##20260224,0.1889,0.0000,0.0000
N2,20260224,N2##20260224,0.1416,0.0000,0.0000
N2,20260224,N2##20260224,0.1926,6.3492,6.3492
N2,20260224,N2##20260224,0.1298,0.0000,0.0000
N2,20260224,N2##20260224,0.1900,0.0000,0.0000
N2,20260224,N2##20260224,0.1583,0.0000,5.6338
N2,20260224,N2##20260224,0.0946,0.0000,2.9851
N2,20260224,N2##20260224,0.1630,0.0000,0.0000
N2,20260224,N2##20260224,0.0881,0.0000,0.0000
N2,20260224,N2##20260224,0.0928,13.9535,0.0000
N2,20260224,N2##20260224,0.1605,4.5802,4.5802
N2,20260224,N2##20260224,0.1531,4.4776,0.0000
N2,20260224,N2##20260224,0.0989,9.0909,0.0000
N2,20260224,N2##20260224,0.1238,0.0000,0.0000
N2,20260224,N2##20260224,,20.6897,0.0000
N2,20260224,N2##20260224,,20.6897,0.0000
N2,20260224,N2##20260224,0.1437,17.8218,0.0000
N2,20260224,N2##20260224,0.2207,0.0000,0.0000
N2,20260224,N2##20260224,0.1240,0.0000,0.0000
N2,20260224,N2##20260224,0.1163,0.0000,0.0000
N2,20260224,N2##20260224,0.0796,0.0000,0.0000
N2,20260224,N2##20260224,0.2099,0.0000,0.0000
N2,20260224,N2##20260224,,17.6471,17.6471
N2,20260225,N2##20260225,0.1642,0.0000,0.0000
N2,20260225,N2##20260225,0.0847,3.1056,2.4845
N2,20260225,N2##20260225,0.1959,2.0339,0.0000
N2,20260225,N2##20260225,0.1772,0.0000,0.0000
N2,20260225,N2##20260225,0.1957,0.0000,0.0000
N2,20260225,N2##20260225,0.1661,3.8660,1.5464
N2,20260225,N2##20260225,0.1828,0.0000,0.0000
N2,20260225,N2##20260225,0.1521,0.0000,0.0000
N2,20260225,N2##20260225,0.1675,3.0000,0.0000
N2,20260225,N2##20260225,0.0827,0.2500,0.0000
N2,20260225,N2##20260225,0.1846,2.4048,1.2024
N2,20260225,N2##20260225,0.1537,1.1788,0.0000
N2,20260225,N2##20260225,0.1677,0.0000,0.0000
N2,20260225,N2##20260225,0.1781,0.0000,0.0000
N2,20260225,N2##20260225,0.2039,1.8727,0.7491
N2,20260225,N2##20260225,0.1595,0.0000,0.0000
N2,20260225,N2##20260225,0.1827,0.4983,0.0000
N2,20260225,N2##20260225,0.2140,0.0000,0.6593
N2,20260225,N2##20260225,0.1573,0.0000,0.0000
N2,20260225,N2##20260225,0.1758,0.0000,0.0000
N2,20260225,N2##20260225,0.1735,0.0000,0.0000
N2,20260225,N2##20260225,0.1826,0.8942,0.0000
N2,20260225,N2##20260225,0.1428,0.0000,0.0000
N2,20260225,N2##20260225,0.1979,0.0000,0.0000
N2,20260225,N2##20260225,0.1381,0.0000,0.0000
N2,20260225,N2##20260225,0.1601,0.0000,1.0345
N2,20260225,N2##20260225,0.2216,0.0000,0.0000
N2,20260225,N2##20260225,0.1821,0.0000,0.0000
N2,20260225,N2##20260225,0.1339,8.0357,0.0000
N2,20260225,N2##20260225,0.1894,1.6304,0.0000
N2,20260225,N2##20260225,0.1908,0.0000,0.0000
N2,20260225,N2##20260225,0.1528,0.0000,0.0000
N2,20260225,N2##20260225,0.1777,0.0000,0.0000
N2,20260225,N2##20260225,0.1929,0.0000,0.0000
N2,20260225,N2##20260225,0.1737,0.0000,0.0000
N2,20260225,N2##20260225,0.1691,0.0000,0.0000
N2,20260225,N2##20260225,0.2104,0.0000,0.0000
N2,20260225,N2##20260225,0.1785,0.0000,0.0000
N2,20260225,N2##20260225,0.2105,0.0000,0.0000
N2,20260225,N2##20260225,0.1615,0.0000,0.0000
N2,20260225,N2##20260225,0.1545,0.0000,0.0000
N2,20260225,N2##20260225,0.1458,0.0000,0.8253
N2,20260225,N2##20260225,0.1692,0.0000,0.0000
N2,20260225,N2##20260225,0.1635,0.0000,0.0000
N2,20260225,N2##20260225,0.1947,0.0000,0.0000
N2,20260225,N2##20260225,0.1452,0.0000,0.0000
N2,20260225,N2##20260225,0.1383,0.0000,6.8182
N2,20260225,N2##20260225,0.1578,0.0000,0.0000
N2,20260225,N2##20260225,0.2105,0.0000,0.0000
N2,20260225,N2##20260225,0.1790,3.7296,2.3310
N2,20260225,N2##20260225,0.1554,0.0000,0.0000
N2,20260225,N2##20260225,0.1544,0.0000,0.0000
N2,20260225,N2##20260225,0.1690,4.2553,2.8369
N2,20260225,N2##20260225,0.1575,0.0000,0.0000
N2,20260225,N2##20260225,0.1897,3.5156,1.1719
N2,20260225,N2##20260225,0.2037,1.8809,0.9404
N2,20260225,N2##20260225,0.1495,0.0000,0.0000
N2,20260225,N2##20260225,0.1777,3.3994,3.3994
N2,20260225,N2##20260225,0.1650,0.0000,0.0000
N2,20260225,N2##20260225,0.0530,2.0339,0.0000
N2,20260225,N2##20260225,0.1815,0.0000,0.0000
N2,20260225,N2##20260225,0.1766,1.3937,0.6969
N2,20260225,N2##20260225,0.1866,0.0000,0.0000
N2,20260225,N2##20260225,0.1585,0.0000,0.0000
N2,20260225,N2##20260225,0.1459,0.0000,0.0000
N2,20260225,N2##20260225,0.1482,0.0000,0.0000
N2,20260225,N2##20260225,0.2030,0.0000,0.0000
N2,20260225,N2##20260225,0.1619,2.0202,2.0202
N2,20260225,N2##20260225,0.1860,0.0000,0.0000
N2,20260225,N2##20260225,0.1281,0.0000,0.0000
N2,20260225,N2##20260225,0.1743,0.0000,0.0000
N2,20260225,N2##20260225,0.1319,4.2553,2.1277
N2,20260225,N2##20260225,0.1772,0.0000,0.0000
N2,20260225,N2##20260225,0.1856,0.0000,0.0000
N2,20260225,N2##20260225,0.0785,3.1390,2.6906
N2,20260225,N2##20260225,0.1501,0.0000,0.0000
N2,20260225,N2##20260225,0.1856,0.0000,0.0000
N2,20260225,N2##20260225,0.1714,3.6408,2.1845
N2,20260225,N2##20260225,0.1843,0.0000,0.4823
N2,20260225,N2##20260225,0.1750,0.0000,0.0000
N2,20260225,N2##20260225,0.1719,3.4582,1.7291
N2,20260225,N2##20260225,0.1589,0.0000,0.0000
N2,20260225,N2##20260225,0.0840,19.3548,0.0000
N2,20260225,N2##20260225,0.1807,0.0000,0.0000
N2,20260225,N2##20260225,0.1918,0.0000,0.0000
N2,20260225,N2##20260225,0.1534,0.0000,6.2500
N2,20260225,N2##20260225,0.1734,0.0000,0.0000
N2,20260225,N2##20260225,0.1419,0.0000,0.0000
N2,20260225,N2##20260225,0.1565,0.0000,0.0000
N2,20260225,N2##20260225,0.1482,0.0000,0.0000
N2,20260225,N2##20260225,0.1583,0.0000,0.0000
N2,20260225,N2##20260225,0.1510,0.0000,0.0000
N2,20260225,N2##20260225,0.1324,4.3165,0.0000
N2,20260225,N2##20260225,0.1041,0.0000,0.9820
N2,20260225,N2##20260225,0.1698,0.0000,0.0000
N2,20260225,N2##20260225,0.1709,0.0000,0.0000
N2,20260225,N2##20260225,0.1636,0.0000,9.2308
N2,20260225,N2##20260225,0.1904,0.6322,0.0000
N2,20260225,N2##20260225,0.1985,1.2712,0.0000
N2,20260225,N2##20260225,0.1712,0.0000,0.0000
N2,20260225,N2##20260225,0.1412,0.0000,0.0000
N2,20260225,N2##20260225,0.1437,0.0000,0.0000
N2,20260225,N2##20260225,0.2011,0.0000,0.0000
N2,20260225,N2##20260225,0.2123,0.0000,0.0000
N2,20260225,N2##20260225,0.1640,0.0000,0.0000
N2,20260225,N2##20260225,0.1750,0.0000,0.0000
N2,20260225,N2##20260225,0.1851,0.0000,0.0000
N2,20260225,N2##20260225,0.1622,0.0000,0.0000
N2,20260225,N2##20260225,0.1432,5.0633,5.0633
N2,20260225,N2##20260225,0.1586,0.0000,0.0000
N2,20260225,N2##20260225,0.1685,2.8302,0.0000
N2,20260225,N2##20260225,0.1757,0.0000,0.0000
N2,20260225,N2##20260225,0.1675,0.0000,0.0000
N2,20260225,N2##20260225,0.1672,0.0000,0.0000
N2,20260225,N2##20260225,0.1933,0.0000,0.0000
N2,20260225,N2##20260225,0.1385,0.0000,0.0000
N2,20260225,N2##20260225,0.2166,0.0000,0.0000
N2,20260225,N2##20260225,0.1426,3.2086,0.0000
N2,20260225,N2##20260225,0.1808,0.0000,0.0000
N2,20260225,N2##20260225,0.1706,0.0000,0.0000
N2,20260225,N2##20260225,0.1495,0.0000,0.0000
N2,20260225,N2##20260225,0.1361,0.0000,0.0000
N2,20260225,N2##20260225,0.1628,2.2901,0.0000
N2,20260225,N2##20260225,0.1898,0.0000,0.9419
N2,20260225,N2##20260225,0.1892,0.0000,0.0000
N2,20260225,N2##20260225,0.1942,2.2305,2.2305
N2,20260225,N2##20260225,0.1822,0.0000,0.0000
N2,20260225,N2##20260225,0.2327,2.7397,2.7397
N2,20260225,N2##20260225,0.1932,0.0000,0.0000
N2,20260225,N2##20260225,0.1640,0.0000,0.0000
N2,20260225,N2##20260225,0.1467,2.0339,2.0339
N2,20260225,N2##20260225,0.1836,0.0000,0.0000
N2,20260225,N2##20260225,0.1944,0.0000,0.0000
N2,20260225,N2##20260225,0.2056,0.0000,0.0000
N2,20260225,N2##20260225,0.1604,0.0000,1.6484
N2,20260225,N2##20260225,0.1800,0.0000,1.4388
N2,20260225,N2##20260225,0.1426,0.0000,0.0000
N2,20260225,N2##20260225,0.1515,0.0000,0.0000
N2,20260225,N2##20260225,0.1989,2.8103,1.4052
N2,20260225,N2##20260225,0.1754,1.4742,1.4742
N2,20260225,N2##20260225,0.1807,0.0000,0.0000
N2,20260225,N2##20260225,0.1703,0.0000,0.0000
N2,20260225,N2##20260225,0.1569,0.0000,0.0000
N2,20260225,N2##20260225,0.1966,0.0000,0.0000
N2,20260225,N2##20260225,0.1325,10.3448,0.0000
N2,20260225,N2##20260225,0.2327,0.0000,0.0000
N2,20260225,N2##20260225,0.1978,0.0000,0.0000
N2,20260225,N2##20260225,0.1739,0.0000,1.7595
N2,20260225,N2##20260225,0.1682,0.0000,0.0000
N2,20260225,N2##20260225,0.1883,0.0000,0.0000
N2,20260225,N2##20260225,0.1839,1.9934,0.0000
N2,20260225,N2##20260225,0.1673,0.0000,0.0000
N2,20260225,N2##20260225,0.1771,0.0000,0.0000
N2,20260225,N2##20260225,0.1305,0.0000,0.0000
N2,20260225,N2##20260225,0.2001,0.0000,0.0000
N2,20260225,N2##20260225,0.1775,0.0000,2.5105
N2,20260225,N2##20260225,0.2018,0.0000,0.0000
N2,20260225,N2##20260225,0.1793,0.0000,0.0000
N2,20260225,N2##20260225,0.1739,0.0000,0.0000
N2,20260225,N2##20260225,0.1318,0.0000,0.0000
N2,20260225,N2##20260225,0.1570,0.0000,0.0000
N2,20260225,N2##20260225,0.1370,0.0000,0.0000
N2,20260225,N2##20260225,0.1765,0.0000,0.0000
N2,20260225,N2##20260225,0.1846,0.0000,0.0000
N2,20260225,N2##20260225,0.1745,0.0000,0.0000
N2,20260225,N2##20260225,0.1263,12.0000,12.0000
N2,20260225,N2##20260225,0.1467,0.0000,0.0000
N2,20260225,N2##20260225,0.2071,0.0000,0.0000
N2,20260225,N2##20260225,0.1947,0.0000,0.0000
N2,20260225,N2##20260225,0.0843,23.0769,0.0000
N2,20260227,N2##20260227,0.1362,0.0000,0.0000
N2,20260227,N2##20260227,0.1691,4.3165,2.1583
N2,20260227,N2##20260227,0.1692,0.0000,0.9449
N2,20260227,N2##20260227,0.1077,0.0000,0.0000
N2,20260227,N2##20260227,0.1851,0.0000,0.0000
N2,20260227,N2##20260227,0.1256,2.8275,2.8275
N2,20260227,N2##20260227,0.0952,2.5316,0.0000
N2,20260227,N2##20260227,0.1740,1.4963,1.1970
N2,20260227,N2##20260227,0.1879,1.1450,1.1450
N2,20260227,N2##20260227,0.1707,1.5584,0.0000
N2,20260227,N2##20260227,0.2174,9.7561,4.8780
N2,20260227,N2##20260227,0.1434,0.0000,0.0000
N2,20260227,N2##20260227,0.1715,5.2275,1.7425
N2,20260227,N2##20260227,0.1798,0.0000,3.4682
N2,20260227,N2##20260227,0.1089,0.0000,0.0000
N2,20260227,N2##20260227,0.2182,2.1911,1.0956
N2,20260227,N2##20260227,0.0843,5.0992,10.1983
N2,20260227,N2##20260227,0.1732,0.6696,0.0000
N2,20260227,N2##20260227,0.1851,0.0000,0.0000
N2,20260227,N2##20260227,0.1566,0.0000,0.0000
N2,20260227,N2##20260227,0.1412,0.7018,0.0000
N2,20260227,N2##20260227,0.1943,3.8400,1.9200
N2,20260227,N2##20260227,0.1462,0.9005,0.6003
N2,20260227,N2##20260227,0.1752,0.0000,1.1356
N2,20260227,N2##20260227,0.1622,6.4171,3.2086
N2,20260227,N2##20260227,0.1439,0.0000,0.0000
N2,20260227,N2##20260227,0.1992,2.4032,1.6021
N2,20260227,N2##20260227,0.1390,0.0000,2.1978
N2,20260227,N2##20260227,0.0859,2.1127,0.0000
N2,20260227,N2##20260227,0.2042,3.4059,1.7029
N2,20260227,N2##20260227,0.1159,3.0706,3.0706
N2,20260227,N2##20260227,0.1693,2.1818,2.1818
N2,20260227,N2##20260227,0.1190,1.5000,1.5000
N2,20260227,N2##20260227,0.1498,0.0000,0.0000
N2,20260227,N2##20260227,0.2043,2.6354,3.5139
N2,20260227,N2##20260227,0.1762,6.8182,0.0000
N2,20260227,N2##20260227,0.1813,0.0000,0.0000
N2,20260227,N2##20260227,0.1076,0.0000,6.1224
N2,20260227,N2##20260227,0.2011,0.0000,0.0000
N2,20260227,N2##20260227,0.1217,0.0000,0.0000
N2,20260227,N2##20260227,0.1437,0.0000,0.0000
N2,20260227,N2##20260227,0.1251,4.2989,3.0706
N2,20260227,N2##20260227,0.1701,0.0000,7.6923
N2,20260227,N2##20260227,0.1128,0.0000,0.0000
N2,20260227,N2##20260227,0.1911,0.0000,2.8037
N2,20260227,N2##20260227,0.1853,0.0000,0.0000
N2,20260227,N2##20260227,0.1306,2.3715,2.3715
N2,20260227,N2##20260227,0.1156,0.0000,0.0000
N2,20260227,N2##20260227,0.1516,0.0000,0.0000
N2,20260227,N2##20260227,0.0983,0.0000,0.0000
N2,20260227,N2##20260227,0.0730,3.3520,0.5587
N2,20260227,N2##20260227,0.2039,3.5294,1.1765
N2,20260227,N2##20260227,0.1571,0.0000,0.0000
N2,20260227,N2##20260227,0.2371,2.6667,0.8889
N2,20260227,N2##20260227,0.1785,0.0000,0.0000
N2,20260227,N2##20260227,0.1079,0.0000,0.0000
N2,20260227,N2##20260227,0.2121,2.4615,0.6154
N2,20260227,N2##20260227,0.2087,0.0000,0.0000
N2,20260227,N2##20260227,0.1795,5.1724,0.0000
N2,20260227,N2##20260227,0.1974,0.0000,0.0000
N2,20260227,N2##20260227,0.1351,0.0000,3.0303
N2,20260227,N2##20260227,0.1780,0.0000,1.0582
N2,20260227,N2##20260227,0.1797,0.0000,2.4194
N2,20260227,N2##20260227,0.1907,0.0000,0.0000
N2,20260227,N2##20260227,0.2212,0.0000,4.6512
N2,20260227,N2##20260227,0.1693,0.0000,0.0000
N2,20260227,N2##20260227,0.1561,0.0000,0.0000
N2,20260227,N2##20260227,0.1820,0.0000,0.0000
N2,20260227,N2##20260227,0.2161,0.0000,0.0000
N2,20260227,N2##20260227,0.1924,0.0000,0.0000
N2,20260227,N2##20260227,0.1713,3.8217,5.7325
N2,20260227,N2##20260227,0.1546,0.0000,1.9169
N2,20260227,N2##20260227,0.1140,16.2162,0.0000
N2,20260227,N2##20260227,0.1358,0.0000,0.0000
N2,20260227,N2##20260227,0.2329,1.9672,0.9836
N2,20260227,N2##20260227,0.1456,0.0000,0.0000
N2,20260227,N2##20260227,0.1902,4.2857,8.5714
N2,20260227,N2##20260227,0.0758,0.0000,0.0000
N2,20260227,N2##20260227,0.2142,0.0000,0.0000
N2,20260227,N2##20260227,0.2138,0.0000,0.0000
N2,20260227,N2##20260227,0.1365,6.1224,12.2449
N2,20260227,N2##20260227,0.2003,0.0000,6.1856
N2,20260227,N2##20260227,0.1771,0.0000,0.0000
N2,20260227,N2##20260227,0.2096,0.0000,0.0000
N2,20260227,N2##20260227,0.1744,0.0000,0.0000
N2,20260227,N2##20260227,0.2037,0.0000,0.0000
N2,20260227,N2##20260227,0.0619,1.6620,3.3241
N2,20260227,N2##20260227,0.1669,0.0000,0.0000
N2,20260227,N2##20260227,0.1833,0.0000,0.0000
N2,20260227,N2##20260227,0.1950,0.0000,0.0000
N2,20260227,N2##20260227,0.2144,0.0000,0.0000
N2,20260227,N2##20260227,0.0892,0.0000,0.0000
N2,20260227,N2##20260227,0.1576,0.0000,0.0000
N2,20260227,N2##20260227,0.2464,2.6549,0.0000
N2,20260227,N2##20260227,0.1197,0.0000,0.0000
N2,20260227,N2##20260227,0.1756,0.0000,0.0000
N2,20260227,N2##20260227,0.1618,0.0000,0.0000
N2,20260227,N2##20260227,0.1435,0.0000,0.0000
N2,20260227,N2##20260227,0.0497,4.5113,9.0226
N2,20260227,N2##20260227,0.1551,0.0000,8.0000
N2,20260227,N2##20260227,0.1719,0.0000,0.0000
N2,20260227,N2##20260227,0.2253,0.0000,0.0000
N2,20260227,N2##20260227,0.1350,0.0000,0.0000
N2,20260227,N2##20260227,0.1750,0.0000,0.0000
N2,20260306,N2##20260306,0.1150,1.9178,1.9178
N2,20260306,N2##20260306,0.1909,13.0435,13.0435
N2,20260306,N2##20260306,0.1186,8.1081,0.0000
N2,20260306,N2##20260306,0.0961,4.5113,3.7594
N2,20260306,N2##20260306,0.1545,3.6364,5.4545
N2,20260306,N2##20260306,0.1927,5.0786,3.6276
N2,20260306,N2##20260306,0.1882,7.0866,2.3622
N2,20260306,N2##20260306,0.1578,0.0000,0.0000
N2,20260306,N2##20260306,0.1760,0.0000,0.0000
N2,20260306,N2##20260306,0.1723,0.0000,0.0000
N2,20260306,N2##20260306,0.1938,2.2959,1.5306
N2,20260306,N2##20260306,,0.0000,15.3846
N2,20260306,N2##20260306,0.1392,0.0000,10.8108
N2,20260306,N2##20260306,0.1427,0.0000,0.0000
N2,20260306,N2##20260306,0.1413,0.0000,0.0000
N2,20260306,N2##20260306,0.0790,11.7647,11.7647
N2,20260306,N2##20260306,0.1475,5.5556,11.1111
N2,20260306,N2##20260306,0.1441,1.6238,2.4357
N2,20260306,N2##20260306,0.0985,0.0000,22.2222
N2,20260306,N2##20260306,,20.0000,40.0000
N2,20260306,N2##20260306,0.1801,0.0000,1.1928
N2,20260306,N2##20260306,0.1444,0.0000,0.0000
N2,20260306,N2##20260306,,20.0000,0.0000
N2,20260306,N2##20260306,0.1124,0.0000,0.0000
N2,20260306,N2##20260306,0.1361,0.0000,13.6364
N2,20260306,N2##20260306,0.1635,2.4948,3.1185
N2,20260306,N2##20260306,0.1561,0.0000,0.0000
N2,20260306,N2##20260306,,0.0000,8.8235
N2,20260306,N2##20260306,0.1732,0.0000,0.0000
N2,20260306,N2##20260306,0.1516,2.6608,1.3304
N2,20260306,N2##20260306,0.0619,22.2222,0.0000
N2,20260306,N2##20260306,0.1129,0.0000,37.5000
N2,20260306,N2##20260306,0.1679,0.0000,0.0000
N2,20260306,N2##20260306,0.1706,0.0000,0.0000
N2,20260306,N2##20260306,,15.3846,15.3846
N2,20260306,N2##20260306,0.1939,0.0000,0.0000
N2,20260306,N2##20260306,0.1657,0.0000,3.0303
N2,20260306,N2##20260306,0.1461,0.0000,3.2967
N2,20260306,N2##20260306,0.1561,0.0000,0.0000
N2,20260306,N2##20260306,0.1767,0.0000,10.3448
N2,20260306,N2##20260306,0.1842,0.0000,0.0000
N2,20260306,N2##20260306,0.1546,0.0000,0.0000
N2,20260306,N2##20260306,0.1272,16.2162,0.0000
N2,20260306,N2##20260306,0.1301,15.0000,15.0000
N2,20260306,N2##20260306,0.1495,0.0000,18.7500
N2,20260306,N2##20260306,0.1062,0.0000,7.6923
N2,20260306,N2##20260306,0.1435,6.1069,3.0534
N2,20260306,N2##20260306,0.1718,0.0000,0.0000
N2,20260306,N2##20260306,0.1559,0.0000,0.0000
N2,20260306,N2##20260306,,0.0000,18.1818
N2,20260306,N2##20260306,0.1461,4.1379,4.1379
N2,20260306,N2##20260306,0.1077,2.2727,2.2727
N2,20260306,N2##20260306,0.1008,0.0000,23.0769
N2,20260306,N2##20260306,0.1127,0.0000,23.0769
N2,20260306,N2##20260306,0.1028,2.9851,5.9701
N2,20260306,N2##20260306,0.0881,48.0000,0.0000
N2,20260306,N2##20260306,0.0726,0.0000,19.3548
N2,20260306,N2##20260306,0.1370,0.0000,8.3333
N2,20260306,N2##20260306,0.1685,0.0000,9.0909
N2,20260306,N2##20260306,0.0978,5.8824,5.8824
N2,20260306,N2##20260306,0.1743,0.0000,0.0000
N2,20260306,N2##20260306,0.1746,3.0151,3.0151
N2,20260306,N2##20260306,0.1525,0.0000,0.0000
N2,20260306,N2##20260306,0.1765,0.0000,0.0000
N2,20260306,N2##20260306,0.1325,1.7822,3.5644
N2,20260306,N2##20260306,0.1655,5.5556,0.0000
N2,20260306,N2##20260306,0.1285,0.0000,4.5802
N2,20260306,N2##20260306,0.1753,0.0000,0.7557
N2,20260306,N2##20260306,0.1640,0.0000,0.0000
N2,20260306,N2##20260306,0.1221,0.0000,0.0000
N2,20260306,N2##20260306,0.1303,0.0000,23.0769
N2,20260306,N2##20260306,0.1693,0.0000,0.0000
N2,20260306,N2##20260306,0.1690,0.0000,0.0000
N2,20260306,N2##20260306,0.0668,16.6667,16.6667
N2,20260306,N2##20260306,0.1974,0.0000,0.0000
N2,20260306,N2##20260306,0.1760,0.0000,0.0000
N2,20260306,N2##20260306,0.1605,0.0000,0.0000
N2,20260306,N2##20260306,0.2043,0.0000,0.0000
N2,20260306,N2##20260306,0.1635,0.0000,0.0000
N2,20260306,N2##20260306,0.1679,0.0000,0.0000
N2,20260306,N2##20260306,0.1352,0.0000,0.0000
N2,20260307,N2##20260307,0.1373,1.9108,1.9108
N2,20260307,N2##20260307,0.2008,3.9012,7.8023
N2,20260307,N2##20260307,0.1398,0.0000,0.0000
N2,20260307,N2##20260307,0.0831,0.7823,3.1291
N2,20260307,N2##20260307,0.1740,0.0000,1.8634
N2,20260307,N2##20260307,0.1323,0.0000,0.0000
N2,20260307,N2##20260307,0.1061,0.0000,24.4898
N2,20260307,N2##20260307,0.1484,0.0000,7.5472
N2,20260307,N2##20260307,0.1698,0.0000,7.7922
N2,20260307,N2##20260307,0.1556,15.0000,15.0000
N2,20260307,N2##20260307,0.1597,11.3208,5.6604
N2,20260307,N2##20260307,0.0849,0.0000,5.5814
N2,20260307,N2##20260307,0.1743,0.0000,0.0000
N2,20260307,N2##20260307,0.1158,0.0000,42.8571
N2,20260307,N2##20260307,0.0673,0.0000,17.6471
N2,20260307,N2##20260307,0.1413,0.0000,0.0000
N2,20260307,N2##20260307,0.1842,0.0000,5.3097
N2,20260307,N2##20260307,0.1720,0.0000,12.2449
N2,20260307,N2##20260307,0.1303,9.5238,9.5238
N2,20260307,N2##20260307,,0.0000,23.0769
N2,20260307,N2##20260307,0.1196,0.0000,0.0000
N2,20260307,N2##20260307,0.1282,0.0000,0.0000
N2,20260307,N2##20260307,0.0851,0.0000,42.8571
N2,20260307,N2##20260307,0.1480,0.0000,0.0000
N2,20260307,N2##20260307,0.1735,0.0000,0.0000
N2,20260307,N2##20260307,0.2024,10.1695,0.0000
N2,20260307,N2##20260307,0.1740,8.8235,0.0000
N2,20260307,N2##20260307,0.0917,4.8000,14.4000
N2,20260307,N2##20260307,0.1502,0.0000,17.6471
N2,20260307,N2##20260307,0.1890,0.0000,16.2162
N2,20260307,N2##20260307,0.1862,0.0000,25.0000
N2,20260307,N2##20260307,0.1620,0.0000,7.1429
N2,20260307,N2##20260307,0.1692,0.0000,2.9412
N2,20260307,N2##20260307,0.2071,0.0000,0.0000
N2,20260307,N2##20260307,0.1365,0.0000,0.0000
N2,20260307,N2##20260307,0.2145,0.0000,0.0000
N2,20260307,N2##20260307,0.1292,0.0000,0.0000
N2,20260307,N2##20260307,0.1377,0.0000,0.0000
N2,20260307,N2##20260307,0.0897,1.7045,5.9659
N2,20260307,N2##20260307,0.1778,3.0928,0.0000
N2,20260307,N2##20260307,0.1315,0.0000,22.2222
N2,20260307,N2##20260307,0.2016,2.2222,0.0000
N2,20260307,N2##20260307,0.1159,3.3520,2.3943
N2,20260307,N2##20260307,0.1176,0.0000,0.0000
N2,20260307,N2##20260307,0.1148,0.0000,25.5319
N2,20260307,N2##20260307,0.0595,6.6667,4.4444
N2,20260307,N2##20260307,0.0527,5.8394,0.0000
N2,20260307,N2##20260307,0.1689,0.0000,12.0000
N2,20260307,N2##20260307,0.0920,2.5532,7.6596
N2,20260307,N2##20260307,0.1619,0.0000,8.9552
N2,20260307,N2##20260307,0.1187,0.0000,0.0000
N2,20260307,N2##20260307,0.0556,6.6667,0.0000
N2,20260307,N2##20260307,,0.0000,20.0000
N2,20260307,N2##20260307,0.1785,0.0000,22.3881
N2,20260307,N2##20260307,0.0818,0.0000,0.0000
N2,20260307,N2##20260307,0.0394,0.0000,0.0000
N2,20260307,N2##20260307,0.0919,0.0000,12.4567
N2,20260307,N2##20260307,0.0503,14.6640,0.0000
N2,20260307,N2##20260307,0.1772,0.0000,0.0000
N2,20260307,N2##20260307,0.0416,0.0000,0.0000
N2,20260307,N2##20260307,0.0487,9.5238,0.0000
N2,20260307,N2##20260307,0.1945,0.0000,0.0000
N2,20260307,N2##20260307,0.0735,0.0000,0.0000
N2,20260307,N2##20260307,0.0790,0.0000,0.0000
N2,20260307,N2##20260307,0.0512,0.0000,0.0000
N2,20260307,N2##20260307,0.0983,0.0000,0.0000
N2,20260307,N2##20260307,0.1856,0.0000,0.0000
N2,20260307,N2##20260307,0.1555,0.0000,0.0000
T10C6.6,20260126,T10C6.6##20260126,0.1167,2.6345,2.9638
T10C6.6,20260126,T10C6.6##20260126,0.0937,0.0000,0.0000
T10C6.6,20260126,T10C6.6##20260126,0.1128,0.0000,0.0000
T10C6.6,20260126,T10C6.6##20260126,0.1413,0.0000,2.5424
T10C6.6,20260126,T10C6.6##20260126,0.1429,0.0000,0.0000
T10C6.6,20260126,T10C6.6##20260126,0.0882,0.0000,0.0000
T10C6.6,20260126,T10C6.6##20260126,0.0916,0.0000,5.9333
T10C6.6,20260126,T10C6.6##20260126,0.1168,0.0000,0.9023
T10C6.6,20260126,T10C6.6##20260126,0.0852,0.0000,1.4347
T10C6.6,20260126,T10C6.6##20260126,0.1148,0.0000,0.0000
T10C6.6,20260126,T10C6.6##20260126,0.1429,0.0000,0.0000
T10C6.6,20260126,T10C6.6##20260126,0.1127,0.0000,0.0000
T10C6.6,20260126,T10C6.6##20260126,0.0864,1.4269,0.7134
T10C6.6,20260126,T10C6.6##20260126,0.1174,0.0000,0.0000
T10C6.6,20260126,T10C6.6##20260126,0.0941,0.3322,0.3322
T10C6.6,20260126,T10C6.6##20260126,0.1286,1.3889,1.3889
T10C6.6,20260126,T10C6.6##20260126,0.1394,0.0000,0.0000
T10C6.6,20260126,T10C6.6##20260126,0.1364,5.9603,13.9073
T10C6.6,20260126,T10C6.6##20260126,0.0891,0.0000,2.8731
T10C6.6,20260126,T10C6.6##20260126,0.1371,0.0000,0.0000
T10C6.6,20260126,T10C6.6##20260126,0.1142,0.0000,0.9231
T10C6.6,20260126,T10C6.6##20260126,0.0978,0.0000,0.0000
T10C6.6,20260126,T10C6.6##20260126,0.1337,19.3548,19.3548
T10C6.6,20260126,T10C6.6##20260126,0.0686,3.6238,5.1769
T10C6.6,20260126,T10C6.6##20260126,0.0913,0.0000,19.7802
T10C6.6,20260126,T10C6.6##20260126,0.1187,0.0000,0.0000
T10C6.6,20260126,T10C6.6##20260126,0.1215,0.0000,0.6356
T10C6.6,20260126,T10C6.6##20260126,0.1284,0.0000,0.8929
T10C6.6,20260126,T10C6.6##20260126,0.1142,0.0000,0.0000
T10C6.6,20260126,T10C6.6##20260126,0.0727,0.0000,10.5263
T10C6.6,20260126,T10C6.6##20260126,0.1035,0.0000,1.5625
T10C6.6,20260126,T10C6.6##20260126,0.0820,4.8193,2.4096
T10C6.6,20260126,T10C6.6##20260126,0.1125,0.0000,0.0000
T10C6.6,20260126,T10C6.6##20260126,0.1057,0.0000,0.0000
T10C6.6,20260126,T10C6.6##20260126,0.1460,0.0000,0.0000
T10C6.6,20260126,T10C6.6##20260126,0.1235,0.0000,0.0000
T10C6.6,20260126,T10C6.6##20260126,0.0984,0.0000,0.0000
T10C6.6,20260126,T10C6.6##20260126,0.1007,0.0000,0.0000
T10C6.6,20260128,T10C6.6##20260128,0.0710,2.2514,6.7542
T10C6.6,20260128,T10C6.6##20260128,0.0535,0.0000,0.0000
T10C6.6,20260128,T10C6.6##20260128,0.0654,0.7712,6.9409
T10C6.6,20260128,T10C6.6##20260128,0.0724,3.5928,4.7904
T10C6.6,20260128,T10C6.6##20260128,0.0761,0.5004,6.2552
T10C6.6,20260128,T10C6.6##20260128,0.0840,0.0000,4.9383
T10C6.6,20260128,T10C6.6##20260128,0.0878,0.0000,13.8249
T10C6.6,20260128,T10C6.6##20260128,0.0533,4.1635,4.6261
T10C6.6,20260128,T10C6.6##20260128,0.0673,0.0000,0.0000
T10C6.6,20260128,T10C6.6##20260128,0.0807,0.0000,20.0000
T10C6.6,20260128,T10C6.6##20260128,0.0852,0.0000,10.5978
T10C6.6,20260128,T10C6.6##20260128,0.0727,0.0000,7.5949
T10C6.6,20260128,T10C6.6##20260128,0.0660,0.0000,9.3385
T10C6.6,20260128,T10C6.6##20260128,0.0642,0.5076,3.5533
T10C6.6,20260128,T10C6.6##20260128,0.0729,0.0000,18.4615
T10C6.6,20260128,T10C6.6##20260128,0.0831,0.6818,11.5909
T10C6.6,20260128,T10C6.6##20260128,0.0698,2.1248,13.0146
T10C6.6,20260128,T10C6.6##20260128,0.0750,0.7299,2.9197
T10C6.6,20260128,T10C6.6##20260128,0.0997,5.5556,0.0000
T10C6.6,20260128,T10C6.6##20260128,0.0655,0.0000,46.1538
T10C6.6,20260128,T10C6.6##20260128,0.0862,0.0000,12.1827
T10C6.6,20260128,T10C6.6##20260128,0.0771,0.0000,15.4506
T10C6.6,20260128,T10C6.6##20260128,0.0638,3.7975,0.9494
T10C6.6,20260128,T10C6.6##20260128,0.0630,0.0000,20.0000
T10C6.6,20260128,T10C6.6##20260128,0.0602,0.0000,0.0000
T10C6.6,20260128,T10C6.6##20260128,0.0656,0.0000,0.0000
T10C6.6,20260128,T10C6.6##20260128,0.0630,2.4077,2.4077
T10C6.6,20260128,T10C6.6##20260128,0.1063,0.0000,26.0870
T10C6.6,20260128,T10C6.6##20260128,0.0821,2.8481,7.5949
T10C6.6,20260128,T10C6.6##20260128,0.0462,0.0000,9.0909
T10C6.6,20260128,T10C6.6##20260128,0.0445,0.0000,18.7500
T10C6.6,20260128,T10C6.6##20260128,0.0932,0.0000,0.0000
T10C6.6,20260128,T10C6.6##20260128,0.0933,0.0000,1.7673
T10C6.6,20260128,T10C6.6##20260128,0.0606,2.3810,0.0000
T10C6.6,20260128,T10C6.6##20260128,0.0471,7.3171,0.0000
T10C6.6,20260128,T10C6.6##20260128,0.1011,0.0000,0.0000
T10C6.6,20260128,T10C6.6##20260128,0.0651,0.0000,0.0000
T10C6.6,20260128,T10C6.6##20260128,0.0680,0.0000,46.1538
T10C6.6,20260128,T10C6.6##20260128,0.0655,8.8235,0.0000
T10C6.6,20260128,T10C6.6##20260128,,20.6897,0.0000
T10C6.6,20260128,T10C6.6##20260128,0.0795,0.0000,10.4046
T10C6.6,20260128,T10C6.6##20260128,0.0840,0.0000,0.0000
T10C6.6,20260128,T10C6.6##20260128,0.0909,0.0000,19.6721
T10C6.6,20260128,T10C6.6##20260128,0.0646,4.6012,0.9202
T10C6.6,20260128,T10C6.6##20260128,0.0515,0.0000,0.0000
T10C6.6,20260128,T10C6.6##20260128,0.0855,0.0000,0.0000
T10C6.6,20260128,T10C6.6##20260128,0.0901,0.0000,13.3333
T10C6.6,20260128,T10C6.6##20260128,0.0738,0.0000,0.0000
T10C6.6,20260128,T10C6.6##20260128,0.0842,0.0000,18.4615
T10C6.6,20260128,T10C6.6##20260128,0.0431,0.0000,0.0000
T10C6.6,20260128,T10C6.6##20260128,0.0704,0.0000,0.0000
T10C6.6,20260128,T10C6.6##20260128,0.0582,3.2200,3.2200
T10C6.6,20260128,T10C6.6##20260128,0.0724,0.0000,17.3077
T10C6.6,20260128,T10C6.6##20260128,0.0830,0.0000,0.0000
T10C6.6,20260128,T10C6.6##20260128,0.0806,0.7538,0.0000
T10C6.6,20260128,T10C6.6##20260128,0.0984,0.0000,14.7541
T10C6.6,20260128,T10C6.6##20260128,0.0632,2.7397,5.4795
T10C6.6,20260128,T10C6.6##20260128,0.0995,0.0000,0.0000
T10C6.6,20260128,T10C6.6##20260128,0.0684,0.0000,0.0000
T10C6.6,20260128,T10C6.6##20260128,0.0731,7.6070,0.0000
T10C6.6,20260128,T10C6.6##20260128,0.0613,0.0000,1.7192
T10C6.6,20260128,T10C6.6##20260128,0.0771,0.0000,0.0000
T10C6.6,20260128,T10C6.6##20260128,0.0792,0.0000,23.0769
T10C6.6,20260128,T10C6.6##20260128,0.0886,0.0000,1.9544
T10C6.6,20260128,T10C6.6##20260128,0.0627,0.0000,0.0000
T10C6.6,20260128,T10C6.6##20260128,0.0425,0.0000,18.1818
T10C6.6,20260128,T10C6.6##20260128,0.0811,0.0000,12.1324
T10C6.6,20260128,T10C6.6##20260128,0.0745,0.0000,1.4981
T10C6.6,20260128,T10C6.6##20260128,0.0875,0.0000,26.0870
T10C6.6,20260128,T10C6.6##20260128,0.1024,0.0000,35.2941
T10C6.6,20260128,T10C6.6##20260128,0.0653,0.0000,0.0000
T10C6.6,20260128,T10C6.6##20260128,0.0959,0.0000,21.6867
T10C6.6,20260128,T10C6.6##20260128,0.0830,0.0000,18.7500
T10C6.6,20260128,T10C6.6##20260128,0.0421,0.0000,20.6897
T10C6.6,20260128,T10C6.6##20260128,0.0975,13.6364,13.6364
T10C6.6,20260128,T10C6.6##20260128,0.0917,5.7143,5.7143
T10C6.6,20260128,T10C6.6##20260128,0.0679,0.0000,5.3097
T10C6.6,20260128,T10C6.6##20260128,0.0811,0.0000,35.2941
T10C6.6,20260128,T10C6.6##20260128,0.0804,0.0000,13.0435
T10C6.6,20260128,T10C6.6##20260128,0.0761,0.0000,38.2979
T10C6.6,20260128,T10C6.6##20260128,0.1015,0.0000,24.6575
T10C6.6,20260128,T10C6.6##20260128,0.0819,4.3902,4.3902
T10C6.6,20260128,T10C6.6##20260128,0.0920,0.0000,1.4184
T10C6.6,20260128,T10C6.6##20260128,0.0804,3.0928,12.3711
T10C6.6,20260128,T10C6.6##20260128,0.0713,13.2353,4.4118
T10C6.6,20260128,T10C6.6##20260128,0.0867,0.0000,10.2564
T10C6.6,20260128,T10C6.6##20260128,0.0680,0.0000,1.6484
T10C6.6,20260128,T10C6.6##20260128,0.0985,0.0000,4.9180
T10C6.6,20260128,T10C6.6##20260128,0.0713,0.0000,11.9403
T10C6.6,20260128,T10C6.6##20260128,0.0538,0.0000,5.5300
T10C6.6,20260128,T10C6.6##20260128,0.0832,0.0000,6.5217
T10C6.6,20260128,T10C6.6##20260128,0.1145,0.0000,12.1212
T10C6.6,20260128,T10C6.6##20260128,0.0707,8.3333,0.0000
T10C6.6,20260129,T10C6.6##20260129,0.0708,0.0000,2.1505
T10C6.6,20260129,T10C6.6##20260129,0.0761,0.0000,9.4340
T10C6.6,20260129,T10C6.6##20260129,0.0456,6.6105,2.3331
T10C6.6,20260129,T10C6.6##20260129,0.0722,0.0000,0.0000
T10C6.6,20260129,T10C6.6##20260129,0.0768,0.0000,0.0000
T10C6.6,20260129,T10C6.6##20260129,0.0783,0.0000,0.0000
T10C6.6,20260129,T10C6.6##20260129,0.2125,0.0000,0.0000
T10C6.6,20260129,T10C6.6##20260129,0.1012,0.0000,0.0000
T10C6.6,20260129,T10C6.6##20260129,0.0558,4.0878,6.8130
T10C6.6,20260129,T10C6.6##20260129,0.0793,0.9494,2.8481
T10C6.6,20260129,T10C6.6##20260129,0.1386,0.0000,0.0000
T10C6.6,20260129,T10C6.6##20260129,0.1042,0.0000,0.0000
T10C6.6,20260129,T10C6.6##20260129,0.0562,4.5802,2.2901
T10C6.6,20260129,T10C6.6##20260129,0.0556,0.0000,0.0000
T10C6.6,20260129,T10C6.6##20260129,0.1562,0.0000,0.0000
T10C6.6,20260129,T10C6.6##20260129,0.1066,0.0000,3.6145
T10C6.6,20260129,T10C6.6##20260129,0.0924,0.0000,0.0000
T10C6.6,20260129,T10C6.6##20260129,0.0846,0.0000,0.0000
T10C6.6,20260129,T10C6.6##20260129,0.1004,0.0000,0.0000
T10C6.6,20260129,T10C6.6##20260129,0.1144,0.0000,4.4776
T10C6.6,20260129,T10C6.6##20260129,0.1120,0.0000,0.0000
T10C6.6,20260129,T10C6.6##20260129,0.0487,9.0909,0.0000
T10C6.6,20260129,T10C6.6##20260129,0.0777,0.4258,0.4258
T10C6.6,20260129,T10C6.6##20260129,0.0851,0.4644,3.7152
T10C6.6,20260129,T10C6.6##20260129,0.0688,0.0000,0.0000
T10C6.6,20260129,T10C6.6##20260129,0.1210,0.0000,0.0000
T10C6.6,20260129,T10C6.6##20260129,0.0744,1.9108,3.8217
T10C6.6,20260129,T10C6.6##20260129,0.1273,0.0000,0.0000
T10C6.6,20260129,T10C6.6##20260129,0.1337,0.0000,0.0000
T10C6.6,20260129,T10C6.6##20260129,0.1108,0.0000,0.0000
T10C6.6,20260129,T10C6.6##20260129,0.0773,0.0000,0.0000
T10C6.6,20260129,T10C6.6##20260129,0.1252,0.0000,0.0000
T10C6.6,20260129,T10C6.6##20260129,0.0844,3.9604,3.9604
T10C6.6,20260129,T10C6.6##20260129,0.0999,2.2901,0.0000
T10C6.6,20260129,T10C6.6##20260129,0.0784,4.1958,4.1958
T10C6.6,20260129,T10C6.6##20260129,0.0525,9.9896,0.6243
T10C6.6,20260129,T10C6.6##20260129,0.1861,0.0000,0.0000
T10C6.6,20260129,T10C6.6##20260129,0.0539,0.0000,6.0000
T10C6.6,20260129,T10C6.6##20260129,0.0823,0.0000,0.0000
T10C6.6,20260129,T10C6.6##20260129,0.1584,0.0000,3.7037
T10C6.6,20260129,T10C6.6##20260129,0.1283,0.0000,0.0000
T10C6.6,20260129,T10C6.6##20260129,0.0896,0.0000,0.0000
T10C6.6,20260129,T10C6.6##20260129,0.1010,0.0000,5.5046
T10C6.6,20260129,T10C6.6##20260129,0.0609,6.2593,1.7884
T10C6.6,20260129,T10C6.6##20260129,0.1521,0.0000,0.0000
T10C6.6,20260129,T10C6.6##20260129,0.0930,0.0000,2.0408
T10C6.6,20260129,T10C6.6##20260129,0.0601,12.2449,0.0000
T10C6.6,20260129,T10C6.6##20260129,0.1072,0.0000,14.6341
T10C6.6,20260129,T10C6.6##20260129,0.0644,0.0000,18.4615
T10C6.6,20260129,T10C6.6##20260129,0.1052,0.0000,0.0000
T10C6.6,20260129,T10C6.6##20260129,0.0684,0.0000,0.0000
T10C6.6,20260129,T10C6.6##20260129,0.1357,0.0000,0.0000
T10C6.6,20260129,T10C6.6##20260129,0.0781,0.0000,0.0000
T10C6.6,20260129,T10C6.6##20260129,0.1158,0.0000,0.0000
T10C6.6,20260129,T10C6.6##20260129,0.0807,0.0000,2.7778
T10C6.6,20260129,T10C6.6##20260129,0.0489,5.5556,0.0000
T10C6.6,20260129,T10C6.6##20260129,0.0988,0.0000,0.0000
T10C6.6,20260129,T10C6.6##20260129,0.0821,0.0000,15.5844
ser-2,20260217,ser-2##20260217,0.1999,0.0000,0.0000
ser-2,20260217,ser-2##20260217,0.1397,7.9755,4.2945
ser-2,20260217,ser-2##20260217,0.0925,3.4335,0.0000
ser-2,20260217,ser-2##20260217,0.1413,1.2270,1.8405
ser-2,20260217,ser-2##20260217,0.0756,10.0000,2.2500
ser-2,20260217,ser-2##20260217,0.1802,1.5496,0.6198
ser-2,20260217,ser-2##20260217,0.2198,0.0000,0.0000
ser-2,20260217,ser-2##20260217,0.1447,0.0000,0.0000
ser-2,20260217,ser-2##20260217,0.1319,0.0000,0.0000
ser-2,20260217,ser-2##20260217,0.0983,17.6471,0.0000
ser-2,20260217,ser-2##20260217,0.1122,0.0000,0.0000
ser-2,20260217,ser-2##20260217,0.0890,1.8917,4.7294
ser-2,20260217,ser-2##20260217,0.1650,0.0000,0.0000
ser-2,20260217,ser-2##20260217,0.0756,6.7039,0.3352
ser-2,20260217,ser-2##20260217,0.1860,8.4112,8.4112
ser-2,20260217,ser-2##20260217,0.1131,1.4201,0.0000
ser-2,20260217,ser-2##20260217,0.1369,0.0000,0.0000
ser-2,20260217,ser-2##20260217,0.1638,0.8740,1.3110
ser-2,20260217,ser-2##20260217,0.1129,7.1571,1.1928
ser-2,20260217,ser-2##20260217,0.1796,0.0000,0.0000
ser-2,20260217,ser-2##20260217,0.1267,0.0000,0.0000
ser-2,20260217,ser-2##20260217,0.1605,3.6232,4.3478
ser-2,20260217,ser-2##20260217,0.1631,2.4557,0.0000
ser-2,20260217,ser-2##20260217,0.0731,5.4920,0.0000
ser-2,20260217,ser-2##20260217,0.0647,3.1250,0.0000
ser-2,20260217,ser-2##20260217,0.1685,3.1250,3.1250
ser-2,20260217,ser-2##20260217,0.1359,0.0000,0.0000
ser-2,20260217,ser-2##20260217,0.0991,0.0000,0.0000
ser-2,20260217,ser-2##20260217,0.1894,0.0000,0.0000
ser-2,20260217,ser-2##20260217,0.1719,0.0000,0.0000
ser-2,20260218,ser-2##20260218,0.1620,0.0000,0.0000
ser-2,20260218,ser-2##20260218,0.1943,0.0000,0.0000
ser-2,20260218,ser-2##20260218,0.1562,0.0000,0.0000
ser-2,20260218,ser-2##20260218,0.1607,4.3165,4.3165
ser-2,20260218,ser-2##20260218,0.1797,0.0000,0.0000
ser-2,20260218,ser-2##20260218,0.1660,0.0000,0.0000
ser-2,20260218,ser-2##20260218,0.1502,0.0000,0.0000
ser-2,20260218,ser-2##20260218,0.1694,0.0000,0.0000
ser-2,20260218,ser-2##20260218,0.1507,0.0000,0.0000
ser-2,20260218,ser-2##20260218,0.1803,0.0000,0.0000
ser-2,20260218,ser-2##20260218,0.1403,0.0000,1.9098
ser-2,20260218,ser-2##20260218,0.1843,0.0000,1.7804
ser-2,20260218,ser-2##20260218,0.1967,8.8235,5.2941
ser-2,20260218,ser-2##20260218,0.1416,1.8680,0.7472
ser-2,20260218,ser-2##20260218,0.1245,1.0610,3.1830
ser-2,20260218,ser-2##20260218,0.0969,0.0000,5.9055
ser-2,20260218,ser-2##20260218,0.1709,3.2569,1.0856
ser-2,20260218,ser-2##20260218,0.1774,0.0000,0.0000
ser-2,20260218,ser-2##20260218,0.1638,2.4590,2.4590
ser-2,20260218,ser-2##20260218,0.1727,0.0000,0.0000
ser-2,20260218,ser-2##20260218,0.1528,0.0000,0.0000
ser-2,20260218,ser-2##20260218,0.1530,1.9262,1.9262
ser-2,20260218,ser-2##20260218,0.1396,0.0000,0.0000
ser-2,20260218,ser-2##20260218,0.1879,0.0000,0.0000
ser-2,20260218,ser-2##20260218,0.1541,0.0000,1.1719
ser-2,20260218,ser-2##20260218,0.1104,0.0000,0.0000
ser-2,20260218,ser-2##20260218,0.1350,0.0000,0.0000
ser-2,20260218,ser-2##20260218,0.1718,0.0000,0.0000
ser-2,20260218,ser-2##20260218,0.1388,0.0000,0.0000
ser-2,20260218,ser-2##20260218,0.1481,0.6667,0.6667
ser-2,20260218,ser-2##20260218,0.1610,0.0000,0.0000
ser-2,20260218,ser-2##20260218,0.1846,0.0000,0.0000
ser-2,20260218,ser-2##20260218,0.1659,4.0268,5.3691
ser-2,20260218,ser-2##20260218,0.1849,1.0582,0.0000
ser-2,20260218,ser-2##20260218,0.1819,0.4724,0.9449
ser-2,20260218,ser-2##20260218,0.1594,3.2086,1.9251
ser-2,20260218,ser-2##20260218,0.1507,2.8169,0.0000
ser-2,20260218,ser-2##20260218,0.1490,2.1314,1.0657
ser-2,20260218,ser-2##20260218,0.1496,0.7299,0.7299
ser-2,20260218,ser-2##20260218,0.1487,3.9604,4.9505
ser-2,20260218,ser-2##20260218,0.1875,0.0000,0.0000
ser-2,20260218,ser-2##20260218,0.1400,0.0000,0.0000
ser-2,20260218,ser-2##20260218,0.1505,0.0000,0.0000
ser-2,20260218,ser-2##20260218,0.1925,0.0000,0.0000
ser-2,20260218,ser-2##20260218,0.1615,0.0000,0.0000
ser-2,20260218,ser-2##20260218,0.1761,0.0000,0.0000
ser-2,20260218,ser-2##20260218,0.1817,2.4096,2.4096
ser-2,20260218,ser-2##20260218,0.1927,1.1070,1.1070
ser-2,20260218,ser-2##20260218,0.1443,0.0000,0.9419
ser-2,20260218,ser-2##20260218,0.1404,0.0000,0.0000
ser-2,20260218,ser-2##20260218,0.1823,2.2642,0.5660
ser-2,20260218,ser-2##20260218,0.1503,0.0000,0.0000
ser-2,20260218,ser-2##20260218,0.1713,3.5398,1.1799
ser-2,20260218,ser-2##20260218,0.1480,0.0000,0.0000
ser-2,20260218,ser-2##20260218,0.1924,1.7910,1.7910
ser-2,20260218,ser-2##20260218,0.1846,0.0000,0.0000
ser-2,20260218,ser-2##20260218,0.1597,2.3968,1.5979
ser-2,20260218,ser-2##20260218,0.1986,0.0000,0.0000
ser-2,20260218,ser-2##20260218,0.1393,0.7299,0.0000
ser-2,20260218,ser-2##20260218,0.1746,1.6129,2.4194
ser-2,20260218,ser-2##20260218,0.1601,0.0000,1.1696
ser-2,20260218,ser-2##20260218,0.1519,0.0000,0.0000
ser-2,20260218,ser-2##20260218,0.1853,0.0000,4.0956
ser-2,20260218,ser-2##20260218,0.1300,0.0000,0.0000
ser-2,20260218,ser-2##20260218,0.1596,0.0000,0.0000
ser-2,20260218,ser-2##20260218,0.1953,0.0000,0.0000
ser-2,20260218,ser-2##20260218,0.1755,0.0000,0.0000
ser-2,20260218,ser-2##20260218,0.1050,0.0000,0.0000
ser-2,20260218,ser-2##20260218,0.1191,3.8217,3.8217
ser-2,20260218,ser-2##20260218,0.1332,0.0000,0.0000
ser-2,20260218,ser-2##20260218,0.1746,0.0000,0.0000
ser-2,20260218,ser-2##20260218,0.1387,0.0000,2.0000
ser-2,20260218,ser-2##20260218,0.1797,0.0000,0.0000
ser-2,20260218,ser-2##20260218,0.1848,0.0000,0.0000
ser-2,20260218,ser-2##20260218,0.1451,2.4793,0.0000
ser-2,20260218,ser-2##20260218,0.1572,0.0000,0.0000
ser-2,20260218,ser-2##20260218,0.1676,3.5191,1.7595
ser-2,20260218,ser-2##20260218,0.1853,0.0000,0.0000
ser-2,20260218,ser-2##20260218,0.2223,0.0000,0.0000
ser-2,20260218,ser-2##20260218,0.1578,0.0000,0.0000
ser-2,20260218,ser-2##20260218,0.1908,0.0000,0.0000
ser-2,20260218,ser-2##20260218,0.1288,0.0000,0.0000
ser-2,20260218,ser-2##20260218,0.1476,0.0000,0.0000
ser-2,20260219,ser-2##20260219,0.1264,8.0000,0.0000
ser-2,20260219,ser-2##20260219,0.1061,3.4483,0.0000
ser-2,20260219,ser-2##20260219,0.1022,0.0000,0.0000
ser-2,20260219,ser-2##20260219,0.1934,0.0000,0.0000
ser-2,20260219,ser-2##20260219,0.2391,0.0000,0.0000
ser-2,20260219,ser-2##20260219,0.2509,0.0000,1.3652
ser-2,20260219,ser-2##20260219,0.1957,0.0000,0.0000
ser-2,20260219,ser-2##20260219,0.1857,0.8097,0.0000
ser-2,20260219,ser-2##20260219,0.1961,0.0000,1.3793
ser-2,20260219,ser-2##20260219,0.1554,0.0000,11.0260
ser-2,20260219,ser-2##20260219,0.1371,0.0000,0.0000
ser-2,20260219,ser-2##20260219,0.1817,0.0000,6.1644
ser-2,20260219,ser-2##20260219,0.1851,0.0000,0.0000
ser-2,20260219,ser-2##20260219,0.1588,0.0000,0.0000
ser-2,20260219,ser-2##20260219,0.1389,4.0000,0.8000
ser-2,20260219,ser-2##20260219,0.1840,0.0000,2.3810
ser-2,20260219,ser-2##20260219,0.1649,0.9434,3.7736
ser-2,20260219,ser-2##20260219,0.2194,0.0000,0.0000
ser-2,20260219,ser-2##20260219,0.1198,0.0000,0.0000
ser-2,20260219,ser-2##20260219,0.1471,2.3256,0.0000
ser-2,20260219,ser-2##20260219,0.2401,0.0000,0.0000
ser-2,20260219,ser-2##20260219,0.1993,0.0000,0.0000
ser-2,20260219,ser-2##20260219,0.2385,0.0000,0.0000
ser-2,20260219,ser-2##20260219,0.1612,1.0239,0.0000
ser-2,20260219,ser-2##20260219,0.2026,0.0000,0.0000
ser-2,20260219,ser-2##20260219,0.1527,9.6774,0.0000
ser-2,20260219,ser-2##20260219,0.1673,0.7203,0.0000
ser-2,20260219,ser-2##20260219,0.2093,0.0000,0.0000
ser-2,20260219,ser-2##20260219,0.2049,0.0000,0.0000
ser-2,20260219,ser-2##20260219,0.3316,0.0000,0.0000
ser-2,20260219,ser-2##20260219,0.1298,0.8721,2.6163
ser-2,20260219,ser-2##20260219,0.2269,8.5714,8.5714
ser-2,20260219,ser-2##20260219,0.1888,0.0000,0.0000
ser-2,20260219,ser-2##20260219,0.1552,0.0000,0.0000
ser-2,20260219,ser-2##20260219,0.2280,3.2432,4.8649
ser-2,20260219,ser-2##20260219,0.1527,0.5874,1.1747
ser-2,20260219,ser-2##20260219,0.1682,0.0000,0.0000
ser-2,20260219,ser-2##20260219,0.1556,2.2727,4.5455
ser-2,20260219,ser-2##20260219,0.2011,0.0000,0.7353
ser-2,20260219,ser-2##20260219,0.2240,0.0000,0.0000
ser-2,20260219,ser-2##20260219,0.0973,3.8710,3.8710
ser-2,20260219,ser-2##20260219,0.0924,0.0000,0.0000
ser-2,20260219,ser-2##20260219,0.1632,0.0000,0.0000
ser-2,20260219,ser-2##20260219,0.1470,2.0548,2.0548
ser-2,20260219,ser-2##20260219,0.1668,2.7907,5.5814
ser-2,20260219,ser-2##20260219,0.1648,0.0000,0.0000
ser-2,20260219,ser-2##20260219,0.1542,0.0000,0.0000
ser-2,20260219,ser-2##20260219,0.1928,0.0000,0.0000
ser-2,20260219,ser-2##20260219,0.0884,0.0000,0.0000
ser-2,20260219,ser-2##20260219,0.0809,8.8235,0.0000
ser-2,20260219,ser-2##20260219,0.1861,0.0000,0.0000
ser-2,20260219,ser-2##20260219,0.2098,0.0000,0.0000
ser-2,20260219,ser-2##20260219,0.1261,2.5751,2.5751
ser-2,20260219,ser-2##20260219,0.1853,0.0000,0.0000
ser-2,20260219,ser-2##20260219,0.1499,0.0000,3.1579
ser-2,20260219,ser-2##20260219,0.1637,0.0000,0.0000
ser-2,20260219,ser-2##20260219,0.1698,0.0000,2.2989
ser-2,20260219,ser-2##20260219,0.2282,0.0000,0.0000
ser-2,20260219,ser-2##20260219,0.1323,1.0619,1.0619
ser-2,20260219,ser-2##20260219,0.2407,0.0000,0.0000
ser-2,20260219,ser-2##20260219,0.1739,5.0847,1.6949
ser-2,20260219,ser-2##20260219,0.1678,0.0000,1.8490
ser-2,20260219,ser-2##20260219,0.2342,7.8947,0.0000
ser-2,20260219,ser-2##20260219,0.1259,0.0000,3.0151
ser-2,20260219,ser-2##20260219,0.1811,0.0000,0.0000
ser-2,20260219,ser-2##20260219,0.1668,3.9056,2.9292
ser-2,20260219,ser-2##20260219,0.1742,1.7804,0.0000
ser-2,20260219,ser-2##20260219,0.1664,9.2308,0.0000
ser-2,20260219,ser-2##20260219,0.1702,0.0000,2.2642
ser-2,20260219,ser-2##20260219,0.1280,0.0000,11.1111
ser-2,20260219,ser-2##20260219,0.1558,5.9801,5.9801
ser-2,20260219,ser-2##20260219,0.1800,0.0000,0.0000
ser-2,20260219,ser-2##20260219,0.1709,0.0000,0.0000
ser-2,20260219,ser-2##20260219,0.1861,1.8293,0.0000
ser-2,20260219,ser-2##20260219,0.2090,2.7523,0.0000
ser-2,20260219,ser-2##20260219,0.1248,3.5503,7.1006
ser-2,20260219,ser-2##20260219,0.2249,0.0000,0.0000
ser-2,20260219,ser-2##20260219,0.1312,0.0000,0.0000
ser-2,20260219,ser-2##20260219,0.2536,0.0000,0.0000
ser-2,20260219,ser-2##20260219,0.0473,0.0000,0.0000
ser-2,20260219,ser-2##20260219,0.1943,0.0000,0.0000
ser-2,20260219,ser-2##20260219,0.2324,0.0000,0.0000
ser-2,20260219,ser-2##20260219,0.2220,4.6784,2.3392
ser-2,20260219,ser-2##20260219,0.2210,0.0000,0.0000
ser-2,20260219,ser-2##20260219,0.1830,0.0000,19.3548
ser-2,20260219,ser-2##20260219,0.2120,0.0000,0.0000
ser-2,20260219,ser-2##20260219,0.1268,0.0000,16.9492
ser-2,20260219,ser-2##20260219,0.1373,7.0588,7.0588
ser-2,20260219,ser-2##20260219,0.0975,0.0000,4.6154
ser-2,20260219,ser-2##20260219,0.1693,0.0000,0.0000
ser-2,20260219,ser-2##20260219,0.1796,0.0000,0.0000
ser-2,20260219,ser-2##20260219,0.2761,0.0000,0.0000
ser-2,20260219,ser-2##20260219,0.2200,0.0000,0.0000
ser-2,20260219,ser-2##20260219,0.1726,0.0000,0.0000
ser-2,20260219,ser-2##20260219,0.1652,0.0000,7.8759
ser-2,20260219,ser-2##20260219,0.1795,14.1176,0.0000
ser-2,20260219,ser-2##20260219,0.2256,0.0000,0.0000
ser-2,20260219,ser-2##20260219,0.1822,0.0000,0.0000
ser-2,20260219,ser-2##20260219,0.1594,0.0000,15.3846
ser-2,20260219,ser-2##20260219,0.1732,1.9459,1.2973
ser-2,20260219,ser-2##20260219,0.1311,0.0000,0.0000
ser-2,20260219,ser-2##20260219,0.1619,0.0000,5.4545
ser-2,20260219,ser-2##20260219,0.1637,1.5484,2.3226
ser-2,20260219,ser-2##20260219,,20.6897,0.0000
ser-2,20260219,ser-2##20260219,0.2027,0.0000,0.0000
ser-2,20260219,ser-2##20260219,0.0354,0.0000,0.0000
ser-2,20260219,ser-2##20260219,0.1824,0.0000,3.5503
ser-2,20260219,ser-2##20260219,0.2218,0.0000,0.0000
ser-2,20260219,ser-2##20260219,0.1758,0.0000,0.0000
ser-2,20260219,ser-2##20260219,0.2030,3.9735,1.9868
ser-2,20260219,ser-2##20260219,0.2271,0.0000,0.0000
ser-2,20260219,ser-2##20260219,0.2281,0.0000,0.0000
ser-2,20260219,ser-2##20260219,0.2295,0.0000,0.0000
ser-2,20260219,ser-2##20260219,0.1574,0.0000,0.0000
ser-2,20260219,ser-2##20260219,0.0992,1.1561,1.1561
ser-2,20260219,ser-2##20260219,0.2563,0.0000,0.0000
ser-2,20260219,ser-2##20260219,0.1778,0.0000,0.0000
ser-2,20260219,ser-2##20260219,0.1833,1.1928,0.0000
ser-2,20260219,ser-2##20260219,0.1494,0.0000,0.0000
ser-2,20260219,ser-2##20260219,0.1915,0.0000,0.0000
ser-2,20260219,ser-2##20260219,0.1712,3.6585,0.0000
ser-2,20260219,ser-2##20260219,0.0720,7.5000,2.5000
ser-2,20260219,ser-2##20260219,0.1877,0.0000,0.0000
ser-2,20260219,ser-2##20260219,0.2119,2.5641,1.2821
ser-2,20260219,ser-2##20260219,0.0533,0.0000,21.4286
ser-2,20260219,ser-2##20260219,0.1680,1.6173,0.0000
ser-2,20260219,ser-2##20260219,0.1812,0.0000,0.0000
ser-2,20260219,ser-2##20260219,0.1711,7.8740,1.5748
ser-2,20260219,ser-2##20260219,0.1230,5.8065,0.0000
ser-2,20260219,ser-2##20260219,0.1132,0.0000,0.0000
ser-2,20260219,ser-2##20260219,0.2085,0.0000,0.0000
ser-2,20260219,ser-2##20260219,0.1047,10.0000,0.0000
ser-2,20260219,ser-2##20260219,0.2447,0.0000,2.7650
ser-2,20260219,ser-2##20260219,0.1708,0.0000,7.4074
ser-2,20260219,ser-2##20260219,0.1623,9.6774,0.0000
ser-2,20260219,ser-2##20260219,0.2016,0.0000,0.0000
ser-2,20260219,ser-2##20260219,0.1630,0.0000,0.0000
ser-2,20260219,ser-2##20260219,0.1363,0.0000,0.0000
ser-2,20260219,ser-2##20260219,0.2171,0.0000,0.0000
ser-2,20260219,ser-2##20260219,0.1613,0.0000,9.5238
ugt-64,20260126,ugt-64##20260126,0.2619,1.1050,0.0000
ugt-64,20260126,ugt-64##20260126,,0.0000,18.5567
ugt-64,20260126,ugt-64##20260126,0.2780,0.0000,0.0000
ugt-64,20260126,ugt-64##20260126,0.2301,0.0000,0.0000
ugt-64,20260126,ugt-64##20260126,0.2524,0.0000,0.0000
ugt-64,20260126,ugt-64##20260126,0.2760,0.0000,0.0000
ugt-64,20260126,ugt-64##20260126,0.2855,0.0000,0.0000
ugt-64,20260126,ugt-64##20260126,0.1813,0.0000,0.0000
ugt-64,20260126,ugt-64##20260126,0.2738,0.0000,0.0000
ugt-64,20260126,ugt-64##20260126,0.2977,0.0000,0.0000
ugt-64,20260126,ugt-64##20260126,0.3140,0.0000,0.0000
ugt-64,20260126,ugt-64##20260126,0.2683,0.0000,0.0000
ugt-64,20260126,ugt-64##20260126,0.2228,0.0000,0.0000
ugt-64,20260126,ugt-64##20260126,0.2455,0.0000,0.0000
ugt-64,20260126,ugt-64##20260126,0.2856,0.0000,0.0000
ugt-64,20260126,ugt-64##20260126,0.2284,1.3353,0.8902
ugt-64,20260126,ugt-64##20260126,0.2714,0.0000,0.0000
ugt-64,20260126,ugt-64##20260126,0.2435,0.0000,0.0000
ugt-64,20260126,ugt-64##20260126,0.0416,0.0000,0.0000
ugt-64,20260126,ugt-64##20260126,0.2054,0.0000,0.0000
ugt-64,20260126,ugt-64##20260126,0.2315,0.0000,0.0000
ugt-64,20260126,ugt-64##20260126,0.2213,0.0000,0.0000
ugt-64,20260126,ugt-64##20260126,0.0475,0.0000,0.0000
ugt-64,20260126,ugt-64##20260126,0.3025,0.5469,0.5469
ugt-64,20260126,ugt-64##20260126,0.1565,0.0000,0.0000
ugt-64,20260126,ugt-64##20260126,0.2494,1.5326,0.0000
ugt-64,20260126,ugt-64##20260126,0.2610,0.5348,0.5348
ugt-64,20260126,ugt-64##20260126,0.0465,13.9535,13.9535
ugt-64,20260126,ugt-64##20260126,0.2440,0.0000,0.0000
ugt-64,20260126,ugt-64##20260126,0.1903,0.0000,0.0000
ugt-64,20260126,ugt-64##20260126,0.2489,0.0000,0.0000
ugt-64,20260126,ugt-64##20260126,0.2603,0.0000,0.0000
ugt-64,20260126,ugt-64##20260126,0.2740,0.0000,0.0000
ugt-64,20260126,ugt-64##20260126,0.2625,0.0000,0.0000
ugt-64,20260126,ugt-64##20260126,0.2268,3.6961,0.0000
ugt-64,20260126,ugt-64##20260126,0.2710,0.0000,0.0000
ugt-64,20260126,ugt-64##20260126,0.2449,0.8439,0.0000
ugt-64,20260126,ugt-64##20260126,0.2909,0.0000,0.0000
ugt-64,20260126,ugt-64##20260126,0.2887,0.0000,0.0000
ugt-64,20260126,ugt-64##20260126,0.0412,0.0000,17.3913
ugt-64,20260126,ugt-64##20260126,0.1849,2.8169,2.8169
ugt-64,20260126,ugt-64##20260126,0.2051,0.0000,0.0000
ugt-64,20260126,ugt-64##20260126,0.0352,10.3448,0.0000
ugt-64,20260126,ugt-64##20260126,0.2415,0.0000,0.0000
ugt-64,20260126,ugt-64##20260126,0.1973,0.0000,0.0000
ugt-64,20260126,ugt-64##20260126,0.2874,0.0000,0.0000
ugt-64,20260126,ugt-64##20260126,0.2308,0.0000,0.0000
ugt-64,20260126,ugt-64##20260126,0.2597,0.0000,0.0000
ugt-64,20260126,ugt-64##20260126,0.2142,0.6557,0.6557
ugt-64,20260126,ugt-64##20260126,0.2377,0.0000,0.0000
ugt-64,20260126,ugt-64##20260126,0.1814,0.0000,0.0000
ugt-64,20260126,ugt-64##20260126,0.2594,0.0000,0.0000
ugt-64,20260126,ugt-64##20260126,0.2277,0.0000,0.0000
ugt-64,20260126,ugt-64##20260126,0.2685,0.0000,0.0000
ugt-64,20260126,ugt-64##20260126,0.2261,0.0000,0.0000
ugt-64,20260126,ugt-64##20260126,0.2552,0.0000,0.0000
ugt-64,20260126,ugt-64##20260126,0.2260,0.0000,0.0000
ugt-64,20260126,ugt-64##20260126,0.2030,0.0000,0.0000
ugt-64,20260126,ugt-64##20260126,0.2312,0.0000,0.0000
ugt-64,20260126,ugt-64##20260126,0.2466,4.7059,0.0000
ugt-64,20260126,ugt-64##20260126,0.2592,0.0000,0.0000
ugt-64,20260126,ugt-64##20260126,0.2222,0.0000,0.0000
ugt-64,20260126,ugt-64##20260126,0.2439,0.0000,0.0000
ugt-64,20260126,ugt-64##20260126,0.2523,0.0000,0.0000
ugt-64,20260126,ugt-64##20260126,0.2366,0.0000,0.0000
ugt-64,20260126,ugt-64##20260126,0.1972,0.0000,0.0000
ugt-64,20260126,ugt-64##20260126,0.2693,0.0000,0.0000
ugt-64,20260126,ugt-64##20260126,0.0848,0.0000,0.0000
ugt-64,20260126,ugt-64##20260126,0.2581,0.0000,0.0000
ugt-64,20260126,ugt-64##20260126,0.2476,0.0000,0.0000
ugt-64,20260126,ugt-64##20260126,0.2522,0.0000,0.0000
ugt-64,20260126,ugt-64##20260126,0.2368,0.0000,0.0000
ugt-64,20260127,ugt-64##20260127,0.0537,2.5245,0.0000
ugt-64,20260127,ugt-64##20260127,0.1914,0.0000,2.9268
ugt-64,20260127,ugt-64##20260127,0.2284,0.0000,0.0000
ugt-64,20260127,ugt-64##20260127,0.2353,0.0000,0.9554
ugt-64,20260127,ugt-64##20260127,0.1776,0.0000,0.5106
ugt-64,20260127,ugt-64##20260127,0.1905,0.0000,0.0000
ugt-64,20260127,ugt-64##20260127,0.2312,0.0000,0.0000
ugt-64,20260127,ugt-64##20260127,0.0516,1.2500,0.0000
ugt-64,20260127,ugt-64##20260127,0.1571,0.0000,0.0000
ugt-64,20260127,ugt-64##20260127,0.2559,0.0000,0.0000
ugt-64,20260127,ugt-64##20260127,0.2393,0.0000,0.4758
ugt-64,20260127,ugt-64##20260127,0.1802,0.0000,4.9587
ugt-64,20260127,ugt-64##20260127,0.2308,0.0000,0.0000
ugt-64,20260127,ugt-64##20260127,0.3163,0.0000,0.0000
ugt-64,20260127,ugt-64##20260127,0.3373,0.7937,0.7937
ugt-64,20260127,ugt-64##20260127,0.2549,0.0000,0.0000
ugt-64,20260127,ugt-64##20260127,0.1008,24.0000,0.0000
ugt-64,20260127,ugt-64##20260127,0.2721,0.9098,1.3647
ugt-64,20260127,ugt-64##20260127,0.2864,0.0000,0.0000
ugt-64,20260127,ugt-64##20260127,0.2694,0.0000,0.0000
ugt-64,20260127,ugt-64##20260127,0.2661,0.0000,0.0000
ugt-64,20260127,ugt-64##20260127,0.2220,0.6550,0.6550
ugt-64,20260127,ugt-64##20260127,0.2949,0.0000,0.0000
ugt-64,20260127,ugt-64##20260127,0.2546,0.0000,0.0000
ugt-64,20260127,ugt-64##20260127,0.2543,0.0000,0.0000
ugt-64,20260127,ugt-64##20260127,0.2489,0.0000,0.0000
ugt-64,20260127,ugt-64##20260127,0.2232,0.0000,0.0000
ugt-64,20260127,ugt-64##20260127,0.2165,9.0909,9.0909
ugt-64,20260127,ugt-64##20260127,0.3374,0.0000,0.5660
ugt-64,20260127,ugt-64##20260127,0.2525,0.0000,0.0000
ugt-64,20260127,ugt-64##20260127,0.2326,0.0000,0.0000
ugt-64,20260127,ugt-64##20260127,0.2480,0.0000,0.0000
ugt-64,20260127,ugt-64##20260127,0.0617,2.8662,0.0000
ugt-64,20260127,ugt-64##20260127,0.2055,0.0000,0.0000
ugt-64,20260127,ugt-64##20260127,0.3287,0.4890,0.4890
ugt-64,20260127,ugt-64##20260127,0.2499,0.0000,0.0000
ugt-64,20260127,ugt-64##20260127,0.2159,0.0000,0.0000
ugt-64,20260127,ugt-64##20260127,0.2996,0.0000,0.0000
ugt-64,20260127,ugt-64##20260127,0.3161,0.0000,2.0619
ugt-64,20260127,ugt-64##20260127,0.2359,0.0000,0.0000
ugt-64,20260127,ugt-64##20260127,0.1601,0.0000,6.8182
ugt-64,20260127,ugt-64##20260127,0.2611,0.0000,0.0000
ugt-64,20260127,ugt-64##20260127,0.1081,4.1522,0.0000
ugt-64,20260127,ugt-64##20260127,0.1509,0.0000,20.0000
ugt-64,20260127,ugt-64##20260127,0.2103,0.0000,0.0000
ugt-64,20260127,ugt-64##20260127,0.1723,0.0000,0.0000
ugt-64,20260127,ugt-64##20260127,0.2152,0.0000,0.0000
ugt-64,20260127,ugt-64##20260127,0.1936,0.0000,0.0000
ugt-64,20260127,ugt-64##20260127,0.1930,0.0000,0.0000
ugt-64,20260127,ugt-64##20260127,0.2322,0.0000,0.0000
ugt-64,20260127,ugt-64##20260127,0.2776,0.0000,0.0000
ugt-64,20260127,ugt-64##20260127,0.2638,0.0000,0.0000
ugt-64,20260127,ugt-64##20260127,0.2510,0.0000,0.0000
ugt-64,20260127,ugt-64##20260127,0.2544,0.0000,0.0000
ugt-64,20260127,ugt-64##20260127,0.2456,0.0000,0.0000
ugt-64,20260127,ugt-64##20260127,0.1687,0.0000,0.0000
ugt-64,20260127,ugt-64##20260127,0.3078,1.4019,1.4019
ugt-64,20260127,ugt-64##20260127,0.1124,0.0000,0.0000
ugt-64,20260127,ugt-64##20260127,0.2696,0.0000,0.0000
ugt-64,20260127,ugt-64##20260127,0.0989,0.0000,0.0000
ugt-64,20260127,ugt-64##20260127,0.2430,0.0000,0.0000
ugt-64,20260127,ugt-64##20260127,0.1768,0.0000,1.3667
ugt-64,20260127,ugt-64##20260127,0.1939,0.0000,0.0000
ugt-64,20260127,ugt-64##20260127,0.2323,0.0000,0.0000
ugt-64,20260127,ugt-64##20260127,0.2639,0.0000,0.0000
ugt-64,20260127,ugt-64##20260127,0.1409,0.0000,0.0000
ugt-64,20260127,ugt-64##20260127,0.2282,0.0000,0.0000
ugt-64,20260127,ugt-64##20260127,0.0591,4.4944,3.7453
ugt-64,20260127,ugt-64##20260127,0.3012,0.0000,0.0000
ugt-64,20260127,ugt-64##20260127,0.1470,0.0000,9.8361
ugt-64,20260127,ugt-64##20260127,0.2465,0.0000,0.0000
ugt-64,20260127,ugt-64##20260127,0.2896,0.0000,0.0000
ugt-64,20260127,ugt-64##20260127,0.1449,9.2308,0.0000
ugt-64,20260127,ugt-64##20260127,0.2744,9.2308,9.2308
ugt-64,20260127,ugt-64##20260127,0.1786,0.0000,0.0000
ugt-64,20260127,ugt-64##20260127,0.2991,0.0000,0.0000
ugt-64,20260127,ugt-64##20260127,0.1940,0.0000,2.0067
ugt-64,20260127,ugt-64##20260127,0.2925,0.0000,0.0000
ugt-64,20260127,ugt-64##20260127,0.2239,2.8986,0.0000
ugt-64,20260127,ugt-64##20260127,0.2261,0.0000,0.0000
ugt-64,20260127,ugt-64##20260127,0.2992,0.0000,0.0000
ugt-64,20260127,ugt-64##20260127,0.2730,0.0000,0.0000
ugt-64,20260127,ugt-64##20260127,0.3044,0.0000,0.0000
ugt-64,20260127,ugt-64##20260127,0.2355,0.0000,0.0000
ugt-64,20260128,ugt-64##20260128,0.2672,0.0000,0.0000
ugt-64,20260128,ugt-64##20260128,0.2470,0.0000,0.0000
ugt-64,20260128,ugt-64##20260128,0.2312,0.0000,0.0000
ugt-64,20260128,ugt-64##20260128,0.2162,0.0000,0.0000
ugt-64,20260128,ugt-64##20260128,0.1698,0.8721,0.8721
ugt-64,20260128,ugt-64##20260128,0.2985,0.6795,0.6795
ugt-64,20260128,ugt-64##20260128,0.2528,0.0000,0.0000
ugt-64,20260128,ugt-64##20260128,0.2160,1.0165,0.5083
ugt-64,20260128,ugt-64##20260128,0.2708,0.0000,0.0000
ugt-64,20260128,ugt-64##20260128,0.2501,0.0000,0.0000
ugt-64,20260128,ugt-64##20260128,0.1940,1.7647,1.7647
ugt-64,20260128,ugt-64##20260128,0.2400,0.0000,0.0000
ugt-64,20260128,ugt-64##20260128,0.2036,0.0000,0.0000
ugt-64,20260128,ugt-64##20260128,0.1942,0.0000,0.0000
ugt-64,20260128,ugt-64##20260128,0.2263,0.0000,0.0000
ugt-64,20260128,ugt-64##20260128,0.2462,0.0000,0.0000
ugt-64,20260128,ugt-64##20260128,0.2061,0.0000,0.0000
ugt-64,20260128,ugt-64##20260128,0.2200,1.2605,0.0000
ugt-64,20260128,ugt-64##20260128,0.2398,0.0000,0.0000
ugt-64,20260128,ugt-64##20260128,0.1486,0.0000,0.0000
ugt-64,20260128,ugt-64##20260128,0.2492,0.0000,0.0000
ugt-64,20260128,ugt-64##20260128,0.2732,4.0268,2.0134
ugt-64,20260128,ugt-64##20260128,0.3085,2.4691,1.4815
ugt-64,20260128,ugt-64##20260128,0.2305,2.6201,3.4934
ugt-64,20260128,ugt-64##20260128,0.2674,2.8402,1.4201
ugt-64,20260128,ugt-64##20260128,0.2185,2.3904,2.3904
ugt-64,20260128,ugt-64##20260128,0.2887,3.2293,1.2917
ugt-64,20260128,ugt-64##20260128,0.2009,5.5728,1.8576
ugt-64,20260128,ugt-64##20260128,0.2375,4.0134,2.0067
ugt-64,20260128,ugt-64##20260128,0.2570,0.7762,0.0000
ugt-64,20260128,ugt-64##20260128,0.2550,1.0830,1.0830
ugt-64,20260128,ugt-64##20260128,0.2718,0.0000,0.0000
ugt-64,20260128,ugt-64##20260128,0.2511,4.0747,1.0187
ugt-64,20260128,ugt-64##20260128,0.2598,0.0000,0.0000
ugt-64,20260128,ugt-64##20260128,0.2246,1.7647,1.7647
ugt-64,20260128,ugt-64##20260128,0.2511,3.3241,2.4931
ugt-64,20260128,ugt-64##20260128,0.2816,0.0000,0.0000
ugt-64,20260128,ugt-64##20260128,0.2492,2.0443,2.0443
ugt-64,20260128,ugt-64##20260128,0.2181,2.1467,0.0000
ugt-64,20260128,ugt-64##20260128,0.2507,0.0000,0.0000
ugt-64,20260128,ugt-64##20260128,0.2854,0.0000,0.0000
ugt-64,20260128,ugt-64##20260128,0.2001,2.5370,1.2685
ugt-64,20260128,ugt-64##20260128,0.2682,2.8235,0.0000
ugt-64,20260128,ugt-64##20260128,0.2455,0.0000,0.0000
ugt-64,20260128,ugt-64##20260128,0.2333,1.6807,1.6807
ugt-64,20260128,ugt-64##20260128,0.2871,0.0000,0.0000
ugt-64,20260128,ugt-64##20260128,0.2444,0.0000,0.0000
ugt-64,20260128,ugt-64##20260128,0.2759,0.0000,0.0000
ugt-64,20260128,ugt-64##20260128,0.2428,3.8710,0.0000
ugt-64,20260128,ugt-64##20260128,0.2809,0.0000,0.0000
ugt-64,20260128,ugt-64##20260128,0.2228,0.0000,0.0000
ugt-64,20260128,ugt-64##20260128,0.2602,0.0000,0.0000
