mesh,x,y,z,cls,interpolated,y_um,d_nn_um,d_nn_bl,pde_shared_zone
ADEL,0.0381783619523048,-2.799147844314575,0.4822543784976005,ADE,False,-321.3421725273132,55.04219649003134,0.4794616418992277,False
ADEL,0.038238413631916,-2.7899919152259827,0.4877442345023155,ADE,False,-320.2910718679428,54.088302162723224,0.47115245786344273,False
ADEL,0.0398051440715789,-2.789864182472229,0.4860532879829407,ADE,False,-320.2764081478119,54.046760297378036,0.4707905949248958,False
ADEL,0.0365515872836113,-2.789552927017212,0.4862290322780609,ADE,False,-320.2406760215759,54.013219366840154,0.47049842654041946,False
ADEL,0.0381183177232742,-2.7894251942634583,0.484538085758686,ADE,False,-320.226012301445,53.97161370272773,0.470136007863482,False
ADEL,0.0381183214485645,-2.770817518234253,0.4867641255259514,ADE,False,-318.0898510932922,51.89446155663131,0.45204234805427973,False
ADEL,0.0398051477968692,-2.7708166241645813,0.4883216992020607,ADE,False,-318.0897484540939,51.922229564776224,0.4522842296583295,False
ADEL,0.0365515910089015,-2.770473062992096,0.4884026423096657,ADE,False,-318.0503076314926,51.88359292706594,0.4519476735807138,False
ADEL,0.0382384173572063,-2.7704721689224243,0.489960215985775,ADE,False,-318.0502049922943,51.91134380275397,0.45218940594733426,False
ADEL,0.0381183177232742,-2.710683763027191,0.4527733847498894,ADE,False,-311.1864959955215,44.576106913675574,0.3882936142306235,False
ADEL,0.0398051440715789,-2.710301399230957,0.4543087631464004,ADE,False,-311.14260063171383,44.54895954173929,0.3880571388653249,False
ADEL,0.0365515872836113,-2.709942877292633,0.4543044194579124,ADE,False,-311.10144231319424,44.50666853935335,0.3876887503427992,False
ADEL,0.038238413631916,-2.709560513496399,0.4558397978544235,ADE,False,-311.05754694938656,44.47947618037014,0.38745188310426953,False
ADEL,-0.0196408778429031,-2.707724690437317,0.3004846647381782,ADE,False,-310.84679446220395,43.323943504042646,0.37738626745681747,False
ADEL,-0.0196408778429031,-2.7045302391052246,0.29435695707798,ADE,False,-310.48007144927976,42.925559092550465,0.3739160199699518,False
ADEL,-0.0213591158390045,-2.703502357006073,0.295699305832386,ADE,False,-310.36207058429716,42.81372273366206,0.3729418356590772,False
ADEL,-0.0179226398468017,-2.703502297401428,0.2956993505358696,ADE,False,-310.3620637416839,42.813708513013125,0.37294171178582863,False
ADEL,-0.0196408778429031,-2.7024744153022766,0.2970416992902756,ADE,False,-310.2440628767013,42.702476524650955,0.3719727920265763,False
ADEL,-0.0196408629417419,-2.684825897216797,0.2698672786355018,ADE,False,-308.21801300048827,40.56382887749536,0.35334345712103976,False
ADEL,-0.0213591009378433,-2.6837980151176453,0.2712096273899078,ADE,False,-308.10001213550566,40.45156275376809,0.3523655292140077,False
ADEL,-0.0179226249456405,-2.6837979555130005,0.2712096720933914,ADE,False,-308.10000529289243,40.451563665461066,0.3523655371555842,False
ADEL,-0.0196408629417419,-2.682770073413849,0.2725520208477974,ADE,False,-307.9820044279098,40.338643318954006,0.35138191044385025,False
ADEL,0.0381183177232742,-2.6478431820869446,0.41412303596735,ADE,False,-303.9723973035812,37.10205781564222,0.3231886569306814,False
ADEL,0.0398051440715789,-2.6473724246025085,0.4156363978981972,ADE,False,-303.91835434436797,37.060289198088235,0.322824818798678,False
ADEL,0.0365515872836113,-2.6470142006874084,0.4156114012002945,ADE,False,-303.8772302389145,37.01291141575406,0.32241212034628974,False
ADEL,0.038238413631916,-2.6465434432029724,0.4171247631311416,ADE,False,-303.82318727970124,36.97104204182849,0.32204740454554437,False
ADEL,0.0381183214485645,-2.633961856365204,0.4069047272205353,ADE,False,-302.37882111072537,35.4660430123505,0.3089376569020078,False
ADEL,0.03826754540205,-2.6337178349494934,0.4115544632077217,ADE,False,-302.3508074522018,35.467398752239056,0.3089494664829186,False
ADEL,0.0398051477968692,-2.633491039276123,0.4084180891513824,ADE,False,-302.3247713088989,35.42057582107643,0.3085416012288888,False
ADEL,0.0365515910089015,-2.633132815361023,0.4083931073546409,ADE,False,-302.2836472034454,35.38064146102678,0.3081937409497106,False
ADEL,0.0395959429442882,-2.6324551105499268,0.4106720462441444,ADE,False,-302.20584669113157,35.31635254731962,0.307633732990589,False
ADEL,0.0369391478598117,-2.6321693658828735,0.4106201231479645,ADE,False,-302.17304320335387,35.28421333454408,0.3073537746911505,False
ADEL,0.03826754540205,-2.630906641483307,0.4097377061843872,ADE,False,-302.0280824422836,35.132760358912435,0.3060344978999341,False
ADEL,0.0383581779897213,-2.6246399879455566,0.4117791354656219,ADE,False,-301.30867061614987,34.42901124058562,0.29990427909917794,False
ADEL,0.0392735414206981,-2.624266028404236,0.4108874052762985,ADE,False,-301.26574006080625,34.379492491533675,0.29947293111092055,False
ADEL,0.0374428145587444,-2.6241317987442017,0.4107639938592911,ADE,False,-301.25033049583436,34.36384975304409,0.29933667032268374,False
ADEL,0.0383581779897213,-2.623757839202881,0.4098722636699676,ADE,False,-301.2073999404907,34.314335823087404,0.29890536431260806,False
ADEL,0.0384884923696517,-2.6124390959739685,0.3987402096390724,ADE,False,-299.9080082178116,32.95303521817885,0.28704734510608754,False
ADEL,0.0401753187179565,-2.612021505832672,0.4002681225538254,ADE,False,-299.86006886959075,32.91401050308251,0.2867074085634365,False
ADEL,0.0369217619299888,-2.611662745475769,0.4002556279301643,ADE,False,-299.8188831806183,32.868349993551874,0.2863096689333787,False
ADEL,0.0386085882782936,-2.6112451553344727,0.4017835408449173,ADE,False,-299.77094383239745,32.83175086681927,0.2859908612092271,False
ADEL,0.0388655718415975,-2.6050280332565308,0.4059162139892578,ADE,False,-299.0572182178497,32.14262657296457,0.27998803634986563,False
ADEL,0.0396662838757038,-2.6049774885177612,0.4070157259702682,ADE,False,-299.051415681839,32.14326188018544,0.2799935703848906,False
ADEL,0.0380648598074913,-2.604922294616699,0.4068477600812912,ADE,False,-299.04507942199706,32.13616551433211,0.27993175535132503,False
ADEL,0.0388655718415975,-2.6048717498779297,0.4079472720623016,ADE,False,-299.03927688598634,32.136960249415495,0.279938678130797,False
ADEL,0.0524162352085113,-2.5808428525924683,0.3990105986595154,ADE,False,-296.28075947761533,29.346051716487338,0.2556276281923984,False
ADEL,0.0517260394990444,-2.580590784549713,0.3979110866785049,ADE,False,-296.25182206630706,29.31061207387096,0.25531892050410243,False
ADEL,0.051783500239253,-2.580459713935852,0.3999421447515487,ADE,False,-296.2367751598358,29.307680302470104,0.25529338242569777,False
ADEL,0.0510933045297861,-2.580207645893097,0.3988426327705383,ADE,False,-296.20783774852754,29.271973161997064,0.25498234461669916,False
ADEL,-0.0171376634389162,-2.5743213295936584,0.2110762670636177,ADE,False,-295.532088637352,28.080521914394218,0.24460384942852106,False
ADEL,-0.0188421383500099,-2.5737053751945496,0.212586622685194,ADE,False,-295.4613770723343,27.98649173203299,0.24378477118495637,False
ADEL,-0.0154331885278224,-2.573705315589905,0.2125866450369358,ADE,False,-295.46137022972107,27.98663218344354,0.24378599462929912,False
ADEL,-0.0171376634389162,-2.573089361190796,0.2140970006585121,ADE,False,-295.3906586647034,27.893682005069216,0.24297632408596878,False
ADEL,0.0599669497460126,-2.569531202316284,0.3848998621106148,ADE,False,-294.9821820259094,27.97984833598794,0.24372690188142804,False
ADEL,0.0583274941891431,-2.569380462169647,0.383357398211956,ADE,False,-294.9648770570755,27.952758979395156,0.24349093187626444,False
ADEL,0.0587478689849376,-2.568424642086029,0.3864423185586929,ADE,False,-294.85514891147614,27.861428522266518,0.24269537040301845,False
ADEL,0.0571084134280681,-2.568273901939392,0.3848998546600342,ADE,False,-294.8378439426422,27.834122707113977,0.24245751487033082,False
ADEL,0.086929066106677,-2.546450138092041,0.3868724554777145,ADE,False,-292.3324758529663,25.493088427886534,0.22206523020807087,False
ADEL,0.0866073332726955,-2.545772910118103,0.3857729434967041,ADE,False,-292.2547300815582,25.405547590198644,0.22130267935713105,False
ADEL,0.0867429096251726,-2.545718729496002,0.3878040015697479,ADE,False,-292.24851014614103,25.413409375520608,0.2213711618076708,False
ADEL,0.0864211767911911,-2.545041501522064,0.3867044895887375,ADE,False,-292.170764374733,25.325349046081676,0.22060408576726198,False
ADEL,0.0938423797488212,-2.5277974009513855,0.3697229325771332,ADE,False,-290.19114162921903,23.381159783550725,0.20366863922953593,False
ADEL,0.0922280084341764,-2.527738094329834,0.3681804686784744,ADE,False,-290.1843332290649,23.337305208657067,0.20328663073743092,False
ADEL,0.09258833527565,-2.526779055595398,0.3712653964757919,ADE,False,-290.07423558235166,23.25615831472417,0.2025797762606635,False
ADEL,0.0909739639610052,-2.5267197489738464,0.3697229325771332,ADE,False,-290.06742718219755,23.211900477440317,0.2021942550299679,False
ADEL,0.1301473136991262,-2.514373004436493,0.3756219819188118,ADE,False,-288.6500209093094,22.92733947466049,0.1997155006503527,False
ADEL,0.130058217793703,-2.513576090335846,0.3745224699378013,ADE,False,-288.5585351705551,22.832153519702512,0.19888635470124139,False
ADEL,0.1302142068743705,-2.513568580150604,0.3765535280108452,ADE,False,-288.5576730012893,22.848347379532747,0.19902741619802045,False
ADEL,0.1301251109689474,-2.5127716660499573,0.3754540160298347,ADE,False,-288.4661872625351,22.75260555887677,0.19819342821321229,False
ADEL,0.1708660796284675,-2.503201186656952,0.3719762042164802,ADE,False,-287.36749622821804,23.763205256274844,0.20699656146580875,False
ADEL,0.1707516759634018,-2.50240707397461,0.3708766922354698,ADE,False,-287.2763320922852,23.672441919278363,0.20620594006340037,False
ADEL,0.1709074191749096,-2.5023946166038513,0.3729077503085136,ADE,False,-287.27490198612213,23.68988799716417,0.20635790938296317,False
ADEL,0.194195631891489,-2.502208948135376,0.3717793300747871,ADE,False,-287.25358724594116,25.117813182729634,0.21879628207952642,False
ADEL,0.1707930155098438,-2.501600503921509,0.3718082383275032,ADE,False,-287.1837378501892,23.601503767887806,0.20558801191539902,False
ADEL,0.1940812245011329,-2.5014148354530334,0.3706798255443573,ADE,False,-287.1624231100082,25.02801232732783,0.2180140446631344,False
ADEL,0.194236971437931,-2.5014023780822754,0.3727108761668205,ADE,False,-287.1609930038452,25.04865535475941,0.2181938619752562,False
ADEL,0.1977793611586094,-2.501254618167877,0.3713607564568519,ADE,False,-287.1440301656723,25.267240758076642,0.22009791601112058,False
ADEL,0.194122564047575,-2.500608265399933,0.3716113716363907,ADE,False,-287.0698288679123,24.96261347637375,0.2174443682610954,False
ADEL,0.1083254534751176,-2.482830286026001,0.3485614955425262,ADE,False,-285.0289168357849,18.576149581194013,0.16181314966196875,False
ADEL,0.1099621094763279,-2.482283055782318,0.350103959441185,ADE,False,-284.9660948038101,18.580680063620093,0.16185261379460011,False
ADEL,0.1066887974739074,-2.482283055782318,0.350103959441185,ADE,False,-284.9660948038101,18.47610915755328,0.16094171740028992,False
ADEL,0.1083254534751176,-2.4817358255386353,0.3516464233398437,ADE,False,-284.9032727718353,18.476006939415054,0.16094082699838896,False
ADEL,-0.0148551389575004,-2.4595224261283875,0.1591236665844917,ADE,False,-282.35317451953887,17.3038092309598,0.15073004556585193,False
ADEL,-0.0132102780044078,-2.459345817565918,0.1607792153954506,ADE,False,-282.3328998565674,17.192949025864966,0.14976436433680285,False
ADEL,-0.0165354236960411,-2.4593390822410583,0.1607728190720081,ADE,False,-282.3321266412735,17.190838003784584,0.14974597564272288,False
ADEL,-0.0148905627429485,-2.459162473678589,0.162428367882967,ADE,False,-282.311851978302,17.079677015148064,0.14877767434797967,False
ADEL,0.1099912170320749,-2.444991946220398,0.3308173716068268,ADE,False,-280.68507542610166,14.431230364461255,0.12570758157196216,False
ADEL,0.1081276163458824,-2.4443687796592712,0.3325737193226814,ADE,False,-280.6135359048843,14.295746599825977,0.12452740940614962,False
ADEL,0.1118548177182674,-2.4443687796592712,0.3325737193226814,ADE,False,-280.6135359048843,14.454574311482999,0.12591092605821427,False
ADEL,0.1099912170320749,-2.4437456130981445,0.334330067038536,ADE,False,-280.54199638366697,14.316478261210799,0.12470799879103484,False
ADEL,0.1099912170320749,-2.4351279735565186,0.3219318985939026,ADE,False,-279.5526913642883,13.345300055294233,0.11624825832137833,False
ADEL,-0.0130159836262464,-2.434806227684021,0.1504759602248668,ADE,False,-279.5157549381256,15.314887460770144,0.13340494303806746,False
ADEL,-0.0145335644483566,-2.434518277645111,0.1488446108996868,ADE,False,-279.48269827365874,15.380981827447185,0.1339806779394354,False
ADEL,-0.014643570408225,-2.4345043897628784,0.1520823948085308,ADE,False,-279.48110394477845,15.193788793373708,0.13235007659733194,False
ADEL,-0.0161611512303352,-2.4342164397239685,0.1504510454833507,ADE,False,-279.4480472803116,15.264966123421443,0.13297008818311362,False
ADEL,0.1039459519088268,-2.4331066608428955,0.3276292383670807,ADE,False,-279.3206446647644,12.893766633233916,0.11231504035918045,False
ADEL,0.116036482155323,-2.4331066608428955,0.3276292383670807,ADE,False,-279.3206446647644,13.455921514765214,0.1172118598847144,False
ADEL,0.1099912170320749,-2.4310853481292725,0.3333265781402588,ADE,False,-279.08859796524047,12.975532364537374,0.11302728540537782,False
ADEL,-0.0101639945060014,-2.427207052707672,0.1530614458024501,ADE,False,-278.6433696508407,14.412273018926573,0.12554244790005725,False
ADEL,0.1099912151694297,-2.42702579498291,0.3148612082004547,ADE,False,-278.6225612640381,12.470332309201117,0.10862658805924319,False
ADEL,-0.0114532150328159,-2.42633056640625,0.1546543650329113,ADE,False,-278.54274902343747,14.233499040766876,0.12398518328194143,False
ADEL,-0.011233203113079,-2.4261208176612854,0.1514314897358417,ADE,False,-278.51866986751554,14.386789054521945,0.1253204621474037,False
ADEL,-0.0125224236398935,-2.4252443313598633,0.1530244089663028,ADE,False,-278.4180492401123,14.212410016017529,0.12380148097576245,False
ADEL,0.119991198182106,-2.42368221282959,0.3242856785655021,ADE,False,-278.2387180328369,12.717238528052155,0.11077733909453097,False
ADEL,0.0999912340193986,-2.42368221282959,0.3242856785655021,ADE,False,-278.2387180328369,11.714323612170327,0.10204114644747672,False
ADEL,0.1099912170320749,-2.4203386306762695,0.3337101489305496,ADE,False,-277.85487480163573,11.864926175723795,0.10335301546797732,False
ADEL,0.0127209648489952,-2.4183754920959473,0.1683520227670669,ADE,False,-277.6295064926147,12.665067856275158,0.11032289073410416,False
ADEL,0.0116224493831396,-2.41691517829895,0.1696980409324169,ADE,False,-277.46186246871946,12.441811618391304,0.10837814998598697,False
ADEL,0.0128306727856397,-2.416847467422486,0.1668647453188896,ADE,False,-277.45408926010134,12.591180168588377,0.10967926976122279,False
ADEL,0.1099912151694297,-2.416283130645752,0.3152330964803695,ADE,False,-277.3893033981323,11.368254708028136,0.09902660895494893,False
ADEL,0.0117321573197841,-2.4153871536254883,0.1682107634842395,ADE,False,-277.286445236206,12.37139242939145,0.10776474241630184,False
ADEL,0.1160488426685333,-2.414257764816284,0.320942111313343,ADE,False,-277.1567914009094,11.536569684038085,0.10049276728256172,False
ADEL,0.1039335895329713,-2.414257764816284,0.320942111313343,ADE,False,-277.1567914009094,10.874260688650969,0.09472352516246489,False
ADEL,0.1099912170320749,-2.4133960008621216,0.3183379918336868,ADE,False,-277.05786089897157,11.08572832274926,0.09656557772429669,False
ADEL,0.1118868887424469,-2.4124763011932373,0.3199526965618133,ADE,False,-276.95227937698365,11.109871790353425,0.0967758866755525,False
ADEL,0.1080955453217029,-2.4124763011932373,0.3199526965618133,ADE,False,-276.95227937698365,10.898821975658791,0.09493747365556439,False
ADEL,0.1099912170320749,-2.4122323989868164,0.3266511261463165,ADE,False,-276.9242794036865,11.009883010435766,0.09590490427208856,False
ADEL,0.1099912170320749,-2.411556601524353,0.3215674012899399,ADE,False,-276.84669785499574,10.923209105110274,0.0951499050967794,False
ADEL,0.0574329923838377,-2.408874988555908,0.2187896631658077,ADE,False,-276.5388486862183,9.220991616684094,0.08032222662616807,False
ADEL,0.10999121889472,-2.40867280960083,0.307838499546051,ADE,False,-276.5156385421753,10.56626725756687,0.09204065555371839,False
ADEL,0.1116672903299331,-2.407270133495331,0.3084069639444351,ADE,False,-276.354611325264,10.529113271377863,0.09171701455904062,False
ADEL,0.1083151474595069,-2.407270133495331,0.3084069639444351,ADE,False,-276.354611325264,10.332249417815,0.09000217262905053,False
ADEL,0.0584905836731195,-2.4072664380073547,0.2175621762871742,ADE,False,-276.3541870832443,9.076688803075873,0.07906523347627067,False
ADEL,0.0561234410852193,-2.40726637840271,0.2197437807917595,ADE,False,-276.3541802406311,9.018094138020675,0.07855482698624282,False
ADEL,0.10999121889472,-2.4058674573898315,0.3089754283428192,ADE,False,-276.19358410835264,10.293586946192578,0.08966539151735696,False
ADEL,0.0571810323745012,-2.4056578278541565,0.218516293913126,ADE,False,-276.1695186376572,8.870537897796849,0.07726949388324782,False
ADEL,0.0958212316036224,-2.405458092689514,0.2759431526064873,ADE,False,-276.1465890407562,9.343326602501106,0.08138786239112462,False
ADEL,0.0972560178488493,-2.403817296028137,0.2753384932875633,ADE,False,-275.9582255840301,9.235164389635578,0.08044568283654685,False
ADEL,0.0942755974829196,-2.4038172364234924,0.276298239827156,ADE,False,-275.95821874141694,9.103265929989403,0.07929674155043034,False
ADEL,0.0957103837281465,-2.4021764397621155,0.2756935805082321,ADE,False,-275.76985528469083,8.992597604723418,0.07833273174846184,False
ADER,-0.0814654622226953,-2.7991477251052856,0.4822543486952781,ADE,False,-321.3421588420868,55.04132620895988,0.4794540610536575,False
ADER,-0.0815255343914032,-2.7899917364120483,0.4877442046999931,ADE,False,-320.29105134010314,54.087183963466785,0.47114271745180125,False
ADER,-0.0830922536551952,-2.7898640632629395,0.4860532656311989,ADE,False,-320.2763944625854,54.04483357339233,0.47077381161491577,False
ADER,-0.0798386707901954,-2.789552688598633,0.4862289950251579,ADE,False,-320.240648651123,54.013072485516545,0.4704971470863811,False
ADER,-0.0814053900539875,-2.789425015449524,0.4845380559563637,ADE,False,-320.22599177360536,53.9706579190698,0.4701276822218624,False
ADER,-0.0814053900539875,-2.770817279815674,0.486764095723629,ADE,False,-318.08982372283936,51.89334180326469,0.4520325941050931,False
ADER,-0.0830922536551952,-2.770816385746002,0.4883216768503189,ADE,False,-318.08972108364105,51.92008882599814,0.4522655821079978,False
ADER,-0.0798386707901954,-2.770472824573517,0.4884026050567627,ADE,False,-318.05028026103975,51.88332183710786,0.45194531216992906,False
ADER,-0.0815255343914032,-2.770471930503845,0.4899601861834526,ADE,False,-318.05017762184144,51.910051066031485,0.4521781451744903,False
ADER,-0.0814053900539875,-2.710683584213257,0.4527733474969864,ADE,False,-311.1864754676819,44.57591372616458,0.38829193141258345,False
ADER,-0.0830922536551952,-2.7103012204170227,0.4543087258934974,ADE,False,-311.1425801038742,44.54757514748233,0.38804507968190183,False
ADER,-0.0798386707901954,-2.709942638874054,0.4543043971061706,ADE,False,-311.10141494274137,44.507460996806174,0.3876956532822837,False
ADER,-0.0815255343914032,-2.70956027507782,0.4558397755026817,ADE,False,-311.0575195789337,44.47907620082474,0.387448398961888,False
ADER,-0.0236462131142616,-2.7077245712280273,0.3004846647381782,ADE,False,-310.84678077697754,43.3241851651049,0.3773883725183354,False
ADER,-0.0236462131142616,-2.7045300006866455,0.2943569421768188,ADE,False,-310.4800440788269,42.92578937356431,0.37391802590212814,False
ADER,-0.0253644585609436,-2.7035021781921387,0.295699343085289,ADE,False,-310.3620500564575,42.81511920664009,0.3729540000578405,False
ADER,-0.0219279676675796,-2.7035021781921387,0.2956992983818054,ADE,False,-310.3620500564575,42.81371269313471,0.37294174819803755,False
ADER,-0.0236462131142616,-2.702474355697632,0.2970416992902756,ADE,False,-310.24405603408815,42.70272873148797,0.37197498895024367,False
ADER,-0.0236462391912937,-2.6848256587982178,0.2698672637343406,ADE,False,-308.2179856300354,40.56445682962297,0.3533489270873081,False
ADER,-0.0253644883632659,-2.683797836303711,0.2712096646428108,ADE,False,-308.099991607666,40.45312677293596,0.3523791530743551,False
ADER,-0.0219279900193214,-2.683797836303711,0.2712096199393272,ADE,False,-308.099991607666,40.4515274762285,0.3523652219183667,False
ADER,-0.0236462391912937,-2.682770013809204,0.2725520208477974,ADE,False,-307.9819975852966,40.339235994927826,0.351387073126549,False
ADER,-0.0814053900539875,-2.6478431224823,0.4141230061650276,ADE,False,-303.97239046096803,37.10036109493435,0.3231738771335745,False
ADER,-0.0830922536551952,-2.647372364997864,0.4156363755464554,ADE,False,-303.9183475017548,37.05642232365529,0.32279113522347813,False
ADER,-0.0798386707901954,-2.647014021873474,0.4156113862991333,ADE,False,-303.87720971107484,37.01253520142873,0.3224088432180203,False
ADER,-0.0815255343914032,-2.646543264389038,0.417124755680561,ADE,False,-303.82316675186155,36.968492021091045,0.3220251918213506,False
ADER,-0.0814053900539875,-2.633961796760559,0.4069047123193741,ADE,False,-302.3788142681122,35.46429126599017,0.30892239778737085,False
ADER,-0.0815546493977308,-2.633717715740204,0.4115544483065605,ADE,False,-302.3507937669754,35.46804619364506,0.30895510621642036,False
ADER,-0.0830922536551952,-2.633491039276123,0.4084180817008018,ADE,False,-302.3247713088989,35.42264505822436,0.3085596259427209,False
ADER,-0.0798386707901954,-2.6331326961517334,0.4083930850028991,ADE,False,-302.283633518219,35.3793375767533,0.30818238307276397,False
ADER,-0.082883071154356,-2.632455050945282,0.4106720313429832,ADE,False,-302.20583984851834,35.318834032211775,0.30765534871264616,False
ADER,-0.0802262276411056,-2.632169246673584,0.4106201007962227,ADE,False,-302.1730295181274,35.2838961777761,0.307351012001534,False
ADER,-0.0815546493977308,-2.630906581878662,0.4097376838326454,ADE,False,-302.0280755996704,35.13524172294835,0.30605611256923654,False
ADER,-0.0816452726721763,-2.624639868736267,0.4117791056632995,ADE,False,-301.30865693092346,34.427857441972385,0.29989422858860965,False
ADER,-0.0825606472790241,-2.6242659091949463,0.4108873829245567,ADE,False,-301.26572637557985,34.381998380818736,0.29949475941479736,False
ADER,-0.0807298980653286,-2.624131679534912,0.4107639640569687,ADE,False,-301.2503168106079,34.36433270501522,0.29934087722138697,False
ADER,-0.0816452726721763,-2.6237577199935913,0.4098722413182258,ADE,False,-301.2073862552643,34.317733884462264,0.2989349641503682,False
ADER,-0.0817755572497844,-2.612438917160034,0.3987401947379112,ADE,False,-299.9079876899719,32.9507885648814,0.2870277749554129,False
ADER,-0.0834623929113149,-2.6120213866233826,0.4002681002020836,ADE,False,-299.8600551843643,32.91273203890981,0.2866962721159391,False
ADER,-0.0802088379859924,-2.6116626262664795,0.4002556055784225,ADE,False,-299.8188694953918,32.86881168633705,0.28631369064753526,False
ADER,-0.0818956736475229,-2.611245095729828,0.4017835110425949,ADE,False,-299.7709369897842,32.82941744645401,0.2859705352478572,False
ADER,-0.0821526534855365,-2.605027914047241,0.4059161841869354,ADE,False,-299.0572045326233,32.14257507801881,0.2799875877876203,False
ADER,-0.0829533748328685,-2.6049773693084717,0.4070156961679458,ADE,False,-299.0514019966125,32.145758055182384,0.28001531406953295,False
ADER,-0.0813519321382045,-2.6049221754074097,0.4068477302789688,ADE,False,-299.0450657367706,32.136598686581735,0.27993552862876075,False
ADER,-0.0821526534855365,-2.60487163066864,0.4079472422599792,ADE,False,-299.0392632007599,32.13994153486227,0.27996464751622185,False
ADER,-0.0957033447921276,-2.580842673778534,0.399010568857193,ADE,False,-296.2807389497757,29.346988809535517,0.25563579102382855,False
ADER,-0.0950131081044673,-2.580590605735779,0.3979110568761825,ADE,False,-296.2518015384674,29.30943846882046,0.25530869746359286,False
ADER,-0.0950705651193857,-2.5804595351219177,0.3999421149492264,ADE,False,-296.2367546319961,29.306047877231634,0.25527916269365536,False
ADER,-0.0943803284317255,-2.5802074670791626,0.3988426029682159,ADE,False,-296.20781722068784,29.27087810066995,0.2549728057549647,False
ADER,-0.0261494573205709,-2.574321150779724,0.2110762596130371,ADE,False,-295.5320681095123,28.076583250282233,0.24456954050768498,False
ADER,-0.0244449749588966,-2.57370525598526,0.2125866152346134,ADE,False,-295.46136338710784,27.982488976286035,0.24374990397461704,False
ADER,-0.0278539396822452,-2.57370525598526,0.2125866413116455,ADE,False,-295.46136338710784,27.984551656970233,0.24376787157639576,False
ADER,-0.0261494573205709,-2.573089361190796,0.2140969969332218,ADE,False,-295.3906586647034,27.89007589278524,0.2429449119580596,False
ADER,-0.1032539904117584,-2.56953102350235,0.3848998323082924,ADE,False,-294.98216149806973,27.97926684286632,0.2437218366103338,False
ADER,-0.1016145516186952,-2.569380223751068,0.3833573758602142,ADE,False,-294.9648496866226,27.951180324067305,0.24347718052323436,False
ADER,-0.1020349040627479,-2.5684245228767395,0.3864422813057899,ADE,False,-294.8551352262497,27.860901472263997,0.24269077937512193,False
ADER,-0.1003954652696847,-2.5682737231254578,0.3848998248577118,ADE,False,-294.83782341480253,27.83116477034924,0.24243174887063798,False
ADER,-0.1302161812782287,-2.5464499592781067,0.3868724182248115,ADE,False,-292.33245532512666,25.467614386627357,0.22184333089396652,False
ADER,-0.1298944149166345,-2.5457727313041687,0.3857729062438011,ADE,False,-292.25470955371856,25.381355916037403,0.22109195048813068,False
ADER,-0.1300299912691116,-2.545718491077423,0.3878039643168449,ADE,False,-292.24848277568816,25.387150268347067,0.22114242394030548,False
ADER,-0.1297082249075174,-2.545041263103485,0.3867044523358345,ADE,False,-292.17073700428006,25.300373185060923,0.22038652600227285,False
ADER,-0.1371294185519218,-2.527797281742096,0.3697228878736496,ADE,False,-290.1911279439926,23.342954850518435,0.20333584364563098,False
ADER,-0.1355150416493415,-2.5277379751205444,0.3681804239749908,ADE,False,-290.1843195438385,23.303203187721312,0.20298957480593477,False
ADER,-0.1358753498643636,-2.5267788767814636,0.3712653443217277,ADE,False,-290.074215054512,23.217059852182363,0.2022391973186617,False
ADER,-0.1342609729617834,-2.526719570159912,0.369722880423069,ADE,False,-290.0674066543579,23.17692494881188,0.20188959014644495,False
ADER,-0.1734343953430652,-2.5143728852272034,0.3756219297647476,ADE,False,-288.6500072240829,22.845288342797648,0.19900076953656487,False
ADER,-0.1733452938497066,-2.5135759115219116,0.3745224177837372,ADE,False,-288.55851464271547,22.751185722651865,0.1981810603018455,False
ADER,-0.1735012792050838,-2.51356840133667,0.376553475856781,ADE,False,-288.5576524734497,22.764710849792298,0.19829887499819077,False
ADER,-0.1734121777117252,-2.512771427631378,0.3754539638757705,ADE,False,-288.4661598920822,22.67004758937858,0.19747428213744408,False
ADER,-0.1988907121121883,-2.5032010078430176,0.3719761446118355,ADE,False,-287.3674757003784,22.693635679192788,0.19767975330307308,False
ADER,-0.198776289820671,-2.5024068355560303,0.370876632630825,ADE,False,-287.2763047218323,22.597858166543165,0.19684545441239693,False
ADER,-0.1989320442080497,-2.502394437789917,0.3729076907038688,ADE,False,-287.27488145828244,22.618792857542815,0.19702781234793393,False
ADER,-0.2069578245282173,-2.5022087693214417,0.3717792630195617,ADE,False,-287.25356671810147,22.99316698107712,0.20028891098499235,False
ADER,-0.1988176219165325,-2.5016002655029297,0.3718081787228584,ADE,False,-287.1837104797363,22.52246979589607,0.1961887612882933,False
ADER,-0.2068434022367,-2.501414656639099,0.3706797510385513,ADE,False,-287.16240258216857,22.89869529143111,0.199465986859156,False
ADER,-0.2069991827011108,-2.5014021396636963,0.3727108091115951,ADE,False,-287.1609656333923,22.919844034359077,0.19965020935852854,False
ADER,-0.2105415649712085,-2.501254439353943,0.3713606745004654,ADE,False,-287.14400963783265,23.08281566602742,0.20106982287480332,False
ADER,-0.2068847604095935,-2.5006080269813538,0.3716112971305847,ADE,False,-287.0698014974594,22.82484459291216,0.19882268809156936,False
ADER,-0.1516124717891216,-2.482830166816711,0.3485614508390426,ADE,False,-285.0289031505584,18.506084452497998,0.16120282624127177,False
ADER,-0.1532491520047187,-2.482282936573029,0.3501039072871208,ADE,False,-284.9660811185837,18.504928183989787,0.1611927542159389,False
ADER,-0.1499757915735244,-2.482282936573029,0.3501039072871208,ADE,False,-284.9660811185837,18.405085823691532,0.16032304724469976,False
ADER,-0.1516124717891216,-2.4817357063293457,0.351646363735199,ADE,False,-284.9032590866089,18.403923145771135,0.1603129193882503,False
ADER,-0.0284319836646318,-2.459522247314453,0.1591236554086208,ADE,False,-282.35315399169923,17.300616587825125,0.15070223508558472,False
ADER,-0.0300768390297889,-2.4593456983566284,0.1607792116701603,ADE,False,-282.33288617134093,17.190446424142603,0.14974256467023175,False
ADER,-0.0267517045140266,-2.459338903427124,0.1607728004455566,ADE,False,-282.33210611343384,17.190854709106674,0.1497461211594658,False
ADER,-0.0283965598791837,-2.4591623544692993,0.1624283567070961,ADE,False,-282.31183829307554,17.079708393701505,0.1487779476803267,False
ADER,-0.1532782353460788,-2.444991707801819,0.3308173418045044,ADE,False,-280.6850480556488,14.335974033205504,0.12487782258889812,False
ADER,-0.1551418602466583,-2.4443686604499817,0.3325736820697784,ADE,False,-280.6135222196579,14.339721219749197,0.12491046358666548,False
ADER,-0.1514146104454994,-2.4443686604499817,0.3325736820697784,ADE,False,-280.6135222196579,14.204837490471375,0.12373551820968097,False
ADER,-0.1532782353460788,-2.4437456130981445,0.3343300223350525,ADE,False,-280.54199638366697,14.209235204565486,0.12377382582374118,False
ADER,-0.1532782614231109,-2.435127794742584,0.3219318687915802,ADE,False,-279.5526708364486,13.215292920207041,0.11511579198786621,False
ADER,-0.0302711371332407,-2.434805989265442,0.1504759564995765,ADE,False,-279.51572756767274,15.314339189362089,0.13340016715472203,False
ADER,-0.0287535637617111,-2.4345180988311768,0.1488445959985256,ADE,False,-279.4826777458191,15.378392445160612,0.13395812234460464,False
ADER,-0.0286435391753911,-2.4345041513442993,0.1520823836326599,ADE,False,-279.4810765743255,15.191328680705507,0.13232864704447306,False
ADER,-0.0271259658038616,-2.434216260910034,0.1504510231316089,ADE,False,-279.4480267524719,15.261438641953319,0.13293936099262474,False
ADER,-0.1593235209584236,-2.4331066012382507,0.3276292085647583,ADE,False,-279.3206378221512,13.261800619380749,0.11552091131864764,False
ADER,-0.1472330018877983,-2.433106541633606,0.3276292085647583,ADE,False,-279.32063097953795,12.801761768291293,0.11151360425340848,False
ADER,-0.1532782614231109,-2.4310853481292725,0.3333265483379364,ADE,False,-279.08859796524047,12.827786665370855,0.11174030196316076,False
ADER,-0.0331231411546468,-2.427206873893738,0.1530614383518695,ADE,False,-278.6433491230011,14.414722080434604,0.12556378118845474,False
ADER,-0.1532782912254333,-2.427025616168976,0.3148611783981323,ADE,False,-278.6225407361984,12.28259533760998,0.10699124858545278,False
ADER,-0.0318339057266712,-2.4263303875923157,0.1546543575823307,ADE,False,-278.5427284955978,14.23344638704083,0.1239847246257912,False
ADER,-0.032053941860795,-2.4261207580566406,0.1514314711093902,ADE,False,-278.5186630249023,14.392334025273684,0.12536876328635613,False
ADER,-0.0307647064328193,-2.4252442717552185,0.1530243903398513,ADE,False,-278.41804239749905,14.214741710511417,0.12382179190340956,False
ADER,-0.1632782369852066,-2.423682153224945,0.3242856413125992,ADE,False,-278.2387111902237,12.436037143344375,0.10832784968070014,False
ADER,-0.1432783454656601,-2.4236820936203003,0.3242856413125992,ADE,False,-278.23870434761045,11.620446210414494,0.10122339904542242,False
ADER,-0.1532782912254333,-2.4203386306762695,0.333710104227066,ADE,False,-277.85487480163573,11.671722907124698,0.10167006016659144,False
ADER,-0.0560080576688051,-2.4183753728866577,0.168352011591196,ADE,False,-277.6294928073883,12.667512986824338,0.1103441897806998,False
ADER,-0.0549095552414655,-2.4169150590896606,0.1696980260312557,ADE,False,-277.46184878349305,12.444178942567262,0.10839877127671832,False
ADER,-0.0561177525669336,-2.416847467422486,0.1668647304177284,ADE,False,-277.45408926010134,12.598626590637247,0.10974413406478438,False
ADER,-0.1532783210277557,-2.4162830114364624,0.3152330666780472,ADE,False,-277.38928971290585,11.136246895016514,0.09700563497401145,False
ADER,-0.055019250139594,-2.4153871536254883,0.168210744857788,ADE,False,-277.286445236206,12.372807042856966,0.10777706483324884,False
ADER,-0.1472207009792328,-2.414257645606994,0.32094207406044,ADE,False,-277.15677771568295,10.722462067616952,0.09340123752279575,False
ADER,-0.1593359410762787,-2.414257645606994,0.32094207406044,ADE,False,-277.15677771568295,11.257414684268,0.09806110352149826,False
ADER,-0.1532783210277557,-2.413395881652832,0.3183379620313644,ADE,False,-277.0578472137451,10.855556197992625,0.09456059405916921,False
ADER,-0.1551739946007728,-2.412476181983948,0.3199526667594909,ADE,False,-276.95226569175725,10.863632342219278,0.09463094374755468,False
ADER,-0.1513826474547386,-2.412476181983948,0.3199526667594909,ADE,False,-276.95226569175725,10.692936675886973,0.09314404769936388,False
ADER,-0.1532783210277557,-2.412232279777527,0.3266510814428329,ADE,False,-276.92426571846005,10.779455839892902,0.09389769895377093,False
ADER,-0.1532783210277557,-2.4115564823150635,0.3215673714876175,ADE,False,-276.8466841697693,10.686287206543403,0.09308612549253835,False
ADER,-0.1007200460880994,-2.408874928951263,0.2187896408140659,ADE,False,-276.538841843605,9.22432039915609,0.08035122298916456,False
ADER,-0.1532782912254333,-2.408672571182251,0.3078384697437286,ADE,False,-276.5156111717224,10.290910903456119,0.08964208104055853,False
ADER,-0.1549543440341949,-2.4072699546813965,0.3084069341421127,ADE,False,-276.3545907974243,10.23154436663289,0.08912495092885793,False
ADER,-0.1516022384166717,-2.4072699546813965,0.3084069341421127,ADE,False,-276.3545907974243,10.071305092225353,0.08772913843401876,False
ADER,-0.1017776355147361,-2.40726637840271,0.2175621539354324,ADE,False,-276.3541802406311,9.085506287401444,0.07914204083102303,False
ADER,-0.0994105078279972,-2.407266318798065,0.2197437547147274,ADE,False,-276.35417339801785,9.012801036193562,0.07850871982747006,False
ADER,-0.1532782912254333,-2.405867338180542,0.3089753985404968,ADE,False,-276.19357042312623,10.009953449759795,0.08719471646132226,False
ADER,-0.1004680972546339,-2.4056577682495117,0.2185162678360939,ADE,False,-276.16951179504395,8.873019914894227,0.07729111424123891,False
ADER,-0.1391082964837551,-2.4054579734802246,0.2759431228041649,ADE,False,-276.14657535552976,9.177051633444163,0.07993947415892129,False
ADER,-0.1405430920422077,-2.403817117214203,0.2753384634852409,ADE,False,-275.9582050561905,9.044248192280351,0.07878264975853964,False
ADER,-0.1375626735389232,-2.403817117214203,0.2762982100248337,ADE,False,-275.9582050561905,8.947989991923707,0.07794416369271523,False
ADER,-0.1389974690973758,-2.402176260948181,0.2756935507059097,ADE,False,-275.7698347568512,8.812123920096697,0.07676066132488413,False
ADFL,0.0069265393540263,-3.494608998298645,0.5902633666992188,ADF,False,-401.18111300468445,135.83035846472046,1.183191275825091,False
ADFL,0.0069265393540263,-3.490548253059387,0.5878706276416779,ADF,False,-400.7149394512176,135.32954815230738,1.1788288166577299,False
ADFL,0.0049175843596458,-3.4903634190559387,0.5898710638284683,ADF,False,-400.6937205076218,135.34158306957096,1.1789336504318029,False
ADFL,0.0089354943484067,-3.490363359451294,0.5898710638284683,ADF,False,-400.69371366500854,135.3410999134222,1.1789294417545488,False
ADFL,0.0069265393540263,-3.4901785254478455,0.5918715000152588,ADF,False,-400.67249472141265,135.35399137732256,1.1790417367362593,False
ADFL,0.0100054242648184,-3.457266688346863,0.5855315625667572,ADF,False,-396.89421582221985,131.5094235133829,1.1455524696287709,False
ADFL,0.007996467873454,-3.457081913948059,0.5875319838523865,ADF,False,-396.8730037212372,131.52222481022764,1.1456639791831675,False
ADFL,0.0120143806561827,-3.4570817947387695,0.5875319838523865,ADF,False,-396.8729900360107,131.5220780915143,1.1456627011455949,False
ADFL,0.0100054242648184,-3.456897020339966,0.5895324051380157,ADF,False,-396.85177793502805,131.5348781510877,1.1457741999223667,False
ADFL,0.0178304216824471,-3.40001529455185,0.5798014104366302,ADF,False,-390.3217558145524,124.91152308860389,1.0880794694129259,False
ADFL,0.0158214652910828,-3.3998305201530457,0.5818018317222595,ADF,False,-390.30054371356965,124.92512359063002,1.0881979406849305,False
ADFL,0.0198393780738115,-3.3998303413391113,0.5818018317222595,ADF,False,-390.30052318572996,124.92453032562169,1.088192772871269,False
ADFL,0.0178304216824471,-3.3996455669403076,0.5838022530078888,ADF,False,-390.2793110847473,124.9381294068716,1.0883112317671741,False
ADFL,0.0265924725681543,-3.345822513103485,0.5732188820838928,ADF,False,-384.10042450428006,118.6469154007834,1.0335097160346987,False
ADFL,0.0245835166424512,-3.3456376791000366,0.5752193182706833,ADF,False,-384.0792055606842,118.66089580195977,1.0336314965327507,False
ADFL,0.0286014284938573,-3.345637559890747,0.5752193182706833,ADF,False,-384.07919187545775,118.66024162042865,1.0336257980873576,False
ADFL,0.0265924725681543,-3.3454527258872986,0.5772197544574738,ADF,False,-384.05797293186185,118.67422045467308,1.0337475649361767,False
ADFL,0.0402649189345538,-3.2607011795043945,0.5643454939126968,ADF,False,-374.32849540710447,108.83374485918232,0.9480291364040272,False
ADFL,0.0422738753259182,-3.260516345500946,0.5663459300994873,ADF,False,-374.3072764635086,108.84817074958453,0.9481547974702486,False
ADFL,0.0382559625431895,-3.260516345500946,0.5663459450006485,ADF,False,-374.3072764635086,108.84756767756504,0.9481495442296607,False
ADFL,0.0402649189345538,-3.2603315114974976,0.568346381187439,ADF,False,-374.28605751991273,108.86303784651759,0.9482843017989336,False
ADFL,0.055799301713705,-3.1236528754234314,0.5484705418348312,ADF,False,-358.5953500986099,93.00836811344378,0.8101774225909737,False
ADFL,0.053790345788002,-3.1235605478286743,0.5504752546548843,ADF,False,-358.5847508907318,93.03480510937328,0.8104077100119624,False
ADFL,0.0578082576394081,-3.1235604286193848,0.5504752397537231,ADF,False,-358.58473720550535,93.03549330806244,0.810413704774063,False
ADFL,0.055799301713705,-3.1234681010246277,0.5524799525737762,ADF,False,-358.57413799762725,93.06192139101624,0.8106439145558906,False
ADFL,0.0665257386863231,-3.0216773748397827,0.5366202741861343,ADF,False,-346.88856263160704,81.2475904977028,0.7077316245444495,False
ADFL,0.0685346964746713,-3.021677315235138,0.5386292338371277,ADF,False,-346.8885557889938,81.29034618547195,0.7081040608490587,False
ADFL,0.0685346964746713,-3.021677255630493,0.534611314535141,ADF,False,-346.8885489463806,81.21390032178108,0.7074381561130757,False
ADFL,0.0705436542630195,-3.0216771960258484,0.5366202741861343,ADF,False,-346.8885421037674,81.25667373545747,0.7078107468245425,False
ADFL,0.0752025991678237,-2.981651782989502,0.5300426632165909,ADF,False,-342.29362468719484,76.61608809288539,0.6673875269415104,False
ADFL,0.0772115588188171,-2.981651782989502,0.5320516228675842,ADF,False,-342.29362468719484,76.66215906885907,0.6677888420632323,False
ADFL,0.0792205184698104,-2.981651723384857,0.5300426632165909,ADF,False,-342.2936178445816,76.63173100261768,0.6675237892214084,False
ADFL,0.0772115588188171,-2.981651723384857,0.5280337035655975,ADF,False,-342.2936178445816,76.58564172229204,0.6671223146541119,False
ADFL,0.0770219415426254,-2.948763608932495,0.5240248441696167,ADF,False,-338.5180623054504,72.78728054489788,0.6340355448161836,False
ADFL,0.0790309011936187,-2.948763608932495,0.5220158696174622,ADF,False,-338.5180623054504,72.75809069439295,0.6337812778257226,False
ADFL,0.0810398608446121,-2.948763608932495,0.5240248441696167,ADF,False,-338.5180623054504,72.8050764795339,0.6341905616684137,False
ADFL,0.0790309011936187,-2.948763608932495,0.5260338187217712,ADF,False,-338.5180623054504,72.83424751033712,0.6344446647241909,False
ADFL,0.0766517594456672,-2.9103851318359375,0.5175320208072662,ADF,False,-334.1122131347656,68.32022786486647,0.5951239361051086,False
ADFL,0.0786607190966606,-2.9103851318359375,0.5155230611562729,ADF,False,-334.1122131347656,68.29150266516044,0.5948737165954742,False
ADFL,0.0746427997946739,-2.9103851318359375,0.5155230611562729,ADF,False,-334.1122131347656,68.27437547384095,0.5947245250334577,False
ADFL,0.0766517594456672,-2.9103851318359375,0.5135141015052795,ADF,False,-334.1122131347656,68.24563097445397,0.5944741374081357,False
ADFL,0.0681532714515924,-2.8397409915924072,0.4891739338636398,ADF,False,-326.0022658348083,59.78664215438391,0.5207895658047379,False
ADFL,0.0661443136632442,-2.8397409915924072,0.491182878613472,ADF,False,-326.0022658348083,59.81243932500506,0.5210142798345389,False
ADFL,0.0701622292399406,-2.8397409915924072,0.491182878613472,ADF,False,-326.0022658348083,59.82446704566563,0.5211190509204323,False
ADFL,0.0681532714515924,-2.8397409915924072,0.4931918233633041,ADF,False,-326.0022658348083,59.85024790114202,0.5213436228322476,False
ADFL,0.0588518641889095,-2.765084981918335,0.4584339410066604,ADF,False,-317.43175592422483,50.85639828878689,0.4429999850939625,False
ADFL,0.0568429082632064,-2.765084981918335,0.4564249888062477,ADF,False,-317.43175592422483,50.834850165737066,0.4428122836736678,False
ADFL,0.0588518641889095,-2.765084981918335,0.4544160366058349,ADF,False,-317.43175592422483,50.8177590321917,0.4426634062037605,False
ADFL,0.0608608201146125,-2.765084981918335,0.4564249888062477,ADF,False,-317.43175592422483,50.83931440315865,0.4428511707592217,False
ADFL,-0.0075601958669722,-2.754893481731415,0.530913770198822,ADF,False,-316.2617717027664,51.11662343682336,0.44526675467616167,False
ADFL,-0.0210839137434959,-2.753685772418976,0.5340516120195389,ADF,False,-316.12312667369844,51.07218580610626,0.4448796673005772,False
ADFL,-0.0072502000257372,-2.7535150051116943,0.5325792580842972,ADF,False,-316.1035225868225,51.01182977350182,0.44435391788764655,False
ADFL,-0.0078701917082071,-2.753170549869538,0.5296077877283096,ADF,False,-316.0639791250229,50.88768907807967,0.44327255294494483,False
ADFL,0.017473567277193,-2.7530137300491333,0.5193767547607422,ADF,False,-316.0459762096405,50.591087816405434,0.4406889182613714,False
ADFL,-0.0075601958669722,-2.751792073249817,0.5312732756137848,ADF,False,-315.905730009079,50.782449937128774,0.44235583568927506,False
ADFL,0.0183127392083406,-2.7516502141952515,0.5208216607570648,ADF,False,-315.88944458961487,50.47640487520053,0.43968993793728683,False
ADFL,0.016686828341335,-2.75132668018341,0.5182775110006332,ADF,False,-315.8523028850555,50.37431843588747,0.4388006832394379,False
ADFL,0.0175260002724826,-2.749963164329529,0.5197224169969559,ADF,False,-315.6957712650299,50.25915445038442,0.4377975126340107,False
ADFL,0.0366295897401869,-2.749756872653961,0.4979313015937805,ADF,False,-315.67208898067474,49.721481695272914,0.43311395204941566,False
ADFL,0.0378532828763127,-2.748444378376007,0.4989490061998367,ADF,False,-315.5214146375656,49.59483580320883,0.43201076483631384,False
ADFL,0.0355659672059118,-2.7481329441070557,0.4972056299448013,ADF,False,-315.48566198349,49.523274839532384,0.4313874114941845,False
ADFL,0.0367896603420376,-2.7468204498291016,0.4982233345508575,ADF,False,-315.33498764038086,49.39614513793471,0.4302800099123233,False
ADFL,0.0469840802252292,-2.745733678340912,0.4699127525091171,ADF,False,-315.21022627353665,48.781042987090665,0.42492197723946573,False
ADFL,0.0484603578224778,-2.7444722056388855,0.4702731445431709,ADF,False,-315.06540920734403,48.643017270524446,0.42371966263523037,False
ADFL,0.045767487026751,-2.7441729307174683,0.4697358310222626,ADF,False,-315.0310524463653,48.60050988360352,0.4233493892299958,False
ADFL,0.0472437646239995,-2.742911458015442,0.4700962230563164,ADF,False,-314.8862353801727,48.46199964478145,0.4221428540486189,False
ADFL,0.0471230270341038,-2.7413476705551147,0.4397259727120399,ADF,False,-314.70671257972714,47.985315608519,0.41799055408117597,False
ADFL,0.048570835031569,-2.7400861978530884,0.4393181577324867,ADF,False,-314.5618955135345,47.83741621376828,0.4167022318272498,False
ADFL,0.045988324098289,-2.739786982536316,0.4401655346155166,ADF,False,-314.52754559516904,47.81040633273041,0.4164669541178607,False
ADFL,0.0474361320957541,-2.7385255098342896,0.4397577196359634,ADF,False,-314.38272852897643,47.662004738476966,0.41517425730380636,False
ADFL,0.0367223294451832,-2.737356424331665,0.4114588275551796,ADF,False,-314.24851751327515,47.344003106785436,0.41240420824725993,False
ADFL,0.0378238423727452,-2.7359862327575684,0.4105274304747581,ADF,False,-314.0912195205688,47.18215941348957,0.4109944199781322,False
ADFL,0.0359164709225297,-2.7359114289283752,0.4125300124287605,ADF,False,-314.08263204097744,47.18497797817116,0.41101897193528886,False
ADFL,0.0370179838500916,-2.7345412373542786,0.4115986153483391,ADF,False,-313.92533404827117,47.022613452733154,0.40960464680081143,False
ADFL,0.0175261371769011,-2.734211504459381,0.3896031752228737,ADF,False,-313.8874807119369,46.84788450447188,0.4080826176347725,False
ADFL,0.0171076189726591,-2.7328822016716003,0.3910374864935875,ADF,False,-313.7348767518997,46.70357660569075,0.4068255801889438,False
ADFL,0.0182518446817994,-2.732732594013214,0.3884663134813308,ADF,False,-313.717701792717,46.6709642064264,0.40654150005597905,False
ADFL,-0.0022485977970063,-2.7325602173805237,0.3781154006719589,ADF,False,-313.6979129552841,46.67046198292883,0.4065371252868365,False
ADFL,0.0178333264775574,-2.7314032912254333,0.3899006247520447,ADF,False,-313.5650978326797,46.527493408815225,0.4052917544321884,False
ADFL,-0.0029777195304632,-2.731223464012146,0.3792874589562416,ADF,False,-313.5444536685944,46.52701528515981,0.40528758959198447,False
ADFL,-0.0014078137464821,-2.7310743927955627,0.3771151155233383,ADF,False,-313.5273402929306,46.48925616712559,0.404958677413986,False
ADFL,-0.0140756573528051,-2.730973720550537,0.3674276471138,ADF,False,-313.51578311920167,46.528502284952104,0.4053005425518476,False
ADFL,-0.0021369354799389,-2.729737639427185,0.378287173807621,ADF,False,-313.3738810062408,46.347649614559145,0.40372517085852916,False
ADFL,-0.0128299919888377,-2.7294809818267822,0.3670161142945289,ADF,False,-313.34441671371457,46.34341389639925,0.4036882743588785,False
ADFL,-0.0153870824724435,-2.729404628276825,0.3677733018994331,ADF,False,-313.3356513261795,46.351491609309676,0.40375863771175674,False
ADFL,-0.0141414171084761,-2.72791188955307,0.367361769080162,ADF,False,-313.1642849206924,46.17906603237337,0.40225667275586563,False
ADFL,0.0485238982364535,-2.7241687774658203,0.432151198387146,ADF,False,-312.73457565307615,45.96761333637323,0.40041475031684004,False
ADFL,0.0465974584221839,-2.7241361141204834,0.4340770617127418,ADF,False,-312.7308259010315,45.97496344061035,0.4004787756150728,False
ADFL,0.050450338050723,-2.7241361141204834,0.4340770617127418,ADF,False,-312.7308259010315,45.97628453293474,0.4004902833879333,False
ADFL,0.0485238982364535,-2.7241034507751465,0.4360029250383377,ADF,False,-312.7270761489868,45.98382335600743,0.40055595257846194,False
ADFL,-0.0177166387438774,-2.721889555454254,0.3317388743162155,ADF,False,-312.47292096614837,45.27477428454755,0.3943795669385675,False
ADFL,-0.0161219546571373,-2.7204694747924805,0.3323236256837845,ADF,False,-312.30989570617675,45.1221325272292,0.3930499349061777,False
ADFL,-0.019318445585668,-2.7202215790748596,0.3321342095732689,ADF,False,-312.2814372777939,45.090895381422136,0.39277783433294544,False
ADFL,-0.017723761498928,-2.718801498413086,0.3327189609408378,ADF,False,-312.11841201782227,44.93824404360652,0.3914481188467467,False
ADFL,-0.0179402353242039,-2.7024214267730713,0.2887609601020813,ADF,False,-310.23797979354856,42.6603510853239,0.37160584569097477,False
ADFL,-0.0161411128938198,-2.7011908292770386,0.2900906205177307,ADF,False,-310.096707201004,42.524989052285044,0.370426733904922,False
ADFL,-0.0197439445182681,-2.7009745836257935,0.289843775331974,ADF,False,-310.0718822002411,42.499058333730716,0.3702008565655986,False
ADFL,-0.0179448220878839,-2.6997439861297607,0.2911734357476234,ADF,False,-309.9306096076965,42.364140052239925,0.36902561021114916,False
ADFL,0.0393673656508326,-2.6989786028862,0.4213900417089462,ADF,False,-309.8427436113357,43.00784434772902,0.37463279048544446,False
ADFL,0.0373309943825006,-2.6985562443733215,0.4233554750680923,ADF,False,-309.7942568540573,42.97038935760695,0.37430652750528703,False
ADFL,0.0414037369191646,-2.6985561847686768,0.4233554750680923,ADF,False,-309.7942500114441,42.97174017779147,0.374318294231633,False
ADFL,0.0393673656508326,-2.6981338262557983,0.4253209084272384,ADF,False,-309.74576325416564,42.93422131686651,0.3739914748855968,False
ADFL,0.0373567384667694,-2.690607011318207,0.4138327017426491,ADF,False,-308.88168489933014,42.00248337322517,0.3658752907075363,False
ADFL,0.0312423324212431,-2.688468813896179,0.4195610508322716,ADF,False,-308.63621983528134,41.78742437187579,0.3640019544588483,False
ADFL,0.0434711445122957,-2.6884687542915344,0.4195610582828522,ADF,False,-308.63621299266816,41.7972552642585,0.36408758940991726,False
ADFL,0.0373567384667694,-2.686330556869507,0.4252894073724746,ADF,False,-308.39074792861936,41.58120453406288,0.36220561440821325,False
ADFL,-0.0128001030534505,-2.6836507320404053,0.2700354382395744,ADF,False,-308.0831040382385,40.42979697330949,0.3521759318232534,False
ADFL,-0.0140467323362827,-2.6833727955818176,0.2684117555618286,ADF,False,-308.05119693279266,40.390585106039254,0.35183436503518517,False
ADFL,0.0373567389324307,-2.6825971603393555,0.4066954478621483,ADF,False,-307.962154006958,41.038018321939845,0.357474027194598,False
ADFL,-0.014064785093069,-2.682145893573761,0.271544449031353,ADF,False,-307.9103485822678,40.26318234635179,0.35072458489853475,False
ADFL,-0.0153114143759012,-2.6818679571151733,0.2699207663536072,ADF,False,-307.8784414768219,40.22476029889228,0.3503898980739746,False
ADFL,0.0273567456752061,-2.679100215435028,0.4160640612244606,ADF,False,-307.5607047319412,40.68936812481311,0.35443700457154276,False
ADFL,0.0473567321896553,-2.6791001558303833,0.4160640686750412,ADF,False,-307.56069788932797,40.70059171888305,0.3545347710704098,False
ADFL,0.0373567389324307,-2.675603210926056,0.4254326820373535,ADF,False,-307.1592486143112,40.352880386356915,0.3515059267104261,False
ADFL,0.0373567384667694,-2.6718124747276306,0.4069921374320984,ADF,False,-306.724072098732,39.80371819747014,0.34672228395008836,False
ADFL,0.0314060924574732,-2.669731616973877,0.4125670790672302,ADF,False,-306.48518962860106,39.594925152366585,0.3449035292017995,False
ADFL,0.0433073844760656,-2.6697314977645874,0.4125670790672302,ADF,False,-306.4851759433746,39.60377811200228,0.3449806455749328,False
ADFL,0.037356736138463,-2.6678672432899475,0.4093308746814728,ADF,False,-306.271159529686,39.367604167913946,0.34292338125360583,False
ADFL,0.0129767498001456,-2.667837083339691,0.2816710472106933,ADF,False,-306.26769716739653,38.66344316876414,0.3367895746408026,False
ADFL,0.0373567384667694,-2.6676506400108337,0.418142020702362,ADF,False,-306.2462934732437,39.39510834134872,0.34316296464589474,False
ADFL,0.0354554373770952,-2.6669015288352966,0.4109304845333099,ADF,False,-306.16029551029203,39.26698467972899,0.3420469048756881,False
ADFL,0.0392580348998308,-2.666901469230652,0.4109304845333099,ADF,False,-306.1602886676788,39.26598082192324,0.3420381604697147,False
ADFL,0.0118782091885805,-2.666104555130005,0.2831028029322624,ADF,False,-306.0688029289245,38.47052429886722,0.33510909668002803,False
ADFL,0.013314539566636,-2.666098713874817,0.2801740393042564,ADF,False,-306.06813235282897,38.45866041781585,0.33500575276843075,False
ADFL,0.037356736138463,-2.665935754776001,0.4125300943851471,ADF,False,-306.0494246482849,39.166379616988365,0.3411705541549509,False
ADFL,0.0122159989550709,-2.6643661856651306,0.2816057950258255,ADF,False,-305.86923811435696,38.26488040561254,0.3333177735680535,False
ADFL,0.0373567342758178,-2.6619499921798706,0.3963605836033821,ADF,False,-305.59185910224915,38.61355322206965,0.3363549932236032,False
ADFL,0.0392580330371856,-2.6603676676750183,0.397124283015728,ADF,False,-305.4102082490921,38.43944969524232,0.3348384119794627,False
ADFL,0.03545543551445,-2.6603676676750183,0.3971242904663086,ADF,False,-305.4102082490921,38.43402201762814,0.3347911325577364,False
ADFL,0.0373567342758178,-2.658785343170166,0.3978879898786545,ADF,False,-305.22855739593507,38.258919656856314,0.3332658506694801,False
ADFL,0.0372846582904458,-2.657034993171692,0.3462388142943382,ADF,False,-305.02761721611023,37.77621773067755,0.32906113005816684,False
ADFL,0.0363125875592231,-2.656803607940674,0.3029964491724968,ADF,False,-305.00105419158933,37.51262836341895,0.3267650554304786,False
ADFL,0.0354295428842306,-2.655182421207428,0.3462524637579918,ADF,False,-304.8149419546127,37.56173542126423,0.3271928172583992,False
ADFL,0.0391397736966609,-2.655182421207428,0.3462524563074112,ADF,False,-304.8149419546127,37.567060425516196,0.32723920231285886,False
ADFL,0.0379019109532237,-2.6549965143203735,0.3023631647229194,ADF,False,-304.7935998439789,37.304135835083486,0.3249489184240722,False
ADFL,0.0346724083647131,-2.6549965143203735,0.3034830838441849,ADF,False,-304.7935998439789,37.30687173855486,0.3249727503358437,False
ADFL,0.0372846582904458,-2.653329849243164,0.3462661057710647,ADF,False,-304.6022666931152,37.35137383255997,0.32536039923832727,False
ADFL,0.0362617317587137,-2.6531894207000732,0.3028497993946075,ADF,False,-304.5861454963684,37.09734740688155,0.3231476254954839,False
ADFR,-0.0496447533369064,-3.494608998298645,0.5902633965015411,ADF,False,-401.18111300468445,135.8291398280347,1.1831806605229505,False
ADFR,-0.0496447533369064,-3.490548253059387,0.5878706276416779,ADF,False,-400.7149394512176,135.3283501650495,1.1788183812286541,False
ADFR,-0.0516537055373191,-3.4903634190559387,0.5898710787296295,ADF,False,-400.6937205076218,135.3409507139992,1.1789281421080071,False
ADFR,-0.0476358011364936,-3.4903634190559387,0.5898710787296295,ADF,False,-400.6937205076218,135.3400602820899,1.1789203857324904,False
ADFR,-0.0496447533369064,-3.4901785850524902,0.5918715298175812,ADF,False,-400.6725015640259,135.35275093154112,1.1790309314594174,False
ADFR,-0.0527236405760049,-3.457266688346863,0.5855315625667572,ADF,False,-396.89421582221985,131.50897305897695,1.1455485458099037,False
ADFR,-0.0507146846503019,-3.457081913948059,0.5875319838523865,ADF,False,-396.8730037212372,131.52159707235,1.1456585110831883,False
ADFR,-0.054732596501708,-3.4570818543434143,0.5875319838523865,ADF,False,-396.87299687862395,131.52102397662605,1.1456535189601573,False
ADFR,-0.0527236405760049,-3.4568970799446106,0.5895324051380157,ADF,False,-396.8517847776413,131.5343831570046,1.1457698881272178,False
ADFR,-0.0605486407876014,-3.40001529455185,0.5798014104366302,ADF,False,-390.3217558145524,124.91136751309362,1.0880781142255542,False
ADFR,-0.0585396829992532,-3.3998305201530457,0.5818018317222595,ADF,False,-390.30054371356965,124.92384713078869,1.0881868216967656,False
ADFR,-0.0625575985759496,-3.399830400943756,0.5818018317222595,ADF,False,-390.3005300283432,124.92374357730344,1.088185919662922,False
ADFR,-0.0605486407876014,-3.3996456265449524,0.5838022530078888,ADF,False,-390.2793179273605,124.9379265214159,1.088309464472264,False
ADFR,-0.0693106912076473,-3.345822513103485,0.5732188820838928,ADF,False,-384.10042450428006,118.64679987810086,1.0335087097395546,False
ADFR,-0.0673017352819442,-3.3456377387046814,0.5752193182706833,ADF,False,-384.0792124032974,118.65954175227802,1.0336197016748956,False
ADFR,-0.0713196471333503,-3.3456376791000366,0.5752193182706833,ADF,False,-384.0792055606842,118.65947301349782,1.0336191029050332,False
ADFR,-0.0693106912076473,-3.345452904701233,0.5772197544574738,ADF,False,-384.05799345970155,118.67406828222042,1.033746239392164,False
ADFR,-0.0829831343144178,-3.2607011795043945,0.564345508813858,ADF,False,-374.32849540710447,108.83198154043099,0.9480137764845905,False
ADFR,-0.0809741765260696,-3.260516405105591,0.5663459450006485,ADF,False,-374.3072833061218,108.84647024610302,0.9481399847221518,False
ADFR,-0.084992092102766,-3.260516345500946,0.5663459450006485,ADF,False,-374.3072764635086,108.84673265952978,0.9481422705533953,False
ADFR,-0.0829831343144178,-3.2603315711021423,0.568346381187439,ADF,False,-374.2860643625259,108.86121940024714,0.9482684616746266,False
ADFR,-0.0985175184905529,-3.123652935028076,0.5484705865383148,ADF,False,-358.59535694122314,93.00725923815989,0.8101677633986053,False
ADFR,-0.0965085625648498,-3.1235605478286743,0.5504752695560455,ADF,False,-358.5847508907318,93.03444773309539,0.8104045969781829,False
ADFR,-0.1005264744162559,-3.1235604286193848,0.5504752695560455,ADF,False,-358.58473720550535,93.03354670894016,0.8103967483357157,False
ADFR,-0.0985175184905529,-3.123468041419983,0.5524799525737762,ADF,False,-358.574131155014,93.0607263053569,0.8106335044020636,False
ADFR,-0.109243955463171,-3.0216773748397827,0.5366203039884567,ADF,False,-346.88856263160704,81.2415310206654,0.7076788416434269,False
ADFR,-0.1112529095262289,-3.0216773748397827,0.5346113443374634,ADF,False,-346.88856263160704,81.20698281157567,0.7073778990555373,False
ADFR,-0.1132618635892868,-3.021677315235138,0.5366202890872955,ADF,False,-346.8885557889938,81.24880808166242,0.7077422306765019,False
ADFR,-0.1112529095262289,-3.021677315235138,0.5386292487382889,ADF,False,-346.8885557889938,81.28333851236513,0.7080430184003932,False
ADFR,-0.117920808494091,-2.981651782989502,0.5300426781177521,ADF,False,-342.29362468719484,76.60556763993617,0.6672958853652976,False
ADFR,-0.1199297662824392,-2.981651782989502,0.5280337035655975,ADF,False,-342.29362468719484,76.57420196304066,0.667022665183281,False
ADFR,-0.1219387240707874,-2.981651782989502,0.5300426632165909,ADF,False,-342.29362468719484,76.61928911977726,0.6674154104510215,False
ADFR,-0.1199297662824392,-2.981651782989502,0.5320516377687454,ADF,False,-342.29362468719484,76.65063635330516,0.6676884699765258,False
ADFR,-0.121749110519886,-2.948763608932495,0.5260338187217712,ADF,False,-338.5180623054504,72.82127766999503,0.6343316870208626,False
ADFR,-0.1237580701708793,-2.948763608932495,0.5240248590707779,ADF,False,-338.5180623054504,72.79113224716056,0.6340690962296216,False
ADFR,-0.1197401508688926,-2.948763608932495,0.5240248590707779,ADF,False,-338.5180623054504,72.77536492291138,0.6339317501995765,False
ADFR,-0.121749110519886,-2.948763608932495,0.5220158994197845,ADF,False,-338.5180623054504,72.74520047395583,0.6336689936755735,False
ADFR,-0.1193699724972248,-2.9103851318359375,0.5135141313076019,ADF,False,-334.1122131347656,68.2333055372537,0.5943667729725932,False
ADFR,-0.1213789321482181,-2.9103851318359375,0.5155230909585953,ADF,False,-334.1122131347656,68.27805326130058,0.594756561509587,False
ADFR,-0.1193699724972248,-2.9103851318359375,0.5175320506095886,ADF,False,-334.1122131347656,68.30781724925096,0.595015829697308,False
ADFR,-0.1173610128462314,-2.9103851318359375,0.5155230909585953,ADF,False,-334.1122131347656,68.26308903605435,0.5946262111154561,False
ADFR,-0.1108714900910854,-2.8397409915924072,0.4891739338636398,ADF,False,-326.0022658348083,59.77832989986412,0.5207171594064819,False
ADFR,-0.1128804497420787,-2.8397409915924072,0.4911829009652138,ADF,False,-326.0022658348083,59.81486795152351,0.5210354351178006,False
ADFR,-0.108862530440092,-2.8397409915924072,0.4911829009652138,ADF,False,-326.0022658348083,59.805311004588965,0.5209521864511234,False
ADFR,-0.1108714900910854,-2.8397409915924072,0.4931918680667877,ADF,False,-326.0022658348083,59.841832588799164,0.5212703187177627,False
ADFR,-0.1015700846910476,-2.765084981918335,0.4584339633584022,ADF,False,-317.43175592422483,50.85417678211978,0.4429806339905904,False
ADFR,-0.103579044342041,-2.765084981918335,0.4564250111579895,ADF,False,-317.43175592422483,50.835703975477095,0.44281972104074124,False
ADFR,-0.0995611250400543,-2.765084981918335,0.4564250037074089,ADF,False,-317.43175592422483,50.834148460411896,0.44280617125794336,False
ADFR,-0.1015700846910476,-2.765084981918335,0.4544160515069961,ADF,False,-317.43175592422483,50.81566836907608,0.4426451948525791,False
ADFR,-0.0351580334827303,-2.7548936009407043,0.5309137850999832,ADF,False,-316.26178538799286,51.11537955201578,0.4452559194426462,False
ADFR,-0.0216343160718679,-2.7536858320236206,0.5340516269207001,ADF,False,-316.1231335163116,51.07189659453891,0.44487714803605327,False
ADFR,-0.0354680269956588,-2.753515124320984,0.5325792878866196,ADF,False,-316.1035362720489,51.010289118358905,0.44434049754668037,False
ADFR,-0.0348480399698019,-2.7531707286834717,0.5296077877283096,ADF,False,-316.06399965286255,50.88672109432532,0.44326412103070834,False
ADFR,-0.0601917970925569,-2.753013849258423,0.5193767845630646,ADF,False,-316.0459898948669,50.59087142654616,0.4406870333322836,False
ADFR,-0.0351580334827303,-2.751792252063751,0.531273290514946,ADF,False,-315.9057505369186,50.78118437255889,0.4423448116076559,False
ADFR,-0.0610309671610593,-2.751650333404541,0.5208217054605484,ADF,False,-315.8894582748413,50.475918204706495,0.43968569864726914,False
ADFR,-0.0594050604850053,-2.7513267993927,0.5182775259017944,ADF,False,-315.85231657028197,50.37290994546147,0.43878841415907205,False
ADFR,-0.0602442305535078,-2.7499632835388184,0.5197224467992783,ADF,False,-315.6957849502563,50.258998592825684,0.43779615498977076,False
ADFR,-0.0793478190898895,-2.749756932258606,0.4979313462972641,ADF,False,-315.672095823288,49.72123328326776,0.4331117881817749,False
ADFR,-0.0805715136229991,-2.748444437980652,0.4989490434527397,ADF,False,-315.52142148017884,49.593625922247824,0.43200022580355246,False
ADFR,-0.0782841965556144,-2.748133063316345,0.4972056522965431,ADF,False,-315.4856756687164,49.52385503414846,0.4313924654542549,False
ADFR,-0.0795078910887241,-2.746820569038391,0.4982233494520187,ADF,False,-315.33500132560727,49.395762116541846,0.4302766734890405,False
ADFR,-0.0897023119032383,-2.745733857154846,0.4699127748608589,ADF,False,-315.21024680137634,48.7805891372957,0.4249180238440392,False
ADFR,-0.0911785885691642,-2.74447238445282,0.4702731668949127,ADF,False,-315.0654297351837,48.64142019790032,0.4237057508527902,False
ADFR,-0.0884857177734375,-2.7441731095314026,0.4697358459234237,ADF,False,-315.031072974205,48.600984708066,0.4233535253315854,False
ADFR,-0.0899619944393634,-2.742911636829376,0.4700962379574775,ADF,False,-314.8862559080124,48.461329647007936,0.4221370178310796,False
ADFR,-0.0898412577807903,-2.7413477897644043,0.4397259950637817,ADF,False,-314.7067262649536,47.986709237739795,0.4180026937085348,False
ADFR,-0.0912890676409006,-2.740086317062378,0.4393181875348091,ADF,False,-314.561909198761,47.83967496971784,0.4167219074017234,False
ADFR,-0.0887065548449754,-2.7397870421409607,0.4401655569672584,ADF,False,-314.5275524377823,47.81012370202325,0.4164644921779029,False
ADFR,-0.0901543647050857,-2.7385255694389343,0.4397577494382858,ADF,False,-314.38273537158966,47.66383566843008,0.4151902061709938,False
ADFR,-0.0794405583292245,-2.737356424331665,0.411458857357502,ADF,False,-314.24851751327515,47.34397211068438,0.41240393824637966,False
ADFR,-0.0805420745164156,-2.735986292362213,0.4105274677276611,ADF,False,-314.09122636318205,47.18117022711477,0.4109858033720799,False
ADFR,-0.0786347016692161,-2.7359114289283752,0.4125300496816635,ADF,False,-314.08263204097744,47.185504654293666,0.4110235597063908,False
ADFR,-0.0797362178564071,-2.7345412969589233,0.4115986600518226,ADF,False,-313.9253408908844,47.02218060006612,0.4096008763071962,False
ADFR,-0.0602443711832165,-2.734211564064026,0.3896032124757767,ADF,False,-313.88748755455015,46.85775715641885,0.4081686163451119,False
ADFR,-0.059825855307281,-2.732882261276245,0.3910375311970711,ADF,False,-313.73488359451295,46.714779461660626,0.40692316604233997,False
ADFR,-0.0609700763598084,-2.7327327132225037,0.3884663581848144,ADF,False,-313.7177154779434,46.68039520645851,0.4066236516242031,False
ADFR,-0.0404696371406316,-2.7325603365898132,0.3781154453754425,ADF,False,-313.69792664051056,46.692757656341435,0.40673133846987314,False
ADFR,-0.0605515604838728,-2.731403410434723,0.3899006769061088,ADF,False,-313.5651115179062,46.53688151989065,0.40537353240322865,False
ADFR,-0.0397405168041586,-2.7312236428260803,0.3792875036597252,ADF,False,-313.544474196434,46.53737477089624,0.40537782901477565,False
ADFR,-0.0413104202598333,-2.7310745120048523,0.3771151602268219,ADF,False,-313.527353978157,46.52288148766245,0.405251580902983,False
ADFR,-0.0286425780504941,-2.7309738397598267,0.3674276918172836,ADF,False,-313.5157968044281,46.53804861134564,0.4053836987051014,False
ADFR,-0.0405812999233603,-2.7297378182411194,0.3782872185111046,ADF,False,-313.3739015340805,46.368457634273035,0.40390642538565363,False
ADFR,-0.0298882434144616,-2.729481160640717,0.3670161515474319,ADF,False,-313.3444372415543,46.371101631577396,0.40392945672105746,False
ADFR,-0.0273311538621783,-2.7294048070907593,0.3677733540534973,ADF,False,-313.33567185401915,46.35453581056571,0.4037851551443006,False
ADFR,-0.0285768192261457,-2.727912127971649,0.3673618137836456,ADF,False,-313.16431229114534,46.18708707492098,0.4023265424644685,False
ADFR,-0.0912421233952045,-2.7241687774658203,0.4321512281894684,ADF,False,-312.73457565307615,45.96559536465306,0.40039717216596743,False
ADFR,-0.0931685641407966,-2.7241361141204834,0.4340770915150642,ADF,False,-312.7308259010315,45.97628794815214,0.4004903131372138,False
ADFR,-0.0893156826496124,-2.7241361141204834,0.4340770840644836,ADF,False,-312.7308259010315,45.97449937376859,0.40047473322098076,False
ADFR,-0.0912421233952045,-2.7241034507751465,0.4360029473900795,ADF,False,-312.7270761489868,45.985189551042,0.40056785323207317,False
ADFR,-0.0250016003847122,-2.7218896746635437,0.3317389264702797,ADF,False,-312.4729346513748,45.27582917274016,0.3943887558601059,False
ADFR,-0.0265962844714522,-2.7204697132110596,0.3323236629366874,ADF,False,-312.3099230766296,45.12467304907944,0.39307206488745156,False
ADFR,-0.0233997935429215,-2.720221698284149,0.3321342691779136,ADF,False,-312.2814509630203,45.091079217070806,0.3927794356887701,False
ADFR,-0.0249944776296615,-2.718801736831665,0.3327190056443214,ADF,False,-312.11843938827514,44.939314952168864,0.39145744731854415,False
ADFR,-0.0247780065983533,-2.7024216055870056,0.2887610197067261,ADF,False,-310.23800032138826,42.66142009563286,0.371615157627464,False
ADFR,-0.0265771280974149,-2.7011910676956177,0.2900906801223755,ADF,False,-310.0967345714569,42.528017819245754,0.37045311689238464,False
ADFR,-0.0229742974042892,-2.700974702835083,0.2898438349366188,ADF,False,-310.07189588546754,42.49917105855723,0.3702018384891745,False
ADFR,-0.0247734189033508,-2.699744164943695,0.2911734953522682,ADF,False,-309.9306301355362,42.36509495863655,0.36903392821111974,False
ADFR,-0.0820856001228094,-2.6989786624908447,0.4213900715112686,ADF,False,-309.84275045394895,43.00639941628033,0.37462020397456736,False
ADFR,-0.0841219723224639,-2.6985563039779663,0.4233555048704147,ADF,False,-309.7942636966705,42.97185958204442,0.374319334338366,False
ADFR,-0.0800492279231548,-2.6985563039779663,0.4233554974198341,ADF,False,-309.7942636966705,42.970511642601785,0.3743075927055905,False
ADFR,-0.0820856001228094,-2.698133945465088,0.4253209307789802,ADF,False,-309.7457769393921,42.93615179454033,0.3740082908932085,False
ADFR,-0.0800749715417623,-2.6906070709228516,0.4138327240943908,ADF,False,-308.88169174194337,42.00118714881965,0.3658639995541782,False
ADFR,-0.0739605650305748,-2.6884689331054688,0.4195610731840133,ADF,False,-308.6362335205078,41.78888831915089,0.36401470661281266,False
ADFR,-0.0861893780529499,-2.688468873500824,0.4195610806345939,ADF,False,-308.63622667789457,41.79564585140905,0.36407357013422514,False
ADFR,-0.0800749715417623,-2.686330735683441,0.4252894297242164,ADF,False,-308.39076845645906,41.58341942130649,0.36222490785110184,False
ADFR,-0.0299181388691067,-2.6836509704589844,0.2700355127453804,ADF,False,-308.0831314086914,40.432815569517054,0.35220222621530534,False
ADFR,-0.0286715105175972,-2.683372974395752,0.268411822617054,ADF,False,-308.0512174606323,40.39478692784834,0.3518709662704559,False
ADFR,-0.0800749659538269,-2.682597219944,0.4066954702138901,ADF,False,-307.96216084957115,41.03744638784277,0.35746904519026806,False
ADFR,-0.0286534568294882,-2.6821460723876953,0.2715445235371589,ADF,False,-307.9103691101074,40.26699387429825,0.350757786361483,False
ADFR,-0.0274068284779787,-2.681868076324463,0.2699208334088325,ADF,False,-307.87845516204834,40.227944351958016,0.3504176337278573,False
ADFR,-0.07007497549057,-2.6791003346443176,0.416064091026783,ADF,False,-307.56071841716766,40.691434540103515,0.35445500470473446,False
ADFR,-0.0900749564170837,-2.679100215435028,0.416064091026783,ADF,False,-307.5607047319412,40.70147875838808,0.3545424978953665,False
ADFR,-0.0800749659538269,-2.6756033301353455,0.4254327118396759,ADF,False,-307.15926229953766,40.35499215397667,0.3515243218987515,False
ADFR,-0.080074967816472,-2.67181259393692,0.4069921672344208,ADF,False,-306.7240857839584,39.80280135850054,0.3467142975479141,False
ADFR,-0.0741243213415145,-2.6697316765785217,0.4125671088695526,ADF,False,-306.4851964712143,39.59448059841038,0.3448996567805782,False
ADFR,-0.0860256142914295,-2.669731616973877,0.4125671088695526,ADF,False,-306.48518962860106,39.60230141399771,0.3449677823518964,False
ADFR,-0.0800749696791172,-2.667867422103882,0.4093309044837951,ADF,False,-306.2711800575256,39.365861740467466,0.34290820331417654,False
ADFR,-0.0556949898600578,-2.6678372025489807,0.2816711142659187,ADF,False,-306.267710852623,38.666251328482595,0.33681403596239196,False
ADFR,-0.080074967816472,-2.6676506996154785,0.4181420505046844,ADF,False,-306.2463003158569,39.39354246739877,0.3431493246289091,False
ADFR,-0.0781736671924591,-2.6669015884399414,0.4109305143356323,ADF,False,-306.16030235290526,39.263658282860945,0.34201792929321384,False
ADFR,-0.0819762721657753,-2.6669015884399414,0.4109305143356323,ADF,False,-306.16030235290526,39.26756032046627,0.3420519191678247,False
ADFR,-0.0545964511111378,-2.6661046743392944,0.2831028699874878,ADF,False,-306.068816614151,38.474359286950055,0.33514250249956495,False
ADFR,-0.0560327814891934,-2.6660988330841064,0.2801741063594818,ADF,False,-306.06814603805543,38.460680291938296,0.3350233474907517,False
ADFR,-0.0800749696791172,-2.665935754776001,0.4125301241874695,ADF,False,-306.0494246482849,39.16540279670343,0.34116204526745153,False
ADFR,-0.0549342427402734,-2.66436630487442,0.2816058620810509,ADF,False,-305.8692517995834,38.26792871821986,0.33334432681376186,False
ADFR,-0.0800749696791172,-2.6619502305984497,0.3963606208562851,ADF,False,-305.591886472702,38.61347405754627,0.3363543036371626,False
ADFR,-0.0781736671924591,-2.660367786884308,0.397124320268631,ADF,False,-305.41022193431854,38.433479400579536,0.3347864059283932,False
ADFR,-0.0819762721657753,-2.660367786884308,0.397124320268631,ADF,False,-305.41022193431854,38.436952595426085,0.33481666023890316,False
ADFR,-0.0800749696791172,-2.658785343170166,0.3978880196809768,ADF,False,-305.22855739593507,38.25858131874704,0.3332629034734063,False
ADFR,-0.080002898350358,-2.6570351123809814,0.3462388664484024,ADF,False,-305.02763090133664,37.77599509529214,0.3290591907255413,False
ADFR,-0.0790308285504579,-2.656803607940674,0.3029965087771415,ADF,False,-305.00105419158933,37.513635565441206,0.3267738289672579,False
ADFR,-0.0818580165505409,-2.6551824808120728,0.3462525084614754,ADF,False,-304.81494879722595,37.56452085091026,0.32721708058284205,False
ADFR,-0.0781477801501751,-2.6551824808120728,0.3462525084614754,ADF,False,-304.81494879722595,37.560227185648756,0.32717967931749786,False
ADFR,-0.0806201547384262,-2.6549965739250183,0.3023632243275642,ADF,False,-304.7936066865921,37.30521345483016,0.32495830535566345,False
ADFR,-0.0773906502872705,-2.6549965143203735,0.3034831434488296,ADF,False,-304.7935998439789,37.30784710031198,0.32498124651839705,False
ADFR,-0.080002898350358,-2.653329849243164,0.3462661504745483,ADF,False,-304.6022666931152,37.35116545131007,0.32535858407064516,False
ADFR,-0.0789799764752388,-2.653189480304718,0.3028498589992523,ADF,False,-304.5861523389816,37.09839338775508,0.32315673682713486,False
ASIL,0.0069265374913811,-3.4946088790893555,0.5902636647224426,ASI,False,-401.181099319458,135.83034986646163,1.1831912009273662,False
ASIL,0.0069265374913811,-3.4905481338500977,0.5878709405660629,ASI,False,-400.7149257659912,135.32953974450572,1.1788287434190394,False
ASIL,0.0049175806343555,-3.490363299846649,0.5898713618516922,ASI,False,-400.6937068223953,135.341574476297,1.1789335755775001,False
ASIL,0.0089354943484067,-3.490363299846649,0.5898713916540146,ASI,False,-400.6937068223953,135.34109858691818,1.1789294301996358,False
ASIL,0.0069265374913811,-3.4901784658432007,0.5918718129396439,ASI,False,-400.6724878787994,135.35398986614922,1.1790417235727284,False
ASIL,0.0100054240319877,-3.457266688346863,0.5855318307876587,ASI,False,-396.89421582221985,131.50942798081655,1.1455525085436982,False
ASIL,0.0079964669421315,-3.4570817947387695,0.5875322669744492,ASI,False,-396.8729900360107,131.52221604545574,1.1456639028349802,False
ASIL,0.012014381121844,-3.4570817947387695,0.5875322818756104,ASI,False,-396.8729900360107,131.52208311466083,1.1456627449012269,False
ASIL,0.0100054240319877,-3.4568969011306763,0.5895327180624008,ASI,False,-396.85176424980165,131.5348699541348,1.145774128520338,False
ASIL,0.0178304219152778,-3.400015354156494,0.5798016786575317,ASI,False,-390.3217626571655,124.9115343975917,1.0880795679232727,False
ASIL,0.0158214662224054,-3.399830460548401,0.5818020850419998,ASI,False,-390.3005368709564,124.92512116635741,1.0881979195675733,False
ASIL,0.0198393776081502,-3.399830460548401,0.5818021148443222,ASI,False,-390.3005368709564,124.92454871019811,1.088192933015663,False
ASIL,0.0178304219152778,-3.3996455669403076,0.5838025212287903,ASI,False,-390.2793110847473,124.93813406030715,1.0883112723023272,False
ASIL,0.0265924730338156,-3.345822691917419,0.5732191652059555,ASI,False,-384.1004450321197,118.64694053930825,1.0335099350113959,False
ASIL,0.0286014294251799,-3.345637798309326,0.5752195864915848,ASI,False,-384.0792192459106,118.66027332183752,1.0336260742320342,False
ASIL,0.0245835166424512,-3.345637798309326,0.5752195715904236,ASI,False,-384.0792192459106,118.66091371652875,1.0336316525830032,False
ASIL,0.0265924730338156,-3.345452904701233,0.5772199928760529,ASI,False,-384.05799345970155,118.6742449220265,1.033747778066433,False
ASIL,0.0402649198658764,-3.260701537132263,0.5643457919359207,ASI,False,-374.3285364627838,108.83379066525738,0.9480295354116497,False
ASIL,0.0382559625431895,-3.2605167031288147,0.56634621322155,ASI,False,-374.3073175191879,108.84761301112454,0.9481499391212939,False
ASIL,0.0422738771885633,-3.2605167031288147,0.5663462281227112,ASI,False,-374.3073175191879,108.84821661260924,0.948155196973948,False
ASIL,0.0402649198658764,-3.260331869125366,0.5683466494083405,ASI,False,-374.286098575592,108.86308323097104,0.9482846971338941,False
ASIL,0.055799301713705,-3.123653471469879,0.5484708845615387,ASI,False,-358.5954185247421,93.00844193617722,0.810178065646143,False
ASIL,0.0578082576394081,-3.1235610842704773,0.5504755824804306,ASI,False,-358.5848124742508,93.03557395116016,0.8104144072400711,False
ASIL,0.053790345788002,-3.1235610246658325,0.5504755675792694,ASI,False,-358.58480563163755,93.03486494216389,0.8104082312035182,False
ASIL,0.055799301713705,-3.1234686374664307,0.5524802654981613,ASI,False,-358.5741995811462,93.06198803863828,0.8106444951100895,False
ASIL,0.0685346983373165,-3.0216780304908752,0.5346116721630096,ASI,False,-346.8886379003525,81.2139947636882,0.7074389787777718,False
ASIL,0.0705436542630195,-3.0216780304908752,0.5366206169128418,ASI,False,-346.8886379003525,81.25677470272026,0.7078116263303159,False
ASIL,0.0665257424116134,-3.0216779708862305,0.5366206169128418,ASI,False,-346.88863105773925,81.24766449551012,0.7077322691246527,False
ASIL,0.0685346983373165,-3.0216779708862305,0.538629561662674,ASI,False,-346.88863105773925,81.29042670821497,0.708104762266681,False
ASIL,0.075202602893114,-2.981652617454529,0.5300430059432983,ASI,False,-342.2937204837799,76.61618905588266,0.6673884064101276,False
ASIL,0.0772115606814622,-2.981652617454529,0.5320519655942917,ASI,False,-342.2937204837799,76.6622600835813,0.6677897219824155,False
ASIL,0.0772115606814622,-2.981652617454529,0.5280340611934662,ASI,False,-342.2937204837799,76.58574962687358,0.6671232545894911,False
ASIL,0.0792205184698104,-2.981652617454529,0.5300430208444595,ASI,False,-342.2937204837799,76.63183895860692,0.6675247296045899,False
ASIL,0.0790309011936187,-2.9487645626068115,0.5260341614484787,ASI,False,-338.51817178726196,72.8343619672913,0.6344456617359869,False
ASIL,0.0810398608446121,-2.9487645626068115,0.5240252017974854,ASI,False,-338.51817178726196,72.80519114011653,0.6341915604539768,False
ASIL,0.0790309011936187,-2.9487645626068115,0.5220162272453308,ASI,False,-338.51817178726196,72.75820529888205,0.6337822761226659,False
ASIL,0.0770219415426254,-2.9487645626068115,0.5240251868963242,ASI,False,-338.51817178726196,72.78739495104026,0.6340365413853681,False
ASIL,0.0746428035199642,-2.915036678314209,0.5157681852579117,ASI,False,-334.6462106704712,68.80561208674607,0.5993520216615511,False
ASIL,0.0766517613083124,-2.915036678314209,0.5137592256069183,ASI,False,-334.6462106704712,68.77699524269278,0.5991027460164876,False
ASIL,0.0786607190966606,-2.915036678314209,0.5157681852579117,ASI,False,-334.6462106704712,68.82260706034755,0.5995000615012853,False
ASIL,0.0766517613083124,-2.915036678314209,0.517777144908905,ASI,False,-334.6462106704712,68.85120494805196,0.5997491720213586,False
ASIL,0.0670301709324121,-2.843361020088196,0.4910832941532135,ASI,False,-326.41784510612484,60.22473752318859,0.5246057275539076,False
ASIL,0.0689311157912015,-2.843361020088196,0.4929842352867126,ASI,False,-326.41784510612484,60.26055124276162,0.5249176937522789,False
ASIL,0.0670301709324121,-2.843361020088196,0.4948851764202118,ASI,False,-326.41784510612484,60.28598523561868,0.5251392442127063,False
ASIL,0.0651292260736227,-2.843361020088196,0.4929842352867126,ASI,False,-326.41784510612484,60.250186637536714,0.5248274097346404,False
ASIL,0.0575345149263739,-2.7651424407958984,0.468337319791317,ASI,False,-317.4383522033691,50.97465916197826,0.44403013207298136,False
ASIL,0.0557415802031755,-2.7651424407958984,0.4701302573084831,ASI,False,-317.4383522033691,50.996827045947875,0.4442232321075599,False
ASIL,0.0575345149263739,-2.7651424407958984,0.4719232022762298,ASI,False,-317.4383522033691,51.02173507846436,0.4444402010319195,False
ASIL,0.0593274496495723,-2.7651424407958984,0.4701302647590637,ASI,False,-317.4383522033691,50.99957801517926,0.4442471952541748,False
ASIL,-0.0075602061115205,-2.7548927068710327,0.5309138149023056,ASI,False,-316.26168274879456,51.11653860798812,0.4452660157490254,False
ASIL,-0.0210839249193668,-2.753684759140014,0.5340516418218613,ASI,False,-316.1230103492736,51.07207428322049,0.44487869584686834,False
ASIL,-0.0072502084076404,-2.753514289855957,0.532579317688942,ASI,False,-316.10344047546386,51.01175211745423,0.44435324144123894,False
ASIL,-0.0078702019527554,-2.7531697750091553,0.5296078324317932,ASI,False,-316.063890171051,50.887604199067816,0.4432718135807301,False
ASIL,0.0174735570326447,-2.7530133724212646,0.5193768441677094,ASI,False,-316.0459351539612,50.591050167792645,0.44068859031178265,False
ASIL,-0.0075602042488753,-2.7517913579940796,0.5312733352184296,ASI,False,-315.9056478977203,50.78237223060379,0.44235515880316895,False
ASIL,0.0183127308264374,-2.751649856567383,0.5208217650651932,ASI,False,-315.88940353393554,50.47636769429537,0.43968961406180634,False
ASIL,0.016686818562448,-2.751326322555542,0.5182776004076004,ASI,False,-315.85226182937623,50.37428075920471,0.4388003550453372,False
ASIL,0.0175259923562407,-2.74996280670166,0.5197225213050842,ASI,False,-315.6957302093506,50.259117238429305,0.43779718848806015,False
ASIL,0.0366295822896063,-2.749756693840027,0.4979314357042312,ASI,False,-315.67206845283505,49.721464302870366,0.4331138005476513,False
ASIL,0.0378532754257321,-2.7484441995620728,0.4989491328597069,ASI,False,-315.5213941097259,49.59481830496686,0.4320106124126033,False
ASIL,0.0355659583583474,-2.748132824897766,0.4972057566046715,ASI,False,-315.4856482982635,49.52326400724205,0.4313873171362548,False
ASIL,0.0367896514944732,-2.746820330619812,0.4982234537601471,ASI,False,-315.3349739551544,49.39613419418369,0.43027991458348164,False
ASIL,0.0469840727746486,-2.745733678340912,0.4699128940701484,ASI,False,-315.21022627353665,48.78104491912907,0.4249219940690686,False
ASIL,0.0484603540971875,-2.7444722652435303,0.4702732861042022,ASI,False,-315.06541604995726,48.643026014485685,0.42371973880214014,False
ASIL,0.0457674786448478,-2.7441729307174683,0.4697359651327133,ASI,False,-315.0310524463653,48.60051171663215,0.42334940519714415,False
ASIL,0.0472437599673867,-2.7429115176200867,0.4700963571667671,ASI,False,-314.88624222278594,48.462008287278344,0.4221429293316929,False
ASIL,0.0471230205148458,-2.7413476705551147,0.4397260993719101,ASI,False,-314.70671257972714,47.98531649838562,0.4179905618326274,False
ASIL,0.0485708322376012,-2.740086317062378,0.4393182918429374,ASI,False,-314.561909198761,47.837430800856666,0.4167023588924797,False
ASIL,0.0459883166477084,-2.7397868633270264,0.4401656612753868,ASI,False,-314.52753190994264,47.81039358573632,0.41646684308132687,False
ASIL,0.0474361283704638,-2.7385255098342896,0.4397578537464142,ASI,False,-314.38272852897643,47.6620056861651,0.41517426555892945,False
ASIL,0.0367223233915865,-2.737356185913086,0.4114589393138885,ASI,False,-314.2484901428223,47.343976517311276,0.4124039766316313,False
ASIL,0.0378238372504711,-2.735986053943634,0.4105275422334671,ASI,False,-314.0911989927292,47.18213962590462,0.4109942476124096,False
ASIL,0.0359164630062878,-2.7359111309051514,0.4125301316380501,ASI,False,-314.08259782791134,47.18494465051452,0.4110186816246909,False
ASIL,0.0370179768651723,-2.7345409989356995,0.4115987345576286,ASI,False,-313.9253066778183,47.02258692250351,0.40960441570125006,False
ASIL,0.0175261287949979,-2.734211027622223,0.3896032571792602,ASI,False,-313.8874259710312,46.847830346464114,0.408082145875123,False
ASIL,0.0171076101250946,-2.732881724834442,0.3910375833511352,ASI,False,-313.7348220109939,46.70352241388645,0.4068251081348994,False
ASIL,0.0182518372312188,-2.732732117176056,0.3884663954377174,ASI,False,-313.7176470518112,46.670910013473225,0.40654102799192704,False
ASIL,-0.0024624234065413,-2.7325594425201416,0.3782419264316559,ASI,False,-313.69782400131226,46.67252428645798,0.4065550896032925,False
ASIL,0.0178333185613155,-2.731402814388275,0.3899007216095924,ASI,False,-313.565043091774,46.52743935499894,0.40529128358013017,False
ASIL,-0.0030885646119713,-2.731222689151764,0.3795323222875595,ASI,False,-313.5443647146225,46.52666914929721,0.40528457447123006,False
ASIL,-0.0017143553122878,-2.7310736179351807,0.3771351054310798,ASI,False,-313.5272513389587,46.491247739941564,0.40497602560924706,False
ASIL,-0.0142852030694484,-2.7309855818748474,0.3675810843706131,ASI,False,-313.5171447992325,46.532835215670275,0.40533828585078635,False
ASIL,-0.0023404965177178,-2.729736864566803,0.3784255012869835,ASI,False,-313.373792052269,46.349727627688054,0.40374327201818866,False
ASIL,-0.0155037147924304,-2.729555904865265,0.368136391043663,ASI,False,-313.3530178785324,46.36722013192553,0.4038956457484802,False
ASIL,-0.0131552815437316,-2.7294929027557373,0.3670905083417892,ASI,False,-313.3457852363586,46.34835074432649,0.4037312782606837,False
ASIL,-0.0143737932667136,-2.728063225746155,0.3676458150148392,ASI,False,-313.1816583156586,46.19830048142893,0.40242422022150637,False
ASIL,-0.0177123667672276,-2.7219013571739197,0.3317658007144928,ASI,False,-312.47427580356594,45.276521009497834,0.3943947823126989,False
ASIL,0.0472115837037563,-2.7213656902313232,0.4603126868605613,ASI,False,-312.4127812385559,45.87871418174932,0.3996403674368407,False
ASIL,0.0490045184269547,-2.7213656902313232,0.4621056318283081,ASI,False,-312.4127812385559,45.90150829056027,0.39983892239164004,False
ASIL,0.0507974531501531,-2.7213656902313232,0.4603127017617225,ASI,False,-312.4127812385559,45.88043453286,0.3996553530736934,False
ASIL,0.0490045184269547,-2.7213656902313232,0.4585197567939758,ASI,False,-312.4127812385559,45.859293762462535,0.39947120002145065,False
ASIL,-0.0161407114937901,-2.7204813957214355,0.3323780447244644,ASI,False,-312.3112642288208,45.12431063985782,0.3930689080126988,False
ASIL,-0.0193242402747273,-2.72037273645401,0.332252450287342,ASI,False,-312.29879014492036,45.109889014264354,0.3929432840963794,False
ASIL,-0.0177525850012898,-2.718952775001526,0.3328646942973137,ASI,False,-312.13577857017515,44.95769535749549,0.39161755537888054,False
ASIL,-0.0179402474313974,-2.7024203538894653,0.2887609452009201,ASI,False,-310.2378566265106,42.660227936799544,0.37160477296863714,False
ASIL,-0.0161411240696907,-2.701189875602722,0.2900905981659889,ASI,False,-310.0965977191925,42.524879554604695,0.3704257800923754,False
ASIL,-0.0197439547628164,-2.700973391532898,0.289843738079071,ASI,False,-310.0717453479767,42.49892141929379,0.3701996639311306,False
ASIL,-0.0179448314011096,-2.699742913246155,0.2911733910441398,ASI,False,-309.93048644065857,42.36401678763964,0.36902453647769723,False
ASIL,-0.0128001142293214,-2.683649778366089,0.2700354307889938,ASI,False,-308.08299455642697,40.42968754992341,0.3521749786578694,False
ASIL,0.0373617238365113,-2.683517575263977,0.4543895423412323,ASI,False,-308.06781764030455,41.48728605113479,0.36138750915622636,False
ASIL,0.0390093876048922,-2.6833781599998474,0.4527696594595909,ASI,False,-308.0518127679825,41.45440858666392,0.36110112009289125,False
ASIL,-0.0140467463061213,-2.6833717823028564,0.268411748111248,ASI,False,-308.0510806083679,40.39046882884991,0.3518333521676822,False
ASIL,0.0357345016673207,-2.6833349466323853,0.4527855068445205,ASI,False,-308.0468518733978,41.44911920387632,0.3610550453299331,False
ASIL,0.0373821654357016,-2.6831955313682556,0.4511656239628792,ASI,False,-308.03084700107576,41.41619320665746,0.36076823350746917,False
ASIL,-0.0140647944062948,-2.6821448802948,0.2715444192290306,ASI,False,-307.910232257843,40.263065972678625,0.35072357119058034,False
ASIL,-0.0153114264830946,-2.6818668842315674,0.2699207365512848,ASI,False,-307.87831830978394,40.22463709537075,0.35038882487256756,False
ASIL,0.0129767404869198,-2.6678364872932434,0.2816710770130157,ASI,False,-306.26762874126433,38.663374894519364,0.3367889799174161,False
ASIL,0.0118782017379999,-2.666103959083557,0.2831028252840042,ASI,False,-306.0687345027923,38.470456021282985,0.33510850192755215,False
ASIL,0.0133145293220877,-2.666098117828369,0.2801740616559982,ASI,False,-306.06806392669677,38.45859209328717,0.33500515760703115,False
ASIL,0.0122159905731678,-2.664365589618683,0.2816058099269867,ASI,False,-305.86916968822476,38.26481207667185,0.3333171783682217,False
ASIL,0.0292125074192881,-2.6592036485671997,0.4554833918809891,ASI,False,-305.2765788555145,38.72362038629276,0.3373137664311216,False
ASIL,0.0307282917201519,-2.6587597131729126,0.4540586471557617,ASI,False,-305.2256150722504,38.65674276593007,0.33673120876245705,False
ASIL,0.0277171647176146,-2.6587164998054504,0.454074501991272,ASI,False,-305.2206541776657,38.65076975555657,0.3366791790553708,False
ASIL,0.0292329490184783,-2.6582725644111633,0.4526497572660446,ASI,False,-305.1696903944015,38.583751159488976,0.3360953933753395,False
ASIL,0.0363125810399651,-2.6568033695220947,0.3029965087771415,ASI,False,-305.00102682113646,37.512601311256574,0.3267648197844649,False
ASIL,0.0379019035026431,-2.6549962759017944,0.3023632243275642,ASI,False,-304.793572473526,37.30410876558812,0.3249486826270742,False
ASIL,0.0346724037081003,-2.6549962759017944,0.3034831434488296,ASI,False,-304.793572473526,37.30684470400084,0.3249725148432129,False
ASIL,0.0362617261707782,-2.653189182281494,0.3028498589992523,ASI,False,-304.5861181259155,37.09732035583929,0.32314738985922725,False
ASIL,0.0264292964711785,-2.6497349739074707,0.4625117927789688,ASI,False,-304.18957500457765,37.74075236688103,0.328752198317779,False
ASIL,0.0281235193833708,-2.6485607028007507,0.4614823162555694,ASI,False,-304.0547686815262,37.5912768856992,0.32745014708797215,False
ASIL,0.0247350735589861,-2.648560643196106,0.4614823162555694,ASI,False,-304.05476183891295,37.59316935991066,0.3274666320549709,False
ASIL,0.0264292964711785,-2.647817552089691,0.471918947994709,ASI,False,-303.9694549798965,37.68044096064817,0.3282268376363081,False
ASIL,0.0264292964711785,-2.647386372089386,0.4604528397321701,ASI,False,-303.9199555158615,37.442952813636055,0.32615812555432105,False
ASIL,0.0372125767171382,-2.6471441984176636,0.3441803678870201,ASI,False,-303.8921539783478,36.631278088551625,0.3190877882278016,False
ASIL,0.0264292983338236,-2.6460657119750977,0.4675942063331604,ASI,False,-303.7683437347412,37.40518436544434,0.3258291321031737,False
ASIL,0.0390215069055557,-2.6453396677970886,0.3440601229667663,ASI,False,-303.6849938631058,36.42653947085896,0.31730435079145436,False
ASIL,0.0354036465287208,-2.6453396677970886,0.3440601155161857,ASI,False,-303.6849938631058,36.422053607896764,0.3172652753301112,False
ASIL,0.0264292946085333,-2.644565463066101,0.4814967662096023,ASI,False,-303.5961151599884,37.505587050237786,0.3267037199498065,False
ASIL,0.0282885693013668,-2.6444901823997498,0.4666610136628151,ASI,False,-303.58747293949125,37.21008544389258,0.3241296641454058,False
ASIL,0.0245700273662805,-2.644490122795105,0.4666610062122345,ASI,False,-303.587466096878,37.21218417519263,0.32414794577693934,False
ASIL,0.0320530738681554,-2.6435479521751404,0.4682588130235672,ASI,False,-303.4793049097061,37.13324933447707,0.3234603600564205,False
ASIL,0.0208055190742015,-2.643547832965851,0.4682587906718254,ASI,False,-303.47929122447965,37.13082814047509,0.3234392695163335,False
ASIL,0.0372125767171382,-2.6435351371765137,0.343939870595932,ASI,False,-303.47783374786377,36.21613168929967,0.31547153039459647,False
ASIL,0.0264292983338236,-2.642914593219757,0.4657278135418892,ASI,False,-303.4065953016281,37.01603112864207,0.32243929554566264,False
ASIL,0.0264292964711785,-2.6392782330513,0.4645986557006836,ASI,False,-302.98914115428926,36.58433726565958,0.31867889604233085,False
ASIL,0.0358175784349441,-2.6374378204345703,0.4753865674138069,ASI,False,-302.77786178588866,36.57244092392949,0.31857526937220815,False
ASIL,0.0170410107821226,-2.637437582015991,0.4753865450620651,ASI,False,-302.7778344154358,36.57303845034322,0.3185804743061256,False
ASIL,0.0328671052120626,-2.6356693506240845,0.413073219358921,ASI,False,-302.5748414516449,35.695510939385095,0.3109365064406367,False
ASIL,0.0264292964711785,-2.6340957283973694,0.464860089123249,ASI,False,-302.394189620018,35.99987147427711,0.31358773061216993,False
ASIL,0.031066914089024,-2.633911728858948,0.4129087999463081,ASI,False,-302.37306647300727,35.491718616268834,0.30916131198840446,False
ASIL,0.0345867881551384,-2.633911728858948,0.4129088073968887,ASI,False,-302.37306647300727,35.49364880166245,0.3091781254500214,False
ASIL,0.0327865970320999,-2.632154107093811,0.4127443879842758,ASI,False,-302.1712914943695,35.29067265253613,0.30741004052731824,False
ASIL,0.0274754660204052,-2.63192081451416,0.4536323025822639,ASI,False,-302.1445095062256,35.58685243937812,0.30999000382733555,False
ASIL,0.0264292983338236,-2.6315274238586426,0.4647090211510658,ASI,False,-302.09934825897216,35.705649557819015,0.3110248219322214,False
ASIL,0.0264292946085333,-2.631327509880066,0.482514314353466,ASI,False,-302.07639813423157,36.03814840231848,0.31392115333030035,False
ASIL,0.0322461398318409,-2.6303099989891052,0.4692763537168503,ASI,False,-301.95958788394927,35.650781720473354,0.31054687909819995,False
ASIL,0.020612453110516,-2.6303098797798157,0.4692763462662697,ASI,False,-301.9595741987228,35.64785753350333,0.3105214070862659,False
ASIL,0.0291506201028823,-2.6302043199539185,0.4535392671823501,ASI,False,-301.94745593070985,35.390007025838955,0.30827532252472956,False
ASIL,0.0257198037579655,-2.6302043199539185,0.4535392597317695,ASI,False,-301.94745593070985,35.39076442040466,0.30828192003836813,False
ASIL,0.0284119360148906,-2.6299368739128113,0.4655536115169525,ASI,False,-301.9167531251907,35.53892233468524,0.3095724942045753,False
ASIL,0.0244466606527566,-2.6299368739128113,0.4655536040663719,ASI,False,-301.9167531251907,35.54127311721991,0.3095929714043546,False
ASIL,0.0273949578404426,-2.6284878253936768,0.4534462243318558,ASI,False,-301.75040235519407,35.19282748165609,0.30655773067644676,False
ASIL,0.0264292983338236,-2.62834632396698,0.4663981944322586,ASI,False,-301.7341579914093,35.373514941647,0.3081316632547648,False
ASIL,0.0264292964711785,-2.6265241503715515,0.4736926108598709,ASI,False,-301.5249724626541,35.30516981724778,0.30753632244989354,False
ASIR,-0.0496447775512933,-3.4946086406707764,0.590263843536377,ASI,False,-401.1810719490051,135.82910661705023,1.1831803712286606,False
ASIR,-0.0496447775512933,-3.4905478954315186,0.5878710895776749,ASI,False,-400.71489839553834,135.32831711282094,1.1788180933172556,False
ASIR,-0.0516537353396415,-3.49036306142807,0.5898715406656265,ASI,False,-400.69367945194244,135.34091774285753,1.1789278549029403,False
ASIR,-0.0476358197629451,-3.49036306142807,0.5898715257644653,ASI,False,-400.69367945194244,135.34002707685508,1.1789200964882847,False
ASIR,-0.0496447775512933,-3.4901782274246216,0.591871976852417,ASI,False,-400.67246050834655,135.35271782793794,1.1790306431005046,False
ASIR,-0.0527236629277467,-3.4572664499282837,0.5855320245027542,ASI,False,-396.894188451767,131.50895365858514,1.1455483768169439,False
ASIR,-0.0507147070020437,-3.4570815563201904,0.5875324308872223,ASI,False,-396.87296266555785,131.52156399804363,1.1456582229794743,False
ASIR,-0.0547326188534498,-3.4570815563201904,0.5875324457883835,ASI,False,-396.87296266555785,131.5209979109517,1.1456532919072449,False
ASIR,-0.0527236629277467,-3.456896662712097,0.5895328521728516,ASI,False,-396.8517368793487,131.53434340009431,1.1457695418126683,False
ASIR,-0.0605486584827303,-3.4000149965286255,0.5798018872737885,ASI,False,-390.3217216014862,124.9113417328473,1.0880778896589487,False
ASIR,-0.0625576134771108,-3.399830162525177,0.5818022936582565,ASI,False,-390.3005026578903,124.92372442127004,1.0881857527985195,False
ASIR,-0.0585397034883499,-3.399830162525177,0.5818022936582565,ASI,False,-390.3005026578903,124.92381445181266,1.0881865370366957,False
ASIR,-0.0605486584827303,-3.3996453285217285,0.5838027000427246,ASI,False,-390.2792837142944,124.9379004428557,1.0883092373071055,False
ASIR,-0.0693107079714536,-3.345822334289551,0.5732193291187286,ASI,False,-384.1004039764404,118.64678720609945,1.033508599356267,False
ASIR,-0.0713196657598018,-3.3456375002861023,0.5752197504043579,ASI,False,-384.0791850328445,118.65946019131998,1.0336189912135887,False
ASIR,-0.0673017501831054,-3.3456375002861023,0.5752197504043579,ASI,False,-384.0791850328445,118.65952217455585,1.033619531137246,False
ASIR,-0.0693107079714536,-3.345452666282654,0.5772201716899872,ASI,False,-384.0579660892486,118.67404853455398,1.0337460673741636,False
ASIR,-0.0829831548035144,-3.2607011795043945,0.5643459558486938,ASI,False,-374.32849540710447,108.83198938521774,0.9480138448189699,False
ASIR,-0.0809741951525211,-3.260516345500946,0.5663463771343231,ASI,False,-374.3072764635086,108.84647116845528,0.9481399927565791,False
ASIR,-0.0849921144545078,-3.260516345500946,0.5663463920354843,ASI,False,-374.3072764635086,108.84674061709161,0.948142339870136,False
ASIR,-0.0829831548035144,-3.2603315114974976,0.5683468133211136,ASI,False,-374.28605751991273,108.8612204331165,0.9482684706717466,False
ASIR,-0.0985175389796495,-3.123652935028076,0.5484710335731506,ASI,False,-358.59535694122314,93.0072674059769,0.8101678345468372,False
ASIR,-0.1005264967679977,-3.1235605478286743,0.5504757463932037,ASI,False,-358.5847508907318,93.03356906566819,0.8103969430807334,False
ASIR,-0.0965085811913013,-3.1235605478286743,0.5504757314920425,ASI,False,-358.5847508907318,93.03445629714838,0.8104046715779476,False
ASIR,-0.0985175389796495,-3.1234681606292725,0.5524804443120956,ASI,False,-358.5741448402405,93.06074906413741,0.8106337026492806,False
ASIR,-0.111252935603261,-3.0216774940490723,0.5386297255754471,ASI,False,-346.8885763168335,81.28336800563034,0.7080432753103688,False
ASIR,-0.1132618896663189,-3.0216774940490723,0.5366207659244537,ASI,False,-346.8885763168335,81.24883744057513,0.7077424864161597,False
ASIR,-0.111252935603261,-3.0216774940490723,0.5346117913722992,ASI,False,-346.8885763168335,81.20700471421473,0.7073780898450761,False
ASIR,-0.1092439815402031,-3.0216774940490723,0.5366207510232925,ASI,False,-346.8885763168335,81.24155305117809,0.7076790335468475,False
ASIR,-0.1199297942221164,-2.981652021408081,0.5280341953039169,ASI,False,-342.2936520576477,76.57423824076794,0.6670229811913584,False
ASIR,-0.1179208382964134,-2.981652021408081,0.5300431549549103,ASI,False,-342.2936520576477,76.60560378532966,0.6672962002206417,False
ASIR,-0.1219387501478195,-2.981652021408081,0.5300431549549103,ASI,False,-342.2936520576477,76.61932554872948,0.6674157277763892,False
ASIR,-0.1199297942221164,-2.981652021408081,0.5320521146059036,ASI,False,-342.2936520576477,76.65067264608801,0.6676887861157492,False
ASIR,-0.1217491328716278,-2.948763906955719,0.5220163911581039,ASI,False,-338.51809651851653,72.74524344013122,0.6336693679453939,False
ASIR,-0.1237580925226211,-2.948763906955719,0.5240253359079361,ASI,False,-338.51809651851653,72.7911750910965,0.6340694694346386,False
ASIR,-0.1197401732206344,-2.948763847351074,0.5240253508090973,ASI,False,-338.5180896759033,72.77540129650275,0.6339320670427069,False
ASIR,-0.1217491328716278,-2.948763847351074,0.5260342955589294,ASI,False,-338.5180896759033,72.82131392014756,0.6343320027887418,False
ASIR,-0.1193699985742569,-2.915036141872406,0.5137593746185303,ASI,False,-334.6461490869522,68.76470955121233,0.5989957277980169,False
ASIR,-0.1213789582252502,-2.915036141872406,0.5157683193683624,ASI,False,-334.6461490869522,68.80920579421209,0.5993833257335548,False
ASIR,-0.1193699985742569,-2.9150360822677612,0.5177772641181946,ASI,False,-334.646142244339,68.83882740734991,0.5996413537225602,False
ASIR,-0.1173610389232635,-2.9150360822677612,0.5157683193683624,ASI,False,-334.646142244339,68.7943503351065,0.5992539227796734,False
ASIR,-0.1097484081983566,-2.8433605432510376,0.4948852956295013,ASI,False,-326.4177903652191,60.27822451318519,0.5250716421009163,False
ASIR,-0.1116493567824363,-2.843360483646393,0.4929843544960022,ASI,False,-326.4177835226059,60.251672176344115,0.5248403499681543,False
ASIR,-0.1078474596142768,-2.843360483646393,0.4929843544960022,ASI,False,-326.4177835226059,60.24362875154933,0.5247702852922416,False
ASIR,-0.1097484081983566,-2.843360424041748,0.491083413362503,ASI,False,-326.41777667999264,60.21706115372659,0.5245388602240992,False
ASIR,-0.1002527493983507,-2.76514196395874,0.4719233214855194,ASI,False,-317.4382974624633,51.01997479166847,0.4444248675232445,False
ASIR,-0.1020456850528717,-2.7651419043540955,0.4701303839683532,ASI,False,-317.43829061985014,50.99657512607989,0.44422103768362275,False
ASIR,-0.0984598137438297,-2.7651419043540955,0.4701303839683532,ASI,False,-317.43829061985014,50.99641210957139,0.44421961767919327,False
ASIR,-0.1002527493983507,-2.7651418447494507,0.4683374464511871,ASI,False,-317.4382837772369,50.97300162902713,0.44401569363264054,False
ASIR,-0.0351580353453755,-2.754892408847809,0.5309139490127563,ASI,False,-316.26164853572845,51.115251769190444,0.4452548063518331,False
ASIR,-0.0216343142092227,-2.7536845803260803,0.534051775932312,ASI,False,-316.12298982143403,51.07176215726718,0.4448759769796793,False
ASIR,-0.0354680316522717,-2.7535139322280884,0.5325794368982315,ASI,False,-316.1033994197845,51.01016112995227,0.4443393826650895,False
ASIR,-0.0348480399698019,-2.753169536590576,0.529607966542244,ASI,False,-316.06386280059814,50.88659364040592,0.44326301080492964,False
ASIR,-0.0601917980238795,-2.7530128955841064,0.5193769782781601,ASI,False,-316.0458804130554,50.59076984463882,0.4406861484724636,False
ASIR,-0.0351580362766981,-2.7517910599708557,0.5312734544277191,ASI,False,-315.9056136846542,50.781056722808074,0.44234369967602855,False
ASIR,-0.0610309699550271,-2.7516493797302246,0.5208218991756439,ASI,False,-315.8893487930298,50.475816800289124,0.439684815333529,False
ASIR,-0.0594050604850053,-2.751325905323029,0.51827771961689,ASI,False,-315.8522139310837,50.37281495480895,0.4387875867143637,False
ASIR,-0.0602442324161529,-2.7499623894691467,0.5197226405143738,ASI,False,-315.695682311058,50.25890378203785,0.43779532911182795,False
ASIR,-0.0793478190898895,-2.7497562170028687,0.497931569814682,ASI,False,-315.6720137119293,49.72115718238622,0.43311112528210993,False
ASIR,-0.080571511760354,-2.7484437227249146,0.4989492669701576,ASI,False,-315.5213393688202,49.59354993639205,0.4319995639058541,False
ASIR,-0.0782841984182596,-2.748132348060608,0.497205875813961,ASI,False,-315.4855935573578,49.52377889383288,0.43139180221108786,False
ASIR,-0.0795078910887241,-2.746819853782654,0.4982235729694366,ASI,False,-315.33491921424866,49.39568609199918,0.4302760112543483,False
ASIR,-0.089702308177948,-2.745733141899109,0.4699130281805992,ASI,False,-315.2101646900177,48.780511062212724,0.4249173437474976,False
ASIR,-0.0911785904318094,-2.7444716691970825,0.4702734127640724,ASI,False,-315.06534762382506,48.641342064449,0.42370507024781356,False
ASIR,-0.0884857196360826,-2.74417245388031,0.469736099243164,ASI,False,-315.0309977054596,48.600913426089335,0.4233529044084437,False
ASIR,-0.089962001889944,-2.7429109811782837,0.4700964838266372,ASI,False,-314.88618063926697,48.46125830554445,0.42213639638976,False
ASIR,-0.0898412540555,-2.741347134113312,0.4397262334823608,ASI,False,-314.7066509962082,47.98663575662724,0.4180020536291571,False
ASIR,-0.0912890676409006,-2.74008572101593,0.4393184259533882,ASI,False,-314.5618407726288,47.83960829734398,0.4167213266319162,False
ASIR,-0.0887065529823303,-2.739786386489868,0.4401658028364181,ASI,False,-314.52747716903684,47.81005031541321,0.41646385292171784,False
ASIR,-0.0901543665677309,-2.7385249733924866,0.4397579953074455,ASI,False,-314.38266694545746,47.663769090132334,0.41518962622066496,False
ASIR,-0.0794405583292245,-2.7373557686805725,0.4114590585231781,ASI,False,-314.2484422445297,47.3438982378733,0.4124032947549939,False
ASIR,-0.0805420707911253,-2.7359856367111206,0.4105276688933372,ASI,False,-314.0911510944366,47.181096297174236,0.41098515938305086,False
ASIR,-0.0786346960812807,-2.735910713672638,0.4125302657485008,ASI,False,-314.08254992961884,47.18542412856526,0.4110228582627636,False
ASIR,-0.0797362085431814,-2.734540581703186,0.41159887611866,ASI,False,-313.92525877952573,47.02210001120215,0.40960017431360757,False
ASIR,-0.0602443674579262,-2.7342106699943542,0.3896033763885498,ASI,False,-313.88738491535184,46.85765560058239,0.4081677317123902,False
ASIR,-0.0598258469253778,-2.7328813672065735,0.3910377025604248,ASI,False,-313.73478095531465,46.71467805336477,0.4069222826948151,False
ASIR,-0.0609700735658407,-2.7327317595481873,0.388466514647007,ASI,False,-313.7176059961319,46.680286708686765,0.4066227065216617,False
ASIR,-0.0402558138594031,-2.7325592041015625,0.3782420605421066,ASI,False,-313.6977966308594,46.69239608351816,0.40672818888082024,False
ASIR,-0.0605515530332922,-2.7314024567604065,0.389900840818882,ASI,False,-313.56500203609465,46.536773163591626,0.4053725885330281,False
ASIR,-0.0396296745166182,-2.731222450733185,0.379532441496849,ASI,False,-313.5443373441696,46.536888564457904,0.4053735937670549,False
ASIR,-0.0410038838163018,-2.7310734391212463,0.37713523209095,ASI,False,-313.52723081111907,46.52411876895316,0.40526235861457455,False
ASIR,-0.0284330351278185,-2.730985462665558,0.3675812184810638,ASI,False,-313.517131114006,46.538329081957976,0.40538614182890226,False
ASIR,-0.0403777444735169,-2.7297366857528687,0.3784256130456924,ASI,False,-313.3737715244293,46.36807232198006,0.40390306900679496,False
ASIR,-0.0272145252674818,-2.7295557856559753,0.3681365102529526,ASI,False,-313.35300419330594,46.37007011445592,0.4039204713802781,False
ASIR,-0.0295629585161805,-2.729492783546448,0.3670906499028206,ASI,False,-313.34577155113226,46.37143262734732,0.4039323399594714,False
ASIR,-0.0283444486558437,-2.7280631065368652,0.3676459416747093,ASI,False,-313.1816446304321,46.20270415734232,0.4024625797677902,False
ASIR,-0.0250058723613619,-2.721901178359986,0.3317659273743629,ASI,False,-312.47425527572636,45.27754616942711,0.39440371227723964,False
ASIR,-0.0917227547615766,-2.721365213394165,0.4621057510375976,ASI,False,-312.4127264976501,45.89953242648056,0.39982171103206066,False
ASIR,-0.0935156866908073,-2.721365213394165,0.4603128209710121,ASI,False,-312.4127264976501,45.87873645008119,0.3996405614118571,False
ASIR,-0.0917227547615766,-2.721365213394165,0.4585198909044266,ASI,False,-312.4127264976501,45.85744728474376,0.3994551157207645,False
ASIR,-0.0899298228323459,-2.721365213394165,0.4603128209710121,ASI,False,-312.4127264976501,45.87825291314651,0.3996363494176525,False
ASIR,-0.026577528566122,-2.7204811573028564,0.3323781862854957,ASI,False,-312.3112368583679,45.12678060286491,0.3930904233699034,False
ASIR,-0.0233939988538622,-2.7203725576400757,0.3322525694966316,ASI,False,-312.29876961708067,45.11003803101534,0.3929445821517016,False
ASIR,-0.0249656550586223,-2.7189525365829468,0.3328648284077644,ASI,False,-312.1357511997223,44.95869178039452,0.3916262350208582,False
ASIR,-0.0247779907658696,-2.702420175075531,0.2887610718607902,ASI,False,-310.2378360986709,42.661256188218914,0.3716137298625341,False
ASIR,-0.0265771150588989,-2.701189637184143,0.290090724825859,ASI,False,-310.0965703487396,42.52785392555914,0.37045168924703087,False
ASIR,-0.0229742834344506,-2.7009732127189636,0.2898438647389412,ASI,False,-310.07172482013704,42.49900025607798,0.3702003506627002,False
ASIR,-0.0247734077274799,-2.6997426748275757,0.29117351770401,ASI,False,-309.9304590702057,42.36492403836034,0.3690324393585396,False
ASIR,-0.0299181248992681,-2.6836495995521545,0.2700355425477028,ASI,False,-308.08297402858733,40.43265837827231,0.35220085695359155,False
ASIR,-0.0800799578428268,-2.6835171580314636,0.4543896690011024,ASI,False,-308.067769742012,41.48782040245157,0.36139216378442135,False
ASIR,-0.0817276202142238,-2.683377742767334,0.4527697935700416,ASI,False,-308.0517648696899,41.453522123851855,0.3610933982913925,False
ASIR,-0.0286714918911457,-2.683371603488922,0.2684118598699569,ASI,False,-308.05106008052826,40.394629820451186,0.35186959773912185,False
ASIR,-0.0784527361392974,-2.683334529399872,0.4527856409549713,ASI,False,-308.04680397510526,41.45118646680302,0.36107305284671626,False
ASIR,-0.0801003985106945,-2.683195114135742,0.4511657655239105,ASI,False,-308.0307991027832,41.416839609655504,0.3607738641956054,False
ASIR,-0.0286534437909722,-2.6821447014808655,0.2715445309877395,ASI,False,-307.91021173000337,40.26683664170516,0.350756416739592,False
ASIR,-0.0274068107828497,-2.681866705417633,0.2699208483099937,ASI,False,-307.87829778194424,40.22778718420182,0.3504162646707476,False
ASIR,-0.0556949749588966,-2.6678361892700195,0.2816711738705635,ASI,False,-306.26759452819823,38.666135347034825,0.33681302567103505,False
ASIR,-0.0545964343473315,-2.6661036610603333,0.2831029221415519,ASI,False,-306.0687002897262,38.474243327820176,0.33514149240261476,False
ASIR,-0.0560327628627419,-2.6660977602005005,0.2801741734147072,ASI,False,-306.06802287101743,38.46055745156196,0.3350222774526303,False
ASIR,-0.0549342222511768,-2.664365231990814,0.2816059216856956,ASI,False,-305.8691286325455,38.26780590740053,0.3333432570331057,False
ASIR,-0.0719307418912649,-2.6592032313346863,0.4554835334420204,ASI,False,-305.27653095722195,38.723405309116494,0.33731189293655484,False
ASIR,-0.0734465271234512,-2.658759295940399,0.454058788716793,ASI,False,-305.2255671739578,38.655109616582834,0.336716982722847,False
ASIR,-0.0704353973269462,-2.658716082572937,0.4540746361017227,ASI,False,-305.22060627937316,38.65207187079871,0.33669052152263684,False
ASIR,-0.0719511825591325,-2.65827214717865,0.4526498913764953,ASI,False,-305.169642496109,38.58363521236333,0.3360943833829559,False
ASIR,-0.0790308117866516,-2.6568028926849365,0.3029966130852699,ASI,False,-305.0009720802307,37.51355421194408,0.3267731203131018,False
ASIR,-0.0773906335234642,-2.654995799064636,0.3034832403063774,ASI,False,-304.79351773262016,37.30776573414094,0.324980537753841,False
ASIR,-0.0806201342493295,-2.654995799064636,0.302363358438015,ASI,False,-304.79351773262016,37.305125412300164,0.3249575384346704,False
ASIR,-0.0789799559861421,-2.653188705444336,0.3028499856591224,ASI,False,-304.58606338500977,37.09830534018946,0.32315596986227757,False
ASIR,-0.0691475328058004,-2.649734616279602,0.4625119343400001,ASI,False,-304.1895339488983,37.74282896520346,0.3287702871533402,False
ASIR,-0.0674533098936081,-2.6485602855682373,0.4614824429154396,ASI,False,-304.0547207832336,37.591753788101265,0.32745430129008074,False
ASIR,-0.0708417557179927,-2.6485602855682373,0.4614824578166008,ASI,False,-304.0547207832336,37.591843648253146,0.32745508404401696,False
ASIR,-0.0691475309431552,-2.6478172540664673,0.4719190672039985,ASI,False,-303.9694207668304,37.68210240825248,0.3282413101764154,False
ASIR,-0.0691475328058004,-2.647385954856873,0.4604529663920402,ASI,False,-303.91990761756904,37.44512298201837,0.3261770294600903,False
ASIR,-0.0799308083951473,-2.647143721580506,0.3441804945468902,ASI,False,-303.89209923744204,36.63217691301052,0.31909561770915085,False
ASIR,-0.0691475346684455,-2.6460654735565186,0.4675943329930305,ASI,False,-303.7683163642883,37.407052616869755,0.32584540607029405,False
ASIR,-0.0817397385835647,-2.6453391909599304,0.3440602645277977,ASI,False,-303.6849391222,36.42595466089186,0.31729925662797787,False
ASIR,-0.0781218782067298,-2.6453391909599304,0.3440602272748947,ASI,False,-303.6849391222,36.42174450528529,0.3172625827986524,False
ASIR,-0.0691475272178649,-2.6445651054382324,0.4814968854188919,ASI,False,-303.5960741043091,37.506810373456794,0.3267143760754076,False
ASIR,-0.0710068047046661,-2.644489824771881,0.4666611477732658,ASI,False,-303.5874318838119,37.21025030591032,0.3241311002256997,False
ASIR,-0.067288264632225,-2.644489824771881,0.466661125421524,ASI,False,-303.5874318838119,37.21016487580017,0.32413035606097707,False
ASIR,-0.0635237544775009,-2.643547534942627,0.4682589173316955,ASI,False,-303.47925701141355,37.12955105451754,0.3234281450741946,False
ASIR,-0.0747713074088096,-2.643547534942627,0.4682589396834373,ASI,False,-303.47925701141355,37.12951096239878,0.32342779583971065,False
ASIR,-0.0799308083951473,-2.6435346603393555,0.3439399972558021,ASI,False,-303.477779006958,36.21704994744585,0.315479529158936,False
ASIR,-0.0691475346684455,-2.6429141759872437,0.4657279402017593,ASI,False,-303.40654740333554,37.01797210590676,0.32245620301312505,False
ASIR,-0.0691475309431552,-2.6392778158187866,0.4645987898111343,ASI,False,-302.9890932559967,36.58634026613526,0.31869634378166606,False
ASIR,-0.0597592443227767,-2.637437343597412,0.4753866717219352,ASI,False,-302.7778070449829,36.57336522587339,0.3185833207828692,False
ASIR,-0.0785358101129531,-2.637437343597412,0.475386694073677,ASI,False,-302.7778070449829,36.573496121712544,0.3185844609905274,False
ASIR,-0.075585339218378,-2.6356688737869263,0.4130733609199524,ASI,False,-302.57478671073915,35.69378260610859,0.3109214512727229,False
ASIR,-0.0691475328058004,-2.634095311164856,0.4648602306842804,ASI,False,-302.3941417217255,36.00187654494397,0.31360519638452933,False
ASIR,-0.0773050226271152,-2.6339112520217896,0.4129089415073395,ASI,False,-302.3730117321014,35.49284688464046,0.30917114011010854,False
ASIR,-0.0737851485610008,-2.6339112520217896,0.4129089266061783,ASI,False,-302.3730117321014,35.49075097561868,0.3091528830628805,False
ASIR,-0.075504831969738,-2.632153630256653,0.4127445071935653,ASI,False,-302.17123675346375,35.28866685958453,0.3073925684632799,False
ASIR,-0.0701937023550272,-2.6319204568862915,0.4536324366927147,ASI,False,-302.14446845054624,35.588453982861125,0.31000395455453944,False
ASIR,-0.0691475365310907,-2.631527066230774,0.464709147810936,ASI,False,-302.0993072032928,35.70767556850639,0.31104247010894065,False
ASIR,-0.0691475272178649,-2.6313271522521973,0.4825144335627556,ASI,False,-302.07635707855223,36.039326965826895,0.31393141956295206,False
ASIR,-0.0633306913077831,-2.630309522151947,0.4692764729261398,ASI,False,-301.95953314304353,35.646630406024755,0.31051071782251527,False
ASIR,-0.0749643743038177,-2.630309522151947,0.469276487827301,ASI,False,-301.95953314304353,35.64658180291222,0.3105102944504549,False
ASIR,-0.0718688555061817,-2.630203902721405,0.4535393938422203,ASI,False,-301.9474080324173,35.38982467548896,0.30827373410704667,False
ASIR,-0.0684380419552326,-2.630203902721405,0.4535393938422203,ASI,False,-301.9474080324173,35.39175024539337,0.3082905073640537,False
ASIR,-0.07113017141819,-2.629936456680298,0.4655537381768226,ASI,False,-301.91670522689816,35.53895674308716,0.3095727939293307,False
ASIR,-0.0671649016439914,-2.629936456680298,0.465553730726242,ASI,False,-301.91670522689816,35.53887186691992,0.3095720545898948,False
ASIR,-0.0701131951063871,-2.6284873485565186,0.4534463509917259,ASI,False,-301.75034761428833,35.19451579004982,0.30657243719555594,False
ASIR,-0.0691475365310907,-2.6283458471298218,0.4663983210921287,ASI,False,-301.73410325050355,35.37545486873276,0.3081485615743272,False
ASIR,-0.0691475328058004,-2.626523733139038,0.4736927300691604,ASI,False,-301.5249245643616,35.306767326089386,0.3075502380321375,False
AVM,-0.0155690051615238,-3.1731748580932617,0.444002166390419,AVM,False,-364.28047370910645,97.49977382321217,0.8493011657074231,False
AVM,-0.0155690014362335,-3.1624835729599,0.4381144940853119,AVM,False,-363.0531141757965,96.23393999435375,0.8382747386267748,False
AVM,-0.0172872394323349,-3.1618810296058655,0.4396941661834717,AVM,False,-362.98394219875337,96.17596197707708,0.8377697036330757,False
AVM,-0.0138507671654224,-3.1618810296058655,0.4396941661834717,AVM,False,-362.98394219875337,96.17557788207922,0.8377663578578329,False
AVM,-0.0155690051615238,-3.161278486251831,0.4412738382816314,AVM,False,-362.91477022171017,96.11786359714795,0.8372636201842155,False
AVM,-0.0155690014362335,-3.0405739545822144,0.3928419798612594,AVM,False,-349.0578899860382,82.04395658623511,0.7146686113783547,False
AVM,-0.0138507634401321,-3.03997141122818,0.3944216519594192,AVM,False,-348.988718008995,81.97743415370074,0.7140891476803201,False
AVM,-0.0172872394323349,-3.03997141122818,0.3944216519594192,AVM,False,-348.988718008995,81.97763014725379,0.7140908549412351,False
AVM,-0.0155690014362335,-3.0393688678741455,0.396001324057579,AVM,False,-348.9195460319519,81.91103873792414,0.7135107904000361,False
AVM,-0.0156577974557876,-2.818597972393036,0.3046279847621918,AVM,False,-323.5750472307205,56.06004847917727,0.48832794842488914,False
AVM,-0.0139395594596862,-2.817771852016449,0.3061406090855598,AVM,False,-323.4802086114883,55.97437240176777,0.4875816411303813,False
AVM,-0.017376035451889,-2.817771792411804,0.3061405941843986,AVM,False,-323.48020176887513,55.9739973073363,0.48757837375728486,False
AVM,-0.0156577974557876,-2.8169456720352173,0.3076532185077667,AVM,False,-323.38536314964296,55.88903582528836,0.48683829116104843,False
AVM,-0.0156714953482151,-2.704704225063324,0.2559005320072174,AVM,False,-310.50004503726956,42.7872769044952,0.37271147129351223,False
AVM,-0.0139536708593368,-2.703816831111908,0.2573869302868843,AVM,False,-310.398172211647,42.690604283379905,0.37186937529076575,False
AVM,-0.0173893198370933,-2.703816771507263,0.2573869153857231,AVM,False,-310.3981653690338,42.69060899935083,0.37186941637065185,False
AVM,-0.0157356858253479,-2.703363299369812,0.2615669071674347,AVM,False,-310.3461067676544,42.65639196525575,0.3715713585823672,False
AVM,-0.014203455299139,-2.7017109394073486,0.260121501982212,AVM,False,-310.1564158439636,42.46028620428292,0.3698631202463669,False
AVM,-0.0171395577490329,-2.7017109394073486,0.260121501982212,AVM,False,-310.1564158439636,42.460288213214824,0.36986313774577373,False
AVM,-0.015607327222824,-2.7000585794448853,0.2586760967969894,AVM,False,-309.96672492027284,42.26444493025684,0.36815718580363105,False
AVM,0.0277968198060989,-2.698568344116211,0.388291098177433,AVM,False,-309.795645904541,42.758404124950204,0.3724599662452108,False
AVM,0.0298956856131553,-2.6980971097946167,0.3884761482477188,AVM,False,-309.741548204422,42.706417636394114,0.3720071222682414,False
AVM,-0.0668171867728233,-2.6977744102478027,0.3873159736394882,AVM,False,-309.70450229644774,42.658520639864875,0.37158990104411915,False
AVM,0.0285516493022441,-2.6977521777153015,0.3862553313374519,AVM,False,-309.7019500017166,42.654820423748966,0.3715576691964196,False
AVM,0.0289670042693614,-2.697457253932953,0.3892024308443069,AVM,False,-309.66809275150297,42.63625420451259,0.37139594254801905,False
AVM,-0.0689819678664207,-2.697218596935272,0.3877968341112137,AVM,False,-309.64069492816924,42.597353925818524,0.3710570899461544,False
AVM,-0.0674371607601642,-2.6969467401504517,0.3854224011301994,AVM,False,-309.6094857692718,42.55348960153745,0.3706749965290719,False
AVM,0.0297218337655067,-2.6966410875320435,0.3871666640043258,AVM,False,-309.5743968486786,42.532721041089886,0.3704940857237795,False
AVM,-0.0676363408565521,-2.696516692638397,0.3881636708974838,AVM,False,-309.560116314888,42.51889675881232,0.37037366514644876,False
AVM,-0.068256314843893,-2.695689022541046,0.386270098388195,AVM,False,-309.46509978771206,42.41350245477173,0.369455596295921,False
AVM,-0.0157248079776763,-2.6941192150115967,0.2636351883411407,AVM,False,-309.2848858833313,41.603658361161,0.3624012052365941,False
AVM,0.0167173147201538,-2.693655848503113,0.3809187263250351,AVM,False,-309.23169140815736,42.1504872064924,0.3671645227046376,False
AVM,-0.0144532695412635,-2.693496823310852,0.2619643211364746,AVM,False,-309.2134353160858,41.5256754350865,0.3617219114554573,False
AVM,-0.0168898254632949,-2.693496823310852,0.2619643062353134,AVM,False,-309.2134353160858,41.52570582473491,0.36172217617364905,False
AVM,-0.0560059696435928,-2.693113088607788,0.3801513686776161,AVM,False,-309.1693825721741,42.10781019246007,0.3667927717113247,False
AVM,-0.0156182870268821,-2.6928744316101074,0.2602934390306473,AVM,False,-309.14198474884034,41.44748523948357,0.36104081219062345,False
AVM,0.0172211155295372,-2.6927064657211304,0.378882959485054,AVM,False,-309.12270226478574,42.03010427839733,0.366115890926806,False
AVM,0.0175364390015602,-2.692328095436096,0.381830058991909,AVM,False,-309.07926535606384,42.00253072886004,0.36587570321306656,False
AVM,-0.0566259436309337,-2.692285418510437,0.3782578334212303,AVM,False,-309.07436604499816,42.00029433187424,0.3658562224030857,False
AVM,-0.0568251237273216,-2.6918553709983826,0.3809990435838699,AVM,False,-309.0249965906143,41.96496710068222,0.36554849390838173,False
AVM,0.0180402398109436,-2.6913787126541138,0.3797942921519279,AVM,False,-308.9702762126922,41.881665240613366,0.3648228679495938,False
AVM,-0.0574450977146625,-2.6910277009010315,0.3791055083274841,AVM,False,-308.9299800634384,41.85853082476142,0.36462134864774753,False
AVM,-0.0024475865066051,-2.6878137588500977,0.3714370429515838,AVM,False,-308.5610195159912,41.51426191376986,0.36162249053806494,False
AVM,-0.0330250784754753,-2.687502145767212,0.3713317215442657,AVM,False,-308.5252463340759,41.54304173588114,0.3618731858526232,False
AVM,-0.0021948143839836,-2.6867311000823975,0.3694012761116028,AVM,False,-308.4367302894592,41.376839979372406,0.3604254353603868,False
AVM,-0.0335588157176971,-2.686622142791748,0.3694382011890411,AVM,False,-308.4242219924927,41.45106212971731,0.3610719697710567,False
AVM,-0.0019795298576354,-2.6862693428993225,0.3723483681678772,AVM,False,-308.38372056484224,41.339456414418414,0.3600997945506831,False
AVM,-0.0337143540382385,-2.686176896095276,0.3721793740987777,AVM,False,-308.37310767173767,41.38768643332829,0.36051991666662275,False
AVM,-0.0130614340305328,-2.685960829257965,0.3686806187033653,AVM,False,-308.3483031988144,41.36477221062369,0.3603203154235513,False
AVM,-0.0181501358747482,-2.6857978105545044,0.3687268272042274,AVM,False,-308.3295886516571,41.345735161548625,0.3601544874699358,False
AVM,-0.0156718045473098,-2.685529947280884,0.3687807768583298,AVM,False,-308.29883794784547,41.31416500649349,0.3598794861192813,False
AVM,-0.0342480912804603,-2.685296893119812,0.3702858537435531,AVM,False,-308.27208333015443,41.29460328030339,0.35970908780752087,False
AVM,-0.0017267577350139,-2.6851866841316223,0.3703126013278961,AVM,False,-308.2594313383102,41.20174875073083,0.3589002504419062,False
AVM,-0.0129615291953086,-2.68473082780838,0.3664007484912872,AVM,False,-308.207099032402,41.231139071302664,0.35915626368730547,False
AVM,-0.0184006616473197,-2.684642970561981,0.366518072783947,AVM,False,-308.19701302051544,41.22453266792622,0.3590987166195664,False
AVM,-0.0128009244799613,-2.6841886043548584,0.3697012215852737,AVM,False,-308.1448517799377,41.156721786160006,0.3585080294961673,False
AVM,-0.0157250612974166,-2.684152603149414,0.3662568032741546,AVM,False,-308.1407188415527,41.16932413814051,0.35861780608136334,False
AVM,-0.018403060734272,-2.6841013431549072,0.3697155937552452,AVM,False,-308.1348341941833,41.146397570496845,0.3584180973039795,False
AVM,-0.015618547797203,-2.683529853820801,0.3699106574058532,AVM,False,-308.06922721862793,41.07951938502597,0.35783553471276974,False
AVM,-0.0127010196447372,-2.6829586029052734,0.3674213513731956,AVM,False,-308.0036476135254,41.026702008006296,0.3573754530314137,False
AVM,-0.0186535865068435,-2.682946503162384,0.3675068393349647,AVM,False,-308.00225856304166,41.024554302116336,0.3573567447919542,False
AVM,-0.0157248564064502,-2.678995728492737,0.2678088247776031,AVM,False,-307.5487096309662,39.885917239312015,0.34743830347832766,False
AVM,-0.0157250612974166,-2.6788649559020996,0.364967405796051,AVM,False,-307.53369693756105,40.57064383430476,0.35340282085631325,False
AVM,-0.0168900862336158,-2.6783685088157654,0.3667425960302353,AVM,False,-307.47670481204983,40.50380075121456,0.3528205640349701,False
AVM,-0.0144535228610038,-2.6783685088157654,0.3667426258325577,AVM,False,-307.47670481204983,40.50343782355054,0.3528174026441685,False
AVM,-0.0144533216953277,-2.678120791912079,0.2664185017347336,AVM,False,-307.44826691150666,39.78013316105806,0.34651683938203887,False
AVM,-0.0168898738920688,-2.678120791912079,0.2664184868335724,AVM,False,-307.44826691150666,39.78013250915063,0.34651683370340275,False
AVM,-0.015618547797203,-2.677872061729431,0.3685178160667419,AVM,False,-307.4197126865387,40.437108246543524,0.35223961887233035,False
AVM,-0.0156183391809463,-2.677245855331421,0.2650281637907028,AVM,False,-307.3478241920471,39.674416143935474,0.34559595944194665,False
AVM,-0.015725053846836,-2.671484589576721,0.362579271197319,AVM,False,-306.6864308834076,39.730403551533044,0.3460836546300788,False
AVM,-0.0144535191357135,-2.6704912781715393,0.3640988394618034,AVM,False,-306.5723987340927,39.609999036458134,0.3450348348123531,False
AVM,-0.0168900787830352,-2.6704912781715393,0.364098809659481,AVM,False,-306.5723987340927,39.61672366856041,0.3450934117470419,False
AVM,-0.0156185440719127,-2.6694979667663574,0.3656183779239654,AVM,False,-306.4583665847778,39.49284924125919,0.34401436621305914,False
AVM,-0.0157249048352241,-2.669041633605957,0.2882568538188934,AVM,False,-306.40597953796384,38.82890966608789,0.33823092043630565,False
AVM,-0.0168899223208427,-2.66731595993042,0.2877377569675445,AVM,False,-306.2078722000122,38.62865432718221,0.3364865359510646,False
AVM,-0.0144533738493919,-2.66731595993042,0.2877377569675445,AVM,False,-306.2078722000122,38.6292393038935,0.33649163156701656,False
AVM,-0.0157250352203845,-2.666284680366516,0.3567568212747574,AVM,False,-306.08948130607604,39.10599565260651,0.34064456143385463,False
AVM,-0.0157249793410301,-2.6658040285110474,0.3290162235498428,AVM,False,-306.03430247306824,38.85433882672208,0.3384524288041993,False
AVM,-0.0156183913350105,-2.665590286254883,0.2872186601161957,AVM,False,-306.00976486206054,38.428591367868506,0.33474382724624135,False
AVM,-0.0144535042345523,-2.6647356748580933,0.3576491996645927,AVM,False,-305.9116554737091,38.918416471082274,0.3390105964379989,False
AVM,-0.0168900564312934,-2.6647356748580933,0.3576491996645927,AVM,False,-305.9116554737091,38.948750302399056,0.33927482841811024,False
AVM,-0.0168899968266487,-2.663982391357422,0.3291983753442764,AVM,False,-305.825178527832,38.65010158855642,0.33667335878533466,False
AVM,-0.0144534483551979,-2.663982391357422,0.3291983753442764,AVM,False,-305.825178527832,38.65098897751846,0.336681088654342,False
AVM,-0.0156185254454612,-2.6631866693496704,0.3585415780544281,AVM,False,-305.73382964134214,38.76099305949972,0.3376393123649801,False
AVM,-0.0156184658408164,-2.6621607542037964,0.32938052713871,AVM,False,-305.61605458259584,38.44665696584867,0.3349011930823055,False
AVM,-0.0151154547929763,-2.590734601020813,0.2132061049342155,AVM,False,-297.4163321971893,29.916116027876495,0.2605933451905618,False
AVM,-0.0168195143342018,-2.5902701020240784,0.2148088850080967,AVM,False,-297.3630077123642,29.84093121819881,0.25993842524563426,False
AVM,-0.0134113952517509,-2.5902701020240784,0.2148088850080967,AVM,False,-297.3630077123642,29.84101077039793,0.2599391182090412,False
AVM,-0.0151154547929763,-2.589805603027344,0.2164116650819778,AVM,False,-297.3096832275391,29.766878583801816,0.25929336745471965,False
AVM,-0.0146345123648643,-2.4565188884735107,0.1580705344676971,AVM,False,-282.008368396759,17.064304424207062,0.14864376676138558,False
AVM,-0.01632522046566,-2.45626300573349,0.1597409285604953,AVM,False,-281.97899305820465,16.9405342974349,0.1475656297685967,False
AVM,-0.0129438042640686,-2.45626300573349,0.1597409285604953,AVM,False,-281.97899305820465,16.944077655928428,0.1475964952607006,False
AVM,-0.0146345123648643,-2.4560071229934692,0.1614113226532936,AVM,False,-281.94961771965023,16.823030478450672,0.14654207733842048,False
AVM,-0.0146345123648643,-2.2918514013290405,0.0450315438210964,AVM,False,-263.10454087257386,0.39028406820848593,0.0033996870053004,False
AVM,-0.01632522046566,-2.2915435433387756,0.0466939704492688,AVM,False,-263.06919877529145,0.6486725118773378,0.005650457420534301,False
AVM,-0.0129438042640686,-2.2915435433387756,0.0466939704492688,AVM,False,-263.06919877529145,0.38681818373420696,0.00336949637399135,False
AVM,-0.0146345123648643,-2.2912356853485107,0.0483563970774412,AVM,False,-263.03385667800904,0.648538856145264,0.005649293171997073,False
AVM,-0.0146345123648643,-2.12610125541687,-0.0699115581810474,AVM,False,-244.0764241218567,1.1471472737407074,0.009992572070912085,False
AVM,-0.01632522046566,-2.1257933378219604,-0.0682491390034556,AVM,False,-244.04107518196105,1.0062028051258711,0.008764832797263686,False
AVM,-0.0129438042640686,-2.1257933378219604,-0.0682491390034556,AVM,False,-244.04107518196105,0.9921367929738838,0.008642306559005957,False
AVM,-0.0146345123648643,-2.125485420227051,-0.0665867198258638,AVM,False,-244.00572624206544,0.9170687865642291,0.007988404064148337,False
AVM,-0.0146345123648643,-1.8893601298332217,-0.231697104871273,AVM,False,-216.89854290485385,0.4485706790599855,0.003907410096341337,False
AVM,-0.0129438042640686,-1.889052212238312,-0.2300346791744232,AVM,False,-216.8631939649582,0.2553718400291587,0.002224493380044936,False
AVM,-0.01632522046566,-1.889052212238312,-0.2300346791744232,AVM,False,-216.8631939649582,0.6431252798639957,0.005602136584181148,False
AVM,-0.0146345123648643,-1.888744294643402,-0.2283722534775734,AVM,False,-216.82784502506254,0.4502287274579588,0.003921853026637272,False
AVM,-0.0146345123648643,-1.652526080608368,-0.3900312781333923,AVM,False,-189.70999405384063,0.3715585171975588,0.003236572449456087,False
AVM,-0.0129438042640686,-1.6522181630134585,-0.3883688449859619,AVM,False,-189.67464511394502,0.42945585846202877,0.0037409046904357908,False
AVM,-0.01632522046566,-1.6522181630134585,-0.3883688449859619,AVM,False,-189.67464511394502,0.642620210774089,0.005597737027648859,False
AVM,-0.0146345123648643,-1.6519102454185486,-0.3867064118385315,AVM,False,-189.63929617404938,0.6758981659275802,0.0058876146857803156,False
AVM,-0.0146345123648643,-1.4917338490486145,-0.4718891084194183,AVM,False,-171.25104587078093,1.3556807428392836,0.011809065704174945,False
AVM,-0.0129438042640686,-1.4914259612560272,-0.4702266752719879,AVM,False,-171.21570035219193,1.1047618786230677,0.00962336131204763,False
AVM,-0.01632522046566,-1.4914259612560272,-0.4702266752719879,AVM,False,-171.21570035219193,1.2905922785257187,0.011242093018516714,False
AVM,-0.0146345123648643,-1.49111807346344,-0.4685642421245575,AVM,False,-171.1803548336029,1.0226230752761787,0.008907866509374378,False
AVM,-0.0146345123648643,-1.270050823688507,-0.5725326538085938,AVM,False,-145.8018345594406,3.376862065287698,0.029415174784736046,False
AVM,-0.01632522046566,-1.2697429060935974,-0.5708702057600021,AVM,False,-145.76648561954497,3.266411215299509,0.028453059366720462,False
AVM,-0.0129438042640686,-1.2697429060935974,-0.5708702057600021,AVM,False,-145.76648561954497,3.1368384613120117,0.027324376840696968,False
AVM,-0.0146345123648643,-1.2694349884986875,-0.5692077577114105,AVM,False,-145.73113667964932,3.0172011286066978,0.02628223979622559,False
AVM,-0.0146345123648643,-1.1044244766235352,-0.6227508783340454,AVM,False,-126.78792991638183,4.461790541233836,0.038865771265103106,False
AVM,-0.0129438042640686,-1.1042165160179138,-0.6210760325193405,AVM,False,-126.76405603885651,4.236550099934212,0.03690374651510638,False
AVM,-0.01632522046566,-1.1042165160179138,-0.6210760325193405,AVM,False,-126.76405603885651,4.31939416915683,0.03762538474875288,False
AVM,-0.0146345123648643,-1.1040085554122925,-0.6194011867046356,AVM,False,-126.74018216133118,4.086140081771886,0.0355935547192673,False
AVM,-0.0146345123648643,-0.932610958814621,-0.6551202833652496,AVM,False,-107.06373807191848,7.221170380975684,0.06290218101895195,False
AVM,-0.0129438042640686,-0.932502955198288,-0.6534330397844315,AVM,False,-107.05133925676346,7.011549069523637,0.06107621140700033,False
AVM,-0.01632522046566,-0.932502955198288,-0.6534330397844315,AVM,False,-107.05133925676346,7.050621396151305,0.06141656268424482,False
AVM,-0.0146345123648643,-0.932394951581955,-0.6517457962036133,AVM,False,-107.03894044160843,6.835749577552721,0.05954485694732336,False
AVM,-0.0149497613310813,-0.7517378479242325,-0.669126957654953,AVM,False,-86.29950494170188,8.82578002978863,0.07687961698422152,False
AVM,-0.0129244774580001,-0.7516639530658722,-0.6671077758073807,AVM,False,-86.29102181196212,8.577829563898781,0.07471976972037266,False
AVM,-0.0168855562806129,-0.7516141682863235,-0.6671951413154602,AVM,False,-86.28530651926994,8.626870290115047,0.07514695374664675,False
AVM,-0.0148602724075317,-0.7515402734279633,-0.6651759594678879,AVM,False,-86.27682338953018,8.37300034624223,0.07293554308573372,False
AVM,-0.0175702422857284,-0.6304234564304352,-0.6681673526763916,AVM,False,-72.37261279821395,8.746826746224484,0.07619187061171154,False
AVM,-0.0152103826403617,-0.6303836703300476,-0.6658162921667099,AVM,False,-72.36804535388946,8.449816203357377,0.07360467076095277,False
AVM,-0.0153115130960941,-0.6303266733884811,-0.6704310476779938,AVM,False,-72.36150210499763,8.97850324503206,0.07820995858041864,False
AVM,-0.0129516534507274,-0.6302868872880936,-0.6680799871683121,AVM,False,-72.35693466067313,8.689427621988914,0.07569187824032156,False
AVM,-0.0387908853590488,-0.5809428691864014,-0.6686861664056778,AVM,False,-66.69224138259888,9.086741337607542,0.07915279910807964,False
AVM,-0.0365506634116172,-0.5797877609729767,-0.6659633666276932,AVM,False,-66.55963495969772,8.762762507009361,0.07633068385896656,False
AVM,-0.0367116518318653,-0.5795182585716248,-0.6714089810848236,AVM,False,-66.52869608402251,9.388190575211446,0.08177866354713803,False
AVM,-0.0344714298844337,-0.5783631503582001,-0.668686181306839,AVM,False,-66.39608966112137,9.07097707088466,0.07901547971153886,False
AVM,-0.2040520012378692,-0.574969470500946,-0.4281980618834495,AVM,False,-66.0064952135086,0.08034637418324014,0.0006998813082163776,False
AVM,-0.2040519900619983,-0.5675098299980164,-0.4464651793241501,AVM,False,-65.15012848377228,0.1476523139424875,0.0012861699820774174,False
AVM,-0.2040519900619983,-0.5599265992641449,-0.4522028267383575,AVM,False,-64.27957359552383,0.11216632292964399,0.0009770585621049128,False
AVM,-0.2040519937872886,-0.5568415969610214,-0.4912557899951935,AVM,False,-63.92541533112526,0.2865293343114051,0.0024959001246638076,False
AVM,-0.1857848614454269,-0.5567023903131485,-0.4281980544328689,AVM,False,-63.90943440794945,0.18557875379866723,0.0016165396672357772,False
AVM,-0.2040519975125789,-0.5567023456096649,-0.4099309369921684,AVM,False,-63.90942927598953,0.13494552761638962,0.001175483690038237,False
AVM,-0.2008277326822281,-0.5567023456096649,-0.4522028341889381,AVM,False,-63.90942927598953,0.39282452007946705,0.003421816376998842,False
AVM,-0.2072762474417686,-0.5567023456096649,-0.4522028341889381,AVM,False,-63.90942927598953,0.14743310238766533,0.0012842604737601509,False
AVM,-0.1932444870471954,-0.5567023307085037,-0.4464651942253113,AVM,False,-63.90942756533622,0.9090596398623576,0.007918637977895101,False
AVM,-0.2223191298544407,-0.5567022860050201,-0.4281980767846107,AVM,False,-63.909422433376314,0.2605716488252553,0.002269787881753095,False
AVM,-0.2148594930768013,-0.5567022860050201,-0.4464651942253113,AVM,False,-63.909422433376314,0.3079846632966026,0.0026827932342909635,False
AVM,-0.207036443054676,-0.5537410229444504,-0.4918446615338325,AVM,False,-63.5694694340229,0.3500542317912374,0.0030492528901675735,False
AVM,-0.2010675445199012,-0.5537410080432892,-0.4906669035553932,AVM,False,-63.5694677233696,0.4971475455433044,0.0043305535326071815,False
AVM,-0.0797923952341079,-0.5535267442464828,-0.6584874093532562,AVM,False,-63.54487023949623,7.907040853649395,0.06887666248823515,False
AVM,-0.2040519900619983,-0.5534780919551849,-0.4522028416395187,AVM,False,-63.53928495645523,0.11216803081414821,0.0009770734391476325,False
AVM,-0.1853053569793701,-0.5512892007827759,-0.5603332668542862,AVM,False,-63.28800024986267,0.6089202705074123,0.005304183541005333,False
AVM,-0.0782282315194606,-0.5508412718772888,-0.6554739773273468,AVM,False,-63.236578011512755,7.57143099341183,0.06595323164992883,False
AVM,-0.0793853215873241,-0.55071821808815,-0.6615008860826492,AVM,False,-63.22245143651962,8.25470825919418,0.07190512420900853,False
AVM,-0.2040519937872886,-0.5506404340267181,-0.4912557750940323,AVM,False,-63.21352182626724,0.28653104454096195,0.002495915022133815,False
AVM,-0.1873778477311134,-0.5481885671615601,-0.5623349398374557,AVM,False,-62.93204751014709,0.40537891263160813,0.0035311751971394438,False
AVM,-0.1832328662276268,-0.5481885224580765,-0.558331623673439,AVM,False,-62.93204237818718,0.8922198297148279,0.007771949736191881,False
AVM,-0.0778211578726768,-0.548032745718956,-0.6584874540567398,AVM,False,-62.91415920853615,7.919779565502306,0.0689876268771978,False
AVM,-0.1331281661987304,-0.5464770644903183,-0.6221920549869537,AVM,False,-62.73556700348854,3.739543612204371,0.03257442170909731,False
AVM,-0.2040519900619983,-0.5458947867155075,-0.4464652091264725,AVM,False,-62.66872151494026,0.14765573205417792,0.0012861997565694941,False
AVM,-0.1853053569793701,-0.5450878888368607,-0.5603332966566086,AVM,False,-62.5760896384716,0.6089199341188645,0.005304180610791503,False
AVM,-0.1319859325885772,-0.5433764159679413,-0.6193131506443024,AVM,False,-62.37961255311966,3.4038893074089906,0.029650603723074834,False
AVM,-0.1342703998088836,-0.5433763861656189,-0.6250710189342499,AVM,False,-62.37960913181305,4.078579841313573,0.035527698966146104,False
AVM,-0.1331281661987304,-0.5402757376432419,-0.6221921145915985,AVM,False,-62.023654681444164,3.7395504434867197,0.03257448121504111,False
AVM,-0.2040519900619983,-0.5384352058172226,-0.4281980693340301,AVM,False,-61.812361627817154,0.23903595754021292,0.0020821947520924472,False
AVM,-0.015598600109418199,-2.965778569380442,0.3655435442924499,AVM,True,-340.47137976487477,73.38836660561643,0.6392714861116413,False
AVM,-0.0156281987826029,-2.8921882708867392,0.33508576452732086,AVM,True,-332.02321349779766,64.74476210777776,0.5639787640050328,False
AVM,-0.0146345123648643,-2.0467769900957746,-0.1216235148410002,AVM,True,-234.9699984629949,0.8437879091805395,0.007350068895300867,False
AVM,-0.0146345123648643,-1.968068559964498,-0.1766603098561366,AVM,True,-225.93427068392438,0.7498079378050864,0.006531428029661031,False
AVM,-0.0146345123648643,-1.8100048899650574,-0.282258595029513,AVM,True,-207.7885613679886,0.6973988812237366,0.006074903146548229,False
AVM,-0.0146345123648643,-1.7312654852867126,-0.3361449365814526,AVM,True,-198.7492777109146,0.3886149277888052,0.0033851474546063172,False
AVM,-0.0146345123648643,-1.417428990205129,-0.5032203793525696,AVM,True,-162.7208480755488,1.2580059857029235,0.010958240293579474,False
AVM,-0.0146345123648643,-1.343739906946818,-0.5378765165805817,AVM,True,-154.26134131749473,3.177955963530222,0.027682543236325977,False
AVM,-0.0147395953536033,-0.8721759170293808,-0.6575395166873932,AVM,True,-100.12579527497292,7.498759096031034,0.06532020118493932,False
AVM,-0.0148446783423423,-0.8119568824768066,-0.6633332371711731,AVM,True,-93.2126501083374,8.162129721833802,0.07109869095674043,False
CANL,0.146414503455162,-2.7953888177871704,0.4691334366798401,CANL,False,-320.91063628196713,55.33014474697487,0.481969901977133,False
CANL,0.146414503455162,-2.793489933013916,0.4644295573234558,CANL,False,-320.69264430999755,55.05369801476608,0.47956182939691705,False
CANL,0.1424826085567474,-2.792327105998993,0.4681854546070099,CANL,False,-320.5591517686844,54.89695223959591,0.47819644808010375,False
CANL,0.1503463983535766,-2.792327105998993,0.4681854546070099,CANL,False,-320.5591517686844,55.05342570176794,0.47955945733247335,False
CANL,0.146414503455162,-2.79116427898407,0.4719413518905639,CANL,False,-320.4256592273712,54.89667894106442,0.4781940674308748,False
CANL,0.1633995100855827,-2.638837933540344,0.4130736589431762,CANL,False,-302.93859477043145,37.87061256989948,0.32988338475522194,False
CANL,0.1673314124345779,-2.637675106525421,0.4168296754360199,CANL,False,-302.80510222911835,37.90065910546266,0.3301451141590824,False
CANL,0.1594676077365875,-2.637675106525421,0.4168296754360199,CANL,False,-302.80510222911835,37.62625476957786,0.32775483248761206,False
CANL,0.1633995100855827,-2.636512279510498,0.4205856919288635,CANL,False,-302.6716096878052,37.65649627111005,0.3280182602013071,False
CANL,0.1803845167160034,-2.4844419956207275,0.3617972731590271,CANL,False,-285.2139410972595,22.48665943798545,0.19587682437269555,False
CANL,0.1843164265155792,-2.483279049396515,0.3655532896518707,CANL,False,-285.0804348707199,22.65679356783896,0.19735882898814425,False
CANL,0.1764526069164276,-2.483279049396515,0.3655532896518707,CANL,False,-285.0804348707199,22.13393091153762,0.1928042762329061,False
CANL,0.1803845167160034,-2.4821161031723022,0.3693093061447143,CANL,False,-284.9469286441803,22.30675558385606,0.19430971762940819,False
CANL,0.2060915380716323,-2.3131521940231323,0.2816318869590759,CANL,False,-265.5498718738556,16.015315474473425,0.1395062323560403,False
CANL,0.2021596282720565,-2.311733663082123,0.2852887511253357,CANL,False,-265.3870245218277,15.564006865745164,0.1355749726981286,False
CANL,0.2100234478712082,-2.311733663082123,0.2852887511253357,CANL,False,-265.3870245218277,16.466694783884627,0.14343810787355948,False
CANL,0.2060915380716323,-2.3103151321411133,0.2889456152915954,CANL,False,-265.2241771697998,16.01941261642997,0.13954192174590568,False
CANL,0.2317985594272613,-2.1410717964172363,0.2000573873519897,CANL,False,-245.79504222869872,19.712659565965684,0.17171306242130388,False
CANL,0.2357304692268371,-2.1393978595733643,0.2036150991916656,CANL,False,-245.60287427902222,20.042163215687935,0.17458330327254298,False
CANL,0.2278666496276855,-2.1393978595733643,0.2036150991916656,CANL,False,-245.60287427902222,19.168884979050276,0.16697634999172714,False
CANL,0.2317985594272613,-2.137723922729492,0.2071728110313415,CANL,False,-245.4107063293457,19.505682232510516,0.16991012397657243,False
CANL,0.2428113557398319,-1.99565589427948,0.0952877076342701,CANL,False,-229.1012966632843,26.573374860466576,0.23147539077061477,False
CANL,0.2388794496655464,-1.9939691424369812,0.0988393696025013,CANL,False,-228.90765755176542,26.115438494008522,0.2274863980314331,False
CANL,0.2467432618141174,-1.9939691424369812,0.0988393696025013,CANL,False,-228.90765755176542,27.01817195255204,0.23534992990027911,False
CANL,0.2428113557398319,-1.9922823905944824,0.1023910315707326,CANL,False,-228.71401844024658,26.566491823766494,0.2314154340049346,False
CANL,0.2538241520524025,-1.8480682373046875,-0.0115751679986715,CANL,False,-212.15823364257812,27.621127369702897,0.24060215478835276,False
CANL,0.2577560544013977,-1.8463684916496277,-0.0080296006053686,CANL,False,-211.96310284137726,28.0787013207622,0.24458799059897388,False
CANL,0.2498922497034073,-1.8463684916496277,-0.0080296006053686,CANL,False,-211.96310284137726,27.17617254639251,0.23672624169331455,False
CANL,0.2538241520524025,-1.844668745994568,-0.0044840332120656,CANL,False,-211.7679720401764,27.622291125964104,0.24061229203801485,False
CANL,0.2538241520524025,-1.6785097122192385,-0.1127477316185832,CANL,False,-192.69291496276858,27.62104507949581,0.2406014379747022,False
CANL,0.2498922608792781,-1.6768098771572113,-0.1092021195217967,CANL,False,-192.49777389764785,27.169392083209914,0.23666717842517346,False
CANL,0.2577560544013977,-1.6768098771572113,-0.1092021195217967,CANL,False,-192.49777389764785,28.072148778421298,0.24453091270401828,False
CANL,0.2538241632282734,-1.6751100420951843,-0.1056565074250102,CANL,False,-192.30263283252717,27.62061005495514,0.24059764856232702,False
CANL,0.2538241520524025,-1.5089507102966309,-0.2123147547245025,CANL,False,-173.22754154205322,27.66041693124081,0.2409443983557562,False
CANL,0.2577560544013977,-1.507250875234604,-0.2087691575288772,CANL,False,-173.03240047693254,28.13127920983208,0.24504598614836307,False
CANL,0.249892272055149,-1.507250875234604,-0.2087691575288772,CANL,False,-173.03240047693254,27.228600879324414,0.23718293448888864,False
CANL,0.2538241744041443,-1.505551040172577,-0.2052235603332519,CANL,False,-172.83725941181183,27.682630164432833,0.24113789341840447,False
CANL,0.2538241632282734,-1.33168625831604,-0.2970643788576126,CANL,False,-152.8775824546814,27.45247951619529,0.23913309683096942,False
CANL,0.2577560544013977,-1.3299864828586578,-0.2935188189148903,CANL,False,-152.68244823217393,27.907073898311904,0.24309297820829184,False
CANL,0.2498922832310199,-1.3299864828586578,-0.2935188189148903,CANL,False,-152.68244823217393,27.004420559953672,0.23523014425046754,False
CANL,0.2538241744041443,-1.3282867074012756,-0.2899732589721679,CANL,False,-152.48731400966645,27.461257561520746,0.23920956064042462,False
CANL,0.2538241744041443,-1.156381130218506,-0.3799692839384079,CANL,False,-132.75255374908448,26.685550164670367,0.23245252756681506,False
CANL,0.2577560544013977,-1.1546813547611237,-0.3764236718416214,CANL,False,-132.55741952657698,27.131318543863348,0.23633552738556923,False
CANL,0.2498922944068908,-1.1546813547611237,-0.3764236718416214,CANL,False,-132.55741952657698,26.228608818502146,0.22847220225176085,False
CANL,0.2538241744041443,-1.1529815793037417,-0.3728780597448349,CANL,False,-132.36228530406953,26.678788195283154,0.23239362539445257,False
CANL,0.2538241744041443,-0.9949935078620912,-0.4112651795148849,CANL,False,-114.22525470256807,26.67854722307449,0.2323915263334015,False
CANL,0.2498922944068908,-0.9937918484210968,-0.4075580686330795,CANL,False,-114.0873041987419,26.227526495622723,0.22846277435211432,False
CANL,0.2577560544013977,-0.9937918484210968,-0.4075580686330795,CANL,False,-114.0873041987419,27.130272233303643,0.2363264131820875,False
CANL,0.2538241744041443,-0.9925901889801024,-0.4038509577512741,CANL,False,-113.94935369491576,26.678652092362814,0.23239243982894436,False
CANL,0.2538241744041443,-0.8317939639091492,-0.4426625370979309,CANL,False,-95.48994705677032,26.674255338159426,0.23235414057630163,False
CANL,0.2577560544013977,-0.8310904055833817,-0.4387940019369125,CANL,False,-95.40917856097221,27.125733296263036,0.23628687540298812,False
CANL,0.2498922944068908,-0.8310904055833817,-0.4387940019369125,CANL,False,-95.40917856097221,26.222984730078906,0.22842321193448525,False
CANL,0.2538241744041443,-0.8303868472576141,-0.4349254667758941,CANL,False,-95.3284100651741,26.67448218006949,0.23235611655112795,False
CANL,0.2538241744041443,-0.6630076020956039,-0.4385445863008499,CANL,False,-76.11327272057532,27.131569158451605,0.2363377104394739,False
CANL,0.2577560544013977,-0.6625830233097076,-0.4346457719802856,CANL,False,-76.06453107595443,27.583575886777144,0.24027505127854656,False
CANL,0.2498922944068908,-0.6625830233097076,-0.4346457719802856,CANL,False,-76.06453107595443,26.68083812718898,0.2324114819441549,False
CANL,0.2538241744041443,-0.6621584445238113,-0.4307469576597214,CANL,False,-76.01578943133354,27.13155816141237,0.23633761464644923,False
CANL,0.2538241744041443,-0.4940045773983001,-0.4336207956075668,CANL,False,-56.711725485324855,27.661530746791428,0.24095410058180686,False
CANL,0.2498922944068908,-0.493859015405178,-0.4296916350722313,CANL,False,-56.695014968514435,27.2113184360731,0.23703239055812805,False
CANL,0.2577560544013977,-0.493859015405178,-0.4296916350722313,CANL,False,-56.695014968514435,28.114033456856767,0.24489576181930983,False
CANL,0.2538241744041443,-0.4937134534120559,-0.4257624745368957,CANL,False,-56.678304451704015,27.661571034624345,0.240954451521118,False
CANL,0.2538241744041443,-0.0317324846982955,-0.215439883293584,CANL,False,-3.6428892433643236,10.499570369196876,0.09145967220554771,False
CANL,0.2577560544013977,-0.030969001352787,-0.2191836467245593,CANL,False,-3.555241355299948,11.122312131066664,0.09688425201277583,False
CANL,0.2498922944068908,-0.030969001352787,-0.2191836467245593,CANL,False,-3.555241355299948,10.513778933106284,0.09158344018385266,False
CANL,0.2538241744041443,-0.0302055180072784,-0.2229274101555347,CANL,False,-3.4675934672355604,11.134017146215852,0.09698621207505098,False
CANL,0.2538241744041443,0.442152738571167,0.0043690039310604,CANL,False,50.75913438796997,5.874359874898951,0.05117038218553093,False
CANL,0.2490497380495071,0.4441836476325989,4.804832860827446e-05,CANL,False,50.99228274822235,5.387472781394859,0.0469292054128472,False
CANL,0.2585986033082008,0.4441836476325989,4.804832860827446e-05,CANL,False,50.99228274822235,6.483682256869287,0.05647806843962794,False
CANL,0.2538241669535637,0.4462145566940307,-0.0042729072738438,CANL,False,51.22543110847472,5.882028778331837,0.05123718448024248,False
CANL,0.2538241744041443,0.457107201218605,0.019569790456444,CANL,False,52.47590669989585,5.937486061593879,0.05172026186057386,False
CANL,0.2416540160775184,0.4622839987277984,0.0085554799297824,CANL,False,53.07020305395125,4.541318108681568,0.03955852011046662,False
CANL,0.2659943178296089,0.4622839987277984,0.0085554799297824,CANL,False,53.07020305395125,7.334489248485941,0.063889279167996,False
CANL,0.2538241595029831,0.4674607962369919,-0.0024588305968791,CANL,False,53.66449940800667,5.935605111575685,0.051703877278533844,False
CANL,0.2538241669535637,0.4712645560503006,0.03346489649266,CANL,False,54.101171034574506,6.064604963376784,0.052827569367393586,False
CANL,0.2725474834442138,0.4792288318276405,0.0165198720060288,CANL,False,55.015469893813126,8.21439221897543,0.07155393918968145,False
CANL,0.2351008430123329,0.4792288318276405,0.0165198720060288,CANL,False,55.015469893813126,3.9214206441504076,0.034158716412459995,False
CANL,0.2538241595029831,0.4871931076049804,-0.0004251524806022,CANL,False,55.92976875305175,6.0461340301854385,0.05266667273680695,False
CANL,0.2538241595029831,0.4909971207380295,0.035498471930623,CANL,False,56.36646946072578,6.078587518734463,0.05294936863009114,False
CANL,0.2416540086269378,0.4961738735437393,0.0244842059910297,CANL,False,56.960760682821274,4.786461436483564,0.04169391495194742,False
CANL,0.2659943103790283,0.4961738735437393,0.0244842059910297,CANL,False,56.960760682821274,7.554494249567694,0.06580569903804612,False
CANL,0.2538241595029831,0.5013506263494492,0.0134699400514364,CANL,False,57.55505190491676,6.087638295880501,0.05302820815226917,False
CANL,0.2538241520524025,0.5153104364871979,0.0403264723718166,CANL,False,59.15763810873032,6.200966291288378,0.05401538581261653,False
CANL,0.2490497082471847,0.5173412635922432,0.0360054830089211,CANL,False,59.39077706038952,5.63547199710567,0.04908947732670444,False
CANL,0.2585985958576202,0.5173412635922432,0.0360054830089211,CANL,False,59.39077706038952,6.731683412037148,0.05863835724771035,False
CANL,0.2538241520524025,0.5193720906972885,0.0316844936460256,CANL,False,59.62391601204872,6.204067430049788,0.05404239921646157,False
CANL,0.2538241595029831,0.7310003340244293,0.1484613437205553,CANL,False,83.91883834600448,7.274759926954322,0.06336898891075193,False
CANL,0.2577560544013977,0.7322430908679962,0.1447586733847856,CANL,False,84.06150683164596,7.6924177452090525,0.06700712321610673,False
CANL,0.2498922646045684,0.7322430908679962,0.1447586733847856,CANL,False,84.06150683164596,6.790741908192623,0.059152804078332955,False
CANL,0.2538241595029831,0.7334858477115631,0.141056003049016,CANL,False,84.20417531728744,7.233201712117225,0.0630069835550281,False
CANL,0.2538241744041443,0.9291332960128784,0.2466561868786811,CANL,False,106.66450238227844,7.431099720677599,0.06473083380381184,False
CANL,0.2498922944068908,0.9296704828739166,0.242771103978157,CANL,False,106.72617143392563,6.952302540446272,0.06056012665893965,False
CANL,0.2577560544013977,0.9296704828739166,0.242771103978157,CANL,False,106.72617143392563,7.853133738509472,0.06840708831454244,False
CANL,0.2538241744041443,0.9302076697349548,0.2388860210776329,CANL,False,106.78784048557281,7.38699582793637,0.0643466535534527,False
CANL,0.2538241744041443,1.1351896822452543,0.2663101926445961,CANL,False,130.3197755217552,7.544087755646476,0.06571505013629335,False
CANL,0.2577560544013977,1.1353526413440704,0.2623829543590545,CANL,False,130.33848322629927,7.93818989394886,0.06914799559188903,False
CANL,0.2498922944068908,1.1353526413440704,0.2623829543590545,CANL,False,130.33848322629927,7.039380611901671,0.06131864644513651,False
CANL,0.2538241744041443,1.1355156004428864,0.258455716073513,CANL,False,130.35719093084336,7.46012845668526,0.06498369735788555,False
CANL,0.2538241744041443,1.3416495323181152,0.2773720175027847,CANL,False,154.02136631011962,8.03137488430543,0.0699597115357616,False
CANL,0.2498922944068908,1.3418589234352112,0.2812887355685234,CANL,False,154.04540441036224,7.5939082732465994,0.06614902677044077,False
CANL,0.2577560544013977,1.3418589234352112,0.2812887355685234,CANL,False,154.04540441036224,8.495188878335659,0.07399990312139076,False
CANL,0.2538241744041443,1.3420683145523071,0.2852054536342621,CANL,False,154.06944251060486,8.082670214711122,0.07040653497135124,False
CANL,0.2538241744041443,1.5345513820648191,0.2652629911899566,CANL,False,176.16649866104123,8.14909667054585,0.07098516263541682,False
CANL,0.2577560544013977,1.535189867019653,0.2691396400332451,CANL,False,176.23979673385617,8.534137831614114,0.07433917971789299,False
CANL,0.2498922944068908,1.535189867019653,0.2691396400332451,CANL,False,176.23979673385617,7.6374548975998895,0.06652835276654956,False
CANL,0.2538241744041443,1.5358283519744873,0.2730162888765335,CANL,False,176.31309480667113,8.046308578461252,0.07008979597962764,False
CANL,0.2538241744041443,1.7298159003257751,0.2517042905092239,CANL,False,198.582865357399,8.109194167367777,0.07063757985512001,False
CANL,0.2498922944068908,1.730609267950058,0.2555553913116455,CANL,False,198.67394396066666,7.739434239977184,0.06741667456426119,False
CANL,0.2577560544013977,1.730609267950058,0.2555553913116455,CANL,False,198.67394396066666,8.62552223787607,0.07513521113132465,False
CANL,0.2538241744041443,1.7314026355743408,0.2594064921140671,CANL,False,198.7650225639343,8.277854479575597,0.07210674633776652,False
CANL,0.2317985668778419,2.215312421321869,0.11639064271003,CANL,False,254.31786596775055,7.019214757842861,0.06114298569549531,False
CANL,0.2278666868805885,2.2161055207252502,0.1202417286112904,CANL,False,254.4089137792587,6.59493437709171,0.05744716356351664,False
CANL,0.2357304468750953,2.2161055207252502,0.1202417286112904,CANL,False,254.4089137792587,7.4941523266552235,0.06528007253183993,False
CANL,0.2317985668778419,2.2168986201286316,0.1240928145125508,CANL,False,254.4999615907669,7.097149307254092,0.06182185807712624,False
CANL,0.2097729593515396,2.7005069255828857,-0.0188607331365346,CANL,False,310.01819505691526,6.05493948337468,0.05274337529072021,False
CANL,0.2058410793542862,2.701300024986267,-0.0150097366422414,CANL,False,310.10924286842345,5.664230286253408,0.0493399850718938,False
CANL,0.213704839348793,2.701300024986267,-0.0150097366422414,CANL,False,310.10924286842345,6.555462437631267,0.057103331338251455,False
CANL,0.2097729593515396,2.7020931243896484,-0.0111587401479482,CANL,False,310.20029067993164,6.285221214193783,0.054749313712489395,False
CANL,0.1920091137290001,2.8788270950317383,-0.0431433981284499,CANL,False,330.48935050964354,5.2991178918926805,0.046159563518228926,False
CANL,0.1959410011768341,2.879508376121521,-0.039272672496736,CANL,False,330.5675615787506,6.020848050913366,0.052446411593322,False
CANL,0.188077226281166,2.879508376121521,-0.039272672496736,CANL,False,330.5675615787506,5.127299745087864,0.044662889765573734,False
CANL,0.1920091137290001,2.8801896572113037,-0.0354019468650221,CANL,False,330.64577264785765,5.653956204812385,0.04925048958895806,False
CANL,0.1742452681064605,3.0571610927581787,-0.0663473084568977,CANL,False,350.9620934486389,4.117661976547406,0.03586813568421085,False
CANL,0.1703133732080459,3.0575647354125977,-0.0624396577477455,CANL,False,351.0084316253662,3.6773771934675836,0.03203290238212181,False
CANL,0.1781771630048751,3.0575647354125977,-0.0624396577477455,CANL,False,351.0084316253662,4.578459521956062,0.03988205158498312,False
CANL,0.1742452681064605,3.0579683780670166,-0.0585320070385932,CANL,False,351.0547698020935,4.074699883560886,0.03549390142474639,False
CANL,0.169400580227375,3.2717865705490112,-0.0603185966610908,CANL,False,375.6010982990265,3.858712097064512,0.03361247471310551,False
CANL,0.1733324751257896,3.2721623182296753,-0.0641836300492286,CANL,False,375.6442341327667,4.354146889915018,0.03792810879716915,False
CANL,0.1654686853289604,3.2721623182296753,-0.0641836300492286,CANL,False,375.6442341327667,3.4574562498045647,0.03011721471955196,False
CANL,0.169400580227375,3.2725380659103394,-0.0680486634373664,CANL,False,375.68736996650694,3.9538210615824,0.03444095001378397,False
CANL,0.1645558923482895,3.4884605407714844,-0.0596209242939949,CANL,False,400.4752700805664,3.8457911485620957,0.03349992289688237,False
CANL,0.1606239974498748,3.4894498586654663,-0.0634263828396797,CANL,False,400.5888437747955,3.3204021950743536,0.02892336406859193,False
CANL,0.1684877872467041,3.4894498586654663,-0.0634263828396797,CANL,False,400.5888437747955,4.216319728324134,0.03672752376588967,False
CANL,0.1645558923482895,3.490439176559448,-0.0672318413853645,CANL,False,400.7024174690246,3.7398566249502054,0.03257714830095998,False
CANL,0.1190876513719558,3.758505702018738,0.0052774474024772,CANL,False,431.47645459175106,0.47864821958216863,0.004169409578241887,False
CANL,0.1230195462703704,3.7594947814941406,0.0014717504382133,CANL,False,431.59000091552736,0.832974671804086,0.007255876932091342,False
CANL,0.1151557564735412,3.7594947814941406,0.0014717504382133,CANL,False,431.59000091552736,0.6914012611544806,0.006022659069289902,False
CANL,0.1190876513719558,3.760483860969543,-0.0023339465260505,CANL,False,431.70354723930353,0.5263996462385662,0.004585362772112946,False
CANL,0.0736194103956222,4.025594711303711,0.0694070383906364,CANL,False,462.138272857666,26.15975116125558,0.22787239687504862,False
CANL,0.0696875154972076,4.026583790779114,0.0656014010310173,CANL,False,462.2518191814423,26.048775131067277,0.22690570671661392,False
CANL,0.0775513052940368,4.026583790779114,0.0656014010310173,CANL,False,462.2518191814423,26.39088393045989,0.2298857485231698,False
CANL,0.0736194103956222,4.027572870254517,0.0617957636713981,CANL,False,462.3653655052185,26.28088460067464,0.22892756620796725,False
CANL,0.0736194103956222,4.0324695110321045,0.0671316310763359,CANL,False,462.92749986648556,26.85719013211865,0.23394764923448302,False
CANL,0.2538241744041443,-0.41671662529309583,-0.39070870932967705,CANL,True,-47.8390685836474,27.75752703340113,0.24179030516899938,False
CANL,0.2538241744041443,-0.3397197971741358,-0.35565494412245846,CANL,True,-38.99983271559079,27.9441968355782,0.24341634874197038,False
CANL,0.2538241744041443,-0.26272296905517567,-0.32060117891523987,CANL,True,-30.160596847534165,27.982703335632483,0.24375177121631084,False
CANL,0.2538241744041443,-0.18572614093621564,-0.2855474137080212,CANL,True,-21.321360979477557,25.809114958835067,0.22481807455431244,False
CANL,0.2538241744041443,-0.10872931281725556,-0.2504936485008026,CANL,True,-12.482125111420938,16.428586010291035,0.14310614991542714,False
CANL,0.2538241744041443,0.04852085808912916,-0.1850446744744355,CANL,True,5.570194508632028,8.205322669770451,0.07147493614782623,False
CANL,0.2538241744041443,0.12724723418553674,-0.14716193879333633,CANL,True,14.607982484499617,5.726334608346164,0.04988096348733593,False
CANL,0.2538241744041443,0.20597361028194427,-0.10927920311223714,CANL,True,23.645770460367203,5.443715316888262,0.04741912296940995,False
CANL,0.2538241744041443,0.28469998637835187,-0.07139646743113798,CANL,True,32.68355843623479,5.447352227632589,0.047450803376590495,False
CANL,0.2538241744041443,0.36342636247475946,-0.03351373175003877,CANL,True,41.721346412102385,5.531430191723766,0.048183189823377756,False
CANL,0.2538241545359294,0.5899148384730021,0.0706101103375355,CANL,True,67.72222345670063,6.549234715356973,0.057049082886384786,False
CANL,0.2538241570194562,0.6604575862487156,0.1095357270290454,CANL,True,75.82053090135256,6.921254840460306,0.06028967631062984,False
CANL,0.2538241644700368,0.7987016638120016,0.17625606432557103,CANL,True,91.69095100561778,7.517070326163183,0.06547970667389533,False
CANL,0.2538241694370906,0.86391747991244,0.21145612560212607,CANL,True,99.1777266939481,7.4052562462548295,0.0645057164307912,False
CANL,0.2538241744041443,0.998535007238388,0.24802741159995398,CANL,True,114.63181883096694,7.4304374792160965,0.064725065149966,False
CANL,0.2538241744041443,1.066862344741821,0.25716880212227505,CANL,True,122.47579717636106,7.400945247684245,0.06446816417843419,False
CANL,0.2538241744041443,1.2042269110679626,0.2647611498832702,CANL,True,138.2452493906021,7.973668536226049,0.06945704299848475,False
CANL,0.2538241744041443,1.272938221693039,0.27106658369302744,CANL,True,146.13330785036086,8.190720019302695,0.07134773535977958,False
CANL,0.2538241744041443,1.4062293370564778,0.2785579661528269,CANL,True,161.43512789408365,8.032697211024017,0.06997123006118482,False
CANL,0.2538241744041443,1.4703903595606485,0.2719104786713918,CANL,True,168.80081327756244,8.055037599707447,0.07016583275006487,False
CANL,0.2538241744041443,1.6004908680915833,0.2659122894207636,CANL,True,183.73635165691374,8.136803869631283,0.07087808248807738,False
CANL,0.2538241744041443,1.6651533842086792,0.2588082899649938,CANL,True,191.15960850715638,8.240162078065085,0.0717784153141558,False
CANL,0.25015323981642723,1.812054266532262,0.23557051721339423,CANL,True,208.0238297979037,7.888966344180231,0.0687192190259602,False
CANL,0.24648230522871015,1.8927058974901836,0.21173454231272137,CANL,True,217.28263703187307,7.756657474758245,0.06756670274179656,False
CANL,0.2428113706409931,1.9733575284481049,0.18789856741204852,CANL,True,226.54144426584244,7.697980358130232,0.06705557803249332,False
CANL,0.23914043605327603,2.0540091594060264,0.1640625925113757,CANL,True,235.80025149981182,7.314045266482496,0.06371119570106704,False
CANL,0.23546950146555895,2.1346607903639474,0.14022661761070282,CANL,True,245.05905873378114,7.169385948412289,0.062451097111605305,False
CANL,0.22812763229012484,2.2975000043710074,0.10026722323770323,CANL,True,263.75300050179163,6.732872568838037,0.05864871575642889,False
CANL,0.2244566977024078,2.378101388613383,0.07644163196285567,CANL,True,273.00603941281634,6.594868281551462,0.05744658781839253,False
CANL,0.22078576311469075,2.4587027728557587,0.0526160406880081,CANL,True,282.2590783238411,6.348389025263,0.055299555969189895,False
CANL,0.2171148285269737,2.5393041570981345,0.02879044941316053,CANL,True,291.51211723486585,6.1642991493168,0.05369598562122648,False
CANL,0.21344389393925667,2.61990554134051,0.004964858138312961,CANL,True,300.76515614589056,5.95591121376992,0.05188075970182857,False
CANL,0.20385167747735977,2.7610044479370117,-0.021820292808115434,CANL,True,316.9633106231689,5.955729438185735,0.0518791762908165,False
CANL,0.19793039560317993,2.819915771484375,-0.03248184546828267,CANL,True,323.72633056640626,5.699945854076099,0.049651096289861495,False
CANL,0.18608783185482022,2.9391801357269287,-0.04571706739564729,CANL,True,337.4178795814514,5.268065158313942,0.04588906932329218,False
CANL,0.18016654998064036,2.9981706142425537,-0.05603218792627249,CANL,True,344.1899865150452,4.6532633232690275,0.04053365264171627,False
CANL,0.17263037214676533,3.129241108894348,-0.05912753691275907,CANL,True,359.23687930107116,3.9369889356452665,0.03429432870771138,False
CANL,0.17101547618707016,3.2005138397216797,-0.05972306678692493,CANL,True,367.4189888000488,4.0346598151355275,0.03514512034090181,False
CANL,0.16778568426767984,3.3445122241973877,-0.06523941705624256,CANL,True,383.9500033378601,3.740797245801575,0.03258534186238306,False
CANL,0.16617078830798465,3.416486382484436,-0.06243017067511873,CANL,True,392.21263670921326,3.9148725586215143,0.03410167733990866,False
CANL,0.15318883210420606,3.55745580792427,-0.04910451918840408,CANL,True,408.39592674970623,2.9064159734454753,0.025317212312242817,False
CANL,0.14182177186012265,3.624472439289093,-0.030977196991443655,CANL,True,416.08943603038784,1.682883035594602,0.014659259891939043,False
CANL,0.13045471161603922,3.6914890706539154,-0.012849874794483226,CANL,True,423.78294531106945,0.5831061019068211,0.005079321445181369,False
CANL,0.1077205911278724,3.826761573553085,0.015601299703121225,CANL,True,439.3122286438941,11.810870518209061,0.10288214737115907,False
CANL,0.09635353088378901,3.893039286136627,0.03353654593229295,CANL,True,446.9209100484848,15.184957872370699,0.13227315219835103,False
CANL,0.0849864706397056,3.959316998720169,0.05147179216146468,CANL,True,454.5295914530754,19.87015808419213,0.17308500073338093,False
CANR,-0.1562077850103378,-2.79538893699646,0.4691334962844848,CANR,False,-320.9106499671936,54.76984092292468,0.4770892066456854,False
CANR,-0.1562077850103378,-2.7934898138046265,0.4644295573234558,CANR,False,-320.6926306247711,54.49103985082841,0.47466062587829627,False
CANR,-0.1601396799087524,-2.7923269867897034,0.4681854844093323,CANR,False,-320.5591380834579,54.45638051346759,0.47435871527410794,False
CANR,-0.1522758901119232,-2.7923269867897034,0.4681854844093323,CANR,False,-320.5591380834579,54.366274068633345,0.4735738159288619,False
CANR,-0.1562077850103378,-2.7911641597747803,0.4719414114952087,CANR,False,-320.42564554214476,54.33153498450365,0.4732712106664081,False
CANR,-0.1731927841901779,-2.638837695121765,0.413073718547821,CANR,False,-302.93856739997864,36.837485567085245,0.32088402061920945,False
CANR,-0.1692608892917633,-2.6376747488975525,0.4168296754360199,CANR,False,-302.805061173439,36.63584965349493,0.3191276102220813,False
CANR,-0.1771246790885925,-2.6376747488975525,0.4168296754360199,CANR,False,-302.805061173439,36.81727391273186,0.3207079609122984,False
CANR,-0.1731927841901779,-2.63651180267334,0.4205856323242187,CANR,False,-302.6715549468994,36.61531318674905,0.318948721138929,False
CANR,-0.190177783370018,-2.4844417572021484,0.3617973327636719,CANR,False,-285.21391372680665,20.26096538938177,0.17648924555210602,False
CANR,-0.1941096782684326,-2.483278751373291,0.3655532896518707,CANR,False,-285.0804006576538,20.358525144197667,0.1773390692003281,False
CANR,-0.1862458884716034,-2.483278751373291,0.3655532896518707,CANR,False,-285.0804006576538,19.97884252424383,0.17403172930525984,False
CANR,-0.190177783370018,-2.4821157455444336,0.3693092465400696,CANR,False,-284.94688758850094,20.063261652475788,0.1747670875651201,False
CANR,-0.2158848084509372,-2.3131519556045532,0.2816318869590759,CANR,False,-265.5498445034027,2.945398790315124,0.025656783887762404,False
CANR,-0.2119529172778129,-2.3117334246635437,0.2852887213230133,CANR,False,-265.3869971513748,2.5079505636709523,0.021846259265426413,False
CANR,-0.2198167033493518,-2.3117334246635437,0.2852887213230133,CANR,False,-265.3869971513748,3.400320570768696,0.029619517166974706,False
CANR,-0.2158848121762275,-2.310314893722534,0.2889455556869507,CANR,False,-265.2241497993469,2.920209840687695,0.025437367950241246,False
CANR,-0.2415918335318565,-2.1410716772079468,0.2000573873519897,CANR,False,-245.79502854347228,5.144399211926124,0.04481183982514045,False
CANR,-0.2455237284302711,-2.13939768075943,0.203615128993988,CANR,False,-245.60285375118255,5.570986609282224,0.04852775792057687,False
CANR,-0.2376599460840225,-2.13939768075943,0.203615128993988,CANR,False,-245.60285375118255,4.671309864043953,0.04069085247425046,False
CANR,-0.2415918409824371,-2.137723684310913,0.2071728706359863,CANR,False,-245.41067895889282,5.103662037312932,0.044456986387743314,False
CANR,-0.2415918335318565,-1.99565589427948,0.095287799835205,CANR,False,-229.1012966632843,4.791109653587744,0.04173440464797687,False
CANR,-0.2455237284302711,-1.9939690232276917,0.0988394916057586,CANR,False,-228.907643866539,5.274038135118276,0.04594109873796408,False
CANR,-0.2376599460840225,-1.9939690232276917,0.0988394916057586,CANR,False,-228.907643866539,4.378717341181013,0.03814213711830151,False
CANR,-0.2415918409824371,-1.992282152175903,0.1023911833763122,CANR,False,-228.71399106979368,4.808978131368519,0.041890053409133446,False
CANR,-0.2415918335318565,-1.848068118095398,-0.011575162410736,CANR,False,-212.1582199573517,4.531013390898001,0.03946875776043555,False
CANR,-0.2455237284302711,-1.8463683128356936,-0.0080295503139495,CANR,False,-211.96308231353763,4.993795079885376,0.043499957141858676,False
CANR,-0.2376599460840225,-1.8463683128356936,-0.0080295503139495,CANR,False,-211.96308231353763,4.091036635978269,0.035636207630472726,False
CANR,-0.2415918409824371,-1.8446685075759888,-0.004483938217163,CANR,False,-211.7679446697235,4.539380774815499,0.03954164437992595,False
CANR,-0.2415918372571468,-1.6785093545913696,-0.1127477884292602,CANR,False,-192.69287390708922,4.549985173537956,0.03963401719109718,False
CANR,-0.2376599460840225,-1.676809549331665,-0.1092021763324737,CANR,False,-192.49773626327513,4.082461646147294,0.035561512597101864,False
CANR,-0.2455237321555614,-1.676809549331665,-0.1092021763324737,CANR,False,-192.49773626327513,4.984848153591789,0.04342202224383091,False
CANR,-0.2415918409824371,-1.6751097440719604,-0.1056565642356872,CANR,False,-192.30259861946107,4.529027839773906,0.03945146201893646,False
CANR,-0.2415918409824371,-1.5089503526687622,-0.2123148441314697,CANR,False,-173.22750048637388,4.77595549518615,0.041602399783851475,False
CANR,-0.2376599460840225,-1.5072505474090576,-0.2087692320346832,CANR,False,-173.03236284255982,4.2793444161023,0.037276519304027006,False
CANR,-0.2455237358808517,-1.5072505474090576,-0.2087692320346832,CANR,False,-173.03236284255982,5.179755251543161,0.04511981926431325,False
CANR,-0.2415918409824371,-1.505550742149353,-0.2052236199378967,CANR,False,-172.83722519874573,4.661698975154148,0.040607133929914184,False
CANR,-0.2415918409824371,-1.331686019897461,-0.2970644831657409,CANR,False,-152.8775550842285,4.962885917105592,0.043230713563637564,False
CANR,-0.2376599498093128,-1.3299862146377563,-0.293518878519535,CANR,False,-152.6824174404144,4.545304336748984,0.03959324335147199,False
CANR,-0.2455237358808517,-1.3299862146377563,-0.293518878519535,CANR,False,-152.6824174404144,5.441984196389991,0.0474040435225609,False
CANR,-0.2415918447077274,-1.3282864093780518,-0.2899732738733291,CANR,False,-152.48727979660035,4.992337598464367,0.04348726131066522,False
CANR,-0.2415918409824371,-1.1563808917999268,-0.3799693584442138,CANR,False,-132.7525263786316,3.96593553494481,0.03454647678523354,False
CANR,-0.2455237358808517,-1.1546810865402222,-0.3764237314462662,CANR,False,-132.5573887348175,4.392149896158965,0.03825914543692478,False
CANR,-0.2376599535346031,-1.1546810865402222,-0.3764237314462662,CANR,False,-132.5573887348175,3.489487319706126,0.030396231007893085,False
CANR,-0.2415918484330177,-1.1529812812805176,-0.3728781044483185,CANR,False,-132.3622510910034,3.9557983635238703,0.034458173898291554,False
CANR,-0.2415918409824371,-0.9949932992458344,-0.4112651646137237,CANR,False,-114.22523075342178,3.9355291191446864,0.03428161253610354,False
CANR,-0.2376599535346031,-0.9937916249036788,-0.4075580909848213,CANR,False,-114.08727853894233,3.4839216944294398,0.030347749951475957,False
CANR,-0.2455237358808517,-0.9937916249036788,-0.4075580909848213,CANR,False,-114.08727853894233,4.386591251590063,0.03821072518806675,False
CANR,-0.2415918484330177,-0.9925899505615234,-0.4038510173559189,CANR,False,-113.94932632446289,3.93504649587987,0.03427740850069573,False
CANR,-0.2415918409824371,-0.8317937552928925,-0.4426625221967697,CANR,False,-95.48992310762405,3.6424789979893664,0.031728911132311556,False
CANR,-0.2376599535346031,-0.8310902267694473,-0.4387940093874931,CANR,False,-95.40915803313256,3.193589388049604,0.027818722892418154,False
CANR,-0.2455237358808517,-0.8310902267694473,-0.4387940093874931,CANR,False,-95.40915803313256,4.095770534443337,0.03567744367982001,False
CANR,-0.2415918484330177,-0.8303866982460022,-0.4349254965782165,CANR,False,-95.32839295864105,3.644308751683309,0.03174484975333893,False
CANR,-0.2570062428712845,-0.663007453083992,-0.4385446757078171,CANR,False,-76.11325561404227,4.771959831264021,0.04156759434898973,False
CANR,-0.2530743591487407,-0.6625829190015793,-0.4346458241343498,CANR,False,-76.0645191013813,4.299664845258755,0.03745352652664421,False
CANR,-0.2609381303191185,-0.6625829190015793,-0.4346458241343498,CANR,False,-76.0645191013813,5.202425741507574,0.045317297399891765,False
CANR,-0.2570062465965748,-0.6621583849191666,-0.4307469725608825,CANR,False,-76.01578258872031,4.752144398797969,0.04139498605224712,False
CANR,-0.2724206447601318,-0.4940044283866882,-0.4336208999156952,CANR,False,-56.711708378791805,5.792461139120986,0.05045697856377166,False
CANR,-0.2763525247573852,-0.4938588812947273,-0.4296917021274566,CANR,False,-56.69499957263469,6.241403479209783,0.054367626125520756,False
CANR,-0.2684887647628784,-0.4938588812947273,-0.4296917021274566,CANR,False,-56.69499957263469,5.339171615546719,0.046508463550058526,False
CANR,-0.2724206447601318,-0.4937133342027664,-0.4257625043392181,CANR,False,-56.67829076647758,5.823118504786983,0.050724028787343056,False
CANR,-0.2724206522107124,-0.0317323356866836,-0.2154398288112133,CANR,False,-3.642872136831277,5.332547509243715,0.04645076227564211,False
CANR,-0.2763525322079658,-0.0309688448905944,-0.2191836476558819,CANR,False,-3.555223393440237,5.782067355388743,0.050366440377950725,False
CANR,-0.2684887647628784,-0.0309688448905944,-0.2191836481215432,CANR,False,-3.555223393440237,4.879388305148976,0.042503382449032893,False
CANR,-0.2724206447601318,-0.0302053540945053,-0.2229274669662118,CANR,False,-3.467574650049208,5.342284734141013,0.046535581307848545,False
CANR,-0.2724206522107124,0.4421527832746506,0.004369065631181,CANR,False,50.75913951992988,4.818447989818039,0.04197254346531393,False
CANR,-0.2771950885653496,0.4441836923360824,4.810234531760216e-05,CANR,False,50.99228788018226,5.3750211187424,0.04682074145245993,False
CANR,-0.2676462084054947,0.4441836923360824,4.8100948333740234e-05,CANR,False,50.99228788018226,4.279205593214676,0.037275310045424004,False
CANR,-0.2724206447601318,0.4462146013975143,-0.0042728623375296,CANR,False,51.22543624043464,4.819193027008415,0.04197903333631024,False
CANR,-0.2724206447601318,0.4571072459220886,0.0195697450544685,CANR,False,52.475911831855775,4.820713680205459,0.04199227944429842,False
CANR,-0.2602504938840866,0.4622840732336044,0.0085555199766531,CANR,False,53.07021160721778,3.4294942638038295,0.029873643412925345,False
CANR,-0.284590795636177,0.4622840732336044,0.0085555225377902,CANR,False,53.07021160721778,6.2230484981674925,0.05420773953107572,False
CANR,-0.2724206447601318,0.4674609005451202,-0.0024587025400251,CANR,False,53.664511382579796,4.8196212894281825,0.04198276384519323,False
CANR,-0.2724206447601318,0.4712646752595901,0.0334648261778056,CANR,False,54.10118471980094,4.825435449574953,0.04203340983950308,False
CANR,-0.2911439538002014,0.4792290329933166,0.0165198685135692,CANR,False,55.01549298763275,6.975670080533496,0.06076367665969945,False
CANR,-0.2536973357200622,0.4792290329933166,0.0165198654867708,CANR,False,55.01549298763275,2.677862374087557,0.02332632730041426,False
CANR,-0.2724206447601318,0.4871933907270431,-0.0004250921774655,CANR,False,55.92980125546455,4.827728756371091,0.04205338637953912,False
CANR,-0.2724206447601318,0.4909971579909324,0.0354984365403652,CANR,False,56.36647373735904,4.821403615969364,0.04199828933771223,False
CANR,-0.2602504938840866,0.4961739853024483,0.0244842125102877,CANR,False,56.96077351272106,3.4302333277808974,0.02988008125244684,False
CANR,-0.284590795636177,0.4961739927530288,0.0244842143729329,CANR,False,56.96077436804771,6.224073822308855,0.054216670926035326,False
CANR,-0.2724206447601318,0.5013508200645447,0.0134699903428554,CANR,False,57.555074143409726,4.818701426683559,0.04197475110351532,False
CANR,-0.2724206447601318,0.5153104439377785,0.0403265319764614,CANR,False,59.157638964056964,4.829579370472448,0.042069506711432475,False
CANR,-0.2676462084054947,0.5173413455486298,0.0360055668279528,CANR,False,59.3907864689827,4.272552954882646,0.03721736023416939,False
CANR,-0.277195081114769,0.5173413529992104,0.0360055682249367,CANR,False,59.39078732430935,5.368736115036128,0.046765994033415755,False
CANR,-0.2724206447601318,0.5193722546100616,0.0316846030764281,CANR,False,59.623934829235075,4.82624408342796,0.04204045368839686,False
CANR,-0.2724206522107124,0.7310004234313965,0.148461383767426,CANR,False,83.91884860992431,5.416716509597367,0.04718394172123142,False
CANR,-0.2763525396585464,0.7322432696819305,0.1447587218135595,CANR,False,84.06152735948562,5.825009974902397,0.0507405050078606,False
CANR,-0.2684887647628784,0.7322432696819305,0.1447587208822369,CANR,False,84.06152735948562,4.9239097460714785,0.04289119987867142,False
CANR,-0.2724206522107124,0.7334861159324646,0.1410560589283704,CANR,False,84.20420610904694,5.365508663814611,0.04673788034681717,False
CANR,-0.272420659661293,0.929133266210556,0.2466561570763588,CANR,False,106.66449896097183,6.1112405888001895,0.053233803038329176,False
CANR,-0.2763525545597076,0.9296705573797226,0.2427711188793182,CANR,False,106.72617998719215,6.4951723788430105,0.056578156610130756,False
CANR,-0.2684887647628784,0.9296705573797226,0.2427711188793182,CANR,False,106.72617998719215,5.597864978542051,0.04876189005698651,False
CANR,-0.272420659661293,0.9302078485488892,0.2388860806822776,CANR,False,106.78786101341247,6.013854062951535,0.052385488353236365,False
CANR,-0.272420659661293,1.1351895332336426,0.2663102746009826,CANR,False,130.31975841522217,6.5005233479277225,0.056624767839091664,False
CANR,-0.2763525545597076,1.1353526562452316,0.2623830139636993,CANR,False,130.3384849369526,6.9549435617521835,0.060583132071012055,False
CANR,-0.2684887647628784,1.1353526562452316,0.2623830139636993,CANR,False,130.3384849369526,6.05240454679159,0.05272129396159922,False
CANR,-0.272420659661293,1.135515779256821,0.258455753326416,CANR,False,130.35721145868303,6.508462687101892,0.0566939258458353,False
CANR,-0.272420659661293,1.3416495323181152,0.2773720771074295,CANR,False,154.02136631011962,10.84474047171521,0.09446638041563772,False
CANR,-0.2684887647628784,1.3418589532375336,0.2812887653708458,CANR,False,154.04540783166885,10.3090913270327,0.08980044709958798,False
CANR,-0.2763525545597076,1.3418589532375336,0.2812887653708458,CANR,False,154.04540783166885,11.196144971413052,0.09752739522136805,False
CANR,-0.272420659661293,1.342068374156952,0.2852054536342621,CANR,False,154.06944935321806,10.677990656489413,0.09301385589276492,False
CANR,-0.272420659661293,1.5345513820648191,0.2652630656957626,CANR,False,176.16649866104123,25.097491174199796,0.21861926109930135,False
CANR,-0.2763525545597076,1.535189867019653,0.2691396102309227,CANR,False,176.23979673385617,25.47731374473309,0.22192782007607223,False
CANR,-0.2684887647628784,1.535189867019653,0.2691396102309227,CANR,False,176.23979673385617,24.583702984914048,0.21414375422398996,False
CANR,-0.272420659661293,1.5358283519744873,0.2730161547660827,CANR,False,176.31309480667113,25.50733579218124,0.22218933616882613,False
CANR,-0.272420659661293,1.7298161387443542,0.2517042756080627,CANR,False,198.58289272785186,26.019546997282024,0.22665110624810125,False
CANR,-0.2763525545597076,1.73060941696167,0.2555553242564201,CANR,False,198.6739610671997,26.4996560692437,0.23083324102128658,False
CANR,-0.2684887647628784,1.73060941696167,0.2555553242564201,CANR,False,198.6739610671997,25.5995293173029,0.2229924156559486,False
CANR,-0.272420659661293,1.7314026951789856,0.2594063729047775,CANR,False,198.76502940654754,26.062257798032938,0.22702315155080957,False
CANR,-0.2570062503218651,2.215312421321869,0.1163906306028366,CANR,False,254.31786596775055,24.039558102702753,0.20940381622563373,False
CANR,-0.2609381452202797,2.216105729341507,0.1202416718006134,CANR,False,254.408937728405,24.49800199043214,0.21339722988181306,False
CANR,-0.2530743554234504,2.216105729341507,0.1202416718006134,CANR,False,254.408937728405,23.59553235966921,0.20553599616436594,False
CANR,-0.2570062503218651,2.216899037361145,0.1240927129983902,CANR,False,254.50000948905944,24.052401796524382,0.2095156950916758,False
CANR,-0.2244647294282913,2.700506806373596,-0.0188608467578887,CANR,False,310.01818137168885,21.02369059708497,0.18313319335439868,False
CANR,-0.2205328345298767,2.701300084590912,-0.0150097906589508,CANR,False,310.1092497110367,20.589212996699498,0.17934854526741723,False
CANR,-0.2283966243267059,2.701300084590912,-0.0150097906589508,CANR,False,310.1092497110367,21.49095456683477,0.18720343699333425,False
CANR,-0.2244647294282913,2.7020933628082275,-0.0111587345600128,CANR,False,310.2003180503845,21.065722634869967,0.1834993260877175,False
CANR,-0.2020870111882686,2.878898322582245,-0.0431434512138366,CANR,False,330.4975274324417,19.721384690348923,0.17178906524694185,False
CANR,-0.1981497928500175,2.8795401453971863,-0.0392727106809616,CANR,False,330.57120869159695,19.51544322319838,0.16999515002786045,False
CANR,-0.2060127854347229,2.8796191811561584,-0.0392727106809616,CANR,False,330.58028199672697,20.406819300310776,0.1777597500027071,False
CANR,-0.2020755670964718,2.8802610039711,-0.0354019701480865,CANR,False,330.6539632558823,19.895133564756705,0.17330255718429186,False
CANR,-0.1967094466090202,3.0573023557662964,-0.0663471817970275,CANR,False,350.9783104419708,19.88089055004251,0.17317848911186853,False
CANR,-0.1927702315151691,3.0576270818710327,-0.0624396502971649,CANR,False,351.01558899879456,19.45718451147754,0.16948766996060574,False
CANR,-0.2006324268877506,3.0577850937843323,-0.0624396204948425,CANR,False,351.03372876644136,20.35741379627431,0.17732938846928845,False
CANR,-0.1966932117938995,3.0581098198890686,-0.0585320889949798,CANR,False,351.07100732326506,19.88045127093929,0.17317466263884398,False
CANR,-0.1875523552298545,3.2717872858047485,-0.0603184103965759,CANR,False,375.6011804103851,19.17683586325134,0.16704560856490716,False
CANR,-0.1836137138307094,3.272083818912506,-0.0641835033893585,CANR,False,375.63522241115567,18.75164707648605,0.16334187348855445,False
CANR,-0.1914759054780006,3.2722418308258057,-0.0641835033893585,CANR,False,375.65336217880247,19.652027098777072,0.17118490504161213,False
CANR,-0.1875372640788555,3.2725383639335632,-0.0680485963821411,CANR,False,375.68740417957304,19.19832714470755,0.16723281484936892,False
CANR,-0.1783541142940521,3.488319754600525,-0.0596208870410919,CANR,False,400.45910782814025,13.368948628160773,0.11645425634286388,False
CANR,-0.1744031347334385,3.4892297983169556,-0.0634263157844543,CANR,False,400.56358084678646,12.908634818201005,0.11244455416551398,False
CANR,-0.1822653263807296,3.4893878698349,-0.0634263753890991,CANR,False,400.5817274570465,13.811214049960139,0.1203067425954716,False
CANR,-0.178314346820116,3.4902979135513306,-0.0672318041324615,CANR,False,400.6862004756927,13.365181979981346,0.11642144581865284,False
CANR,-0.1265463307499885,3.7584340572357178,0.0052771568298339,CANR,False,431.4682297706604,6.819839827502498,0.059406270274412004,False
CANR,-0.1226048953831195,3.759383797645569,0.0014717280864715,CANR,False,431.5772599697113,6.375147903663189,0.055532647244452865,False
CANR,-0.1304678805172443,3.759462833404541,0.0014716982841491,CANR,False,431.5863332748413,7.276751426370572,0.06338633646664261,False
CANR,-0.1265264451503753,3.760412573814392,-0.0023337304592132,CANR,False,431.6953634738922,6.859861820194693,0.05975489390413496,False
CANR,-0.074916236102581,4.025594472885132,0.0694068074226379,CANR,False,462.1382454872131,24.198642410686514,0.21078956803733898,False
CANR,-0.078848123550415,4.026583790779114,0.0656013786792755,CANR,False,462.2518191814423,24.31501040001531,0.2118032264809696,False
CANR,-0.070984348654747,4.026583790779114,0.0656013786792755,CANR,False,462.2518191814423,24.233106383090274,0.21108977685618704,False
CANR,-0.074916236102581,4.027573108673096,0.061795949935913,CANR,False,462.3653928756714,24.349309827704335,0.21210200198348725,False
CANR,-0.074916236102581,4.0324695110321045,0.0671315193176269,CANR,False,462.92749986648556,24.955673094577225,0.2173839119736692,False
CANR,-0.2724206460018952,-0.4167165011167526,-0.3907087250845506,CANR,True,-47.8390543282032,5.569814838579223,0.04851755085870403,False
CANR,-0.27242064724365866,-0.33971966803073883,-0.35565494582988316,CANR,True,-38.99981788992881,5.371874132444353,0.04679332867982886,False
CANR,-0.2724206484854221,-0.26272283494472504,-0.3206011665752157,CANR,True,-30.160581451654433,5.330278856011392,0.04643100048790411,False
CANR,-0.2724206497271855,-0.18572600185871124,-0.28554738732054824,CANR,True,-21.32134501338005,5.330250835302551,0.046430756405074484,False
CANR,-0.27242065096894896,-0.1087291687726974,-0.2504936080658807,CANR,True,-12.482108575105661,5.33742147738939,0.046493218444158456,False
CANR,-0.2724206460018952,0.048521002133687346,-0.185044711533313,CANR,True,5.570211044947308,5.381933008267861,0.046880949549371616,False
CANR,-0.27242064724365866,0.12724735836187998,-0.14716195610041422,CANR,True,14.60799673994382,5.147928766591479,0.04484258507483867,False
CANR,-0.2724206484854221,0.20597371459007263,-0.1092792006675154,CANR,True,23.645782434940337,5.002705194291278,0.04357757137884388,False
CANR,-0.2724206497271855,0.28470007081826526,-0.0713964452346166,CANR,True,32.68356812993685,4.932868936330155,0.04296924160566337,False
CANR,-0.27242065096894896,0.36342642704645794,-0.03351368980171779,CANR,True,41.721353824933374,4.861545929164865,0.04234796105544307,False
CANR,-0.27242064724365866,0.5899149775505066,0.07061019664009406,CANR,True,67.72223942279815,4.8532439422703035,0.04227564409643122,False
CANR,-0.2724206497271855,0.6604577004909515,0.10953579020376003,CANR,True,75.82054401636124,5.158963957407472,0.04493871043037868,False
CANR,-0.27242065469423926,0.7987018326918284,0.1762560916443665,CANR,True,91.6909703930219,5.686443600372262,0.049533480839479636,False
CANR,-0.2724206571777661,0.8639175494511921,0.21145612436036265,CANR,True,99.17773467699685,5.836241710916137,0.05083834242958307,False
CANR,-0.272420659661293,0.9985350767771403,0.24802747865517927,CANR,True,114.6318268140157,6.219805347013426,0.054179489085482806,False
CANR,-0.272420659661293,1.0668623050053914,0.25716887662808097,CANR,True,122.47579261461892,6.461784142972705,0.05628731831857758,False
CANR,-0.272420659661293,1.2042270302772524,0.26476119458675385,CANR,True,138.24526307582857,6.503329088524977,0.056649208088196665,False
CANR,-0.272420659661293,1.2729382812976837,0.2710666358470917,CANR,True,146.1333146929741,6.491955541314026,0.05655013537729988,False
CANR,-0.272420659661293,1.4062293767929077,0.2785579909880956,CANR,True,161.4351324558258,15.739016437636083,0.13709944632087182,False
CANR,-0.272420659661293,1.4703903794288633,0.2719105283419291,CANR,True,168.8008155584335,20.997153534169154,0.18290203426976614,False
CANR,-0.272420659661293,1.6004909475644429,0.2659121950467427,CANR,True,183.73636078039803,26.974036097383287,0.23496547123156175,False
CANR,-0.272420659661293,1.6651535431543987,0.2588082353274027,CANR,True,191.15962675412496,26.068009190379637,0.22707325078727908,False
CANR,-0.269851591438055,1.8120543162027996,0.23557041585445404,CANR,True,208.0238355000814,25.517579143000138,0.22227856396341583,False
CANR,-0.267282523214817,1.8927059372266133,0.21173445880413055,CANR,True,217.2826415936152,25.226585224250478,0.21974377373040485,False
CANR,-0.26471345499157906,1.9733575582504272,0.18789850175380707,CANR,True,226.54144768714903,24.923627710192978,0.21710477099471237,False
CANR,-0.26214438676834106,2.054009179274241,0.16406254470348358,CANR,True,235.80025378068285,24.624635290812442,0.21450030741125822,False
CANR,-0.2595753185451031,2.134660800298055,0.1402265876531601,CANR,True,245.05905987421673,24.32414463646006,0.21188279300052315,False
CANR,-0.25158266350626945,2.2975003321965537,0.10026711970567705,CANR,True,263.7530381361644,23.422108900976532,0.2040253388586806,False
CANR,-0.24615907669067383,2.378101627031962,0.0764415264129639,CANR,True,273.0060667832692,22.81312919686787,0.19872063760337866,False
CANR,-0.2407354898750782,2.4587029218673706,0.052615933120250744,CANR,True,282.25909543037415,22.20794570372071,0.19344900438781107,False
CANR,-0.23531190305948255,2.5393042167027793,0.028790339827537592,CANR,True,291.51212407747903,21.583193299527377,0.18800691027462874,False
CANR,-0.22988831624388692,2.6199055115381875,0.004964746534824441,CANR,True,300.7651527245839,21.066841954879994,0.18350907626202087,False
CANR,-0.2170054900149504,2.7610283493995667,-0.021820306777954067,CANR,True,316.96605451107024,20.691975215589167,0.18024368654694398,False
CANR,-0.2095462506016095,2.8199633359909058,-0.03248187899589533,CANR,True,323.73179097175597,20.31830197421162,0.1769886931551535,False
CANR,-0.20028686026732126,2.939274787902832,-0.045717040697733496,CANR,True,337.4287456512451,20.117427391294413,0.1752389145583137,False
CANR,-0.19849815343817073,2.998288571834564,-0.0560321112473805,CANR,True,344.20352804660797,19.95894947285754,0.17385844488551866,False
CANR,-0.1936462596058845,3.129335641860962,-0.0591275294621785,CANR,True,359.2477316856384,19.632843445837086,0.1710178000508457,False
CANR,-0.1905993074178695,3.2005614638328552,-0.0597229699293772,CANR,True,367.4244560480118,19.44741714950431,0.1694025884103163,False
CANR,-0.18447621415058768,3.344465494155884,-0.0652393599351247,CANR,True,383.94463872909546,18.94355958444331,0.16501358523034243,False
CANR,-0.1814151642223199,3.4163926243782043,-0.0624301234881083,CANR,True,392.2018732786178,16.581920763900353,0.14444181850087415,False
CANR,-0.16537234280258412,3.5573319494724274,-0.04910456389188765,CANR,True,408.38170779943465,11.28590413589332,0.09830926947642266,False
CANR,-0.15243033878505224,3.624365985393524,-0.030977323651313803,CANR,True,416.0772151231766,9.81951481967921,0.0855358433769966,False
CANR,-0.13948833476752037,3.691400021314621,-0.012850083410739954,CANR,True,423.77272244691846,8.311089954480867,0.07239625395889257,False
CANR,-0.11362389288842673,3.826708048582077,0.015601404011249575,CANR,True,439.30608397722244,6.423934007104387,0.055957613302303026,False
CANR,-0.10072134062647815,3.893003523349762,0.03353653848171235,CANR,True,446.9168044805527,10.105784057414958,0.08802947785204668,False
CANR,-0.08781878836452958,3.959298998117447,0.051471672952175127,CANR,True,454.52752498388287,16.772026711251055,0.14609779365201267,False
CEPDL,-0.0029234793037176,-3.4947938919067383,0.6079939603805542,CEP,False,-401.2023387908935,136.1606561429249,1.1860684333007394,False
CEPDL,-0.0015152040868997,-3.4755343198776245,0.6095317602157593,CEP,False,-398.9913399219513,134.00642427239362,1.167303347320502,False
CEPDL,-0.0044613033533096,-3.4755343198776245,0.6094022393226624,CEP,False,-398.9913399219513,134.00397005668117,1.1672819691348535,False
CEPDL,-0.0043317545205354,-3.4755343198776245,0.6064561605453491,CEP,False,-398.9913399219513,133.949351377059,1.166806196664277,False
CEPDL,-0.0013856552541255,-3.4755343198776245,0.606585681438446,CEP,False,-398.9913399219513,133.95169385271706,1.166826601504504,False
CEPDL,-0.0036205255892127,-3.433324456214905,0.6064690351486206,CEP,False,-394.1456475734711,129.1692271991235,1.1251674843129225,False
CEPDL,-0.004888268187642,-3.433324456214905,0.6091450452804565,CEP,False,-394.1456475734711,129.2202763567023,1.1256121633859086,False
CEPDL,-0.0022122503723949,-3.433324456214905,0.6104127615690231,CEP,False,-394.1456475734711,129.24528638346968,1.125830020761931,False
CEPDL,-0.0009445077739655,-3.433324456214905,0.6077367514371872,CEP,False,-394.1456475734711,129.19310313788213,1.1253754628735377,False
CEPDL,-0.0012711682356894,-3.3886638879776,0.6097392141819,CEP,False,-389.0186143398285,124.18176160378529,1.081722662053879,False
CEPDL,0.0011347677791491,-3.3886638283729553,0.6121451407670975,CEP,False,-389.01860749721527,124.23027276180377,1.0821452331167576,False
CEPDL,0.0011347677791491,-3.3886638283729553,0.6073332726955414,CEP,False,-389.01860749721527,124.13303609120825,1.0812982237910127,False
CEPDL,0.0035407037939876,-3.3886637687683105,0.6097391992807388,CEP,False,-389.01860065460204,124.18156628471519,1.0817209606682507,False
CEPDL,0.008306878618896,-3.282453775405884,0.6073978543281555,CEP,False,-376.82569341659547,112.147536504373,0.9768949172854791,False
CEPDL,0.0107128141680732,-3.282453715801239,0.6049919128417969,CEP,False,-376.82568657398224,112.09445013719592,0.9764324924842851,False
CEPDL,0.0107128141680732,-3.282453715801239,0.6098037958145142,CEP,False,-376.82568657398224,112.20079718610931,0.9773588605061787,False
CEPDL,0.0131187497172504,-3.2824536561965942,0.6073978543281555,CEP,False,-376.825679731369,112.14773602710905,0.9768966552884064,False
CEPDL,0.0224839532747864,-3.1215423345565796,0.5980325937271118,CEP,False,-358.35306000709534,93.84734106129115,0.8174855493143828,False
CEPDL,0.0200780166778713,-3.1215423345565796,0.5956266671419144,CEP,False,-358.35306000709534,93.78664095255247,0.8169568027225825,False
CEPDL,0.0176720800809562,-3.1215423345565796,0.5980326235294342,CEP,False,-358.35306000709534,93.84673644970987,0.8174802826629779,False
CEPDL,0.0200780166778713,-3.1215423345565796,0.6004385501146317,CEP,False,-358.35306000709534,93.90739771707415,0.8180086909152801,False
CEPDL,0.0332744382321834,-3.0125651359558105,0.5995129197835922,CEP,False,-345.84247760772706,81.72826285359776,0.7119186659721058,False
CEPDL,0.0358190219849348,-3.0125651359558105,0.5969683229923248,CEP,False,-345.84247760772706,81.6538617271808,0.7112705725364181,False
CEPDL,0.0332744382321834,-3.0125651359558105,0.5944237560033798,CEP,False,-345.84247760772706,81.58235296553894,0.7106476739158445,False
CEPDL,0.0307298544794321,-3.0125651359558105,0.5969683527946472,CEP,False,-345.84247760772706,81.6543618202659,0.7112749287479608,False
CEPDL,0.0400685174390673,-2.958502173423767,0.6010123640298843,CEP,False,-339.63604950904846,75.78724127621264,0.6601676069356502,False
CEPDL,0.0426396401599049,-2.958502173423767,0.6035834848880768,CEP,False,-339.63604950904846,75.86894139330337,0.6608792804294719,False
CEPDL,0.0452107638120651,-2.958502173423767,0.6010123640298843,CEP,False,-339.63604950904846,75.78637655482352,0.6601600745193686,False
CEPDL,0.0426396410912275,-2.958502173423767,0.5984412431716919,CEP,False,-339.63604950904846,75.70647915168271,0.6594641041087345,False
CEPDL,0.0396910812705755,-2.9245214462280273,0.5982347428798676,CEP,False,-335.7350620269775,71.95306620550166,0.6267688693859029,False
CEPDL,0.0421500960364937,-2.9245213866233826,0.6006937623023987,CEP,False,-335.7350551843643,72.03458635877745,0.6274789752506746,False
CEPDL,0.0421500978991389,-2.9245213866233826,0.5957757234573364,CEP,False,-335.7350551843643,71.87343097505068,0.6260751827095007,False
CEPDL,0.0446091126650571,-2.924521327018738,0.5982347428798676,CEP,False,-335.7350483417511,71.9524393533147,0.6267634090009991,False
CEPDL,0.0349446227774024,-2.897564649581909,0.5884332358837128,CEP,False,-332.64042177200315,68.66589946521403,0.5981350127631884,False
CEPDL,0.0374036394059658,-2.8975645899772644,0.5859742015600204,CEP,False,-332.6404149293899,68.58628592375628,0.5974415150152986,False
CEPDL,0.0374036384746432,-2.8975645899772644,0.5908922404050827,CEP,False,-332.6404149293899,68.7459060344482,0.5988319340979809,False
CEPDL,0.0398626551032066,-2.8975645303726196,0.5884332060813904,CEP,False,-332.64040808677674,68.66638525161422,0.5981392443520402,False
CEPDL,0.0244421418756246,-2.868192195892334,0.5654459297657013,CEP,False,-329.26846408843994,64.70562275898993,0.5636378289110622,False
CEPDL,0.0265485071577131,-2.868192136287689,0.5633395463228226,CEP,False,-329.2684572458267,64.64226307357391,0.5630859152750342,False
CEPDL,0.0265485071577131,-2.868192136287689,0.5675522834062576,CEP,False,-329.2684572458267,64.76763805087688,0.5641780318020635,False
CEPDL,0.0286548724398016,-2.8681920766830444,0.5654458999633789,CEP,False,-329.2684504032135,64.70433908921387,0.5636266471185878,False
CEPDL,0.0175906289368867,-2.8171092867851257,0.5498647838830948,CEP,False,-323.40414612293245,58.577423200151095,0.5102562996528841,False
CEPDL,0.0190371191129088,-2.817109227180481,0.5484182834625244,CEP,False,-323.4041392803192,58.534872280021624,0.5098856470385159,False
CEPDL,0.0161013903561979,-2.817081928253174,0.5484060645103455,CEP,False,-323.4010053634643,58.532551476619105,0.5098654309810027,False
CEPDL,0.01754788053222,-2.817081868648529,0.5469595640897751,CEP,False,-323.40099852085115,58.489957969483825,0.5094944073996849,False
CEPDL,0.0143410018645226,-2.7698588967323303,0.5467637628316879,CEP,False,-317.97980134487153,53.25443590409433,0.4638888144955952,False
CEPDL,0.015522853937,-2.7698588371276855,0.5455819070339203,CEP,False,-317.9797945022583,53.21698959525799,0.4635626271363937,False
CEPDL,0.0131164013873785,-2.7698315382003784,0.5455696880817413,CEP,False,-317.9766605854034,53.21289117960362,0.4635269266515995,False
CEPDL,0.0142982534598559,-2.7698314785957336,0.5443878322839737,CEP,False,-317.97665374279023,53.17708089007812,0.463214990331691,False
CEPDL,0.0317307002842426,-2.7575085759162903,0.5052248537540436,CEP,False,-316.5619845151901,50.754642704706185,0.44211361241033265,False
CEPDL,0.0297026559710502,-2.7566985487937927,0.5075374841690063,CEP,False,-316.46899340152737,50.714355146246774,0.4417626754899545,False
CEPDL,0.01222659740597,-2.7566142082214355,0.5446319729089737,CEP,False,-316.45931110382077,51.72400780679594,0.45055755929264757,False
CEPDL,0.0134510342031717,-2.7566141486167908,0.5458564162254333,CEP,False,-316.4593042612076,51.7640498135156,0.45090635726058886,False
CEPDL,0.0134510342031717,-2.7566141486167908,0.543407529592514,CEP,False,-316.4593042612076,51.68586662223395,0.4502253190090066,False
CEPDL,0.0146754710003733,-2.756614089012146,0.5446319729089737,CEP,False,-316.45929741859436,51.725938150692684,0.4505743741349537,False
CEPDL,0.0305393235757946,-2.7563875317573547,0.5044845044612885,CEP,False,-316.4332886457443,50.61096088237298,0.4408620285920991,False
CEPDL,0.0324825700372457,-2.7561320662498474,0.5060991793870926,CEP,False,-316.40396120548246,50.62002763111873,0.4409410072397102,False
CEPDL,0.0388330426067113,-2.7558673620224,0.4938372001051903,CEP,False,-316.3735731601715,50.32996742903545,0.43841435042713806,False
CEPDL,0.0312911933287978,-2.755011022090912,0.5053588300943375,CEP,False,-316.2752653360367,50.47603536127566,0.4396867191748751,False
CEPDL,0.0375495590269565,-2.75473952293396,0.493409238755703,CEP,False,-316.2440972328186,50.19358977435212,0.43722639176264916,False
CEPDL,0.039710534736514,-2.754491448402405,0.494680605828762,CEP,False,-316.21561827659605,50.191468283220075,0.43720791187473934,False
CEPDL,0.0090344687923789,-2.7544361352920532,0.5443899780511856,CEP,False,-316.2092683315277,51.47588268120245,0.44839619060280883,False
CEPDL,0.0134510344360023,-2.7544360160827637,0.5488065332174301,CEP,False,-316.20925464630125,51.62059980402206,0.4496567927179622,False
CEPDL,0.0134510344360023,-2.7544360160827637,0.5399733930826187,CEP,False,-316.20925464630125,51.33779380812175,0.4471933258547191,False
CEPDL,0.0178676000796258,-2.754435896873474,0.5443899482488632,CEP,False,-316.20924096107484,51.475859734507196,0.4483959907187038,False
CEPDL,0.0464356672018766,-2.753438174724579,0.4738222658634186,CEP,False,-316.0947024583816,49.71367458816194,0.4330459458899124,False
CEPDL,0.0384270511567592,-2.753363609313965,0.4942526444792747,CEP,False,-316.0861423492432,50.05473029238603,0.43601681439360657,False
CEPDL,0.044966110959649,-2.752296626567841,0.4740253984928131,CEP,False,-315.96365272998815,49.58662453131627,0.4319392380776679,False
CEPDL,0.047566938214004,-2.7520634531974792,0.4746032357215881,CEP,False,-315.9368844270706,49.568898028573535,0.43178482603287055,False
CEPDL,0.0134510349016636,-2.751349687576294,0.5367812663316727,CEP,False,-315.8549441337585,50.898416855176364,0.44336600048063035,False
CEPDL,0.0460973819717764,-2.750921905040741,0.4748063683509826,CEP,False,-315.8058346986771,49.44149339548363,0.4306750295773836,False
CEPDL,0.0343960858881473,-2.749957919120789,0.5009907260537148,CEP,False,-315.69516911506656,49.809891970159356,0.43388407639511634,False
CEPDL,0.0487442407757043,-2.749875843524933,0.4612123221158981,CEP,False,-315.6857468366623,49.14647362955729,0.42810517098917505,False
CEPDL,0.0325027145445346,-2.749479293823242,0.5042503923177719,CEP,False,-315.6402229309082,49.82950667845887,0.4340549362235093,False
CEPDL,0.0471807178109884,-2.7489389777183533,0.4619892761111259,CEP,False,-315.57819464206693,49.04732472462328,0.4272415045698892,False
CEPDL,0.0500036682933568,-2.7487865686416626,0.4622583612799644,CEP,False,-315.5606980800629,49.03519016371698,0.4271358028198344,False
CEPDL,0.0351828392595052,-2.7487677335739136,0.5019461289048195,CEP,False,-315.5585358142853,49.696089971849396,0.4328927697896289,False
CEPDL,0.0334421666339039,-2.748766839504242,0.5006097555160522,CEP,False,-315.558433175087,49.66812141260467,0.4326491412247794,False
CEPDL,0.014615076361224,-2.7479459047317505,0.5341356992721558,CEP,False,-315.4641898632049,50.44265664782111,0.43939596383119434,False
CEPDL,0.0484401453286409,-2.747849702835083,0.4630353152751922,CEP,False,-315.4531458854675,48.93577918406383,0.4262698535197198,False
CEPDL,0.0369313601404428,-2.747585952281952,0.4963574856519699,CEP,False,-315.42286732196806,49.44377940867331,0.4306949425842623,False
CEPDL,0.0342289200052619,-2.747576653957367,0.501565158367157,CEP,False,-315.4217998743057,49.554074453000766,0.43165570081011123,False
CEPDL,0.0377978067845106,-2.7469330430030823,0.4976333677768707,CEP,False,-315.34791333675383,49.39659436212601,0.43028392301503493,False
CEPDL,0.0358579661697149,-2.746870994567871,0.4968922659754753,CEP,False,-315.3407901763916,49.37419993982926,0.43008884965008065,False
CEPDL,0.0058423401787877,-2.746827483177185,0.5443899929523468,CEP,False,-315.3357950687408,50.63990509973595,0.44111415592104486,False
CEPDL,0.0089286374859511,-2.7468273639678955,0.5367812812328339,CEP,False,-315.3357813835144,50.396994221868354,0.4389982075075641,False
CEPDL,0.013451034668833,-2.7468273043632507,0.551998645067215,CEP,False,-315.3357745409012,50.89322248641798,0.4433207533660103,False
CEPDL,0.0179734323173761,-2.746827185153961,0.5367812514305115,CEP,False,-315.3357608556747,50.39690550288666,0.43899743469413466,False
CEPDL,0.0210597291588783,-2.7468271255493164,0.544389933347702,CEP,False,-315.3357540130615,50.637857841514545,0.4410963226612765,False
CEPDL,0.0159693462774157,-2.746509790420532,0.5344685912132263,CEP,False,-315.299323940277,50.2925282668843,0.43808822532129177,False
CEPDL,0.0132608064450323,-2.746509790420532,0.5338028073310852,CEP,False,-315.299323940277,50.27226242352809,0.43791169358473947,False
CEPDL,0.0223278810735791,-2.7462920546531677,0.521306037902832,CEP,False,-315.27432787418365,49.89232884423388,0.4346021676326993,False
CEPDL,0.0367244128137826,-2.7462180852890015,0.4981681481003761,CEP,False,-315.26583619117736,49.32700686849437,0.42967776017852244,False
CEPDL,0.014615076361224,-2.745073676109314,0.5341356992721558,CEP,False,-315.13445801734923,50.12446927075463,0.43662429678357695,False
CEPDL,0.0234393840655684,-2.744852066040039,0.5221962034702301,CEP,False,-315.1090171813965,49.75689788648646,0.43342245545719915,False
CEPDL,0.0212200013920664,-2.7448410391807556,0.5204107612371445,CEP,False,-315.10775129795076,49.705567049661994,0.43297532273224737,False
CEPDL,0.0386633994057774,-2.7447511553764343,0.496754840016365,CEP,False,-315.09743263721464,49.132287168646236,0.4279815955456989,False
CEPDL,0.0379158379510045,-2.7447486519813538,0.4949983432888984,CEP,False,-315.0971452474594,49.0956412364018,0.4276623801080296,False
CEPDL,0.0371777359396219,-2.7446179389953613,0.4976517036557197,CEP,False,-315.08213939666746,49.1355659012683,0.4280101559343929,False
CEPDL,0.0364301744848489,-2.7446154356002808,0.4958952069282532,CEP,False,-315.08185200691224,49.09879776805943,0.42768987602839226,False
CEPDL,0.0500036682933568,-2.744520664215088,0.4610702991485595,CEP,False,-315.0709722518921,48.53433826129529,0.42277298137016806,False
CEPDL,0.0487442407757043,-2.744494676589966,0.459743969142437,CEP,False,-315.0679888725281,48.51532202291937,0.42260733469441963,False
CEPDL,0.0484401453286409,-2.744463860988617,0.4621379598975181,CEP,False,-315.0644512414932,48.53861902206595,0.42281027022705536,False
CEPDL,0.0471807178109884,-2.744437873363495,0.4608116298913955,CEP,False,-315.0614678621292,48.51975508961399,0.4226459502579616,False
CEPDL,0.032803367357701,-2.7443506717681885,0.5044780820608139,CEP,False,-315.051457118988,49.2571255827286,0.42906903817707837,False
CEPDL,0.0223315043840557,-2.743401050567627,0.5213009268045425,CEP,False,-314.94244060516354,49.569642077799315,0.43179130729790344,False
CEPDL,0.041332826949656,-2.7430365681648254,0.4900465905666351,CEP,False,-314.9005980253219,48.80688686875669,0.4251470981599015,False
CEPDL,0.0338657433167099,-2.742953360080719,0.5054914504289627,CEP,False,-314.89104573726655,49.122206406324075,0.42789378402721323,False
CEPDL,0.031801285687834,-2.7428605556488037,0.5035199075937271,CEP,False,-314.88039178848265,49.067383416816206,0.42741623185379973,False
CEPDL,0.0134510349016636,-2.7423048615455627,0.5367812663316727,CEP,False,-314.8165981054306,49.89795301672823,0.4346511586823017,False
CEPDL,0.0387579118832945,-2.7422768473625183,0.4973207116127014,CEP,False,-314.8133820772171,48.86486104909339,0.42565209973077867,False
CEPDL,0.0484401453286409,-2.7421571612358093,0.4643234610557556,CEP,False,-314.7996421098709,48.30136995748752,0.42074364074466486,False
CEPDL,0.0364868268370628,-2.7420984506607056,0.4956735372543335,CEP,False,-314.792902135849,48.80996128258615,0.4251738787681721,False
CEPDL,0.0463578524067997,-2.7419901490211487,0.4756443053483963,CEP,False,-314.7804691076279,48.43763233558765,0.42193059525773213,False
CEPDL,0.0426380699500441,-2.7417402267456055,0.4908401891589165,CEP,False,-314.7517780303955,48.674117326336905,0.4239905690447466,False
CEPDL,0.040203102864325,-2.7414939999580383,0.4894502907991409,CEP,False,-314.72351119518277,48.61979833767884,0.42351740712263797,False
CEPDL,0.0328636616468429,-2.7414632439613342,0.5045332759618759,CEP,False,-314.7199804067612,48.9335017458334,0.42625001520760797,False
CEPDL,0.0500036682933568,-2.741280496120453,0.4635035991668701,CEP,False,-314.699000954628,48.192811322860045,0.4197980080388506,False
CEPDL,0.0471807178109884,-2.740998387336731,0.463388055562973,CEP,False,-314.6666148662567,48.15699307569594,0.41948600240153255,False
CEPDL,0.0478341300040483,-2.7407885789871216,0.4757349565625191,CEP,False,-314.6425288677215,48.30287820584687,0.4207567787965756,False
CEPDL,0.0376846464350819,-2.740757465362549,0.4965643435716629,CEP,False,-314.6389570236206,48.6771185844531,0.42401671240812805,False
CEPDL,0.045141258276999,-2.7404792308807373,0.4751281887292862,CEP,False,-314.6070157051086,48.25782620120349,0.42036433973173776,False
CEPDL,0.0415083458647131,-2.7401976585388184,0.4902438893914222,CEP,False,-314.5746912002563,48.489160773050834,0.4223794492426031,False
CEPDL,0.0487442407757043,-2.7401217222213745,0.4625681936740875,CEP,False,-314.5659737110138,48.04805711787069,0.4185370829082813,False
CEPDL,0.0466175358742475,-2.73927766084671,0.4752188399434089,CEP,False,-314.4690754652023,48.1225610877071,0.41918607219257054,False
CEPDL,0.013451034668833,-2.739218592643738,0.5443899631500244,CEP,False,-314.46229443550106,49.80168264742683,0.4338125666152163,False
CEPDR,-0.0397947570309042,-3.4947937726974487,0.6079938411712646,CEP,False,-401.2023251056671,136.1586275965307,1.1860507630359818,False
CEPDR,-0.038386482745409,-3.4755342602729797,0.6064560413360596,CEP,False,-398.99133307933806,133.9476971132786,1.1667917867010331,False
CEPDR,-0.0382569320499897,-3.475534200668335,0.6094021201133728,CEP,False,-398.99132623672483,134.00231038758002,1.167267512086934,False
CEPDR,-0.0413325820118188,-3.47553414106369,0.6065855622291565,CEP,False,-398.9913193941116,133.95051591285616,1.166816340704322,False
CEPDR,-0.0412030313163995,-3.4755340814590454,0.6095316410064697,CEP,False,-398.9913125514984,134.0051280294714,1.1672920560058484,False
CEPDR,-0.0390977105125784,-3.4333242774009705,0.606468915939331,CEP,False,-394.1456270456314,129.1672406731322,1.1251501800795487,False
CEPDR,-0.0378299672156572,-3.4333242774009705,0.609144926071167,CEP,False,-394.1456270456314,129.2186372425705,1.125597885388245,False
CEPDR,-0.041773728094995,-3.4333242177963257,0.6077366471290588,CEP,False,-394.14562020301815,129.192082928399,1.1253665760313503,False
CEPDR,-0.0405059847980737,-3.4333242177963257,0.6104126572608948,CEP,False,-394.14562020301815,129.24346961448984,1.1258141952481693,False
CEPDR,-0.041447065770626,-3.388663649559021,0.6097390949726105,CEP,False,-389.0185869693756,124.18042160996849,1.081710989633872,False
CEPDR,-0.0438530026003718,-3.388663589954376,0.6121450364589691,CEP,False,-389.0185801267624,124.22934926542018,1.0821371887231723,False
CEPDR,-0.0438530026003718,-3.388663589954376,0.6073331534862518,CEP,False,-389.0185801267624,124.13217664759063,1.0812907373483505,False
CEPDR,-0.0462589394301176,-3.388663530349731,0.6097390949726105,CEP,False,-389.0185732841491,124.17992749693143,1.08170668551334,False
CEPDR,-0.0510251149535179,-3.2824536561965942,0.6073977649211884,CEP,False,-376.825679731369,112.14649602840933,0.9768858539060047,False
CEPDR,-0.0534310508519411,-3.2824535369873047,0.6098036915063858,CEP,False,-376.82566604614254,112.19943472409486,0.9773469923701643,False
CEPDR,-0.0534310508519411,-3.2824535369873047,0.6049918234348297,CEP,False,-376.82566604614254,112.09315877024702,0.9764212436432667,False
CEPDR,-0.0558369867503643,-3.282453417778015,0.6073977500200272,CEP,False,-376.82565236091614,112.14558090405768,0.9768778824395269,False
CEPDR,-0.0603903159499168,-3.1215423345565796,0.598032534122467,CEP,False,-358.35306000709534,93.845869627811,0.8174727319495732,False
CEPDR,-0.06279625184834,-3.12154221534729,0.5956265926361084,CEP,False,-358.3530463218689,93.78482912050742,0.8169410202134794,False
CEPDR,-0.06279625184834,-3.12154221534729,0.6004384607076645,CEP,False,-358.3530463218689,93.90550183688546,0.8179921762794902,False
CEPDR,-0.0652021877467632,-3.1215420961380005,0.5980325192213058,CEP,False,-358.35303263664247,93.84450011820937,0.8174608024234266,False
CEPDR,-0.0734480880200862,-3.0125651359558105,0.59696826338768,CEP,False,-345.84247760772706,81.65124933895977,0.7112478165414614,False
CEPDR,-0.0759926680475473,-3.0125650763511658,0.5944236665964127,CEP,False,-345.84247076511383,81.5792844089031,0.7106209443284243,False
CEPDR,-0.0759926680475473,-3.012565016746521,0.5995128452777863,CEP,False,-345.8424639225006,81.7250890645572,0.711891019726108,False
CEPDR,-0.0785372480750083,-3.012564957141876,0.5969682484865189,CEP,False,-345.84245707988737,81.65244983651587,0.7112582738372463,False
CEPDR,-0.0827867537736892,-2.958502173423767,0.6010123044252396,CEP,False,-339.63604950904846,75.7834603509269,0.6601346720464016,False
CEPDR,-0.0853578709065914,-2.9585021138191223,0.5984411537647247,CEP,False,-339.63604266643523,75.70354116983967,0.6594385119324013,False
CEPDR,-0.0853578709065914,-2.9585020542144775,0.6035834103822708,CEP,False,-339.636035823822,75.86588983722652,0.6608526989305447,False
CEPDR,-0.0879289880394935,-2.9585019946098328,0.601012259721756,CEP,False,-339.63602898120877,75.78438905123436,0.6601427617703342,False
CEPDR,-0.0824093148112297,-2.924521327018738,0.5982346534729004,CEP,False,-335.7350483417511,71.94926767388668,0.6267357811314171,False
CEPDR,-0.0848683305084705,-2.924521267414093,0.5957756191492081,CEP,False,-335.7350414991379,71.86978945532383,0.6260434621543888,False
CEPDR,-0.0848683305084705,-2.924521267414093,0.6006936579942703,CEP,False,-335.7350414991379,72.03083836852166,0.6274463272519308,False
CEPDR,-0.0873273462057113,-2.924521207809448,0.598234623670578,CEP,False,-335.7350346565246,71.95066517435245,0.6267479544804221,False
CEPDR,-0.0776628516614437,-2.8975645303726196,0.5884331166744232,CEP,False,-332.64040808677674,68.66408945019955,0.5981192460818777,False
CEPDR,-0.0801218710839748,-2.897564470767975,0.5908921360969543,CEP,False,-332.6404012441635,68.74330176669551,0.598809248838811,False
CEPDR,-0.0801218710839748,-2.897564470767975,0.5859740972518921,CEP,False,-332.6404012441635,68.58379597216847,0.5974198255415373,False
CEPDR,-0.0825808905065059,-2.89756441116333,0.5884331166744232,CEP,False,-332.6403944015503,68.66249931314088,0.5981053947137708,False
CEPDR,-0.0671603698283433,-2.8681920766830444,0.5654458403587341,CEP,False,-329.2684504032135,64.70220883406108,0.5636080908890339,False
CEPDR,-0.0692667393013835,-2.8681920170783997,0.5633394718170166,CEP,False,-329.26844356060025,64.64133217057487,0.5630778063638926,False
CEPDR,-0.0692667393013835,-2.8681920170783997,0.5675522089004517,CEP,False,-329.26844356060025,64.76659978443706,0.5641689876693124,False
CEPDR,-0.0713731087744236,-2.868191957473755,0.5654458403587341,CEP,False,-329.2684367179871,64.70212784475395,0.5636073854072644,False
CEPDR,-0.0603088634088635,-2.817109227180481,0.5498647093772888,CEP,False,-323.4041392803192,58.57664472402816,0.5102495185019874,False
CEPDR,-0.061755359172821,-2.817109227180481,0.5484182238578796,CEP,False,-323.4041392803192,58.533326599013634,0.5098721829182372,False
CEPDR,-0.0588196199387311,-2.8170817494392395,0.5484059900045395,CEP,False,-323.4009848356247,58.52980874481835,0.50984153958901,False
CEPDR,-0.0602661157026886,-2.8170817494392395,0.5469595044851303,CEP,False,-323.4009848356247,58.489198208720396,0.509487789274568,False
CEPDR,-0.0570592358708381,-2.7698588371276855,0.546763688325882,CEP,False,-317.9797945022583,53.24969719581394,0.4638475365489019,False
CEPDR,-0.0582410898059606,-2.7698588371276855,0.5455818474292755,CEP,False,-317.9797945022583,53.213114674183494,0.46352887346849736,False
CEPDR,-0.0558346342295408,-2.769831359386444,0.5455696135759354,CEP,False,-317.97664005756377,53.209054293208695,0.463493504296243,False
CEPDR,-0.0570164881646633,-2.769831359386444,0.5443877726793289,CEP,False,-317.97664005756377,53.172434863317754,0.4631745197153115,False
CEPDR,-0.0744489319622516,-2.7575084567070007,0.5052247941493988,CEP,False,-316.5619708299637,50.75124313932322,0.44208399947145666,False
CEPDR,-0.0724208913743496,-2.756698429584503,0.5075374096632004,CEP,False,-316.46897971630096,50.71238126580754,0.44174548140947334,False
CEPDR,-0.0549448318779468,-2.756614089012146,0.5446318984031677,CEP,False,-316.45929741859436,51.72072262056569,0.45052894268785443,False
CEPDR,-0.0561692677438259,-2.756614089012146,0.5458563268184662,CEP,False,-316.45929741859436,51.75982792682102,0.45086958124408555,False
CEPDR,-0.0573937036097049,-2.756614029407501,0.5446318984031677,CEP,False,-316.45929057598113,51.72084705307354,0.45053002659471725,False
CEPDR,-0.0561692677438259,-2.756614029407501,0.5434074699878693,CEP,False,-316.45929057598113,51.68171224704038,0.4501891310717803,False
CEPDR,-0.0732575580477714,-2.756387412548065,0.5044844299554825,CEP,False,-316.43327496051785,50.60846027939946,0.44084024633623226,False
CEPDR,-0.0752008035778999,-2.756132006645202,0.5060991048812866,CEP,False,-316.40395436286923,50.61610546173941,0.4409068420012144,False
CEPDR,-0.0815512742847204,-2.7558672428131104,0.4938371255993843,CEP,False,-316.37355947494507,50.328214912498595,0.4383990846036463,False
CEPDR,-0.0740094296634197,-2.755010962486267,0.5053587406873703,CEP,False,-316.27525849342345,50.47294031049386,0.43965975880221136,False
CEPDR,-0.0802677907049655,-2.7547394037246704,0.4934091567993164,CEP,False,-316.24408354759214,50.1927999674843,0.43721951191188413,False
CEPDR,-0.0824287664145231,-2.754491448402405,0.4946805313229561,CEP,False,-316.21561827659605,50.189038775994405,0.4371867489198119,False
CEPDR,-0.0517527051270008,-2.7544360160827637,0.5443899035453796,CEP,False,-316.20925464630125,51.47495810109623,0.4483881367691309,False
CEPDR,-0.0561692686751484,-2.754435956478119,0.548806443810463,CEP,False,-316.209247803688,51.61626465456408,0.4496190300920216,False
CEPDR,-0.0561692686751484,-2.754435896873474,0.5399733185768127,CEP,False,-316.20924096107484,51.33371747347519,0.4471578177131985,False
CEPDR,-0.0605858322232961,-2.7544358372688293,0.5443898588418961,CEP,False,-316.2092341184616,51.47492660387958,0.4483878624031323,False
CEPDR,-0.0891538988798856,-2.7534380555152893,0.4738221764564514,CEP,False,-316.0946887731552,49.71349212253264,0.4330443564680544,False
CEPDR,-0.0811452828347683,-2.753363609313965,0.4942525625228882,CEP,False,-316.0861423492432,50.05326427952441,0.43600404424672834,False
CEPDR,-0.0876843351870775,-2.752296507358551,0.4740253165364265,CEP,False,-315.96363904476163,49.58753130601303,0.4319471368119602,False
CEPDR,-0.0902851708233356,-2.7520634531974792,0.4746031463146209,CEP,False,-315.9368844270706,49.56785178042288,0.4317757123730216,False
CEPDR,-0.0561692705377936,-2.751349627971649,0.5367811918258667,CEP,False,-315.8549372911453,50.89440919986676,0.44333109059117387,False
CEPDR,-0.0888156071305275,-2.750921905040741,0.4748062863945961,CEP,False,-315.8058346986771,49.44153733955264,0.4306754123654411,False
CEPDR,-0.0771143175661563,-2.749957859516144,0.5009906440973282,CEP,False,-315.6951622724533,49.80909232440974,0.4338771108398061,False
CEPDR,-0.0914624705910682,-2.749875783920288,0.4612122327089309,CEP,False,-315.6857399940491,49.144974235308354,0.4280921100636616,False
CEPDR,-0.0752209443598985,-2.7494791746139526,0.5042502880096436,CEP,False,-315.6402092456818,49.82559136683372,0.43402083072154807,False
CEPDR,-0.0898989364504814,-2.7489389181137085,0.4619891867041588,CEP,False,-315.5781877994537,49.046975883048766,0.42723846588021575,False
CEPDR,-0.092721901834011,-2.7487865686416626,0.4622582644224167,CEP,False,-315.5606980800629,49.032702406776345,0.42711413246320856,False
CEPDR,-0.0779010690748691,-2.748767673969269,0.5019460320472717,CEP,False,-315.55852897167205,49.696501647082265,0.43289635581082114,False
CEPDR,-0.0761603973805904,-2.7487667202949524,0.5006096661090851,CEP,False,-315.5584194898605,49.665807114423934,0.4326289818329611,False
CEPDR,-0.057333311997354,-2.7479458451271057,0.534135639667511,CEP,False,-315.46418302059175,50.43780878413042,0.43935373505340086,False
CEPDR,-0.0911583676934242,-2.747849702835083,0.4630352184176445,CEP,False,-315.4531458854675,48.93444258784865,0.42625821069554576,False
CEPDR,-0.0796495918184518,-2.747585892677307,0.4963574036955833,CEP,False,-315.4228604793548,49.443332778386974,0.4306910520765416,False
CEPDR,-0.0769471488893032,-2.7475765347480774,0.5015650540590286,CEP,False,-315.4217861890793,49.55297151320518,0.4316460933206026,False
CEPDR,-0.0805160347372293,-2.7469330430030823,0.4976332932710647,CEP,False,-315.34791333675383,49.39545312452533,0.4302739819209524,False
CEPDR,-0.0785762015730142,-2.7468708753585815,0.4968921840190887,CEP,False,-315.3407764911652,49.37453883812486,0.43009180172582634,False
CEPDR,-0.0485605783760547,-2.7468273639678955,0.5443899184465408,CEP,False,-315.3357813835144,50.63466256493673,0.4410684892416092,False
CEPDR,-0.0516468770802021,-2.7468273043632507,0.5367812067270279,CEP,False,-315.3357745409012,50.39637032141044,0.4389927728345857,False
CEPDR,-0.056169269606471,-2.746827185153961,0.5519985854625702,CEP,False,-315.3357608556747,50.888694754888974,0.443281313195897,False
CEPDR,-0.0606916639953851,-2.7468271255493164,0.5367811620235443,CEP,False,-315.3357540130615,50.39610602146405,0.4389904705702444,False
CEPDR,-0.0637779608368873,-2.746827006340027,0.5443898439407349,CEP,False,-315.3357403278351,50.63448800271498,0.44106696866476464,False
CEPDR,-0.0559790451079607,-2.746509790420532,0.5338027477264404,CEP,False,-315.299323940277,50.26844345092409,0.4378784272728579,False
CEPDR,-0.0586875788867473,-2.7465096712112427,0.5344685316085815,CEP,False,-315.29931025505067,50.28941889119545,0.43806114016720776,False
CEPDR,-0.0650461139157414,-2.746291995048523,0.5213059782981873,CEP,False,-315.2743210315704,49.88872571514479,0.43457078149080824,False
CEPDR,-0.0794426444917917,-2.7462180256843567,0.4981680735945701,CEP,False,-315.2658293485641,49.32665094410596,0.42967465979186376,False
CEPDR,-0.057333311997354,-2.745073616504669,0.534135639667511,CEP,False,-315.134451174736,50.119583032256315,0.4365817337304557,False
CEPDR,-0.0661576185375452,-2.7448519468307495,0.5221961438655853,CEP,False,-315.10900349617003,49.75239577855789,0.43338323848918026,False
CEPDR,-0.063938234001398,-2.744840979576111,0.5204107016324997,CEP,False,-315.1077444553375,49.70282349286943,0.4329514241539149,False
CEPDR,-0.0813816264271736,-2.7447510957717896,0.4967547655105591,CEP,False,-315.0974257946014,49.13049829976262,0.42796601306413434,False
CEPDR,-0.0806340686976909,-2.744748532772064,0.4949982538819313,CEP,False,-315.09713156223296,49.09447346827178,0.4276522079117751,False
CEPDR,-0.0798959676176309,-2.744617879390717,0.4976516366004944,CEP,False,-315.0821325540543,49.1348770500684,0.4280041554884007,False
CEPDR,-0.0791484098881483,-2.744615316390991,0.4958951249718666,CEP,False,-315.0818383216858,49.09873077568713,0.42768929247114224,False
CEPDR,-0.092721901834011,-2.744520664215088,0.4610702097415924,CEP,False,-315.0709722518921,48.53185428434395,0.4227513439402783,False
CEPDR,-0.0914624705910682,-2.744494616985321,0.4597438797354698,CEP,False,-315.06798202991484,48.513839218973374,0.4225944182837402,False
CEPDR,-0.0911583676934242,-2.744463860988617,0.4621378779411316,CEP,False,-315.0644512414932,48.5372933924517,0.422798722930764,False
CEPDR,-0.0898989364504814,-2.74443781375885,0.460811547935009,CEP,False,-315.061461019516,48.519430979422665,0.4226431269984553,False
CEPDR,-0.0755215976387262,-2.7443506121635437,0.5044780150055885,CEP,False,-315.0514502763748,49.253632396930946,0.42903860972936364,False
CEPDR,-0.0650497386232018,-2.7434009313583374,0.5213008671998978,CEP,False,-314.94242691993713,49.56599850524039,0.431759568860979,False
CEPDR,-0.0840510576963424,-2.7430365085601807,0.4900465086102485,CEP,False,-314.90059118270875,48.80335202891018,0.42511630687203994,False
CEPDR,-0.0765839740633964,-2.742953300476074,0.5054913833737373,CEP,False,-314.8910388946533,49.12037147663359,0.427877800319108,False
CEPDR,-0.0745195169001817,-2.742860496044159,0.5035198405385017,CEP,False,-314.8803849458694,49.06383822552044,0.42738535039651954,False
CEPDR,-0.0561692705377936,-2.742304801940918,0.5367811769247055,CEP,False,-314.8165912628174,49.89384050447796,0.43461533540486025,False
CEPDR,-0.0814761407673358,-2.7422767877578735,0.4973206296563148,CEP,False,-314.8133752346039,48.86296375021564,0.42563557273707003,False
CEPDR,-0.0911583676934242,-2.7421571612358093,0.4643233865499496,CEP,False,-314.7996421098709,48.29995559290535,0.4207313204956912,False
CEPDR,-0.079205060377717,-2.742098331451416,0.4956734627485275,CEP,False,-314.79288845062257,48.809851470300735,0.42517292221516323,False
CEPDR,-0.0890760794281959,-2.7419901490211487,0.4756442233920097,CEP,False,-314.7804691076279,48.43742405601986,0.42192878097578274,False
CEPDR,-0.0853563006967306,-2.7417402267456055,0.4908400997519493,CEP,False,-314.7517780303955,48.67267207576387,0.42397797975404067,False
CEPDR,-0.0829213373363018,-2.741493880748749,0.4894502088427543,CEP,False,-314.72349750995636,48.61704267280213,0.4234934030731893,False
CEPDR,-0.0755818933248519,-2.7414631843566895,0.5045332089066505,CEP,False,-314.71997356414795,48.93007295159677,0.4262201476619928,False
CEPDR,-0.092721901834011,-2.741280496120453,0.4635035172104835,CEP,False,-314.699000954628,48.19021611060046,0.41977540166028277,False
CEPDR,-0.0898989364504814,-2.740998327732086,0.4633879736065864,CEP,False,-314.6666080236435,48.1565672582075,0.41948229318996083,False
CEPDR,-0.0905523616820573,-2.7407885789871216,0.4757348671555519,CEP,False,-314.6425288677215,48.301528847141626,0.42074502480088527,False
CEPDR,-0.0804028790444135,-2.740757405757904,0.4965642690658569,CEP,False,-314.6389501810074,48.67606062347847,0.4240074967201957,False
CEPDR,-0.0878594852983951,-2.7404792308807373,0.475128099322319,CEP,False,-314.6070157051086,48.25856611407375,0.4203707849657992,False
CEPDR,-0.0842265803366899,-2.7401975989341736,0.4902437999844551,CEP,False,-314.5746843576431,48.485874685709724,0.42235082478841224,False
CEPDR,-0.0914624705910682,-2.7401216626167297,0.4625681042671203,CEP,False,-314.56596686840055,48.0464491620382,0.4185230763243746,False
CEPDR,-0.0893357675522565,-2.73927766084671,0.4752187430858612,CEP,False,-314.4690754652023,48.12215833057004,0.4191825638551397,False
CEPDR,-0.056169269606471,-2.739218473434448,0.5443898737430573,CEP,False,-314.4622807502746,49.797290951236874,0.433774311421924,False
CEPVL,-0.0027182274498045,-3.4954943656921387,0.5682503283023834,CEP,False,-401.2827531814575,135.58947289966156,1.1810929695092471,False
CEPVL,-0.0041889064013957,-3.479392170906067,0.565844252705574,CEP,False,-399.43422122001647,133.72050591659294,1.164812769308301,False
CEPVL,-0.0012475484982132,-3.479392170906067,0.565844252705574,CEP,False,-399.43422122001647,133.720381107996,1.1648116821254006,False
CEPVL,-0.0027182274498045,-3.479392170906067,0.5673149228096008,CEP,False,-399.43422122001647,133.7422258777817,1.1650019675764955,False
CEPVL,-0.0027182274498045,-3.479392170906067,0.5643735826015472,CEP,False,-399.43422122001647,133.69975296506436,1.1646319944692018,False
CEPVL,-0.0027182274498045,-3.444411516189575,0.5623176991939545,CEP,False,-395.41844205856324,129.68614516332752,1.129670254035954,False
CEPVL,-0.0012475484982132,-3.444411516189575,0.5608470141887665,CEP,False,-395.41844205856324,129.66436382152858,1.1294805210934546,False
CEPVL,-0.0027182274498045,-3.444411516189575,0.5593763291835785,CEP,False,-395.41844205856324,129.64383719499557,1.1293017177264422,False
CEPVL,-0.0041889064013957,-3.444411516189575,0.5608470141887665,CEP,False,-395.41844205856324,129.6644925342463,1.1294816422843754,False
CEPVL,-0.0003021621378138,-3.3979556560516357,0.5532585978507996,CEP,False,-390.0853093147278,124.26405201499878,1.0824394774825679,False
CEPVL,0.0011685179197229,-3.3979556560516357,0.5517879128456116,CEP,False,-390.0853093147278,124.24311026788862,1.0822570580826536,False
CEPVL,0.0026391979772597,-3.3979556560516357,0.5532585978507996,CEP,False,-390.0853093147278,124.26395164276298,1.0824386031599562,False
CEPVL,0.0011685179197229,-3.3979556560516357,0.5547292828559875,CEP,False,-390.0853093147278,124.28488987968777,1.082620991983343,False
CEPVL,0.0143094219383783,-3.2711737155914307,0.5328894555568695,CEP,False,-375.5307425498962,109.53400817608706,0.9541289910808978,False
CEPVL,0.0157801012974232,-3.2711737155914307,0.5314187854528427,CEP,False,-375.5307425498962,109.51378853287183,0.9539528617845978,False
CEPVL,0.0128387425793334,-3.2711737155914307,0.5314187854528427,CEP,False,-375.5307425498962,109.51346894069165,0.9539500778805893,False
CEPVL,0.0143094219383783,-3.2711737155914307,0.5299481153488159,CEP,False,-375.5307425498962,109.49433249119141,0.9537833840696116,False
CEPVL,0.028735919855535,-3.132731556892395,0.5080983191728592,CEP,False,-359.63758273124694,93.41884124789159,0.8137529725426097,False
CEPVL,0.027265241369605,-3.132731556892395,0.509568989276886,CEP,False,-359.63758273124694,93.43741502238619,0.813914765003364,False
CEPVL,0.0272652423009276,-3.132731556892395,0.5066276490688324,CEP,False,-359.63758273124694,93.4005803922368,0.8135939058557213,False
CEPVL,0.0257945638149976,-3.132731556892395,0.5080983191728592,CEP,False,-359.63758273124694,93.41915780067434,0.8137557299710309,False
CEPVL,0.0309669021517038,-3.071098804473877,0.4953176081180572,CEP,False,-352.56214275360105,86.22892985095612,0.7511230823254018,False
CEPVL,0.0324375815689563,-3.071098804473877,0.4938469231128692,CEP,False,-352.56214275360105,86.21283907500512,0.7509829187718217,False
CEPVL,0.0309669040143489,-3.071098804473877,0.4923762381076813,CEP,False,-352.56214275360105,86.19542365920688,0.750831216543614,False
CEPVL,0.0294962245970964,-3.071098804473877,0.4938469231128692,CEP,False,-352.56214275360105,86.21151768269199,0.7509714083858188,False
CEPVL,0.0391205484047532,-3.0177948474884033,0.478299930691719,CEP,False,-346.4428484916687,79.95411561759275,0.6964644217560344,False
CEPVL,0.0405912278220057,-3.0177948474884033,0.476829245686531,CEP,False,-346.4428484916687,79.94072007713811,0.6963477358635723,False
CEPVL,0.0420619063079357,-3.0177948474884033,0.478299930691719,CEP,False,-346.4428484916687,79.9548025491194,0.6964704054801342,False
CEPVL,0.0405912268906831,-3.0177948474884033,0.479770615696907,CEP,False,-346.4428484916687,79.96931079647082,0.6965967839413835,False
CEPVL,0.0469384342432022,-2.9514551758766174,0.4614060595631599,CEP,False,-338.8270541906357,72.2126560370706,0.6290301048525314,False
CEPVL,0.0453324038535356,-2.951453685760498,0.4597925394773483,CEP,False,-338.8268831253052,72.20020957552563,0.6289216861979585,False
CEPVL,0.0453349817544221,-2.9514509439468384,0.4630095064640045,CEP,False,-338.82656836509705,72.22459614495568,0.629134112760938,False
CEPVL,0.0437289513647556,-2.951449453830719,0.4613959863781929,CEP,False,-338.82639729976654,72.212149552436,0.6290256929654704,False
CEPVL,0.0313439900055527,-2.8661186695098877,0.4323619604110718,CEP,False,-329.0304232597351,62.23270014661194,0.5420966911725779,False
CEPVL,0.033095066435635,-2.866046130657196,0.4341173991560936,CEP,False,-329.0220957994461,62.23687953327991,0.5421330969797902,False
CEPVL,0.0295954914763569,-2.8660404086112976,0.4341073259711265,CEP,False,-329.02143890857695,62.23625372840436,0.542127645717808,False
CEPVL,0.0313465679064393,-2.865967869758606,0.4358627647161484,CEP,False,-329.01311144828793,62.239124508516966,0.542152652513214,False
CEPVL,0.0145153937628492,-2.7989017963409424,0.4075773507356643,CEP,False,-321.3139262199402,54.3626316979552,0.4735420879612823,False
CEPVL,0.0163677888922393,-2.798492968082428,0.4093671515583992,CEP,False,-321.26699273586274,54.32597927053915,0.473222815945463,False
CEPVL,0.0126629986334592,-2.798492968082428,0.4093671515583992,CEP,False,-321.26699273586274,54.3260236448389,0.4732232024811751,False
CEPVL,0.0145153937628492,-2.7980841398239136,0.411156952381134,CEP,False,-321.22005925178524,54.29113194464527,0.4729192678104989,False
CEPVL,0.0067920637084171,-2.78302264213562,0.3970484137535095,CEP,False,-319.49099931716916,52.492644999832706,0.4572530052250236,False
CEPVL,0.0006813912186771,-2.780918002128601,0.4027851969003677,CEP,False,-319.24938664436337,52.275080156867,0.4553578410876916,False
CEPVL,0.012902736198157,-2.780918002128601,0.4027852043509483,CEP,False,-319.24938664436337,52.27453044545388,0.45535305266074805,False
CEPVL,0.0067920637084171,-2.778813362121582,0.4085219874978065,CEP,False,-319.0077739715576,52.06488220523763,0.4535268484776797,False
CEPVL,0.0067920638248324,-2.7748091220855713,0.3895970433950424,CEP,False,-318.54808721542355,51.52696570494266,0.44884116467720087,False
CEPVL,0.0170693900436162,-2.77126944065094,0.3992455452680588,CEP,False,-318.1417317867279,51.149858551325806,0.4455562591578903,False
CEPVL,-0.0034852623939514,-2.77126944065094,0.3992455378174782,CEP,False,-318.1417317867279,51.15250131141295,0.4455792797161407,False
CEPVL,0.0067920638248324,-2.7677297592163086,0.4088940396904945,CEP,False,-317.7353763580322,50.79683739604177,0.44248116198642656,False
CEPVL,0.0067920631263405,-2.7637089490890503,0.3900143504142761,CEP,False,-317.27378735542294,50.2572103766656,0.4377805781939512,False
CEPVL,0.000729598570615,-2.7616209387779236,0.3957058787345886,CEP,False,-317.03408377170564,50.032944810719485,0.4358270453895426,False
CEPVL,0.0128545276820659,-2.7616209387779236,0.3957058787345886,CEP,False,-317.03408377170564,50.03124916311284,0.43581227494000735,False
CEPVL,0.0067920630099251,-2.7604620456695557,0.392262190580368,CEP,False,-316.90104284286497,49.89007923433124,0.43458257172762405,False
CEPVL,0.0085742017254233,-2.7598482370376587,0.3939352855086326,CEP,False,-316.8305776119232,49.823849275550124,0.4340056557103669,False
CEPVL,0.005009924294427,-2.7598482370376587,0.3939352855086326,CEP,False,-316.8305776119232,49.82425602844762,0.43400919885407335,False
CEPVL,0.0067920631263405,-2.759532928466797,0.4013974070549011,CEP,False,-316.7943801879883,49.81501151750935,0.4339286717553079,False
CEPVL,0.0067920630099251,-2.7592344284057617,0.3956083804368973,CEP,False,-316.7601123809814,49.75818651490692,0.43343368044344005,False
CEPVL,0.0067920634755864,-2.75373911857605,0.3888038396835327,CEP,False,-316.12925081253053,49.10784376466366,0.4277686739082201,False
CEPVL,0.0052222992526367,-2.753191888332367,0.3902731537818908,CEP,False,-316.0664287805557,49.052245213375876,0.42728436597017316,False
CEPVL,0.0083685216959565,-2.7531912326812744,0.3902793973684311,CEP,False,-316.0663535118103,49.04783425879548,0.4272459430208666,False
CEPVL,0.0067987574730068,-2.7526440024375916,0.3917487114667892,CEP,False,-316.0035314798355,48.99160471193509,0.4267561386057064,False
CEPVL,0.0493869194760918,-2.7514872550964355,0.4482327178120613,CEP,False,-315.8707368850708,49.208267440039954,0.4286434445996512,False
CEPVL,0.0491497982293367,-2.750569999217987,0.4519829601049423,CEP,False,-315.7654359102249,49.13395527027481,0.42799612604769,False
CEPVL,0.0506341811269521,-2.750513195991516,0.448362223803997,CEP,False,-315.75891489982604,49.09798178309212,0.4276827681454018,False
CEPVL,0.0479192435741424,-2.749982535839081,0.4483145773410797,CEP,False,-315.6979951143265,49.03540640261272,0.42713768643390876,False
CEPVL,0.0470550321042537,-2.7498818039894104,0.4345717057585716,CEP,False,-315.6864310979843,48.92885538985239,0.4262095417234529,False
CEPVL,0.0491665052250027,-2.749008476734162,0.4484440833330154,CEP,False,-315.58617312908177,48.92580611639313,0.42618298010795413,False
CEPVL,0.0483022946864366,-2.7489044070243835,0.4346672222018242,CEP,False,-315.5742259263992,48.818846540747394,0.4252512764873467,False
CEPVL,0.0455873571336269,-2.7483760714530945,0.4346012026071548,CEP,False,-315.51357300281524,48.75547735392973,0.4246992800864959,False
CEPVL,0.0468346197158098,-2.7473986744880676,0.4346967190504074,CEP,False,-315.4013678312302,48.64497995429255,0.42373675918373305,False
CEPVL,0.0422099027782678,-2.747370660305023,0.4194947034120559,CEP,False,-315.3981518030167,48.5473273774788,0.42288612698152267,False
CEPVL,0.0436215596273541,-2.746884763240814,0.419621966779232,CEP,False,-315.34237082004546,48.49264057885995,0.42240976113989503,False
CEPVL,0.0413192305713892,-2.7456605434417725,0.4198909997940063,CEP,False,-315.2018303871155,48.353774826818324,0.4212001291534697,False
CEPVL,0.0427308874204754,-2.7451746463775635,0.4200182631611824,CEP,False,-315.14604940414426,48.29961162442586,0.4207283242545807,False
CEPVL,0.040159061551094,-2.7438745498657227,0.4123377278447151,CEP,False,-314.996798324585,48.09929359014923,0.4189833936424149,False
CEPVL,0.0385830104351043,-2.7437979578971863,0.4121769741177559,CEP,False,-314.988005566597,48.08927960592344,0.4188961638146641,False
CEPVL,0.0086403295863419,-2.7434298396110535,0.3881007730960846,CEP,False,-314.94574558734894,47.91569721030644,0.4173841220409969,False
CEPVL,0.0073281310033053,-2.7432244420051575,0.3867627307772636,CEP,False,-314.92216594219207,47.88976910170847,0.41715826743648493,False
CEPVL,0.0492685995995998,-2.7431082129478455,0.4522776380181312,CEP,False,-314.90882284641265,48.28266284166467,0.4205806867740825,False
CEPVL,0.0073773957556113,-2.7427998185157776,0.3895136788487434,CEP,False,-314.87341916561127,47.85610746413632,0.4168650475970063,False
CEPVL,0.0060651971725746,-2.7425944209098816,0.3881756365299225,CEP,False,-314.8498395204544,47.830118423475355,0.4166386622253951,False
CEPVL,0.0398453902453184,-2.742540180683136,0.4137145206332207,CEP,False,-314.843612742424,47.9540917535965,0.41771856928219947,False
CEPVL,0.0382693391293287,-2.7424635887145996,0.4135537669062614,CEP,False,-314.834819984436,47.94444254256069,0.41763451692126036,False
CEPVL,0.0498446291312575,-2.742044985294342,0.4548181891441345,CEP,False,-314.7867643117905,48.18537262817425,0.41973321104681405,False
CEPVL,0.0508130323141813,-2.741846740245819,0.452212855219841,CEP,False,-314.76400578022003,48.13791778561918,0.4193198413381462,False
CEPVL,0.0480297524482011,-2.741547465324402,0.4524483606219291,CEP,False,-314.7296490192413,48.104599052197486,0.4190296084686192,False
CEPVL,0.0466990349814295,-2.7409998178482056,0.4372458234429359,CEP,False,-314.666779088974,47.9291906147879,0.4175016604075601,False
CEPVL,0.0495741851627826,-2.7402859926223755,0.4523835778236389,CEP,False,-314.5848319530487,47.9609575767527,0.4177783761041176,False
CEPVL,0.0481277536600828,-2.739738345146179,0.4367702305316925,CEP,False,-314.52196202278134,47.78093179727016,0.4162102072932941,False
CEPVL,0.039107983931899,-2.739454984664917,0.4096321016550064,CEP,False,-314.48943223953245,47.57605108267299,0.41442553207903304,False
CEPVL,0.045584911480546,-2.7394391298294067,0.4377385154366493,CEP,False,-314.48761210441586,47.754381296761366,0.4159789311564579,False
CEPVL,0.0375319318845868,-2.7392905354499817,0.4095394015312195,CEP,False,-314.4705534696579,47.554398641009236,0.4142369219600108,False
CEPVL,0.0387943126261234,-2.7391368746757507,0.4116394817829132,CEP,False,-314.4529132127762,47.551869574094965,0.4142148917604091,False
CEPVL,0.0372182605788111,-2.738972425460815,0.4115467816591263,CEP,False,-314.4340344429016,47.530306100016396,0.4140270566203519,False
CEPVL,0.0417686253786087,-2.7383354902267456,0.4179933965206146,CEP,False,-314.3609142780304,47.5009398121262,0.41377125271886933,False
CEPVL,0.0470136301591992,-2.7381776571273804,0.4372629225254059,CEP,False,-314.34279503822324,47.605617568878124,0.41468307986827635,False
CEPVL,0.0429900418967008,-2.737021803855896,0.4171206578612327,CEP,False,-314.2101030826569,47.34533913398843,0.4124158461148818,False
CEPVL,0.0408566230908036,-2.7368303537368774,0.418903574347496,CEP,False,-314.1881246089935,47.334609447692884,0.4123223819485443,False
CEPVL,0.0123067644890397,-2.736349880695343,0.3878074362874031,CEP,False,-314.13296630382536,47.091698659974874,0.41020643432033865,False
CEPVL,0.0333063025027513,-2.7363007068634033,0.4036912992596626,CEP,False,-314.1273211479187,47.17469402822731,0.41092939048978494,False
CEPVL,0.0394447622820735,-2.7359052300453186,0.4092898070812225,CEP,False,-314.08192040920255,47.16764669777745,0.41086800259388023,False
CEPVL,0.0375550361350178,-2.735839545726776,0.411309540271759,CEP,False,-314.0743798494339,47.1700914081851,0.41088929798070645,False
CEPVL,0.0420780396088957,-2.735516667366028,0.4180308356881141,CEP,False,-314.03731341362,47.178479467075654,0.41096236469578096,False
CEPVL,0.0116075379773974,-2.7353190779685974,0.3893062472343445,CEP,False,-314.01463015079497,46.983930497080316,0.4092676872567972,False
CEPVL,0.0115875147748738,-2.735152840614319,0.3864708393812179,CEP,False,-313.9955461025238,46.94916929333357,0.40896488931475233,False
CEPVL,0.032614872790873,-2.734920561313629,0.4049360901117325,CEP,False,-313.9688804388046,47.02274581845681,0.4096057998123416,False
CEPVL,0.0342785534448921,-2.734869599342346,0.4026966840028763,CEP,False,-313.9630300045013,47.00683628300292,0.40946721500873623,False
CEPVL,0.0222261811140924,-2.73481023311615,0.3930155113339424,CEP,False,-313.956214761734,46.93302128872876,0.40882422725373485,False
CEPVL,0.0386471897363662,-2.734464943408966,0.4103735759854316,CEP,False,-313.9165755033493,47.007978854049256,0.4094771677181991,False
CEPVL,0.0108882882632315,-2.7341220378875732,0.3879696503281593,CEP,False,-313.8772099494934,46.84099823686597,0.40802263272531336,False
CEPVL,0.021777591202408,-2.733493208885193,0.3944553434848785,CEP,False,-313.80502038002015,46.79017419708678,0.40757991460876986,False
CEPVL,0.0335871237330138,-2.733489453792572,0.4039414748549461,CEP,False,-313.80458929538725,46.854361943540674,0.4081390413200407,False
CEPVL,0.0225364754442125,-2.7333313822746277,0.3918251320719719,CEP,False,-313.78644268512727,46.757148352407434,0.40729223303490797,False
CEPVL,0.0220878855325281,-2.7320143580436707,0.393264964222908,CEP,False,-313.6352483034134,46.61378903369439,0.40604345848165846,False
CEPVR,-0.0399999972432851,-3.4954946041107178,0.5682503283023834,CEP,False,-401.2827805519104,135.5880886914817,1.1810809119467047,False
CEPVR,-0.0385293178260326,-3.479392409324646,0.565844252705574,CEP,False,-399.43424859046934,133.71935667906817,1.1648027585284684,False
CEPVR,-0.0399999972432851,-3.479392409324646,0.564373567700386,CEP,False,-399.43424859046934,133.69838117494498,1.164620045077918,False
CEPVR,-0.0414706766605377,-3.479392409324646,0.5658442378044128,CEP,False,-399.43424859046934,133.71984570973245,1.1648070183774604,False
CEPVR,-0.0399999972432851,-3.479392409324646,0.5673149228096008,CEP,False,-399.43424859046934,133.7408178468833,1.1649897024989835,False
CEPVR,-0.0414706766605377,-3.4444117546081543,0.5608469992876053,CEP,False,-395.4184694290161,129.6638395001437,1.1294759538340042,False
CEPVR,-0.0399999972432851,-3.4444117546081543,0.5623176991939545,CEP,False,-395.4184694290161,129.6847209066314,1.1296578476187407,False
CEPVR,-0.0399999972432851,-3.4444117546081543,0.5593763142824173,CEP,False,-395.4184694290161,129.64245031734197,1.1292896369106444,False
CEPVR,-0.0385293178260326,-3.4444117546081543,0.5608470141887665,CEP,False,-395.4184694290161,129.66333516451547,1.129471560666511,False
CEPVR,-0.042416064068675,-3.397955894470215,0.5532585978507996,CEP,False,-390.08533668518066,124.26414770679165,1.0824403110347705,False
CEPVR,-0.0453574229031801,-3.397955894470215,0.5532585978507996,CEP,False,-390.08533668518066,124.2634223806672,1.0824339928629547,False
CEPVR,-0.0438867434859275,-3.397955894470215,0.5547292828559875,CEP,False,-390.08533668518066,124.28479737333313,1.08262018617886,False
CEPVR,-0.0438867434859275,-3.397955894470215,0.5517879128456116,CEP,False,-390.08533668518066,124.24305744005832,1.0822565979099157,False
CEPVR,-0.0555569715797901,-3.2711739540100098,0.5314188003540039,CEP,False,-375.5307699203491,109.5125670982604,0.9539422221102823,False
CEPVR,-0.0570276482030749,-3.2711739540100098,0.5328894704580307,CEP,False,-375.5307699203491,109.5325699583776,0.9541164630520697,False
CEPVR,-0.0584983248263597,-3.2711739540100098,0.5314187854528427,CEP,False,-375.5307699203491,109.51294505245006,0.9539455143941643,False
CEPVR,-0.0570276482030749,-3.2711739540100098,0.5299481153488159,CEP,False,-375.5307699203491,109.49293860746113,0.9537712422252712,False
CEPVR,-0.0685127917677164,-3.132731795310974,0.5080983340740204,CEP,False,-359.6376101016998,93.4193767574321,0.8137576372598616,False
CEPVR,-0.071454145014286,-3.132731795310974,0.5080983191728592,CEP,False,-359.6376101016998,93.41872193281098,0.8137519332126393,False
CEPVR,-0.0699834693223238,-3.132731795310974,0.5066276490688324,CEP,False,-359.6376101016998,93.40108095696344,0.8135982661756398,False
CEPVR,-0.0699834674596786,-3.132731795310974,0.5095690041780472,CEP,False,-359.6376101016998,93.43786277922852,0.8139186653242902,False
CEPVR,-0.0736851282417774,-3.0710991621017456,0.4953176081180572,CEP,False,-352.5621838092804,86.22799004223329,0.7511148958382691,False
CEPVR,-0.0751558095216751,-3.0710991621017456,0.4938469231128692,CEP,False,-352.5621838092804,86.2112847197401,0.7509693790918128,False
CEPVR,-0.0736851319670677,-3.0710991621017456,0.4923762381076813,CEP,False,-352.5621838092804,86.1945407228702,0.7508235254605419,False
CEPVR,-0.07221445068717,-3.0710991621017456,0.4938469231128692,CEP,False,-352.5621838092804,86.2112492873679,0.7509690704474556,False
CEPVR,-0.0818387772887945,-3.0177953243255615,0.478299930691719,CEP,False,-346.44290323257445,79.95370478151347,0.6964608430445424,False
CEPVR,-0.083309456706047,-3.0177953243255615,0.476829245686531,CEP,False,-346.44290323257445,79.93965204278415,0.6963384324284333,False
CEPVR,-0.0847801342606544,-3.0177953243255615,0.478299930691719,CEP,False,-346.44290323257445,79.95413125171632,0.6964645579417797,False
CEPVR,-0.0833094548434019,-3.0177953243255615,0.479770615696907,CEP,False,-346.44290323257445,79.96818144918713,0.6965869464214907,False
CEPVR,-0.0896566621959209,-2.951455533504486,0.4614060595631599,CEP,False,-338.82709524631497,72.21297742264713,0.6290329043784593,False
CEPVR,-0.0880506299436092,-2.9514541029930115,0.4597925394773483,CEP,False,-338.8269310235977,72.20140058442936,0.6289320608399771,False
CEPVR,-0.0880532097071409,-2.951451301574707,0.4630095064640045,CEP,False,-338.8266094207764,72.22570388607612,0.6291437620738338,False
CEPVR,-0.0864471774548292,-2.9514498710632324,0.4613959863781929,CEP,False,-338.82644519805905,72.21349179071333,0.6290373849365273,False
CEPVR,-0.0740622151643037,-2.8661189675331116,0.4323619604110718,CEP,False,-329.0304574728012,62.23391092574571,0.5421072380291438,False
CEPVR,-0.0758132934570312,-2.866046369075775,0.4341174066066742,CEP,False,-329.022123169899,62.238307565616516,0.5421455362858582,False
CEPVR,-0.072313716635108,-2.8660407066345215,0.4341073259711265,CEP,False,-329.02147312164306,62.23719726054964,0.5421358646389342,False
CEPVR,-0.0740647949278354,-2.865968108177185,0.435862772166729,CEP,False,-329.01313881874086,62.24147245988659,0.5421731050512769,False
CEPVR,-0.0572336222976446,-2.7989020347595215,0.4075773507356643,CEP,False,-321.31395359039306,54.365815929319496,0.4735698251682883,False
CEPVR,-0.0590860154479742,-2.798493206501007,0.4093671590089798,CEP,False,-321.2670201063156,54.328898488326104,0.4732482446718302,False
CEPVR,-0.055381229147315,-2.798493206501007,0.4093671441078186,CEP,False,-321.2670201063156,54.32904341565682,0.47324950710502456,False
CEPVR,-0.0572336222976446,-2.7980843782424927,0.411156952381134,CEP,False,-321.22008662223817,54.29341971211485,0.4729391960985614,False
CEPVR,-0.0495102945715189,-2.783022880554199,0.3970484137535095,CEP,False,-319.4910266876221,52.49844844817412,0.4573035579109244,False
CEPVR,-0.055620964616537,-2.78091824054718,0.4027852043509483,CEP,False,-319.2494140148163,52.27903499569644,0.4553922909032791,False
CEPVR,-0.0433996226638555,-2.78091824054718,0.4027851894497871,CEP,False,-319.2494140148163,52.27914705966016,0.4553932670702105,False
CEPVR,-0.0495102927088737,-2.778813600540161,0.4085219800472259,CEP,False,-319.0078013420105,52.06769112493601,0.45355131641930324,False
CEPVR,-0.049510296434164,-2.7748093605041504,0.3895970433950424,CEP,False,-318.5481145858765,51.5396219987459,0.4489514111389016,False
CEPVR,-0.0597876217216253,-2.771269738674164,0.3992455527186394,CEP,False,-318.141765999794,51.157351581155076,0.4456215294525704,False
CEPVR,-0.0392329692840576,-2.771269679069519,0.3992455452680588,CEP,False,-318.1417591571808,51.157425482360765,0.4456221731912959,False
CEPVR,-0.0495102945715189,-2.7677300572395325,0.4088940545916557,CEP,False,-317.7354105710983,50.799396433252355,0.4425034532513271,False
CEPVR,-0.0495102927088737,-2.7637091875076294,0.3900143504142761,CEP,False,-317.27381472587587,50.265946196114044,0.4378566741821781,False
CEPVR,-0.0555727574974298,-2.7616212368011475,0.3957058936357498,CEP,False,-317.03411798477174,50.03858994970961,0.43587621907412555,False
CEPVR,-0.0434478279203176,-2.7616211771965027,0.3957058936357498,CEP,False,-317.0341111421585,50.038696499709744,0.4358771472100152,False
CEPVR,-0.0495102889835834,-2.7604622840881348,0.392262190580368,CEP,False,-316.90107021331784,49.8969989227617,0.4346428477592483,False
CEPVR,-0.0477281510829925,-2.759848475456238,0.3939352929592132,CEP,False,-316.8306049823761,49.830711677083215,0.4340654327272057,False
CEPVR,-0.0512924268841743,-2.759848475456238,0.3939352929592132,CEP,False,-316.8306049823761,49.830571996973205,0.43406421600150874,False
CEPVR,-0.0495102927088737,-2.7595332264900208,0.4013974368572235,CEP,False,-316.7944144010544,49.81946808514975,0.43396749203092116,False
CEPVR,-0.0495102889835834,-2.759234666824341,0.3956083953380584,CEP,False,-316.76013975143434,49.76419627345579,0.43348603025658355,False
CEPVR,-0.0495102908462286,-2.753739356994629,0.3888038545846939,CEP,False,-316.1292781829834,49.11999229032511,0.4278744973024835,False
CEPVR,-0.0479405270889401,-2.753192126750946,0.3902731612324714,CEP,False,-316.0664561510086,49.0594416663503,0.4273470528427727,False
CEPVR,-0.0510867480188608,-2.7531914710998535,0.3902794122695923,CEP,False,-316.06638088226316,49.05925321551599,0.4273454112849825,False
CEPVR,-0.0495169842615723,-2.7526442408561707,0.3917487189173698,CEP,False,-316.00355885028836,48.998625703900444,0.42681729707230354,False
CEPVR,-0.092105146497488,-2.751487672328949,0.4482327178120613,CEP,False,-315.8707847833633,49.20678776788174,0.4286305554693532,False
CEPVR,-0.0918680280447006,-2.7505703568458557,0.4519829601049423,CEP,False,-315.7654769659042,49.13251496860813,0.42798357986592445,False
CEPVR,-0.0933524090796709,-2.7505135536193848,0.448362223803997,CEP,False,-315.75895595550537,49.09670865549853,0.42767167818378515,False
CEPVR,-0.0906374752521514,-2.7499828934669495,0.4483145773410797,CEP,False,-315.69803617000576,49.03501809580102,0.4271343039703922,False
CEPVR,-0.0897732619196176,-2.749882221221924,0.434571698307991,CEP,False,-315.68647899627683,48.92822944897093,0.4262040892767503,False
CEPVR,-0.0918847378343343,-2.7490087747573853,0.4484440833330154,CEP,False,-315.5862073421478,48.924457111517846,0.4261712291944063,False
CEPVR,-0.0910205226391553,-2.748904824256897,0.4346672147512436,CEP,False,-315.5742738246918,48.81712534958368,0.4252362835329589,False
CEPVR,-0.0883055888116359,-2.748376429080963,0.4346012026071548,CEP,False,-315.51361405849457,48.7560947883454,0.4247046584350645,False
CEPVR,-0.0895528495311737,-2.7473990321159363,0.4346967190504074,CEP,False,-315.40140888690945,48.6445010871687,0.42373258786732315,False
CEPVR,-0.0849281325936317,-2.7473710775375366,0.4194946959614754,CEP,False,-315.3981997013092,48.54605124080615,0.42287501080841594,False
CEPVR,-0.0863397885113954,-2.7468852400779724,0.4196219593286514,CEP,False,-315.3424255609512,48.4921811280904,0.4224057589554913,False
CEPVR,-0.084037460386753,-2.745660901069641,0.4198909997940063,CEP,False,-315.2018714427948,48.35083394333452,0.4211745117015202,False
CEPVR,-0.0854491163045167,-2.745175063610077,0.4200182631611824,CEP,False,-315.14609730243683,48.297980763450795,0.4207141181485261,False
CEPVR,-0.0828772913664579,-2.743874967098236,0.4123377278447151,CEP,False,-314.9968462228775,48.098101250578814,0.4189730074092231,False
CEPVR,-0.0813012402504682,-2.74379825592041,0.4121769741177559,CEP,False,-314.9880397796631,48.087258708563276,0.4188785601791226,False
CEPVR,-0.0513585582375526,-2.743430078029633,0.3881007879972458,CEP,False,-314.94577295780186,47.93622653602516,0.4175629489200798,False
CEPVR,-0.0500463610514998,-2.743224680423737,0.3867627531290054,CEP,False,-314.922193312645,47.91129790450466,0.41734580056188725,False
CEPVR,-0.0919868275523185,-2.743108630180359,0.4522776380181312,CEP,False,-314.9088707447052,48.28108109894186,0.42056690852736817,False
CEPVR,-0.0500956242904067,-2.7428000569343567,0.389513686299324,CEP,False,-314.87344653606414,47.86509505478937,0.41694333671419315,False
CEPVR,-0.0487834271043539,-2.7425946593284607,0.3881756514310837,CEP,False,-314.84986689090726,47.84010073988538,0.41672561620109216,False
CEPVR,-0.0825636181980371,-2.7425405979156494,0.4137145131826401,CEP,False,-314.84366064071656,47.95415511722484,0.41771912123018157,False
CEPVR,-0.0809875670820474,-2.7424638867378235,0.4135537594556808,CEP,False,-314.8348541975021,47.94338321491409,0.41762528932852,False
CEPVR,-0.0925628580152988,-2.7420454025268555,0.4548181742429733,CEP,False,-314.786812210083,48.183252512222396,0.41971474313782575,False
CEPVR,-0.0935312621295452,-2.7418471574783325,0.4522128477692604,CEP,False,-314.76405367851254,48.13676229608644,0.41930977609831394,False
CEPVR,-0.090747982263565,-2.74154794216156,0.4524483531713485,CEP,False,-314.72970376014706,48.103963225165856,0.4190240699056259,False
CEPVR,-0.089417265728116,-2.741000235080719,0.4372458308935165,CEP,False,-314.6668269872665,47.929760751316195,0.4175066267536254,False
CEPVR,-0.0922924168407917,-2.7402864694595337,0.4523835629224777,CEP,False,-314.58488669395445,47.95912363928616,0.4177624010390781,False
CEPVR,-0.0908459853380918,-2.7397388219833374,0.4367702379822731,CEP,False,-314.52201676368713,47.78186940312918,0.41621837459171757,False
CEPVR,-0.0818262137472629,-2.7394554018974304,0.409632109105587,CEP,False,-314.489480137825,47.57404100632122,0.4144080227031465,False
CEPVR,-0.0883031412959098,-2.7394394874572754,0.4377385079860687,CEP,False,-314.4876531600952,47.75371889182491,0.4159731610786142,False
CEPVR,-0.0802501644939184,-2.7392908930778503,0.4095394015312195,CEP,False,-314.4705945253372,47.55408037530612,0.4142341496106805,False
CEPVR,-0.081512538716197,-2.7391372323036194,0.4116394817829132,CEP,False,-314.45295426845547,47.54965908567137,0.41419563663476805,False
CEPVR,-0.0799364894628524,-2.7389727234840393,0.4115467742085457,CEP,False,-314.4340686559677,47.52978820518763,0.4140225453413557,False
CEPVR,-0.0844868551939725,-2.7383358478546143,0.4179934114217758,CEP,False,-314.3609553337097,47.5011518760512,0.41377309996560285,False
CEPVR,-0.0897318609058857,-2.738178074359894,0.4372629150748253,CEP,False,-314.3428429365158,47.60662199408829,0.414691829216797,False
CEPVR,-0.0857082735747098,-2.737022280693054,0.4171206727623939,CEP,False,-314.2101578235626,47.34451440109545,0.4124086620304482,False
CEPVR,-0.0835748519748449,-2.7368305921554565,0.4189035668969154,CEP,False,-314.1881519794464,47.332353259730546,0.41230272874329743,False
CEPVR,-0.0550249954685568,-2.736350119113922,0.3878074437379837,CEP,False,-314.1329936742782,47.108507290444166,0.4103528509620572,False
CEPVR,-0.07602453045547,-2.7363011240959167,0.4036913067102432,CEP,False,-314.12736904621124,47.1730061454362,0.41091468767801564,False
CEPVR,-0.0821629930287599,-2.735905706882477,0.4092898145318031,CEP,False,-314.08197515010835,47.16528628371555,0.41084744149578006,False
CEPVR,-0.0802732650190591,-2.7358399033546448,0.4113095477223396,CEP,False,-314.0744209051132,47.169217328560194,0.4108816840466916,False
CEPVR,-0.0847962703555822,-2.7355170249938965,0.4180308282375335,CEP,False,-314.0373544692993,47.178323308565034,0.410961004430009,False
CEPVR,-0.0543257677927613,-2.7353193163871765,0.3893062621355057,CEP,False,-314.01465752124784,47.00102640601919,0.409416606324209,False
CEPVR,-0.0543057462200522,-2.735153079032898,0.3864708468317985,CEP,False,-313.9955734729767,46.96736053849539,0.4091233496384616,False
CEPVR,-0.0753331016749143,-2.7349209785461426,0.4049361050128937,CEP,False,-313.96892833709717,47.02144994542463,0.4095945117197267,False
CEPVR,-0.0769967846572399,-2.7348700165748596,0.4026966914534569,CEP,False,-313.9630779027939,47.00429279854975,0.40944505922081664,False
CEPVR,-0.0649444097653031,-2.734810531139374,0.3930155262351036,CEP,False,-313.9562489748001,46.93793595131559,0.4088670379034459,False
CEPVR,-0.0813654195517301,-2.7344653606414795,0.4103735834360122,CEP,False,-313.91662340164186,47.006151104299455,0.40946124655313115,False
CEPVR,-0.0536065185442566,-2.7341222763061523,0.3879696652293205,CEP,False,-313.8772373199463,46.85948096179567,0.40818363207139086,False
CEPVR,-0.0644958214834332,-2.7334935069084167,0.3944553658366203,CEP,False,-313.80505459308625,46.79511149787213,0.40762292245533216,False
CEPVR,-0.0763053558766841,-2.7334898710250854,0.4039414897561073,CEP,False,-313.8046371936798,46.852209079002705,0.40812028814462287,False
CEPVR,-0.0652547068893909,-2.7333316802978516,0.3918251395225525,CEP,False,-313.78647689819337,46.762083183491846,0.4073352193683959,False
CEPVR,-0.064806118607521,-2.7320146560668945,0.3932649791240692,CEP,False,-313.6352825164795,46.618746698890625,0.40608664371855946,False
HSNL,-0.0346076227724552,-2.754892945289612,0.5309136807918549,HSN,False,-316.2617101192474,51.11579036799453,0.4452594979790464,False
HSNL,-0.0075601860880851,-2.754892945289612,0.5309136807918549,HSN,False,-316.2617101192474,51.11656124575394,0.4452662129421075,False
HSNL,-0.0072501897811889,-2.7535144090652466,0.5325792133808136,HSN,False,-316.1034541606903,51.01176229935328,0.4443533301337394,False
HSNL,-0.0349176228046417,-2.7535144090652466,0.5325792133808136,HSN,False,-316.1034541606903,51.010651135564885,0.4443436510066628,False
HSNL,-0.0078701823949813,-2.753170073032379,0.5296077132225037,HSN,False,-316.0639243841171,50.88763392915944,0.4432720725536537,False
HSNL,-0.0342976227402687,-2.753170073032379,0.5296077132225037,HSN,False,-316.0639243841171,50.887179130173074,0.4432681108900094,False
HSNL,0.0174735784530639,-2.7530133724212646,0.5193766951560974,HSN,False,-316.0459351539612,50.59104627463385,0.44068855639924953,False
HSNL,-0.059641383588314,-2.7530133724212646,0.5193766951560974,HSN,False,-316.0459351539612,50.59024837403411,0.4406816060455933,False
HSNL,-0.0346076227724552,-2.751791536808014,0.5312732458114624,HSN,False,-315.90566842556,50.781593519647785,0.44234837560668805,False
HSNL,-0.0075601860880851,-2.751791536808014,0.5312732458114624,HSN,False,-315.90566842556,50.78238949185723,0.4423553091625194,False
HSNL,0.0183127485215663,-2.751649796962738,0.52082160115242,HSN,False,-315.8893966913223,50.47635668893579,0.4396895181963048,False
HSNL,-0.0604805648326873,-2.751649796962738,0.52082160115242,HSN,False,-315.8893966913223,50.47643423837094,0.4396901937140326,False
HSNL,-0.0588546358048915,-2.751326322555542,0.5182774066925049,HSN,False,-315.85226182937623,50.372396949006216,0.43878394554883465,False
HSNL,0.016686838120222,-2.751326322555542,0.5182774066925049,HSN,False,-315.85226182937623,50.37427573171001,0.43880031125182933,False
HSNL,0.0175260081887245,-2.7499627470970154,0.5197223126888275,HSN,False,-315.69572336673735,50.259105079438235,0.4377970825735038,False
HSNL,-0.0596938170492649,-2.7499627470970154,0.5197223126888275,HSN,False,-315.69572336673735,50.25835639572737,0.4377905609383917,False
HSNL,-0.0787974037230014,-2.7497565746307373,0.4979312717914581,HSN,False,-315.67205476760864,49.72168114914313,0.4331156894524663,False
HSNL,0.0366296023130416,-2.7497565746307373,0.4979312717914581,HSN,False,-315.67205476760864,49.721447428624124,0.4331136535594436,False
HSNL,0.037853293120861,-2.748444080352783,0.4989489316940307,HSN,False,-315.5213804244995,49.594800602597836,0.43201045821078254,False
HSNL,-0.0800211057066917,-2.748444080352783,0.4989489316940307,HSN,False,-315.5213804244995,49.593895267671776,0.4320025720180468,False
HSNL,-0.0777337811887264,-2.748132646083832,0.4972055554389953,HSN,False,-315.4856277704239,49.52378590233321,0.43139186326074225,False
HSNL,0.035565972328186,-2.748132646083832,0.4972055554389953,HSN,False,-315.4856277704239,49.523239642870074,0.43138710490304943,False
HSNL,0.0367896631360054,-2.7468201518058777,0.498223215341568,HSN,False,-315.33495342731476,49.396108995569904,0.43027969508336156,False
HSNL,-0.0789574831724166,-2.7468201518058777,0.498223215341568,HSN,False,-315.33495342731476,49.39618171456402,0.4302803285240769,False
HSNL,-0.0891518890857696,-2.7457334399223328,0.4699126780033111,HSN,False,-315.2101989030838,48.780811832353585,0.4249199636964598,False
HSNL,0.046984089538455,-2.7457334399223328,0.4699126780033111,HSN,False,-315.2101989030838,48.78101479636664,0.4249217316756676,False
HSNL,0.0484603699296712,-2.7444719672203064,0.4702730476856231,HSN,False,-315.06538183689116,48.64298877130984,0.42371941438423205,False
HSNL,-0.0906281694769859,-2.7444719672203064,0.4702730476856231,HSN,False,-315.06538183689116,48.64142319372142,0.4237057769487929,False
HSNL,0.0457674898207187,-2.744172751903534,0.4697357416152954,HSN,False,-315.0310319185257,48.60048827974052,0.42334920104303586,False
HSNL,-0.0879353061318397,-2.744172751903534,0.4697357416152954,HSN,False,-315.0310319185257,48.60139667384729,0.4233571138836872,False
HSNL,-0.089411586523056,-2.7429112792015076,0.4700961112976074,HSN,False,-314.88621485233307,48.46152162879483,0.4221386901462964,False
HSNL,0.047243770211935,-2.7429112792015076,0.4700961112976074,HSN,False,-314.88621485233307,48.461977725445735,0.4221426631136388,False
HSNL,0.0471230391412973,-2.7413474321365356,0.4397258460521698,HSN,False,-314.70668520927427,47.98528739631816,0.41799030833029754,False
HSNL,-0.0892908424139022,-2.7413474321365356,0.4397258460521698,HSN,False,-314.70668520927427,47.986223130302726,0.41799845932319446,False
HSNL,0.0485708508640527,-2.7400858998298645,0.4393180310726166,HSN,False,-314.5618613004684,47.837381185466434,0.4167019267026693,False
HSNL,-0.0907386541366577,-2.7400858998298645,0.4393180310726166,HSN,False,-314.5618613004684,47.84020688850505,0.4167265408406363,False
HSNL,0.0459883324801921,-2.7397868037223816,0.4401654005050659,HSN,False,-314.5275250673294,47.81038487991706,0.4164667672466643,False
HSNL,-0.0881561413407325,-2.7397868037223816,0.4401654005050659,HSN,False,-314.5275250673294,47.80982170534285,0.41646186154479836,False
HSNL,0.0474361442029476,-2.7385252714157104,0.4397575855255127,HSN,False,-314.38270115852356,47.66197646833752,0.41517401104823626,False
HSNL,-0.089603953063488,-2.7385252714157104,0.4397575855255127,HSN,False,-314.38270115852356,47.66330562245838,0.4151855890458047,False
HSNL,-0.0788901522755622,-2.737356185913086,0.4114587008953094,HSN,False,-314.2484901428223,47.34403416143601,0.4124044787581534,False
HSNL,0.0367223471403121,-2.737356185913086,0.4114587008953094,HSN,False,-314.2484901428223,47.34397496129838,0.41240396307751204,False
HSNL,0.0378238596022129,-2.7359859347343445,0.4105272889137268,HSN,False,-314.0911853075027,47.182124373750185,0.4109941147539215,False
HSNL,-0.0799916759133338,-2.7359859347343445,0.4105272889137268,HSN,False,-314.0911853075027,47.181049470155074,0.41098475148218705,False
HSNL,0.0359164848923683,-2.7359110713005066,0.4125298857688904,HSN,False,-314.08259098529817,47.18493612948583,0.41101860739970236,False
HSNL,-0.0780842863023281,-2.7359110713005066,0.4125298857688904,HSN,False,-314.08259098529817,47.18551441575298,0.41102364473652425,False
HSNL,0.037017997354269,-2.734540820121765,0.4115984737873077,HSN,False,-313.9252861499786,47.022564703175874,0.40960422215309994,False
HSNL,-0.0791858099400997,-2.734540820121765,0.4115984737873077,HSN,False,-313.9252861499786,47.02217012883293,0.40960078509436354,False
HSNL,0.0193647257983684,-2.7342112064361572,0.3870836198329925,HSN,False,-313.8874464988708,46.8321105856472,0.4079452141606899,False
HSNL,-0.0600710250437259,-2.7342112064361572,0.3892263770103454,HSN,False,-313.8874464988708,46.85598388668134,0.40815316974461097,False
HSNL,0.0184636265039443,-2.732881784439087,0.3882289230823517,HSN,False,-313.73482885360715,46.68654698944683,0.40667723858403165,False
HSNL,-0.0594365075230598,-2.732881724834442,0.3905920088291168,HSN,False,-313.7348220109939,46.71295860864965,0.40690730495339417,False
HSNL,0.0204354189336299,-2.7327322959899902,0.3863193094730377,HSN,False,-313.7176675796509,46.658133905139024,0.4064297378496431,False
HSNL,-0.0609665028750896,-2.7327322959899902,0.3882036507129669,HSN,False,-313.7176675796509,46.67895154330046,0.40661107616115383,False
HSNL,0.0195343196392059,-2.73140287399292,0.3874646127223968,HSN,False,-313.5650499343872,46.51206151768223,0.4051573302933992,False
HSNL,-0.0603319853544235,-2.731402814388275,0.3895692825317383,HSN,False,-313.565043091774,46.53538253808988,0.4053604750704693,False
HSNL,-0.0423578694462776,-2.728347659111023,0.3643013536930084,HSN,False,-313.2143112659454,46.132990913793115,0.4018553215487205,False
HSNL,-0.0416905805468559,-2.7270182371139526,0.3656517267227173,HSN,False,-313.06169362068175,45.9937578178317,0.4006424897023667,False
HSNL,0.0038209855556488,-2.7269318103790283,0.3593079149723053,HSN,False,-313.05177183151244,45.88810159297639,0.399722139311641,False
HSNL,-0.0432778857648372,-2.726868748664856,0.3633001446723938,HSN,False,-313.0445323467255,45.95137338716372,0.4002732873446317,False
HSNL,0.0026205293834209,-2.7256025671958923,0.3602176904678345,HSN,False,-312.8991747140884,45.74665119139293,0.3984899929563844,False
HSNL,-0.0426105968654155,-2.7255393266677856,0.3646505177021026,HSN,False,-312.89191470146176,45.811898791568936,0.399058351842935,False
HSNL,0.0050914399325847,-2.725452959537506,0.3588234484195709,HSN,False,-312.8819997549057,45.710159460554664,0.3981721207365389,False
HSNL,0.0038909837603569,-2.72412371635437,0.3597332239151001,HSN,False,-312.72940263748166,45.56815666614103,0.3969351625970473,False
HSNL,-0.0315010398626327,-2.7142586708068848,0.327408879995346,HSN,False,-311.59689540863036,44.355531532229186,0.38637222589049813,False
HSNL,-0.0308337472379207,-2.7129293084144592,0.3287592828273773,HSN,False,-311.44428460597993,44.22158021556552,0.3852054025746125,False
HSNL,-0.0324210599064827,-2.712779700756073,0.3264077007770538,HSN,False,-311.4271096467972,44.17579268058196,0.3848065564510624,False
HSNL,-0.0317537672817707,-2.7114503383636475,0.3277581036090851,HSN,False,-311.2744988441467,44.04129474341007,0.3836349716324919,False
HSNL,-0.0085399486124515,-2.711265742778778,0.3203276395797729,HSN,False,-311.25330727100373,43.90957763865963,0.3824876100928539,False
HSNL,-0.0100060515105724,-2.710061132907867,0.3214446604251861,HSN,False,-311.11501805782314,43.78630228579301,0.38141378297729106,False
HSNL,-0.0070433504879474,-2.709981381893158,0.3207492530345917,HSN,False,-311.1058626413345,43.76810258281821,0.3812552489792527,False
HSNL,-0.0085094533860683,-2.7087767720222473,0.3218662738800049,HSN,False,-310.96757342815397,43.644374465679,0.3801774779240331,False
HSNL,-0.0274957343935966,-2.703366994857788,0.3066190481185913,HSN,False,-310.34653100967404,42.87237298680076,0.3734527263658603,False
HSNL,-0.0102886967360973,-2.6890016198158264,0.2777538299560547,HSN,False,-308.6973859548569,41.07620365083731,0.35780665201077794,False
HSNL,-0.0120136924088001,-2.687934696674347,0.2790770232677459,HSN,False,-308.57490317821504,40.95942599470026,0.3567894250409431,False
HSNL,-0.0085682049393653,-2.687929689884186,0.2790787518024444,HSN,False,-308.5743283987045,40.95784221991714,0.35677562909335486,False
HSNL,-0.0102932006120681,-2.6868627667427063,0.2804019451141357,HSN,False,-308.45184562206265,40.84215521311907,0.35576790255330204,False
HSNL,0.0071838721632957,-2.5778422951698303,0.2166721597313881,HSN,False,-295.9362954854965,28.399132727591024,0.24737920494417268,False
HSNL,0.0054793879389762,-2.57721346616745,0.2181724682450294,HSN,False,-295.8641059160232,28.30792360795201,0.24658470041770045,False
HSNL,0.0088883563876152,-2.577213406562805,0.218172438442707,HSN,False,-295.86409907341005,28.309194924367393,0.24659577460250343,False
HSNL,0.0071838721632957,-2.576584577560425,0.2196727469563484,HSN,False,-295.7919095039368,28.21757416734017,0.24579768438449626,False
HSNL,0.020061507821083,-2.456518769264221,0.1619008928537368,HSN,False,-282.0083547115326,16.845608137473185,0.14673874684210092,False
HSNL,0.0183707773685455,-2.4562628865242004,0.1635713428258896,HSN,False,-281.9789793729782,16.72703696095744,0.14570589687245158,False
HSNL,0.0217522382736206,-2.4562628865242004,0.1635713428258896,HSN,False,-281.9789793729782,16.72560758111502,0.14569344582852806,False
HSNL,0.020061507821083,-2.4560070037841797,0.1652417927980423,HSN,False,-281.9496040344238,16.606177465516048,0.1446531138111154,False
HSNL,0.020061507821083,-2.291851282119751,0.0488619357347488,HSN,False,-263.1045271873474,1.3878674061454388,0.012089437335761663,False
HSNL,0.0217522382736206,-2.291543424129486,0.0505243986845016,HSN,False,-263.069185090065,1.637387929753588,0.014262961060571325,False
HSNL,0.0183707773685455,-2.291543424129486,0.0505243986845016,HSN,False,-263.069185090065,1.2888134655578571,0.011226598132037083,False
HSNL,0.020061507821083,-2.291235566139221,0.0521868616342544,HSN,False,-263.0338429927826,1.4214519400279109,0.012381985540312813,False
HSNL,0.020061507821083,-2.126101136207581,-0.0660811513662338,HSN,False,-244.07641043663028,1.0955411654622256,0.009543041510994997,False
HSNL,0.0217522382736206,-2.1257932782173157,-0.0644187033176422,HSN,False,-244.04106833934785,1.2461938145767752,0.010855346816870864,False
HSNL,0.0183707773685455,-2.1257932782173157,-0.0644187033176422,HSN,False,-244.04106833934785,0.8616091780386547,0.007505306428908142,False
HSNL,0.020061507821083,-2.125485420227051,-0.0627562552690506,HSN,False,-244.00572624206544,1.0453034298328239,0.009105430573456655,False
HSNL,0.020061507821083,-1.8893601894378664,-0.2278666272759437,HSN,False,-216.89854974746706,0.8308392434730304,0.007237275640008976,False
HSNL,0.0183707773685455,-1.8890522718429563,-0.2262042313814163,HSN,False,-216.8632008075714,0.610224038355917,0.005315540403797186,False
HSNL,0.0217522382736206,-1.8890522718429563,-0.2262042313814163,HSN,False,-216.8632008075714,0.9983070052229425,0.008696054052464656,False
HSNL,0.020061507821083,-1.8887443542480469,-0.2245418354868888,HSN,False,-216.82785186767578,0.801271536422921,0.006979717216227536,False
HSNL,0.020061507821083,-1.6525261402130127,-0.3862007111310959,HSN,False,-189.71000089645386,1.2830700002324236,0.011176567946275466,False
HSNL,0.0217522382736206,-1.652218222618103,-0.3845383077859878,HSN,False,-189.67465195655822,1.3706814694681666,0.011939734054600755,False
HSNL,0.0183707773685455,-1.652218222618103,-0.3845383077859878,HSN,False,-189.67465195655822,1.0185630171467295,0.008872500149361756,False
HSNL,0.020061507821083,-1.6519103050231934,-0.3828759044408798,HSN,False,-189.63930301666258,1.12581795773253,0.009806776635300784,False
HSNL,0.020061507821083,-1.4917337894439695,-0.4680584967136383,HSN,False,-171.2510390281677,2.329743326885956,0.020293931418867216,False
HSNL,0.0217522382736206,-1.49142587184906,-0.4663961008191108,HSN,False,-171.21569008827208,2.221384619161976,0.019350040236602577,False
HSNL,0.0183707773685455,-1.49142587184906,-0.4663961008191108,HSN,False,-171.21569008827208,2.0921617201989475,0.01822440522821383,False
HSNL,0.020061507821083,-1.4911179542541504,-0.4647337049245834,HSN,False,-171.18034114837647,1.9701477245167596,0.017161565544571076,False
HSNL,0.020061507821083,-1.2700507640838623,-0.5687021613121033,HSN,False,-145.80182771682738,4.01636537607637,0.03498576111564782,False
HSNL,0.0217522382736206,-1.2697428166866302,-0.5670396983623505,HSN,False,-145.76647535562515,4.035070185481712,0.0351486949954853,False
HSNL,0.0183707773685455,-1.2697428166866302,-0.5670396983623505,HSN,False,-145.76647535562515,3.7442053669583375,0.03261502932890538,False
HSNL,0.020061507821083,-1.2694348692893982,-0.5653772354125977,HSN,False,-145.73112299442292,3.7639309252379545,0.03278685474945953,False
HSNL,0.020061507821083,-1.1044245958328247,-0.6189203858375549,HSN,False,-126.78794360160828,4.985185844822917,0.043424963805077675,False
HSNL,0.0217522382736206,-1.1042165756225586,-0.6172454804182053,HSN,False,-126.76406288146973,4.960656456670904,0.04321129317657582,False
HSNL,0.0183707773685455,-1.1042165756225586,-0.6172454804182053,HSN,False,-126.76406288146973,4.714288478178947,0.04106523064615807,False
HSNL,0.020061507821083,-1.1040085554122925,-0.6155705749988556,HSN,False,-126.74018216133118,4.68819224900056,0.040837911576659926,False
HSNL,0.020061507821083,-0.932611048221588,-0.651289701461792,HSN,False,-107.0637483358383,7.499708429339349,0.0653284706388445,False
HSNL,0.0217522382736206,-0.9325029402971268,-0.6496024429798126,HSN,False,-107.05133754611015,7.414761178168678,0.06458851200495365,False
HSNL,0.0183707773685455,-0.9325029402971268,-0.6496024429798126,HSN,False,-107.05133754611015,7.241251071120195,0.06307709992264979,False
HSNL,0.020061507821083,-0.9323948323726654,-0.6479151844978333,HSN,False,-107.03892675638198,7.153213595600224,0.06231022295819011,False
HSNL,0.020061507821083,-0.6874631941318512,-0.6665695011615753,HSN,False,-78.92077468633651,9.109965573729935,0.07935510081646285,False
HSNL,0.0183707773685455,-0.6873551309108734,-0.6648821830749512,HSN,False,-78.90836902856826,8.860130512981835,0.07717883722109613,False
HSNL,0.0217522382736206,-0.6873551309108734,-0.6648821830749512,HSN,False,-78.90836902856826,9.002492930369327,0.07841892796488961,False
HSNL,0.020061507821083,-0.6872470676898956,-0.663194864988327,HSN,False,-78.89596337080002,8.749572279869426,0.07621578641001242,False
HSNL,0.020061507821083,-0.5026156306266785,-0.6592128276824951,HSN,False,-57.700274395942685,9.238557956889167,0.08047524352690913,False
HSNL,0.0183707773685455,-0.502375140786171,-0.6608489602804184,HSN,False,-57.672666162252426,9.341146733109294,0.08136887398178828,False
HSNL,0.0217522382736206,-0.502375140786171,-0.6608489602804184,HSN,False,-57.672666162252426,9.48699206238431,0.08263930367930584,False
HSNL,0.020061507821083,-0.5021346509456635,-0.6624850928783417,HSN,False,-57.64505792856216,9.58667303540204,0.08350760483799687,False
HSNL,0.0200615040957927,-0.2535093948245048,-0.5900538265705109,HSN,False,-29.10287852585315,5.122937931257031,0.04462489487157693,False
HSNL,0.02175223082304,-0.2529997695237398,-0.5916638523340225,HSN,False,-29.04437354132533,5.349735653523174,0.04660048478678723,False
HSNL,0.0183707773685455,-0.2529997695237398,-0.5916638523340225,HSN,False,-29.04437354132533,5.2414906605464315,0.04565758415110132,False
HSNL,0.0200615040957927,-0.2524901442229748,-0.5932738780975342,HSN,False,-28.985868556797502,5.483190840603856,0.0477629864164099,False
HSNL,0.0200615003705024,0.0012583173811435,-0.5111099183559418,HSN,False,0.1444548353552738,4.660548004782116,0.04059710805559335,False
HSNL,0.0217522233724594,0.0016885232180356,-0.5127449929714203,HSN,False,0.19384246543048686,4.9139938561657255,0.042804824531060326,False
HSNL,0.0183707773685455,0.0016885232180356,-0.5127449929714203,HSN,False,0.19384246543048686,4.754537079403115,0.04141582821779717,False
HSNL,0.0200615003705024,0.0021187290549278,-0.5143800675868988,HSN,False,0.24323009550571142,5.002736503571982,0.04357784410776988,False
HSNL,0.0200615003705024,0.179764699190855,-0.4202533662319183,HSN,False,20.636987467110153,14.023846257958885,0.12215893952925859,False
HSNL,0.0217522233724594,0.180134043097496,-0.421902060508728,HSN,False,20.67938814759254,14.26539292011559,0.1242630045306236,False
HSNL,0.0183707773685455,0.180134043097496,-0.421902060508728,HSN,False,20.67938814759254,14.14399196047894,0.12320550488222073,False
HSNL,0.0200615003705024,0.180503387004137,-0.4235507547855377,HSN,False,20.721788828074928,14.383392523383925,0.1252908756392328,False
HSNL,0.0296211279928684,0.34112349152565,-0.3260843083262443,HSN,False,39.16097682714462,18.74410649671409,0.16327618899576732,False
HSNL,0.0279290825128555,0.3413891196250915,-0.3245209008455276,HSN,False,39.191470932960506,18.578130302216113,0.16183040332940865,False
HSNL,0.0286036506295204,0.3422070816159248,-0.3276477083563804,HSN,False,39.28537296950817,18.93076682145062,0.16490215001263608,False
HSNL,0.0269116051495075,0.3424727097153663,-0.3260843008756637,HSN,False,39.31586707532405,18.76593410715724,0.16346632497523728,False
HSNL,0.068838570266962,0.3897006213665008,-0.2747985683381557,HSN,False,44.737631332874294,15.533215998439882,0.13530675956829166,False
HSNL,0.0671453978866338,0.3904645815491676,-0.2733190357685089,HSN,False,44.825333961844436,15.354133357380213,0.13374680624895657,False
HSNL,0.0683981627225875,0.3914423659443855,-0.2762781344354152,HSN,False,44.93758361041545,15.700174763206313,0.13676110420911422,False
HSNL,0.0667049903422594,0.3922063261270523,-0.2747986018657684,HSN,False,45.0252862393856,15.521792897819026,0.1352072552074828,False
HSNL,0.115292215719819,0.4469768479466438,-0.2200307138264179,HSN,False,51.31294214427471,12.193408549688902,0.10621436018892773,False
HSNL,0.1168553829193115,0.4470828846096992,-0.2215862832963466,HSN,False,51.325115153193465,12.384936321314976,0.1078827205689458,False
HSNL,0.1142326686531305,0.4483688771724701,-0.2212636731564998,HSN,False,51.47274709939956,12.32702206040131,0.10737824094426228,False
HSNL,0.1157958358526229,0.4484749138355255,-0.2228192426264286,HSN,False,51.48492010831833,12.516780997271807,0.1090311933560262,False
HSNL,0.1331927701830864,0.5121138095855713,-0.1721628680825233,HSN,False,58.79066534042358,11.320796250303701,0.09861320775525872,False
HSNL,0.1349613144993782,0.5131329521536827,-0.1738563627004623,HSN,False,58.90766290724277,11.472223877592803,0.0999322637420976,False
HSNL,0.1314292475581169,0.513262577354908,-0.1735287271440029,HSN,False,58.92254388034343,11.516769356403763,0.1003202905610084,False
HSNL,0.1331977918744087,0.5142817199230194,-0.1752222217619419,HSN,False,59.03954144716263,11.664743040907428,0.10160925993821802,False
HSNL,0.1357664987444877,0.5687058120965958,-0.1224435269832611,HSN,False,65.2874272286892,8.50802764231282,0.07411173904453676,False
HSNL,0.137782271951437,0.5698398798704147,-0.1243797615170478,HSN,False,65.4176182091236,8.680942238649317,0.07561796375130067,False
HSNL,0.1338313668966293,0.5704412162303925,-0.1235799342393875,HSN,False,65.48665162324905,8.68437682722049,0.07564788177021332,False
HSNL,0.1358471401035785,0.5715752840042114,-0.1255161687731742,HSN,False,65.61684260368347,8.85131653702316,0.07710206042703102,False
HSNL,0.1518290154635906,0.5875714272260666,-0.070367319509387,HSN,False,67.45319984555245,2.3398925523397236,0.020382339306095155,False
HSNL,0.1746272630989551,0.588231161236763,-0.0261720996350049,HSN,False,67.52893730998039,0.06326494893093616,0.0005510884053217435,False
HSNL,0.1787870898842811,0.5887283384799957,0.0220908392220735,HSN,False,67.58601325750351,0.39025052133039406,0.003399394785107962,False
HSNL,0.1536470465362072,0.5892210751771927,-0.0720868399366736,HSN,False,67.64257943034171,4.157319014410429,0.0362135802648992,False
HSNL,0.1500134170055389,0.5898222774267197,-0.0699531752616167,HSN,False,67.71159744858741,3.8947691680404772,0.0339265606972167,False
HSNL,0.1727415695786476,0.5904004573822021,-0.0251709669828414,HSN,False,67.7779725074768,0.2591246360459064,0.002257183240818,False
HSNL,0.1765150353312492,0.5904004871845245,-0.0271692778915166,HSN,False,67.77797592878342,0.2280964363275209,0.00198690275546621,False
HSNL,0.1766694895923137,0.5908362865447998,0.0220620976760983,HSN,False,67.82800569534301,0.6033331192973521,0.005255514976457772,False
HSNL,0.1809053793549537,0.590836301445961,0.021402608603239,HSN,False,67.82800740599632,0.3223307632496665,0.0028077592617566766,False
HSNL,0.1518314480781555,0.5914719253778458,-0.0716726956889033,HSN,False,67.90097703337669,4.095780431691016,0.035677529892778885,False
HSNL,0.1746293418109417,0.5925697833299637,-0.0261681452393531,HSN,False,68.02701112627983,0.06279306868065601,0.0005469779501799304,False
HSNL,0.1787877790629863,0.5929442495107651,0.0213738670572638,HSN,False,68.06999984383583,0.44485919361549825,0.0038750800837586957,False
HSNL,0.1747399270534515,0.5932363569736481,0.0592329148203134,HSN,False,68.1035337805748,0.776388872545872,0.006762969273047665,False
HSNL,0.1769746989011764,0.595181867480278,0.0581860020756721,HSN,False,68.32687838673591,0.5187788224446863,0.00451897928958786,False
HSNL,0.1725051552057266,0.595181867480278,0.0581860020756721,HSN,False,68.32687838673591,0.7065685631035749,0.006154778424247168,False
HSNL,0.1747399270534515,0.597127377986908,0.0571390893310308,HSN,False,68.55022299289703,0.8069438252701765,0.007029127397823837,False
HSNL,0.1747399270534515,0.6028569638729095,0.0686240345239639,HSN,False,69.20797945261002,0.9153088574496608,0.007973073671164293,False
HSNL,0.1775609999895095,0.6045167297124863,0.0664373869076371,HSN,False,69.39852057099343,1.169435888321898,0.010186723765870192,False
HSNL,0.1719188541173935,0.6045167297124863,0.0664373869076371,HSN,False,69.39852057099343,0.5283626169881804,0.004602461820454534,False
HSNL,0.1747399270534515,0.606176495552063,0.0642507392913103,HSN,False,69.58906168937683,0.8515966039528909,0.0074180888846070644,False
HSNL,0.1747399270534515,0.6064762473106384,0.0772566422820091,HSN,False,69.62347319126128,0.9541972944528171,0.0083118231224113,False
HSNL,0.1832674518227577,0.6102403402328491,0.0696049137040972,HSN,False,70.05559105873108,0.8902452962219124,0.007754749967089829,False
HSNL,0.1662124022841453,0.6102403402328491,0.0696049137040972,HSN,False,70.05559105873108,0.4955706744457701,0.0043168177216530495,False
HSNL,0.1747399270534515,0.6140044331550598,0.0619531851261854,HSN,False,70.48770892620087,0.9317003409600246,0.008115856628571644,False
HSNL,0.1747399270534515,0.6167734861373901,0.088101077824831,HSN,False,70.80559620857238,1.5615147990494385,0.013602045287887094,False
HSNL,0.1610267609357834,0.6228265464305878,0.0757962008938193,HSN,False,71.50048753023147,0.6447474234215226,0.0056162667545428795,False
HSNL,0.1884530931711197,0.6228265464305878,0.0757962008938193,HSN,False,71.50048753023147,0.26306237066477156,0.0022914840650241426,False
HSNL,0.1747399270534515,0.6288796067237854,0.0634913239628076,HSN,False,72.19537885189057,0.870079659280133,0.00757909110871196,False
HSNL,0.1747399270534515,0.6351315677165985,0.0818492025136947,HSN,False,72.9131039738655,1.0858750933875607,0.009458842276895129,False
HSNL,0.020061507821083,-2.0467770099639893,-0.11779304593801496,HSN,True,-234.97000074386597,1.0680095416251203,0.009303219003703138,False
HSNL,0.020061507821083,-1.968068599700928,-0.17282983660697931,HSN,True,-225.93427524566653,0.8141049005082127,0.0070915061019879155,False
HSNL,0.020061507821083,-1.8100049495697021,-0.27842812736829115,HSN,True,-207.7885682106018,1.0900983508489206,0.009495630233875615,False
HSNL,0.020061507821083,-1.7312655448913574,-0.3323144192496935,HSN,True,-198.74928455352781,1.0394650908461482,0.009054573962074462,False
HSNL,0.020061507821083,-1.4174288908640544,-0.49938985705375666,HSN,True,-162.72083667119344,2.077716760159492,0.01809857805016979,False
HSNL,0.020061507821083,-1.3437398274739583,-0.53404600918293,HSN,True,-154.2613321940104,4.066316866429041,0.03542087862743067,False
HSNL,0.020061507821083,-0.8507509529590607,-0.6541332900524139,HSN,True,-97.66620939970016,7.794677878041401,0.06789789092370559,False
HSNL,0.020061507821083,-0.7691070735454559,-0.6603513956069946,HSN,True,-88.29349204301833,8.44776139336232,0.07358677171918397,False
HSNL,0.020061507821083,-0.6257032553354899,-0.6618675192197164,HSN,True,-71.83073371251423,8.608461848226453,0.07498660146538721,False
HSNL,0.020061507821083,-0.5641594429810842,-0.6605401734511057,HSN,True,-64.76550405422847,8.829913800358286,0.07691562543866103,False
HSNL,0.020061506579319568,-0.4192595655719439,-0.6383413374423981,HSN,True,-48.130998127659154,8.15342633297292,0.0710228774649209,False
HSNL,0.020061505337556133,-0.33638448019822437,-0.6141975820064545,HSN,True,-38.616938326756156,6.32852496736404,0.05512652410595854,False
HSNL,0.020061502854029266,-0.1679073236882687,-0.5658858915170034,HSN,True,-19.275760759413245,3.98739894084914,0.03473344025129913,False
HSNL,0.020061501612265834,-0.0833245031535626,-0.5384979049364725,HSN,True,-9.565652962028986,3.1031273630659824,0.027030726159111344,False
HSNL,0.0200615003705024,0.061334052433570194,-0.48300450046857196,HSN,True,7.041149219373858,7.724467089810496,0.06728629869172906,False
HSNL,0.0200615003705024,0.12054937581221259,-0.4516289333502451,HSN,True,13.839068343242005,12.131263975904984,0.10567303114899812,False
HSNR,-0.0341338701546192,-2.754892885684967,0.5309135317802429,HSN,False,-316.2617032766342,51.11626090741936,0.44526359675452404,False
HSNR,-0.0070864520967006,-2.754892885684967,0.5309135317802429,HSN,False,-316.2617032766342,51.11655428606196,0.4452661523176129,False
HSNR,-0.0344438701868057,-2.7535144090652466,0.5325790643692017,HSN,False,-316.1034541606903,51.01109127575306,0.44434748498042737,False
HSNR,-0.0067764520645141,-2.7535144090652466,0.5325790643692017,HSN,False,-316.1034541606903,51.01179984029104,0.4443536571453923,False
HSNR,-0.0338238701224327,-2.753170073032379,0.5296075940132141,HSN,False,-316.0639243841171,50.887697373375126,0.4432726252036161,False
HSNR,-0.0073964521288871,-2.753170073032379,0.5296075940132141,HSN,False,-316.0639243841171,50.88759646063656,0.44327174617279236,False
HSNR,-0.0591676421463489,-2.7530134320259094,0.5193765759468079,HSN,False,-316.0459419965744,50.58982675471074,0.44067793340340367,False
HSNR,0.0179473012685775,-2.7530134320259094,0.5193765759468079,HSN,False,-316.0459419965744,50.59086821234692,0.44068700533403243,False
HSNR,-0.0341338701546192,-2.7517915964126587,0.5312731266021729,HSN,False,-315.9056752681732,50.782081294752274,0.442352624518748,False
HSNR,-0.0070864520967006,-2.7517915964126587,0.5312731266021729,HSN,False,-315.9056752681732,50.78239662600975,0.44235537130670516,False
HSNR,-0.0600068196654319,-2.7516499161720276,0.5208214521408081,HSN,False,-315.88941037654877,50.476165908921615,0.4396878563494914,False
HSNR,0.0187864750623703,-2.7516499161720276,0.5208214521408081,HSN,False,-315.88941037654877,50.47628781731475,0.43968891826929224,False
HSNR,0.0171605497598648,-2.751326262950897,0.5182773172855377,HSN,False,-315.852254986763,50.37398684968371,0.43879779485787207,False
HSNR,-0.0583809129893779,-2.751326262950897,0.5182773172855377,HSN,False,-315.852254986763,50.372058478105934,0.43878099719604474,False
HSNR,0.0179997235536575,-2.7499627470970154,0.519722193479538,HSN,False,-315.69572336673735,50.2589256375675,0.4377955194910061,False
HSNR,-0.059220090508461,-2.7499627470970154,0.519722193479538,HSN,False,-315.69572336673735,50.25791877212281,0.43778674888608715,False
HSNR,0.0371033363044261,-2.7497565746307373,0.4979311376810074,HSN,False,-315.67205476760864,49.72144368186845,0.43311362092219907,False
HSNR,-0.0783236548304557,-2.7497565746307373,0.4979311376810074,HSN,False,-315.67205476760864,49.722164225935245,0.43311989743846036,False
HSNR,0.0383270308375358,-2.748444080352783,0.49894879758358,HSN,False,-315.5213804244995,49.59495085844073,0.43201176705958827,False
HSNR,-0.0795473530888557,-2.748444080352783,0.49894879758358,HSN,False,-315.5213804244995,49.59422550073319,0.43200544861265844,False
HSNR,-0.0772600397467613,-2.748132586479187,0.4972054809331894,HSN,False,-315.48562092781066,49.523287142917056,0.43138751866652486,False
HSNR,0.0360397174954414,-2.748132586479187,0.4972054809331894,HSN,False,-315.48562092781066,49.52309631837034,0.43138585643179744,False
HSNR,-0.0784837380051612,-2.746820092201233,0.498223140835762,HSN,False,-315.3349465847015,49.39664225266661,0.43028434018002276,False
HSNR,0.0372634120285511,-2.746820092201233,0.498223140835762,HSN,False,-315.3349465847015,49.39611997394583,0.43027979071381384,False
HSNR,0.0474577993154525,-2.7457334399223328,0.4699125289916992,HSN,False,-315.2101989030838,48.78120485162519,0.4249233872092787,False
HSNR,-0.0886781681329011,-2.7457334399223328,0.4699125289916992,HSN,False,-315.2101989030838,48.78110906713962,0.42492255284964825,False
HSNR,-0.0901544466614723,-2.7444719672203064,0.4702729284763336,HSN,False,-315.06538183689116,48.641532194964036,0.42370672643696894,False
HSNR,0.0489340797066688,-2.7444719672203064,0.4702729284763336,HSN,False,-315.06538183689116,48.643369233397216,0.423722728513913,False
HSNR,-0.0874615684151649,-2.744172751903534,0.4697355926036834,HSN,False,-315.0310319185257,48.60185130760373,0.42336107410804646,False
HSNR,0.0462412238121032,-2.744172751903534,0.4697355926036834,HSN,False,-315.0310319185257,48.60052277196239,0.4233495014979302,False
HSNR,0.0477175042033195,-2.7429112792015076,0.4700959920883178,HSN,False,-314.88621485233307,48.46220290186607,0.4221446245807149,False
HSNR,-0.088937846943736,-2.7429112792015076,0.4700959920883178,HSN,False,-314.88621485233307,48.46178778058733,0.4221410085417015,False
HSNR,-0.0888171438127756,-2.7413474321365356,0.4397257268428802,HSN,False,-314.70668520927427,47.98590672147413,0.41799570314872936,False
HSNR,0.0475967526435852,-2.7413474321365356,0.4397257268428802,HSN,False,-314.70668520927427,47.98505529436848,0.4179882865363108,False
HSNR,-0.0902649499475956,-2.7400858402252197,0.4393178820610046,HSN,False,-314.5618544578552,47.8396935544327,0.41672206928948347,False
HSNR,0.0490445643663406,-2.7400858402252197,0.4393178820610046,HSN,False,-314.5618544578552,47.83733029262336,0.41670148338522095,False
HSNR,-0.0876824185252189,-2.739786744117737,0.440165251493454,HSN,False,-314.5275182247162,47.809645234506995,0.41646032434239544,False
HSNR,0.0464620515704155,-2.739786744117737,0.440165251493454,HSN,False,-314.5275182247162,47.80999669703141,0.4164633858626429,False
HSNR,0.0479098632931709,-2.738525152206421,0.4397574067115783,HSN,False,-314.3826874732971,47.661769722079235,0.41517221012264144,False
HSNR,-0.0891302246600389,-2.738525152206421,0.4397574067115783,HSN,False,-314.3826874732971,47.66293196123081,0.41518233415706285,False
HSNR,-0.0784164331853389,-2.737356185913086,0.4114586412906647,HSN,False,-314.2484901428223,47.344179089556846,0.41240574119823037,False
HSNR,0.037196084856987,-2.737356185913086,0.4114586412906647,HSN,False,-314.2484901428223,47.3444711219519,0.4124082850344242,False
HSNR,-0.0795179456472396,-2.735985815525055,0.4105271697044372,HSN,False,-314.0911716222763,47.1810351270649,0.4109846265423772,False
HSNR,0.038297601044178,-2.735985815525055,0.4105271697044372,HSN,False,-314.0911716222763,47.182753970212985,0.4109995990436671,False
HSNR,-0.0776105672121048,-2.735911011695862,0.4125298261642456,HSN,False,-314.08258414268494,47.18499049446673,0.41101908096225376,False
HSNR,0.0363902002573013,-2.735911011695862,0.4125298261642456,HSN,False,-314.08258414268494,47.18532046585499,0.41102195527748253,False
HSNR,-0.0787120796740055,-2.734540641307831,0.4115983545780182,HSN,False,-313.92526562213897,47.022255915741816,0.409601532367089,False
HSNR,0.0374917164444923,-2.734540641307831,0.4115983545780182,HSN,False,-313.92526562213897,47.02308259335149,0.4096087333915635,False
HSNR,-0.0610588192939758,-2.7342112064361572,0.3870835304260254,HSN,False,-313.8874464988708,46.84259675161243,0.40803655706979475,False
HSNR,0.0183769538998603,-2.7342111468315125,0.389226347208023,HSN,False,-313.88743965625764,46.84482688309651,0.4080559833022344,False
HSNR,0.0177424438297748,-2.732881665229798,0.3905919790267944,HSN,False,-313.7348151683808,46.70065506471892,0.4068001312257746,False
HSNR,-0.0601577386260032,-2.732881665229798,0.3882288634777069,HSN,False,-313.7348151683808,46.697931842613855,0.40677640977886637,False
HSNR,-0.0621294975280761,-2.7327322363853455,0.3863191902637481,HSN,False,-313.71766073703765,46.667299708085004,0.40650957933871956,False
HSNR,0.0192724168300628,-2.7327321767807007,0.3882035911083221,HSN,False,-313.7176538944244,46.66873818449754,0.4065221096210587,False
HSNR,-0.0612284168601036,-2.7314026951789856,0.3874645233154297,HSN,False,-313.5650294065475,46.52212543861156,0.4052449951098568,False
HSNR,0.0186379067599773,-2.7314026951789856,0.3895692229270935,HSN,False,-313.5650294065475,46.52473819555255,0.40526775431665985,False
HSNR,0.000663798302412,-2.728347420692444,0.3643012940883636,HSN,False,-313.21428389549254,46.09480323124267,0.4015226762303369,False
HSNR,-3.475695848464966e-06,-2.727018117904663,0.3656516969203949,HSN,False,-313.0616799354553,45.95341219519681,0.40029104699648793,False
HSNR,-0.0455151014029979,-2.7269318103790283,0.3593078553676605,HSN,False,-313.05177183151244,45.9222526018698,0.40001962196750696,False
HSNR,0.0015838146209716,-2.7268686294555664,0.3633000552654266,HSN,False,-313.044518661499,45.91488401067958,0.3999554356330974,False
HSNR,-0.0443146303296089,-2.725602447986603,0.3602176606655121,HSN,False,-312.899161028862,45.783277840213074,0.3988090404199745,False
HSNR,0.0009165406227111,-2.7255393266677856,0.3646504580974579,HSN,False,-312.89191470146176,45.77341288078464,0.3987231087176363,False
HSNR,-0.0467855297029018,-2.725452840328217,0.3588233590126037,HSN,False,-312.88198606967933,45.74200766032991,0.3984495440795289,False
HSNR,-0.0455850586295127,-2.724123477935791,0.3597331643104553,HSN,False,-312.7293752670288,45.60302589951025,0.39723890156367814,False
HSNR,-0.0101930312812328,-2.7142584919929504,0.3274087905883789,HSN,False,-311.5968748807907,44.34356462058335,0.386267984499855,False
HSNR,-0.0108603425323963,-2.7129291892051697,0.3287592828273773,HSN,False,-311.44427092075347,44.211020346986146,0.38511341765667373,False
HSNR,-0.0092729739844799,-2.712779700756073,0.3264075517654419,HSN,False,-311.4271096467972,44.16085588683943,0.38467644500731213,False
HSNR,-0.0099402852356433,-2.711450397968292,0.3277580440044403,HSN,False,-311.2745056867599,44.02861171140898,0.3835244922596601,False
HSNR,-0.033154159784317,-2.711265742778778,0.3203276693820953,HSN,False,-311.25330727100373,43.92712133869282,0.3826404297795542,False
HSNR,-0.0316880196332931,-2.7100610733032227,0.3214446604251861,HSN,False,-311.11501121520996,43.79882769901293,0.3815228893642242,False
HSNR,-0.0346507467329502,-2.7099812626838684,0.3207492530345917,HSN,False,-311.1058489561081,43.78758061691136,0.38142491826577846,False
HSNR,-0.0331846065819263,-2.708776593208313,0.3218662440776825,HSN,False,-310.96755290031433,43.6621090304423,0.3803319601954904,False
HSNR,-0.014198325574398,-2.7033669352531433,0.3066189885139465,HSN,False,-310.34652416706086,42.868892002668666,0.3734224042044309,False
HSNR,-0.023207850754261,-2.688755452632904,0.277653694152832,HSN,False,-308.6691259622574,41.04678371437347,0.35755038078722534,False
HSNR,-0.0214828364551067,-2.6876763105392456,0.2789667844772339,HSN,False,-308.5452404499054,40.92818922389322,0.35651732773426154,False
HSNR,-0.0249283425509929,-2.6876713633537292,0.2789685726165771,HSN,False,-308.5446725130081,40.929108213496235,0.3565253328701763,False
HSNR,-0.0232033282518386,-2.686592221260071,0.280281662940979,HSN,False,-308.4207870006561,40.810148691027116,0.35548910009605506,False
HSNR,-0.0171198733150959,-2.5775961875915527,0.214656800031662,HSN,False,-295.90804233551023,28.398763700291955,0.24737599042066163,False
HSNR,-0.0154153928160667,-2.5769550800323486,0.2161469757556915,HSN,False,-295.8344431877136,28.304925409573702,0.246558583707088,False
HSNR,-0.018824353814125,-2.5769550800323486,0.2161469757556915,HSN,False,-295.8344431877136,28.30495080172469,0.24655880489307222,False
HSNR,-0.0171198733150959,-2.5763139724731445,0.217637151479721,HSN,False,-295.760844039917,28.21199100146725,0.24574905053542903,False
HSNR,-0.0146345123648643,-2.456518769264221,0.1580704152584076,HSN,False,-282.0083547115326,17.06429942070542,0.1486437231768765,False
HSNR,-0.0163252353668212,-2.4562628269195557,0.1597408056259155,HSN,False,-281.97897253036496,16.94052336401761,0.14756553452977014,False
HSNR,-0.0129437893629074,-2.4562628269195557,0.1597408056259155,HSN,False,-281.97897253036496,16.944066247798265,0.14759639588674447,False
HSNR,-0.0146345123648643,-2.45600688457489,0.1614111959934234,HSN,False,-281.94959034919736,16.823014128547868,0.14654193491766435,False
HSNR,-0.0146345123648643,-2.291851282119751,0.0450313985347747,HSN,False,-263.1045271873474,0.3902772057070253,0.0033996272274131123,False
HSNR,-0.0129437893629074,-2.2915433645248413,0.0466938465833663,HSN,False,-263.06917824745176,0.38680454990804264,0.003369377612439396,False
HSNR,-0.0163252353668212,-2.2915433645248413,0.0466938465833663,HSN,False,-263.06917824745176,0.6486633701709171,0.005650377788945271,False
HSNR,-0.0146345123648643,-2.2912354469299316,0.048356294631958,HSN,False,-263.0338293075561,0.6485290223201928,0.005649207511499938,False
HSNR,-0.0146345123648643,-2.126101016998291,-0.0699116885662078,HSN,False,-244.0763967514038,1.1471341628074436,0.009992457864176338,False
HSNR,-0.0129437893629074,-2.1257930994033813,-0.068249225616455,HSN,False,-244.04104781150818,0.992145482409232,0.008642382250951498,False
HSNR,-0.0163252353668212,-2.1257930994033813,-0.068249225616455,HSN,False,-244.04104781150818,1.0062113086723066,0.008764906869967828,False
HSNR,-0.0146345123648643,-2.1254851818084717,-0.0665867626667022,HSN,False,-244.00569887161254,0.9170727376677404,0.00798843848142631,False
HSNR,-0.0146345123648643,-1.889359951019287,-0.2316971570253372,HSN,False,-216.89852237701416,0.4485711317480964,0.003907414039617564,False
HSNR,-0.0129437893629074,-1.8890519738197329,-0.2300347164273262,HSN,False,-216.86316659450534,0.25537045465722685,0.0022244813123451818,False
HSNR,-0.0163252353668212,-1.8890519738197329,-0.2300347164273262,HSN,False,-216.86316659450534,0.6431271170120417,0.005602152587212907,False
HSNR,-0.0146345123648643,-1.8887439966201784,-0.2283722758293151,HSN,False,-216.82781081199647,0.450228752290189,0.003921853242945897,False
HSNR,-0.0146345123648643,-1.6525259017944336,-0.3900313079357147,HSN,False,-189.70997352600097,0.37155642937720784,0.0032365542628676643,False
HSNR,-0.0163252353668212,-1.6522179245948792,-0.3883688673377037,HSN,False,-189.67461774349212,0.6426198435970292,0.005597733829242415,False
HSNR,-0.0129437893629074,-1.6522179245948792,-0.3883688673377037,HSN,False,-189.67461774349212,0.4294529640221292,0.0037408794775446795,False
HSNR,-0.0146345123648643,-1.6519099473953247,-0.3867064267396927,HSN,False,-189.63926196098328,0.6758966260173639,0.005887601271928257,False
HSNR,-0.0146345123648643,-1.4917336106300354,-0.4718891084194183,HSN,False,-171.25101850032806,1.3556807428392836,0.011809065704174945,False
HSNR,-0.0129437893629074,-1.4914257526397705,-0.4702267199754715,HSN,False,-171.21567640304565,1.1047661114726421,0.009623398183559602,False
HSNR,-0.0163252353668212,-1.4914257526397705,-0.4702267199754715,HSN,False,-171.21567640304565,1.2905974218041307,0.011242137820593474,False
HSNR,-0.0146345123648643,-1.4911178946495056,-0.4685643315315246,HSN,False,-171.18033430576324,1.0226315742839105,0.008907940542542774,False
HSNR,-0.0146345123648643,-1.2700506448745728,-0.5725327134132385,HSN,False,-145.80181403160094,3.3768685562122815,0.029415231325890957,False
HSNR,-0.0163252353668212,-1.2697428166866302,-0.5708703100681305,HSN,False,-145.76647535562515,3.2664229201912724,0.028453161325707948,False
HSNR,-0.0129437893629074,-1.2697428166866302,-0.5708703100681305,HSN,False,-145.76647535562515,3.1368494841141787,0.027324472858137445,False
HSNR,-0.0146345123648643,-1.2694349884986875,-0.5692079067230225,HSN,False,-145.73113667964932,3.0172171261727345,0.02628237914784612,False
HSNR,-0.0146345123648643,-1.1044244766235352,-0.6227510273456573,HSN,False,-126.78792991638183,4.4618072858167555,0.038865917123839334,False
HSNR,-0.0129437893629074,-1.1042165458202362,-0.6210761219263077,HSN,False,-126.76405946016311,4.236559924737293,0.03690383209701475,False
HSNR,-0.0163252353668212,-1.1042165458202362,-0.6210761219263077,HSN,False,-126.76405946016311,4.319404528672661,0.03762547498843781,False
HSNR,-0.0146345123648643,-1.1040086150169373,-0.619401216506958,HSN,False,-126.7401890039444,4.086143416586197,0.035593583768172454,False
HSNR,-0.0146345123648643,-0.9326109290122986,-0.6551203727722168,HSN,False,-107.06373465061188,7.221180595485351,0.062902269995517,False
HSNR,-0.0129437893629074,-0.9325029253959656,-0.6534330695867538,HSN,False,-107.05133583545684,7.011552356330322,0.061076240037720574,False
HSNR,-0.0163252353668212,-0.9325029253959656,-0.6534330695867538,HSN,False,-107.05133583545684,7.050625008155581,0.0614165941476967,False
HSNR,-0.0146345123648643,-0.9323949217796326,-0.6517457664012909,HSN,False,-107.03893702030182,6.835746174630983,0.059544827305147936,False
HSNR,-0.0146345123648643,-0.6874630749225616,-0.670400083065033,HSN,False,-78.92076100111008,8.968494864820583,0.07812277756812355,False
HSNR,-0.0129437893629074,-0.6873550862073898,-0.6687127500772476,HSN,False,-78.90836389660835,8.76188944241609,0.07632307876669067,False
HSNR,-0.0163252353668212,-0.6873550862073898,-0.6687127500772476,HSN,False,-78.90836389660835,8.79318788387864,0.07659571327420418,False
HSNR,-0.0146345123648643,-0.687247097492218,-0.6670254170894623,HSN,False,-78.89596679210662,8.58234570372752,0.07475910891748712,False
HSNR,-0.0146345123648643,-0.5026155263185501,-0.6630434989929199,HSN,False,-57.70026242136955,8.98555429350801,0.07827137886331019,False
HSNR,-0.0163252353668212,-0.502375029027462,-0.6646795719861984,HSN,False,-57.67265333235264,9.184635821055789,0.08000553851093893,False
HSNR,-0.0129437893629074,-0.502375029027462,-0.6646795719861984,HSN,False,-57.67265333235264,9.16575788239269,0.07984109653652169,False
HSNR,-0.0146345123648643,-0.5021345317363739,-0.6663156449794769,HSN,False,-57.645044243335725,9.36075181889701,0.08153964999039207,False
HSNR,-0.0146345049142837,-0.2535092495381832,-0.5938845872879028,HSN,False,-29.102861846983433,3.792660331130446,0.033037110898348834,False
HSNR,-0.0129437893629074,-0.2529996298253536,-0.5954945236444473,HSN,False,-29.044357503950597,3.986037672507932,0.0347215825131353,False
HSNR,-0.01632522046566,-0.2529996298253536,-0.5954945236444473,HSN,False,-29.044357503950597,3.9783095324968687,0.034654264220356,False
HSNR,-0.0146345049142837,-0.252490010112524,-0.5971044600009918,HSN,False,-28.985853160917753,4.162228126720367,0.03625634256725059,False
HSNR,-0.0146344974637031,0.0012583993375301,-0.5149406045675278,HSN,False,0.14446424394845547,3.0738165683354075,0.026775405647520973,False
HSNR,-0.0163252055644989,0.0016886536031961,-0.5165756717324257,HSN,False,0.1938574336469123,3.2033728766178684,0.027903944918274116,False
HSNR,-0.0129437893629074,0.0016886536031961,-0.5165756717324257,HSN,False,0.1938574336469123,3.3138099396445653,0.02886594024080632,False
HSNR,-0.0146344974637031,0.0021189078688621,-0.5182107388973236,HSN,False,0.2432506233453691,3.4336144606045194,0.029909533628959227,False
HSNR,-0.0146344974637031,0.1795714870095253,-0.4254364520311355,HSN,False,20.614806708693504,13.844831513305486,0.12059957764203386,False
HSNR,-0.0129437893629074,0.179940989241004,-0.4270851537585258,HSN,False,20.657225564867257,14.076838170515469,0.1226205415550128,False
HSNR,-0.0163252055644989,0.179940989241004,-0.4270851537585258,HSN,False,20.657225564867257,13.982353250980664,0.12179750218624272,False
HSNR,-0.0146344974637031,0.1803104914724826,-0.4287338554859161,HSN,False,20.699644421041,14.21198502191602,0.1237977789365507,False
HSNR,-0.0303934589028358,0.3409304693341255,-0.3293520659208298,HSN,False,39.13881787955761,18.569803269149016,0.16175786819816218,False
HSNR,-0.0287014208734035,0.3411959707736969,-0.3277887254953384,HSN,False,39.1692974448204,19.049304466866012,0.16593470789952972,False
HSNR,-0.0293759927153587,0.3420141413807869,-0.3309154137969017,HSN,False,39.26322343051434,19.396331693248243,0.1689575931467617,False
HSNR,-0.0276839546859264,0.3422796428203583,-0.3293520733714103,HSN,False,39.29370299577713,19.24204363919271,0.16761362055045914,False
HSNR,-0.0758102517575025,0.3897008672356605,-0.2747985795140266,HSN,False,44.737659558653824,15.535457106671464,0.13532628141699882,False
HSNR,-0.0741170737892389,0.3904648348689079,-0.2733190841972828,HSN,False,44.82536304295062,15.378337006159535,0.1339576394264768,False
HSNR,-0.0753698535263538,0.3914424851536751,-0.2762780711054802,HSN,False,44.9375972956419,15.707965407899199,0.13682896696776306,False
HSNR,-0.0736766755580902,0.3922064527869224,-0.2747985757887363,HSN,False,45.02530077993869,15.55136515199212,0.1354648532403495,False
HSNR,-0.119317578151822,0.4476318135857582,-0.2200306020677089,HSN,False,51.38813219964504,12.261374219742937,0.10680639564236008,False
HSNR,-0.1208807546645402,0.4477379024028778,-0.221586275845766,HSN,False,51.40031119585037,12.417722275628917,0.10816831250547837,False
HSNR,-0.118258036673069,0.4490237385034561,-0.2212635278701782,HSN,False,51.54792518019676,12.417449682371993,0.10816593799975605,False
HSNR,-0.1198212131857872,0.4491298273205757,-0.2228192016482353,HSN,False,51.56010417640209,12.57213129863681,0.10951333883829974,False
HSNR,-0.1337013281881809,0.5183737576007843,-0.1700353994965553,HSN,False,59.509307372570035,10.838934852496902,0.09441580881965943,False
HSNR,-0.1321782544255256,0.5190597772598267,-0.1712986417114734,HSN,False,59.5880624294281,10.985713591103798,0.09569436926048604,False
HSNR,-0.1351665407419204,0.519262857735157,-0.1716213524341583,HSN,False,59.61137606799603,11.021933234285589,0.09600987137879433,False
HSNR,-0.1336434669792652,0.5199488773941994,-0.1728845946490764,HSN,False,59.690131124854084,11.166037439283986,0.09726513448853646,False
HSNR,-0.156087439507246,0.5743720978498459,-0.1212265379726886,HSN,False,65.9379168331623,8.538027017701452,0.07437305764548303,False
HSNR,-0.1545759737491607,0.5751423984766006,-0.1225008182227611,HSN,False,66.02634734511375,8.63079372193177,0.07518112998198406,False
HSNR,-0.1576661132276058,0.5754968971014023,-0.1224979273974895,HSN,False,66.06704378724098,8.730898700031767,0.07605312456473665,False
HSNR,-0.1561546474695205,0.576267197728157,-0.123772207647562,HSN,False,66.15547429919242,8.820492991265873,0.0768335626416888,False
HSNR,-0.1930279806256294,0.5876324474811554,-0.0712777599692344,HSN,False,67.46020497083664,2.731732885983564,0.02379558263051885,False
HSNR,-0.2163213975727558,0.5882309377193451,-0.0261722235009074,HSN,False,67.52891165018082,0.8157420654790195,0.007105767120897383,False
HSNR,-0.220481239259243,0.5887280404567719,0.0220907116308808,HSN,False,67.58597904443741,0.7422438580711502,0.006465538833372389,False
HSNR,-0.191395603120327,0.5893808454275131,-0.0711041092872619,HSN,False,67.6609210550785,4.147673091317674,0.03612955654457904,False
HSNR,-0.1947122812271118,0.589403048157692,-0.072440031915903,HSN,False,67.66346992850303,4.400446290596547,0.03833141368115459,False
HSNR,-0.2144357077777385,0.5904002040624619,-0.0251710922457277,HSN,False,67.77794342637061,0.6018113102514515,0.005242258800099752,False
HSNR,-0.2182092145085334,0.5904003530740738,-0.0271693672984838,HSN,False,67.77796053290366,1.0436434576358928,0.009090970885330077,False
HSNR,-0.222599558532238,0.5908360779285431,0.0214025164023041,HSN,False,67.82798174619674,0.7962760044627816,0.006936202129466738,False
HSNR,-0.2183636203408241,0.5908361375331879,0.0220620040781795,HSN,False,67.82798858880996,0.5191028037420936,0.004521801426324857,False
HSNR,-0.1930799037218094,0.5911514461040497,-0.0722663812339305,HSN,False,67.8641860127449,4.326365638561028,0.037686111834155295,False
HSNR,-0.2163235247135162,0.5925696194171906,-0.0261682360433042,HSN,False,68.02699230909347,0.8159598041612593,0.007107663799314106,False
HSNR,-0.2204819396138191,0.5929441750049591,0.0213738088496029,HSN,False,68.0699912905693,0.7724564664550108,0.006728714864590687,False
HSNR,-0.2164340876042843,0.5932360589504242,0.0592327825725078,HSN,False,68.10349956750869,0.24045738701514793,0.0020945765419437975,False
HSNR,-0.2141992971301078,0.5951817035675049,0.0581859592348337,HSN,False,68.32685956954955,0.020329295502134935,0.0001770844555935099,False
HSNR,-0.2186688780784607,0.5951817035675049,0.0581859592348337,HSN,False,68.32685956954955,0.4957068706921698,0.004318004100106009,False
HSNR,-0.2164340876042843,0.5971273481845856,0.0571391358971595,HSN,False,68.55021957159042,0.4700615895213729,0.004094613149140879,False
HSNR,-0.2164341062307357,0.6028568148612976,0.0686239749193191,HSN,False,69.20796234607697,1.1527037838746945,0.010040973727131485,False
HSNR,-0.2136130332946777,0.6045166552066803,0.0664373626932501,HSN,False,69.3985120177269,1.1523386161725764,0.01003779282380293,False
HSNR,-0.2192551791667938,0.6045166552066803,0.0664373626932501,HSN,False,69.3985120177269,0.9012276793334073,0.007850415325203896,False
HSNR,-0.2164341062307357,0.606176495552063,0.0642507504671812,HSN,False,69.58906168937683,1.0952390058896861,0.009540409458969392,False
HSNR,-0.2164340876042843,0.6064762771129608,0.0772566199302673,HSN,False,69.6234766125679,1.035263066282666,0.009017970960650401,False
HSNR,-0.2249616086483001,0.6102403849363327,0.0696048727259039,HSN,False,70.05559619069099,0.17836280139897365,0.0015536829390154498,False
HSNR,-0.2079065665602684,0.6102403849363327,0.0696048727259039,HSN,False,70.05559619069099,0.6760132276121039,0.00588861696526223,False
HSNR,-0.2164340876042843,0.6140044927597046,0.0619531255215406,HSN,False,70.48771576881408,1.0626800392571392,0.00925679476704825,False
HSNR,-0.2164340689778328,0.6167733669281006,0.0881009846925735,HSN,False,70.80558252334595,0.901133497067767,0.007849594922193092,False
HSNR,-0.2027209103107452,0.622826486825943,0.075796159915626,HSN,False,71.50048068761825,0.18407299228665802,0.0016034232777583453,False
HSNR,-0.2301472276449203,0.622826486825943,0.075796159915626,HSN,False,71.50048068761825,0.3312434132202287,0.002885395585542062,False
HSNR,-0.2164340689778328,0.6288796067237854,0.0634913351386785,HSN,False,72.19537885189057,1.0774686834744773,0.00938561570970799,False
HSNR,-0.2164340689778328,0.6351313889026642,0.0818491801619529,HSN,False,72.91308344602585,1.0067146202480906,0.008769291117143646,False
HSNR,-0.0146345123648643,-2.04677677154541,-0.1216235607862472,HSN,True,-234.96997337341307,0.8437921925194767,0.00735010620661565,False
HSNR,-0.0146345123648643,-1.9680683612823486,-0.17666035890579218,HSN,True,-225.93424787521363,0.7498126967578888,0.0065314694839537345,False
HSNR,-0.0146345123648643,-1.8100046316782634,-0.2822586198647816,HSN,True,-207.78853171666464,0.6974012064258044,0.006074923400921641,False
HSNR,-0.0146345123648643,-1.7312652667363486,-0.3361449639002482,HSN,True,-198.74925262133283,0.38861630788750184,0.0033851594763719675,False
HSNR,-0.0146345123648643,-1.4174288113911946,-0.5032204588254292,HSN,True,-162.72082754770912,1.2580131922384272,0.010958303068278982,False
HSNR,-0.0146345123648643,-1.3437397281328838,-0.5378765861193339,HSN,True,-154.26132078965506,3.1779636412233945,0.027682610115186364,False
HSNR,-0.0146345123648643,-0.8507509728272756,-0.6579638719558716,HSN,True,-97.66621168057124,7.54611067796864,0.06573267141087666,False
HSNR,-0.0146345123648643,-0.7691070238749187,-0.6641819775104523,HSN,True,-88.29348634084066,8.257074410645055,0.07192573528436459,False
HSNR,-0.0146345123648643,-0.6257032404343287,-0.6656981110572815,HSN,True,-71.83073200186094,8.430499270081219,0.07343640479164824,False
HSNR,-0.0146345123648643,-0.5641593833764394,-0.6643708050251007,HSN,True,-64.76549721161524,8.593184763399828,0.07485352581358735,False
HSNR,-0.014634509881337434,-0.4192594376703104,-0.6421719590822855,HSN,True,-48.13098344455163,7.6847634001161715,0.06694044773620358,False
HSNR,-0.014634507397810567,-0.3363843436042468,-0.6180282731850942,HSN,True,-38.61692264576753,5.462373485647598,0.04758165057184319,False
HSNR,-0.014634502430756834,-0.16790720696250597,-0.5697165081898371,HSN,True,-19.275747359295686,2.5665798656406595,0.022356967470737454,False
HSNR,-0.014634499947229967,-0.08332440381248796,-0.5423285563786825,HSN,True,-9.565641557673617,1.1782497883085223,0.010263499898157861,False
HSNR,-0.0146344974637031,0.06126976758241649,-0.48728597660859424,HSN,True,7.033769318461413,6.153257978152458,0.05359980817205974,False
HSNR,-0.0146344974637031,0.12042062729597089,-0.45636121431986487,HSN,True,13.824288013577458,10.779910165487728,0.09390165649379553,False
NSML,0.0259360068012028,-2.9461312294006348,0.5238260924816132,NSM,False,-338.21586513519287,72.44020373746571,0.6310122276782727,False
NSML,0.0259360109921544,-2.9368786811828613,0.5091786086559296,NSM,False,-337.15367259979246,71.12966720714628,0.6195964042434345,False
NSML,0.0381866684183478,-2.9341812133789062,0.5211285948753357,NSM,False,-336.8440032958984,71.03580587880366,0.6187787968536904,False
NSML,0.0136853505391627,-2.9341812133789062,0.5211285948753357,NSM,False,-336.8440032958984,71.03668654335752,0.6187864681477135,False
NSML,0.0259360079653561,-2.931483745574951,0.5330785810947418,NSM,False,-336.5343339920044,70.97018818210091,0.618207214129799,False
NSML,0.0259360121563076,-2.923773407936096,0.5115992724895477,NSM,False,-335.6491872310638,69.68313631193982,0.6069959609053991,False
NSML,0.0189322889782488,-2.9222312569618225,0.5184310972690582,NSM,False,-335.4721482992172,69.6315887585963,0.6065469404058911,False
NSML,0.0329397348687052,-2.9222312569618225,0.5184310972690582,NSM,False,-335.4721482992172,69.63304766437598,0.60655964864439,False
NSML,0.0259360116906464,-2.920689105987549,0.5252629220485687,NSM,False,-335.29510936737057,69.59011034823133,0.6061856302110744,False
NSML,0.0259360149502754,-2.9017868041992188,0.5106312334537506,NSM,False,-333.1251251220703,67.17208771338875,0.5851227152734212,False
NSML,0.0276098409667611,-2.9014182090759277,0.5122639834880829,NSM,False,-333.0828104019165,67.15940099586035,0.5850122037966929,False
NSML,0.0242621880024671,-2.9014182090759277,0.5122639834880829,NSM,False,-333.0828104019165,67.16077533727322,0.5850241754117876,False
NSML,0.0259360140189528,-2.9010496139526367,0.5138967335224152,NSM,False,-333.0404956817627,67.14808649026563,0.5849136453855891,False
NSML,-0.0272741382941603,-2.8832831382751465,0.4673914387822151,NSM,False,-331.0009042739868,64.46111150041774,0.5615079398991093,False
NSML,-0.010139251127839,-2.8831942677497864,0.4677478298544884,NSM,False,-330.99070193767545,64.4553454276501,0.5614577127844086,False
NSML,-0.0429738350212574,-2.8829158544540405,0.4738675653934479,NSM,False,-330.9587400913238,64.48863495471403,0.5617476912431536,False
NSML,0.0054706369992345,-2.8827253580093384,0.4742608740925789,NSM,False,-330.93687109947206,64.47138020485107,0.5615973885439989,False
NSML,0.0167889797594398,-2.8821440935134888,0.4853402450680733,NSM,False,-330.8701419353485,64.54089227789821,0.5622028944067788,False
NSML,-0.0549664665013551,-2.882088780403137,0.4858137890696525,NSM,False,-330.86379199028016,64.5399358131439,0.562194562832264,False
NSML,-0.0276340972632169,-2.8815855979919434,0.4658718481659889,NSM,False,-330.8060266494751,64.25225693032785,0.5596886492188837,False
NSML,-0.009847352746874,-2.881497859954834,0.4662047699093818,NSM,False,-330.7959543228149,64.24608985310765,0.5596349290340388,False
NSML,-0.0269922725856304,-2.881413996219635,0.468724325299263,NSM,False,-330.7863267660141,64.26061208711636,0.5597614293302818,False
NSML,0.0231345202773809,-2.8813790678977966,0.4967025145888328,NSM,False,-330.78231699466704,64.62103182134423,0.5629009740535212,False
NSML,-0.0104882777668535,-2.8813263177871704,0.4690574929118156,NSM,False,-330.77626128196715,64.25510418690702,0.5597134511054619,False
NSML,-0.0439210664480924,-2.881218373775482,0.4726145565509796,NSM,False,-330.76386930942533,64.28015677125103,0.5599316791920822,False
NSML,0.0062761981971561,-2.881057322025299,0.4728598967194557,NSM,False,-330.74538056850434,64.26530228695661,0.5598022847295873,False
NSML,-0.0421741548925638,-2.881046772003174,0.474980354309082,NSM,False,-330.74416942596434,64.28737625286928,0.5599945666626244,False
NSML,-0.0615870086476206,-2.881018280982971,0.5014380067586899,NSM,False,-330.7408986568451,64.65549249187502,0.5632011541104096,False
NSML,0.0255677462555468,-2.8809030055999756,0.5030554383993149,NSM,False,-330.72766504287716,64.67029214970486,0.5633300709904605,False
NSML,0.0046357254032045,-2.880837917327881,0.4753259643912315,NSM,False,-330.7201929092407,64.26725522344823,0.5598192963715003,False
NSML,0.0179836140014231,-2.8805280923843384,0.4841804206371307,NSM,False,-330.684625005722,64.34068204761824,0.5604589028538175,False
NSML,-0.0563251301646232,-2.8803913593292236,0.48503627628088,NSM,False,-330.66892805099485,64.33584512744925,0.560416769402868,False
NSML,0.0156889522913843,-2.88022118806839,0.4860302358865738,NSM,False,-330.64939239025114,64.33172053534824,0.560380840900246,False
NSML,-0.053797923028469,-2.8802196979522705,0.4865205660462379,NSM,False,-330.64922132492063,64.33690702135264,0.5604260193497618,False
NSML,-0.06171500030905,-2.879798173904419,0.5183689594268799,NSM,False,-330.6008303642273,64.82889950056165,0.5647116681233593,False
NSML,-0.027352231554687,-2.879716455936432,0.4672047346830368,NSM,False,-330.5914491415024,64.05132425301531,0.5579383645733041,False
NSML,0.024547865614295,-2.8797033429145813,0.495949387550354,NSM,False,-330.58994376659393,64.41827344710711,0.5611347861246264,False
NSML,-0.0101963793858885,-2.879629909992218,0.4675144329667091,NSM,False,-330.5815136671066,64.04540961525429,0.557886843338452,False
NSML,0.0217652446590363,-2.879530131816864,0.496888592839241,NSM,False,-330.570059132576,64.41283447809911,0.5610874083458112,False
NSML,-0.0431213863193988,-2.8793492913246155,0.4737273454666137,NSM,False,-330.54929864406586,64.07945118920057,0.5581833727282279,False
NSML,-0.0631487779319286,-2.8793208599090576,0.5012302845716476,NSM,False,-330.5460347175598,64.45846512104595,0.5614848878139891,False
NSML,-0.0578680019825696,-2.87920880317688,0.5308755785226822,NSM,False,-330.5331706047058,65.02880816793677,0.5664530328217489,False
NSML,0.0054412866011261,-2.8791698813438416,0.4739249870181083,NSM,False,-330.528702378273,64.06138351787887,0.5580259888316974,False
NSML,-0.0602293033152818,-2.8791491985321045,0.5016521289944649,NSM,False,-330.5263279914856,64.44763279278304,0.5613905295538593,False
NSML,0.0240082461386919,-2.8790940046310425,0.5028221309185028,NSM,False,-330.51999173164364,64.46197984673091,0.5615155038913843,False
NSML,0.0270864306949079,-2.8790940046310425,0.5026209950447083,NSM,False,-330.51999173164364,64.45698921256958,0.5614720314683762,False
NSML,0.0275268834084272,-2.8787999153137207,0.5057409703731537,NSM,False,-330.4862302780151,64.4776704722539,0.5616521818140584,False
NSML,0.0243451511487364,-2.8787999153137207,0.5057409703731537,NSM,False,-330.4862302780151,64.4790310225194,0.5616640332972073,False
NSML,0.0168835865333676,-2.8786051869392395,0.4848704114556312,NSM,False,-330.4638754606247,64.13106136210006,0.5586329386942513,False
NSML,-0.0551565866917371,-2.878522276878357,0.4857430532574653,NSM,False,-330.4543573856354,64.13238301070137,0.5586444513127298,False
NSML,0.0259360168129205,-2.878502130508423,0.5073028206825256,NSM,False,-330.4520445823669,64.47215748557606,0.5616041592820215,False
NSML,-0.0632100831717252,-2.878100752830506,0.5188008844852448,NSM,False,-330.40596642494205,64.64508205848152,0.5631104708926962,False
NSML,-0.0604019612073898,-2.877929091453552,0.518023818731308,NSM,False,-330.3862596988677,64.61170661250735,0.562819744011388,False
NSML,0.0231785899959504,-2.8778544068336487,0.4961354658007622,NSM,False,-330.37768590450287,64.21134024479268,0.5593322320974973,False
NSML,-0.05905781686306,-2.8775113821029663,0.5319008827209473,NSM,False,-330.33830666542053,64.86169170435241,0.5649973144978433,False
NSML,-0.0617910725995898,-2.877451777458191,0.5014444068074226,NSM,False,-330.3314640522003,64.25043130059242,0.55967274652084,False
NSML,-0.0568086821585893,-2.877339720726013,0.5300064980983734,NSM,False,-330.3185999393463,64.79853278548897,0.5644471496993814,False
NSML,0.0255269305780529,-2.87728500366211,0.5023876875638962,NSM,False,-330.3123184204102,64.24819156396791,0.5596532366199295,False
NSML,-0.0533117111772298,-2.8771989941596985,0.5356509238481522,NSM,False,-330.3024445295334,64.91338041222718,0.5654475645664389,False
NSML,-0.061897044070065,-2.8762316703796387,0.5184557437896729,NSM,False,-330.1913957595825,64.42748642085846,0.56121503850922,False
NSML,-0.0545410756021738,-2.8759260773658752,0.5370807200670242,NSM,False,-330.15631368160246,64.80387149186063,0.5644936541102843,False
NSML,-0.0536651350557804,-2.875777244567871,0.5344144552946091,NSM,False,-330.1392276763916,64.72438778948626,0.5638012873648629,False
NSML,-0.0579984970390796,-2.8756422996520996,0.5310318022966385,NSM,False,-330.123736000061,64.63102912541048,0.562988058583715,False
NSML,-0.0548944994807243,-2.874504327774048,0.5358442515134811,NSM,False,-329.9930968284607,64.61465572443244,0.5628454331396554,False
NSML,-0.0486366730183362,-2.870111107826233,0.5346555709838867,NSM,False,-329.4887551784515,64.09311933237473,0.5583024332088391,False
NSML,-0.0503685846924781,-2.8697094917297363,0.5332642197608948,NSM,False,-329.44264965057374,64.01606045915811,0.5576311886686247,False
NSML,-0.0502204913645982,-2.8695420622825623,0.5362430214881897,NSM,False,-329.4234287500381,64.06783596249477,0.5580821947952506,False
NSML,-0.0519524030387401,-2.8691404461860657,0.5348516702651978,NSM,False,-329.3773232221603,63.99016808616337,0.5574056453498551,False
NSML,-0.0481908544898033,-2.8440465331077576,0.5180614590644836,NSM,False,-326.49654200077055,60.784893409595774,0.5294851342299284,False
NSML,-0.0463225245475769,-2.8439345955848694,0.5194531083106995,NSM,False,-326.483691573143,60.80217977350087,0.5296357123127253,False
NSML,-0.0498882289975881,-2.843824326992035,0.5196452140808105,NSM,False,-326.4710327386856,60.79466663438832,0.5295702668500725,False
NSML,-0.0480198990553617,-2.8437123894691467,0.5210368633270264,NSM,False,-326.458182311058,60.811745995474936,0.5297190417724298,False
NSML,0.0259360177442431,-2.836464047431946,0.4882764667272568,NSM,False,-325.6260726451874,59.3801844072376,0.5172489930944042,False
NSML,0.0275268834084272,-2.8361663222312927,0.4898383095860481,NSM,False,-325.5918937921524,59.370032650983376,0.5171605631618761,False
NSML,0.0243451511487364,-2.8361663222312927,0.4898383095860481,NSM,False,-325.5918937921524,59.371510247367695,0.51717343421052,False
NSML,0.0259360168129205,-2.8358685970306396,0.4914001524448395,NSM,False,-325.55771493911743,59.36135637236936,0.5170849858220328,False
NSML,-0.0480791591107845,-2.7740960121154785,0.4880652502179146,NSM,False,-318.4662221908569,52.28784512660218,0.45546903420385176,False
NSML,-0.0462108273059129,-2.774043381214142,0.489461675286293,NSM,False,-318.4601801633835,52.30625858335735,0.455629430168618,False
NSML,-0.0497765336185693,-2.7739412784576416,0.4896584823727608,NSM,False,-318.4484587669372,52.29892415965439,0.4555655414604041,False
NSML,-0.0479082018136978,-2.773888647556305,0.4910549074411392,NSM,False,-318.4424167394638,52.317097356921884,0.45572384457249027,False
NSML,0.0259360177442431,-2.707043170928955,0.4419584572315216,NSM,False,-310.768556022644,44.06957504813675,0.38388131575032014,False
NSML,0.0243451511487364,-2.706692934036255,0.4435102790594101,NSM,False,-310.728348827362,44.041683399151836,0.38363835713546895,False
NSML,0.0275268834084272,-2.706692934036255,0.4435102790594101,NSM,False,-310.728348827362,44.039691467546305,0.3836210058148633,False
NSML,0.0259360168129205,-2.7063426971435547,0.4450621008872986,NSM,False,-310.6881416320801,44.011780868969375,0.3833778821338796,False
NSML,-0.048069879412651,-2.68507719039917,0.4580388814210892,NSM,False,-308.2468614578247,41.7077449898286,0.36330788318666024,False
NSML,-0.0462015476077795,-2.6850245594978333,0.4594353139400482,NSM,False,-308.2408194303512,41.719068832202545,0.3634065229285936,False
NSML,-0.0497672520577907,-2.684922456741333,0.4596321061253547,NSM,False,-308.229098033905,41.710866777523556,0.36333507645926444,False
NSML,-0.0478989202529192,-2.6848698258399963,0.4610285386443138,NSM,False,-308.2230560064316,41.72189339115648,0.36343112710066616,False
NSML,-0.0480750985443592,-2.640965700149536,0.4430538490414619,NSM,False,-303.1828623771667,36.50855480441391,0.31801877007329193,False
NSML,-0.0462067686021328,-2.6409130692481995,0.4444502741098404,NSM,False,-303.1768203496933,36.514773166250144,0.3180729369882417,False
NSML,-0.0497724711894989,-2.640810966491699,0.4446470737457275,NSM,False,-303.1650989532471,36.50596997644227,0.317996254150194,False
NSML,-0.0479041412472724,-2.6407583355903625,0.446043498814106,NSM,False,-303.1590569257736,36.51185010223927,0.31804747475818185,False
NSML,-0.0478776860982179,-2.637031853199005,0.4431838989257812,NSM,False,-302.73125674724577,36.059275773191864,0.31410518966195006,False
NSML,0.0259360177442431,-2.606862187385559,0.4081552624702453,NSM,False,-299.2677791118622,32.35870840282586,0.28187028225458066,False
NSML,0.0243451511487364,-2.606511950492859,0.4097070768475532,NSM,False,-299.2275719165802,32.32907114387517,0.2816121179780067,False
NSML,0.0275268834084272,-2.606511950492859,0.4097070768475532,NSM,False,-299.2275719165802,32.32759614967961,0.28159926959651227,False
NSML,0.0259360168129205,-2.6061617136001587,0.4112588912248611,NSM,False,-299.1873647212982,32.29838506425235,0.2813448176328602,False
NSML,0.0259360172785818,-2.59497594833374,0.4066851437091827,NSM,False,-297.90323886871334,30.987569594293,0.2699265644102178,False
NSMR,-0.0632770843803882,-2.9461312294006348,0.5238259732723236,NSM,False,-338.21586513519287,72.43873712147298,0.6309994522776392,False
NSMR,-0.0632770881056785,-2.9368786811828613,0.50917848944664,NSM,False,-337.15367259979246,71.12850195727553,0.6195862539832363,False
NSMR,-0.0755277425050735,-2.9341812133789062,0.5211284756660461,NSM,False,-336.8440032958984,71.0347299304176,0.6187694244809896,False
NSMR,-0.0510264299809932,-2.9341812133789062,0.5211284756660461,NSM,False,-336.8440032958984,71.03579161690867,0.6187786726211557,False
NSMR,-0.0632770843803882,-2.931483745574951,0.5330784618854523,NSM,False,-336.5343339920044,70.968444776101,0.618192027666385,False
NSMR,-0.0632770871743559,-2.923773407936096,0.5115991532802582,NSM,False,-335.6491872310638,69.68186346789511,0.6069848734137205,False
NSMR,-0.0562733653932809,-2.9222312569618225,0.5184309780597687,NSM,False,-335.4721482992172,69.63035036276487,0.6065361529857567,False
NSMR,-0.0702808089554309,-2.9222312569618225,0.5184309780597687,NSM,False,-335.4721482992172,69.63138760638236,0.6065451882089056,False
NSMR,-0.0632770871743559,-2.920689105987549,0.5252628028392792,NSM,False,-335.29510936737057,69.58850024147176,0.6061716048908691,False
NSMR,-0.0632770862430334,-2.9017868041992188,0.5106311291456223,NSM,False,-333.1251251220703,67.17074809634637,0.5851110461354214,False
NSMR,-0.0649509169161319,-2.9014182090759277,0.5122638642787933,NSM,False,-333.0828104019165,67.15821191019114,0.5850018459075883,False
NSMR,-0.0616032555699348,-2.9014182090759277,0.5122638791799545,NSM,False,-333.0828104019165,67.15920135594406,0.5850104647730319,False
NSMR,-0.0632770862430334,-2.9010496139526367,0.5138966143131256,NSM,False,-333.0404956817627,67.14666301434049,0.5849012457695165,False
NSMR,-0.0100669329985976,-2.8832831382751465,0.4673913717269897,NSM,False,-331.0009042739868,64.4619535024651,0.5615152744117169,False
NSMR,-0.027201822027564,-2.8831942677497864,0.4677477478981018,NSM,False,-330.99070193767545,64.45445155630928,0.5614499264486871,False
NSMR,0.0056327600032091,-2.8829158544540405,0.4738675206899643,NSM,False,-330.9587400913238,64.48887856489996,0.5617498132831007,False
NSMR,-0.042811706662178,-2.8827253580093384,0.4742607697844505,NSM,False,-330.93687109947206,64.47139945598548,0.5615975562368073,False
NSMR,-0.0541300503537058,-2.8821440935134888,0.4853401407599449,NSM,False,-330.8701419353485,64.54008756554707,0.562195884717309,False
NSMR,0.0176253877580165,-2.882088780403137,0.4858137592673301,NSM,False,-330.86379199028016,64.54065483023317,0.5622008260473272,False
NSMR,-0.0097069786861538,-2.881585657596588,0.4658717811107635,NSM,False,-330.8060334920883,64.25287363123282,0.5596940211779862,False
NSMR,-0.0274937227368354,-2.881497859954834,0.4662046879529953,NSM,False,-330.7959543228149,64.2453953071608,0.559628878982237,False
NSMR,-0.0103488005697727,-2.881413996219635,0.4687242731451988,NSM,False,-330.7863267660141,64.26165523846508,0.5597705160145042,False
NSMR,-0.0604755980893969,-2.8813790678977966,0.4967024251818657,NSM,False,-330.78231699466704,64.62047329457306,0.5628961088377444,False
NSMR,-0.0268527967855334,-2.8813263177871704,0.4690574184060097,NSM,False,-330.77626128196715,64.25397171960141,0.5597035864076778,False
NSMR,0.0065799923613667,-2.881218433380127,0.472614511847496,NSM,False,-330.76387615203856,64.28078236155528,0.5599371285849764,False
NSMR,-0.0436172680929303,-2.881057322025299,0.4728597998619079,NSM,False,-330.74538056850434,64.26464134109774,0.5597965273614786,False
NSMR,0.0048330817371606,-2.881046772003174,0.474980317056179,NSM,False,-330.74416942596434,64.28728691448099,0.5599937884536671,False
NSMR,0.0242459308356046,-2.881018280982971,0.5014379769563675,NSM,False,-330.7408986568451,64.65688813127223,0.5632133112480159,False
NSMR,-0.0629088208079338,-2.8809030055999756,0.5030553489923477,NSM,False,-330.72766504287716,64.66901054162041,0.5633189071569722,False
NSMR,-0.041976798325777,-2.880837917327881,0.4753258675336838,NSM,False,-330.7201929092407,64.26731259538391,0.5598197961270376,False
NSMR,-0.0553246838971972,-2.8805280923843384,0.484180323779583,NSM,False,-330.684625005722,64.34003983232269,0.5604533086439258,False
NSMR,0.0189840532839298,-2.8803913593292236,0.485036239027977,NSM,False,-330.66892805099485,64.33639262938922,0.5604215385835298,False
NSMR,-0.0530300261452794,-2.88022118806839,0.486030139029026,NSM,False,-330.64939239025114,64.33076423361258,0.5603725107457542,False
NSMR,0.0164568480104208,-2.8802196979522705,0.4865205362439155,NSM,False,-330.64922132492063,64.3377855853885,0.5604336723465898,False
NSMR,0.024373922497034,-2.879798173904419,0.5183689445257187,NSM,False,-330.6008303642273,64.83071690443008,0.5647274991675094,False
NSMR,-0.0099888462573289,-2.8797165155410767,0.4672046825289726,NSM,False,-330.5914559841156,64.05213675317025,0.5579454421007861,False
NSMR,-0.0618889406323432,-2.879703402519226,0.495949313044548,NSM,False,-330.58995060920716,64.41705416654155,0.5611241652137765,False
NSMR,-0.0271446974948048,-2.879629909992218,0.4675143584609031,NSM,False,-330.5815136671066,64.04447630887397,0.5578787134919335,False
NSMR,-0.0591063220053911,-2.879530131816864,0.4968884885311126,NSM,False,-330.570059132576,64.41229594424048,0.5610827172843248,False
NSMR,0.0057803140953183,-2.8793493509292603,0.4737273082137108,NSM,False,-330.5493054866791,64.07995901428208,0.5581877962916558,False
NSMR,0.0258077010512352,-2.8793208599090576,0.5012302622199059,NSM,False,-330.5460347175598,64.45967602743387,0.5614954357790407,False
NSMR,0.0205269251018762,-2.87920880317688,0.5308755785226822,NSM,False,-330.5331706047058,65.03035877329152,0.5664665398370342,False
NSMR,-0.0427823597565293,-2.8791698813438416,0.4739248976111412,NSM,False,-330.528702378273,64.06145459926135,0.558026608007503,False
NSMR,0.0228882264345884,-2.8791491985321045,0.5016520842909813,NSM,False,-330.5263279914856,64.44816389367723,0.5613951558682686,False
NSMR,-0.0644275080412626,-2.8790940642356873,0.5026209056377411,NSM,False,-330.5199985742569,64.45589977686564,0.5614625416103278,False
NSMR,-0.0613493155688047,-2.8790940046310425,0.5028220266103745,NSM,False,-330.51999173164364,64.46050922327615,0.5615026935825449,False
NSMR,-0.0648679584264755,-2.8787999153137207,0.5057408511638641,NSM,False,-330.4862302780151,64.47654505475052,0.5616423785257014,False
NSMR,-0.0616862140595912,-2.8787999153137207,0.5057408660650253,NSM,False,-330.4862302780151,64.47752456824726,0.561650910873234,False
NSMR,-0.0542246596887707,-2.8786051869392395,0.4848703220486641,NSM,False,-330.4638754606247,64.13026760924606,0.5586260244707846,False
NSMR,0.017815513536334,-2.878522276878357,0.4857430160045624,NSM,False,-330.4543573856354,64.13309002905613,0.5586506100091998,False
NSMR,-0.0632770862430334,-2.878502130508423,0.5073027014732361,NSM,False,-330.4520445823669,64.47079999944172,0.5615923344899105,False
NSMR,0.0258690062910318,-2.878100752830506,0.5188008844852448,NSM,False,-330.40596642494205,64.6467409209517,0.5631249209142134,False
NSMR,0.0230608843266963,-2.877929091453552,0.5180237889289856,NSM,False,-330.3862596988677,64.61269976875668,0.562828395198229,False
NSMR,-0.0605196645483374,-2.8778544664382935,0.496135376393795,NSM,False,-330.3776927471161,64.21071772804791,0.5593268094777692,False
NSMR,0.0217167399823665,-2.8775113821029663,0.5319008678197861,NSM,False,-330.33830666542053,64.86313964086088,0.5650099271851993,False
NSMR,0.0244499966502189,-2.877451777458191,0.5014443695545197,NSM,False,-330.3314640522003,64.25181863837544,0.5596848313447338,False
NSMR,0.0194676034152507,-2.877339720726013,0.5300064831972122,NSM,False,-330.3185999393463,64.80019140971687,0.5644615976456174,False
NSMR,-0.0628680028021335,-2.877285063266754,0.5023875832557678,NSM,False,-330.31232526302335,64.24691307607493,0.5596420999658095,False
NSMR,0.0159706361591815,-2.8771989941596985,0.5356508940458298,NSM,False,-330.3024445295334,64.91558222122624,0.5654667440873367,False
NSMR,0.0245559681206941,-2.8762316703796387,0.5184557288885117,NSM,False,-330.1913957595825,64.42930295344505,0.561230861963807,False
NSMR,0.0171999987214803,-2.87592613697052,0.5370806753635406,NSM,False,-330.1563205242157,64.80598199245735,0.5645120382618236,False
NSMR,0.0163240600377321,-2.875777244567871,0.5344144105911255,NSM,False,-330.1392276763916,64.72652599323303,0.5638199128330403,False
NSMR,0.020657418295741,-2.8756422996520996,0.5310317724943161,NSM,False,-330.123736000061,64.63258500286376,0.5630016115232035,False
NSMR,0.0175534226000309,-2.8745043873786926,0.5358441919088364,NSM,False,-329.9931036710739,64.61670223389395,0.5628632598771249,False
NSMR,0.0112955998629331,-2.870111107826233,0.5346555113792419,NSM,False,-329.4887551784515,64.09486067585789,0.5583176017060791,False
NSMR,0.0130275133997201,-2.8697094917297363,0.53326416015625,NSM,False,-329.44264965057374,64.01757524126738,0.5576443836347333,False
NSMR,0.0128794182091951,-2.869542121887207,0.5362429618835449,NSM,False,-329.42343559265134,64.06945100157193,0.5580962630798949,False
NSMR,0.0146113317459821,-2.8691405057907104,0.534851610660553,NSM,False,-329.37733006477356,63.99229198579554,0.5574241462177312,False
NSMR,0.0108497776091098,-2.8440465331077576,0.5180613994598389,NSM,False,-326.49654200077055,60.78638136643981,0.5294980955264792,False
NSMR,0.0089814476668834,-2.8439345955848694,0.5194530487060547,NSM,False,-326.483691573143,60.80392519851058,0.5296509163633326,False
NSMR,0.0125471577048301,-2.843824326992035,0.5196451544761658,NSM,False,-326.4710327386856,60.795999281510746,0.5295818752744839,False
NSMR,0.0106788277626037,-2.8437123894691467,0.5210368037223816,NSM,False,-326.458182311058,60.81333611734057,0.5297328930081932,False
NSMR,-0.0632770862430334,-2.836464047431946,0.4882763549685478,NSM,False,-325.6260726451874,59.3791541648236,0.5172400188573485,False
NSMR,-0.0648679584264755,-2.8361663222312927,0.4898381903767586,NSM,False,-325.5918937921524,59.36916435214072,0.5171529995831073,False
NSMR,-0.0616862140595912,-2.8361663222312927,0.4898381978273392,NSM,False,-325.5918937921524,59.37022796027762,0.5171622644623486,False
NSMR,-0.0632770862430334,-2.8358685970306396,0.4914000332355499,NSM,False,-325.55771493911743,59.36023600319831,0.5170752265086961,False
NSMR,0.010738082230091,-2.7740960121154785,0.488065205514431,NSM,False,-318.4662221908569,52.288807024716625,0.4554774131072877,False
NSMR,0.0088697504252195,-2.774043381214142,0.4894616305828094,NSM,False,-318.4601801633835,52.30751993136375,0.45564041752059015,False
NSMR,0.0124354604631662,-2.7739412784576416,0.4896584376692772,NSM,False,-318.4484587669372,52.299705728324916,0.45557234954986864,False
NSMR,0.0105671286582946,-2.773888647556305,0.4910548627376556,NSM,False,-318.4424167394638,52.31817837978249,0.4557332611479311,False
NSMR,-0.0632770862430334,-2.707043170928955,0.4419583603739738,NSM,False,-310.768556022644,44.06955978586794,0.3838811828037277,False
NSMR,-0.0648679584264755,-2.706692934036255,0.4435101673007011,NSM,False,-310.728348827362,44.03989502459919,0.38362277895992325,False
NSMR,-0.0616862140595912,-2.706692934036255,0.4435101747512817,NSM,False,-310.728348827362,44.041328736353016,0.38363526773826667,False
NSMR,-0.0632770862430334,-2.7063426971435547,0.445061981678009,NSM,False,-310.6881416320801,44.01164491918983,0.3833766979023504,False
NSMR,0.0107288062572479,-2.68507719039917,0.4580388516187668,NSM,False,-308.2468614578247,41.70803020082733,0.36331036760302554,False
NSMR,0.008860470727086,-2.6850245594978333,0.4594352841377258,NSM,False,-308.2408194303512,41.71972984277302,0.3634122808603922,False
NSMR,0.0124261807650327,-2.684922456741333,0.4596320763230324,NSM,False,-308.229098033905,41.71092612310309,0.36333559340682137,False
NSMR,0.0105578452348709,-2.6848698258399963,0.4610285088419914,NSM,False,-308.2230560064316,41.72232857152915,0.36343491787046295,False
NSMR,0.010734025388956,-2.640965700149536,0.4430538117885589,NSM,False,-303.1828623771667,36.508352385487605,0.31801700684222656,False
NSMR,0.0088656917214393,-2.6409130692481995,0.4444502517580986,NSM,False,-303.1768203496933,36.51500036629501,0.31807491608270916,False
NSMR,0.0124313998967409,-2.640810966491699,0.4446470364928245,NSM,False,-303.1650989532471,36.50550949134138,0.31799224295593537,False
NSMR,0.0105630662292242,-2.6407583355903625,0.4460434764623642,NSM,False,-303.1590569257736,36.51181931825706,0.31804720660502667,False
NSMR,0.0105366129428148,-2.637031853199005,0.4431838691234588,NSM,False,-302.73125674724577,36.05913056222204,0.31410392475803167,False
NSMR,-0.0632770862430334,-2.6068623065948486,0.4081551730632782,NSM,False,-299.2677927970886,32.35924077080757,0.2818749196063377,False
NSMR,-0.0616862140595912,-2.6065120100975037,0.4097069799900055,NSM,False,-299.2275787591934,32.329710190196586,0.281617684583594,False
NSMR,-0.0648679584264755,-2.6065120100975037,0.4097069799900055,NSM,False,-299.2275787591934,32.33095887341077,0.28162856161507643,False
NSMR,-0.0632770862430334,-2.6061617136001587,0.4112587869167328,NSM,False,-299.1873647212982,32.29966137451924,0.28135593531811187,False
NSMR,-0.0632770862430334,-2.59497606754303,0.4066850543022156,NSM,False,-297.9032525539398,30.986691749980388,0.269918917682756,False
PDEL,-0.014634508639574,-2.47909414768219,0.1736679375171661,PDEL,False,-284.6000081539154,18.54329285316859,0.16152694122969155,True
PDEL,-0.0146345123648643,-2.456518530845642,0.1580705046653747,PDEL,False,-282.0083273410797,17.064270593139103,0.14864347206567163,True
PDEL,-0.012943796813488,-2.456262528896332,0.1597408875823021,PDEL,False,-281.97893831729886,16.944031686239466,0.14759609482786992,True
PDEL,-0.01632522046566,-2.456262528896332,0.1597408875823021,PDEL,False,-281.97893831729886,16.94048897326633,0.14756523495876595,True
PDEL,-0.0146345049142837,-2.4560065269470215,0.1614112704992294,PDEL,False,-281.94954929351803,16.822974343413613,0.14654158835726144,True
PDEL,-0.014634508639574,-2.2918511629104614,0.0450315475463867,PDEL,False,-263.10451350212094,0.39028385439508095,0.003399685142814294,True
PDEL,-0.0129437930881977,-2.291543126106262,0.0466939583420753,PDEL,False,-263.0691508769989,0.3868163849033328,0.0033694807047328643,True
PDEL,-0.01632522046566,-2.291543126106262,0.0466939583420753,PDEL,False,-263.0691508769989,0.6486717588599917,0.0056504508611497535,True
PDEL,-0.0146345049142837,-2.291235089302063,0.0483563691377639,PDEL,False,-263.03378825187684,0.6485357050502119,0.005649265723433901,True
PDEL,-0.0146345049142837,-2.1261008977890015,-0.0699115693569183,PDEL,False,-244.07638306617736,1.147146562603519,0.009992565876337275,True
PDEL,-0.0129437893629074,-2.125792980194092,-0.0682491660118103,PDEL,False,-244.04103412628174,0.9921390849183866,0.008642326523679326,True
PDEL,-0.01632522046566,-2.125792980194092,-0.0682491660118103,PDEL,False,-244.04103412628174,1.0062056634603669,0.008764857695647795,True
PDEL,-0.0146345049142837,-2.125485062599182,-0.0665867626667022,PDEL,False,-244.0056851863861,0.9170722283453198,0.007988434044819859,True
PDEL,-0.0146345049142837,-1.8893597722053528,-0.2316970974206924,PDEL,False,-216.8985018491745,0.4485697615178257,0.0039074021038138125,True
PDEL,-0.0129437893629074,-1.8890518546104431,-0.230034664273262,PDEL,False,-216.86315290927885,0.25537000601532983,0.00222447740431472,True
PDEL,-0.01632522046566,-1.8890518546104431,-0.230034664273262,PDEL,False,-216.86315290927885,0.643125228971007,0.00560213614086243,True
PDEL,-0.0146345049142837,-1.8887439370155337,-0.2283722311258316,PDEL,False,-216.82780396938327,0.4502278473536809,0.003921845360223701,True
PDEL,-0.0146345049142837,-1.6525258421897888,-0.3900311887264251,PDEL,False,-189.70996668338776,0.37156410318737154,0.0032366211079039335,True
PDEL,-0.01632522046566,-1.6522179245948792,-0.3883687481284141,PDEL,False,-189.67461774349212,0.6426274363564514,0.005597799968261772,True
PDEL,-0.0129437893629074,-1.6522179245948792,-0.3883687481284141,PDEL,False,-189.67461774349212,0.42946627109823204,0.0037409953928417426,True
PDEL,-0.0146345049142837,-1.6519100069999697,-0.3867063075304031,PDEL,False,-189.6392688035965,0.6759085728335072,0.005887705338270969,True
PDEL,-0.0146345049142837,-1.4917335510253906,-0.4718890339136123,PDEL,False,-171.25101165771483,1.355672630420464,0.011808995038505785,True
PDEL,-0.0129437893629074,-1.4914257526397705,-0.4702265933156013,PDEL,False,-171.21567640304565,1.1047524545429857,0.009623279220757714,True
PDEL,-0.01632522046566,-1.4914257526397705,-0.4702265933156013,PDEL,False,-171.21567640304565,1.290584714105754,0.011242027126356743,True
PDEL,-0.0146345049142837,-1.4911179542541504,-0.4685641527175903,PDEL,False,-171.18034114837647,1.0226140967487303,0.008907788299204968,True
PDEL,-0.0146345049142837,-1.2700506448745728,-0.5725326240062714,PDEL,False,-145.80181403160094,3.376858549141944,0.02941514415628871,True
PDEL,-0.0129437893629074,-1.2697427570819857,-0.5708701908588409,PDEL,False,-145.76646851301194,3.136836341547462,0.027324358375848973,True
PDEL,-0.01632522046566,-1.2697427570819857,-0.5708701908588409,PDEL,False,-145.76646851301194,3.266409637646981,0.02845304562410262,True
PDEL,-0.0146345049142837,-1.2694348692893982,-0.5692077577114105,PDEL,False,-145.73112299442292,3.017200825656525,0.0262822371572868,True
PDEL,-0.0146345049142837,-1.1044243574142456,-0.6227509081363678,PDEL,False,-126.78791623115539,4.461793715132826,0.03886579891230685,True
PDEL,-0.01632522046566,-1.104216456413269,-0.6210760325193405,PDEL,False,-126.76404919624328,4.31939416915683,0.03762538474875288,True
PDEL,-0.0129437893629074,-1.104216456413269,-0.6210760325193405,PDEL,False,-126.76404919624328,4.236549809661273,0.03690374398659646,True
PDEL,-0.0146345049142837,-1.1040085554122925,-0.6194011569023132,PDEL,False,-126.74018216133118,4.0861365558501985,0.03559352400566375,True
PDEL,-0.0146345049142837,-0.9326106905937196,-0.6551203429698944,PDEL,False,-107.06370728015901,7.2211771068235295,0.06290223960647674,True
PDEL,-0.0129437893629074,-0.932502806186676,-0.6534330695867538,PDEL,False,-107.0513221502304,7.011552356330322,0.061076240037720574,True
PDEL,-0.01632522046566,-0.932502806186676,-0.6534330695867538,PDEL,False,-107.0513221502304,7.0506247893576,0.06141659224179094,True
PDEL,-0.0146345049142837,-0.9323949217796326,-0.6517457962036133,PDEL,False,-107.03893702030182,6.835749489001058,0.05954485617596741,True
PDEL,-0.0146345049142837,-0.6874630153179169,-0.6703999936580658,PDEL,False,-78.92075415849685,8.96848456541246,0.07812268785202492,False
PDEL,-0.01632522046566,-0.6873550713062286,-0.6687127649784088,PDEL,False,-78.90836218595504,8.793189410073659,0.07659572656858588,False
PDEL,-0.0129437893629074,-0.6873550713062286,-0.6687127649784088,PDEL,False,-78.90836218595504,8.76189115012786,0.07632309364222875,False
PDEL,-0.0146345049142837,-0.6872471272945404,-0.6670255362987518,PDEL,False,-78.89597021341324,8.582359271816532,0.07475922710641579,False
PDEL,-0.0146345049142837,-0.5026157200336456,-0.6630434989929199,PDEL,False,-57.70028465986252,8.985554251035069,0.07827137849333683,False
PDEL,-0.01632522046566,-0.5023751109838486,-0.6646794825792313,PDEL,False,-57.67266274094582,9.184625462852177,0.08000544828268447,False
PDEL,-0.0129437893629074,-0.5023751109838486,-0.6646794825792313,PDEL,False,-57.67266274094582,9.165747622355955,0.0798410071633794,False
PDEL,-0.0146345049142837,-0.5021345019340515,-0.6663154661655426,PDEL,False,-57.64504082202911,9.360731273620807,0.0815394710245715,False
PDEL,-0.0146345011889934,-0.2535093389451504,-0.5938844680786133,PDEL,False,-29.102872110903263,3.792646657833632,0.03303699179297589,False
PDEL,-0.0129437893629074,-0.2529996782541275,-0.5954943746328354,PDEL,False,-29.044363063573837,3.9860206062531884,0.03472143385237969,False
PDEL,-0.0163252130150795,-0.2529996782541275,-0.5954943746328354,PDEL,False,-29.044363063573837,3.978292408404412,0.03465411505578756,False
PDEL,-0.0146345011889934,-0.2524900175631046,-0.5971042811870575,PDEL,False,-28.985854016244403,4.162207610750467,0.03625616385671138,False
PDEL,-0.0146344974637031,0.0012584067881107,-0.5149405598640442,PDEL,False,0.14446509927510837,3.07381167534222,0.026775363025629096,False
PDEL,-0.0163252055644989,0.0016886331140995,-0.5165755748748779,PDEL,False,0.1938550814986226,3.203362052349907,0.02790385063022567,False
PDEL,-0.0129437893629074,0.0016886331140995,-0.5165755748748779,PDEL,False,0.1938550814986226,3.313799476110691,0.028865849095040863,False
PDEL,-0.0146344974637031,0.0021188594400882,-0.5182105898857117,PDEL,False,0.24324506372212537,3.4335979893727364,0.029909390151330456,False
PDEL,-0.0146344974637031,0.1795714497566223,-0.4254364520311355,PDEL,False,20.614802432060237,13.844831513305486,0.12059957764203386,False
PDEL,-0.0129437893629074,0.1799409426748752,-0.4270851239562034,PDEL,False,20.657220219075672,14.076834863555193,0.12262051274873863,False
PDEL,-0.0163252055644989,0.1799409426748752,-0.4270851239562034,PDEL,False,20.657220219075672,13.982349921673798,0.12179747318531182,False
PDEL,-0.0146344974637031,0.1803104355931282,-0.4287337958812713,PDEL,False,20.699638006091117,14.21197837976178,0.12379772107806429,False
PDEL,-0.0303934551775455,0.3409304246306419,-0.3293520510196686,PDEL,False,39.13881274759769,18.569801523942463,0.1617578529960145,False
PDEL,-0.0287014134228229,0.3411959931254387,-0.3277886882424354,PDEL,False,39.16930001080036,19.049300328411956,0.16593467185027835,False
PDEL,-0.0293759927153587,0.3420141190290451,-0.3309154063463211,PDEL,False,39.263220864534375,19.396330843812294,0.16895758574749384,False
PDEL,-0.0276839509606361,0.3422796875238418,-0.329352043569088,PDEL,False,39.29370812773704,19.242040300940065,0.16761359147160335,False
PDEL,-0.0758102498948574,0.3897008076310158,-0.2747985199093818,PDEL,False,44.73765271604061,15.535450287432052,0.13532622201595865,False
PDEL,-0.0741170644760131,0.3904648572206497,-0.2733190506696701,PDEL,False,44.82536560893059,15.378333241905214,0.133957606636805,False
PDEL,-0.0753698535263538,0.3914425000548363,-0.2762779965996742,PDEL,False,44.9375990062952,15.707956869884285,0.13682889259481085,False
PDEL,-0.0736766681075096,0.3922065496444702,-0.2747985273599624,PDEL,False,45.025311899185176,15.551359669378353,0.13546480548238984,False
PDEL,-0.1193175911903381,0.4476318359375,-0.220030628144741,PDEL,False,51.388134765625,12.261377002544108,0.1068064198827884,False
PDEL,-0.1208807602524757,0.447737880051136,-0.2215862199664116,PDEL,False,51.400308629870416,12.417715828984903,0.10816825635004271,False
PDEL,-0.118258036673069,0.4490237534046173,-0.2212635017931461,PDEL,False,51.547926890850064,12.417446715469424,0.108165912155657,False
PDEL,-0.1198212057352066,0.4491297975182533,-0.2228190936148166,PDEL,False,51.56010075509548,12.572119082688976,0.10951323242760433,False
PDEL,-0.1337013319134712,0.5183737650513649,-0.170035433024168,PDEL,False,59.50930822789669,10.838938700547661,0.09441584233926535,False
PDEL,-0.1321782544255256,0.5190597474575043,-0.1712986268103122,PDEL,False,59.58805900812149,10.985711880728147,0.09569435436174344,False
PDEL,-0.1351665407419204,0.5192629024386406,-0.1716213226318359,PDEL,False,59.611381199955936,11.021929813275587,0.09600984157905564,False
PDEL,-0.1336434632539749,0.51994888484478,-0.1728845164179802,PDEL,False,59.69013198018074,11.16602845952416,0.09726505626763206,False
PDEL,-0.1176739037036895,0.5895852744579315,-0.1354384552687406,PDEL,False,67.68438950777053,11.587490795365175,0.10093633097007992,False
PDEL,-0.1190840676426887,0.5897297114133835,-0.1338680982589721,PDEL,False,67.70097087025643,11.382619360384174,0.09915173658871232,False
PDEL,-0.1189470589160919,0.5906980484724045,-0.1370088644325733,PDEL,False,67.81213596463203,11.741038183665523,0.10227385177408993,False
PDEL,-0.1203572228550911,0.5908424854278564,-0.1354385074228048,PDEL,False,67.82871732711791,11.538127172044474,0.10050633425125849,False
PDEL,-0.0798282213509082,0.6360654681921005,-0.1170100942254066,PDEL,False,73.02031574845314,10.478481692467692,0.09127597293090324,False
PDEL,-0.0811722539365291,0.6362693756818771,-0.1154170744121074,PDEL,False,73.0437243282795,10.292699215291293,0.08965765866978478,False
PDEL,-0.081038013100624,0.6370557546615601,-0.1186032705008983,PDEL,False,73.13400063514709,10.65863607252267,0.09284526195577239,False
PDEL,-0.0823820456862449,0.6372596621513367,-0.1170102506875991,PDEL,False,73.15740921497344,10.474901618651906,0.09124478761891903,False
PDEL,-0.0401647202670574,0.674758642911911,-0.111246408894658,PDEL,False,77.46229220628739,12.164867977953584,0.10596574893687791,False
PDEL,-0.0416956357657909,0.6750342398881912,-0.1128546819090843,PDEL,False,77.49393073916436,12.355228965204706,0.10762394568993647,False
PDEL,-0.0388460382819175,0.6751502305269241,-0.1128545813262462,PDEL,False,77.50724646449089,12.346436337303727,0.10754735485456209,False
PDEL,-0.040376953780651,0.6754258275032043,-0.1144628543406724,PDEL,False,77.53888499736786,12.534636838205614,0.1091867320401186,False
PDEL,-0.0219779908657073,0.7362386584281921,-0.0909001417458057,PDEL,False,84.52019798755646,12.52072250714417,0.10906552706571576,False
PDEL,-0.020286701619625,0.7362445145845413,-0.0892691910266876,PDEL,False,84.52087027430534,12.323529624146207,0.10734781902566383,False
PDEL,-0.0205758102238178,0.7368109822273254,-0.0925310533493757,PDEL,False,84.58590075969695,12.699119323406064,0.11061950630144655,False
PDEL,-0.0188845209777355,0.7368168383836746,-0.0909001026302576,PDEL,False,84.58657304644585,12.504435975759954,0.10892365832543514,False
PDEL,-0.0166440531611442,0.8125364929437637,-0.0400821045041084,PDEL,False,93.27918938994408,10.753679805405415,0.09367316903663254,False
PDEL,-0.0183349587023258,0.812682256102562,-0.04174330458045,PDEL,False,93.2959230005741,10.947701239079821,0.0953632512114967,False
PDEL,-0.0150495208799839,0.8128749132156372,-0.0417432989925146,PDEL,False,93.31804003715514,10.944399137485023,0.09533448726032251,False
PDEL,-0.0167404264211654,0.8130206763744354,-0.0434044990688562,PDEL,False,93.33477364778518,11.135172918845994,0.09699627978088846,False
PDEL,-0.0146344900131225,0.8701335191726685,-0.0107334479689598,PDEL,False,99.89132800102233,10.110131543315006,0.08806734793828402,False
PDEL,-0.0163252055644989,0.870355024933815,-0.0124097745865583,PDEL,False,99.91675686240195,10.302570340782482,0.0897436440834711,False
PDEL,-0.0129437819123268,0.870355024933815,-0.0124097745865583,PDEL,False,99.91675686240195,10.3025765840075,0.0897436984669643,False
PDEL,-0.0146344974637031,0.8705765306949615,-0.0140861012041568,PDEL,False,99.94218572378158,10.495015203690809,0.09141999306350879,False
PDEL,-0.0146344900131225,1.0276045203208923,0.0215539578348398,PDEL,False,117.96899893283843,11.340497844622972,0.09878482443051369,False
PDEL,-0.0129437819123268,1.0277741700410843,0.0198723617941141,PDEL,False,117.98847472071647,11.510900241992982,0.100269165871019,False
PDEL,-0.0163252055644989,1.0277741700410843,0.0198723617941141,PDEL,False,117.98847472071647,11.556671347417947,0.10066786887994728,False
PDEL,-0.0146344974637031,1.0279438197612762,0.0181907657533884,PDEL,False,118.0079505085945,11.723897618519363,0.10212454371532546,False
PDEL,-0.0146344900131225,1.2063976526260376,0.0463613905012607,PDEL,False,138.4944505214691,7.718251570668407,0.06723215653892341,False
PDEL,-0.0129437819123268,1.2065155804157257,0.0446745082736015,PDEL,False,138.5079886317253,7.905809562437381,0.06886593695502945,False
PDEL,-0.0163252055644989,1.2065155804157257,0.0446745082736015,PDEL,False,138.5079886317253,7.921720868558807,0.06900453718256801,False
PDEL,-0.0146344974637031,1.2066335082054138,0.0429876260459423,PDEL,False,138.5215267419815,8.105263133460483,0.07060333739948156,False
PDEL,-0.0146344900131225,1.3321974277496338,0.0422257520258426,PDEL,False,152.93626470565795,6.375647821264475,0.055537001927390896,False
PDEL,-0.0163252055644989,1.3323154747486117,0.0405388241633772,PDEL,False,152.94981650114062,6.6098256465862795,0.05757687845458432,False
PDEL,-0.0129437819123268,1.3323154747486117,0.0405388241633772,PDEL,False,152.94981650114062,6.52447967284413,0.05683344662756211,False
PDEL,-0.0146344974637031,1.3324335217475891,0.0388518963009119,PDEL,False,152.96336829662323,6.7534737772313145,0.05882816879121354,False
PDEL,0.2585878670215606,1.4232133030891418,0.2741197645664215,PDEL,False,163.38488719463348,8.585935441617321,0.0747903784113007,False
PDEL,-0.0145811103284358,1.4242596626281738,0.0378197114914655,PDEL,False,163.50500926971435,4.8748148260965865,0.042463543781329154,False
PDEL,-0.0128904022276401,1.4243777096271515,0.0361327640712261,PDEL,False,163.518561065197,5.057602175105399,0.044055768075831,False
PDEL,-0.0162718221545219,1.4243777096271515,0.0361327640712261,PDEL,False,163.518561065197,5.085685739217531,0.04430039842523982,False
PDEL,-0.0145811140537261,1.4244957566261292,0.0344458166509866,PDEL,False,163.53211286067963,5.261120093398751,0.0458285722421494,False
PDEL,0.2585878670215606,1.429041624069214,0.2564222067594528,PDEL,False,164.05397844314578,8.737113126160871,0.07610725719652327,False
PDEL,-0.0111823454499244,1.4348332285881042,0.0359313357621431,PDEL,False,164.71885464191436,4.623229112442899,0.0402720305961925,False
PDEL,-0.0035706982016563,1.435399979352951,0.0357632851228117,PDEL,False,164.7839176297188,4.633370389073449,0.04036036924280008,False
PDEL,0.2583412602543831,1.4354956150054932,0.2399320900440216,PDEL,False,164.79489660263062,8.553041450612909,0.0745038453886142,False
PDEL,0.050054233521223,1.4363060593605042,0.0340411365032196,PDEL,False,164.88793561458587,4.847491677763444,0.042225537262747775,False
PDEL,-0.0145811103284358,1.4368619918823242,0.0371268112212419,PDEL,False,164.9517566680908,4.477922398922831,0.03900629267354383,False
PDEL,-0.0112357251346111,1.4368935525417328,0.0371290240436792,PDEL,False,164.9553798317909,4.485622118871787,0.03907336340480651,False
PDEL,0.1481938604265451,1.4369195401668549,0.0576909305527806,PDEL,False,164.95836321115493,2.287419379009605,0.019925255914717815,False
PDEL,0.0508474912494421,1.436947137117386,0.0316919749602675,PDEL,False,164.96153134107593,5.124211024029612,0.04463598452987467,False
PDEL,0.1459116265177726,1.436948299407959,0.0606814883649349,PDEL,False,164.96166477203369,1.9845403663099555,0.01728693698876268,False
PDEL,-0.0162718221545219,1.436980038881302,0.035439845174551,PDEL,False,164.96530846357348,4.679687538973155,0.04076382873669996,False
PDEL,-0.0036055445671081,1.4370675683021543,0.0368516677990555,PDEL,False,164.97535684108732,4.508416363990093,0.03927191954695203,False
PDEL,-0.0145811140537261,1.4370980858802795,0.03375287912786,PDEL,False,164.9788602590561,4.865162306388044,0.04237946259919899,False
PDEL,-0.0112357288599014,1.4371296763420105,0.0337550956755876,PDEL,False,164.9824868440628,4.872229445972843,0.04244102304854393,False
PDEL,0.2506985291838646,1.4371537566184998,0.2011056207120418,PDEL,False,164.98525125980376,7.6984036469520865,0.06705926521735267,False
PDEL,-0.0036055445671081,1.437205582857132,0.0340200206264853,PDEL,False,164.99120091199873,4.8334890849924035,0.04210356345812198,False
PDEL,0.2220102101564407,1.437684178352356,0.1318621579557657,PDEL,False,165.04614367485047,4.4037043369905975,0.03835979387622472,False
PDEL,0.2187017314136028,1.437703013420105,0.1338215321302414,PDEL,False,165.04830594062804,4.006488335353501,0.03489972417555314,False
PDEL,0.2653631567955017,1.4378614723682404,0.2564223259687423,PDEL,False,165.066497027874,9.502587182368194,0.0827751496721968,False
PDEL,0.2518125772476196,1.4378614723682404,0.2564223259687423,PDEL,False,165.066497027874,7.96734527746062,0.06940196234721795,False
PDEL,0.2698405683040619,1.4378615617752075,0.2741199657320976,PDEL,False,165.0665072917938,9.876738323952214,0.0860343059577719,False
PDEL,0.2473351657390594,1.4378615617752075,0.274119958281517,PDEL,False,165.0665072917938,7.29548686883252,0.06354953718495227,False
PDEL,0.2585878670215606,1.4378616213798523,0.2918175980448723,PDEL,False,165.06651413440704,8.738959049941563,0.07612333667196484,False
PDEL,0.2608223259449005,1.4383749961853027,0.239932119846344,PDEL,False,165.12544956207276,8.837767437972554,0.07698403691613723,False
PDEL,0.2560610920190811,1.4384024739265442,0.2399237900972366,PDEL,False,165.12860400676726,8.291402919658275,0.07222476410852156,False
PDEL,0.2538583129644394,1.4385311007499697,0.2004427947103977,PDEL,False,165.14337036609652,8.066291812348167,0.07026386596122097,False
PDEL,0.0500460788607597,1.4387770891189575,0.0345130329951643,PDEL,False,165.1716098308563,4.793425827866466,0.04175458038211208,False
PDEL,-0.0036403909325599,1.4388731718063354,0.0351084033027291,PDEL,False,165.1826401233673,4.708538571506545,0.04101514435110231,False
PDEL,-0.011289108544588,1.439190000295639,0.0349527839571237,PDEL,False,165.21901203393935,4.734612132201461,0.04124226595994304,False
PDEL,0.0508393365889787,1.4394181668758392,0.0321638714522123,PDEL,False,165.24520555734634,5.070197646479937,0.044165484725434995,False
PDEL,0.249567300081253,1.4402970373630524,0.2010806277394294,PDEL,False,165.3460998892784,7.569221757364646,0.06593398743348995,False
PDEL,0.1481938604265451,1.4405867457389832,0.0576556399464607,PDEL,False,165.37935841083527,2.291460279495795,0.019960455396304835,False
PDEL,0.1459116265177726,1.4406155049800873,0.060646197758615,PDEL,False,165.38265997171402,1.9884972888418835,0.017321404955068672,False
PDEL,0.2220102101564407,1.4412498772144318,0.1318278405815363,PDEL,False,165.45548590421677,4.404121730122855,0.03836342970490292,False
PDEL,0.2187017314136028,1.4412687122821808,0.1337872147560119,PDEL,False,165.45764816999434,4.006725942079349,0.03490179392055182,False
PDEL,0.2585421577095985,1.4412818551063538,0.239923819899559,PDEL,False,165.4591569662094,8.576121700845103,0.0747048928645044,False
PDEL,0.2527270838618278,1.441674381494522,0.2004178017377853,PDEL,False,165.50421899557114,7.937189943019723,0.06913928521794184,False
PDEL,0.2585878670215606,1.4466813206672668,0.2564224451780319,PDEL,False,166.07901561260223,8.737116872908807,0.07610728983370041,False
PDEL,-0.0146344900131225,1.451135337352753,0.0361482966691255,PDEL,False,166.59033672809602,4.590365505377729,0.03998576224196628,False
PDEL,-0.0129437819123268,1.451253354549408,0.0344613157212734,PDEL,False,166.60388510227202,4.783645575067063,0.04166938654239602,False
PDEL,-0.0163252055644989,1.451253354549408,0.0344613157212734,PDEL,False,166.60388510227202,4.792186054783894,0.0417437809650165,False
PDEL,-0.0146344974637031,1.4513713717460632,0.0327743347734212,PDEL,False,166.61743347644804,4.977602288286253,0.043358904950228684,False
PDEL,0.2585878670215606,1.4525098204612732,0.2741201594471931,PDEL,False,166.74812738895415,8.585933522934571,0.07479036169803634,False
PDEL,-0.0146344900131225,1.5694323778152466,0.0300284838303923,PDEL,False,180.1708369731903,2.533278385997356,0.022066884895447354,False
PDEL,-0.0129437781870365,1.5695504248142242,0.0283415061421692,PDEL,False,180.18438876867293,2.7525566703622264,0.023976974480507198,False
PDEL,-0.0163252055644989,1.5695504248142242,0.0283415061421692,PDEL,False,180.18438876867293,2.7127835626860324,0.023630518838728506,False
PDEL,-0.0146344937384128,1.569668471813202,0.0266545284539461,PDEL,False,180.19794056415557,2.918549449035907,0.02542290460832672,False
PDEL,-0.0146344900131225,1.7111251950263977,0.0151430182158946,PDEL,False,196.43717238903045,1.2418406374012654,0.010817427155063288,False
PDEL,-0.0129437744617462,1.7113165259361267,0.0167941260151565,PDEL,False,196.45913717746734,1.0791399253385452,0.00940017356566677,False
PDEL,-0.0163252055644989,1.7113165259361267,0.0167941260151565,PDEL,False,196.45913717746734,1.061221182937445,0.00924408695938541,False
PDEL,-0.0146344900131225,1.7115078568458555,0.0184452338144183,PDEL,False,196.4811019659042,0.8631780799846954,0.007518972822166336,False
PDEL,-0.0146344937384128,2.1188949942588806,-0.0974348615854978,PDEL,False,243.24914534091948,6.003605885393289,0.05229621851387882,False
PDEL,-0.0163252055644989,2.1191655099391937,-0.0957819167524576,PDEL,False,243.28020054101944,5.81189984104773,0.050626305235607405,False
PDEL,-0.0129437819123268,2.1191655099391937,-0.0957819167524576,PDEL,False,243.28020054101944,5.8224036595972315,0.05071780191286787,False
PDEL,-0.0146344937384128,2.119436025619507,-0.0941289719194173,PDEL,False,243.31125574111937,5.624229015246328,0.04899154194465443,False
PDEL,-0.0146344974637031,2.5269784927368164,-0.2104620933532714,PDEL,False,290.0971309661865,10.033478716699799,0.08739964038937108,False
PDEL,-0.0129437893629074,2.5270074009895325,-0.2087712176144123,PDEL,False,290.1004496335983,9.8324520356295,0.08564853689572735,False
PDEL,-0.0163252055644989,2.5270074009895325,-0.2087712176144123,PDEL,False,290.1004496335983,9.835293881639917,0.08567329165191566,False
PDEL,-0.0146344974637031,2.5270363092422485,-0.2070803418755531,PDEL,False,290.1037683010101,9.645674388657419,0.08402155390816567,False
PDEL,-0.0146344974637031,2.697790265083313,-0.2343318462371826,PDEL,False,309.70632243156433,9.019608923842817,0.07856802198469354,False
PDEL,-0.0163252055644989,2.697807788848877,-0.2326407693326473,PDEL,False,309.70833415985106,8.826862059934694,0.0768890423339259,False
PDEL,-0.0129437893629074,2.697807788848877,-0.2326407693326473,PDEL,False,309.70833415985106,8.82835533915985,0.07690204999268163,False
PDEL,-0.0146344974637031,2.697825312614441,-0.230949692428112,PDEL,False,309.7103458881378,8.631340542158755,0.07518589322437941,False
PDEL,-0.0146344974637031,2.862352967262268,-0.2542042732238769,PDEL,False,328.59812064170836,8.378225312354973,0.07298105672783077,False
PDEL,-0.0163252055644989,2.8623704314231873,-0.252513226121664,PDEL,False,328.60012552738186,8.192128137254889,0.07136000119560007,False
PDEL,-0.0129437893629074,2.8623704314231873,-0.252513226121664,PDEL,False,328.60012552738186,8.180817688523478,0.07126147812302681,False
PDEL,-0.0146344974637031,2.8623878955841064,-0.2508221790194511,PDEL,False,328.6021304130554,7.99012592534694,0.06960040004657614,False
PDEL,-0.0146344974637031,3.034048080444336,-0.2616266757249832,PDEL,False,348.30871963500977,7.384826696537736,0.0643277586806423,False
PDEL,-0.0129437893629074,3.034065544605255,-0.2599356546998024,PDEL,False,348.31072452068327,7.182233763264224,0.0625630118751239,False
PDEL,-0.0163252055644989,3.034065544605255,-0.2599356546998024,PDEL,False,348.31072452068327,7.205034131839248,0.06276162135748474,False
PDEL,-0.0146344974637031,3.0340830087661743,-0.2582446336746216,PDEL,False,348.3127294063568,6.997239543279709,0.06095156396585112,False
PDEL,-0.0146344974637031,3.202119827270508,-0.2643487900495529,PDEL,False,367.6033561706543,7.6968342788771915,0.0670455947637386,False
PDEL,-0.0163252055644989,3.202137351036072,-0.2626577243208885,PDEL,False,367.6053678989411,7.5164288241318395,0.06547411867710662,False
PDEL,-0.0129437893629074,3.202137351036072,-0.2626577243208885,PDEL,False,367.6053678989411,7.494575855740201,0.06528376180958363,False
PDEL,-0.0146344974637031,3.2021548748016357,-0.2609666585922241,PDEL,False,367.6073796272278,7.309182135306493,0.06366883393124123,False
PDEL,-0.0146344974637031,3.3675103187561035,-0.2434200271964073,PDEL,False,386.59018459320066,5.299476753486263,0.04616268949029846,False
PDEL,-0.0129437893629074,3.3676151037216187,-0.2451035045087337,PDEL,False,386.60221390724183,5.480631893243944,0.047740695934180705,False
PDEL,-0.0163252055644989,3.3676151037216187,-0.2451035045087337,PDEL,False,386.60221390724183,5.510477380412579,0.048000674045405735,False
PDEL,-0.0146344974637031,3.367719888687134,-0.2467869818210601,PDEL,False,386.61424322128295,5.684856195503214,0.049519653270933925,False
PDEL,-0.0146344974637031,3.5302637815475464,-0.2204776629805565,PDEL,False,405.2742821216583,5.074295962037689,0.044201184338307394,False
PDEL,-0.0163252055644989,3.530490815639496,-0.2221534736454486,PDEL,False,405.3003456354141,5.304202448806963,0.04620385408368435,False
PDEL,-0.0129437893629074,3.530490815639496,-0.2221534736454486,PDEL,False,405.3003456354141,5.228327786326803,0.04554292496800351,False
PDEL,-0.0146344974637031,3.5307178497314453,-0.2238292843103408,PDEL,False,405.32640914916993,5.4516211923897195,0.04748798948074669,False
PDEL,-0.0146344974637031,3.647081971168518,-0.1714106574654579,PDEL,False,418.68501029014584,2.479899753628022,0.02160191423020925,False
PDEL,-0.0129437893629074,3.6473209857940674,-0.1730847284197807,PDEL,False,418.7124491691589,2.5143469428761525,0.021901976854321888,False
PDEL,-0.0163252055644989,3.6473209857940674,-0.1730847284197807,PDEL,False,418.7124491691589,2.752217678815447,0.02397402159246905,False
PDEL,-0.0146344974637031,3.6475600004196167,-0.1747587993741035,PDEL,False,418.73988804817196,2.783031508784109,0.024242434745506174,False
PDEL,-0.0146344974637031,3.754455208778382,-0.1248050555586814,PDEL,False,431.01145796775825,0.2853154995454062,0.0024853266510923887,False
PDEL,-0.0163252055644989,3.7547064423561096,-0.1264773458242416,PDEL,False,431.0402995824814,0.5580434031687235,0.004861005254082957,False
PDEL,-0.0129437893629074,3.7547064423561096,-0.1264773458242416,PDEL,False,431.0402995824814,0.3801792060714913,0.003311665558114036,False
PDEL,-0.0146344974637031,3.754957675933838,-0.1281496360898018,PDEL,False,431.0691411972046,0.6106645046198692,0.005319377217943112,False
PDEL,-0.0146344974637031,3.7683554887771606,-0.1211755275726318,PDEL,False,432.60721011161803,0.28483883471653204,0.0024811745184366903,False
PDEL,-0.0146345049142837,-2.0467766324679055,-0.12162354091803226,PDEL,True,-234.96995740731555,0.8437908393835312,0.0073500944197171705,True
PDEL,-0.0146345049142837,-1.9680682023366292,-0.1766603191693623,PDEL,True,-225.93422962824502,0.7498092986017713,0.006531439883290691,True
PDEL,-0.0146345049142837,-1.8100045720736186,-0.2822585503260294,PDEL,True,-207.7885248740514,0.6973942008988613,0.006074862377167782,True
PDEL,-0.0146345049142837,-1.7312652071317038,-0.33614486952622724,PDEL,True,-198.7492457787196,0.3886107722939928,0.003385111256916314,True
PDEL,-0.0146345049142837,-1.4174288511276245,-0.5032203098138173,PDEL,True,-162.7208321094513,1.2579991554713452,0.010958180796788721,True
PDEL,-0.0146345049142837,-1.3437397480010986,-0.5378764669100443,PDEL,True,-154.26132307052612,3.1779502451639865,0.027682493424773403,True
PDEL,-0.0146345049142837,-0.8507509529590607,-0.6579638620217642,PDEL,True,-97.66620939970016,7.546109462343712,0.06573266082180934,True
PDEL,-0.0146345049142837,-0.7691069841384888,-0.6641819278399149,PDEL,True,-88.29348177909851,8.25706865614109,0.07192568515802343,False
PDEL,-0.0146345049142837,-0.6257033248742422,-0.6656981905301412,PDEL,True,-71.830741695563,8.430508289561994,0.07343648335855395,False
PDEL,-0.0146345049142837,-0.5641595224539439,-0.6643708447615305,PDEL,True,-64.76551317771275,8.593189260871828,0.07485356499017272,False
PDEL,-0.014634503672520267,-0.4192594476044178,-0.6421718001365662,PDEL,True,-48.13098458498716,7.684745139864635,0.06694028867477905,False
PDEL,-0.014634502430756834,-0.3363843932747841,-0.6180281341075897,PDEL,True,-38.61692834794521,5.46235751047011,0.04758151141524486,False
PDEL,-0.014634499947229967,-0.16790720944603282,-0.5697163740793864,PDEL,True,-19.275747644404568,2.56656461430119,0.022356834619348346,False
PDEL,-0.014634498705466533,-0.08332440132896107,-0.5423284669717153,PDEL,True,-9.565641272564731,1.1782401081591665,0.01026341557629936,False
PDEL,-0.0146344974637031,0.0612697228789329,-0.4872858772675196,PDEL,True,7.033764186501497,6.153247607601965,0.05359971783625405,False
PDEL,-0.0146344974637031,0.12042058631777759,-0.4563611646493276,PDEL,True,13.824283309280867,10.7799047302118,0.09390160914818642,False
PDEL,-0.014634494980176233,1.0874284307161968,0.027580974002679167,PDEL,True,124.83678384621939,10.653912578727656,0.09280411653943951,False
PDEL,-0.014634492496649366,1.146913041671117,0.036971182251969936,PDEL,True,131.66561718384423,9.485504067951146,0.08262634205532357,False
PDEL,-0.01463449075818056,1.7929852843284606,-0.004730785265564922,PDEL,True,205.83471064090728,2.3570825781562057,0.02053207820693559,False
PDEL,-0.01463449150323862,1.8744627118110655,-0.027906804345548143,PDEL,True,215.18831931591032,2.6861438147174606,0.023398465284995302,False
PDEL,-0.014634492248296679,1.9559401392936706,-0.05108282342553136,PDEL,True,224.5419279909134,4.180343532014503,0.036414142264934696,False
PDEL,-0.01463449299335474,2.0374175667762757,-0.07425884250551458,PDEL,True,233.89553666591644,4.509350131115252,0.039280053406927286,False
PDEL,-0.01463449448347086,2.200944519042969,-0.11739559620618811,PDEL,True,252.6684307861328,6.147012450989891,0.05354540462534748,False
PDEL,-0.01463449522852892,2.282453012466431,-0.14066222049295896,PDEL,True,262.02560583114627,7.080193475613083,0.06167415919523591,False
PDEL,-0.01463449597358698,2.3639615058898924,-0.16392884477972974,PDEL,True,271.38278087615964,7.21164315577855,0.0628191912524264,False
PDEL,-0.01463449671864504,2.4454699993133544,-0.18719546906650059,PDEL,True,280.7399559211731,8.199078911548273,0.07142054801000239,False
PDER,-0.0146344974637031,-2.47909414768219,0.1736678928136825,PDER,False,-284.6000081539154,18.543294888158922,0.16152695895608818,True
PDER,-0.0146344974637031,-2.456518530845642,0.1580704450607299,PDER,False,-282.0083273410797,17.0642740520812,0.14864350219582925,True
PDER,-0.0129437893629074,-2.456262528896332,0.1597408354282379,PDER,False,-281.97893831729886,16.944034509873834,0.1475961194239881,True
PDER,-0.0163252055644989,-2.456262528896332,0.1597408354282379,PDER,False,-281.97893831729886,16.94049193924257,0.1475652607947959,True
PDER,-0.0146344974637031,-2.4560065269470215,0.1614112257957458,PDER,False,-281.94954929351803,16.822976927929027,0.1465416108704619,True
PDER,-0.0146344974637031,-2.2918511629104614,0.0450314879417419,PDER,False,-263.10451350212094,0.39027986957293703,0.003399650431820009,True
PDER,-0.0163252055644989,-2.2915430665016174,0.0466938987374305,PDER,False,-263.06914403438566,0.6486694895815696,0.005650431093916111,True
PDER,-0.0129437893629074,-2.2915430665016174,0.0466938987374305,PDER,False,-263.06914403438566,0.38680998950954776,0.003369424995727768,True
PDER,-0.0146344974637031,-2.2912349700927734,0.0483563095331192,PDER,False,-263.0337745666504,0.6485295144104911,0.005649211798000794,True
PDER,-0.0146344974637031,-2.126100778579712,-0.0699116289615631,PDER,False,-244.07636938095092,1.1471409816938376,0.009992517262141443,True
PDER,-0.0129437893629074,-2.1257928609848022,-0.0682492181658744,PDER,False,-244.04102044105528,0.9921446827225503,0.008642375285039637,True
PDER,-0.0163252055644989,-2.1257928609848022,-0.0682492181658744,PDER,False,-244.04102044105528,1.006211845851531,0.008764911549229364,True
PDER,-0.0146344974637031,-2.1254849433898926,-0.0665868073701858,PDER,False,-244.00567150115967,0.917075841928589,0.007988465522026037,True
PDER,-0.0146344974637031,-1.8893596529960632,-0.2316971719264984,PDER,False,-216.89848816394806,0.44856955534678816,0.0039074003078988515,True
PDER,-0.0163252055644989,-1.8890517950057983,-0.230034738779068,PDER,False,-216.86314606666565,0.6431237735859447,0.005602123463292202,True
PDER,-0.0129437893629074,-1.8890517950057983,-0.230034738779068,PDER,False,-216.86314606666565,0.25537064697505607,0.0022244829875875966,True
PDER,-0.0146344974637031,-1.8887439370155337,-0.2283723056316375,PDER,False,-216.82780396938327,0.45022707484955,0.003921838631093641,True
PDER,-0.0146344974637031,-1.6525258421897888,-0.3900312781333923,PDER,False,-189.70996668338776,0.37155716199573374,0.0032365606445621405,True
PDER,-0.0129437893629074,-1.6522178649902344,-0.3883688524365425,PDER,False,-189.6746109008789,0.42945462740534146,0.0037408939669454832,True
PDER,-0.0163252055644989,-1.6522178649902344,-0.3883688524365425,PDER,False,-189.6746109008789,0.6426183547196079,0.005597720859926898,True
PDER,-0.0146344974637031,-1.65190988779068,-0.3867064267396927,PDER,False,-189.63925511837004,0.6758958810274934,0.005887594782469455,True
PDER,-0.0146344974637031,-1.4917335510253906,-0.4718891382217407,PDER,False,-171.25101165771483,1.3556831196472636,0.011809086408077209,True
PDER,-0.0129437893629074,-1.491425633430481,-0.4702267050743103,PDER,False,-171.2156627178192,1.1047645047738655,0.009623384187925658,True
PDER,-0.0163252055644989,-1.491425633430481,-0.4702267050743103,PDER,False,-171.2156627178192,1.2905940120093482,0.01124210811854833,True
PDER,-0.0146344974637031,-1.4911177158355713,-0.4685642719268799,PDER,False,-171.18031377792357,1.0226249491821013,0.008907882832596702,True
PDER,-0.0146344974637031,-1.2700505256652832,-0.5725327134132385,PDER,False,-145.8018003463745,3.3768680148460724,0.029415226610157424,True
PDER,-0.0163252055644989,-1.269742637872696,-0.5708702951669693,PDER,False,-145.76645482778548,3.266420019897611,0.02845313606182588,True
PDER,-0.0129437893629074,-1.269742637872696,-0.5708702951669693,PDER,False,-145.76645482778548,3.1368478412930854,0.027324458547849175,True
PDER,-0.0146344974637031,-1.2694347500801086,-0.5692078769207001,PDER,False,-145.73110930919646,3.0172133207609897,0.02628234599966019,True
PDER,-0.0146344974637031,-1.104424238204956,-0.622750997543335,PDER,False,-126.78790254592896,4.461803586866149,0.038865884903015235,True
PDER,-0.0163252055644989,-1.1042163372039795,-0.6210761219263077,PDER,False,-126.76403551101684,4.319403651787849,0.03762546735006837,True
PDER,-0.0129437893629074,-1.1042163372039795,-0.6210761219263077,PDER,False,-126.76403551101684,4.236559924737293,0.03690383209701475,True
PDER,-0.0146344974637031,-1.104008436203003,-0.6194012463092804,PDER,False,-126.74016847610473,4.086146369186722,0.03559360948768922,True
PDER,-0.0146344974637031,-0.9326106905937196,-0.655120462179184,PDER,False,-107.06370728015901,7.221190642345072,0.06290235751171666,True
PDER,-0.0129437893629074,-0.9325027465820312,-0.6534331738948822,PDER,False,-107.05131530761719,7.0115642987336475,0.06107634406562411,True
PDER,-0.0163252055644989,-0.9325027465820312,-0.6534331738948822,PDER,False,-107.05131530761719,7.050636446782643,0.06141669378730525,True
PDER,-0.0146344974637031,-0.932394802570343,-0.6517458856105804,PDER,False,-107.03892333507538,6.835759609215091,0.05954494433114191,True
PDER,-0.0146344974637031,-0.6874630153179169,-0.6704001128673553,PDER,False,-78.92075415849685,8.968498140471427,0.07812280610166748,False
PDER,-0.0163252055644989,-0.6873550415039062,-0.6687128841876984,PDER,False,-78.90835876464844,8.793202847703128,0.07659584362110738,False
PDER,-0.0129437893629074,-0.6873550415039062,-0.6687128841876984,PDER,False,-78.90835876464844,8.76190481182208,0.0763232126465338,False
PDER,-0.0146344974637031,-0.6872470676898956,-0.6670256555080414,PDER,False,-78.89596337080002,8.582372839906002,0.07475934529534844,False
PDER,-0.0146344974637031,-0.5026156008243561,-0.6630436182022095,PDER,False,-57.70027097463608,8.985567876905733,0.07827149718559001,False
PDER,-0.0129437893629074,-0.5023750215768814,-0.6646796017885208,PDER,False,-57.672652477025984,9.165761302404936,0.07984112632756914,False
PDER,-0.0163252055644989,-0.5023750215768814,-0.6646796017885208,PDER,False,-57.672652477025984,9.184638995528879,0.08000556616314354,False
PDER,-0.0146344974637031,-0.5021344423294067,-0.6663155853748322,PDER,False,-57.64503397941589,9.360744902520745,0.08153958974321207,False
PDER,-0.0146344974637031,-0.2535092197358608,-0.5938845872879028,PDER,False,-29.10285842567682,3.7926603490094424,0.03303711105408922,False
PDER,-0.0163252055644989,-0.2529995590448379,-0.5954944789409637,PDER,False,-29.04434937834739,3.9783043533046216,0.034654219105440955,False
PDER,-0.0129437893629074,-0.2529995590448379,-0.5954944789409637,PDER,False,-29.04434937834739,3.9860325526314724,0.0347215379149083,False
PDER,-0.0146344974637031,-0.2524898983538151,-0.5971043705940247,PDER,False,-28.98584033101797,4.1622178809540715,0.036256253318415255,False
PDER,-0.0146344974637031,0.0012585259974002,-0.5149406790733337,PDER,False,0.14447878450154295,3.0738247233257847,0.026775476684022515,False
PDER,-0.0129437893629074,0.001688752323389,-0.5165756791830063,PDER,False,0.1938687667250572,3.3138107445319633,0.028865947252020588,False
PDER,-0.0163252055644989,0.001688752323389,-0.5165756791830063,PDER,False,0.1938687667250572,3.2033737092539494,0.02790395217120165,False
PDER,-0.0146344974637031,0.0021189786493778,-0.5182106792926788,PDER,False,0.2432587489485714,3.433607872111061,0.029909476237901227,False
PDER,-0.0146344974637031,0.1795715093612671,-0.4254365414381027,PDER,False,20.614809274673462,13.84484146012038,0.12059966428676289,False
PDER,-0.0129437893629074,0.1799410320818424,-0.4270852133631706,PDER,False,20.657230482995505,14.076844784436185,0.12262059916756259,False
PDER,-0.0163252055644989,0.1799410320818424,-0.4270852133631706,PDER,False,20.657230482995505,13.982359909594532,0.12179756018810568,False
PDER,-0.0146344974637031,0.1803105548024177,-0.4287338852882385,PDER,False,20.699651691317552,14.211988342993218,0.12379780786579458,False
PDER,-0.0303934514522552,0.3409305140376091,-0.3293521106243133,PDER,False,39.13882301151752,18.569808287898272,0.1617579119154902,False
PDER,-0.0287014134228229,0.341196060180664,-0.3277887478470802,PDER,False,39.16930770874023,19.049307118760495,0.1659347309996559,False
PDER,-0.0293759889900684,0.3420142382383346,-0.3309154659509659,PDER,False,39.26323454976081,19.3963376894054,0.16895764537809582,False
PDER,-0.0276839509606361,0.3422797843813896,-0.3293521031737327,PDER,False,39.29371924698353,19.24204708709435,0.16761365058444555,False
PDER,-0.0758102405816316,0.3897008970379829,-0.2747985757887363,PDER,False,44.73766297996043,15.53545675296475,0.1353262783359299,False
PDER,-0.074117062613368,0.3904649540781975,-0.2733191065490246,PDER,False,44.82537672817707,15.378339656010686,0.1339576625088039,False
PDER,-0.0753698460757732,0.391442596912384,-0.276278056204319,PDER,False,44.93761012554168,15.707963751352045,0.1368289525379098,False
PDER,-0.0736766681075096,0.3922066539525985,-0.2747985869646072,PDER,False,45.02532387375831,15.551366493839227,0.13546486492891313,False
PDER,-0.119317578151822,0.4476319178938865,-0.2200306840240955,PDER,False,51.38814417421817,12.261383554377847,0.10680647695451087,False
PDER,-0.1208807509392499,0.447737954556942,-0.2215862907469272,PDER,False,51.40031718313694,12.417724022731809,0.10816832772414468,False
PDER,-0.1182580292224884,0.4490238428115845,-0.2212635725736618,PDER,False,51.5479371547699,12.417454882558067,0.10816598329754414,False
PDER,-0.1198212020099163,0.4491298794746399,-0.2228191792964935,PDER,False,51.560110163688655,12.572128901098264,0.10951331795381763,False
PDER,-0.1337013207376003,0.5183738619089127,-0.1700354851782322,PDER,False,59.50931934714317,10.838944690552076,0.09441589451700415,False
PDER,-0.1321782432496547,0.5190598741173744,-0.1712986901402473,PDER,False,59.58807354867458,10.985719172939712,0.0956944178827501,False
PDER,-0.1351665332913398,0.5192629769444466,-0.1716213896870613,PDER,False,59.61138975322246,11.02193749928563,0.09600990853036262,False
PDER,-0.1336434558033943,0.5199489891529083,-0.1728845946490764,PDER,False,59.69014395475387,11.166037442698661,0.09726513451828102,False
PDER,-0.1176738943904638,0.5895853936672211,-0.1354385092854499,PDER,False,67.68440319299698,11.587497087941712,0.1009363857834644,False
PDER,-0.1190840676426887,0.5897297859191895,-0.133868146687746,PDER,False,67.70097942352295,11.382624846465484,0.09915178437687704,False
PDER,-0.1189470421522855,0.590698167681694,-0.1370089277625084,PDER,False,67.81214964985847,11.741045667072422,0.10227391696056116,False
PDER,-0.1203572154045105,0.5908425599336624,-0.1354385651648044,PDER,False,67.82872588038444,11.538133854513102,0.10050639246091553,False
PDER,-0.0798282120376825,0.6360655426979065,-0.1170101594179868,PDER,False,73.02032430171967,10.478489202071074,0.09127603834556686,False
PDER,-0.0811722502112388,0.6362694352865219,-0.1154171414673328,PDER,False,73.04373117089271,10.29270691772252,0.08965772576413344,False
PDER,-0.0810380037873983,0.6370558738708496,-0.1186033375561237,PDER,False,73.13401432037354,10.658643783503498,0.09284532912459494,False
PDER,-0.0823820419609546,0.637259766459465,-0.1170103196054697,PDER,False,73.15742118954658,10.474909529676271,0.09124485653028111,False
PDER,-0.0401647128164768,0.674758717417717,-0.1112464815378189,PDER,False,77.46230075955391,12.164876292060972,0.10596582135941614,False
PDER,-0.0416956283152103,0.6750343441963196,-0.1128547471016645,PDER,False,77.49394271373748,12.355236409027484,0.10762401053159829,False
PDER,-0.0388460345566272,0.6751502901315689,-0.1128546483814716,PDER,False,77.50725330710411,12.346444028713355,0.1075474218529038,False
PDER,-0.0403769500553607,0.6754259169101715,-0.1144629139453172,PDER,False,77.53889526128769,12.53464366651904,0.1091867915202007,False
PDER,-0.0219779759645462,0.7362387478351593,-0.0909001976251602,PDER,False,84.52020825147629,12.520728807897786,0.10906558195032914,False
PDER,-0.0202866904437541,0.7362446039915085,-0.0892692543566227,PDER,False,84.52088053822517,12.323536828993413,0.1073478817856569,False
PDER,-0.0205758027732372,0.7368110418319702,-0.0925311110913753,PDER,False,84.58590760231017,12.69912590526623,0.11061956363472326,False
PDER,-0.0188845172524452,0.7368168979883194,-0.0909001678228378,PDER,False,84.58657988905907,12.504443442564735,0.10892372336728864,False
PDER,-0.0166440457105636,0.8125365674495697,-0.040082162246108,PDER,False,93.2791979432106,10.753686426772537,0.0936732267140465,False
PDER,-0.0183349512517452,0.8126823455095291,-0.0417433623224496,PDER,False,93.29593326449394,10.947707843404762,0.0953633087404596,False
PDER,-0.0150495171546936,0.8128749877214432,-0.0417433641850948,PDER,False,93.31804859042167,10.944406624949451,0.09533455248213808,False
PDER,-0.0167404226958751,0.8130207657814026,-0.0434045642614364,PDER,False,93.33478391170502,11.135180398751894,0.09699634493686318,False
PDER,-0.0146344900131225,0.8701335787773132,-0.0107334982603788,PDER,False,99.89133484363556,10.110137316755381,0.08806739822957649,False
PDER,-0.0163252055644989,0.870355099439621,-0.0124098407104611,PDER,False,99.91676541566848,10.302577931790358,0.08974371020723308,False
PDER,-0.0129437819123268,0.870355099439621,-0.0124098407104611,PDER,False,99.91676541566848,10.302584175010777,0.08974376459068621,False
PDER,-0.0146344974637031,0.8705766201019287,-0.0140861831605434,PDER,False,99.94219598770141,10.495024612262023,0.09142007501970403,False
PDER,-0.0146344900131225,1.013521522283554,0.0178353395313024,PDER,False,116.352270758152,11.764425960425976,0.10247757805249108,False
PDER,-0.0163252055644989,1.0137430280447006,0.0161589905619621,PDER,False,116.37769961953163,11.979231696404302,0.10434870815683189,False
PDER,-0.0129437819123268,1.0137430280447006,0.0161589905619621,PDER,False,116.37769961953163,11.935024585577153,0.10396362879422608,False
PDER,-0.0146344974637031,1.0139645338058472,0.0144826415926218,PDER,False,116.40312848091125,12.146816988410484,0.1058085103520077,False
PDER,-0.0146344900131225,1.165354549884796,0.0421488750725984,PDER,False,133.78270232677457,8.69889223714727,0.07577432262323405,False
PDER,-0.0129437819123268,1.1654963791370392,0.040465815924108,PDER,False,133.7989843249321,8.861310594292714,0.07718911667502365,False
PDER,-0.0163252055644989,1.1654963791370392,0.040465815924108,PDER,False,133.7989843249321,8.922153761349884,0.07771910941942409,False
PDER,-0.0146344974637031,1.1656382083892822,0.0387827567756176,PDER,False,133.8152663230896,9.080542192690212,0.07909879958789383,False
PDER,-0.0146344900131225,1.2501795887947085,0.0444549024105072,PDER,False,143.52061679363254,7.630423130763806,0.06646710044219344,False
PDER,-0.0129437819123268,1.250241756439209,0.0427651274949312,PDER,False,143.52775363922117,7.804083725608068,0.0679798233937985,False
PDER,-0.0163252055644989,1.250241756439209,0.0427651274949312,PDER,False,143.52775363922117,7.847045479662457,0.06835405470089248,False
PDER,-0.0146344974637031,1.2503039240837095,0.0410753525793552,PDER,False,143.53489048480984,8.016009288918543,0.06982586488605003,False
PDER,-0.0145979598164558,1.3585122227668762,0.0407940912991762,PDER,False,155.9572031736374,6.0257196943597044,0.052488847511844114,False
PDER,-0.0162886753678321,1.3585883378982544,0.039105026051402,PDER,False,155.9659411907196,6.2555345140193985,0.05449071876323518,False
PDER,-0.01290725171566,1.3585883378982544,0.039105026051402,PDER,False,155.9659411907196,6.1823816941969785,0.05385349907837089,False
PDER,-0.0145979672670364,1.3586644530296326,0.0374159608036279,PDER,False,155.9746792078018,6.406567797919405,0.05580633970313071,False
PDER,-0.2726007997989654,1.4232133328914642,0.2741196751594543,PDER,False,163.3848906159401,16.839290189645197,0.14668371245335537,False
PDER,-0.0145783014595508,1.4239939451217651,0.037867359817028,PDER,False,163.47450489997863,4.869336044844313,0.042415819205960915,False
PDER,-0.0128875933587551,1.4240979850292206,0.0361797055229544,PDER,False,163.48644868135452,5.052205426895023,0.04400875807399846,False
PDER,-0.0162690132856369,1.4240979850292206,0.0361797055229544,PDER,False,163.48644868135452,5.080294184776127,0.04425343366529728,False
PDER,-0.0145783051848411,1.424202024936676,0.0344920512288808,PDER,False,163.4983924627304,5.255802799098398,0.04578225434754703,False
PDER,-0.2726008147001266,1.4290416836738586,0.2564221173524856,PDER,False,164.05398528575896,18.289290195423796,0.15931437452459754,False
PDER,-0.0179405584931373,1.434833288192749,0.0359312985092401,PDER,False,164.7188614845276,4.639474971703131,0.040413545049678846,False
PDER,-0.0255522057414054,1.4354000687599182,0.0357632488012313,PDER,False,164.7839278936386,4.828464606751437,0.042059796226057815,False
PDER,-0.2723542153835296,1.4354957342147827,0.2399319969117641,PDER,False,164.79491028785705,18.876314933859554,0.16442783043431666,False
PDER,-0.0792778320610523,1.4365345239639282,0.0338260256685316,PDER,False,164.91416335105896,8.956837871975992,0.0780212358186062,False
PDER,-0.0145417936146259,1.436862051486969,0.0371267739683389,PDER,False,164.95176351070404,4.477828948610294,0.039005478646431134,False
PDER,-0.0178871788084507,1.4368936419487,0.0371289867907762,PDER,False,164.95539009571075,4.502100475169747,0.03921690309381313,False
PDER,-0.0128510817885398,1.4369800984859469,0.0354398088529706,PDER,False,164.9653153061867,4.671548679096348,0.04069293274474171,False
PDER,-0.0255173593759536,1.437067687511444,0.0368516324087977,PDER,False,164.97537052631378,4.707545415960476,0.041006493170387424,False
PDER,-0.0145417898893356,1.4370981454849243,0.0337528437376022,PDER,False,164.9788671016693,4.865076403981427,0.04237871432039571,False
PDER,-0.0178871750831604,1.4371297061443329,0.0337550602853298,PDER,False,164.98249026536942,4.887404601254341,0.04257321081232004,False
PDER,-0.0798696838319301,1.437179684638977,0.0319025875069201,PDER,False,164.98822779655455,9.134849670924336,0.0795718612449855,False
PDER,-0.0255173593759536,1.4372056424617767,0.0340199852362275,PDER,False,164.99120775461196,5.019739475437853,0.04372595361879663,False
PDER,-0.1675578132271766,1.437326431274414,0.0580223235301673,PDER,False,165.00507431030272,16.45726869094852,0.14335599905007423,False
PDER,-0.262934185564518,1.4373295605182648,0.2010363452136516,PDER,False,165.00543354749678,19.448249233685793,0.16940983653036407,False
PDER,-0.1657567098736763,1.4373487532138824,0.0603422462008893,PDER,False,165.0076368689537,16.12550236104867,0.1404660484411905,False
PDER,-0.2793760895729065,1.4378615319728851,0.2564222291111946,PDER,False,165.0665038704872,19.468506707443165,0.1695862953610032,False
PDER,-0.2658255398273468,1.4378615319728851,0.2564222291111946,PDER,False,165.0665038704872,18.081104460553085,0.1575009099351314,False
PDER,-0.2838534712791443,1.4378615617752075,0.2741198614239692,PDER,False,165.0665072917938,19.156026219605447,0.16686433989203353,False
PDER,-0.2613481283187866,1.43786159157753,0.2741198614239692,PDER,False,165.06651071310043,16.746025062655594,0.1458712984551881,False
PDER,-0.2726007997989654,1.437861651182175,0.2918175011873245,PDER,False,165.0665175557137,17.318520713872637,0.15085819437171286,False
PDER,-0.2317704036831855,1.438035637140274,0.1320486720651388,PDER,False,165.08649114370346,18.21839171702272,0.15869679196012823,False
PDER,-0.2291138507425785,1.4380508065223694,0.1336281560361385,PDER,False,165.088232588768,17.864310106366055,0.15561245737252663,False
PDER,-0.2748352810740471,1.4383751153945925,0.2399320267140865,PDER,False,165.12546324729922,19.90233509638957,0.1733652882960764,False
PDER,-0.2700740471482277,1.4384025931358335,0.2399236969649791,PDER,False,165.1286176919937,19.361812604875478,0.168656904223654,False
PDER,-0.0792696774005889,1.438544750213623,0.034302354324609,PDER,False,165.1449373245239,8.926521955141535,0.07775715988799246,False
PDER,-0.2657217681407928,1.4387082159519196,0.2005084976553917,PDER,False,165.16370319128035,19.773923652224976,0.1722467217092768,False
PDER,-0.0254825130105018,1.4388732612133026,0.0351083688437938,PDER,False,165.18265038728714,4.898440523855081,0.04266934254229165,False
PDER,-0.0798615291714668,1.439189910888672,0.0323789161629974,PDER,False,165.21900177001956,9.103793268324354,0.07930133508993341,False
PDER,-0.0178337953984737,1.4391900599002838,0.0349527485668659,PDER,False,165.21901887655258,4.749976670641606,0.04137610340280144,False
PDER,-0.2618029564619064,1.4401201009750366,0.2010147459805011,PDER,False,165.3257875919342,19.32148786522215,0.16830564342528004,False
PDER,-0.1675578132271766,1.4401864409446716,0.0579947964288294,PDER,False,165.3334034204483,16.459383816046117,0.14337442348472226,False
PDER,-0.1657567098736763,1.44020876288414,0.0603147190995514,PDER,False,165.33596597909926,16.127608811828512,0.14048439731557938,False
PDER,-0.2317704036831855,1.440902203321457,0.1320210807025432,PDER,False,165.41557294130325,18.219835356982184,0.15870936722109916,False
PDER,-0.2291138507425785,1.4409173727035522,0.1336005646735429,PDER,False,165.4173143863678,17.86575021007828,0.15562500182995018,False
PDER,-0.2725551128387451,1.4412819743156433,0.2399237267673015,PDER,False,165.45917065143584,19.643508097905304,0.17111069771694515,False
PDER,-0.2645905390381813,1.4414987564086914,0.2004868984222412,PDER,False,165.48405723571776,19.64715589494071,0.17114247295244522,False
PDER,-0.2726008147001266,1.4466813802719116,0.2564223408699035,PDER,False,166.07902245521544,19.229151089479238,0.16750131611044633,False
PDER,-0.0144884139299392,1.451135337352753,0.0361482594162225,PDER,False,166.59033672809602,4.590015577352334,0.03998271408843497,False
PDER,-0.016179122030735,1.4512534141540527,0.034461279399693,PDER,False,166.60389194488525,4.79117158160531,0.04173494409063859,False
PDER,-0.0127976983785629,1.4512534141540527,0.034461279399693,PDER,False,166.60389194488525,4.783990284029584,0.041672389233707176,False
PDER,-0.0144884064793586,1.4513714909553528,0.0327742993831634,PDER,False,166.6174471616745,4.977279670733954,0.04335609469280448,False
PDER,-0.2726007997989654,1.4525098204612732,0.2741200476884842,PDER,False,166.74812738895415,19.633367983549665,0.1710223691946835,False
PDER,-0.0145249217748641,1.5688939690589905,0.0300201131030917,PDER,False,180.1090276479721,2.5356539591148857,0.022087578041070432,False
PDER,-0.0162156336009502,1.569012016057968,0.028333137743175,PDER,False,180.12257944345473,2.7141710188290067,0.02364260469363246,False
PDER,-0.0128342062234878,1.569012016057968,0.028333137743175,PDER,False,180.12257944345473,2.7556966102401916,0.024004325873172402,False
PDER,-0.0145249180495738,1.5691300630569458,0.0266461623832583,PDER,False,180.13613123893737,2.920738657531892,0.025441974368744704,False
PDER,-0.0145979598164558,1.7105867266654968,0.0151346372440457,PDER,False,196.37535622119904,1.2429757671032273,0.0108273150444532,False
PDER,-0.0129072442650794,1.7107780873775482,0.0167857464402914,PDER,False,196.39732443094252,1.0810302594987904,0.009416639891104446,False
PDER,-0.0162886753678321,1.7107780873775482,0.0167857464402914,PDER,False,196.39732443094252,1.0616110295619159,0.00924748283590519,False
PDER,-0.0145979598164558,1.7109694480895996,0.018436855636537,PDER,False,196.41929264068602,0.8643881957313503,0.00752951390009887,False
PDER,-0.0146344937384128,2.1188949942588806,-0.0974349249154329,PDER,False,243.24914534091948,6.003613153170628,0.0522962818220438,False
PDER,-0.0163252055644989,2.1191655099391937,-0.0957819726318121,PDER,False,243.28020054101944,5.8119062558698,0.05062636111384843,False
PDER,-0.0129437819123268,2.1191655099391937,-0.0957819726318121,PDER,False,243.28020054101944,5.822410062846752,0.05071785769030272,False
PDER,-0.0146344937384128,2.119436025619507,-0.0941290203481912,PDER,False,243.31125574111937,5.624234572691831,0.048991590354458464,False
PDER,-0.0146344974637031,2.526978611946106,-0.2104621604084968,PDER,False,290.097144651413,10.033486406619614,0.08739970737473532,False
PDER,-0.0129437893629074,2.5270074605941772,-0.2087712846696376,PDER,False,290.10045647621155,9.832459730798492,0.08564860392681614,False
PDER,-0.0163252055644989,2.5270074605941772,-0.2087712846696376,PDER,False,290.10045647621155,9.835301574584424,0.0856733586636274,False
PDER,-0.0146344974637031,2.5270363092422485,-0.2070804089307785,PDER,False,290.1037683010101,9.645682077919005,0.08402162088779622,False
PDER,-0.0146344974637031,2.697790503501892,-0.234331913292408,PDER,False,309.7063498020172,9.019616621728135,0.07856808903944369,False
PDER,-0.0129437893629074,2.6978079080581665,-0.2326408363878727,PDER,False,309.7083478450775,8.828363034530973,0.07690211702553112,False
PDER,-0.0163252055644989,2.6978079080581665,-0.2326408363878727,PDER,False,309.7083478450775,8.826869756607675,0.07688910937811563,False
PDER,-0.0146344974637031,2.697825312614441,-0.2309497594833374,PDER,False,309.7103458881378,8.631348240039054,0.07518596027908585,False
PDER,-0.0146344974637031,2.8623530864715576,-0.2542043328285217,PDER,False,328.5981343269348,8.378232152194567,0.07298111630831504,False
PDER,-0.0129437893629074,2.862370550632477,-0.2525132894515991,PDER,False,328.6001392126083,8.180824958692794,0.07126154145202783,False
PDER,-0.0163252055644989,2.862370550632477,-0.2525132894515991,PDER,False,328.6001392126083,8.192135397386668,0.0713600644371661,False
PDER,-0.0146344974637031,2.862388014793396,-0.2508222460746765,PDER,False,328.6021440982818,7.990133619855937,0.06960046707191583,False
PDER,-0.0146344974637031,3.0340481996536255,-0.261626735329628,PDER,False,348.3087333202362,7.384833527941975,0.06432781818764786,False
PDER,-0.0163252055644989,3.0340657234191895,-0.2599357217550277,PDER,False,348.31074504852296,7.205041801536921,0.06276168816669792,False
PDER,-0.0129437893629074,3.0340657234191895,-0.2599357217550277,PDER,False,348.31074504852296,7.182241457309718,0.06256307889642612,False
PDER,-0.0146344974637031,3.0340832471847534,-0.2582447081804275,PDER,False,348.3127567768097,6.997248080938353,0.060951638335699936,False
PDER,-0.0146344974637031,3.202120065689087,-0.2643488496541977,PDER,False,367.6033835411072,7.696841111172441,0.06704565427850559,False
PDER,-0.0163252055644989,3.202137529850006,-0.2626577839255333,PDER,False,367.6053884267807,7.5164356436813,0.06547417808084756,False
PDER,-0.0129437893629074,3.202137529850006,-0.2626577839255333,PDER,False,367.6053884267807,7.494582695174344,0.0652838213865361,False
PDER,-0.0146344974637031,3.2021549940109253,-0.2609667181968689,PDER,False,367.60739331245424,7.3091889664773255,0.06366889343621364,False
PDER,-0.0146344974637031,3.3675103187561035,-0.2434200868010521,PDER,False,386.59018459320066,5.29948357431654,0.04616274890519634,False
PDER,-0.0129437893629074,3.367615163326263,-0.2451035715639591,PDER,False,386.602220749855,5.480639584494622,0.04774076293113782,False
PDER,-0.0163252055644989,3.367615163326263,-0.2451035715639591,PDER,False,386.602220749855,5.510485030006466,0.04800074067949883,False
PDER,-0.0146344974637031,3.3677200078964233,-0.2467870563268661,PDER,False,386.6142569065094,5.684864725112574,0.04951972757066702,False
PDER,-0.0146344974637031,3.5302637815475464,-0.2204777300357818,PDER,False,405.2742821216583,5.074303499930179,0.0442012499993918,False
PDER,-0.0163252055644989,3.5304908752441406,-0.2221535481512546,PDER,False,405.3003524780273,5.3042107714428886,0.04620392658051297,False
PDER,-0.0129437893629074,3.5304908752441406,-0.2221535481512546,PDER,False,405.3003524780273,5.228336229742489,0.04554299851692063,False
PDER,-0.0146344974637031,3.530717968940735,-0.2238293662667274,PDER,False,405.32642283439634,5.451630431750285,0.04748806996298158,False
PDER,-0.0146344974637031,3.647081971168518,-0.1714107319712638,PDER,False,418.68501029014584,2.4799062486149617,0.021601970806750536,False
PDER,-0.0129437893629074,3.647321045398712,-0.1730847992002964,PDER,False,418.71245601177213,2.5143536496562846,0.02190203527575161,False
PDER,-0.0163252055644989,3.647321045398712,-0.1730847992002964,PDER,False,418.71245601177213,2.7522238059383017,0.023974074964619355,False
PDER,-0.0146344974637031,3.6475601196289062,-0.1747588664293289,PDER,False,418.7399017333984,2.7830377807406155,0.024242489379273653,False
PDER,-0.0146344974637031,3.754455208778382,-0.1248051300644874,PDER,False,431.01145796775825,0.2853211243855203,0.0024853756479574943,False
PDER,-0.0163252055644989,3.7547064423561096,-0.126477412879467,PDER,False,431.0402995824814,0.5580486396934835,0.004861050868410135,False
PDER,-0.0129437893629074,3.7547064423561096,-0.126477412879467,PDER,False,431.0402995824814,0.3801868924262992,0.0033117325124242094,False
PDER,-0.0146344974637031,3.754957675933838,-0.1281496956944465,PDER,False,431.0691411972046,0.6106709093552657,0.0053194330083211295,False
PDER,-0.0146344974637031,3.7683554887771606,-0.1211755946278572,PDER,False,432.60721011161803,0.2848401282046184,0.0024811857857545156,False
PDER,-0.0146344974637031,-2.046776513258616,-0.12162359555562333,PDER,True,-234.9699437220891,0.8437964322073884,0.007350143137695021,True
PDER,-0.0146344974637031,-1.9680680831273396,-0.17666038374106086,PDER,True,-225.9342159430186,0.7498160207498775,0.0065314984385877834,True
PDER,-0.0146344974637031,-1.8100045720736186,-0.2822586297988891,PDER,True,-207.7885248740514,0.6974011465770202,0.006074922879590769,True
PDER,-0.0146344974637031,-1.7312652071317038,-0.3361449539661407,PDER,True,-198.7492457787196,0.3886142699155741,0.0033851417240032588,True
PDER,-0.0146344974637031,-1.4174286524454753,-0.5032204190889994,PDER,True,-162.72080930074057,1.2580085399093661,0.010958262542764514,True
PDER,-0.0146344974637031,-1.3437395890553792,-0.537876566251119,PDER,True,-154.26130482355754,3.177960978997261,0.02768258692506325,True
PDER,-0.0146344974637031,-0.8507508734862009,-0.6579639613628387,PDER,True,-97.66620027621586,7.546120736219969,0.06573275902630635,True
PDER,-0.0146344974637031,-0.769106944402059,-0.664182037115097,PDER,True,-88.29347721735637,8.257081081461536,0.07192579339252209,False
PDER,-0.0146344974637031,-0.6257032454013824,-0.6656983097394308,PDER,True,-71.8307325720787,8.430521854683978,0.07343660152163743,False
PDER,-0.0146344974637031,-0.5641594231128693,-0.6643709639708201,PDER,True,-64.76550177335739,8.59320286303394,0.07485368347590539,False
PDER,-0.0146344974637031,-0.4192593681315581,-0.6421719193458557,PDER,True,-48.13097546150287,7.684758796746046,0.06694040763716068,False
PDER,-0.0146344974637031,-0.3363842939337095,-0.6180282533168793,PDER,True,-38.61691694358985,5.46237117810002,0.047581630471254535,False
PDER,-0.0146344974637031,-0.16790709023674333,-0.5697164734204611,PDER,True,-19.275733959178133,2.566575970931277,0.022356933544697536,False
PDER,-0.0146344974637031,-0.08332428211967158,-0.5423285762468973,PDER,True,-9.565627587338296,1.1782520406895578,0.010263519518201723,False
PDER,-0.0146344974637031,0.06126982222000756,-0.4872859666744868,PDER,True,7.033775590856868,6.153256941097248,0.053599799138477774,False
PDER,-0.0146344974637031,0.12042066579063732,-0.45636125405629474,PDER,True,13.824292432765164,10.779914513708672,0.0939016943702846,False
PDER,-0.014605266600847199,1.7925545573234558,-0.00473750047385698,PDER,True,205.78526318073273,2.357947820630841,0.020539615162289554,False
PDER,-0.0146125733852386,1.874139666557312,-0.02791185658425096,PDER,True,215.1512337207794,2.68681423442251,0.023404305177896427,False
PDER,-0.01461988016963,1.9557247757911682,-0.05108621269464494,PDER,True,224.5172042608261,4.180777403001838,0.036417921628935875,False
PDER,-0.0146271869540214,2.0373098850250244,-0.07426056880503892,PDER,True,233.8831748008728,4.5095746959675305,0.039282009546755495,False
PDER,-0.01463449448347086,2.2009445428848267,-0.11739564836025232,PDER,True,252.6684335231781,6.1470184381110595,0.0535454567779709,False
PDER,-0.01463449522852892,2.2824530601501465,-0.14066227637231343,PDER,True,262.0256113052368,7.0801998797869,0.06167421498072213,False
PDER,-0.01463449597358698,2.3639615774154663,-0.16392890438437457,PDER,True,271.3827890872955,7.211649996982471,0.06281925084479505,False
PDER,-0.01463449671864504,2.445470094680786,-0.1871955323964357,PDER,True,280.73996686935425,8.199086178267134,0.07142061130894715,False
RICL,-0.0075601991266012,-2.754893124103546,0.5309138596057892,RIC,False,-316.26173064708706,51.116586263559235,0.4452664308672407,False
RICL,-0.0346076376736164,-2.754893124103546,0.5309138596057892,RIC,False,-316.26173064708706,51.11581536585535,0.4452597157304473,False
RICL,-0.0210839174687862,-2.7536853551864624,0.5340517163276672,RIC,False,-316.1230787754059,51.072142607066766,0.44487929100232376,False
RICL,-0.007250202819705,-2.7535146474838257,0.5325793474912643,RIC,False,-316.1034815311432,51.01179268945772,0.4443535948559035,False
RICL,-0.0349176339805126,-2.7535146474838257,0.5325793474912643,RIC,False,-316.1034815311432,51.01068151309839,0.44434391561932396,False
RICL,-0.0342976413667202,-2.7531702518463135,0.5296078771352768,RIC,False,-316.06394491195675,50.887203669906356,0.4432683246507522,False
RICL,-0.0078701954334974,-2.7531702518463135,0.5296078771352768,RIC,False,-316.06394491195675,50.88765849471155,0.44327228653929923,False
RICL,-0.0596414003521204,-2.753013551235199,0.5193768441677094,RIC,False,-316.0459556818008,50.59027226131902,0.440681814122988,False
RICL,0.0174735644832253,-2.753013551235199,0.5193768441677094,RIC,False,-316.0459556818008,50.59107015614934,0.440688764426388,False
RICL,-0.0075601991266012,-2.751791775226593,0.531273365020752,RIC,False,-315.9056957960129,50.78241943531622,0.44235556999404374,False
RICL,-0.0346076376736164,-2.751791775226593,0.531273365020752,RIC,False,-315.9056957960129,50.781623445245906,0.4423486362826298,False
RICL,-0.0604805704206228,-2.7516499757766724,0.520821750164032,RIC,False,-315.889417219162,50.476458149677896,0.43969040200067855,False
RICL,0.0183127359487116,-2.7516499757766724,0.520821750164032,RIC,False,-315.889417219162,50.47638061388959,0.4396897266018257,False
RICL,-0.0588546637445688,-2.751326560974121,0.5182775855064392,RIC,False,-315.8522891998291,50.372428260030084,0.438784218292945,False
RICL,0.016686825081706,-2.751326560974121,0.5182775855064392,RIC,False,-315.8522891998291,50.3743070342371,0.43880058392192595,False
RICL,0.0175259965471923,-2.7499629855155945,0.5197224915027618,RIC,False,-315.6957507371902,50.25913643272174,0.4377973556857295,False
RICL,-0.0596938338130712,-2.7499629855155945,0.5197224915027618,RIC,False,-315.6957507371902,50.25838775550355,0.4377908341071738,False
RICL,0.0366295874118804,-2.7497567534446716,0.4979314059019089,RIC,False,-315.6720752954483,49.72147041061867,0.43311385375103373,False
RICL,-0.0787974186241626,-2.7497567534446716,0.4979314059019089,RIC,False,-315.6720752954483,49.72170411167285,0.4331158894745022,False
RICL,0.0378532786853611,-2.7484441995620728,0.4989490881562233,RIC,False,-315.5213941097259,49.594817359989236,0.43201060418109094,False
RICL,-0.080021109431982,-2.7484441995620728,0.4989490881562233,RIC,False,-315.5213941097259,49.593912021769775,0.43200271795966705,False
RICL,0.0355659648776054,-2.7481329441070557,0.4972057193517685,RIC,False,-315.48566198349,49.52327669324598,0.43138742764151555,False
RICL,-0.0777337998151779,-2.7481329441070557,0.4972057193517685,RIC,False,-315.48566198349,49.523822965416784,0.4313921861099023,False
RICL,-0.0789574906229972,-2.746820390224457,0.4982234016060829,RIC,False,-315.3349807977676,49.39621252909019,0.43028059694329435,False
RICL,0.036789656151086,-2.746820390224457,0.4982234016060829,RIC,False,-315.3349807977676,49.39613982288238,0.43027996361395804,False
RICL,-0.0891519077122211,-2.745733618736267,0.4699128493666649,RIC,False,-315.2102194309235,48.78083454010965,0.424920161499213,False
RICL,0.0469840755686163,-2.745733618736267,0.4699128493666649,RIC,False,-315.2102194309235,48.78103751523575,0.42492192957522434,False
RICL,-0.0906281843781471,-2.7444721460342407,0.4702732339501381,RIC,False,-315.0654023647308,48.64144613541255,0.42370597678930794,False
RICL,0.04846035502851,-2.7444721460342407,0.4702732339501381,RIC,False,-315.0654023647308,48.643011709655624,0.4237196141956065,False
RICL,-0.0879353173077106,-2.7441729307174683,0.4697359204292297,RIC,False,-315.0310524463653,48.601419483674285,0.42335731257556,False
RICL,0.0457674823701381,-2.7441729307174683,0.4697359204292297,RIC,False,-315.0310524463653,48.600511105634055,0.42334939987486114,False
RICL,-0.0894115939736366,-2.742911458015442,0.4700963050127029,RIC,False,-314.8862353801727,48.46154467220232,0.42213889087284256,False
RICL,0.0472437618300318,-2.742911458015442,0.4700963050127029,RIC,False,-314.8862353801727,48.46200077510735,0.4221428638946633,False
RICL,0.047123022377491,-2.7413476705551147,0.4397260695695877,RIC,False,-314.70671257972714,47.985316288822986,0.4179905600071689,False
RICL,-0.0892908573150634,-2.7413476705551147,0.4397260695695877,RIC,False,-314.70671257972714,47.986252009548274,0.41799871088456686,False
RICL,0.0485708341002464,-2.7400861978530884,0.4393182545900345,RIC,False,-314.5618955135345,47.83741688285458,0.4167022376555277,False
RICL,-0.0907386653125286,-2.7400861978530884,0.4393182545900345,RIC,False,-314.5618955135345,47.84024257978958,0.41672685174032736,False
RICL,0.0459883194416761,-2.739786922931671,0.4401656240224838,RIC,False,-314.5275387525558,47.81040014633375,0.41646690022938804,False
RICL,-0.0881561562418937,-2.739786922931671,0.4401656240224838,RIC,False,-314.5275387525558,47.80983695186885,0.4164619943542583,False
RICL,-0.0896039642393589,-2.7385254502296448,0.4397578090429306,RIC,False,-314.3827216863632,47.66332768173279,0.41518578119976296,False
RICL,0.0474361311644315,-2.7385254502296448,0.4397578090429306,RIC,False,-314.3827216863632,47.66199853991022,0.4151742033093225,False
RICL,0.0367223261855542,-2.7373563647270203,0.4114589244127273,RIC,False,-314.2485106706619,47.3439969142303,0.41240415430514205,False
RICL,-0.0788901597261428,-2.7373563647270203,0.4114589244127273,RIC,False,-314.2485106706619,47.34405607827888,0.41240466967141887,False
RICL,0.0378238409757614,-2.7359861731529236,0.4105275273323059,RIC,False,-314.09121267795564,47.18215319871252,0.4109943658424436,False
RICL,-0.0799916759133338,-2.7359861731529236,0.4105275273323059,RIC,False,-314.09121267795564,47.18107826205759,0.4109850022827316,False
RICL,0.0359164662659168,-2.7359113097190857,0.4125301167368889,RIC,False,-314.08261835575104,47.184965039274594,0.4110188592271306,False
RICL,-0.0780843012034893,-2.7359113097190857,0.4125301167368889,RIC,False,-314.08261835575104,47.185542926927425,0.41102389309170234,False
RICL,0.0370179810561239,-2.734541118144989,0.4115987196564674,RIC,False,-313.9253203630447,47.022600488268935,0.40960453386993845,False
RICL,-0.0791858173906803,-2.734541118144989,0.4115987196564674,RIC,False,-313.9253203630447,47.02220587168203,0.4096010964432233,False
RICL,0.014406491536647,-2.734223186969757,0.3857459500432014,RIC,False,-313.8888218641281,46.83247307002842,0.40794837169014303,False
RICL,-0.0596939679235219,-2.7342113256454468,0.389603279531002,RIC,False,-313.8874601840973,46.858988437016215,0.4081793417858555,False
RICL,0.0136888725683093,-2.7329708337783813,0.3870228677988052,RIC,False,-313.74505171775814,46.69688356293789,0.40676727842280397,False
RICL,-0.0592754483222961,-2.732882022857666,0.3910375982522964,RIC,False,-313.73485622406,46.71607962111921,0.4069344914731639,False
RICL,0.0153009463101625,-2.7327739000320435,0.3848387897014618,RIC,False,-313.72244372367857,46.6602512041266,0.406448181220615,False
RICL,-0.0604196768254041,-2.73273241519928,0.3884664177894592,RIC,False,-313.7176812648773,46.68151159483304,0.40663337626161183,False
RICL,-0.0485015008598566,-2.731545150279999,0.3811120763421058,RIC,False,-313.58138325214384,46.5520237010792,0.40550543293623,False
RICL,0.0145833273418247,-2.7315215468406677,0.3861157074570656,RIC,False,-313.5786735773086,46.52419803005366,0.4052630490422793,False
RICL,-0.0600011572241783,-2.731403112411499,0.3899007365107536,RIC,False,-313.5650773048401,46.53806672867675,0.4053838565215745,False
RICL,-0.0095707150176167,-2.730217695236206,0.3648708015680313,RIC,False,-313.4289914131164,46.38624440635962,0.4040613624247354,False
RICL,-0.010589656420052,-2.7291191816329956,0.3657856658101082,RIC,False,-313.30288205146786,46.27440624027066,0.4030871623716956,False
RICL,-0.0086133051663637,-2.7288278937339783,0.3643421754240989,RIC,False,-313.2694422006607,46.21643919515757,0.4025822229543342,False
RICL,-0.009632246568799,-2.727729380130768,0.3652570396661758,RIC,False,-313.14333283901215,46.104208431935646,0.40160460306564155,False
RICL,-0.0191121008247137,-2.7202709913253784,0.329753115773201,RIC,False,-312.28710980415343,45.061275877179,0.3925198247141028,False
RICL,-0.0203875806182622,-2.7192795872688293,0.3302984237670898,RIC,False,-312.1732966184616,44.95632292617279,0.391605600402202,False
RICL,-0.018138175830245,-2.719189703464508,0.3301962167024612,RIC,False,-312.1629779577255,44.944589326606824,0.39150339134674933,False
RICL,-0.0194136556237936,-2.718198299407959,0.3307415246963501,RIC,False,-312.0491647720337,44.83973865239885,0.39059005794772517,False
RICL,-0.019283665344119,-2.705518066883087,0.2930204048752785,RIC,False,-310.5934740781784,43.033393099792065,0.3748553405905232,False
RICL,-0.0183326564729213,-2.704796552658081,0.2942416369915008,RIC,False,-310.5106442451477,42.95561718876855,0.3741778500763811,False
RICL,-0.0206302385777235,-2.7045897841453552,0.2935159206390381,RIC,False,-310.48690721988675,42.92886593053738,0.37394482517889704,False
RICL,-0.0196792297065258,-2.703868269920349,0.2947371527552604,RIC,False,-310.40407738685604,42.851287780539266,0.3732690573217706,False
RICL,-0.0174362007528543,-2.689323127269745,0.2727252468466759,RIC,False,-308.7342950105667,41.09117436173163,0.35793705890010136,False
RICL,-0.0164851937443017,-2.6888864636421204,0.2740610241889953,RIC,False,-308.6841660261154,41.04667859940631,0.35754946515162295,False
RICL,-0.0187827721238136,-2.6885311603546143,0.2734032198786735,RIC,False,-308.6433772087097,41.00310061462163,0.3571698659810247,False
RICL,-0.017831765115261,-2.6880944967269897,0.274738997220993,RIC,False,-308.5932482242584,40.958906560147504,0.35678490034971694,False
RICL,-0.0121714081615209,-2.678138732910156,0.2638941258192062,RIC,False,-307.4503265380859,39.771497587161896,0.3464416166129085,False
RICL,-0.0131224151700735,-2.6778910756111145,0.2625824734568596,RIC,False,-307.4218954801559,39.737528845790735,0.3461457216532294,False
RICL,-0.0135179813951253,-2.6777896881103516,0.2648207768797874,RIC,False,-307.41025619506837,39.735747116407005,0.3461302013624304,False
RICL,-0.0144689884036779,-2.67754203081131,0.2635091245174408,RIC,False,-307.3818251371384,39.701369682934114,0.34583074636702194,False
RICL,0.0138282338157296,-2.6656326055526733,0.2828441485762596,RIC,False,-306.0146231174469,38.41563509448433,0.33463096772198897,False
RICL,0.0151748089119791,-2.665393590927124,0.2818493470549583,RIC,False,-305.9871842384338,38.38477849089947,0.3343621819764762,False
RICL,0.0128772258758544,-2.6646600365638733,0.2818662077188492,RIC,False,-305.9029721975326,38.29967367963893,0.3336208508679349,False
RICL,0.014223800972104,-2.664421021938324,0.2808714061975479,RIC,False,-305.87553331851956,38.26905338215247,0.3333541235379135,False
RICL,0.0432607308030128,-2.6441568732261658,0.3183086961507797,RIC,False,-303.54920904636384,36.154460195714336,0.31493432226232,False
RICL,0.0446073040366172,-2.643801689147949,0.3173257708549499,RIC,False,-303.50843391418454,36.11127118752779,0.3145581113896149,False
RICL,0.0423097256571054,-2.6430588960647583,0.3174258172512054,RIC,False,-303.42316126823425,36.02338349287745,0.3137925391365632,False
RICL,0.0436562988907098,-2.6427037119865417,0.3164428919553756,RIC,False,-303.382386136055,35.97902027512651,0.313406099957548,False
RICL,0.0511751668527722,-2.624072551727295,0.3476163446903229,RIC,False,-301.2435289382934,34.020775490486606,0.2963482185582457,False
RICL,0.0527458470314741,-2.623812675476074,0.3464140295982361,RIC,False,-301.2136951446533,33.985207441926015,0.29603839235127194,False
RICL,0.0500658890232443,-2.622930586338043,0.3464140146970749,RIC,False,-301.11243131160734,33.88106616177342,0.29513123834297406,False
RICL,0.0516365692019462,-2.6226707100868225,0.3452116996049881,RIC,False,-301.0825975179672,33.84794219416007,0.29484270203972185,False
RICL,0.0555107938125729,-2.611190438270569,0.362362876534462,RIC,False,-299.7646623134613,32.62921113553894,0.28422657783570504,False
RICL,0.057214175350964,-2.6109686493873596,0.3608733043074608,RIC,False,-299.7392009496689,32.59811244867078,0.2839556833507908,False
RICL,0.0540710315108299,-2.6104646921157837,0.3608732968568802,RIC,False,-299.68134665489197,32.53493569930136,0.2834053632343324,False
RICL,0.055774413049221,-2.6102429032325745,0.359383724629879,RIC,False,-299.65588529109954,32.50380633215351,0.28313420149959506,False
RICL,0.0563619015738368,-2.6072640419006348,0.368826687335968,RIC,False,-299.31391201019284,32.21525362660785,0.28062067618996384,False
RICL,0.0513419592753052,-2.6068074107170105,0.3638275638222694,RIC,False,-299.2614907503128,32.13186084333688,0.27989425821722025,False
RICL,0.061381846666336,-2.6068074107170105,0.3638275638222694,RIC,False,-299.2614907503128,32.142233769991954,0.2799846147211843,False
RICL,0.0563619043678045,-2.6063507795333862,0.3588284403085708,RIC,False,-299.20906949043274,32.05579502505852,0.279231663981346,False
RICL,0.0563619006425142,-2.599039673805237,0.3730001151561737,RIC,False,-298.3697545528412,31.29601444562922,0.2726133662511256,False
RICL,0.047933991998434,-2.5982730388641357,0.3646071478724479,RIC,False,-298.28174486160276,31.150549336353205,0.2713462485745053,False
RICL,0.0647898148745298,-2.5982730388641357,0.3646071478724479,RIC,False,-298.28174486160276,31.1723913733205,0.27153651022056186,False
RICL,0.0563619062304496,-2.5975064039230347,0.3562141805887222,RIC,False,-298.1937351703644,31.02948763651581,0.2702917041508346,False
RICL,0.0563619062304496,-2.589880108833313,0.3653738051652908,RIC,False,-297.3182364940643,30.20360295905968,0.26309758675139094,False
RICR,-0.0352821508422493,-2.7548932433128357,0.5309138894081116,RIC,False,-316.2617443323135,51.1152438473053,0.445254737345865,False
RICR,-0.0082347132265567,-2.7548932433128357,0.5309138894081116,RIC,False,-316.2617443323135,51.11669458863722,0.44526737446548104,False
RICR,-0.0217584446072578,-2.753685474395752,0.5340517163276672,RIC,False,-316.12309246063234,51.07180355689071,0.4448763376035776,False
RICR,-0.0355921611189842,-2.7535147666931152,0.5325793772935867,RIC,False,-316.1034952163696,51.01016279962295,0.44433939720925913,False
RICR,-0.0079247318208217,-2.7535147666931152,0.5325793772935867,RIC,False,-316.1034952163696,51.01184718894714,0.44435406959013185,False
RICR,-0.0349721405655145,-2.753170371055603,0.5296079069375992,RIC,False,-316.0639585971832,50.88657537899022,0.4432628517333643,False
RICR,-0.0085446946322917,-2.753170371055603,0.5296079069375992,RIC,False,-316.0639585971832,50.88782139164941,0.4432737055021726,False
RICR,-0.0603159153833985,-2.753013610839844,0.5193768739700317,RIC,False,-316.0459625244141,50.590985952925536,0.44068803094882875,False
RICR,0.0167990662157535,-2.753013610839844,0.5193768739700317,RIC,False,-316.0459625244141,50.59143706698386,0.44069196051379667,False
RICR,-0.0352821508422493,-2.7517918944358826,0.5312733948230743,RIC,False,-315.9057094812393,50.78104807234275,0.4423436243235431,False
RICR,-0.0082347132265567,-2.7517918944358826,0.5312733948230743,RIC,False,-315.9057094812393,50.782528380044965,0.4423565189899387,False
RICR,-0.0611551087349653,-2.751650035381317,0.5208217948675156,RIC,False,-315.8894240617752,50.47576768413782,0.4396843874924897,False
RICR,0.0176382139325141,-2.751650035381317,0.5208217948675156,RIC,False,-315.8894240617752,50.47660096981554,0.4396916460785326,False
RICR,-0.0595291480422019,-2.75132668018341,0.5182776302099228,RIC,False,-315.8523028850555,50.37301318899643,0.43878931349300027,False
RICR,0.0160123407840728,-2.75132668018341,0.5182776153087616,RIC,False,-315.8523028850555,50.37482097341259,0.4388050607440121,False
RICR,-0.0603683413937687,-2.749963104724884,0.5197225511074066,RIC,False,-315.6957644224167,50.25912282435019,0.4377972371459076,False
RICR,0.0168514885008335,-2.749963104724884,0.5197225362062454,RIC,False,-315.6957644224167,50.25950350673739,0.43780055319457656,False
RICR,-0.0794719438999891,-2.7497568130493164,0.4979314282536506,RIC,False,-315.6720821380615,49.72112217209503,0.43311082031441667,False
RICR,0.0359550788998603,-2.7497568130493164,0.49793142080307,RIC,False,-315.6720821380615,49.72158145240861,0.4331148210140123,False
RICR,-0.0806956458836793,-2.748444378376007,0.4989491328597069,RIC,False,-315.5214146375656,49.593561832231934,0.4319996675281528,False
RICR,0.0371787659823894,-2.748444378376007,0.4989491179585457,RIC,False,-315.5214146375656,49.59472309991412,0.4320097831002972,False
RICR,-0.0784083046019077,-2.7481329441070557,0.4972057491540909,RIC,False,-315.48566198349,49.52370870896736,0.43139119084466343,False
RICR,0.034891452640295,-2.7481329441070557,0.4972057268023491,RIC,False,-315.48566198349,49.52357218653071,0.43139000162483193,False
RICR,-0.0796320065855979,-2.7468205094337463,0.4982234537601471,RIC,False,-315.3349944829941,49.39566287768594,0.4302758090390762,False
RICR,0.0361151397228241,-2.7468205094337463,0.4982234239578247,RIC,False,-315.3349944829941,49.39622962944248,0.4302807459010669,False
RICR,-0.0898264218121767,-2.7457337379455566,0.4699128866195678,RIC,False,-315.2102331161499,48.78052714620711,0.42491748385197836,False
RICR,0.0463095679879188,-2.7457337379455566,0.4699128642678261,RIC,False,-315.2102331161499,48.78088241222753,0.4249205785037241,False
RICR,0.0477858558297157,-2.74447238445282,0.4702732488512993,RIC,False,-315.0654297351837,48.64259993053782,0.4237160272694932,False
RICR,-0.0913027077913284,-2.744472324848175,0.4702732861042022,RIC,False,-315.0654228925705,48.64141461935473,0.4237057022591875,False
RICR,-0.0886098314076662,-2.7441729307174683,0.4697359502315521,RIC,False,-315.0310524463653,48.600874690550015,0.4233525669908538,False
RICR,0.0450929626822471,-2.7441729307174683,0.4697359353303909,RIC,False,-315.0310524463653,48.60056431286175,0.4233498633524543,False
RICR,0.046569250524044,-2.742911577224731,0.4700963199138641,RIC,False,-314.8862490653991,48.4617969251011,0.42214108819774476,False
RICR,-0.0900861173868179,-2.7429115176200867,0.4700963497161865,RIC,False,-314.88624222278594,48.461276105179465,0.42213655143884554,False
RICR,-0.0899653732776641,-2.7413477301597595,0.4397261142730713,RIC,False,-314.70671942234037,47.986814870262485,0.4180036138524607,False
RICR,0.046448528766632,-2.7413477301597595,0.4397260770201683,RIC,False,-314.70671942234037,47.9857588113646,0.4179944147331411,False
RICR,0.0478963404893875,-2.740086317062378,0.4393182620406151,RIC,False,-314.561909198761,47.83759855064574,0.4167038201275761,False
RICR,-0.091413190588355,-2.740086257457733,0.4393183067440986,RIC,False,-314.56190235614775,47.83954932173287,0.41672081290708074,False
RICR,-0.0888306703418493,-2.739786982536316,0.4401656687259674,RIC,False,-314.52754559516904,47.81019089066939,0.41646507744485534,False
RICR,0.0453138090670108,-2.739786982536316,0.4401656463742256,RIC,False,-314.52754559516904,47.81105535514695,0.41647260762323124,False
RICR,0.0467616207897663,-2.7385255694389343,0.4397578313946724,RIC,False,-314.38273537158966,47.662392567846254,0.41517763560841686,False
RICR,-0.0902784876525402,-2.7385255098342896,0.4397578611969948,RIC,False,-314.38272852897643,47.663952764705186,0.41519122617339016,False
RICR,0.0360478349030017,-2.7373563647270203,0.4114589467644691,RIC,False,-314.2485106706619,47.343397874418926,0.4123989361883182,False
RICR,-0.0795646794140338,-2.7373563647270203,0.4114589765667915,RIC,False,-314.2485106706619,47.3439573098496,0.4124038093192474,False
RICR,-0.0806661993265152,-2.7359861731529236,0.4105275794863701,RIC,False,-314.09121267795564,47.18118667962654,0.41098594668664234,False
RICR,0.0371493473649024,-2.7359861731529236,0.4105275496840477,RIC,False,-314.09121267795564,47.181344566481904,0.4109873220076821,False
RICR,-0.0787588134407997,-2.7359113693237305,0.412530168890953,RIC,False,-314.08262519836427,47.185461929127804,0.4110231875359565,False
RICR,0.0352419689297676,-2.7359113693237305,0.4125301465392113,RIC,False,-314.08262519836427,47.18452268256734,0.41101500594570856,False
RICR,-0.079860333353281,-2.734541177749634,0.4115987718105316,RIC,False,-313.92532720565794,47.02216915496892,0.40960077661122757,False
RICR,0.0363434813916683,-2.734541177749634,0.4115987494587898,RIC,False,-313.92532720565794,47.02194833686765,0.4095988531086033,False
RICR,-0.0572488373145461,-2.734223246574402,0.3857459872961044,RIC,False,-313.8888287067413,46.846334801880886,0.408069118483283,False
RICR,0.0168516337871551,-2.7342113256454468,0.3896033093333244,RIC,False,-313.8874601840973,46.84860818481324,0.4080889214704986,False
RICR,-0.0565312085673213,-2.732970893383026,0.3870229050517082,RIC,False,-313.7450585603714,46.71194629226177,0.40689848686639174,False
RICR,0.016433123499155,-2.732882082462311,0.3910376280546188,RIC,False,-313.73486306667326,46.704388952625614,0.40683265638175625,False
RICR,-0.058143300935626,-2.732774019241333,0.3848388269543648,RIC,False,-313.72245740890503,46.67224860026528,0.4065526881556209,False
RICR,0.0175773371011018,-2.73273241519928,0.3884664475917816,RIC,False,-313.7176812648773,46.67155244402182,0.4065466240768451,False
RICR,0.005659157410264,-2.7315452098846436,0.3811121061444282,RIC,False,-313.58139009475707,46.527201003186995,0.4052892073448345,False
RICR,-0.0574256721884012,-2.7315216660499573,0.3861157447099685,RIC,False,-313.5786872625351,46.538462101066735,0.4053873005319402,False
RICR,0.0171588268131017,-2.731403172016144,0.389900766313076,RIC,False,-313.5650841474533,46.52817041101237,0.40529765166387083,False
RICR,-0.0332716247066855,-2.730217754840851,0.3648708313703537,RIC,False,-313.42899825572965,46.428495545976475,0.4044294037105965,False
RICR,-0.032252681441605,-2.729119300842285,0.3657856956124306,RIC,False,-313.3028957366943,46.31852893120699,0.4034715063693989,False
RICR,-0.0342290326952934,-2.7288280725479126,0.3643422052264213,RIC,False,-313.26946272850034,46.25727249860143,0.40293791375088356,False
RICR,-0.0332100894302129,-2.727729618549347,0.3652570694684982,RIC,False,-313.143360209465,46.14727441664105,0.4019797423052356,False
RICR,-0.0237302426248788,-2.7202709913253784,0.3297531455755234,RIC,False,-312.28710980415343,45.06155670007135,0.39252227090654485,False
RICR,-0.0224547628313303,-2.719279646873474,0.3302984535694122,RIC,False,-312.1733034610748,44.95632114142913,0.39160558485565444,False
RICR,-0.024704148992896,-2.719189763069153,0.3301962465047836,RIC,False,-312.16298480033873,44.94541946658551,0.3915106225312327,False
RICR,-0.0234286691993474,-2.7181984186172485,0.3307415544986725,RIC,False,-312.0491784572601,44.839932299782056,0.39059174477162073,False
RICR,-0.0235586836934089,-2.705518126487732,0.2930204346776008,RIC,False,-310.5934809207916,43.033633113730794,0.37485743130427523,False
RICR,-0.0245096832513809,-2.704796552658081,0.2942416742444038,RIC,False,-310.5106442451477,42.95633794771704,0.37418412846443416,False
RICR,-0.0222120955586433,-2.70458984375,0.2935159504413605,RIC,False,-310.4869140625,42.92886766911161,0.37394484032327185,False
RICR,-0.0231630951166152,-2.703868269920349,0.2947371900081634,RIC,False,-310.40407738685604,42.851381794405334,0.3732698762578862,False
RICR,-0.0254061557352542,-2.6893231868743896,0.2727252915501594,RIC,False,-308.73430185317994,41.093192846710764,0.3579546415218708,False
RICR,-0.0263571552932262,-2.6888864636421204,0.2740610688924789,RIC,False,-308.6841660261154,41.049474545372135,0.3575738200816388,False
RICR,-0.0240595676004886,-2.688531219959259,0.2734032571315765,RIC,False,-308.6433840513229,41.003954275825166,0.3571773020542262,False
RICR,-0.0250105671584606,-2.6880944967269897,0.274739034473896,RIC,False,-308.5932482242584,40.9606029719316,0.3567996774558502,False
RICR,-0.030670927837491,-2.678138732910156,0.2638941779732704,RIC,False,-307.4503265380859,39.77422582450684,0.3464653817465753,False
RICR,-0.0297199301421642,-2.6778910756111145,0.2625825256109237,RIC,False,-307.4218954801559,39.74115473398611,0.34617730604517516,False
RICR,-0.0293243546038866,-2.6777897477149963,0.2648208141326904,RIC,False,-307.41026303768155,39.73980669020664,0.34616556350354216,False
RICR,-0.0283733569085598,-2.6775420904159546,0.2635091617703438,RIC,False,-307.38183197975155,39.70457439615584,0.3458586619874202,False
RICR,-0.0566705781966447,-2.665632665157318,0.2828442007303238,RIC,False,-306.0146299600601,38.41883875975006,0.3346588742138507,False
RICR,-0.058017136529088,-2.665393590927124,0.2818493992090225,RIC,False,-305.9871842384338,38.38753495956806,0.3343861930275963,False
RICR,-0.0557195805013179,-2.664660096168518,0.2818662524223327,RIC,False,-305.90297904014585,38.30264477971331,0.33364673153060376,False
RICR,-0.0570661388337612,-2.664421021938324,0.2808714509010315,RIC,False,-305.87553331851956,38.27122004582913,0.3333729969148879,False
RICR,-0.0861030779778957,-2.6441568732261658,0.3183087483048439,RIC,False,-303.54920904636384,36.155703863714564,0.3149451556072697,False
RICR,-0.0874496512115001,-2.643801689147949,0.3173258155584335,RIC,False,-303.50843391418454,36.110261579688306,0.3145493168962396,False
RICR,-0.0851520784199237,-2.6430588960647583,0.3174258768558502,RIC,False,-303.42316126823425,36.023446209036756,0.3137930854445711,False
RICR,-0.0864986516535282,-2.6427037119865417,0.3164429441094398,RIC,False,-303.382386136055,35.97911739692339,0.31340694596623164,False
RICR,-0.0940175112336874,-2.624072551727295,0.347616396844387,RIC,False,-301.2435289382934,34.01712159884994,0.2963163902338845,False
RICR,-0.0955881848931312,-2.623812735080719,0.3464140817523002,RIC,False,-301.2137019872665,33.9830497872963,0.29601959745031625,False
RICR,-0.0929082445800304,-2.622930586338043,0.3464140743017196,RIC,False,-301.11243131160734,33.87893194702414,0.29511264762216155,False
RICR,-0.0944789182394743,-2.6226707696914673,0.3452117592096329,RIC,False,-301.08260436058043,33.84472100963167,0.2948146429410424,False
RICR,-0.0983531288802623,-2.611190438270569,0.3623629361391067,RIC,False,-299.7646623134613,32.62627118650356,0.28420096852355015,False
RICR,-0.1000564899295568,-2.6109687089920044,0.3608733639121055,RIC,False,-299.7392077922821,32.59467080783944,0.28392570390104044,False
RICR,-0.0969133879989385,-2.6104646921157837,0.3608733564615249,RIC,False,-299.68134665489197,32.53425913136221,0.2833994697853851,False
RICR,-0.098616749048233,-2.6102429628372192,0.3593837842345238,RIC,False,-299.65589213371277,32.50356176329829,0.2831320711088702,False
RICR,-0.0992042329162359,-2.6072640419006348,0.3688267394900322,RIC,False,-299.31391201019284,32.212277782063886,0.2805947541991628,False
RICR,-0.104224182665348,-2.6068074107170105,0.3638276234269142,RIC,False,-299.2614907503128,32.138305534427424,0.27995039664135385,False
RICR,-0.0941842831671238,-2.6068074107170105,0.3638276159763336,RIC,False,-299.2614907503128,32.127610925623294,0.2798572380280775,False
RICR,-0.0992042329162359,-2.6063507795333862,0.3588284999132156,RIC,False,-299.20906949043274,32.05516582957269,0.2792261831844311,False
RICR,-0.0992042310535907,-2.599039673805237,0.3730001598596573,RIC,False,-298.3697545528412,31.294089904669573,0.27259660195705204,False
RICR,-0.0907762944698333,-2.5982730388641357,0.3646071925759315,RIC,False,-298.28174486160276,31.150368816952994,0.2713446761058623,False
RICR,-0.1076321676373481,-2.5982730388641357,0.3646072074770927,RIC,False,-298.28174486160276,31.1685118281797,0.2715027162733423,False
RICR,-0.0992042310535907,-2.5975064039230347,0.356214240193367,RIC,False,-298.1937351703644,31.025621269379965,0.270258024994599,False
RICR,-0.0992042310535907,-2.589880108833313,0.365373857319355,RIC,False,-297.3182364940643,30.202688041788015,0.2630896170887458,False
RIH,-0.0066239428706467,-2.754524827003479,0.5302166044712067,RIH,False,-316.21945013999937,51.05570302620367,0.4447360890784292,False
RIH,-0.0365091362036764,-2.754524827003479,0.5302138179540634,RIH,False,-316.21945013999937,51.05345801222739,0.44471653320755566,False
RIH,-0.0065236594527959,-2.753161311149597,0.5318852365016937,RIH,False,-316.0629185199737,50.952392308830326,0.44383616993754643,False
RIH,-0.0367793780751526,-2.753161311149597,0.5318440198898315,RIH,False,-316.0629185199737,50.94882875354655,0.44380512851521386,False
RIH,0.0174883217550814,-2.753013491630554,0.5193779915571213,RIH,False,-316.0459488391876,50.591086856358295,0.44068890989859144,False
RIH,-0.0596414115279912,-2.753013491630554,0.5193767547607422,RIH,False,-316.0459488391876,50.59026328063836,0.4406817358940624,False
RIH,-0.0193199580535292,-2.7529995441436768,0.5326302796602249,RIH,False,-316.04434766769407,50.95570090246677,0.44386499043960603,False
RIH,-0.0248143812641501,-2.7529995441436768,0.5326302647590637,RIH,False,-316.04434766769407,50.9535024920072,0.44384584052271087,False
RIH,-0.0068327849730849,-2.7528377771377563,0.5288804918527603,RIH,False,-316.0257768154144,50.82996734200463,0.442769750365894,False
RIH,-0.0361663703806698,-2.7528377771377563,0.5289216786623001,RIH,False,-316.0257768154144,50.82921027342728,0.44276315569187524,False
RIH,0.0181918409653008,-2.7516499757766724,0.5208636522293091,RIH,False,-315.889417219162,50.47752054639863,0.43969965632751423,False
RIH,-0.0604805834591388,-2.7516499757766724,0.520821675658226,RIH,False,-315.889417219162,50.476456163178696,0.43969038469667854,False
RIH,-0.036436612252146,-2.7514742612838745,0.5305518805980682,RIH,False,-315.86924519538877,50.72414476268728,0.44184795089448853,False
RIH,-0.0067325015552341,-2.7514742612838745,0.5305491238832474,RIH,False,-315.86924519538877,50.72620984887987,0.4418659394501731,False
RIH,0.0168077074922621,-2.7513265013694763,0.5182355344295502,RIH,False,-315.85228235721587,50.373134998968006,0.43879037455547043,False
RIH,-0.0588546730577945,-2.7513265013694763,0.518277496099472,RIH,False,-315.85228235721587,50.3724192888209,0.43878414014652356,False
RIH,0.0175112267024815,-2.7499629855155945,0.519721195101738,RIH,False,-315.6957507371902,50.2591087476413,0.43779711452649217,False
RIH,-0.0596938449889421,-2.7499629855155945,0.5197224169969559,RIH,False,-315.6957507371902,50.25838580751547,0.4377908171386365,False
RIH,-0.0787974391132593,-2.7497567534446716,0.4979312941431999,RIH,False,-315.6720752954483,49.72170176733428,0.4331158690534345,False
RIH,0.036629581823945,-2.7497567534446716,0.4979312941431999,RIH,False,-315.6720752954483,49.721468082587855,0.43311383347201965,False
RIH,0.0378532726317644,-2.7484442591667175,0.4989489912986755,RIH,False,-315.52140095233915,49.59482203450708,0.4320106448998875,False
RIH,-0.0800211299210786,-2.7484442591667175,0.4989489912986755,RIH,False,-315.52140095233915,49.5939166882695,0.43200275860861936,False
RIH,-0.0777338147163391,-2.748132884502411,0.4972056224942207,RIH,False,-315.48565514087676,49.5238142475299,0.4313921101701211,False
RIH,0.0355659583583474,-2.748132884502411,0.4972056224942207,RIH,False,-315.48565514087676,49.52326795804494,0.4313873515509141,False
RIH,-0.0789575055241584,-2.746820390224457,0.4982233196496963,RIH,False,-315.3349807977676,49.39621079295177,0.4302805818201374,False
RIH,0.0367896491661667,-2.746820390224457,0.4982233196496963,RIH,False,-315.3349807977676,49.396138097920606,0.4302799485881586,False
RIH,0.0469840727746486,-2.745733678340912,0.4699127376079559,RIH,False,-315.21022627353665,48.78104278090621,0.4249219754434339,False
RIH,-0.089151931926608,-2.745733678340912,0.4699127376079559,RIH,False,-315.21022627353665,48.7808397970146,0.42492020729106794,False
RIH,0.0484603513032197,-2.7444722056388855,0.4702731296420097,RIH,False,-315.06540920734403,48.64301706001138,0.42371966080149287,False
RIH,-0.090628208592534,-2.7444722056388855,0.4702731296420097,RIH,False,-315.06540920734403,48.641451488365455,0.42370602341781755,False
RIH,-0.0879353377968072,-2.7441729307174683,0.4697358161211014,RIH,False,-315.0310524463653,48.601418043094114,0.4233573000269522,False
RIH,0.0457674767822027,-2.7441729307174683,0.4697358161211014,RIH,False,-315.0310524463653,48.60050967979007,0.42334938745461737,False
RIH,-0.0894116144627332,-2.742911458015442,0.4700962081551552,RIH,False,-314.8862353801727,48.46154332807228,0.4221388791643927,False
RIH,0.0472437553107738,-2.742911458015442,0.4700962081551552,RIH,False,-314.8862353801727,48.46199943519813,0.42214285222298026,False
RIH,0.0471230158582329,-2.7413476705551147,0.4397259578108787,RIH,False,-314.70671257972714,47.985315510436564,0.41799055322679934,False
RIH,-0.0892908759415149,-2.7413476705551147,0.4397259578108787,RIH,False,-314.70671257972714,47.98625124900494,0.4179987042596249,False
RIH,0.0485708285123109,-2.7400861978530884,0.4393181502819061,RIH,False,-314.5618955135345,47.83741616332905,0.41670223138788376,False
RIH,-0.0907386858016252,-2.7400861978530884,0.4393181502819061,RIH,False,-314.5618955135345,47.84024188995007,0.4167268457312724,False
RIH,0.0459883129224181,-2.739786922931671,0.4401655197143554,RIH,False,-314.5275387525558,47.81039940682379,0.4164668937876637,False
RIH,-0.0881561748683452,-2.739786922931671,0.4401655197143554,RIH,False,-314.5275387525558,47.80983622185578,0.41646198799525946,False
RIH,0.0474361255764961,-2.7385254502296448,0.4397577121853828,RIH,False,-314.3827216863632,47.661997859363844,0.41517419738121814,False
RIH,-0.0896039847284555,-2.7385254502296448,0.4397577121853828,RIH,False,-314.3827216863632,47.663327022252844,0.41518577545516416,False
RIH,-0.078890174627304,-2.7373563051223755,0.4114588126540184,RIH,False,-314.2485038280487,47.34404853140906,0.4124046039321347,False
RIH,0.0367223182693123,-2.7373563051223755,0.4114588126540184,RIH,False,-314.2485038280487,47.34398933517671,0.4124040882855114,False
RIH,0.0378238344565033,-2.7359861731529236,0.4105274155735969,RIH,False,-314.09121267795564,47.18215247650045,0.4109943595513976,False
RIH,-0.079991690814495,-2.7359861731529236,0.4105274155735969,RIH,False,-314.09121267795564,47.181077578456254,0.41098499632801616,False
RIH,-0.0780843198299408,-2.735911250114441,0.4125300049781799,RIH,False,-314.0826115131378,47.18553555588966,0.41102382888405625,False
RIH,0.0359164588153362,-2.735911250114441,0.4125300049781799,RIH,False,-314.0826115131378,47.184957427432565,0.4110187929218865,False
RIH,0.0275273779407143,-2.735321879386902,0.3971890434622764,RIH,False,-314.01495175361634,47.02026455035511,0.40958418597870305,False
RIH,-0.0791858360171318,-2.734541118144989,0.4115986078977585,RIH,False,-313.9253203630447,47.02220514825812,0.4096010901416212,False
RIH,0.0370179750025272,-2.734541118144989,0.4115986078977585,RIH,False,-313.9253203630447,47.022599732025256,0.40960452728244995,False
RIH,-0.059693980962038,-2.734211266040802,0.3896031677722931,RIH,False,-313.88745334148405,46.85898093897346,0.4081792764718943,False
RIH,0.016162316314876,-2.7340598702430725,0.3885687366127968,RIH,False,-313.8700731039047,46.82602315567358,0.4078921877671915,False
RIH,0.0269476259127259,-2.733992576599121,0.3985763192176819,RIH,False,-313.8623477935791,46.87438356931482,0.4083134457257389,False
RIH,0.0283808857202529,-2.7338430285453796,0.3961337506771087,RIH,False,-313.8451796770096,46.846322610294685,0.4080690122847969,False
RIH,-0.0592754641547799,-2.7328819632530212,0.3910374864935875,RIH,False,-313.73484938144685,46.71607206877733,0.4069344256862137,False
RIH,-0.0604196917265653,-2.73273241519928,0.3884662985801697,RIH,False,-313.7176812648773,46.68151092148975,0.4066333703962522,False
RIH,0.0157657861709594,-2.7327305674552917,0.3900094702839851,RIH,False,-313.7174691438675,46.68282569284697,0.4066448231084231,False
RIH,0.0168706006370484,-2.7325809597969055,0.3874207437038421,RIH,False,-313.70029418468476,46.6490959051266,0.40635100962653836,False
RIH,-0.034706424921751,-2.7325599789619446,0.3779144585132599,RIH,False,-313.6978855848312,46.69327867038,0.40673587691968643,False
RIH,-0.0074614323675632,-2.7325599789619446,0.3779144585132599,RIH,False,-313.6978855848312,46.68241880675471,0.40664127880448353,False
RIH,-0.0600011749193072,-2.731403112411499,0.3899006173014641,RIH,False,-313.5650773048401,46.53806599666551,0.4053838501451699,False
RIH,0.0284942965954542,-2.7313275933265686,0.3965608105063438,RIH,False,-313.55640771389005,46.560197259662736,0.40557663118173115,False
RIH,0.0290652019903063,-2.731254458427429,0.3985534831881523,RIH,False,-313.5480118274689,46.56347050702434,0.40560514378941065,False
RIH,0.0164740704931318,-2.7312516570091248,0.3888614773750305,RIH,False,-313.5476902246475,46.505362474689804,0.4050989762603642,False
RIH,0.026650071144104,-2.7312391996383667,0.3967100456357002,RIH,False,-313.5462601184845,46.54813977430586,0.4054716008214796,False
RIH,-0.0075790807604789,-2.731223225593567,0.3794048205018043,RIH,False,-313.54442629814145,46.526865414672976,0.40528628409993883,False
RIH,-0.0345887755975127,-2.731223225593567,0.3794048205018043,RIH,False,-313.54442629814145,46.537294934801466,0.40537713357841,False
RIH,0.0272209765389561,-2.7311660647392273,0.3987027183175087,RIH,False,-313.53786423206327,46.55150894273542,0.4055009489785315,False
RIH,-0.0071711889468133,-2.7310741543769836,0.3766275718808174,RIH,False,-313.52731292247773,46.514137083943076,0.405175410138877,False
RIH,-0.0349966678768396,-2.7310741543769836,0.3766275718808174,RIH,False,-313.52731292247773,46.52539089544589,0.40527343985580044,False
RIH,-0.0348790185526013,-2.729737401008606,0.3781179338693619,RIH,False,-313.37385363578795,46.36885208664929,0.4039098613819625,False
RIH,-0.007288837339729,-2.729737401008606,0.3781179338693619,RIH,False,-313.37385363578795,46.35802872573384,0.4038155812346153,False
RIH,0.0249492200091481,-2.72763592004776,0.3949315696954727,RIH,False,-313.1326036214828,46.12363198417431,0.40177379777155325,False
RIH,0.0264576636254787,-2.727617025375366,0.3944756388664245,RIH,False,-313.13043451309204,46.120660539927215,0.40174791411086425,False
RIH,0.0255679367110133,-2.726723551750183,0.3962151706218719,RIH,False,-313.027863740921,46.02622959695547,0.4009253449212149,False
RIH,0.0270763803273439,-2.7267046570777893,0.3957592397928238,RIH,False,-313.0256946325302,46.02403779985668,0.400906252611992,False
RIH,0.0215725759044289,-2.7212088108062744,0.3872837126255035,RIH,False,-312.3947714805603,45.3418245122036,0.3949636281550836,False
RIH,0.0202975468710064,-2.7209722995758057,0.3881657049059868,RIH,False,-312.3676199913025,45.319806946906695,0.3947718375166088,False
RIH,0.0227017775177955,-2.7202056646347046,0.3881365731358528,RIH,False,-312.27961030006406,45.232016651616235,0.3940071136900369,False
RIH,0.021426748484373,-2.719969153404236,0.389018565416336,RIH,False,-312.2524588108063,45.20981434511137,0.39381371380759034,False
RIH,0.0184116028249263,-2.7090482115745544,0.3739943131804466,RIH,False,-310.9987346887588,43.87614066940494,0.3821963472944681,False
RIH,0.0197419486939907,-2.708313405513763,0.3741512671113014,RIH,False,-310.91437895298,43.7918288698997,0.38146192395383016,False
RIH,0.0173909058794379,-2.7082712054252625,0.3747090995311737,RIH,False,-310.90953438282014,43.79160768725384,0.3814599972757303,False
RIH,0.0187212517485022,-2.707536399364471,0.3748660534620285,RIH,False,-310.82517864704124,43.70692936644982,0.3807223812408521,False
RIH,0.0109498519450426,-2.697526454925537,0.3604999259114265,RIH,False,-309.67603702545165,42.495532939758476,0.37017014755887173,False
RIH,0.0119438488036394,-2.696610927581787,0.3597548976540565,RIH,False,-309.57093448638915,42.38340372036697,0.3691934121983186,False
RIH,0.0101748723536729,-2.696583390235901,0.361113466322422,RIH,False,-309.5677731990814,42.39358628892905,0.3692821105307409,False
RIH,0.0111688692122697,-2.695667862892151,0.360368438065052,RIH,False,-309.4626706600189,42.281073240585506,0.3683020317124173,False
RIH,-0.0190049321390688,-2.690649449825287,0.3701499998569488,RIH,False,-308.8865568399429,41.895384270597916,0.3649423716951038,False
RIH,-0.0065309237688779,-2.689928889274597,0.3484657183289528,RIH,False,-308.80383648872373,41.6637434925393,0.3629245948827465,False
RIH,-0.0057755454909056,-2.689155340194702,0.3473625928163528,RIH,False,-308.7150330543518,41.563524525641,0.36205160736621084,False
RIH,-0.006524296477437,-2.6891242265701294,0.3493523821234703,RIH,False,-308.71146121025083,41.57614427832543,0.36216153552548286,False
RIH,-0.0057689181994646,-2.6883506774902344,0.3482492566108703,RIH,False,-308.6226577758789,41.47560222338791,0.3612857336532048,False
RIH,-0.0190049321390688,-2.6875494718551636,0.3563518077135086,RIH,False,-308.53067936897276,41.56967698048341,0.3621052001784269,False
RIH,-0.0182431014254689,-2.6837185621261597,0.3404693678021431,RIH,False,-308.09089093208314,41.04952680948082,0.35757427534390956,False
RIH,-0.0173928795848041,-2.6834173798561096,0.3392524644732475,RIH,False,-308.05631520748136,40.99724192934853,0.3571188321371824,False
RIH,-0.0174903613515198,-2.683389365673065,0.3415212705731392,RIH,False,-308.05309917926786,41.005833229828475,0.35719366924937695,False
RIH,-0.016640139510855,-2.683088183403015,0.3403043672442436,RIH,False,-308.01852345466614,40.95643875665406,0.35676340380360677,False
RIH,-0.0090049402788281,-2.6822004318237305,0.3648009076714515,RIH,False,-307.91660957336427,40.891996805571864,0.35620206276630545,False
RIH,-0.0290049239993095,-2.682200312614441,0.3648009002208709,RIH,False,-307.9165958881378,40.960338664473525,0.356797375126076,False
RIH,-0.0190049321390688,-2.676851272583008,0.3732500001788139,RIH,False,-307.30252609252926,40.300274344780306,0.351047685930142,False
RIH,-0.0190049323718994,-2.6767629384994507,0.3546947985887527,RIH,False,-307.29238533973694,40.33093966169909,0.3513148054154973,False
RIH,-0.0133747360669076,-2.6737513542175293,0.3594518303871155,RIH,False,-306.94665546417235,39.9441807384814,0.3479458252480958,False
RIH,-0.0246351286768913,-2.6737512350082397,0.3594518005847931,RIH,False,-306.9466417789459,40.02417234639075,0.34864261625775916,False
RIH,-0.0189309543929994,-2.672894835472107,0.3409252613782882,RIH,False,-306.84832711219786,39.825804834944535,0.34691467626258304,False
RIH,-0.0178820239380002,-2.6728126406669617,0.3397900238633156,RIH,False,-306.8388911485672,39.79855490177824,0.3466773075067791,False
RIH,-0.0198476375080645,-2.672796726226806,0.3398820459842682,RIH,False,-306.8370641708373,39.823819952113084,0.3468973863424485,False
RIH,-0.0187987070530653,-2.672714531421662,0.3387468084692955,RIH,False,-306.82762820720677,39.79350895819502,0.3466333532943817,False
RIH,-0.0190049323718994,-2.6707396507263184,0.3642088323831558,RIH,False,-306.60091190338136,39.644214283133145,0.34533287703077653,False
RIH,-0.0190049079246819,-2.6706010699272156,0.3558350130915642,RIH,False,-306.58500282764436,39.635755256643975,0.3452591921310451,False
RIH,-0.0178635334596037,-2.669990599155426,0.356799378991127,RIH,False,-306.5149207830429,39.555790946601114,0.3445626389076752,False
RIH,-0.02014628238976,-2.6699905395507812,0.3567993715405464,RIH,False,-306.51491394042966,39.586279432544906,0.34482821805352704,False
RIH,-0.0190049079246819,-2.6693800687789917,0.3577637374401092,RIH,False,-306.44483189582826,39.50621496877522,0.34413079241093397,False
RIH,-0.0190048832446336,-2.6633760929107666,0.3506394922733307,RIH,False,-305.755575466156,38.78372891569738,0.3378373598928343,False
RIH,-0.0200272314250469,-2.662667214870453,0.3513390943408012,RIH,False,-305.67419626712797,38.72095644802866,0.3372905613939779,False
RIH,-0.0179825350642204,-2.662667214870453,0.3513390943408012,RIH,False,-305.67419626712797,38.69303155850878,0.33704731322742837,False
RIH,-0.0190048832446336,-2.661958336830139,0.3520386964082718,RIH,False,-305.5928170681,38.62992149076426,0.33649757396136115,False
RIH,-0.0190287521108984,-2.6617655158042908,0.3431115970015526,RIH,False,-305.5706812143326,38.56543018844014,0.3359358030351929,False
RIH,-0.020037651527673,-2.6611698865890503,0.3425173163414001,RIH,False,-305.50230298042294,38.50960519386074,0.3354495225946058,False
RIH,-0.0179872242733836,-2.66116726398468,0.3424611166119575,RIH,False,-305.50200190544126,38.48096074805564,0.3352000065161641,False
RIH,-0.0189961236901581,-2.6605716347694397,0.3418668359518051,RIH,False,-305.4336236715317,38.424907432573704,0.334711737217541,False
RIH,-0.0190048832446336,-2.6598302125930786,0.3464607521891594,RIH,False,-305.34850840568544,38.358232763127376,0.3341309474140015,False
RIH,-0.0179825350642204,-2.6588932871818542,0.3466291800141334,RIH,False,-305.24094936847683,38.23837932303483,0.33308692790100025,False
RIH,-0.0200272314250469,-2.6588932871818542,0.3466291725635528,RIH,False,-305.24094936847683,38.266635959173,0.3333330658464547,False
RIH,-0.0190048832446336,-2.65795636177063,0.3467976003885269,RIH,False,-305.1333903312683,38.146446707438784,0.33228612114493716,False
RIML,-0.0346076469868421,-2.754893124103546,0.5309138298034668,RIM,False,-316.26173064708706,51.11581450053762,0.4452597081928364,False
RIML,-0.0075602093711495,-2.754893124103546,0.5309138000011444,RIM,False,-316.26173064708706,51.11658454932552,0.4452664159348913,False
RIML,-0.0072502135299146,-2.7535146474838257,0.5325792729854584,RIM,False,-316.1034815311432,51.01179050923667,0.4443535758644309,False
RIML,-0.0349176451563835,-2.7535146474838257,0.5325793027877808,RIM,False,-316.1034815311432,51.010680196780406,0.44434390415313946,False
RIML,-0.0078702047467231,-2.7531702518463135,0.529607817530632,RIM,False,-316.06394491195675,50.887656793624316,0.44327227172146616,False
RIML,-0.0342976506799459,-2.7531702518463135,0.5296078324317932,RIM,False,-316.06394491195675,50.88720238493883,0.4432683134576553,False
RIML,-0.0596414152532815,-2.753013491630554,0.5193768292665482,RIM,False,-316.0459488391876,50.590265223584325,0.4406817528186788,False
RIML,0.0174735547043383,-2.753013491630554,0.5193767547607422,RIM,False,-316.0459488391876,50.591061166435956,0.4406886861187801,False
RIML,-0.0075602089054882,-2.751791775226593,0.531273290514946,RIM,False,-315.9056957960129,50.7824172713119,0.4423555511438319,False
RIML,-0.0346076488494873,-2.751791775226593,0.5312733054161072,RIM,False,-315.9056957960129,50.78162170482366,0.4423486211221573,False
RIML,0.0183127261698246,-2.7516499757766724,0.5208216607570648,RIM,False,-315.889417219162,50.47637824691112,0.43968970598354634,False
RIML,-0.0604805871844291,-2.7516499757766724,0.5208217352628708,RIM,False,-315.889417219162,50.4764577364766,0.4396903984013641,False
RIML,0.0166868171654641,-2.7513264417648315,0.5182775110006332,RIM,False,-315.85227551460264,50.374291778145206,0.43880045102913945,False
RIML,-0.0588546749204397,-2.7513264417648315,0.5182775557041168,RIM,False,-315.85227551460264,50.37241416463143,0.4387840955107267,False
RIML,0.0175259886309504,-2.7499629259109497,0.5197224169969559,RIM,False,-315.695743894577,50.259127814546474,0.43779728061451634,False
RIML,-0.0596938468515872,-2.7499629259109497,0.5197224617004395,RIM,False,-315.695743894577,50.25838032421827,0.43779076937472367,False
RIML,0.0366295776329934,-2.749756693840027,0.4979312866926193,RIM,False,-315.67206845283505,49.7214611986474,0.4331137735073815,False
RIML,-0.0787974447011947,-2.749756693840027,0.4979313910007477,RIM,False,-315.67206845283505,49.7216970475038,0.4331158279399286,False
RIML,0.0378532693721354,-2.7484441995620728,0.4989489838480949,RIM,False,-315.5213941097259,49.59481515064092,0.4320105849358965,False
RIML,-0.0800211317837238,-2.7484441995620728,0.4989490956068039,RIM,False,-315.5213941097259,49.59391216485117,0.4320027192060206,False
RIML,0.0355659550987184,-2.748132824897766,0.4972056150436401,RIM,False,-315.4856482982635,49.52326107461231,0.43138729159069955,False
RIML,-0.0777338184416294,-2.748132824897766,0.4972057044506073,RIM,False,-315.4856482982635,49.52380921707682,0.4313920663508434,False
RIML,-0.0789575055241584,-2.746820330619812,0.4982234090566635,RIM,False,-315.3349739551544,49.396205945102544,0.4302805395914856,False
RIML,0.0367896468378603,-2.746820330619812,0.4982233121991157,RIM,False,-315.3349739551544,49.39613121453621,0.43027988862836425,False
RIML,-0.0891519375145435,-2.745733618736267,0.4699128419160843,RIM,False,-315.2102194309235,48.78083442162538,0.42492016046712006,False
RIML,0.0469840671867132,-2.745733618736267,0.4699127152562141,RIM,False,-315.2102194309235,48.78103567961174,0.42492191358546816,False
RIML,-0.0906282104551792,-2.7444721460342407,0.4702732414007187,RIM,False,-315.0654023647308,48.641446233578726,0.423705977644414,False
RIML,0.0484603457152843,-2.7444721460342407,0.4702731072902679,RIM,False,-315.0654023647308,48.64300995452073,0.42371959890697497,False
RIML,-0.0879353396594524,-2.7441729307174683,0.4697359129786491,RIM,False,-315.0310524463653,48.60141936198184,0.42335731151552125,False
RIML,0.045767473988235,-2.7441729307174683,0.4697357937693596,RIM,False,-315.0310524463653,48.600509374231905,0.42334938479296086,False
RIML,-0.0894116126000881,-2.742911458015442,0.4700963124632835,RIM,False,-314.8862353801727,48.461544765478486,0.4221388916853527,False
RIML,0.0472437525168061,-2.742911458015442,0.4700961858034134,RIM,False,-314.8862353801727,48.46199912545432,0.4221428495248634,False
RIML,0.0471230139955878,-2.74134761095047,0.4397259205579757,RIM,False,-314.70670573711396,47.98530842099173,0.4179904914720534,False
RIML,-0.0892908796668052,-2.74134761095047,0.4397260546684265,RIM,False,-314.70670573711396,47.98624509266542,0.41799865063297403,False
RIML,0.0485708257183432,-2.7400861978530884,0.4393181130290031,RIM,False,-314.5618955135345,47.837415906480985,0.41670222915053123,False
RIML,-0.0907386913895607,-2.7400861382484436,0.4393182471394539,RIM,False,-314.5618886709213,47.84023572824823,0.4167267920579114,False
RIML,0.0459883119910955,-2.7397868633270264,0.4401654824614525,RIM,False,-314.52753190994264,47.81039231234565,0.4164668319890736,False
RIML,-0.0881561748683452,-2.7397868633270264,0.4401656091213226,RIM,False,-314.52753190994264,47.80983002474093,0.4164619340134228,False
RIML,0.0474361237138509,-2.7385254502296448,0.4397576749324798,RIM,False,-314.3827216863632,47.66199759748111,0.4151741951000097,False
RIML,-0.0896039865911006,-2.738525390625,0.43975780159235,RIM,False,-314.38271484374997,47.663320818330284,0.4151857214140269,False
RIML,0.0367223168723285,-2.7373562455177307,0.411458782851696,RIM,False,-314.24849698543545,47.34398230542591,0.41240402705074836,False
RIML,-0.078890174627304,-2.7373562455177307,0.4114588946104049,RIM,False,-314.24849698543545,47.344042220882095,0.4124045489623876,False
RIML,0.0378238335251808,-2.7359861731529236,0.4105273857712745,RIM,False,-314.09121267795564,47.18215228495501,0.41099435788288335,False
RIML,-0.0799916945397853,-2.735986113548279,0.4105274975299835,RIM,False,-314.0912058353424,47.18107124786727,0.41098494118351286,False
RIML,0.0359164583496749,-2.735911190509796,0.4125299677252769,RIM,False,-314.0826046705246,47.18495033840227,0.41101873117075144,False
RIML,-0.0780843161046505,-2.735911190509796,0.4125300794839859,RIM,False,-314.0826046705246,47.18552908694027,0.41102377253432293,False
RIML,0.0370179750025272,-2.734541118144989,0.4115985706448555,RIM,False,-313.9253203630447,47.022599482107566,0.40960452510546663,False
RIML,-0.0791858360171318,-2.734541058540344,0.4115986824035644,RIM,False,-313.9253135204315,47.02219879674894,0.40960103481488624,False
RIML,0.017526124138385,-2.7342112064361572,0.3896031454205513,RIM,False,-313.8874464988708,46.84785017303916,0.4080823185804805,False
RIML,-0.0596939790993928,-2.7342112064361572,0.3896032199263572,RIM,False,-313.8874464988708,46.858974406656074,0.4081792195701749,False
RIML,-0.0374759268015623,-2.732949197292328,0.3789637237787246,RIM,False,-313.74256784915923,46.736280361421905,0.4071104561099469,False
RIML,0.0171076063998043,-2.7328819036483765,0.3910374641418457,RIM,False,-313.7348425388336,46.70354232915511,0.4068252816128494,False
RIML,-0.0592754613608121,-2.7328819036483765,0.3910375311970711,RIM,False,-313.7348425388336,46.71606551703027,0.4069343686152463,False
RIML,0.0182518339715898,-2.73273241519928,0.3884662836790085,RIM,False,-313.7176812648773,46.67094354200417,0.4065413200523011,False
RIML,-0.0604196898639202,-2.73273241519928,0.3884663581848144,RIM,False,-313.7176812648773,46.6815112460491,0.4066333732234242,False
RIML,-0.0372406290844082,-2.731619894504547,0.380451500415802,RIM,False,-313.589963889122,46.58145318753947,0.40576178734790486,False
RIML,-0.0267955306917428,-2.731545150279999,0.3770736679434776,RIM,False,-313.58138325214384,46.569528298053754,0.40565791200395257,False
RIML,-0.0380564136430621,-2.7314703464508057,0.3777341693639755,RIM,False,-313.57279577255247,46.56908584545933,0.4056540578872764,False
RIML,0.0178333162330091,-2.731403112411499,0.3899006024003029,RIM,False,-313.5650773048401,46.5274727827762,0.4052915747628589,False
RIML,-0.0600011721253395,-2.731403112411499,0.3899006694555282,RIM,False,-313.5650773048401,46.5380663055765,0.40538385283603223,False
RIML,-0.037821115925908,-2.730141043663025,0.3792219460010528,RIM,False,-313.42019181251527,46.413700932282175,0.4043005307690085,False
RIML,-0.0048267254605889,-2.7294156551361084,0.3673149347305298,RIM,False,-313.33691720962526,46.26946067347599,0.40304408252156787,False
RIML,-0.0056838560849428,-2.7280863523483276,0.3682015985250473,RIM,False,-313.184313249588,46.12903907701281,0.4018208978833869,False
RIML,-0.0038596051745116,-2.727936804294586,0.3667636439204216,RIM,False,-313.1671451330185,46.0900857993727,0.4014815836182291,False
RIML,-0.0047167357988655,-2.7266075015068054,0.3676503077149391,RIM,False,-313.01454117298124,45.9493019137282,0.4002552431509425,False
RIML,-0.0176004171371459,-2.720445990562439,0.3024900257587433,RIM,False,-312.307199716568,44.794828246401416,0.39019885232056983,False
RIML,-0.0169181171804666,-2.7193350791931152,0.3281470090150833,RIM,False,-312.1796670913696,44.9317787234628,0.3913918007270279,False
RIML,-0.0176834948360919,-2.718663513660431,0.298631027340889,RIM,False,-312.10257136821747,44.56741656159357,0.38821791429959557,False
RIML,-0.0183970816433429,-2.7181668281555176,0.3287463635206222,RIM,False,-312.0455518722534,44.80715992791665,0.39030627114909977,False
RIML,-0.0155643625184893,-2.7179874777793884,0.3286359533667564,RIM,False,-312.02496244907377,44.78552067853892,0.390117775945461,False
RIML,-0.0168914683163166,-2.7178553342819214,0.299592986702919,RIM,False,-312.0097923755646,44.48010596998678,0.38745736907653994,False
RIML,-0.0184755213558673,-2.717853605747223,0.2997094541788101,RIM,False,-312.00959393978115,44.48056885765095,0.3874614011990501,False
RIML,-0.0176834948360919,-2.7170454263687134,0.3006714135408401,RIM,False,-311.9168149471283,44.393588899118676,0.3867037360550407,False
RIML,-0.0170433269813656,-2.7168192267417908,0.3292353078722954,RIM,False,-311.89084722995756,44.66067472215766,0.38903026761461373,False
RIML,-0.0178289171308279,-2.7141348123550415,0.2982643023133278,RIM,False,-311.5826764583588,44.04611152710449,0.38367692967861056,False
RIML,-0.0186209436506032,-2.7139135003089905,0.2972066029906273,RIM,False,-311.5572698354721,44.01521202372259,0.383407770241486,False
RIML,-0.0170368906110525,-2.713835597038269,0.2971435636281967,RIM,False,-311.5483265399933,44.005960889061804,0.3833271854447892,False
RIML,-0.0178289171308279,-2.713614284992218,0.2960858643054962,RIM,False,-311.5229199171066,43.975407419266595,0.3830610402375139,False
RIML,-0.0179564906284213,-2.713144600391388,0.3005467802286148,RIM,False,-311.4690001249313,43.94563731487681,0.38280171877070396,False
RIML,-0.0190606843680143,-2.712006449699402,0.2991225719451904,RIM,False,-311.3383404254913,43.80680702579879,0.38159239569511144,False
RIML,-0.0168522968888282,-2.711841106414795,0.2990868985652923,RIM,False,-311.31935901641845,43.78764619973493,0.3814254895447294,False
RIML,-0.0179564906284213,-2.710702955722809,0.297662690281868,RIM,False,-311.18869931697844,43.649362598565915,0.3802209285589366,False
RIML,-0.0195006839931011,-2.710354208946228,0.3015848994255066,RIM,False,-311.14866318702695,43.63226455277868,0.3800719908778631,False
RIML,-0.01666796579957,-2.710145115852356,0.3015226274728775,RIM,False,-311.12465929985046,43.607931190284766,0.379860027789937,False
RIML,-0.0181469302624464,-2.7091379165649414,0.3024358078837394,RIM,False,-311.00903282165524,43.49845765156882,0.37890642553631376,False
RIML,-0.0180217195302248,-2.7027589082717896,0.2894292101264,RIM,False,-310.27672266960144,42.70190933196083,0.3719678513237006,False
RIML,-0.0195006839931011,-2.7017958760261536,0.2903868481516838,RIM,False,-310.1661665678024,42.595759628689684,0.3710432023405025,False
RIML,-0.01666796579957,-2.7015844583511353,0.2903343215584755,RIM,False,-310.14189581871034,42.57127832297108,0.3708299505485286,False
RIML,-0.0181469302624464,-2.7006214261054993,0.2912919595837593,RIM,False,-310.0313397169113,42.4652382970402,0.3699062569428589,False
RIML,-0.0178629197180271,-2.696517765522003,0.2745132595300674,RIM,False,-309.560239481926,41.92411369233216,0.3651926279819875,False
RIML,-0.0179784316569566,-2.696139693260193,0.2785310819745064,RIM,False,-309.5168367862701,41.89724059799846,0.3649585417944117,False
RIML,-0.0187959019094705,-2.6952391266822815,0.2744060084223747,RIM,False,-309.4134517431259,41.776955052849964,0.3639107583000868,False
RIML,-0.0169299375265836,-2.695136249065399,0.2744825705885887,RIM,False,-309.4016413927078,41.765474864154925,0.3638107566564018,False
RIML,-0.0191531032323837,-2.694867491722107,0.2772893905639648,RIM,False,-309.37078804969786,41.74637879925927,0.363644414627694,False
RIML,-0.0168037600815296,-2.6946898698806763,0.2772804424166679,RIM,False,-309.3503970623016,41.725944708944056,0.36346641732529666,False
RIML,-0.0178629197180271,-2.6938576102256775,0.274375319480896,RIM,False,-309.2548536539078,41.61834413802984,0.36252913012221116,False
RIML,-0.0176581805571913,-2.6935126185417175,0.2691569849848747,RIM,False,-309.21524860858915,41.55703156977286,0.3619950485171852,False
RIML,-0.0179784316569566,-2.6934176683425903,0.2760387510061264,RIM,False,-309.20434832572937,41.575531549409256,0.36215619816558586,False
RIML,-0.0195006839931011,-2.693237543106079,0.279408261179924,RIM,False,-309.18366994857786,41.568087886080484,0.36209135789268715,False
RIML,-0.01666796579957,-2.6930238008499146,0.2793654948472976,RIM,False,-309.15913233757016,41.54336329904807,0.3618759869255058,False
RIML,-0.0185911636799573,-2.69233900308609,0.2699320092797279,RIM,False,-309.0805175542831,41.425925841784,0.3608530125590941,False
RIML,-0.0167251974344253,-2.692302405834198,0.2700677961111069,RIM,False,-309.0763161897659,41.422313698784535,0.36082154789882,False
RIML,-0.0181469302624464,-2.692104935646057,0.2803675830364227,RIM,False,-309.05364661216737,41.44260591854932,0.3609983093950289,False
RIML,-0.0176581805571913,-2.6911287903785706,0.2708428204059601,RIM,False,-308.9415851354599,41.29143209265497,0.3596814642217332,False
RIML,-0.017525665462017,-2.689666986465454,0.2672748863697052,RIM,False,-308.7737700462341,41.10814824322159,0.35808491501064105,False
RIML,-0.0170349376276135,-2.6875094175338745,0.2698469907045364,RIM,False,-308.5260811328888,40.87152268489198,0.35602371676735173,False
RIML,-0.0157842021435499,-2.687303841114044,0.2710679396986961,RIM,False,-308.50248095989224,40.85334460683404,0.3558653711396694,False
RIML,-0.0184091897681355,-2.686666965484619,0.2710257917642593,RIM,False,-308.42936763763424,40.78010409083138,0.35522738755079597,False
RIML,-0.0171584542840719,-2.686461389064789,0.272246740758419,RIM,False,-308.40576746463773,40.76096269559785,0.35506065065851783,False
RIML,-0.0100264586508274,-2.679616928100586,0.2645284235477447,RIM,False,-307.62002334594723,39.94472719402372,0.34795058531379547,False
RIML,-0.0101375998929142,-2.6785784363746643,0.2632079347968101,RIM,False,-307.50080449581145,39.819646722453484,0.3468610341677133,False
RIML,-0.0111068217083811,-2.6784929037094116,0.2657173424959183,RIM,False,-307.49098534584044,39.8209461514236,0.3468723532353972,False
RIML,-0.011217962950468,-2.67745441198349,0.2643968537449837,RIM,False,-307.37176649570466,39.69544751334257,0.34577915952389,False
RIML,0.0138320280238986,-2.6676639318466187,0.2797840982675552,RIM,False,-306.2478193759918,38.63721233646949,0.3365610830702917,False
RIML,0.0147574637085199,-2.6663084030151367,0.2786257043480873,RIM,False,-306.09220466613766,38.47573015583002,0.3351544438661152,False
RIML,0.0129408417269587,-2.6661818623542786,0.2808064222335815,RIM,False,-306.07767779827117,38.470295065379986,0.335107099872648,False
RIML,0.01386627741158,-2.6648263335227966,0.2796480283141136,RIM,False,-305.922063088417,38.31109240426111,0.33372031711028843,False
RIML,0.0354280974715948,-2.657771348953247,0.29749246686697,RIM,False,-305.11215085983275,37.59256044213142,0.32746132789313087,False
RIML,0.0366298668086528,-2.6565592288970947,0.2964922934770584,RIM,False,-304.97299947738645,37.44945241043692,0.3262147422511927,False
RIML,0.0343048218637704,-2.656397819519043,0.2976167052984237,RIM,False,-304.95446968078613,37.43526904902535,0.32609119380684104,False
RIML,0.0355065912008285,-2.65518569946289,0.2966165319085121,RIM,False,-304.8153182983398,37.29162480533029,0.32483993732866107,False
RIML,0.0369127644225955,-2.6361106634140015,0.3315759226679802,RIM,False,-302.62550415992735,35.298042026248915,0.30747423367812643,False
RIML,0.0384250162169337,-2.6350009441375732,0.3306837081909179,RIM,False,-302.4981083869934,35.16812227376386,0.3063425285171068,False
RIML,0.0354925645515322,-2.6348538398742676,0.3307347893714905,RIM,False,-302.4812208175659,35.14810616196193,0.3061681721425255,False
RIML,0.0370048163458704,-2.6337441205978394,0.3298425748944282,RIM,False,-302.35382504463195,35.01665006223034,0.3050230841657695,False
RIML,0.0348488967865705,-2.627893447875977,0.3900831639766693,RIM,False,-301.6821678161622,34.67134441057603,0.30201519521407694,False
RIML,0.0348489000461995,-2.6185622215270996,0.3807519525289535,RIM,False,-300.610943031311,33.551012542838805,0.2922562068191534,False
RIML,0.0441801082342863,-2.6185622215270996,0.3900831565260887,RIM,False,-300.610943031311,33.61384568692685,0.2928035338582478,False
RIML,0.0348488981835544,-2.6185622215270996,0.3994143828749656,RIM,False,-300.610943031311,33.65340112743291,0.2931480934445375,False
RIML,0.0255176899954676,-2.6185622215270996,0.3900831788778305,RIM,False,-300.610943031311,33.59167571010489,0.29261041559324813,False
RIML,0.0353173892945051,-2.609901249408722,0.3731570318341255,RIM,False,-299.61666343212124,32.517573078932735,0.2832541208966266,False
RIML,0.0348489019088447,-2.6092309951782227,0.3955561220645904,RIM,False,-299.5397182464599,32.56137566567557,0.283635676530275,False
RIML,0.0293759470805525,-2.6092309951782227,0.3900831714272499,RIM,False,-299.5397182464599,32.52486165766686,0.2833176102584221,False
RIML,0.0403218567371368,-2.6092309951782227,0.3900831639766693,RIM,False,-299.5397182464599,32.53891358634147,0.2834400138183055,False
RIML,0.0348489019088447,-2.6092309951782227,0.3846102133393287,RIM,False,-299.5397182464599,32.50235056521969,0.28312152060295903,False
RIML,0.0368979405611753,-2.608529806137085,0.3725512474775314,RIM,False,-299.45922174453733,32.35867475603517,0.28186998916406947,False
RIML,0.0337675213813781,-2.6084808111190796,0.3725682646036148,RIM,False,-299.45359711647035,32.35044484800414,0.28179830006972245,False
RIML,0.0348489060997962,-2.6075525283813477,0.3876674845814705,RIM,False,-299.3470302581787,32.32577939147387,0.2815834441766017,False
RIML,0.0353480726480484,-2.607109367847442,0.3719624802470207,RIM,False,-299.2961554288864,32.1901961107801,0.2804024051461681,False
RIML,0.03323420509696,-2.6070362329483032,0.3890955299139023,RIM,False,-299.2877595424652,32.27373929805154,0.2811301332582887,False
RIML,0.0364636071026325,-2.6070362329483032,0.3890955224633217,RIM,False,-299.2877595424652,32.27592182426242,0.28114914481064823,False
RIML,0.0348489060997962,-2.606519937515259,0.3905235677957535,RIM,False,-299.2284888267517,32.22367794667393,0.28069405876893666,False
RIML,0.0348489098250865,-2.604946732521057,0.3849880620837211,RIM,False,-299.04788489341735,32.01377836494044,0.27886566519982964,False
RIML,0.0364636108279228,-2.6036343574523926,0.3854742050170898,RIM,False,-298.8972242355347,31.867699971830874,0.27759320532953724,False
RIML,0.0332342088222503,-2.6036343574523926,0.3854742050170898,RIM,False,-298.8972242355347,31.864456729973554,0.2775649540938463,False
RIML,0.0348489098250865,-2.602321982383728,0.3859603479504585,RIM,False,-298.74656357765195,31.71764194491006,0.2762860796594953,False
RIMR,-0.0343440966680645,-2.754893124103546,0.5309138298034668,RIM,False,-316.26173064708706,51.11607518784321,0.44526197898818126,False
RIMR,-0.0072966441512107,-2.754893124103546,0.5309138596057892,RIM,False,-316.26173064708706,51.11658132013973,0.44526638780609523,False
RIMR,-0.0346540957689285,-2.7535146474838257,0.532579317688942,RIM,False,-316.1034815311432,51.0109207481782,0.4443459995485906,False
RIMR,-0.0069866441190242,-2.7535146474838257,0.5325793474912643,RIM,False,-316.1034815311432,51.011808843936585,0.44435373557436053,False
RIMR,-0.0340340975672006,-2.7531702518463135,0.5296078324317932,RIM,False,-316.06394491195675,50.887485405371734,0.4432707787924367,False
RIMR,-0.0076066441833972,-2.7531702518463135,0.5296078622341156,RIM,False,-316.06394491195675,50.887631944516,0.44327205526581887,False
RIMR,0.0177371334284544,-2.753013610839844,0.5193768590688705,RIM,False,-316.0459625244141,50.59096894400636,0.44068788278751186,False
RIMR,-0.0593778258189559,-2.753013491630554,0.5193767696619034,RIM,False,-316.0459488391876,50.590019885024276,0.44067961572320796,False
RIMR,-0.0343440966680645,-2.751791775226593,0.5312733203172684,RIM,False,-315.9056957960129,50.78188454190596,0.4423509106437801,False
RIMR,-0.0072966441512107,-2.751791775226593,0.5312733501195908,RIM,False,-315.9056957960129,50.78241402646239,0.44235552287859226,False
RIMR,0.0185763109475374,-2.751650094985962,0.5208217650651932,RIM,False,-315.8894309043884,50.47634356159726,0.43968940384666605,False
RIMR,-0.0602170042693614,-2.7516499757766724,0.520821675658226,RIM,False,-315.889417219162,50.476406367741674,0.4396899509385163,False
RIMR,0.0169503800570964,-2.751326560974121,0.5182776153087616,RIM,False,-315.8522891998291,50.37414483345589,0.4387991710231349,False
RIMR,-0.0585910901427269,-2.7513264417648315,0.5182775259017944,RIM,False,-315.85227551460264,50.37222281247586,0.4387824286801033,False
RIMR,0.0177895575761795,-2.7499630451202393,0.5197225213050842,RIM,False,-315.69575757980346,50.25903852473983,0.43779650282874416,False
RIMR,-0.0594302685931324,-2.7499629259109497,0.5197224318981171,RIM,False,-315.695743894577,50.25813052979928,0.43778859346515053,False
RIMR,0.0368931423872709,-2.749756932258606,0.4979314282536506,RIM,False,-315.672095823288,49.721483190946046,0.43311396507792727,False
RIMR,-0.078533835709095,-2.749756634235382,0.4979312866926193,RIM,False,-315.6720616102219,49.721951156615006,0.4331180414339286,False
RIMR,0.0381168518215417,-2.748444437980652,0.4989491328597069,RIM,False,-315.52142148017884,49.594923022736026,0.4320115245882929,False
RIMR,-0.079757547006011,-2.748444139957428,0.4989489838480949,RIM,False,-315.52138726711274,49.59408102630715,0.43200419012462676,False
RIMR,0.0358295049518346,-2.748133063316345,0.4972057491540909,RIM,False,-315.4856756687164,49.52320827245304,0.43138683164157704,False
RIMR,-0.0774702150374651,-2.748132705688477,0.4972056075930595,RIM,False,-315.4856346130372,49.52351345867029,0.43138949005810356,False
RIMR,0.0370532143861055,-2.746820569038391,0.4982234537601471,RIM,False,-315.33500132560727,49.39616443210024,0.43028017797996726,False
RIMR,-0.0786939263343811,-2.7468202114105225,0.4982233047485351,RIM,False,-315.334960269928,49.3964437534953,0.4302826110931646,False
RIMR,0.0472476556897163,-2.745733857154846,0.4699128866195678,RIM,False,-315.21024680137634,48.78116460034298,0.4249230365883535,False
RIMR,-0.0888883341103792,-2.7457334399223328,0.4699127152562141,RIM,False,-315.2101989030838,48.78097135494127,0.42492135326603897,False
RIMR,0.0487239472568035,-2.74447238445282,0.4702732861042022,RIM,False,-315.0654297351837,48.643244717885196,0.4237216438840174,False
RIMR,-0.0903646238148212,-2.7444719672203064,0.4702730998396873,RIM,False,-315.06538183689116,48.64147796155413,0.4237062540205064,False
RIMR,0.0460310708731412,-2.7441731691360474,0.4697359576821327,RIM,False,-315.03107981681825,48.60055160468063,0.4233497526540125,False
RIMR,-0.0876717492938041,-2.744172692298889,0.469735786318779,RIM,False,-315.03102507591245,48.601637038293426,0.4233592076506396,False
RIMR,0.0475073624402284,-2.742911696434021,0.4700963571667671,RIM,False,-314.8862627506256,48.46214734553918,0.4221441406405852,False
RIMR,-0.0891480389982461,-2.742911219596863,0.4700961709022522,RIM,False,-314.88620800971984,48.46165710135241,0.4221398702208398,False
RIMR,0.0473866052925586,-2.7413477897644043,0.4397260919213295,RIM,False,-314.7067262649536,47.98519381626444,0.41798949317303524,False
RIMR,-0.0890272986143827,-2.7413474321365356,0.4397259205579757,RIM,False,-314.70668520927427,47.98604046542505,0.41799686816572346,False
RIMR,0.0488344114273786,-2.740086317062378,0.4393182843923569,RIM,False,-314.561909198761,47.83739917431904,0.41670208339999165,False
RIMR,-0.0904751028865575,-2.7400859594345093,0.4393181055784225,RIM,False,-314.56186814308165,47.83992536669357,0.41672408856004856,False
RIMR,0.0462519191205501,-2.7397871017456055,0.4401656612753868,RIM,False,-314.5275592803955,47.81020165481048,0.4164651712091505,False
RIMR,-0.087892597541213,-2.739786744117737,0.4401654824614525,RIM,False,-314.5275182247162,47.80971403185598,0.41646092362243886,False
RIMR,0.0476997252553701,-2.738525629043579,0.4397578537464142,RIM,False,-314.3827422142029,47.66190494707156,0.41517338804069304,False
RIMR,-0.0893404018133878,-2.7385252714157104,0.4397576674818992,RIM,False,-314.38270115852356,47.663098950461006,0.41518378876708195,False
RIMR,0.0369859021157026,-2.7373563647270203,0.4114589244127273,RIM,False,-314.2485106706619,47.34426547452808,0.4124064936805582,False
RIMR,-0.0786265954375267,-2.737356126308441,0.4114587754011154,RIM,False,-314.24848330020905,47.34410093699942,0.41240506042682423,False
RIMR,0.038087410852313,-2.7359861731529236,0.4105275273323059,RIM,False,-314.09121267795564,47.182503767908244,0.41099741958108227,False
RIMR,-0.0797281041741371,-2.7359859347343445,0.4105273783206939,RIM,False,-314.0911853075027,47.18104231095,0.41098468911977354,False
RIMR,0.0361800473183393,-2.7359113693237305,0.4125301167368889,RIM,False,-314.08262519836427,47.185182013140306,0.41102074924338244,False
RIMR,-0.0778207257390022,-2.7359111309051514,0.4125299677252769,RIM,False,-314.08259782791134,47.185226402514516,0.4110211359104052,False
RIMR,0.0372815560549497,-2.734541177749634,0.4115987196564674,RIM,False,-313.92532720565794,47.022899554297595,0.40960713897471773,False
RIMR,-0.0789222344756126,-2.7345409393310547,0.4115985706448555,RIM,False,-313.92529983520507,47.022236215699735,0.409601360763935,False
RIMR,0.0177897009998559,-2.7342113256454468,0.3896032497286796,RIM,False,-313.8874601840973,46.84760875797112,0.4080802156617694,False
RIMR,-0.0594303784891963,-2.7342111468315125,0.3896031454205513,RIM,False,-313.88743965625764,46.859599907833015,0.40818466818669874,False
RIMR,-0.0044283652678132,-2.7329492568969727,0.378963753581047,RIM,False,-313.74257469177246,46.72568733280153,0.40701818234147674,False
RIMR,0.0173711795359849,-2.732882022857666,0.3910375609993934,RIM,False,-313.73485622406,46.70326885834387,0.4068228994629257,False
RIMR,-0.0590118560940027,-2.7328818440437317,0.3910374715924263,RIM,False,-313.7348356962204,46.7167241489772,0.40694010582732754,False
RIMR,0.018515408039093,-2.73273241519928,0.3884663879871368,RIM,False,-313.7176812648773,46.6707414772802,0.406539559906622,False
RIMR,-0.0601561004295945,-2.7327322363853455,0.3884662762284279,RIM,False,-313.71766073703765,46.682071435012936,0.4066382529182312,False
RIMR,-0.0046636704355478,-2.731619954109192,0.3804515302181244,RIM,False,-313.5899707317352,46.57127957840155,0.405673167059247,False
RIMR,-0.0151087678968906,-2.731545150279999,0.3770736902952194,RIM,False,-313.58138325214384,46.56717467014591,0.4056374100186926,False
RIMR,-0.0038478765636682,-2.7314703464508057,0.3777341917157173,RIM,False,-313.57279577255247,46.554457609765315,0.40552663423140517,False
RIMR,0.018096886575222,-2.731403112411499,0.3899006992578506,RIM,False,-313.5650773048401,46.527238848587245,0.4052895370085997,False
RIMR,-0.0597375780344009,-2.7314029335975647,0.3899006024003029,RIM,False,-313.5650567770004,46.538659592738476,0.40538902084266965,False
RIMR,-0.0040831817314028,-2.730141043663025,0.3792219683527946,RIM,False,-313.42019181251527,46.40317110830696,0.40420880756364946,False
RIMR,-0.0370775302872061,-2.7294156551361084,0.3673149421811104,RIM,False,-313.33691720962526,46.31417058709336,0.40343354169941953,False
RIMR,-0.0362203959375619,-2.7280863523483276,0.3682016059756279,RIM,False,-313.184313249588,46.174640353759806,0.4022181215484304,False
RIMR,-0.0380446659401059,-2.7279367446899414,0.3667636439204216,RIM,False,-313.16713829040526,46.13378602999962,0.4018622476480803,False
RIMR,-0.0371875315904617,-2.7266074419021606,0.3676503077149391,RIM,False,-313.014534330368,45.99389428797915,0.4006436784667174,False
RIMR,-0.024303875863552,-2.720445990562439,0.3024900257587433,RIM,False,-312.307199716568,44.79539358045121,0.39020377683319873,False
RIMR,-0.0249861469492316,-2.7193350791931152,0.3281470090150833,RIM,False,-312.1796670913696,44.932811507341704,0.39140079710227965,False
RIMR,-0.0242208018898963,-2.718663513660431,0.298631027340889,RIM,False,-312.10257136821747,44.567943228981456,0.388222501994612,False
RIMR,-0.0235071843490004,-2.7181668281555176,0.3287463635206222,RIM,False,-312.0455518722534,44.80735853327773,0.3903080011609558,False
RIMR,-0.0263398988172411,-2.7179874777793884,0.328635960817337,RIM,False,-312.02496244907377,44.78752494094293,0.39013523467720324,False
RIMR,-0.025012819096446,-2.7178553342819214,0.2995929792523384,RIM,False,-312.0097923755646,44.481168403318726,0.3874666237222886,False
RIMR,-0.0234287846833467,-2.717853605747223,0.2997094541788101,RIM,False,-312.00959393978115,44.48074678918171,0.38746295112527623,False
RIMR,-0.0242208018898963,-2.7170454263687134,0.3006714060902595,RIM,False,-311.9168149471283,44.39411758365308,0.38670834132101983,False
RIMR,-0.02486093621701,-2.7168192267417908,0.329235315322876,RIM,False,-311.89084722995756,44.66162409941164,0.3890385374513209,False
RIMR,-0.0240753777325153,-2.7141348123550415,0.2982642948627472,RIM,False,-311.5826764583588,44.046570788989435,0.383680930217678,False
RIMR,-0.0232833437621593,-2.7139135003089905,0.2972066029906273,RIM,False,-311.5572698354721,44.015350339479404,0.3834089750825732,False
RIMR,-0.0248674117028713,-2.713835597038269,0.2971435561776161,RIM,False,-311.5483265399933,44.006928957672784,0.383335618098195,False
RIMR,-0.0240753777325153,-2.713614284992218,0.2960858643054962,RIM,False,-311.5229199171066,43.97586745965279,0.3830650475579511,False
RIMR,-0.0239477837458252,-2.713144600391388,0.3005467802286148,RIM,False,-311.4690001249313,43.946032944739635,0.3828051650238644,False
RIMR,-0.0228435881435871,-2.712006449699402,0.2991225719451904,RIM,False,-311.3383404254913,43.80683373824835,0.3815926283819543,False
RIMR,-0.0250519793480634,-2.711841106414795,0.2990868985652923,RIM,False,-311.31935901641845,43.7887541164893,0.38143514038753745,False
RIMR,-0.0239477837458252,-2.710702955722809,0.297662690281868,RIM,False,-311.18869931697844,43.64976091378431,0.38022439820369613,False
RIMR,-0.0224035773426294,-2.710354208946228,0.301584891974926,RIM,False,-311.14866318702695,43.632262842383575,0.38007197597895104,False
RIMR,-0.0252362918108701,-2.710145115852356,0.3015226349234581,RIM,False,-311.12465929985046,43.60917907115389,0.37987089783235095,False
RIMR,-0.023757329210639,-2.7091379165649414,0.3024358078837394,RIM,False,-311.00903282165524,43.49875974877416,0.3789090570450711,False
RIMR,-0.0238825399428606,-2.7027589082717896,0.2894292101264,RIM,False,-310.27672266960144,42.702360557469895,0.37197178185949387,False
RIMR,-0.0224035773426294,-2.7017958760261536,0.2903868407011032,RIM,False,-310.1661665678024,42.59576362440879,0.371043237146418,False
RIMR,-0.0252362918108701,-2.7015844583511353,0.2903343215584755,RIM,False,-310.14189581871034,42.57271318515948,0.3708424493480791,False
RIMR,-0.023757329210639,-2.7006214261054993,0.2912919521331787,RIM,False,-310.0313397169113,42.465547719095504,0.3699089522569295,False
RIMR,-0.0240413891151547,-2.696517765522003,0.2745132595300674,RIM,False,-309.560239481926,41.92492182791343,0.3651996674905351,False
RIMR,-0.023925851099193,-2.696139693260193,0.2785310819745064,RIM,False,-309.5168367862701,41.89789580667424,0.3649642491870579,False
RIMR,-0.0231084171682596,-2.6952391266822815,0.2744060084223747,RIM,False,-309.4134517431259,41.77722582426392,0.3639131169360969,False
RIMR,-0.0249743610620498,-2.695136249065399,0.2744825705885887,RIM,False,-309.4016413927078,41.76712940410467,0.36382516902530204,False
RIMR,-0.0227511785924434,-2.694867491722107,0.2772893905639648,RIM,False,-309.37078804969786,41.7464793047766,0.36364529011129443,False
RIMR,-0.0251005236059427,-2.6946898698806763,0.2772804424166679,RIM,False,-309.3503970623016,41.7275890465065,0.3634807408232274,False
RIMR,-0.0240413891151547,-2.6938576102256775,0.274375319480896,RIM,False,-309.2548536539078,41.61915821085936,0.36253622134894914,False
RIMR,-0.0242461087182164,-2.6935126185417175,0.2691569924354553,RIM,False,-309.21524860858915,41.558154684993184,0.3620048317508117,False
RIMR,-0.023925851099193,-2.6934176683425903,0.2760387510061264,RIM,False,-309.20434832572937,41.57619182797151,0.36216194972100624,False
RIMR,-0.0224035773426294,-2.693237543106079,0.279408261179924,RIM,False,-309.18366994857786,41.56811689415244,0.3620916105762408,False
RIMR,-0.0252362918108701,-2.6930238008499146,0.2793654948472976,RIM,False,-309.15913233757016,41.54515713793123,0.3618916126997494,False
RIMR,-0.0233131200075149,-2.69233900308609,0.2699320092797279,RIM,False,-309.0805175542831,41.4263614795615,0.3608568073132535,False
RIMR,-0.0251790974289178,-2.692302405834198,0.2700678035616874,RIM,False,-309.0763161897659,41.42425236274533,0.36083843521555165,False
RIMR,-0.023757329210639,-2.692104935646057,0.2803675830364227,RIM,False,-309.05364661216737,41.44314642697599,0.3610030176565853,False
RIMR,-0.0242461087182164,-2.6911287903785706,0.2708428204059601,RIM,False,-308.9415851354599,41.29249213125636,0.35969069800745956,False
RIMR,-0.0243786014616489,-2.689666986465454,0.2672748938202858,RIM,False,-308.7737700462341,41.10938663413053,0.3580957023878966,False
RIMR,-0.0248693358153104,-2.6875094175338745,0.2698469907045364,RIM,False,-308.5260811328888,40.87325424927264,0.35603880008077216,False
RIMR,-0.0261200675740838,-2.687303841114044,0.2710679396986961,RIM,False,-308.50248095989224,40.855136602998385,0.35588098086235526,False
RIMR,-0.0234950799494981,-2.686666965484619,0.2710257917642593,RIM,False,-308.42936763763424,40.780610842353255,0.355231801762659,False
RIMR,-0.0247458117082715,-2.686461389064789,0.272246740758419,RIM,False,-308.40576746463773,40.76243919380937,0.35507351214119665,False
RIMR,-0.031877813860774,-2.679616928100586,0.2645284235477447,RIM,False,-307.62002334594723,39.945777502584114,0.3479597343430672,False
RIMR,-0.0317666819319129,-2.6785784363746643,0.2632079422473907,RIM,False,-307.50080449581145,39.820646309298574,0.34686974137019666,False
RIMR,-0.0307974610477685,-2.678492844104767,0.2657173424959183,RIM,False,-307.4909785032272,39.822179097314695,0.34688309318218374,False
RIMR,-0.0306863291189074,-2.677454352378845,0.2643968611955642,RIM,False,-307.37175965309143,39.69808254800449,0.34580211278749556,False
RIMR,-0.0557362977415323,-2.667663872241974,0.2797840908169746,RIM,False,-306.2478125333786,38.63876924854992,0.33657464502221185,False
RIMR,-0.0566617473959922,-2.666308283805847,0.2786256968975067,RIM,False,-306.09219098091125,38.479268900311695,0.3351852691664782,False
RIMR,-0.0548451114445924,-2.666181802749634,0.2808064222335815,RIM,False,-306.07767095565794,38.47286225851017,0.33512946218214434,False
RIMR,-0.0557705610990524,-2.664826214313507,0.2796480283141136,RIM,False,-305.9220494031906,38.3126712479606,0.33373407010418643,False
RIMR,-0.077332392334938,-2.6577712297439575,0.2974924519658088,RIM,False,-305.1121371746063,37.59281580541994,0.3274635523120204,False
RIMR,-0.0785341542214155,-2.6565589904785156,0.2964922711253166,RIM,False,-304.9729721069336,37.448853838449274,0.32620952820948845,False
RIMR,-0.076209096238017,-2.656397819519043,0.2976166978478431,RIM,False,-304.95446968078613,37.43555194925946,0.3260936580945946,False
RIMR,-0.0774108581244945,-2.655185580253601,0.2966165170073509,RIM,False,-304.81530461311337,37.29105026462653,0.324834932618698,False
RIMR,-0.0788170509040355,-2.6361106038093567,0.3315759152173996,RIM,False,-302.6254973173141,35.29782524519034,0.30747234534137924,False
RIMR,-0.0803293026983738,-2.6350008249282837,0.3306836932897568,RIM,False,-302.49809470176695,35.167541364054614,0.30633746832800185,False
RIMR,-0.0773968435823917,-2.6348538398742676,0.3307347744703293,RIM,False,-302.4812208175659,35.14695303620785,0.30615812749309973,False
RIMR,-0.0789090953767299,-2.6337440609931946,0.3298425525426864,RIM,False,-302.3538182020187,35.015961890627054,0.3050170896396085,False
RIMR,-0.0767531618475914,-2.6278932094573975,0.3900831639766693,RIM,False,-301.6821404457092,34.669762014109914,0.30200141127273444,False
RIMR,-0.0860843732953071,-2.6185619831085205,0.3900831565260887,RIM,False,-300.61091566085815,33.61125040620248,0.2927809268832969,False
RIMR,-0.067421980202198,-2.6185619831085205,0.3900831714272499,RIM,False,-300.61091566085815,33.59077480276867,0.2926025679683682,False
RIMR,-0.0767531767487526,-2.6185619831085205,0.3807519450783729,RIM,False,-300.61091566085815,33.54728737489758,0.29222375762105907,False
RIMR,-0.0767531767487526,-2.6185619831085205,0.3994143828749656,RIM,False,-300.61091566085815,33.64980076679867,0.2931167314181069,False
RIMR,-0.0772216618061065,-2.6099011301994324,0.3731570318341255,RIM,False,-299.61664974689484,32.51398563107186,0.2832228713508002,False
RIMR,-0.0712802521884441,-2.6092307567596436,0.3900831639766693,RIM,False,-299.53969087600706,32.52307535567765,0.2833020501365649,False
RIMR,-0.082226101309061,-2.6092307567596436,0.3900831639766693,RIM,False,-299.53969087600706,32.53461613921069,0.2834025796098492,False
RIMR,-0.0767531767487526,-2.6092307567596436,0.3955561220645904,RIM,False,-299.53969087600706,32.559284215470576,0.28361745832291446,False
RIMR,-0.0767531767487526,-2.6092307567596436,0.3846102058887481,RIM,False,-299.53969087600706,32.499088065425084,0.28309310161520107,False
RIMR,-0.0788022279739379,-2.60852974653244,0.3725512400269508,RIM,False,-299.4592149019241,32.356567948067934,0.2818516371782921,False
RIMR,-0.0756717920303344,-2.608480751514435,0.3725682571530342,RIM,False,-299.4535902738571,32.346801192558,0.28176656091078395,False
RIMR,-0.0767531786113977,-2.607552289962769,0.3876674845814705,RIM,False,-299.34700288772586,32.32306592737041,0.2815598077297074,False
RIMR,-0.0772523581981659,-2.607109367847442,0.3719624653458595,RIM,False,-299.2961554288864,32.187802081318274,0.28038155123099545,False
RIMR,-0.0783678628504276,-2.607036054134369,0.3890955224633217,RIM,False,-299.2877390146255,32.27530470589549,0.2811437692151175,False
RIMR,-0.0751384943723678,-2.607035994529724,0.3890955299139023,RIM,False,-299.28773217201234,32.27156987601657,0.2811112358538029,False
RIMR,-0.0767531786113977,-2.6065197587013245,0.3905235677957535,RIM,False,-299.22846829891205,32.22035878603514,0.2806651462198183,False
RIMR,-0.076753195375204,-2.604946494102478,0.3849880620837211,RIM,False,-299.0478575229645,32.009555315126306,0.2788288790516229,False
RIMR,-0.0783678963780403,-2.603634238243103,0.3854742050170898,RIM,False,-298.8972105503082,31.86396249107816,0.27756064887698745,False
RIMR,-0.0751384943723678,-2.6036341786384583,0.3854742050170898,RIM,False,-298.897203707695,31.86017941378138,0.2775276952419981,False
RIMR,-0.076753195375204,-2.6023219227790833,0.3859603479504585,RIM,False,-298.7465567350387,31.713631209734128,0.2762511429419349,False
RIR,-0.0068246237933635,-2.754525065422058,0.5301929712295532,RIR,False,-316.21947751045224,51.05502042739266,0.4447301430957549,False
RIR,-0.0360817015171051,-2.754525065422058,0.5300057381391525,RIR,False,-316.21947751045224,51.04776309196971,0.4446669258882379,False
RIR,-0.0364670697599649,-2.7531615495681763,0.5316334813833237,RIR,False,-316.06294589042665,50.942876389981215,0.44375327865837294,False
RIR,-0.0064848028123378,-2.7531615495681763,0.5318235605955124,RIR,False,-316.06294589042665,50.95063222661415,0.4438208382109246,False
RIR,0.0174735784530639,-2.7530137300491333,0.5193768739700317,RIR,False,-316.0459762096405,50.59109091832982,0.4406889452816186,False
RIR,-0.0596413910388946,-2.7530137300491333,0.5193768739700317,RIR,False,-316.0459762096405,50.59029302059495,0.4406819949529177,False
RIR,-0.0239821262657642,-2.752999782562256,0.532222330570221,RIR,False,-316.04437503814694,50.941611515676506,0.4437422605895166,False
RIR,-0.0196717958897352,-2.752999782562256,0.5325938612222672,RIR,False,-316.04437503814694,50.954302148794476,0.4438528061741679,False
RIR,-0.0356464032083749,-2.752838015556335,0.5287243872880936,RIR,False,-316.02580418586723,50.823966355890185,0.44271747696768454,False
RIR,-0.0072234589606523,-2.752838015556335,0.528905838727951,RIR,False,-316.02580418586723,50.830680717953705,0.44277596444210543,False
RIR,0.0183127485215663,-2.7516502141952515,0.5208217799663544,RIR,False,-315.88944458961487,50.47640803201629,0.43968996543568195,False
RIR,-0.0604805629700422,-2.7516502141952515,0.5208217799663544,RIR,False,-315.88944458961487,50.47648557862527,0.43969064092879157,False
RIR,-0.0360317714512348,-2.7514744997024536,0.5303521305322647,RIR,False,-315.86927256584164,50.71862901781166,0.4417999043363385,False
RIR,-0.0068836379796266,-2.7514744997024536,0.5305364280939102,RIR,False,-315.86927256584164,50.72584800069565,0.4418627874625057,False
RIR,0.016686838120222,-2.75132668018341,0.5182776153087616,RIR,False,-315.8523028850555,50.374321129740316,0.43880070670505505,False
RIR,-0.0588546525686979,-2.75132668018341,0.5182776153087616,RIR,False,-315.8523028850555,50.372442355428745,0.4387843410751633,False
RIR,-0.0596938244998455,-2.749963164329529,0.5197225213050842,RIR,False,-315.6957712650299,50.25840851139803,0.4377910149076484,False
RIR,0.0175260081887245,-2.749963164329529,0.5197225213050842,RIR,False,-315.6957712650299,50.25915719289158,0.43779753652344583,False
RIR,-0.0787974130362272,-2.749756932258606,0.4979314133524894,RIR,False,-315.672095823288,49.721724459368836,0.43311606671924074,False
RIR,0.0366295985877513,-2.749756932258606,0.4979314133524894,RIR,False,-315.672095823288,49.721490752077806,0.4331140309414443,False
RIR,-0.0800211057066917,-2.748444437980652,0.4989491105079651,RIR,False,-315.52142148017884,49.593939398973205,0.43200295643704884,False
RIR,0.037853293120861,-2.748444437980652,0.4989491105079651,RIR,False,-315.52142148017884,49.59484473817956,0.43201084266706935,False
RIR,-0.0777337905019521,-2.748133063316345,0.4972057417035103,RIR,False,-315.4856756687164,49.52383687814093,0.43139230730087924,False
RIR,0.035565972328186,-2.748133063316345,0.4972057417035103,RIR,False,-315.4856756687164,49.5232906141956,0.4313875489041429,False
RIR,0.0367896668612957,-2.746820569038391,0.4982234388589859,RIR,False,-315.33500132560727,49.396160786609656,0.4302801462248228,False
RIR,-0.0789574831724166,-2.746820569038391,0.4982234388589859,RIR,False,-315.33500132560727,49.39623349914801,0.4302807796093032,False
RIR,-0.0891519021242857,-2.745733857154846,0.4699128568172455,RIR,False,-315.21024680137634,48.78086182131557,0.42492039914037955,False
RIR,0.0469840914011001,-2.745733857154846,0.4699128568172455,RIR,False,-315.21024680137634,48.781064798167044,0.42492216723142023,False
RIR,-0.0906281825155019,-2.74447238445282,0.4702732414007187,RIR,False,-315.0654297351837,48.641473411169436,0.42370621438300904,False
RIR,0.0484603717923164,-2.74447238445282,0.4702732414007187,RIR,False,-315.0654297351837,48.643038996268785,0.42371985188387445,False
RIR,-0.08793530985713,-2.7441731691360474,0.4697359353303909,RIR,False,-315.03107981681825,48.601446869434206,0.4233575511274757,False
RIR,0.045767493546009,-2.7441731691360474,0.4697359353303909,RIR,False,-315.03107981681825,48.60053848520612,0.42334963837287565,False
RIR,-0.0894115902483463,-2.742911696434021,0.4700963199138641,RIR,False,-314.8862627506256,48.461572051818486,0.42213912937124115,False
RIR,0.0472437739372253,-2.742911696434021,0.4700963199138641,RIR,False,-314.8862627506256,48.46202815747661,0.42214310241704367,False
RIR,0.0471230447292327,-2.741347849369049,0.4397260695695877,RIR,False,-314.70673310756683,47.98533676589148,0.41799073837884565,False
RIR,-0.0892908480018377,-2.741347849369049,0.4397260695695877,RIR,False,-314.70673310756683,47.986272492755255,0.4179988893097148,False
RIR,0.0485708527266979,-2.7400863766670227,0.4393182545900345,RIR,False,-314.5619160413742,47.83743737058565,0.416702416120084,False
RIR,-0.0907386615872383,-2.7400863766670227,0.4393182545900345,RIR,False,-314.5619160413742,47.84026306598488,0.4167270301915059,False
RIR,0.0459883362054824,-2.7397871017456055,0.4401656314730644,RIR,False,-314.5275592803955,47.81042067247429,0.41646707902852165,False
RIR,-0.088156146928668,-2.7397871017456055,0.4401656314730644,RIR,False,-314.5275592803955,47.80985748934391,0.4164621732521247,False
RIR,0.0474361442029476,-2.738525629043579,0.4397578164935112,RIR,False,-314.3827422142029,47.66201907521277,0.4151743821882645,False
RIR,-0.0896039605140686,-2.738525629043579,0.4397578164935112,RIR,False,-314.3827422142029,47.66334821999552,0.4151859601044906,False
RIR,0.0367223434150218,-2.73735648393631,0.4114589244127273,RIR,False,-314.2485243558884,47.3440105930762,0.4124042734588519,False
RIR,-0.0788901504129171,-2.73735648393631,0.4114589244127273,RIR,False,-314.2485243558884,47.34406974467517,0.4124047887166826,False
RIR,-0.0799916666001081,-2.735986292362213,0.4105275273323059,RIR,False,-314.09122636318205,47.181091927170755,0.4109851213168184,False
RIR,0.0378238558769226,-2.735986292362213,0.4105275273323059,RIR,False,-314.09122636318205,47.182166881145015,0.4109944850273956,False
RIR,0.035916481167078,-2.7359114289283752,0.4125301092863083,RIR,False,-314.08263204097744,47.18497865871059,0.4110189778633327,False
RIR,-0.0780842918902635,-2.7359114289283752,0.4125301092863083,RIR,False,-314.08263204097744,47.18555655067143,0.4110240117654306,False
RIR,-0.0791858080774545,-2.7345412373542786,0.4115987122058868,RIR,False,-313.92533404827117,47.02221948875748,0.40960121505886304,False
RIR,0.0370179936289787,-2.7345412373542786,0.4115987122058868,RIR,False,-313.92533404827117,47.02261411300206,0.40960465255228273,False
RIR,-0.0596939586102962,-2.7342114448547363,0.389603279531002,RIR,False,-313.88747386932374,46.85900212460695,0.40817946101574004,False
RIR,0.0175261460244655,-2.7342114448547363,0.389603279531002,RIR,False,-313.88747386932374,46.84787829422496,0.408082563538545,False
RIR,0.0171076245605945,-2.7328821420669556,0.3910375908017158,RIR,False,-313.7348699092865,46.70357028535223,0.4068255251337302,False
RIR,-0.0592754408717155,-2.7328821420669556,0.3910375908017158,RIR,False,-313.7348699092865,46.71609325690101,0.406934610251751,False
RIR,0.0182518549263477,-2.732732594013214,0.3884664103388786,RIR,False,-313.717701792717,46.67096475568257,0.4065415048404405,False
RIR,-0.0604196675121784,-2.732732594013214,0.3884664103388786,RIR,False,-313.717701792717,46.68153207659699,0.40663355467418977,False
RIR,-0.0070285964757204,-2.7326009273529053,0.3788822740316391,RIR,False,-313.70258646011354,46.68551602579881,0.4066682580644496,False
RIR,-0.0358209833502769,-2.73256003856659,0.3788433745503425,RIR,False,-313.6978924274445,46.69142719035675,0.4067197490449194,False
RIR,-0.021765673533082,-2.7322115898132324,0.3767426833510399,RIR,False,-313.65789051055907,46.6443152782173,0.4063093665349939,False
RIR,0.0178333334624767,-2.7314032912254333,0.3899007216095924,RIR,False,-313.5650978326797,46.52749400092334,0.4052917595899246,False
RIR,-0.0600011497735977,-2.7314032912254333,0.3899007216095924,RIR,False,-313.5650978326797,46.538087156850466,0.40538403446733856,False
RIR,-0.0071586035192012,-2.7312649488449097,0.3803723603487015,RIR,False,-313.5492161273956,46.53044438069694,0.4053174597621685,False
RIR,-0.0357033349573612,-2.7312232851982117,0.3803337439894676,RIR,False,-313.5444331407547,46.53579215377882,0.40536404315138347,False
RIR,-0.0067078750580549,-2.731115937232971,0.3776014149188995,RIR,False,-313.53210959434506,46.51699116137176,0.4052002714405206,False
RIR,-0.0361112263053655,-2.731074273586273,0.3775564953684807,RIR,False,-313.52732660770414,46.52329254069478,0.40525516150430996,False
RIR,-0.0217780284583568,-2.73086816072464,0.37823536247015,RIR,False,-313.50366485118866,46.48745574788266,0.4049429943195354,False
RIR,-0.0217351969331502,-2.7307196259498596,0.3754045143723488,RIR,False,-313.48661305904386,46.47598265407024,0.4048430544779638,False
RIR,-0.0068378821015357,-2.7297799587249756,0.3790915012359619,RIR,False,-313.3787392616272,46.36136538921209,0.40384464624749206,False
RIR,-0.0359935779124498,-2.7297375202178955,0.3790468648076057,RIR,False,-313.3738673210144,46.36710282174137,0.40389462388276454,False
RIR,-0.0217378232628107,-2.7283230423927307,0.3782035931944847,RIR,False,-313.2114852666855,46.19535219975411,0.40239853832538425,False
RIR,-0.0203394386917352,-2.7282949686050415,0.3769956678152084,RIR,False,-313.20826239585875,46.194256838429574,0.40238899685043183,False
RIR,-0.0230984650552272,-2.728220224380493,0.3769170045852661,RIR,False,-313.1996817588806,46.185847797802325,0.40231574736761605,False
RIR,-0.0217000804841518,-2.728192150592804,0.3757090792059898,RIR,False,-313.1964588880539,46.18517596351908,0.40230989515260523,False
RIR,-0.0236466713249683,-2.7262256741523743,0.3750419467687607,RIR,False,-312.97070739269253,45.961198702700855,0.4003588737169064,False
RIR,-0.0226953700184822,-2.7258044481277466,0.3761550635099411,RIR,False,-312.9223506450653,45.91011847762261,0.3999139240211029,False
RIR,-0.0227171909064054,-2.725702941417694,0.3739968836307525,RIR,False,-312.91069767475125,45.90385448664987,0.39985935963980723,False
RIR,-0.0217658895999193,-2.7252817153930664,0.375110000371933,RIR,False,-312.862340927124,45.8525674844525,0.39941260874958623,False
RIR,-0.0304314512759447,-2.720754623413086,0.3731024414300918,RIR,False,-312.34263076782224,45.34726797381153,0.39501104506804474,False
RIR,-0.0295169986784458,-2.7200791239738464,0.3742155581712723,RIR,False,-312.26508343219757,45.264554856975316,0.3942905475346282,False
RIR,-0.0295644216239452,-2.71997606754303,0.3720573782920837,RIR,False,-312.25325255393983,45.25950612104139,0.3942465689986184,False
RIR,-0.0286499690264463,-2.7193005681037903,0.3731704950332641,RIR,False,-312.1757052183151,45.17667768399026,0.3935250669337131,False
RIR,-0.0471126977354288,-2.703424751758575,0.3691310808062553,RIR,False,-310.3531615018844,43.27443929420869,0.3769550461168005,False
RIR,-0.0460580233484506,-2.7029059529304504,0.3702441975474357,RIR,False,-310.2936033964157,43.227742571149754,0.3765482802364961,False
RIR,-0.0460872706025838,-2.702792286872864,0.3680860176682472,RIR,False,-310.2805545330048,43.20249977300651,0.37632839523524836,False
RIR,-0.0450325962156057,-2.7022734880447388,0.3691991344094276,RIR,False,-310.220996427536,43.15708379709791,0.37593278568900623,False
RIR,-0.0724117942154407,-2.6833677291870117,0.3631063997745514,RIR,False,-308.05061531066895,40.87750232092367,0.35607580418923057,False
RIR,-0.0715848989784717,-2.6825702786445618,0.3642069026827812,RIR,False,-307.9590679883957,40.7906417220795,0.35531917876375874,False
RIR,-0.0716387126594781,-2.6825079917907715,0.3620423823595047,RIR,False,-307.9519174575806,40.77152041103343,0.3551526168208487,False
RIR,-0.0708118174225092,-2.6817105412483215,0.3631428852677345,RIR,False,-307.8603701353073,40.685959091618386,0.3544073091604389,False
RIR,-0.0991030354052782,-2.6699488759040833,0.3623990640044212,RIR,False,-306.51013095378875,39.36616038748348,0.3429108047690199,False
RIR,-0.098182089626789,-2.669183850288391,0.3635106831789017,RIR,False,-306.4223060131073,39.28312900077279,0.3421875348499372,False
RIR,-0.0986983384937048,-2.6687328219413757,0.3613859415054321,RIR,False,-306.3705279588699,39.22209206107166,0.34165585419051975,False
RIR,-0.0977773927152156,-2.6679677963256836,0.3624975606799125,RIR,False,-306.28270301818844,39.13814675636837,0.34092462331331336,False
RIR,-0.1190672479569912,-2.6635124683380127,0.3666025698184967,RIR,False,-305.77123136520385,38.679834604345125,0.3369323571807067,False
RIR,-0.1141093354672193,-2.6622068881988525,0.365173801779747,RIR,False,-305.62135076522827,38.5099823438568,0.33545280787331705,False
RIR,-0.128130741417408,-2.6616578102111816,0.3666025772690773,RIR,False,-305.55831661224363,38.51285499943532,0.33547783100553413,False
RIR,-0.113115094602108,-2.6613460183143616,0.3664480149745941,RIR,False,-305.5225229024887,38.416010066494636,0.3346342340286989,False
RIR,-0.1135975010693073,-2.6609017848968506,0.3639956340193748,RIR,False,-305.47152490615844,38.354035226941456,0.334094383509943,False
RIR,-0.1126032602041959,-2.6600409150123596,0.3652698472142219,RIR,False,-305.3726970434189,38.25972510338258,0.33327286675420364,False
RIR,-0.1162697039544582,-2.6593979597091675,0.3616270720958709,RIR,False,-305.2988857746124,38.17547048637868,0.33253894151897806,False
RIR,-0.1162696946412324,-2.6593979001045227,0.3715780526399612,RIR,False,-305.2988789319992,38.22982136243521,0.3330123812058816,False
RIR,-0.1134721506386995,-2.6552833914756775,0.3666025549173355,RIR,False,-304.82653334140775,37.722181030569125,0.32859042709554986,False
RIR,-0.1233301740139722,-2.6545974016189575,0.3580646514892578,RIR,False,-304.7477817058563,37.629684409566295,0.3277847074004033,False
RIR,-0.1233301647007465,-2.6545973420143127,0.3751404881477356,RIR,False,-304.7477748632431,37.72302265932657,0.3285977583565032,False
RIR,-0.1303906366229057,-2.6497968435287476,0.3666025772690773,RIR,False,-304.1966776371002,37.17133530051774,0.323792119342489,False
RIR,-0.1185295972973108,-2.6475369334220886,0.3666025623679161,RIR,False,-303.93723995685576,36.84681702103336,0.3209653050612662,False
VC4,-0.0178622698877006,0.4159360527992248,-0.2545845881104469,VC4/5,False,47.74945886135101,14.804546907013808,0.12895946783113074,False
VC4,-0.0050105194095522,0.4159360527992248,-0.2545845881104469,VC4/5,False,47.74945886135101,14.796938712797196,0.12889319436234492,False
VC4,-0.01786226965487,0.4208983927965164,-0.2371000200510025,VC4/5,False,48.319135493040086,12.81986564099676,0.11167130349300314,False
VC4,-0.0050105226691812,0.4208983927965164,-0.2371000200510025,VC4/5,False,48.319135493040086,12.811078695193002,0.11159476215324915,False
VC4,-0.0242881434969604,0.4271595031023025,-0.2483234778046608,VC4/5,False,49.03791095614432,14.004363342607995,0.12198922772306617,False
VC4,0.0014153516385704,0.4271595031023025,-0.2483234778046608,VC4/5,False,49.03791095614432,13.99924220169119,0.12194461848163059,False
VC4,-0.0178622698877006,0.4334206134080887,-0.2595469355583191,VC4/5,False,49.75668641924858,16.836376641782763,0.14665833311657459,False
VC4,-0.0050105217378586,0.4334206134080887,-0.2595469355583191,VC4/5,False,49.75668641924858,16.81200671119877,0.14644605149127848,False
VC4,-0.0077973958104848,0.435047835111618,-0.2355889901518821,VC4/5,False,49.94349147081375,14.130516955713219,0.123088126791927,False
VC4,-0.0150753988418728,0.435047835111618,-0.2355889901518821,VC4/5,False,49.94349147081375,14.164075251529644,0.12338044644189586,False
VC4,-0.0187144028022885,0.4385935366153717,-0.2419448904693126,VC4/5,False,50.35053800344467,14.820339478454592,0.12909703378444767,False
VC4,-0.0041583920828998,0.4385935366153717,-0.2419448904693126,VC4/5,False,50.35053800344467,14.793986873978495,0.12886748148064892,False
VC4,-0.0150754011701792,0.4421392381191253,-0.2483007907867431,VC4/5,False,50.75758453607558,15.603483799949819,0.13591884843161864,False
VC4,-0.0077973934821784,0.4421392381191253,-0.2483007907867431,VC4/5,False,50.75758453607558,15.573027717788113,0.13565355154867695,False
VC4,-0.0125836199149489,0.451292872428894,-0.2328563258051872,VC4/5,False,51.80842175483703,13.908560320776546,0.1211547066269734,False
VC4,-0.0102891772985458,0.451292872428894,-0.2328563258051872,VC4/5,False,51.80842175483703,13.870210580709617,0.12082064965774929,False
VC4,-0.0137308423873037,0.4521455392241478,-0.2343847788870334,VC4/5,False,51.90630790293216,14.055678232390134,0.12243622153649943,False
VC4,-0.0091419550590217,0.4521455392241478,-0.2343847788870334,VC4/5,False,51.90630790293216,14.01963241202428,0.12212223355421846,False
VC4,-0.0125836210791021,0.4529982060194015,-0.2359132319688797,VC4/5,False,52.00419405102729,14.252817849034173,0.12415346558392137,False
VC4,-0.0102891763672232,0.4529982060194015,-0.2359132319688797,VC4/5,False,52.00419405102729,14.215396902488607,0.12382749915059763,False
VC4,-0.009190869051963,0.466442808508873,-0.2243358567357063,VC4/5,False,53.54763441681862,14.320485049926653,0.12474290113176527,False
VC4,-0.0136819314211606,0.466442808508873,-0.2243358567357063,VC4/5,False,53.54763441681862,14.381350716911006,0.12527308986856278,False
VC4,-0.0124375335872173,0.4673475995659828,-0.2255742773413658,VC4/5,False,53.651504430174825,14.525390699801612,0.12652779355227886,False
VC4,-0.0149263308849185,0.4673475995659828,-0.2255742773413658,VC4/5,False,53.651504430174825,14.495426856946645,0.12626678446817635,False
VC4,-0.0079464695882052,0.4673475995659828,-0.2255742773413658,VC4/5,False,53.651504430174825,14.438499037474013,0.12577089753897225,False
VC4,-0.0104352671187371,0.4673475995659828,-0.2255742773413658,VC4/5,False,53.651504430174825,14.484448990962195,0.12617115845785884,False
VC4,-0.0136819330509752,0.4682523906230926,-0.2268126979470253,VC4/5,False,53.75537444353103,14.660824981114827,0.12770753467870058,False
VC4,-0.0091908676549792,0.4682523906230926,-0.2268126979470253,VC4/5,False,53.75537444353103,14.601124399748405,0.12718749477132757,False
VC4,-0.0214846811722964,0.4734004437923431,-0.2154354676604271,VC4/5,False,54.34637094736099,13.228807392104077,0.11523351386850242,False
VC4,-0.0013881216291338,0.4734004586935043,-0.2154354639351368,VC4/5,False,54.34637265801429,13.18636484941946,0.1148638053085319,False
VC4,-0.0204381952062249,0.474441722035408,-0.2161979898810386,VC4/5,False,54.46590968966484,13.332140078353708,0.11613362437590338,False
VC4,-0.022531169001013,0.474441722035408,-0.2161979898810386,VC4/5,False,54.46590968966484,13.300033785824734,0.11585395283819455,False
VC4,-0.0003416338004171,0.4744417294859886,-0.2161979861557483,VC4/5,False,54.465910544991495,13.260984440626205,0.11551380174761502,False
VC4,-0.0024346078280359,0.4744417294859886,-0.2161979898810386,VC4/5,False,54.465910544991495,13.286869725719534,0.11573928332508304,False
VC4,-0.0214846830349415,0.4754830002784729,-0.2169605121016502,VC4/5,False,54.585448431968686,13.40231221654742,0.11674487993508206,False
VC4,-0.0013881199993193,0.4754830002784729,-0.2169605121016502,VC4/5,False,54.585448431968686,13.360421309356136,0.11637997656233569,False
VC4,-0.0350820524618029,0.4828250706195831,-0.1448065638542175,VC4/5,False,55.428318107128135,6.477857468609843,0.056427329865939395,False
VC4,0.0122092403471469,0.4828251004219055,-0.1448065638542175,VC4/5,False,55.42832152843475,6.474920879108239,0.05640174981801602,False
VC4,-0.0361285414546728,0.4841809123754501,-0.1448961459100246,VC4/5,False,55.58396874070167,6.483937760128319,0.05648029407777281,False
VC4,-0.0340355671942234,0.4841809123754501,-0.1448961496353149,VC4/5,False,55.58396874070167,6.494545505723083,0.056572696042884,False
VC4,0.0132557265460491,0.4841809272766113,-0.144896138459444,VC4/5,False,55.58397045135497,6.490196017785285,0.05653480851729343,False
VC4,0.0111627532169222,0.4841809272766113,-0.1448961421847343,VC4/5,False,55.58397045135497,6.482424694420032,0.05646711406289227,False
VC4,-0.03508204780519,0.4845245033502579,-0.1396960020065307,VC4/5,False,55.6234129846096,5.891796134061243,0.051322265976143235,False
VC4,0.0122092328965663,0.484524518251419,-0.1396959945559501,VC4/5,False,55.6234146952629,5.88856624833995,0.051294131083100616,False
VC4,0.0122092394158244,0.4855367541313171,-0.1449857167899608,VC4/5,False,55.7396193742752,6.495476867376022,0.056580808949268487,False
VC4,-0.0350820561870932,0.4855367541313171,-0.144985731691122,VC4/5,False,55.7396193742752,6.498405857302442,0.05660632279880176,False
VC4,-0.0317831481806933,0.4861163422465324,-0.1932510957121849,VC4/5,False,55.80615608990192,12.051324198193274,0.10497669162189263,False
VC4,0.0089103411883115,0.4861163645982742,-0.1932510882616043,VC4/5,False,55.80615865588187,12.034137810037544,0.10482698440799254,False
VC4,-0.0350820701569318,0.4868115782737732,-0.1634972281754017,VC4/5,False,55.88596918582916,8.621968563151826,0.07510425577658386,False
VC4,0.0122092580422759,0.486811600625515,-0.1634972244501114,VC4/5,False,55.885971751809116,8.619762470043504,0.07508503893766119,False
VC4,-0.0328296362422406,0.4873267859220505,-0.1936992146074772,VC4/5,False,55.94511502385139,12.096681908847195,0.10537179363107313,False
VC4,-0.0307366629131138,0.4873267933726311,-0.1936992146074772,VC4/5,False,55.94511587917805,12.109887279760608,0.1054868229944304,False
VC4,0.0099568287841975,0.4873268008232116,-0.1936992034316063,VC4/5,False,55.945116734504694,12.08449438706679,0.10526563054936229,False
VC4,0.0078638545237481,0.4873268008232116,-0.1936992108821869,VC4/5,False,55.945116734504694,12.087853194282639,0.10529488845193936,False
VC4,-0.0361285591498017,0.4880623146891594,-0.163176704198122,VC4/5,False,56.0295537263155,8.582023969380954,0.07475630635349263,False
VC4,-0.0340355830267071,0.4880623146891594,-0.1631767116487026,VC4/5,False,56.0295537263155,8.590041687412283,0.07482614710289445,False
VC4,0.013255744241178,0.48806232213974,-0.1631767004728317,VC4/5,False,56.02955458164215,8.586753869261315,0.07479750757196268,False
VC4,0.011162772309035,0.4880623370409012,-0.163176704198122,VC4/5,False,56.02955629229545,8.580881564757698,0.07474635509370818,False
VC4,-0.0317831509746611,0.4885372370481491,-0.1941473335027694,VC4/5,False,56.084074813127515,12.154056752551835,0.10587157449958044,False
VC4,0.0089103421196341,0.4885372370481491,-0.1941473260521888,VC4/5,False,56.084074813127515,12.137015857400199,0.1057231346463432,False
VC4,-0.035082072019577,0.4893130511045456,-0.1628561876714229,VC4/5,False,56.173138266801836,8.548418089546702,0.07446357220859497,False
VC4,0.0122092585079371,0.4893130585551262,-0.1628561802208423,VC4/5,False,56.17313912212848,8.54619258394831,0.07444418627132675,False
VC4,-0.0350820841267704,0.4924235865473747,-0.1779585666954517,VC4/5,False,56.53022773563862,10.281361494443912,0.08955889803522572,False
VC4,0.0122092729434371,0.4924236014485359,-0.1779585592448711,VC4/5,False,56.53022944629192,10.279511320292665,0.08954278153565039,False
VC4,-0.0361285721883177,0.4931420907378196,-0.1769296675920486,VC4/5,False,56.61271201670169,10.160613628483107,0.08850708735612463,False
VC4,0.0132557600736618,0.4931420981884002,-0.1769296638667583,VC4/5,False,56.61271287202835,10.164609204936841,0.08854189202906657,False
VC4,-0.0340355979278683,0.4931420981884002,-0.1769296750426292,VC4/5,False,56.61271287202835,10.16738667974369,0.0885660860604851,False
VC4,0.0111627872101962,0.4931421130895614,-0.1769296675920486,VC4/5,False,56.61271458268165,10.15964896854388,0.08849868439498154,False
VC4,-0.0350820859894156,0.4938606023788452,-0.1759007759392261,VC4/5,False,56.69519715309143,10.04522098811016,0.08750192498353798,False
VC4,0.0122092743404209,0.4938606098294258,-0.1759007722139358,VC4/5,False,56.69519800841808,10.043327739512351,0.08748543327101352,False
VC4,-0.0361285749822855,0.4952697604894638,-0.1778816878795623,VC4/5,False,56.85696850419044,10.269891061527682,0.08945898137219235,False
VC4,0.0111627918668091,0.4952697679400444,-0.177881684154272,VC4/5,False,56.856969359517095,10.26893626288859,0.08945066431087621,False
VC4,-0.0340356035158038,0.4952697679400444,-0.1778816916048526,VC4/5,False,56.856969359517095,10.276591652526905,0.08951734888960719,False
VC4,0.0132557661272585,0.4952697679400444,-0.1778816804289817,VC4/5,False,56.856969359517095,10.273843748352375,0.08949341244209386,False
VC4,-0.0350820999592542,0.4967654198408127,-0.16089953109622,VC4/5,False,57.0286701977253,8.323923378790768,0.07250804336925756,False
VC4,0.0122092831879854,0.4967654272913933,-0.1608995236456394,VC4/5,False,57.028671053051944,8.321638005889987,0.07248813593980825,False
VC4,-0.0350820887833833,0.4972688108682632,-0.1769124940037727,VC4/5,False,57.08645948767661,10.161319511933453,0.0885132361666677,False
VC4,0.0122092831879854,0.4972688257694244,-0.1769124940037727,VC4/5,False,57.08646119832992,10.159448366034228,0.08849693698636088,False
VC4,-0.0340356035158038,0.4974396526813507,-0.1781772300601005,VC4/5,False,57.10607212781906,10.310492986597168,0.08981265667767568,False
VC4,-0.0361285740509629,0.4974396526813507,-0.1781772300601005,VC4/5,False,57.10607212781906,10.303814869651818,0.08975448492728065,False
VC4,0.0111627946607768,0.4974396601319313,-0.1781772226095199,VC4/5,False,57.106072983145715,10.302862791056489,0.08974619155972552,False
VC4,0.0132557689212262,0.4974396601319313,-0.1781772226095199,VC4/5,False,57.106072983145715,10.30775455774541,0.08978880276781716,False
VC4,-0.0350820887833833,0.4976104944944381,-0.1794419661164283,VC4/5,False,57.125684767961495,10.451590690834843,0.09104173075640107,False
VC4,0.0122092803940176,0.4976104944944381,-0.1794419512152671,VC4/5,False,57.125684767961495,10.44976984005198,0.09102586968686394,False
VC4,-0.0361285852268338,0.4980382993817329,-0.16117899492383,VC4/5,False,57.17479676902293,8.352731150635892,0.07275898214839627,False
VC4,-0.0340356137603521,0.4980382993817329,-0.1611789986491203,VC4/5,False,57.17479676902293,8.360968188357269,0.07283073334805984,False
VC4,0.0132557717151939,0.4980383142828941,-0.16117899492383,VC4/5,False,57.17479847967624,8.35759140573792,0.0728013188653129,False
VC4,0.0111627983860671,0.4980383217334747,-0.1611789911985397,VC4/5,False,57.174799335002895,8.351557010283893,0.07274875444498165,False
VC4,-0.0350820990279316,0.4993111789226532,-0.1614584624767303,VC4/5,False,57.32092334032058,8.388050984150455,0.07306664620340118,False
VC4,0.0122092869132757,0.4993112087249756,-0.1614584624767303,VC4/5,False,57.3209267616272,8.385783953267579,0.073046898547627,False
VC4,-0.0350821111351251,0.4994956851005554,-0.1443712189793586,VC4/5,False,57.342104649543764,6.427928853893107,0.05599241161927793,False
VC4,0.0122092911042273,0.499495692551136,-0.1443712152540683,VC4/5,False,57.34210550487041,6.424969497347403,0.05596663325215508,False
VC4,-0.034035624936223,0.5007685571908951,-0.144650686532259,VC4/5,False,57.48823036551475,6.466421448973812,0.05632771297015516,False
VC4,-0.0361285973340272,0.5007685571908951,-0.144650686532259,VC4/5,False,57.48823036551475,6.455768173323335,0.05623491440177121,False
VC4,0.013255778234452,0.5007685720920563,-0.144650686532259,VC4/5,False,57.48823207616806,6.462055032698855,0.05628967798518166,False
VC4,0.011162806302309,0.5007685795426369,-0.1446506828069687,VC4/5,False,57.488232931494714,6.4542487501212245,0.056221679008024605,False
VC4,-0.0350821129977703,0.5010216683149338,-0.1434978991746902,VC4/5,False,57.5172875225544,6.327772923600378,0.055119973202093886,False
VC4,0.0122092948295176,0.5010216683149338,-0.1434978991746902,VC4/5,False,57.5172875225544,6.32476714212231,0.05509379043660549,False
VC4,-0.0350821111351251,0.5020414292812347,-0.1449301540851593,VC4/5,False,57.63435608148575,6.492031478793471,0.05655079685360167,False
VC4,0.0122092934325337,0.5020414590835571,-0.1449301540851593,VC4/5,False,57.63435950279236,6.489101800821523,0.056525277010640446,False
VC4,-0.035082091577351,0.5058150142431259,-0.1640974655747413,VC4/5,False,58.06756363511085,8.690837989804601,0.07570416367425611,False
VC4,0.0122092794626951,0.5058150291442871,-0.1640974655747413,VC4/5,False,58.06756534576416,8.688649957756379,0.07568510416164094,False
VC4,-0.0361285768449306,0.5067976042628288,-0.1648325733840465,VC4/5,False,58.18036496937275,8.772082776576912,0.07641187087610551,False
VC4,-0.0340356053784489,0.5067976042628288,-0.1648325733840465,VC4/5,False,58.18036496937275,8.779926020789775,0.07648019181872627,False
VC4,0.0132557656615972,0.5067976117134094,-0.1648325696587562,VC4/5,False,58.1803658246994,8.77671040088742,0.07645218119239913,False
VC4,0.0111627923324704,0.5067976117134094,-0.1648325696587562,VC4/5,False,58.1803658246994,8.77096478893047,0.0764021323077567,False
VC4,-0.0350820906460285,0.5077801942825317,-0.1655676811933517,VC4/5,False,58.29316630363464,8.859528773517203,0.07717359558812895,False
VC4,0.0122092785313725,0.5077801942825317,-0.1655676737427711,VC4/5,False,58.29316630363464,8.85738157638558,0.0771548917803622,False
VC4,-0.0350820943713188,0.51439169049263,-0.1459487378597259,VC4/5,False,59.05216606855392,8.081546644796337,0.07039674777697158,False
VC4,0.0122092757374048,0.51439169049263,-0.1459487378597259,VC4/5,False,59.05216606855392,8.078923319069657,0.07037389650757542,False
VC4,-0.0340356081724166,0.5157237946987152,-0.1462166532874107,VC4/5,False,59.20509163141251,8.118412195457218,0.07071787626704894,False
VC4,0.0111627886071801,0.5157237946987152,-0.1462166495621204,VC4/5,False,59.20509163141251,8.106273189068089,0.07061213579327603,False
VC4,-0.0361285805702209,0.5157237946987152,-0.1462166532874107,VC4/5,False,59.20509163141251,8.107911099622813,0.07062640330681892,False
VC4,0.0132557610049843,0.5157237946987152,-0.1462166495621204,VC4/5,False,59.20509163141251,8.114824198596805,0.07068662193899657,False
VC4,-0.0350820943713188,0.5161890387535095,-0.1409614607691764,VC4/5,False,59.25850164890289,7.509600609621472,0.06541463945663303,False
VC4,0.0122092748060822,0.5161890387535095,-0.1409614533185959,VC4/5,False,59.25850164890289,7.506776458288284,0.0653900388352638,False
VC4,0.0122092738747596,0.5170558989048004,-0.1464845612645149,VC4/5,False,59.358017194271085,8.140396862388092,0.07090938033439105,False
VC4,-0.0350820943713188,0.5170558989048004,-0.1464845687150955,VC4/5,False,59.358017194271085,8.14300123652078,0.07093206652021586,False
VC5,-0.0350820794701576,0.5379824042320251,-0.1225907988846302,VC4/5,False,61.76038000583649,6.876399421265384,0.05989894966259045,False
VC5,0.0122092887759208,0.5379824340343475,-0.1225907988846302,VC4/5,False,61.7603834271431,6.873227667806414,0.05987132114813949,False
VC5,-0.0350820794701576,0.5417590439319611,-0.1267130859196186,VC4/5,False,62.19393824338913,7.348800611474872,0.06401394260866614,False
VC5,0.0122092878445982,0.5417590439319611,-0.1267130859196186,VC4/5,False,62.19393824338913,7.345832907893383,0.06398809153217233,False
VC5,-0.0361285666003823,0.5423804372549057,-0.1255047153681516,VC4/5,False,62.265274196863174,7.2042692086622235,0.06275495826360822,False
VC5,-0.034035594202578,0.5423804372549057,-0.1255047153681516,VC4/5,False,62.265274196863174,7.218352954837676,0.06287763897942227,False
VC5,0.0132557749748229,0.5423804521560669,-0.1255047153681516,VC4/5,False,62.265275907516475,7.21441223004744,0.06284331210842718,False
VC5,0.0111628025770187,0.5423804521560669,-0.1255047153681516,VC4/5,False,62.265275907516475,7.20216296636324,0.0627366112052547,False
VC5,-0.0350820813328027,0.5430018305778503,-0.1242963448166847,VC4/5,False,62.336610150337215,7.071836053632208,0.06160135935219694,False
VC5,0.0122092897072434,0.5430018603801727,-0.1242963448166847,VC4/5,False,62.33661357164383,7.068752046407926,0.061574495177769396,False
VC5,-0.0350820999592542,0.5494247078895569,-0.1123167611658573,VC4/5,False,63.07395646572113,5.699631331183967,0.049648356543414346,False
VC5,0.0122093078680336,0.5494247525930405,-0.1123167593032121,VC4/5,False,63.07396159768104,5.695804165215511,0.0496150188607623,False
VC5,-0.0350820980966091,0.5499082505702972,-0.1140071786940097,VC4/5,False,63.129467165470125,5.893174459595244,0.05133427229612582,False
VC5,0.0122093060053884,0.5499082803726196,-0.1140071749687194,VC4/5,False,63.12947058677673,5.889472857674128,0.05130202837695234,False
VC5,-0.0340356109663844,0.5504836738109589,-0.1128378957509994,VC4/5,False,63.195525753498075,5.769355989679656,0.050255714195815815,False
VC5,-0.0361285833641886,0.5504836738109589,-0.1128378938883543,VC4/5,False,63.195525753498075,5.751725172009302,0.050102135644680336,False
VC5,0.0111628195736557,0.5504836887121201,-0.1128378920257091,VC4/5,False,63.19552746415138,5.7490864523283305,0.050079150281605665,False
VC5,0.0132557924371212,0.5504837185144424,-0.112837890163064,VC4/5,False,63.19553088545799,5.764424169050691,0.050212754085807415,False
VC5,-0.0350820962339639,0.5510590970516205,-0.1116686109453439,VC4/5,False,63.26158434152603,5.62543132444234,0.04900201502127474,False
VC5,0.0122093060053884,0.5510591268539429,-0.1116686072200536,VC4/5,False,63.26158776283264,5.621553369863258,0.04896823492912246,False
VC5,-0.0350820356979966,0.5567418932914734,-0.0970501191914081,VC4/5,False,63.91396934986114,3.953984745469602,0.034442375831616745,False
VC5,0.0122092426754534,0.5567418932914734,-0.0970501191914081,VC4/5,False,63.91396934986114,3.9484641866808725,0.03439428734042572,False
VC5,0.0122092510573565,0.5602454245090485,-0.1011404786258935,VC4/5,False,64.31617473363876,4.4162156919886115,0.03846877780477885,False
VC5,-0.0350820440798997,0.5602454245090485,-0.1011404786258935,VC4/5,False,64.31617473363876,4.421151916781862,0.03851177627858765,False
VC5,-0.0361285302788019,0.561021015048027,-0.1000247877091169,VC4/5,False,64.4052125275135,4.283516406943538,0.03731286068766148,False
VC5,0.013255737023428,0.561021015048027,-0.1000247858464717,VC4/5,False,64.4052125275135,4.300551807850552,0.03746125268162502,False
VC5,-0.0340355560183525,0.561021015048027,-0.100024789571762,VC4/5,False,64.4052125275135,4.307161643299553,0.03751882964546649,False
VC5,0.0111627632286399,0.561021015048027,-0.1000247877091169,VC4/5,False,64.4052125275135,4.27997164273911,0.03728198295068911,False
VC5,-0.0350820422172546,0.5617966055870056,-0.0989090986549854,VC4/5,False,64.49425032138824,4.16623497746715,0.036291245448320124,False
VC5,0.0122092491947114,0.5617966055870056,-0.0989090949296951,VC4/5,False,64.49425032138824,4.160995809605707,0.03624560809761069,False
VC5,-0.0350820813328027,0.5624609887599945,-0.1313643008470535,VC4/5,False,64.57052150964736,9.354600645919108,0.0814860683442431,False
VC5,0.0122092864476144,0.5624609887599945,-0.1313643008470535,VC4/5,False,64.57052150964736,9.352373442467654,0.08146666761731405,False
VC5,-0.0361285684630274,0.5624991953372955,-0.1301377639174461,VC4/5,False,64.57490762472152,9.208373240290237,0.08021231045548988,False
VC5,-0.0340355960652232,0.5624991953372955,-0.1301377639174461,VC4/5,False,64.57490762472152,9.22117084662114,0.0803237878625535,False
VC5,0.0111628011800348,0.5624992102384567,-0.1301377639174461,VC4/5,False,64.57490933537483,9.206691139698103,0.08019765801130752,False
VC5,0.0132557735778391,0.5624992102384567,-0.1301377639174461,VC4/5,False,64.57490933537483,9.218331681911746,0.08029905646264587,False
VC5,-0.0350820831954479,0.5625374019145966,-0.1289112269878387,VC4/5,False,64.57929373979569,9.073387656461437,0.07903647784374074,False
VC5,0.0122092883102595,0.562537431716919,-0.1289112269878387,VC4/5,False,64.57929716110229,9.071091391125275,0.07901647553245013,False
VC5,-0.0350820887833833,0.5645308792591095,-0.1221814304590225,VC4/5,False,64.80814493894577,8.302043281552391,0.07231745018773861,False
VC5,0.0122092957608401,0.5645308792591095,-0.1221814267337322,VC4/5,False,64.80814493894577,8.299533148908116,0.0722955849208024,False
VC5,0.011162809561938,0.5651063024997711,-0.121012145653367,VC4/5,False,64.87420352697372,8.15981231246046,0.07107850446394129,False
VC5,-0.0361285740509629,0.5651063024997711,-0.1210121437907219,VC4/5,False,64.87420352697372,8.161710052792673,0.07109503530307207,False
VC5,-0.0340356016531586,0.5651063024997711,-0.1210121493786573,VC4/5,False,64.87420352697372,8.176146720079036,0.07122079024459091,False
VC5,0.0132557824254035,0.5651063174009323,-0.1210121419280767,VC4/5,False,64.87420523762702,8.17294364227252,0.07119288886996969,False
VC5,-0.0350820869207382,0.5656817257404327,-0.1198428627103567,VC4/5,False,64.94026211500167,8.034060949022711,0.06998310931204453,False
VC5,0.0122092962265014,0.5656817406415939,-0.1198428608477115,VC4/5,False,64.94026382565498,8.031467238402517,0.06996051601395921,False
VC5,-0.0350820617750287,0.5718591213226318,-0.115237845107913,VC4/5,False,65.64942712783814,7.5064619931394185,0.06538729959180678,False
VC5,0.0122092692181468,0.5718591213226318,-0.115237845107913,VC4/5,False,65.64942712783814,7.503685683320199,0.0653631157083641,False
VC5,-0.034035574644804,0.5728897303342819,-0.1144600827246904,VC4/5,False,65.76774104237556,7.426285208260081,0.0646888955423352,False
VC5,-0.0361285479739308,0.5728897303342819,-0.1144600771367549,VC4/5,False,65.76774104237556,7.410387789301744,0.06455041628311624,False
VC5,0.0132557551842182,0.5728897452354431,-0.1144600752741098,VC4/5,False,65.76774275302887,7.422758022912274,0.06465817093129159,False
VC5,0.0111627818550914,0.5728897452354431,-0.1144600808620452,VC4/5,False,65.76774275302887,7.408297365203966,0.06453220701397183,False
VC5,-0.0350820608437061,0.573920339345932,-0.1136823147535324,VC4/5,False,65.88605495691299,7.328278541649941,0.06383517893423293,False
VC5,0.0122092678211629,0.5739203691482544,-0.1136823110282421,VC4/5,False,65.8860583782196,7.325434227163657,0.06381040267564161,False
VC5,-0.0350820831954479,0.5778847336769104,-0.1302233710885048,VC4/5,False,66.34116742610931,9.22380485778697,0.08034673221068789,False
VC5,0.0122092869132757,0.5778847634792328,-0.1302233710885048,VC4/5,False,66.34117084741592,9.221546060639113,0.0803270562773442,False
VC5,-0.0340355960652232,0.5787668079137802,-0.1311457008123397,VC4/5,False,66.44242954850196,9.336630907024935,0.0813295375176388,False
VC5,-0.0361285684630274,0.5787668079137802,-0.1311457008123397,VC4/5,False,66.44242954850196,9.323991776268947,0.08121944055983404,False
VC5,0.0111628007143735,0.5787668228149414,-0.1311457008123397,VC4/5,False,66.44243125915527,9.322330551247285,0.08120496995860005,False
VC5,0.0132557731121778,0.5787668228149414,-0.1311457008123397,VC4/5,False,66.44243125915527,9.333826875241034,0.08130511215366754,False
VC5,0.0122092845849692,0.5792195498943329,-0.126928262412548,VC4/5,False,66.49440432786942,8.843729845667152,0.07703597426539331,False
VC5,-0.0350820757448673,0.5792195498943329,-0.126928262412548,VC4/5,False,66.49440432786942,8.846085230771418,0.07705649155724233,False
VC5,-0.0350820813328027,0.57964888215065,-0.1320680305361747,VC4/5,False,66.54369167089462,9.435278495175343,0.08218883706598731,False
VC5,0.0122092869132757,0.57964888215065,-0.1320680305361747,VC4/5,False,66.54369167089462,9.433070353459161,0.08216960238204844,False
VC5,-0.0340355932712554,0.5798891186714172,-0.1292652264237404,VC4/5,False,66.5712708234787,9.121226067484814,0.07945318874115692,False
VC5,0.0111628007143735,0.5798891186714172,-0.1292652264237404,VC4/5,False,66.5712708234787,9.106587410054972,0.07932567430361474,False
VC5,-0.0361285666003823,0.5798891186714172,-0.1292652226984501,VC4/5,False,66.5712708234787,9.108287594634907,0.07934048427382323,False
VC5,0.0132557740435004,0.5798891186714172,-0.1292652226984501,VC4/5,False,66.5712708234787,9.118355324522216,0.07942818226935729,False
VC5,-0.0340355886146426,0.580471932888031,-0.1270083263516426,VC4/5,False,66.63817789554595,8.862732806911284,0.07720150528668365,False
VC5,-0.0361285619437694,0.580471932888031,-0.127008318901062,VC4/5,False,66.63817789554595,8.849415977415493,0.07708550502975169,False
VC5,0.0111627962905913,0.5804719477891922,-0.1270083263516426,VC4/5,False,66.63817960619926,8.847666384947981,0.07707026467724723,False
VC5,0.0132557700853794,0.5804719477891922,-0.127008318901062,VC4/5,False,66.63817960619926,8.859777790793363,0.07717576472816517,False
VC5,-0.0350820748135447,0.5817243158817291,-0.1270883828401565,VC4/5,False,66.7819514632225,8.864438805992808,0.0772163659058607,False
VC5,0.0122092817910015,0.5817243456840515,-0.1270883828401565,VC4/5,False,66.78195488452911,8.862088279452571,0.077195890935998,False
VC5,0.0089103502687066,0.5968025624752045,-0.1341471746563911,VC4/5,False,68.51293417215346,11.265139169055637,0.09812838997435223,False
VC5,-0.0317831421270966,0.5968025624752045,-0.1341471746563911,VC4/5,False,68.51293417215346,11.303556989769648,0.09846303998057185,False
VC5,-0.0307366545312106,0.5972072184085846,-0.1329215168952942,VC4/5,False,68.5593886733055,11.17414631182539,0.0973357692667717,False
VC5,0.0078638616250827,0.5972072184085846,-0.1329215168952942,VC4/5,False,68.5593886733055,11.123437831315414,0.09689405776407155,False
VC5,-0.0328296283259987,0.5972072184085846,-0.1329215168952942,VC4/5,False,68.5593886733055,11.153835132800992,0.0971588426202177,False
VC5,0.0099568358855322,0.5972072184085846,-0.1329215131700039,VC4/5,False,68.5593886733055,11.126752622269992,0.09692293224973861,False
VC5,-0.0317831407301127,0.5976118743419647,-0.1316958591341972,VC4/5,False,68.60584317445755,11.023153531412309,0.09602050114470652,False
VC5,0.0089103472419083,0.5976118743419647,-0.1316958554089069,VC4/5,False,68.60584317445755,10.983754510362816,0.09567730409723708,False
VC5,-0.0013881152262911,0.6227768361568451,-0.1381711810827255,VC4/5,False,71.49478079080582,12.163190848988457,0.10595113979955102,False
VC5,-0.0214846776798367,0.6227768361568451,-0.1381711810827255,VC4/5,False,71.49478079080582,12.309589339528442,0.10722638797498643,False
VC5,-0.0003416292602196,0.6228302121162415,-0.1368816681206226,VC4/5,False,71.50090835094451,12.00619258211364,0.10458355907764495,False
VC5,-0.0225311636459082,0.6228302121162415,-0.1368816718459129,VC4/5,False,71.50090835094451,12.14324194719598,0.10577736887801377,False
VC5,-0.0024346032878383,0.6228302121162415,-0.1368816718459129,VC4/5,False,71.50090835094451,12.026340190137182,0.1047590608896967,False
VC5,-0.0204381900839507,0.6228302121162415,-0.1368816718459129,VC4/5,False,71.50090835094451,12.185596464060417,0.10614631066254719,False
VC5,-0.0214846760500222,0.6228835880756378,-0.1355921626091003,VC4/5,False,71.50703591108322,12.018155429756185,0.10468776506756258,False
VC5,-0.0013881173217669,0.6228835880756378,-0.13559215888381,VC4/5,False,71.50703591108322,11.86816205825973,0.10338120259808127,False
VC5,-0.0136819272302091,0.6341801881790161,-0.1357045546174049,VC4/5,False,72.80388560295104,12.614544072318413,0.10988278808639733,False
VC5,-0.0091908652102574,0.6341801881790161,-0.1357045546174049,VC4/5,False,72.80388560295104,12.614477544410999,0.1098822085750087,False
VC5,-0.0149263269267976,0.6345839351415634,-0.1371841877698898,VC4/5,False,72.85023575425147,12.784253325175694,0.1113610916827151,False
VC5,-0.0079464656300842,0.6345839351415634,-0.1371841877698898,VC4/5,False,72.85023575425147,12.784260844238537,0.1113611571797782,False
VC5,-0.0124375293962657,0.6345839351415634,-0.1371841877698898,VC4/5,False,72.85023575425147,12.784508476727016,0.11136331425720397,False
VC5,-0.0104352631606161,0.6345839351415634,-0.1371841877698898,VC4/5,False,72.85023575425147,12.784615367117718,0.11136424535816827,False
VC5,-0.0136819290928542,0.6349876821041107,-0.1386638209223747,VC4/5,False,72.8965859055519,12.954263840082522,0.11284201951291396,False
VC5,-0.0091908635804429,0.6349876821041107,-0.1386638209223747,VC4/5,False,72.8965859055519,12.954199056497442,0.11284145519597076,False
VC5,-0.0102891749702394,0.6502892076969147,-0.1291762739419937,VC4/5,False,74.6532010436058,12.451569871298153,0.1084631521890083,False
VC5,-0.0125836175866425,0.6502892076969147,-0.1291762739419937,VC4/5,False,74.6532010436058,12.451570307860637,0.1084631559918174,False
VC5,-0.0137308400589972,0.6509521752595901,-0.1307960525155067,VC4/5,False,74.72930971980095,12.693136098042768,0.11056738761361296,False
VC5,-0.0091419524978846,0.6509521752595901,-0.1307960525155067,VC4/5,False,74.72930971980095,12.73064097734622,0.11089408516852108,False
VC5,-0.0125836187507957,0.6516151428222656,-0.1324158310890197,VC4/5,False,74.80541839599609,12.940756139527608,0.11272435661609415,False
VC5,-0.0102891738060861,0.6516151428222656,-0.1324158310890197,VC4/5,False,74.80541839599609,12.9407386304119,0.11272420409766463,False
VC5,-0.0077973948791623,0.6625570356845856,-0.1181822195649147,VC4/5,False,76.06154769659042,12.904168552717772,0.11240564941391788,False
VC5,-0.0150753976777195,0.6625570356845856,-0.1181822195649147,VC4/5,False,76.06154769659042,12.904119358625367,0.11240522089394919,False
VC5,-0.0187144014053046,0.6653138995170593,-0.1249178797006607,VC4/5,False,76.37803566455841,13.683484035309112,0.1191941118058285,False
VC5,-0.0041583909187465,0.6653138995170593,-0.1249178797006607,VC4/5,False,76.37803566455841,13.67746398871804,0.11914167237559269,False
VC5,-0.015075400006026,0.6680707633495331,-0.1316535398364067,VC4/5,False,76.6945236325264,14.450626607554165,0.12587653839332896,False
VC5,-0.0077973923180252,0.6680707633495331,-0.1316535398364067,VC4/5,False,76.6945236325264,14.450670537816267,0.1258769210611173,False
VC5,-0.0178622701205313,0.6725629568099976,-0.1080643236637115,VC4/5,False,77.21022744178772,11.746704231823173,0.10232320759427851,False
VC5,-0.0050105229020118,0.6725629568099976,-0.1080643236637115,VC4/5,False,77.21022744178772,11.742676658315178,0.10228812420135172,False
VC5,-0.0242881439626216,0.6774311065673828,-0.1199583709239959,VC4/5,False,77.76909103393554,13.149915158962317,0.11454629929409685,False
VC5,0.0014153514057397,0.6774311065673828,-0.1199583709239959,VC4/5,False,77.76909103393554,13.117122777224285,0.11426065136954952,False
VC5,-0.0178622701205313,0.6822992563247681,-0.1318524181842804,VC4/5,False,78.32795462608337,14.476799882603924,0.12610452859411084,False
VC5,-0.0050105219706892,0.6822992563247681,-0.1318524181842804,VC4/5,False,78.32795462608337,14.47353203688316,0.12607606303905192,False
VC5,-0.005010520806536,0.6893251538276672,-0.1150902062654495,VC4/5,False,79.1345276594162,13.912192130673244,0.12118634260168332,False
VC5,-0.0178622719831764,0.6893251538276672,-0.1150902062654495,VC4/5,False,79.1345276594162,13.915295388892696,0.12121337446770641,False
