mesh,vid,x,y,z
ADEL,0,-0.02135908603668213,-2.667288064956665,0.25284767150878906
ADEL,1,-0.01792261004447937,-2.667288064956665,0.25284770131111145
ADEL,2,-0.02135908603668213,-2.669343948364258,0.25016289949417114
ADEL,3,-0.01792261004447937,-2.669343948364258,0.2501629590988159
ADEL,4,-0.012943767011165619,-2.4792985916137695,0.17198960483074188
ADEL,5,-0.016325190663337708,-2.4792988300323486,0.17198960483074188
ADEL,6,-0.012943767011165619,-2.4788906574249268,0.17534631490707397
ADEL,7,-0.016325190663337708,-2.4788906574249268,0.17534631490707397
ADEL,8,-0.016765862703323364,-2.439420461654663,0.14948873221874237
ADEL,9,-0.013527430593967438,-2.439448118209839,0.14953210949897766
ADEL,10,-0.01672545075416565,-2.439746379852295,0.1462666243314743
ADEL,11,-0.015651226043701172,-2.4289915561676025,0.15463584661483765
ADEL,12,-0.012629762291908264,-2.430157423019409,0.15467289090156555
ADEL,13,-0.012480594217777252,-2.429873466491699,0.1514500081539154
ADEL,14,-0.015502065420150757,-2.4287073612213135,0.1514129787683487
ADEL,15,-0.007918238639831543,-2.424466371536255,0.15467289090156555
ADEL,16,-0.009613633155822754,-2.4217069149017334,0.15463583171367645
ADEL,17,-0.007627382874488831,-2.424330949783325,0.1514499932527542
ADEL,18,-0.009322769939899445,-2.4215714931488037,0.1514129787683487
ADEL,19,0.03186972439289093,-2.409135103225708,0.1846189796924591
ADEL,20,0.03215194493532181,-2.4123523235321045,0.18486446142196655
ADEL,21,0.0342775359749794,-2.4123523235321045,0.1824207454919815
ADEL,22,0.033995307981967926,-2.409135103225708,0.18217526376247406
ADEL,23,0.08012519776821136,-2.4021804332733154,0.25459522008895874
ADEL,24,0.08034689724445343,-2.405397653579712,0.25489646196365356
ADEL,25,0.08295559138059616,-2.405397653579712,0.2529769837856293
ADEL,26,0.08273389935493469,-2.4021806716918945,0.25267571210861206
ADEL,27,-0.013426147401332855,-2.4397459030151367,0.14624883234500885
ADEL,28,-0.021359115839004517,-2.6982522010803223,0.29225635528564453
ADEL,29,-0.021359115839004517,-2.700307846069336,0.2895715832710266
ADEL,30,-0.017922639846801758,-2.698251962661743,0.29225635528564453
ADEL,31,-0.017922639846801758,-2.700307846069336,0.2895716726779938
ADEL,32,-0.021359115839004517,-2.7087526321411133,0.2991422414779663
ADEL,33,-0.021359115839004517,-2.7066967487335205,0.3018270432949066
ADEL,34,-0.017922639846801758,-2.7066967487335205,0.3018270432949066
ADEL,35,-0.017922639846801758,-2.7087526321411133,0.29914233088493347
ADEL,36,0.09999123960733414,-2.410914182662964,0.3303666114807129
ADEL,37,0.09999123215675354,-2.4176013469696045,0.3115176260471344
ADEL,38,0.09999123215675354,-2.436450242996216,0.318204790353775
ADEL,39,0.09999123215675354,-2.429763078689575,0.33705368638038635
ADEL,40,0.11999119818210602,-2.410914182662964,0.3303666114807129
ADEL,41,0.11999119818210602,-2.4176013469696045,0.3115176260471344
ADEL,42,0.11999119818210602,-2.436450242996216,0.318204790353775
ADEL,43,0.11999119818210602,-2.429763078689575,0.33705368638038635
ADEL,44,0.11210648715496063,-2.4149649143218994,0.31894856691360474
ADEL,45,0.11210648715496063,-2.413550615310669,0.32293564081192017
ADEL,46,0.10787594318389893,-2.4149649143218994,0.31894856691360474
ADEL,47,0.10787594318389893,-2.413550615310669,0.32293564081192017
ADEL,48,0.10831514745950699,-2.409562587738037,0.3201991617679596
ADEL,49,0.10831514745950699,-2.4118270874023438,0.3177274167537689
ADEL,50,0.11166729032993317,-2.409562587738037,0.3201991617679596
ADEL,51,0.11166729032993317,-2.4118270874023438,0.3177274167537689
ADEL,52,0.11166729032993317,-2.4055185317993164,0.29794958233833313
ADEL,53,0.11166729032993317,-2.402172327041626,0.29775169491767883
ADEL,54,0.10831514745950699,-2.4055185317993164,0.29794958233833313
ADEL,55,0.10831514745950699,-2.402172327041626,0.29775169491767883
ADEL,56,0.11208176612854004,-2.4324076175689697,0.3295994699001312
ADEL,57,0.11208176612854004,-2.4338057041168213,0.32565900683403015
ADEL,58,0.10790067166090012,-2.4324076175689697,0.3295994699001312
ADEL,59,0.10790067166090012,-2.4338057041168213,0.32565900683403015
ADEL,60,0.10835456103086472,-2.4561781883239746,0.3359757363796234
ADEL,61,0.10835456103086472,-2.4550836086273193,0.3390606641769409
ADEL,62,0.11162786930799484,-2.4561781883239746,0.3359757363796234
ADEL,63,0.11162786930799484,-2.4550836086273193,0.3390606641769409
ADEL,64,0.10502303391695023,-2.508388042449951,0.3642321825027466
ADEL,65,0.10502303391695023,-2.5094823837280273,0.3611472547054291
ADEL,66,0.10829634964466095,-2.5094823837280273,0.3611472547054291
ADEL,67,0.10829634964466095,-2.508388042449951,0.3642321825027466
ADEL,68,0.07728522270917892,-2.5440924167633057,0.3782986104488373
ADEL,69,0.07656456530094147,-2.5449161529541016,0.3752136826515198
ADEL,70,0.07902808487415314,-2.5470714569091797,0.3752136826515198
ADEL,71,0.07974873483181,-2.546247720718384,0.3782986104488373
ADEL,72,0.037351980805397034,-2.5914995670318604,0.3945860266685486
ADEL,73,0.03723188489675522,-2.592587471008301,0.3915010988712311
ADEL,74,0.040605537593364716,-2.5918588638305664,0.3945860266685486
ADEL,75,0.0404854416847229,-2.592946767807007,0.39150112867355347
ADEL,76,0.03649154305458069,-2.631932020187378,0.4059668183326721
ADEL,77,0.036611638963222504,-2.630631923675537,0.40896856784820557
ADEL,78,0.03974509984254837,-2.6322901248931885,0.405991792678833
ADEL,79,0.039865195751190186,-2.6309902667999268,0.40899354219436646
ADEL,80,0.03649154305458069,-2.6356334686279297,0.40781766176223755
ADEL,81,0.036611638963222504,-2.634333848953247,0.4108193814754486
ADEL,82,0.03974509984254837,-2.6359918117523193,0.40784263610839844
ADEL,83,0.039865195751190186,-2.6346919536590576,0.4108443856239319
ADEL,84,0.03649153560400009,-2.6596946716308594,0.4204034209251404
ADEL,85,0.03661163151264191,-2.6583948135375977,0.42340514063835144
ADEL,86,0.03974509239196777,-2.66005277633667,0.42042842507362366
ADEL,87,0.03986518830060959,-2.6587531566619873,0.4234301447868347
ADEL,88,0.03649154305458069,-2.7613143920898438,0.48513901233673096
ADEL,89,0.036611638963222504,-2.7603676319122314,0.488270103931427
ADEL,90,0.039865195751190186,-2.7607264518737793,0.48825380206108093
ADEL,91,0.03974509984254837,-2.7616732120513916,0.4851226806640625
ADEL,92,0.036611638963222504,-2.780233144760132,0.4917312562465668
ADEL,93,0.03649154305458069,-2.7799770832061768,0.488470196723938
ADEL,94,0.039865195751190186,-2.7805614471435547,0.49158570170402527
ADEL,95,0.03974509984254837,-2.7803053855895996,0.4883246123790741
ADEL,96,0.03661163151264191,-2.7994394302368164,0.4839329421520233
ADEL,97,0.03649153560400009,-2.7985620498657227,0.4807817339897156
ADEL,98,0.03974509239196777,-2.798856258392334,0.4805757999420166
ADEL,99,0.03986518830060959,-2.7997336387634277,0.48372703790664673
ADEL,100,0.03932669013738632,-2.6330294609069824,0.4123164713382721
ADEL,101,0.03726665675640106,-2.6328160762786865,0.41223761439323425
ADEL,102,0.03932669013738632,-2.6311087608337402,0.4105337858200073
ADEL,103,0.03726665675640106,-2.6308956146240234,0.4104549288749695
ADEL,104,0.0376189723610878,-2.616485834121704,0.4091661870479584
ADEL,105,0.03922039270401001,-2.6165411472320557,0.4093341529369354
ADEL,106,0.0376189723610878,-2.6163296699523926,0.4111972451210022
ADEL,107,0.03922039270401001,-2.616384744644165,0.41136521100997925
ADEL,108,0.040112175047397614,-2.593413829803467,0.4046972990036011
ADEL,109,0.038510747253894806,-2.5933587551116943,0.404529333114624
ADEL,110,0.040112175047397614,-2.5935702323913574,0.40266624093055725
ADEL,111,0.038510747253894806,-2.593514919281006,0.4024982750415802
ADEL,112,0.06361840665340424,-2.5670313835144043,0.39315593242645264
ADEL,113,0.06466282904148102,-2.568246603012085,0.3933238983154297
ADEL,114,0.06373331695795059,-2.566925525665283,0.39518699049949646
ADEL,115,0.06477776169776917,-2.568140745162964,0.3953549563884735
ADEL,116,0.10921595990657806,-2.524705410003662,0.3804210126399994
ADEL,117,0.10924459993839264,-2.5231032371520996,0.38025304675102234
ADEL,118,0.10905971378087997,-2.524707794189453,0.37838995456695557
ADEL,119,0.10908838361501694,-2.5231058597564697,0.3782219886779785
ADEL,120,0.15100586414337158,-2.5024449825286865,0.37065497040748596
ADEL,121,0.15107890963554382,-2.5040457248687744,0.3708229660987854
ADEL,122,0.15116159617900848,-2.5024325847625732,0.3726860582828522
ADEL,123,0.1512346714735031,-2.504033088684082,0.37285399436950684
ADEL,124,0.1906532496213913,-2.502356767654419,0.3731294572353363
ADEL,125,0.19058015942573547,-2.500756025314331,0.37296149134635925
ADEL,126,0.190497487783432,-2.5023691654205322,0.3710983991622925
ADEL,127,0.19042444229125977,-2.5007684230804443,0.37093043327331543
ADEL,128,0.19766496121883392,-2.500460624694824,0.3702612519264221
ADEL,129,0.19773800671100616,-2.502061128616333,0.37042921781539917
ADEL,130,0.19782069325447083,-2.500447988510132,0.37229230999946594
ADEL,131,0.19789378345012665,-2.5020487308502197,0.3724602460861206
ADER,0,-0.21065601706504822,-2.5020484924316406,0.37246018648147583
ADER,1,-0.21058289706707,-2.5004477500915527,0.3722922205924988
ADER,2,-0.21050012111663818,-2.502061128616333,0.370429128408432
ADER,3,-0.21042722463607788,-2.500460386276245,0.37026116251945496
ADER,4,-0.20318657159805298,-2.5007681846618652,0.37093037366867065
ADER,5,-0.2032596915960312,-2.502368927001953,0.3710983395576477
ADER,6,-0.20334234833717346,-2.500755786895752,0.3729614317417145
ADER,7,-0.20341546833515167,-2.50235652923584,0.37312939763069153
ADER,8,-0.1945217400789261,-2.504033088684082,0.37285393476486206
ADER,9,-0.19444862008094788,-2.502432346343994,0.3726859986782074
ADER,10,-0.1943659484386444,-2.5040454864501953,0.3708229064941406
ADER,11,-0.19429294764995575,-2.5024447441101074,0.3706549108028412
ADER,12,-0.1523755043745041,-2.5231056213378906,0.37822192907333374
ADER,13,-0.15234677493572235,-2.524707794189453,0.3783899247646332
ADER,14,-0.15253163874149323,-2.5231029987335205,0.38025301694869995
ADER,15,-0.1525031179189682,-2.524705171585083,0.3804209530353546
ADER,16,-0.10806490480899811,-2.5681405067443848,0.3953549265861511
ADER,17,-0.107020303606987,-2.566925287246704,0.3951869606971741
ADER,18,-0.10794992744922638,-2.568246364593506,0.3933238685131073
ADER,19,-0.10690545290708542,-2.567031145095825,0.39315590262413025
ADER,20,-0.0817977786064148,-2.593514919281006,0.4024982452392578
ADER,21,-0.08339927345514297,-2.5935699939727783,0.40266621112823486
ADER,22,-0.0817977786064148,-2.5933585166931152,0.40452930331230164
ADER,23,-0.08339927345514297,-2.593413829803467,0.4046972692012787
ADER,24,-0.08250747621059418,-2.616384744644165,0.41136518120765686
ADER,25,-0.08090608566999435,-2.6163294315338135,0.4111972153186798
ADER,26,-0.08250747621059418,-2.6165409088134766,0.40933412313461304
ADER,27,-0.08090608566999435,-2.616485834121704,0.409166157245636
ADER,28,-0.08055371046066284,-2.6308953762054443,0.4104548990726471
ADER,29,-0.08261381834745407,-2.6311087608337402,0.4105337858200073
ADER,30,-0.08055371046066284,-2.6328160762786865,0.41223758459091187
ADER,31,-0.08261381834745407,-2.6330292224884033,0.4123164415359497
ADER,32,-0.08315232396125793,-2.7997336387634277,0.48372700810432434
ADER,33,-0.08303218334913254,-2.798856258392334,0.4805757701396942
ADER,34,-0.07977859675884247,-2.7985618114471436,0.4807817041873932
ADER,35,-0.07989874482154846,-2.7994391918182373,0.4839329123497009
ADER,36,-0.08303218334913254,-2.7803051471710205,0.4883245825767517
ADER,37,-0.08315232396125793,-2.7805612087249756,0.49158570170402527
ADER,38,-0.07977859675884247,-2.7799768447875977,0.4884701669216156
ADER,39,-0.07989874482154846,-2.7802329063415527,0.491731196641922
ADER,40,-0.08303218334913254,-2.7616729736328125,0.4851226508617401
ADER,41,-0.08315232396125793,-2.7607262134552,0.48825377225875854
ADER,42,-0.07989874482154846,-2.7603673934936523,0.4882700741291046
ADER,43,-0.07977859675884247,-2.7613141536712646,0.48513898253440857
ADER,44,-0.08315232396125793,-2.658752918243408,0.42343011498451233
ADER,45,-0.08303218334913254,-2.66005277633667,0.4204283654689789
ADER,46,-0.07989874482154846,-2.6583945751190186,0.42340514063835144
ADER,47,-0.07977859675884247,-2.6596944332122803,0.420403391122818
ADER,48,-0.08315232396125793,-2.6346919536590576,0.4108443856239319
ADER,49,-0.08303218334913254,-2.6359918117523193,0.40784263610839844
ADER,50,-0.07989874482154846,-2.634333610534668,0.4108193814754486
ADER,51,-0.07977859675884247,-2.6356334686279297,0.40781763195991516
ADER,52,-0.08315232396125793,-2.6309902667999268,0.40899351239204407
ADER,53,-0.08303218334913254,-2.6322901248931885,0.405991792678833
ADER,54,-0.07989874482154846,-2.630631923675537,0.4089685380458832
ADER,55,-0.07977859675884247,-2.631931781768799,0.40596678853034973
ADER,56,-0.0837724581360817,-2.5929465293884277,0.3915010988712311
ADER,57,-0.08389260619878769,-2.5918586254119873,0.3945859968662262
ADER,58,-0.08051899075508118,-2.5925872325897217,0.3915010988712311
ADER,59,-0.08063901960849762,-2.5914995670318604,0.3945859968662262
ADER,60,-0.12303575873374939,-2.546247720718384,0.3782985806465149
ADER,61,-0.12231513857841492,-2.5470712184906006,0.3752136528491974
ADER,62,-0.11985161900520325,-2.5449159145355225,0.3752136528491974
ADER,63,-0.12057223170995712,-2.5440921783447266,0.3782985508441925
ADER,64,-0.15158338844776154,-2.508387804031372,0.3642321228981018
ADER,65,-0.15158338844776154,-2.5094823837280273,0.3611471951007843
ADER,66,-0.14831002056598663,-2.5094823837280273,0.3611471951007843
ADER,67,-0.14831002056598663,-2.508387804031372,0.3642321228981018
ADER,68,-0.15491491556167603,-2.4550836086273193,0.33906060457229614
ADER,69,-0.15491491556167603,-2.4561779499053955,0.335975706577301
ADER,70,-0.15164156258106232,-2.4550836086273193,0.33906060457229614
ADER,71,-0.15164156258106232,-2.4561779499053955,0.335975706577301
ADER,72,-0.15118765830993652,-2.433805465698242,0.32565897703170776
ADER,73,-0.15118765830993652,-2.4324076175689697,0.32959944009780884
ADER,74,-0.15536880493164062,-2.433805465698242,0.32565897703170776
ADER,75,-0.15536880493164062,-2.4324076175689697,0.32959944009780884
ADER,76,-0.15160223841667175,-2.402172088623047,0.29775166511535645
ADER,77,-0.15160223841667175,-2.4055182933807373,0.29794955253601074
ADER,78,-0.15495434403419495,-2.402172088623047,0.29775166511535645
ADER,79,-0.15495434403419495,-2.4055182933807373,0.29794955253601074
ADER,80,-0.15495434403419495,-2.4118268489837646,0.31772738695144653
ADER,81,-0.15495434403419495,-2.409562587738037,0.3201991319656372
ADER,82,-0.15160223841667175,-2.4118268489837646,0.31772738695144653
ADER,83,-0.15160223841667175,-2.409562587738037,0.3201991319656372
ADER,84,-0.15116305649280548,-2.41355037689209,0.3229356110095978
ADER,85,-0.15116305649280548,-2.4149649143218994,0.31894853711128235
ADER,86,-0.15539364516735077,-2.41355037689209,0.3229356110095978
ADER,87,-0.15539364516735077,-2.4149649143218994,0.31894853711128235
ADER,88,-0.1632782369852066,-2.429763078689575,0.33705365657806396
ADER,89,-0.1632782369852066,-2.436450242996216,0.31820476055145264
ADER,90,-0.1632782369852066,-2.4176011085510254,0.311517596244812
ADER,91,-0.1632782369852066,-2.410914182662964,0.3303665518760681
ADER,92,-0.1432783454656601,-2.429763078689575,0.33705365657806396
ADER,93,-0.1432783454656601,-2.4364500045776367,0.31820476055145264
ADER,94,-0.1432783454656601,-2.4176011085510254,0.311517596244812
ADER,95,-0.1432783454656601,-2.410914182662964,0.3303665518760681
ADER,96,-0.025364458560943604,-2.708752393722534,0.29914233088493347
ADER,97,-0.025364458560943604,-2.7066967487335205,0.3018270432949066
ADER,98,-0.02192796766757965,-2.7066967487335205,0.3018270432949066
ADER,99,-0.02192796766757965,-2.708752393722534,0.2991422414779663
ADER,100,-0.025364458560943604,-2.700307607650757,0.2895716428756714
ADER,101,-0.025364458560943604,-2.698251962661743,0.29225635528564453
ADER,102,-0.02192796766757965,-2.700307607650757,0.2895715534687042
ADER,103,-0.02192796766757965,-2.698251962661743,0.29225635528564453
ADER,104,-0.029860958456993103,-2.4397456645965576,0.14624884724617004
ADER,105,-0.12602101266384125,-2.4021804332733154,0.2526756823062897
ADER,106,-0.12624266743659973,-2.405397653579712,0.2529769539833069
ADER,107,-0.12363393604755402,-2.405397653579712,0.2548964321613312
ADER,108,-0.12341228127479553,-2.4021804332733154,0.25459519028663635
ADER,109,-0.07728230953216553,-2.409135103225708,0.18217524886131287
ADER,110,-0.0775645524263382,-2.4123523235321045,0.1824207305908203
ADER,111,-0.07543902844190598,-2.4123520851135254,0.18486444652080536
ADER,112,-0.0751567855477333,-2.409135103225708,0.18461894989013672
ADER,113,-0.03396438807249069,-2.4215714931488037,0.1514129638671875
ADER,114,-0.03565976023674011,-2.424330949783325,0.15144997835159302
ADER,115,-0.033673517405986786,-2.4217069149017334,0.15463581681251526
ADER,116,-0.035368889570236206,-2.424466133117676,0.15467289090156555
ADER,117,-0.0277850478887558,-2.4287073612213135,0.1514129489660263
ADER,118,-0.03080657124519348,-2.42987322807312,0.1514499932527542
ADER,119,-0.030657343566417694,-2.43015718460083,0.15467289090156555
ADER,120,-0.02763587236404419,-2.4289913177490234,0.15463583171367645
ADER,121,-0.0265616774559021,-2.439746141433716,0.14626659452915192
ADER,122,-0.02975967526435852,-2.4394478797912598,0.14953209459781647
ADER,123,-0.026521265506744385,-2.439420223236084,0.14948871731758118
ADER,124,-0.02696193754673004,-2.4788906574249268,0.17534630000591278
ADER,125,-0.03034336119890213,-2.4788906574249268,0.17534631490707397
ADER,126,-0.02696193754673004,-2.4792985916137695,0.1719895899295807
ADER,127,-0.03034336119890213,-2.4792985916137695,0.1719895899295807
ADER,128,-0.02536451816558838,-2.6693437099456787,0.2501629590988159
ADER,129,-0.021928012371063232,-2.6693437099456787,0.25016289949417114
ADER,130,-0.02536451816558838,-2.667288064956665,0.25284770131111145
ADER,131,-0.021928012371063232,-2.667288064956665,0.25284767150878906
ADFL,0,-0.01893862709403038,-2.726310968399048,0.359313428401947
ADFL,1,-0.0188472680747509,-2.72965407371521,0.3595712184906006
ADFL,2,-0.016066774725914,-2.7266685962677,0.35946711897850037
ADFL,3,0.035403650254011154,-2.6518938541412354,0.30746808648109436
ADFL,4,0.035403650254011154,-2.655508041381836,0.3076323866844177
ADFL,5,0.03902151435613632,-2.6518938541412354,0.30746808648109436
ADFL,6,0.03902151435613632,-2.655508041381836,0.3076323866844177
ADFL,7,0.03389031067490578,-2.654484987258911,0.29935142397880554
ADFL,8,0.03399202227592468,-2.6580991744995117,0.2994804382324219
ADFL,9,0.036731451749801636,-2.654484987258911,0.2971116006374359
ADFL,10,0.03683316335082054,-2.6580991744995117,0.29724058508872986
ADFL,11,-0.010894645005464554,-2.674253225326538,0.26678892970085144
ADFL,12,-0.009474851191043854,-2.6775808334350586,0.2667904198169708
ADFL,13,-0.010863121598958969,-2.674241542816162,0.2631712257862091
ADFL,14,-0.009443335235118866,-2.6775691509246826,0.2631727457046509
ADFL,15,-0.01614340767264366,-2.6884937286376953,0.2764131426811218
ADFL,16,-0.019746236503124237,-2.688255786895752,0.2761853039264679
ADFL,17,-0.01974165439605713,-2.690721273422241,0.27353760600090027
ADFL,18,-0.016138818114995956,-2.6909592151641846,0.2737654447555542
ADFL,19,-0.01614340767264366,-2.7112104892730713,0.30618056654930115
ADFL,20,-0.019746236503124237,-2.7110159397125244,0.3059147298336029
ADFL,21,-0.016138818114995956,-2.714099884033203,0.3040033280849457
ADFL,22,-0.01974165067076683,-2.7139053344726562,0.30373746156692505
ADFL,23,-0.016138818114995956,-2.7298989295959473,0.35964348912239075
ADFL,24,-0.02108391374349594,-2.751926898956299,0.5326582193374634
ADFL,25,-0.02108391374349594,-2.7550792694091797,0.5322928428649902
ADFL,26,-0.02108391374349594,-2.7522923946380615,0.5358104109764099
ADFL,27,-0.02108391374349594,-2.7554445266723633,0.535444974899292
ADFL,28,0.00658351369202137,-2.7546868324279785,0.5293540358543396
ADFL,29,0.00658351369202137,-2.751636266708374,0.5297076106071472
ADFL,30,0.00534353032708168,-2.7543632984161377,0.5265632271766663
ADFL,31,0.00534353032708168,-2.751312732696533,0.5269168615341187
ADFL,32,0.028082560747861862,-2.7482900619506836,0.5099838376045227
ADFL,33,0.02797769196331501,-2.751340627670288,0.5096461176872253
ADFL,34,0.030094396322965622,-2.7486135959625244,0.5122813582420349
ADFL,35,0.029989533126354218,-2.751664161682129,0.5119436383247375
ADFL,36,0.045556966215372086,-2.7481610774993896,0.4856623411178589
ADFL,37,0.045772235840559006,-2.7453386783599854,0.4859086871147156
ADFL,38,0.042994167655706406,-2.747861623764038,0.4844731092453003
ADFL,39,0.04320944845676422,-2.745039463043213,0.484719455242157
ADFL,40,0.04858521372079849,-2.7404842376708984,0.4549356698989868
ADFL,41,0.048281118273735046,-2.7433063983917236,0.4548150897026062
ADFL,42,0.05140816047787666,-2.740783452987671,0.45482107996940613
ADFL,43,0.051104068756103516,-2.743605613708496,0.4547004699707031
ADFL,44,0.045724496245384216,-2.739388942718506,0.42390409111976624
ADFL,45,0.04604661464691162,-2.7365667819976807,0.4238469898700714
ADFL,46,0.0433824248611927,-2.7390897274017334,0.42548424005508423
ADFL,47,0.04370453953742981,-2.736267566680908,0.4254271388053894
ADFL,48,0.028424054384231567,-2.7327401638031006,0.39977267384529114
ADFL,49,0.02815486490726471,-2.735548257827759,0.39943599700927734
ADFL,50,0.029896726831793785,-2.732590436935425,0.39734765887260437
ADFL,51,0.02962753176689148,-2.735398769378662,0.3970109820365906
ADFL,52,0.006568962708115578,-2.732874631881714,0.3796241879463196
ADFL,53,0.006914157420396805,-2.7300665378570557,0.37988242506980896
ADFL,54,0.005753189325332642,-2.7330243587493896,0.38234153389930725
ADFL,55,0.006098367273807526,-2.7302160263061523,0.38259974122047424
ADFL,56,-0.011942144483327866,-2.7294082641601562,0.37614694237709045
ADFL,57,-0.011820290237665176,-2.7322452068328857,0.3760616183280945
ADFL,58,-0.0096181221306324,-2.729259729385376,0.37451958656311035
ADFL,59,-0.009496252983808517,-2.7320966720581055,0.3744342625141144
ADFL,60,0.08103986084461212,-2.9656975269317627,0.5255146026611328
ADFL,61,0.08103986084461212,-2.9656975269317627,0.5295325517654419
ADFL,62,0.07702194154262543,-2.9656975269317627,0.5295325517654419
ADFL,63,0.07702194154262543,-2.9656975269317627,0.5255146026611328
ADFL,64,0.07338325679302216,-2.997606039047241,0.5305528044700623
ADFL,65,0.07338325679302216,-2.997606039047241,0.5345706939697266
ADFL,66,0.07740117609500885,-2.997606039047241,0.5345706939697266
ADFL,67,0.07740117609500885,-2.997605800628662,0.5305528044700623
ADFL,68,0.07702194154262543,-2.9318296909332275,0.5185171365737915
ADFL,69,0.07702194154262543,-2.9318296909332275,0.5225350856781006
ADFL,70,0.08103986084461212,-2.9318296909332275,0.5225350856781006
ADFL,71,0.08103986084461212,-2.9318296909332275,0.5185171365737915
ADFL,72,0.0762815773487091,-2.8889405727386475,0.5085110664367676
ADFL,73,0.0762815773487091,-2.8889405727386475,0.5125289559364319
ADFL,74,0.07226365804672241,-2.8889405727386475,0.5125289559364319
ADFL,75,0.07226365804672241,-2.8889405727386475,0.5085110664367676
ADFL,76,0.06368613243103027,-3.045748472213745,0.5386698246002197
ADFL,77,0.06368613243103027,-3.045748472213745,0.5426877737045288
ADFL,78,0.059668220579624176,-3.045748710632324,0.5426877737045288
ADFL,79,0.059668220579624176,-3.045748710632324,0.5386698246002197
ADFL,80,0.04791247099637985,-3.201557159423828,0.5582712888717651
ADFL,81,0.04791247099637985,-3.2011876106262207,0.5622721314430237
ADFL,82,0.05193038284778595,-3.2011876106262207,0.5622721314430237
ADFL,83,0.05193038284778595,-3.201557159423828,0.5582712292671204
ADFL,84,0.032617367804050446,-3.319845199584961,0.5704197287559509
ADFL,85,0.032617367804050446,-3.3194754123687744,0.5744206309318542
ADFL,86,0.0285994540899992,-3.3194754123687744,0.5744206309318542
ADFL,87,0.0285994540899992,-3.319845199584961,0.5704197287559509
ADFL,88,0.020567579194903374,-3.371799945831299,0.5760180354118347
ADFL,89,0.020567579194903374,-3.3714301586151123,0.5800188779830933
ADFL,90,0.024585489183664322,-3.371429920196533,0.5800188779830933
ADFL,91,0.024585489183664322,-3.3717997074127197,0.5760180354118347
ADFL,92,0.01509326696395874,-3.4282307624816895,0.5835847854614258
ADFL,93,0.01509326696395874,-3.427860975265503,0.5875856280326843
ADFL,94,0.011075351387262344,-3.427861213684082,0.5875856280326843
ADFL,95,0.011075351387262344,-3.4282307624816895,0.5835847854614258
ADFL,96,0.0049175843596458435,-3.486302614212036,0.5874783396720886
ADFL,97,0.0049175843596458435,-3.4859330654144287,0.5914791822433472
ADFL,98,0.008935494348406792,-3.4859328269958496,0.5914791822433472
ADFL,99,0.008935494348406792,-3.486302614212036,0.5874783396720886
ADFL,100,0.008935494348406792,-3.4947938919067383,0.5882629156112671
ADFL,101,0.008935494348406792,-3.4944241046905518,0.5922638177871704
ADFL,102,0.0049175843596458435,-3.4944241046905518,0.5922638177871704
ADFL,103,0.0049175843596458435,-3.4947938919067383,0.5882629156112671
ADFL,104,0.06404288113117218,-2.790541410446167,0.4738546907901764
ADFL,105,0.06002496927976608,-2.790541410446167,0.4738546907901764
ADFL,106,0.06404288113117218,-2.790541410446167,0.4698368012905121
ADFL,107,0.06002496927976608,-2.790541410446167,0.4698368012905121
ADFL,108,0.05767875909805298,-2.739628553390503,0.44301319122314453
ADFL,109,0.05366084724664688,-2.739628553390503,0.44301319122314453
ADFL,110,0.05767875909805298,-2.739628553390503,0.43899527192115784
ADFL,111,0.05366084724664688,-2.739628553390503,0.43899527192115784
ADFL,112,0.027356745675206184,-2.6662347316741943,0.42193570733070374
ADFL,113,0.027356745675206184,-2.6732285022735596,0.4031984508037567
ADFL,114,0.027356745675206184,-2.6919658184051514,0.41019243001937866
ADFL,115,0.027356745675206184,-2.684971809387207,0.4289296567440033
ADFL,116,0.047356732189655304,-2.6662344932556152,0.42193570733070374
ADFL,117,0.047356732189655304,-2.6732285022735596,0.4031984508037567
ADFL,118,0.047356732189655304,-2.6919658184051514,0.41019245982170105
ADFL,119,0.047356732189655304,-2.684971809387207,0.4289296567440033
ADFL,120,0.03958555683493614,-2.6876893043518066,0.42164915800094604
ADFL,121,0.03958555683493614,-2.6892480850219727,0.4174729585647583
ADFL,122,0.0351279191672802,-2.6876893043518066,0.42164915800094604
ADFL,123,0.0351279191672802,-2.6892483234405518,0.4174729585647583
ADFL,124,0.0395340695977211,-2.7087090015411377,0.42530712485313416
ADFL,125,0.0395340695977211,-2.70857834815979,0.4289926588535309
ADFL,126,0.04322191700339317,-2.7087090015411377,0.42530712485313416
ADFL,127,0.04322191700339317,-2.70857834815979,0.4289926588535309
ADFL,128,0.03925803676247597,-2.670396327972412,0.41078582406044006
ADFL,129,0.03925803676247597,-2.6690666675567627,0.4143483340740204
ADFL,130,0.03545543923974037,-2.670396566390991,0.41078582406044006
ADFL,131,0.03545543923974037,-2.6690666675567627,0.4143483340740204
ADFL,132,0.03545543551445007,-2.6628048419952393,0.4107118546962738
ADFL,133,0.03545543551445007,-2.6653380393981934,0.4078759253025055
ADFL,134,0.03925803303718567,-2.6628048419952393,0.4107118546962738
ADFL,135,0.03925803303718567,-2.6653380393981934,0.4078759253025055
ADFL,136,0.03545543551445007,-2.658561944961548,0.3848452568054199
ADFL,137,0.03545543551445007,-2.6547658443450928,0.38506412506103516
ADFL,138,0.03925803303718567,-2.658561944961548,0.38484522700309753
ADFL,139,0.03925803303718567,-2.6547658443450928,0.38506412506103516
ADFR,0,-0.0819762721657753,-2.6547658443450928,0.38506415486335754
ADFR,1,-0.0819762721657753,-2.658562183380127,0.3848452866077423
ADFR,2,-0.0781736671924591,-2.6547658443450928,0.38506415486335754
ADFR,3,-0.0781736671924591,-2.658562183380127,0.3848452866077423
ADFR,4,-0.0819762721657753,-2.6653382778167725,0.4078759551048279
ADFR,5,-0.0819762721657753,-2.6628048419952393,0.4107118844985962
ADFR,6,-0.0781736671924591,-2.6653382778167725,0.4078759551048279
ADFR,7,-0.0781736671924591,-2.6628048419952393,0.4107118844985962
ADFR,8,-0.0781736671924591,-2.6690666675567627,0.4143483638763428
ADFR,9,-0.0781736671924591,-2.670396566390991,0.41078585386276245
ADFR,10,-0.0819762721657753,-2.6690666675567627,0.4143483638763428
ADFR,11,-0.0819762721657753,-2.670396566390991,0.41078585386276245
ADFR,12,-0.08594014495611191,-2.70857834815979,0.42899268865585327
ADFR,13,-0.08594014495611191,-2.7087090015411377,0.42530715465545654
ADFR,14,-0.08225230127573013,-2.70857834815979,0.42899268865585327
ADFR,15,-0.08225230127573013,-2.7087090015411377,0.42530715465545654
ADFR,16,-0.07784615457057953,-2.6892483234405518,0.4174729883670807
ADFR,17,-0.07784615457057953,-2.6876895427703857,0.42164915800094604
ADFR,18,-0.08230379968881607,-2.6892483234405518,0.4174729883670807
ADFR,19,-0.08230379968881607,-2.6876895427703857,0.42164918780326843
ADFR,20,-0.09007495641708374,-2.684971809387207,0.4289296865463257
ADFR,21,-0.09007495641708374,-2.6919658184051514,0.41019245982170105
ADFR,22,-0.09007495641708374,-2.6732285022735596,0.4031984806060791
ADFR,23,-0.09007495641708374,-2.6662347316741943,0.4219357371330261
ADFR,24,-0.07007497549057007,-2.684972047805786,0.4289296865463257
ADFR,25,-0.07007497549057007,-2.6919658184051514,0.41019245982170105
ADFR,26,-0.07007497549057007,-2.6732287406921387,0.4031984806060791
ADFR,27,-0.07007497549057007,-2.6662347316741943,0.4219357371330261
ADFR,28,-0.09637906402349472,-2.739628553390503,0.4389953017234802
ADFR,29,-0.10039698332548141,-2.739628553390503,0.4389953017234802
ADFR,30,-0.09637906402349472,-2.739628553390503,0.44301319122314453
ADFR,31,-0.10039698332548141,-2.739628553390503,0.4430132210254669
ADFR,32,-0.10274318605661392,-2.790541410446167,0.4698368012905121
ADFR,33,-0.10676110535860062,-2.790541410446167,0.4698368012905121
ADFR,34,-0.10274318605661392,-2.790541410446167,0.4738547205924988
ADFR,35,-0.10676110535860062,-2.790541410446167,0.4738547205924988
ADFR,36,-0.04763580113649368,-3.4947938919067383,0.5882629156112671
ADFR,37,-0.04763580113649368,-3.4944241046905518,0.5922638773918152
ADFR,38,-0.05165370553731918,-3.4944241046905518,0.5922638773918152
ADFR,39,-0.05165370553731918,-3.4947938919067383,0.5882629156112671
ADFR,40,-0.05165370553731918,-3.486302614212036,0.5874783396720886
ADFR,41,-0.05165370553731918,-3.4859330654144287,0.5914791822433472
ADFR,42,-0.04763580113649368,-3.4859330654144287,0.5914791822433472
ADFR,43,-0.04763580113649368,-3.486302614212036,0.5874783396720886
ADFR,44,-0.053793568164110184,-3.4282307624816895,0.5835847854614258
ADFR,45,-0.053793568164110184,-3.427861213684082,0.5875856280326843
ADFR,46,-0.05781148746609688,-3.427860975265503,0.5875856280326843
ADFR,47,-0.05781148746609688,-3.4282307624816895,0.5835847854614258
ADFR,48,-0.06730370968580246,-3.3717997074127197,0.5760180354118347
ADFR,49,-0.06730370968580246,-3.3714301586151123,0.5800188779830933
ADFR,50,-0.06328579783439636,-3.3714301586151123,0.5800188779830933
ADFR,51,-0.06328579783439636,-3.371799945831299,0.5760180354118347
ADFR,52,-0.07131767272949219,-3.319845199584961,0.5704197287559509
ADFR,53,-0.07131767272949219,-3.3194756507873535,0.5744206309318542
ADFR,54,-0.07533558458089828,-3.3194756507873535,0.5744206309318542
ADFR,55,-0.07533558458089828,-3.319845199584961,0.5704197287559509
ADFR,56,-0.09464859962463379,-3.201557159423828,0.5582712888717651
ADFR,57,-0.09464859962463379,-3.2011873722076416,0.5622721314430237
ADFR,58,-0.0906306803226471,-3.2011876106262207,0.5622721314430237
ADFR,59,-0.0906306803226471,-3.201557159423828,0.5582712888717651
ADFR,60,-0.10238644480705261,-3.045748710632324,0.5386698842048645
ADFR,61,-0.10238644480705261,-3.045748710632324,0.5426877737045288
ADFR,62,-0.10640434920787811,-3.045748472213745,0.5426877737045288
ADFR,63,-0.10640434920787811,-3.045748710632324,0.5386698842048645
ADFR,64,-0.11498187482357025,-2.8889405727386475,0.5085110664367676
ADFR,65,-0.11498187482357025,-2.8889405727386475,0.5125290155410767
ADFR,66,-0.11899979412555695,-2.8889405727386475,0.5125290155410767
ADFR,67,-0.11899979412555695,-2.8889405727386475,0.5085110664367676
ADFR,68,-0.12375807017087936,-2.9318296909332275,0.5185171961784363
ADFR,69,-0.12375807017087936,-2.9318296909332275,0.5225350856781006
ADFR,70,-0.11974015086889267,-2.9318296909332275,0.5225350856781006
ADFR,71,-0.11974015086889267,-2.9318296909332275,0.5185171961784363
ADFR,72,-0.1201193779706955,-2.997606039047241,0.5305528044700623
ADFR,73,-0.1201193779706955,-2.997606039047241,0.5345706939697266
ADFR,74,-0.1161014661192894,-2.997606039047241,0.5345707535743713
ADFR,75,-0.1161014661192894,-2.997606039047241,0.5305528044700623
ADFR,76,-0.11974015086889267,-2.9656975269317627,0.5255146026611328
ADFR,77,-0.11974015086889267,-2.9656975269317627,0.5295325517654419
ADFR,78,-0.12375807017087936,-2.9656975269317627,0.5295325517654419
ADFR,79,-0.12375807017087936,-2.9656975269317627,0.5255146026611328
ADFR,80,-0.033221978694200516,-2.7320966720581055,0.37443429231643677
ADFR,81,-0.03310011327266693,-2.729259967803955,0.3745196461677551
ADFR,82,-0.030897945165634155,-2.732245445251465,0.37606167793273926
ADFR,83,-0.030776090919971466,-2.7294085025787354,0.37614697217941284
ADFR,84,-0.04881660267710686,-2.7302162647247314,0.382599800825119
ADFR,85,-0.04847142845392227,-2.7330243587493896,0.38234156370162964
ADFR,86,-0.049632392823696136,-2.7300665378570557,0.37988245487213135
ADFR,87,-0.04928719624876976,-2.732874870300293,0.37962424755096436
ADFR,88,-0.07234576344490051,-2.735398769378662,0.39701101183891296
ADFR,89,-0.07261495292186737,-2.732590675354004,0.39734771847724915
ADFR,90,-0.07087309658527374,-2.735548257827759,0.39943602681159973
ADFR,91,-0.0711422935128212,-2.7327401638031006,0.3997727334499359
ADFR,92,-0.08642277866601944,-2.736267566680908,0.4254271686077118
ADFR,93,-0.08610063791275024,-2.7390897274017334,0.4254842698574066
ADFR,94,-0.08876484632492065,-2.7365667819976807,0.4238470196723938
ADFR,95,-0.08844273537397385,-2.739388942718506,0.4239041209220886
ADFR,96,-0.09382230043411255,-2.743605852127075,0.4547004997730255
ADFR,97,-0.0941263884305954,-2.74078369140625,0.4548211097717285
ADFR,98,-0.09099935740232468,-2.7433066368103027,0.4548150897026062
ADFR,99,-0.09130344539880753,-2.7404842376708984,0.4549356997013092
ADFR,100,-0.08592767268419266,-2.745039701461792,0.484719455242157
ADFR,101,-0.08571239560842514,-2.747861862182617,0.4844731390476227
ADFR,102,-0.08849047124385834,-2.7453389167785645,0.4859086871147156
ADFR,103,-0.08827519416809082,-2.7481610774993896,0.4856623709201813
ADFR,104,-0.07270776480436325,-2.751664161682129,0.5119436979293823
ADFR,105,-0.07281262427568436,-2.7486135959625244,0.5122814178466797
ADFR,106,-0.0706959217786789,-2.751340627670288,0.5096461772918701
ADFR,107,-0.0708007961511612,-2.7482900619506836,0.5099838376045227
ADFR,108,-0.048061762005090714,-2.7513129711151123,0.5269168615341187
ADFR,109,-0.048061762005090714,-2.754363536834717,0.5265632271766663
ADFR,110,-0.049301739782094955,-2.751636505126953,0.529707670211792
ADFR,111,-0.049301739782094955,-2.7546870708465576,0.5293540358543396
ADFR,112,-0.021634314209222794,-2.7554445266723633,0.5354450345039368
ADFR,113,-0.021634314209222794,-2.7522923946380615,0.5358104109764099
ADFR,114,-0.021634317934513092,-2.7550792694091797,0.5322928428649902
ADFR,115,-0.021634317934513092,-2.751927137374878,0.5326582193374634
ADFR,116,-0.026579421013593674,-2.7298991680145264,0.35964351892471313
ADFR,117,-0.022976592183113098,-2.7139053344726562,0.3037375211715698
ADFR,118,-0.026579421013593674,-2.7141001224517822,0.30400338768959045
ADFR,119,-0.022972002625465393,-2.7110161781311035,0.3059147894382477
ADFR,120,-0.026574835181236267,-2.7112107276916504,0.30618059635162354
ADFR,121,-0.026579421013593674,-2.6909594535827637,0.273765504360199
ADFR,122,-0.022976592183113098,-2.6907215118408203,0.27353766560554504
ADFR,123,-0.022972002625465393,-2.688255786895752,0.27618536353111267
ADFR,124,-0.026574835181236267,-2.6884939670562744,0.276413232088089
ADFR,125,-0.03327490761876106,-2.6775693893432617,0.26317280530929565
ADFR,126,-0.03185512125492096,-2.674241542816162,0.26317131519317627
ADFR,127,-0.033243391662836075,-2.6775810718536377,0.266790509223938
ADFR,128,-0.031823597848415375,-2.674253463745117,0.2667889893054962
ADFR,129,-0.07955139875411987,-2.6580991744995117,0.29724064469337463
ADFR,130,-0.07944969832897186,-2.6544852256774902,0.2971116602420807
ADFR,131,-0.07671026140451431,-2.6580991744995117,0.29948049783706665
ADFR,132,-0.0766085535287857,-2.654484987258911,0.2993514835834503
ADFR,133,-0.08173976093530655,-2.655508041381836,0.3076324462890625
ADFR,134,-0.08173976093530655,-2.6518938541412354,0.30746814608573914
ADFR,135,-0.07812189310789108,-2.655508041381836,0.3076324462890625
ADFR,136,-0.07812189310789108,-2.6518938541412354,0.30746814608573914
ADFR,137,-0.02665146067738533,-2.7266688346862793,0.35946714878082275
ADFR,138,-0.02387096732854843,-2.72965407371521,0.35957127809524536
ADFR,139,-0.02377961203455925,-2.726311206817627,0.3593134880065918
ASIL,0,-0.01897890865802765,-2.72686767578125,0.3596786856651306
ASIL,1,0.035403646528720856,-2.635176658630371,0.3804115951061249
ASIL,2,0.035403646528720856,-2.6387805938720703,0.38072827458381653
ASIL,3,0.039021506905555725,-2.635176658630371,0.3804115951061249
ASIL,4,0.039021506905555725,-2.6387805938720703,0.3807283043861389
ASIL,5,0.035403646528720856,-2.6518936157226562,0.30746814608573914
ASIL,6,0.035403646528720856,-2.655507802963257,0.3076324462890625
ASIL,7,0.039021506905555725,-2.6518936157226562,0.30746814608573914
ASIL,8,0.039021506905555725,-2.655507802963257,0.3076324462890625
ASIL,9,0.03389030694961548,-2.654484748840332,0.2993514835834503
ASIL,10,0.033992014825344086,-2.6580989360809326,0.29948049783706665
ASIL,11,0.03673144429922104,-2.654484748840332,0.2971116602420807
ASIL,12,0.036833155900239944,-2.6580989360809326,0.29724064469337463
ASIL,13,-0.010894648730754852,-2.6742522716522217,0.26678889989852905
ASIL,14,-0.009474866092205048,-2.677579879760742,0.2667904198169708
ASIL,15,-0.010863140225410461,-2.6742405891418457,0.2631711959838867
ASIL,16,-0.009443342685699463,-2.677568197250366,0.2631727457046509
ASIL,17,-0.016143418848514557,-2.688492774963379,0.27641311287879944
ASIL,18,-0.019746243953704834,-2.6882545948028564,0.2761852443218231
ASIL,19,-0.01974167302250862,-2.6907200813293457,0.27353760600090027
ASIL,20,-0.016138829290866852,-2.690958261489868,0.2737654447555542
ASIL,21,-0.016143418848514557,-2.711209535598755,0.30618053674697876
ASIL,22,-0.019746243953704834,-2.711014747619629,0.30591467022895813
ASIL,23,-0.016138829290866852,-2.7140989303588867,0.3040032982826233
ASIL,24,-0.019741658121347427,-2.7139041423797607,0.30373743176460266
ASIL,25,-0.016138829290866852,-2.729897975921631,0.35964345932006836
ASIL,26,-0.021083924919366837,-2.7519259452819824,0.5326582789421082
ASIL,27,-0.021083924919366837,-2.755078077316284,0.5322928428649902
ASIL,28,-0.021083924919366837,-2.752291440963745,0.5358104109764099
ASIL,29,-0.021083924919366837,-2.755443572998047,0.5354450345039368
ASIL,30,0.006583504378795624,-2.7546863555908203,0.5293540954589844
ASIL,31,0.006583511829376221,-2.751635789871216,0.5297077298164368
ASIL,32,0.005343521013855934,-2.7543628215789795,0.526563286781311
ASIL,33,0.005343521013855934,-2.751312255859375,0.5269169211387634
ASIL,34,0.028082549571990967,-2.7482898235321045,0.5099839568138123
ASIL,35,0.027977682650089264,-2.751340389251709,0.5096462368965149
ASIL,36,0.030094387009739876,-2.7486133575439453,0.5122814774513245
ASIL,37,0.029989520087838173,-2.75166392326355,0.5119437575340271
ASIL,38,0.04555696249008179,-2.7481608390808105,0.4856624901294708
ASIL,39,0.04577223211526871,-2.7453386783599854,0.4859088063240051
ASIL,40,0.04299416393041611,-2.747861623764038,0.48447325825691223
ASIL,41,0.043209437280893326,-2.745039463043213,0.48471957445144653
ASIL,42,0.048585209995508194,-2.7404842376708984,0.45493581891059875
ASIL,43,0.04828110337257385,-2.7433063983917236,0.45481520891189575
ASIL,44,0.05140816047787666,-2.74078369140625,0.45482122898101807
ASIL,45,0.05110406130552292,-2.743605852127075,0.45470061898231506
ASIL,46,0.045724496245384216,-2.739388942718506,0.4239042103290558
ASIL,47,0.04604661092162132,-2.7365667819976807,0.42384710907936096
ASIL,48,0.043382421135902405,-2.7390894889831543,0.4254843592643738
ASIL,49,0.04370453208684921,-2.736267328262329,0.42542725801467896
ASIL,50,0.02842404693365097,-2.7327396869659424,0.3997727930545807
ASIL,51,0.028154851868748665,-2.7355480194091797,0.3994361162185669
ASIL,52,0.02989671751856804,-2.7325901985168457,0.3973477780818939
ASIL,53,0.029627524316310883,-2.735398292541504,0.39701107144355774
ASIL,54,0.00656895712018013,-2.7328741550445557,0.37962424755096436
ASIL,55,0.006914149969816208,-2.7300658226013184,0.37988248467445374
ASIL,56,0.005753181874752045,-2.7330236434936523,0.382341593503952
ASIL,57,0.006098359823226929,-2.730215549468994,0.3825998306274414
ASIL,58,-0.012153562158346176,-2.72940731048584,0.3766483962535858
ASIL,59,-0.01205223798751831,-2.7322442531585693,0.3765394687652588
ASIL,60,-0.010220933705568314,-2.7292587757110596,0.374571293592453
ASIL,61,-0.010119594633579254,-2.732095718383789,0.37446239590644836
ASIL,62,0.08103986084461212,-2.965698480606079,0.5255149602890015
ASIL,63,0.08103986084461212,-2.965698480606079,0.5295329093933105
ASIL,64,0.07702194154262543,-2.965698480606079,0.5295328497886658
ASIL,65,0.07702194154262543,-2.965698480606079,0.5255149602890015
ASIL,66,0.07338326424360275,-2.9976067543029785,0.5305531620979309
ASIL,67,0.07338326424360275,-2.9976067543029785,0.5345710515975952
ASIL,68,0.07740117609500885,-2.9976067543029785,0.5345710515975952
ASIL,69,0.07740117609500885,-2.9976067543029785,0.5305531620979309
ASIL,70,0.07702194154262543,-2.931830644607544,0.5185174942016602
ASIL,71,0.07702194154262543,-2.931830644607544,0.5225354433059692
ASIL,72,0.08103986084461212,-2.931830644607544,0.5225354433059692
ASIL,73,0.08103986084461212,-2.931830644607544,0.5185174942016602
ASIL,74,0.0762815773487091,-2.898242712020874,0.5090009570121765
ASIL,75,0.0762815773487091,-2.898242712020874,0.5130188465118408
ASIL,76,0.07226366549730301,-2.898242712020874,0.5130188465118408
ASIL,77,0.07226366549730301,-2.898242712020874,0.5090009570121765
ASIL,78,0.06368613243103027,-3.0457494258880615,0.5386701822280884
ASIL,79,0.06368613243103027,-3.0457491874694824,0.5426880717277527
ASIL,80,0.059668220579624176,-3.0457491874694824,0.5426880717277527
ASIL,81,0.059668220579624176,-3.0457491874694824,0.5386701822280884
ASIL,82,0.04791247099637985,-3.2015576362609863,0.558271586894989
ASIL,83,0.04791247099637985,-3.201188087463379,0.5622724294662476
ASIL,84,0.05193038284778595,-3.201188087463379,0.5622724890708923
ASIL,85,0.05193038284778595,-3.2015576362609863,0.558271586894989
ASIL,86,0.032617371529340744,-3.31984543800354,0.5704200267791748
ASIL,87,0.032617371529340744,-3.3194756507873535,0.5744208097457886
ASIL,88,0.0285994540899992,-3.3194756507873535,0.5744208693504333
ASIL,89,0.0285994540899992,-3.31984543800354,0.57041996717453
ASIL,90,0.020567579194903374,-3.371799945831299,0.5760183334350586
ASIL,91,0.020567579194903374,-3.3714301586151123,0.5800191164016724
ASIL,92,0.024585487321019173,-3.3714301586151123,0.5800191760063171
ASIL,93,0.024585487321019173,-3.371799945831299,0.5760183334350586
ASIL,94,0.015093267895281315,-3.4282307624816895,0.5835850238800049
ASIL,95,0.015093267895281315,-3.427860975265503,0.5875859260559082
ASIL,96,0.011075353249907494,-3.427860975265503,0.5875858664512634
ASIL,97,0.011075353249907494,-3.4282307624816895,0.5835850238800049
ASIL,98,0.004917580634355545,-3.486302614212036,0.5874786376953125
ASIL,99,0.004917580634355545,-3.4859328269958496,0.5914795398712158
ASIL,100,0.008935494348406792,-3.4859328269958496,0.5914795398712158
ASIL,101,0.008935494348406792,-3.486302614212036,0.5874786376953125
ASIL,102,0.008935494348406792,-3.494793653488159,0.5882632732391357
ASIL,103,0.008935494348406792,-3.4944241046905518,0.5922641158103943
ASIL,104,0.004917580634355545,-3.4944241046905518,0.5922640562057495
ASIL,105,0.004917580634355545,-3.494793653488159,0.588263213634491
ASIL,106,-0.018830150365829468,-2.7297043800354004,0.3596790134906769
ASIL,107,-0.016141768544912338,-2.7267191410064697,0.35968488454818726
ASIL,108,0.026819618418812752,-2.6325581073760986,0.4454181492328644
ASIL,109,0.030223648995161057,-2.6325581073760986,0.4454181492328644
ASIL,110,0.06158065423369408,-2.7884793281555176,0.47675150632858276
ASIL,111,0.0579947866499424,-2.7884793281555176,0.47675150632858276
ASIL,112,0.06158065423369408,-2.7884793281555176,0.4731656312942505
ASIL,113,0.0579947866499424,-2.7884793281555176,0.4731656312942505
ASIL,114,0.05348837375640869,-2.7418055534362793,0.46709489822387695
ASIL,115,0.05707424506545067,-2.7418055534362793,0.46709489822387695
ASIL,116,0.05707424506545067,-2.7418055534362793,0.4635090231895447
ASIL,117,0.05348837375640869,-2.7418055534362793,0.4635089933872223
ASIL,118,0.04452066123485565,-2.700925827026367,0.45711636543273926
ASIL,119,0.04093479365110397,-2.700925827026367,0.45711636543273926
ASIL,120,0.04452066123485565,-2.700925827026367,0.45353052020072937
ASIL,121,0.04093479365110397,-2.700925827026367,0.453530490398407
ASIL,122,0.033538997173309326,-2.6655516624450684,0.4487690329551697
ASIL,123,0.017041010782122612,-2.6384551525115967,0.4886245131492615
ASIL,124,0.017041010782122612,-2.624199628829956,0.4764041006565094
ASIL,125,0.017041010782122612,-2.6364200115203857,0.4621485769748688
ASIL,126,0.017041010782122612,-2.6506755352020264,0.47436898946762085
ASIL,127,0.03581757843494415,-2.638455390930176,0.48862454295158386
ASIL,128,0.03581757843494415,-2.624199867248535,0.4764041006565094
ASIL,129,0.03581757843494415,-2.636420249938965,0.46214860677719116
ASIL,130,0.03581757843494415,-2.6506757736206055,0.47436901926994324
ASIL,131,0.02867470122873783,-2.6317713260650635,0.46757158637046814
ASIL,132,0.02867470122873783,-2.6288485527038574,0.4709811210632324
ASIL,133,0.02418389543890953,-2.6317713260650635,0.46757158637046814
ASIL,134,0.02418389543890953,-2.6288485527038574,0.4709811210632324
ASIL,135,0.02470942586660385,-2.6278440952301025,0.4618152678012848
ASIL,136,0.02470942586660385,-2.6312835216522217,0.4618464410305023
ASIL,137,0.02814917080104351,-2.6278440952301025,0.4618152678012848
ASIL,138,0.02814917080104351,-2.6312835216522217,0.4618464708328247
ASIL,139,0.026640744879841805,-2.629131555557251,0.44507718086242676
ASIL,140,0.030080489814281464,-2.629131555557251,0.44507718086242676
ASIL,141,0.028288569301366806,-2.6449594497680664,0.469468891620636
ASIL,142,0.028288569301366806,-2.642136335372925,0.4670487344264984
ASIL,143,0.024570027366280556,-2.6449594497680664,0.469468891620636
ASIL,144,0.024570027366280556,-2.642136335372925,0.467048704624176
ASIL,145,0.024570027366280556,-2.6436927318573,0.46440690755844116
ASIL,146,0.024570027366280556,-2.647171974182129,0.4657195210456848
ASIL,147,0.028288569301366806,-2.643692970275879,0.46440690755844116
ASIL,148,0.028288569301366806,-2.647171974182129,0.4657195210456848
ASIL,149,0.027958469465374947,-2.6522979736328125,0.4593040645122528
ASIL,150,0.027958469465374947,-2.6510798931121826,0.45649877190589905
ASIL,151,0.024900119751691818,-2.6522979736328125,0.4593040645122528
ASIL,152,0.024900119751691818,-2.6510798931121826,0.45649877190589905
ASIL,153,0.033457230776548386,-2.666109323501587,0.45166271924972534
ASIL,154,0.030534209683537483,-2.666109323501587,0.45166271924972534
ASIL,155,0.030534209683537483,-2.6653788089752197,0.4488324522972107
ASIR,0,-0.07325243949890137,-2.6653785705566406,0.44883260130882263
ASIR,1,-0.07325243949890137,-2.6661088466644287,0.4516628384590149
ASIR,2,-0.07617546617984772,-2.666109085083008,0.4516628682613373
ASIR,3,-0.06761835515499115,-2.6510794162750244,0.4564988911151886
ASIR,4,-0.06761835515499115,-2.6522974967956543,0.45930421352386475
ASIR,5,-0.07067670673131943,-2.6510794162750244,0.4564988911151886
ASIR,6,-0.07067670673131943,-2.6522974967956543,0.45930421352386475
ASIR,7,-0.07100680470466614,-2.64717173576355,0.46571967005729675
ASIR,8,-0.07100680470466614,-2.6436924934387207,0.4644070565700531
ASIR,9,-0.06728826463222504,-2.64717173576355,0.46571964025497437
ASIR,10,-0.06728826463222504,-2.6436924934387207,0.4644070267677307
ASIR,11,-0.06728826463222504,-2.6421358585357666,0.4670488238334656
ASIR,12,-0.06728826463222504,-2.6449592113494873,0.46946901082992554
ASIR,13,-0.07100680470466614,-2.6421358585357666,0.46704885363578796
ASIR,14,-0.07100680470466614,-2.6449592113494873,0.46946901082992554
ASIR,15,-0.0727987289428711,-2.6291310787200928,0.4450773000717163
ASIR,16,-0.06935898214578629,-2.6291310787200928,0.4450773000717163
ASIR,17,-0.07086740434169769,-2.6312832832336426,0.46184659004211426
ASIR,18,-0.07086740434169769,-2.6278436183929443,0.46181538701057434
ASIR,19,-0.06742766499519348,-2.6312832832336426,0.46184656023979187
ASIR,20,-0.06742766499519348,-2.6278436183929443,0.46181541681289673
ASIR,21,-0.06690213829278946,-2.628848075866699,0.470981240272522
ASIR,22,-0.06690213829278946,-2.6317708492279053,0.4675717055797577
ASIR,23,-0.07139293849468231,-2.628848075866699,0.470981240272522
ASIR,24,-0.07139293849468231,-2.6317708492279053,0.4675717353820801
ASIR,25,-0.07853581011295319,-2.6506752967834473,0.4743691384792328
ASIR,26,-0.07853581011295319,-2.6364197731018066,0.4621487557888031
ASIR,27,-0.07853581011295319,-2.624199390411377,0.47640421986579895
ASIR,28,-0.07853581011295319,-2.6384549140930176,0.4886246621608734
ASIR,29,-0.059759244322776794,-2.6506752967834473,0.4743691086769104
ASIR,30,-0.059759244322776794,-2.6364197731018066,0.4621487259864807
ASIR,31,-0.059759244322776794,-2.624199390411377,0.47640421986579895
ASIR,32,-0.059759244322776794,-2.6384549140930176,0.488624632358551
ASIR,33,-0.07625722885131836,-2.66555118560791,0.4487691819667816
ASIR,34,-0.0836530327796936,-2.700925350189209,0.4535306394100189
ASIR,35,-0.08723889291286469,-2.700925350189209,0.4535306394100189
ASIR,36,-0.0836530327796936,-2.700925350189209,0.4571164846420288
ASIR,37,-0.08723889291286469,-2.700925350189209,0.4571164846420288
ASIR,38,-0.09620661288499832,-2.741805076599121,0.46350914239883423
ASIR,39,-0.09979248046875,-2.741805076599121,0.46350914239883423
ASIR,40,-0.09979248046875,-2.741805076599121,0.4670950174331665
ASIR,41,-0.09620661288499832,-2.741805076599121,0.4670950174331665
ASIR,42,-0.10071301460266113,-2.7884786128997803,0.47316575050354004
ASIR,43,-0.10429888963699341,-2.7884786128997803,0.47316575050354004
ASIR,44,-0.10071301460266113,-2.7884788513183594,0.4767516255378723
ASIR,45,-0.10429888963699341,-2.7884788513183594,0.4767516255378723
ASIR,46,-0.07294188439846039,-2.6325576305389404,0.4454182982444763
ASIR,47,-0.06953785568475723,-2.6325576305389404,0.4454182982444763
ASIR,48,-0.02657647430896759,-2.7267189025878906,0.3596850335597992
ASIR,49,-0.02388809248805046,-2.7297043800354004,0.35967910289764404
ASIR,50,-0.047635819762945175,-3.49479341506958,0.5882633924484253
ASIR,51,-0.047635819762945175,-3.4944238662719727,0.5922642946243286
ASIR,52,-0.05165373533964157,-3.4944238662719727,0.5922642946243286
ASIR,53,-0.05165373533964157,-3.49479341506958,0.5882633924484253
ASIR,54,-0.05165373533964157,-3.486302375793457,0.5874788165092468
ASIR,55,-0.05165373533964157,-3.4859325885772705,0.5914796590805054
ASIR,56,-0.047635819762945175,-3.4859325885772705,0.5914796590805054
ASIR,57,-0.047635819762945175,-3.486302375793457,0.587478756904602
ASIR,58,-0.05379359424114227,-3.4282305240631104,0.583585262298584
ASIR,59,-0.05379359424114227,-3.427860736846924,0.5875860452651978
ASIR,60,-0.05781150236725807,-3.427860736846924,0.5875860452651978
ASIR,61,-0.05781150236725807,-3.4282305240631104,0.583585262298584
ASIR,62,-0.06730372458696365,-3.3717994689941406,0.5760185122489929
ASIR,63,-0.06730372458696365,-3.371429920196533,0.5800193548202515
ASIR,64,-0.06328581273555756,-3.371429920196533,0.5800193548202515
ASIR,65,-0.06328581273555756,-3.3717994689941406,0.5760185122489929
ASIR,66,-0.07131768763065338,-3.319845199584961,0.5704201459884644
ASIR,67,-0.07131768763065338,-3.3194754123687744,0.5744209885597229
ASIR,68,-0.07533560693264008,-3.3194754123687744,0.5744209885597229
ASIR,69,-0.07533560693264008,-3.319845199584961,0.5704201459884644
ASIR,70,-0.09464862197637558,-3.201557159423828,0.5582717657089233
ASIR,71,-0.09464862197637558,-3.2011876106262207,0.5622726678848267
ASIR,72,-0.09063070267438889,-3.2011876106262207,0.5622726082801819
ASIR,73,-0.09063070267438889,-3.201557159423828,0.5582717657089233
ASIR,74,-0.1023864597082138,-3.045748710632324,0.5386703014373779
ASIR,75,-0.1023864597082138,-3.045748710632324,0.542688250541687
ASIR,76,-0.1064043715596199,-3.045748710632324,0.542688250541687
ASIR,77,-0.1064043715596199,-3.045748710632324,0.5386703014373779
ASIR,78,-0.11498190462589264,-2.898242235183716,0.5090010762214661
ASIR,79,-0.11498190462589264,-2.898242235183716,0.5130189657211304
ASIR,80,-0.11899982392787933,-2.898242235183716,0.5130189657211304
ASIR,81,-0.11899982392787933,-2.898242235183716,0.5090010762214661
ASIR,82,-0.12375809252262115,-2.9318301677703857,0.5185176730155945
ASIR,83,-0.12375809252262115,-2.9318299293518066,0.5225355625152588
ASIR,84,-0.11974017322063446,-2.9318299293518066,0.5225355625152588
ASIR,85,-0.11974017322063446,-2.9318299293518066,0.5185176730155945
ASIR,86,-0.12011940777301788,-2.9976062774658203,0.5305532813072205
ASIR,87,-0.12011940777301788,-2.9976062774658203,0.5345712304115295
ASIR,88,-0.11610150337219238,-2.9976062774658203,0.5345711708068848
ASIR,89,-0.11610150337219238,-2.9976062774658203,0.5305532813072205
ASIR,90,-0.11974017322063446,-2.965697765350342,0.5255151391029358
ASIR,91,-0.11974017322063446,-2.965697765350342,0.5295330286026001
ASIR,92,-0.12375809252262115,-2.965697765350342,0.5295330286026001
ASIR,93,-0.12375809252262115,-2.965697765350342,0.525515079498291
ASIR,94,-0.03259864076972008,-2.732095718383789,0.3744625449180603
ASIR,95,-0.032497309148311615,-2.7292587757110596,0.37457141280174255
ASIR,96,-0.03066599741578102,-2.7322440147399902,0.3765396177768707
ASIR,97,-0.030564680695533752,-2.72940731048584,0.37664851546287537
ASIR,98,-0.04881660267710686,-2.730215072631836,0.38259992003440857
ASIR,99,-0.048471417278051376,-2.7330234050750732,0.3823417127132416
ASIR,100,-0.04963238537311554,-2.7300655841827393,0.3798826038837433
ASIR,101,-0.04928719997406006,-2.7328736782073975,0.3796243667602539
ASIR,102,-0.07234576344490051,-2.735398054122925,0.3970111906528473
ASIR,103,-0.07261494547128677,-2.7325897216796875,0.39734789729118347
ASIR,104,-0.07087308913469315,-2.7355475425720215,0.39943623542785645
ASIR,105,-0.07114227861166,-2.7327394485473633,0.3997729420661926
ASIR,106,-0.08642276376485825,-2.736266851425171,0.4254274070262909
ASIR,107,-0.08610065281391144,-2.739089012145996,0.42548447847366333
ASIR,108,-0.08876484632492065,-2.7365663051605225,0.4238472580909729
ASIR,109,-0.08844272792339325,-2.7393884658813477,0.42390432953834534
ASIR,110,-0.09382229298353195,-2.743605136871338,0.454700767993927
ASIR,111,-0.09412640333175659,-2.7407829761505127,0.4548213481903076
ASIR,112,-0.09099934250116348,-2.7433059215545654,0.4548153579235077
ASIR,113,-0.09130345284938812,-2.7404837608337402,0.4549359679222107
ASIR,114,-0.08592768013477325,-2.7450389862060547,0.4847196936607361
ASIR,115,-0.08571240305900574,-2.74786114692688,0.4844733774662018
ASIR,116,-0.08849047124385834,-2.745338201522827,0.4859089255332947
ASIR,117,-0.08827519416809082,-2.7481603622436523,0.4856626093387604
ASIR,118,-0.07270775735378265,-2.7516634464263916,0.5119439363479614
ASIR,119,-0.07281262427568436,-2.748612880706787,0.512281596660614
ASIR,120,-0.0706959217786789,-2.751339912414551,0.5096463561058044
ASIR,121,-0.0708007887005806,-2.7482893466949463,0.5099840760231018
ASIR,122,-0.04806176573038101,-2.751312017440796,0.526917040348053
ASIR,123,-0.04806176573038101,-2.7543623447418213,0.5265634059906006
ASIR,124,-0.04930175095796585,-2.7516353130340576,0.5297078490257263
ASIR,125,-0.04930174723267555,-2.754685878753662,0.5293542146682739
ASIR,126,-0.021634314209222794,-2.7554433345794678,0.5354451537132263
ASIR,127,-0.021634314209222794,-2.752291202545166,0.5358105301856995
ASIR,128,-0.021634314209222794,-2.755078077316284,0.5322930216789246
ASIR,129,-0.021634314209222794,-2.7519257068634033,0.5326583981513977
ASIR,130,-0.02657940983772278,-2.7298977375030518,0.3596436083316803
ASIR,131,-0.022976577281951904,-2.7139039039611816,0.3037375509738922
ASIR,132,-0.02657940983772278,-2.7140986919403076,0.30400344729423523
ASIR,133,-0.022971995174884796,-2.71101450920105,0.30591481924057007
ASIR,134,-0.026574820280075073,-2.711209297180176,0.3061806559562683
ASIR,135,-0.02657940983772278,-2.690958023071289,0.27376556396484375
ASIR,136,-0.02297656610608101,-2.6907200813293457,0.2735377252101898
ASIR,137,-0.022971995174884796,-2.6882543563842773,0.27618536353111267
ASIR,138,-0.026574820280075073,-2.6884925365448,0.276413232088089
ASIR,139,-0.03327489644289017,-2.677567958831787,0.26317286491394043
ASIR,140,-0.03185509517788887,-2.6742403507232666,0.2631712853908539
ASIR,141,-0.03324337303638458,-2.677579879760742,0.266790509223938
ASIR,142,-0.03182358667254448,-2.6742520332336426,0.2667890191078186
ASIR,143,-0.07955139130353928,-2.6580984592437744,0.2972407639026642
ASIR,144,-0.07944966852664948,-2.654484272003174,0.29711177945137024
ASIR,145,-0.07671023905277252,-2.6580984592437744,0.2994805574417114
ASIR,146,-0.07660853862762451,-2.654484272003174,0.29935160279273987
ASIR,147,-0.08173973858356476,-2.6555073261260986,0.30763259530067444
ASIR,148,-0.08173973858356476,-2.651893138885498,0.3074682950973511
ASIR,149,-0.07812187820672989,-2.6555073261260986,0.30763253569602966
ASIR,150,-0.07812187820672989,-2.651893138885498,0.3074682652950287
ASIR,151,-0.08173973858356476,-2.638780117034912,0.38072842359542847
ASIR,152,-0.08173973858356476,-2.635176181793213,0.3804117441177368
ASIR,153,-0.07812187820672989,-2.638780117034912,0.38072842359542847
ASIR,154,-0.07812187820672989,-2.635176181793213,0.38041168451309204
ASIR,155,-0.02373933047056198,-2.726867437362671,0.35967880487442017
AVM,0,-0.18578486144542694,-0.5384353399276733,-0.4464651942253113
AVM,1,-0.18578486144542694,-0.5749694108963013,-0.4464651942253113
AVM,2,-0.2223191261291504,-0.5749694108963013,-0.4464651942253113
AVM,3,-0.2223191261291504,-0.538435161113739,-0.4464651942253113
AVM,4,-0.18578484654426575,-0.538435161113739,-0.409930944442749
AVM,5,-0.18578487634658813,-0.5749696493148804,-0.40993088483810425
AVM,6,-0.22231914103031158,-0.5749694108963013,-0.4099309742450714
AVM,7,-0.2223191261291504,-0.538435161113739,-0.409930944442749
AVM,8,-0.2073998600244522,-0.5533543229103088,-0.44646522402763367
AVM,9,-0.2073998600244522,-0.5600502490997314,-0.4464651644229889
AVM,10,-0.20070411264896393,-0.5600502490997314,-0.4464651644229889
AVM,11,-0.20070411264896393,-0.5533543229103088,-0.44646522402763367
AVM,12,-0.20095135271549225,-0.553601861000061,-0.4579404592514038
AVM,13,-0.20095135271549225,-0.5598029494285583,-0.4579404890537262
AVM,14,-0.20715263485908508,-0.5598029494285583,-0.4579404890537262
AVM,15,-0.20715263485908508,-0.553601861000061,-0.4579404592514038
AVM,16,-0.20692025125026703,-0.5476790070533752,-0.5257488489151001
AVM,17,-0.20692025125026703,-0.5538802742958069,-0.5257488489151001
AVM,18,-0.2011837363243103,-0.5538802146911621,-0.5233933329582214
AVM,19,-0.2011837363243103,-0.5476790070533752,-0.5233933329582214
AVM,20,-0.1652819961309433,-0.5424966812133789,-0.593269944190979
AVM,21,-0.1652819961309433,-0.5486981868743896,-0.5932698845863342
AVM,22,-0.16783544421195984,-0.5486981272697449,-0.598921000957489
AVM,23,-0.16783544421195984,-0.5424968600273132,-0.5989210605621338
AVM,24,-0.1007053554058075,-0.5380546450614929,-0.6512210369110107
AVM,25,-0.1007053554058075,-0.5442559123039246,-0.651220977306366
AVM,26,-0.09868986904621124,-0.5442560315132141,-0.6453563570976257
AVM,27,-0.09868986904621124,-0.5380547642707825,-0.6453564167022705
AVM,28,-0.05579535663127899,-0.5581337809562683,-0.6655915975570679
AVM,29,-0.059737831354141235,-0.5629205107688904,-0.6655915379524231
AVM,30,-0.06003652513027191,-0.5626745223999023,-0.6717807650566101
AVM,31,-0.05609405040740967,-0.5578877925872803,-0.6717807650566101
AVM,32,-0.013850763440132141,-2.9299581050872803,0.35187748074531555
AVM,33,-0.013850763440132141,-3.1511898040771484,0.43380647897720337
AVM,34,-0.0172872394323349,-3.1511898040771484,0.43380647897720337
AVM,35,-0.0172872394323349,-2.9299581050872803,0.35187748074531555
AVM,36,-0.013850763440132141,-2.928753137588501,0.35503679513931274
AVM,37,-0.013850763440132141,-3.14998459815979,0.43696585297584534
AVM,38,-0.0172872394323349,-3.14998459815979,0.43696585297584534
AVM,39,-0.0172872394323349,-2.928753137588501,0.35503679513931274
AVM,40,-0.017464831471443176,-2.7051382064819336,0.2602696418762207
AVM,41,-0.014028355479240417,-2.7051382064819336,0.2602696418762207
AVM,42,-0.017464831471443176,-2.707237720489502,0.2573784589767456
AVM,43,-0.014028355479240417,-2.707237958908081,0.2573785185813904
AVM,44,-0.012943804264068604,-2.4792985916137695,0.17198963463306427
AVM,45,-0.016325220465660095,-2.4792985916137695,0.17198963463306427
AVM,46,-0.012943804264068604,-2.4788906574249268,0.17534634470939636
AVM,47,-0.016325220465660095,-2.4788906574249268,0.17534634470939636
AVM,48,-0.016325220465660095,-2.4331235885620117,0.14747630059719086
AVM,49,-0.012943804264068604,-2.4331235885620117,0.14747630059719086
AVM,50,-0.016325220465660095,-2.433739185333252,0.14415143430233002
AVM,51,-0.012943804264068604,-2.433739185333252,0.14415143430233002
AVM,52,-0.012943804264068604,-2.149963617324829,-0.054088346660137177
AVM,53,-0.016325220465660095,-2.149963617324829,-0.054088346660137177
AVM,54,-0.012943804264068604,-2.1493477821350098,-0.050763506442308426
AVM,55,-0.016325220465660095,-2.1493477821350098,-0.050763506442308426
AVM,56,-0.016325220465660095,-2.101623058319092,-0.08240993320941925
AVM,57,-0.012943804264068604,-2.101623058319092,-0.08240993320941925
AVM,58,-0.016325220465660095,-2.102238893508911,-0.0857347697019577
AVM,59,-0.012943804264068604,-2.102238893508911,-0.0857347697019577
AVM,60,-0.012943804264068604,-1.6764813661575317,-0.3776594400405884
AVM,61,-0.016325220465660095,-1.6764813661575317,-0.3776594400405884
AVM,62,-0.012943804264068604,-1.6758655309677124,-0.37433457374572754
AVM,63,-0.016325220465660095,-1.6758655309677124,-0.37433457374572754
AVM,64,-0.016325220465660095,-1.6279549598693848,-0.39907824993133545
AVM,65,-0.012943804264068604,-1.6279549598693848,-0.39907824993133545
AVM,66,-0.016325220465660095,-1.628570795059204,-0.4024031162261963
AVM,67,-0.012943804264068604,-1.628570795059204,-0.4024031162261963
AVM,68,-0.012943804264068604,-1.354896903038025,-0.5413751006126404
AVM,69,-0.016325220465660095,-1.354896903038025,-0.5413751006126404
AVM,70,-0.012943804264068604,-1.3542811870574951,-0.5380502343177795
AVM,71,-0.016325220465660095,-1.3542811870574951,-0.5380502343177795
AVM,72,-0.016325220465660095,-1.1845887899398804,-0.6003652811050415
AVM,73,-0.012943804264068604,-1.1845887899398804,-0.6003652811050415
AVM,74,-0.016325220465660095,-1.1852047443389893,-0.6036902070045471
AVM,75,-0.012943804264068604,-1.1852047443389893,-0.6036902070045471
AVM,76,-0.012943804264068604,-1.023644208908081,-0.6418115496635437
AVM,77,-0.016325220465660095,-1.023644208908081,-0.6418115496635437
AVM,78,-0.012943804264068604,-1.0234283208847046,-0.6384370923042297
AVM,79,-0.016325220465660095,-1.0234283208847046,-0.6384370923042297
AVM,80,-0.016325220465660095,-0.8413615822792053,-0.6650545001029968
AVM,81,-0.012943804264068604,-0.8413615822792053,-0.6650545001029968
AVM,82,-0.016325220465660095,-0.8415777087211609,-0.6684290170669556
AVM,83,-0.012943804264068604,-0.8415777087211609,-0.6684290170669556
AVM,84,-0.012823790311813354,-0.6619254350662231,-0.6697230339050293
AVM,85,-0.017185553908348083,-0.661646842956543,-0.6653702855110168
AVM,86,-0.017682954668998718,-0.5992347598075867,-0.6663351655006409
AVM,87,-0.01770623028278351,-0.5989416837692261,-0.6710371971130371
AVM,88,-0.012986510992050171,-0.5988619923591614,-0.6663351655006409
AVM,89,-0.013009801506996155,-0.5985690355300903,-0.6710371971130371
AVM,90,-0.01770623028278351,-0.661870539188385,-0.6699267625808716
AVM,91,-0.012986510992050171,-0.6617910861968994,-0.665224552154541
AVM,92,-0.0172872394323349,-3.172572374343872,0.4455818235874176
AVM,93,-0.013850778341293335,-3.172572374343872,0.4455818235874176
AVM,94,-0.0172872394323349,-3.1737773418426514,0.4424225091934204
AVM,95,-0.013850763440132141,-3.1737773418426514,0.4424225091934204
AVM,96,-0.01731380820274353,-2.7021706104278564,0.2544225752353668
AVM,97,-0.013878986239433289,-2.7021706104278564,0.2544225752353668
AVM,98,-0.013878986239433289,-2.7007205486297607,0.2574769854545593
AVM,99,-0.01731380820274353,-2.7007205486297607,0.2574769854545593
AVM,100,-0.016836240887641907,-2.6993966102600098,0.25987520813941956
AVM,101,-0.014400273561477661,-2.6993966102600098,0.25987520813941956
AVM,102,-0.014506205916404724,-2.7015883922576904,0.2628641724586487
AVM,103,-0.016943350434303284,-2.7015883922576904,0.2628641724586487
AVM,104,-0.01694341003894806,-2.686650037765503,0.2644062042236328
AVM,105,-0.0145062655210495,-2.686650037765503,0.2644062042236328
AVM,106,-0.014400333166122437,-2.686352252960205,0.2607116997241974
AVM,107,-0.016836300492286682,-2.686352252960205,0.2607116401195526
AVM,108,-0.016836345195770264,-2.6681394577026367,0.26934465765953064
AVM,109,-0.014400377869606018,-2.6681394577026367,0.26934465765953064
AVM,110,-0.014506310224533081,-2.6713414192199707,0.2712114453315735
AVM,111,-0.016943439841270447,-2.6713414192199707,0.2712114453315735
AVM,112,-0.016943499445915222,-2.6667418479919434,0.3053022623062134
AVM,113,-0.014506369829177856,-2.6667418479919434,0.3053022623062134
AVM,114,-0.014400437474250793,-2.663041114807129,0.3050926625728607
AVM,115,-0.01683640480041504,-2.663041114807129,0.3050926625728607
AVM,116,-0.016836494207382202,-2.661280393600464,0.3536683917045593
AVM,117,-0.014400526881217957,-2.661280393600464,0.3536683917045593
AVM,118,-0.01450645923614502,-2.6648662090301514,0.3527301847934723
AVM,119,-0.016943588852882385,-2.6648662090301514,0.3527301847934723
AVM,120,-0.016943618655204773,-2.667703151702881,0.3607834577560425
AVM,121,-0.014506474137306213,-2.667703151702881,0.3607834577560425
AVM,122,-0.014400556683540344,-2.665092945098877,0.3634147644042969
AVM,123,-0.01683652400970459,-2.665092945098877,0.3634147644042969
AVM,124,-0.016836538910865784,-2.673902988433838,0.36782193183898926
AVM,125,-0.014400556683540344,-2.673902988433838,0.3678220510482788
AVM,126,-0.014506489038467407,-2.6752660274505615,0.3643750846385956
AVM,127,-0.016943633556365967,-2.6752660274505615,0.3643750846385956
AVM,128,-0.016943633556365967,-2.6824638843536377,0.36555972695350647
AVM,129,-0.014506489038467407,-2.6824638843536377,0.36555972695350647
AVM,130,-0.014400556683540344,-2.6818411350250244,0.36921364068984985
AVM,131,-0.016836538910865784,-2.6818411350250244,0.36921364068984985
AVM,132,-0.016836538910865784,-2.685218572616577,0.3706076741218567
AVM,133,-0.014400556683540344,-2.685218572616577,0.3706076741218567
AVM,134,-0.014506489038467407,-2.6858413219451904,0.36695387959480286
AVM,135,-0.016943633556365967,-2.6858413219451904,0.36695387959480286
AVM,136,-0.011776983737945557,-2.6866226196289062,0.36710694432258606
AVM,137,-0.01156170666217804,-2.6861608028411865,0.3700539767742157
AVM,138,-0.010840877890586853,-2.6835339069366455,0.36892959475517273
AVM,139,-0.01105615496635437,-2.683995485305786,0.36598244309425354
AVM,140,0.0073873549699783325,-2.6868395805358887,0.3716956675052643
AVM,141,0.0076026469469070435,-2.686377763748169,0.3746426999568939
AVM,142,0.006881818175315857,-2.689004898071289,0.37576720118522644
AVM,143,0.006666526198387146,-2.689466714859009,0.37282004952430725
AVM,144,0.02645277976989746,-2.698223352432251,0.38607022166252136
AVM,145,0.02686813473701477,-2.6979284286499023,0.3890174329280853
AVM,146,0.028793156147003174,-2.6960012912750244,0.3878929018974304
AVM,147,0.028377801179885864,-2.696296215057373,0.38494589924812317
AVM,148,0.030650511384010315,-2.6972808837890625,0.3864404261112213
AVM,149,0.031065866351127625,-2.696985960006714,0.38938742876052856
AVM,150,0.029140859842300415,-2.698913335800171,0.39051195979118347
AVM,151,0.028725504875183105,-2.6992082595825195,0.3875647783279419
AVM,152,-0.019354239106178284,-2.686295986175537,0.367302268743515
AVM,153,-0.019466131925582886,-2.685835361480713,0.37004348635673523
AVM,154,-0.02047303318977356,-2.6835103034973145,0.36899757385253906
AVM,155,-0.020361140370368958,-2.6839706897735596,0.3662564158439636
AVM,156,-0.047979503870010376,-2.687068223953247,0.37157413363456726
AVM,157,-0.04817868769168854,-2.686638355255127,0.3743152916431427
AVM,158,-0.04673956334590912,-2.688723564147949,0.3753611445426941
AVM,159,-0.04654037952423096,-2.6891536712646484,0.37261998653411865
AVM,160,-0.06527237594127655,-2.697502613067627,0.3849415183067322
AVM,161,-0.06547155976295471,-2.6970725059509277,0.38768282532691956
AVM,162,-0.06691068410873413,-2.6949870586395264,0.3866369128227234
AVM,163,-0.06671151518821716,-2.6954171657562256,0.3838956952095032
AVM,164,-0.06960193812847137,-2.6963908672332764,0.3859032690525055
AVM,165,-0.06980112195014954,-2.6959609985351562,0.3886445164680481
AVM,166,-0.06836199760437012,-2.6980462074279785,0.38969042897224426
AVM,167,-0.06816281378269196,-2.6984763145446777,0.3869491219520569
CANL,0,0.07755130529403687,4.031480312347412,0.0709371492266655
CANL,1,0.06968751549720764,4.031480312347412,0.0709371492266655
CANL,2,0.07755130529403687,4.033458709716797,0.06332611292600632
CANL,3,0.06968751549720764,4.033458709716797,0.06332611292600632
CANL,4,0.06968751549720764,4.021687030792236,0.06026541441679001
CANL,5,0.07755130529403687,4.021687030792236,0.06026541441679001
CANL,6,0.06968751549720764,4.01970911026001,0.06787692755460739
CANL,7,0.07755130529403687,4.01970911026001,0.06787692755460739
CANL,8,0.1684877872467041,3.497302293777466,-0.05732203274965286
CANL,9,0.16062399744987488,3.497302293777466,-0.05732203274965286
CANL,10,0.1684877872467041,3.4992806911468506,-0.06493330746889114
CANL,11,0.16062399744987488,3.4992806911468506,-0.06493330746889114
CANL,12,0.16062399744987488,3.481597661972046,-0.06953037530183792
CANL,13,0.1684877872467041,3.481597661972046,-0.06953037530183792
CANL,14,0.16062399744987488,3.479618787765503,-0.061919815838336945
CANL,15,0.1684877872467041,3.479618787765503,-0.061919815838336945
CANL,16,0.17817716300487518,3.0639543533325195,-0.05871737748384476
CANL,17,0.17031337320804596,3.0639543533325195,-0.05871737748384476
CANL,18,0.17817716300487518,3.063478469848633,-0.06656695157289505
CANL,19,0.17031337320804596,3.063478469848633,-0.06656695157289505
CANL,20,0.17031337320804596,3.0508437156677246,-0.06612766534090042
CANL,21,0.17817716300487518,3.0508437156677246,-0.06612766534090042
CANL,22,0.17031337320804596,3.0519824028015137,-0.05834663659334183
CANL,23,0.17817716300487518,3.0519824028015137,-0.05834663659334183
CANL,24,0.21370483934879303,2.7083969116210938,-0.012457257136702538
CANL,25,0.2058410793542862,2.7083969116210938,-0.012457257136702538
CANL,26,0.21370483934879303,2.706810474395752,-0.020159130915999413
CANL,27,0.2058410793542862,2.706810474395752,-0.020159130915999413
CANL,28,0.2058410793542862,2.6942033767700195,-0.01756233535706997
CANL,29,0.21370483934879303,2.6942033767700195,-0.01756233535706997
CANL,30,0.2058410793542862,2.695789337158203,-0.009860223159193993
CANL,31,0.21370483934879303,2.695789337158203,-0.009860223159193993
CANL,32,0.2577560544013977,1.73800790309906,0.25804585218429565
CANL,33,0.24989229440689087,1.73800790309906,0.25804585218429565
CANL,34,0.2577560544013977,1.7364214658737183,0.2503436207771301
CANL,35,0.24989229440689087,1.7364214658737183,0.2503436207771301
CANL,36,0.24989229440689087,1.723210334777832,0.25306496024131775
CANL,37,0.2577560544013977,1.723210334777832,0.25306496024131775
CANL,38,0.24989229440689087,1.7247973680496216,0.2607671320438385
CANL,39,0.2577560544013977,1.7247973680496216,0.2607671320438385
CANL,40,0.2577560544013977,1.346859335899353,0.2852654457092285
CANL,41,0.24989229440689087,1.346859335899353,0.2852654457092285
CANL,42,0.2577560544013977,1.3458924293518066,0.2774610221385956
CANL,43,0.24989229440689087,1.3458924293518066,0.2774610221385956
CANL,44,0.24989229440689087,1.3374066352844238,0.2772830128669739
CANL,45,0.2577560544013977,1.3374066352844238,0.2772830128669739
CANL,46,0.24989229440689087,1.3372772932052612,0.28514546155929565
CANL,47,0.2577560544013977,1.3372772932052612,0.28514546155929565
CANL,48,0.2577560544013977,0.9331020712852478,0.24747492372989655
CANL,49,0.24989229440689087,0.9331020712852478,0.24747492372989655
CANL,50,0.2577560544013977,0.9336245656013489,0.23962841928005219
CANL,51,0.24989229440689087,0.9336245656013489,0.23962841928005219
CANL,52,0.24989229440689087,0.9267907738685608,0.23814362287521362
CANL,53,0.2577560544013977,0.9267907738685608,0.23814362287521362
CANL,54,0.24989229440689087,0.925164520740509,0.24583745002746582
CANL,55,0.2577560544013977,0.925164520740509,0.24583745002746582
CANL,56,0.2577560544013977,0.5368361473083496,0.05108523741364479
CANL,57,0.2498922348022461,0.5368361473083496,0.05108523741364479
CANL,58,0.2577560544013977,0.5401809215545654,0.043968383222818375
CANL,59,0.2498922348022461,0.5401809215545654,0.043968383222818375
CANL,60,0.2482071816921234,0.4985632598400116,0.01940060406923294
CANL,61,0.2594411373138428,0.4985632598400116,0.01940060406923294
CANL,62,0.2482071816921234,0.49378472566604614,0.02956770732998848
CANL,63,0.2594411373138428,0.49378472566604614,0.02956770732998848
CANL,64,0.15034639835357666,-2.7942259311676025,0.4728891849517822
CANL,65,0.14248260855674744,-2.7942259311676025,0.4728891849517822
CANL,66,0.15034639835357666,-2.7965517044067383,0.46537768840789795
CANL,67,0.14248260855674744,-2.7965517044067383,0.46537768840789795
CANL,68,0.14248260855674744,-2.7904281616210938,0.46348142623901367
CANL,69,0.15034639835357666,-2.7904281616210938,0.46348142623901367
CANL,70,0.14248260855674744,-2.788102626800537,0.4709935188293457
CANL,71,0.15034639835357666,-2.788102626800537,0.4709935188293457
CANL,72,0.18431642651557922,-2.484921932220459,0.37017786502838135
CANL,73,0.1764526069164276,-2.484921932220459,0.37017786502838135
CANL,74,0.18431642651557922,-2.4872477054595947,0.36266589164733887
CANL,75,0.1764526069164276,-2.4872477054595947,0.36266589164733887
CANL,76,0.1764526069164276,-2.4816362857818604,0.36092865467071533
CANL,77,0.18431642651557922,-2.4816362857818604,0.36092865467071533
CANL,78,0.1764526069164276,-2.4793102741241455,0.36844074726104736
CANL,79,0.18431642651557922,-2.4793102741241455,0.36844074726104736
CANL,80,0.23573046922683716,-2.141319990158081,0.20945048332214355
CANL,81,0.22786664962768555,-2.141319990158081,0.20945048332214355
CANL,82,0.23573046922683716,-2.1446681022644043,0.20233511924743652
CANL,83,0.22786664962768555,-2.1446681022644043,0.20233511924743652
CANL,84,0.22786664962768555,-2.1374754905700684,0.19777965545654297
CANL,85,0.23573046922683716,-2.1374754905700684,0.19777965545654297
CANL,86,0.22786664962768555,-2.1341278553009033,0.20489513874053955
CANL,87,0.23573046922683716,-2.1341278553009033,0.20489513874053955
CANL,88,0.2577560544013977,-1.8504369258880615,-0.00011307559907436371
CANL,89,0.2498922497034073,-1.8504369258880615,-0.00011307559907436371
CANL,90,0.2577560544013977,-1.8538362979888916,-0.007204240188002586
CANL,91,0.2498922497034073,-1.8538362979888916,-0.007204240188002586
CANL,92,0.2498922497034073,-1.8423001766204834,-0.015946095809340477
CANL,93,0.2577560544013977,-1.8423001766204834,-0.015946095809340477
CANL,94,0.2498922497034073,-1.8389005661010742,-0.00885499082505703
CANL,95,0.2577560544013977,-1.8389005661010742,-0.00885499082505703
CANL,96,0.2577560544013977,-1.5113195180892944,-0.20245802402496338
CANL,97,0.24989229440689087,-1.5113195180892944,-0.20245802402496338
CANL,98,0.2577560544013977,-1.5147192478179932,-0.20954936742782593
CANL,99,0.2498922497034073,-1.5147192478179932,-0.20954936742782593
CANL,100,0.2498922497034073,-1.5031821727752686,-0.2150801420211792
CANL,101,0.2577560544013977,-1.5031821727752686,-0.2150801420211792
CANL,102,0.24989229440689087,-1.4997825622558594,-0.20798909664154053
CANL,103,0.2577560544013977,-1.4997825622558594,-0.20798909664154053
CANL,104,0.2577560544013977,-1.156790852546692,-0.3719574213027954
CANL,105,0.24989229440689087,-1.156790852546692,-0.3719574213027954
CANL,106,0.2577560544013977,-1.1601903438568115,-0.379048615694046
CANL,107,0.24989229440689087,-1.1601903438568115,-0.379048615694046
CANL,108,0.24989229440689087,-1.1525719165802002,-0.3808899521827698
CANL,109,0.2577560544013977,-1.1525719165802002,-0.3808899521827698
CANL,110,0.24989229440689087,-1.149172306060791,-0.3737986981868744
CANL,111,0.2577560544013977,-1.149172306060791,-0.3737986981868744
CANL,112,0.2577560544013977,-0.8360080718994141,-0.43390321731567383
CANL,113,0.24989229440689087,-0.8360080718994141,-0.43390321731567383
CANL,114,0.2577560544013977,-0.8374150991439819,-0.4416404068470001
CANL,115,0.24989229440689087,-0.8374150991439819,-0.4416404068470001
CANL,116,0.24989229440689087,-0.8261728286743164,-0.4436846673488617
CANL,117,0.2577560544013977,-0.8261728286743164,-0.4436846673488617
CANL,118,0.24989229440689087,-0.8247656226158142,-0.4359477162361145
CANL,119,0.2577560544013977,-0.8247656226158142,-0.4359477162361145
CANL,120,0.2577560544013977,-0.49955126643180847,-0.42554619908332825
CANL,121,0.24989229440689087,-0.49955126643180847,-0.42554619908332825
CANL,122,0.2577560544013977,-0.4998423755168915,-0.43340450525283813
CANL,123,0.24989229440689087,-0.4998423755168915,-0.43340450525283813
CANL,124,0.24989229440689087,-0.48816677927970886,-0.43383708596229553
CANL,125,0.2577560544013977,-0.48816677927970886,-0.43383708596229553
CANL,126,0.24989229440689087,-0.48787564039230347,-0.42597874999046326
CANL,127,0.2577560544013977,-0.48787564039230347,-0.42597874999046326
CANL,128,0.2577560544013977,0.4244106709957123,-0.0049010165967047215
CANL,129,0.24989229440689087,0.4244106709957123,-0.0049010165967047215
CANL,130,0.2577560544013977,0.427755743265152,-0.012017734348773956
CANL,131,0.24989229440689087,0.427755743265152,-0.012017734348773956
CANL,132,0.2482071816921234,0.46467337012290955,0.0034719198010861874
CANL,133,0.2594411373138428,0.46467337012290955,0.0034719198010861874
CANL,134,0.2482071816921234,0.4598948061466217,0.013639024458825588
CANL,135,0.25944116711616516,0.4598948061466217,0.013639024458825588
CANL,136,0.27254748344421387,0.4882095158100128,0.04142923653125763
CANL,137,0.27254748344421387,0.4543195962905884,0.025500556454062462
CANL,138,0.2351008653640747,0.4543195962905884,0.025500556454062462
CANL,139,0.23510083556175232,0.4882095158100128,0.04142923653125763
CANL,140,0.27254748344421387,0.5041379928588867,0.007539276033639908
CANL,141,0.27254748344421387,0.4702482223510742,-0.008389580994844437
CANL,142,0.23510083556175232,0.4702482223510742,-0.008389580994844437
CANL,143,0.23510083556175232,0.5041379928588867,0.007539276033639908
CANR,0,-0.25369733572006226,0.5041383504867554,0.007539253681898117
CANR,1,-0.25369733572006226,0.47024843096733093,-0.008389439433813095
CANR,2,-0.2911439538002014,0.47024843096733093,-0.00838943850249052
CANR,3,-0.2911439538002014,0.5041383504867554,0.007539255544543266
CANR,4,-0.25369733572006226,0.48820963501930237,0.04142916947603226
CANR,5,-0.25369733572006226,0.45431971549987793,0.025500478222966194
CANR,6,-0.2911439538002014,0.45431971549987793,0.025500483810901642
CANR,7,-0.2911439538002014,0.48820963501930237,0.041429173201322556
CANR,8,-0.2780376374721527,0.4598947763442993,0.013639010488986969
CANR,9,-0.26680365204811096,0.4598947763442993,0.013639007695019245
CANR,10,-0.2780376374721527,0.46467337012290955,0.003472034353762865
CANR,11,-0.26680365204811096,0.46467337012290955,0.0034720334224402905
CANR,12,-0.2684887647628784,0.42775583267211914,-0.012017758563160896
CANR,13,-0.27635252475738525,0.42775583267211914,-0.012017758563160896
CANR,14,-0.2684887647628784,0.42441079020500183,-0.004900878760963678
CANR,15,-0.27635255455970764,0.42441079020500183,-0.004900876898318529
CANR,16,-0.27635252475738525,-0.48787546157836914,-0.42597877979278564
CANR,17,-0.2684887647628784,-0.48787546157836914,-0.42597877979278564
CANR,18,-0.27635252475738525,-0.48816654086112976,-0.4338371753692627
CANR,19,-0.2684887647628784,-0.48816654086112976,-0.4338371753692627
CANR,20,-0.2684887647628784,-0.4998423159122467,-0.4334046244621277
CANR,21,-0.27635252475738525,-0.4998423159122467,-0.4334046244621277
CANR,22,-0.2684887647628784,-0.4995512068271637,-0.42554622888565063
CANR,23,-0.27635252475738525,-0.4995512068271637,-0.42554622888565063
CANR,24,-0.24552373588085175,-0.8247655630111694,-0.4359477162361145
CANR,25,-0.23765996098518372,-0.8247655630111694,-0.4359477162361145
CANR,26,-0.24552373588085175,-0.8261725902557373,-0.44368472695350647
CANR,27,-0.23765994608402252,-0.8261725902557373,-0.44368472695350647
CANR,28,-0.23765994608402252,-0.8374149203300476,-0.44164031744003296
CANR,29,-0.24552373588085175,-0.8374149203300476,-0.44164031744003296
CANR,30,-0.23765996098518372,-0.836007833480835,-0.4339032769203186
CANR,31,-0.24552373588085175,-0.836007833480835,-0.4339032769203186
CANR,32,-0.24552373588085175,-1.149172067642212,-0.37379875779151917
CANR,33,-0.23765996098518372,-1.149172067642212,-0.37379875779151917
CANR,34,-0.24552373588085175,-1.152571678161621,-0.38089001178741455
CANR,35,-0.23765994608402252,-1.152571678161621,-0.38089001178741455
CANR,36,-0.23765994608402252,-1.1601901054382324,-0.3790487051010132
CANR,37,-0.24552373588085175,-1.1601901054382324,-0.3790487051010132
CANR,38,-0.23765996098518372,-1.1567904949188232,-0.3719574511051178
CANR,39,-0.24552373588085175,-1.1567904949188232,-0.3719574511051178
CANR,40,-0.24552373588085175,-1.4997823238372803,-0.20798909664154053
CANR,41,-0.23765994608402252,-1.4997823238372803,-0.20798909664154053
CANR,42,-0.24552373588085175,-1.5031819343566895,-0.21508026123046875
CANR,43,-0.23765994608402252,-1.5031819343566895,-0.21508026123046875
CANR,44,-0.23765994608402252,-1.514718770980835,-0.2095494270324707
CANR,45,-0.24552373588085175,-1.514718770980835,-0.2095494270324707
CANR,46,-0.23765994608402252,-1.5113191604614258,-0.20245814323425293
CANR,47,-0.24552373588085175,-1.5113191604614258,-0.20245814323425293
CANR,48,-0.24552373588085175,-1.8389003276824951,-0.008854985237121582
CANR,49,-0.23765994608402252,-1.8389003276824951,-0.008854985237121582
CANR,50,-0.24552372097969055,-1.8422999382019043,-0.015946149826049805
CANR,51,-0.23765994608402252,-1.8422999382019043,-0.015946149826049805
CANR,52,-0.23765994608402252,-1.8538362979888916,-0.007204174995422363
CANR,53,-0.24552372097969055,-1.8538362979888916,-0.007204174995422363
CANR,54,-0.23765994608402252,-1.8504366874694824,-0.00011289119720458984
CANR,55,-0.24552373588085175,-1.8504366874694824,-0.00011289119720458984
CANR,56,-0.24552373588085175,-2.134127616882324,0.2048952579498291
CANR,57,-0.23765994608402252,-2.134127616882324,0.2048952579498291
CANR,58,-0.24552372097969055,-2.1374754905700684,0.19777977466583252
CANR,59,-0.23765994608402252,-2.1374754905700684,0.19777977466583252
CANR,60,-0.23765994608402252,-2.144667863845825,0.20233500003814697
CANR,61,-0.24552372097969055,-2.144667863845825,0.20233500003814697
CANR,62,-0.23765994608402252,-2.141319751739502,0.20945048332214355
CANR,63,-0.24552373588085175,-2.141319751739502,0.20945048332214355
CANR,64,-0.19410967826843262,-2.4793100357055664,0.3684406280517578
CANR,65,-0.1862458884716034,-2.4793100357055664,0.3684406280517578
CANR,66,-0.19410967826843262,-2.4816360473632812,0.3609287738800049
CANR,67,-0.1862458884716034,-2.4816360473632812,0.3609287738800049
CANR,68,-0.1862458884716034,-2.4872474670410156,0.36266589164733887
CANR,69,-0.19410967826843262,-2.4872474670410156,0.36266589164733887
CANR,70,-0.1862458884716034,-2.484921455383301,0.37017786502838135
CANR,71,-0.19410967826843262,-2.484921455383301,0.37017786502838135
CANR,72,-0.16013967990875244,-2.788102149963379,0.47099339962005615
CANR,73,-0.15227589011192322,-2.788102149963379,0.47099339962005615
CANR,74,-0.16013967990875244,-2.7904279232025146,0.4634815454483032
CANR,75,-0.15227589011192322,-2.7904279232025146,0.4634815454483032
CANR,76,-0.15227589011192322,-2.7965517044067383,0.4653775691986084
CANR,77,-0.16013967990875244,-2.7965517044067383,0.4653775691986084
CANR,78,-0.15227589011192322,-2.7942261695861816,0.47288942337036133
CANR,79,-0.16013967990875244,-2.7942261695861816,0.47288942337036133
CANR,80,-0.2780376374721527,0.49378469586372375,0.029567701742053032
CANR,81,-0.26680365204811096,0.49378466606140137,0.029567701742053032
CANR,82,-0.2780376374721527,0.498563289642334,0.01940072700381279
CANR,83,-0.26680365204811096,0.498563289642334,0.01940072514116764
CANR,84,-0.2684887647628784,0.5401812195777893,0.043968480080366135
CANR,85,-0.27635252475738525,0.5401812195777893,0.043968480080366135
CANR,86,-0.2684887647628784,0.5368362069129944,0.05108536034822464
CANR,87,-0.27635252475738525,0.5368362069129944,0.05108536407351494
CANR,88,-0.27635255455970764,0.9251646399497986,0.24583740532398224
CANR,89,-0.2684887647628784,0.9251646399497986,0.24583740532398224
CANR,90,-0.27635255455970764,0.9267910122871399,0.23814363777637482
CANR,91,-0.2684887647628784,0.9267910122871399,0.23814363777637482
CANR,92,-0.2684887647628784,0.9336246848106384,0.23962852358818054
CANR,93,-0.27635255455970764,0.9336246848106384,0.23962852358818054
CANR,94,-0.2684887647628784,0.9331018924713135,0.24747490882873535
CANR,95,-0.27635255455970764,0.9331018924713135,0.24747490882873535
CANR,96,-0.27635255455970764,1.3372771739959717,0.28514564037323
CANR,97,-0.2684887647628784,1.3372771739959717,0.28514564037323
CANR,98,-0.27635255455970764,1.337406873703003,0.2772829830646515
CANR,99,-0.2684887647628784,1.337406873703003,0.2772829830646515
CANR,100,-0.2684887647628784,1.3458921909332275,0.2774611711502075
CANR,101,-0.27635255455970764,1.3458921909332275,0.2774611711502075
CANR,102,-0.2684887647628784,1.3468595743179321,0.2852652668952942
CANR,103,-0.27635255455970764,1.3468595743179321,0.2852652668952942
CANR,104,-0.27635255455970764,1.7247971296310425,0.26076704263687134
CANR,105,-0.2684887647628784,1.7247971296310425,0.26076704263687134
CANR,106,-0.27635255455970764,1.7232105731964111,0.25306496024131775
CANR,107,-0.2684887647628784,1.7232105731964111,0.25306496024131775
CANR,108,-0.2684887647628784,1.7364217042922974,0.25034359097480774
CANR,109,-0.27635255455970764,1.7364217042922974,0.25034359097480774
CANR,110,-0.2684887647628784,1.7380082607269287,0.2580457031726837
CANR,111,-0.27635255455970764,1.7380082607269287,0.2580457031726837
CANR,112,-0.24552373588085175,2.6957898139953613,-0.00986027717590332
CANR,113,-0.23765994608402252,2.6957898139953613,-0.00986027717590332
CANR,114,-0.24552373588085175,2.6942031383514404,-0.01756232976913452
CANR,115,-0.23765994608402252,2.6942031383514404,-0.01756232976913452
CANR,116,-0.2034057229757309,2.706810474395752,-0.020159363746643066
CANR,117,-0.21126951277256012,2.706810474395752,-0.020159363746643066
CANR,118,-0.2034057229757309,2.7083969116210938,-0.012457191944122314
CANR,119,-0.21126951277256012,2.7083969116210938,-0.012457191944122314
CANR,120,-0.2007446140050888,3.052204132080078,-0.05834674835205078
CANR,121,-0.19288241863250732,3.052046060562134,-0.05834674835205078
CANR,122,-0.20076750218868256,3.05106520652771,-0.06612753868103027
CANR,123,-0.19290530681610107,3.0509071350097656,-0.06612753868103027
CANR,124,-0.1926513910293579,3.063539505004883,-0.0665668249130249
CANR,125,-0.2005135864019394,3.063697576522827,-0.0665668249130249
CANR,126,-0.19264180958271027,3.0640156269073486,-0.05871748924255371
CANR,127,-0.20050400495529175,3.064173460006714,-0.05871737003326416
CANR,128,-0.1824629008769989,3.4795589447021484,-0.061919450759887695
CANR,129,-0.17460070550441742,3.479401111602783,-0.061919331550598145
CANR,130,-0.18242312967777252,3.481537342071533,-0.06953036785125732
CANR,131,-0.17456094920635223,3.4813790321350098,-0.06953036785125732
CANR,132,-0.17420555651187897,3.499058723449707,-0.064933180809021
CANR,133,-0.18206775188446045,3.4992165565490723,-0.06493330001831055
CANR,134,-0.17424532771110535,3.4970803260803223,-0.05732238292694092
CANR,135,-0.18210752308368683,3.4972386360168457,-0.05732238292694092
CANR,136,-0.07884812355041504,4.019708633422852,0.06787669658660889
CANR,137,-0.07098434865474701,4.019708633422852,0.06787669658660889
CANR,138,-0.07884812355041504,4.0216875076293945,0.06026577949523926
CANR,139,-0.07098434865474701,4.0216875076293945,0.06026577949523926
CANR,140,-0.07098434865474701,4.033458709716797,0.06332612037658691
CANR,141,-0.07884812355041504,4.033458709716797,0.06332612037658691
CANR,142,-0.07098434865474701,4.031480312347412,0.07093691825866699
CANR,143,-0.07884812355041504,4.031480312347412,0.07093691825866699
CEPDL,0,0.04532286897301674,-2.979999542236328,0.599393367767334
CEPDL,1,0.04532286897301674,-2.979999542236328,0.6047598123550415
CEPDL,2,0.039956409484148026,-2.979999542236328,0.6047598123550415
CEPDL,3,0.039956409484148026,-2.979999542236328,0.599393367767334
CEPDL,4,0.04018062725663185,-2.937004804611206,0.5974891185760498
CEPDL,5,0.04018062353134155,-2.937004804611206,0.6024071574211121
CEPDL,6,0.04509865865111351,-2.937004804611206,0.6024071574211121
CEPDL,7,0.04509865865111351,-2.937004804611206,0.5974891185760498
CEPDL,8,0.021503299474716187,-3.045130729675293,0.589454174041748
CEPDL,9,0.021503299474716187,-3.045130729675293,0.5942660570144653
CEPDL,10,0.026315174996852875,-3.045130729675293,0.5942659974098206
CEPDL,11,0.026315174996852875,-3.045130729675293,0.5894541144371033
CEPDL,12,0.01865273155272007,-3.197953939437866,0.6017991900444031
CEPDL,13,0.01865273155272007,-3.197953939437866,0.6066110730171204
CEPDL,14,0.013840860687196255,-3.197953939437866,0.6066110730171204
CEPDL,15,0.013840860687196255,-3.197953939437866,0.6017991900444031
CEPDL,16,0.0027728965505957603,-3.3669536113739014,0.6081846356391907
CEPDL,17,0.0027728965505957603,-3.3669536113739014,0.612996518611908
CEPDL,18,0.007584767881780863,-3.3669533729553223,0.612996518611908
CEPDL,19,0.007584767881780863,-3.3669533729553223,0.6081846356391907
CEPDL,20,-0.0005033602938055992,-3.410374164581299,0.6064819097518921
CEPDL,21,-0.0005033602938055992,-3.410374164581299,0.6112937331199646
CEPDL,22,-0.005315233021974564,-3.410374164581299,0.6112937927246094
CEPDL,23,-0.005315233021974564,-3.410374164581299,0.6064819097518921
CEPDL,24,-0.005869580432772636,-3.4562747478485107,0.6078644394874573
CEPDL,25,-0.0030530262738466263,-3.4562747478485107,0.6109400391578674
CEPDL,26,2.261810004711151e-05,-3.4562747478485107,0.6081234812736511
CEPDL,27,-0.0027939286082983017,-3.4562747478485107,0.605047881603241
CEPDL,28,-0.0027939286082983017,-3.4947938919067383,0.605047881603241
CEPDL,29,2.261810004711151e-05,-3.4947938919067383,0.6081234812736511
CEPDL,30,-0.0030530262738466263,-3.4947938919067383,0.6109400391578674
CEPDL,31,-0.005869580432772636,-3.4947938919067383,0.6078644394874573
CEPDL,32,0.027940571308135986,-2.742016077041626,0.509986937046051
CEPDL,33,0.02792607806622982,-2.7449634075164795,0.510007381439209
CEPDL,34,0.04555695876479149,-2.7427327632904053,0.48566222190856934
CEPDL,35,0.04577222466468811,-2.73991060256958,0.48590853810310364
CEPDL,36,0.04299416020512581,-2.742433547973633,0.48447299003601074
CEPDL,37,0.043209437280893326,-2.7396113872528076,0.48471933603286743
CEPDL,38,0.0473327673971653,-2.7386345863342285,0.4651115834712982
CEPDL,39,0.047028668224811554,-2.7412374019622803,0.4662088453769684
CEPDL,40,0.05015571415424347,-2.7389540672302246,0.4651359021663666
CEPDL,41,0.04985162243247032,-2.7415568828582764,0.46623316407203674
CEPDL,42,0.039201539009809494,-2.9120380878448486,0.594062328338623
CEPDL,43,0.039201535284519196,-2.9120380878448486,0.5989803671836853
CEPDL,44,0.044119566679000854,-2.9120378494262695,0.594062328338623
CEPDL,45,0.044119566679000854,-2.9120378494262695,0.5989803671836853
CEPDL,46,0.030687708407640457,-2.8830912113189697,0.5778861045837402
CEPDL,47,0.030687708407640457,-2.8830912113189697,0.5828041434288025
CEPDL,48,0.035605743527412415,-2.8830912113189697,0.5778860449790955
CEPDL,49,0.035605743527412415,-2.8830912113189697,0.5828040838241577
CEPDL,50,0.018196575343608856,-2.8532931804656982,0.5523004531860352
CEPDL,51,0.018196575343608856,-2.8532931804656982,0.5487930178642273
CEPDL,52,0.02170400135219097,-2.853292942047119,0.5487930178642273
CEPDL,53,0.02170400135219097,-2.853292942047119,0.5523004531860352
CEPDL,54,0.014091702178120613,-2.7809255123138428,0.5474291443824768
CEPDL,55,0.01637023687362671,-2.7809255123138428,0.5451505780220032
CEPDL,56,0.01637023687362671,-2.7809255123138428,0.547429084777832
CEPDL,57,0.005842340178787708,-2.7392187118530273,0.5519986748695374
CEPDL,58,0.005842340178787708,-2.7392187118530273,0.5367813110351562
CEPDL,59,0.005842340178787708,-2.7544362545013428,0.5367813110351562
CEPDL,60,0.005842340178787708,-2.7544362545013428,0.5519986748695374
CEPDL,61,0.021059729158878326,-2.7392184734344482,0.5519986152648926
CEPDL,62,0.021059729158878326,-2.7392184734344482,0.5367812514305115
CEPDL,63,0.021059729158878326,-2.7544357776641846,0.5367812514305115
CEPDL,64,0.021059729158878326,-2.7544357776641846,0.5519986152648926
CEPDL,65,0.014887135475873947,-2.748263359069824,0.5367812514305115
CEPDL,66,0.014887135475873947,-2.7453911304473877,0.5367812514305115
CEPDL,67,0.012014934793114662,-2.748263359069824,0.5367812514305115
CEPDL,68,0.012014934793114662,-2.7453911304473877,0.5367812514305115
CEPDL,69,0.014506678096950054,-2.7447562217712402,0.5308243632316589
CEPDL,70,0.014506678096950054,-2.7476284503936768,0.5308243632316589
CEPDL,71,0.017051557078957558,-2.7447562217712402,0.5321559309959412
CEPDL,72,0.017051557078957558,-2.7476284503936768,0.5321559309959412
CEPDL,73,0.029827211052179337,-2.744947910308838,0.512236475944519
CEPDL,74,0.029827211052179337,-2.7420756816864014,0.512236475944519
CEPDL,75,0.0473327673971653,-2.7413268089294434,0.45990926027297974
CEPDL,76,0.047028668224811554,-2.7427947521209717,0.46232253313064575
CEPDL,77,0.05015571415424347,-2.7415714263916016,0.46011602878570557
CEPDL,78,0.04985162243247032,-2.743039608001709,0.4625293016433716
CEPDL,79,0.047028668224811554,-2.7460501194000244,0.46169471740722656
CEPDL,80,0.0473327673971653,-2.74757981300354,0.4593200087547302
CEPDL,81,0.04985162243247032,-2.7459709644317627,0.46200528740882874
CEPDL,82,0.05015571415424347,-2.7475006580352783,0.4596305787563324
CEPDL,83,0.047028668224811554,-2.7498016357421875,0.46410682797431946
CEPDL,84,0.0473327673971653,-2.752324342727661,0.46283555030822754
CEPDL,85,0.05015571415424347,-2.752098560333252,0.46306315064430237
CEPDL,86,0.04985162243247032,-2.7495760917663574,0.4643344283103943
CEPDL,87,0.03212786093354225,-2.754699945449829,0.5023058652877808
CEPDL,88,0.03256736695766449,-2.757197618484497,0.5021718740463257
CEPDL,89,0.03451061621308327,-2.7569420337677,0.503786563873291
CEPDL,90,0.03407110646367073,-2.7544445991516113,0.5039204955101013
CEPDL,91,0.030454525724053383,-2.755321979522705,0.5084118247032166
CEPDL,92,0.03089403174817562,-2.757819652557373,0.5082778334617615
CEPDL,93,0.028950786218047142,-2.758074998855591,0.5066631436347961
CEPDL,94,0.028511280193924904,-2.755577564239502,0.5067971348762512
CEPDL,95,0.04256526380777359,-2.752275228500366,0.48492807149887085
CEPDL,96,0.0429377444088459,-2.7547852993011475,0.4842311441898346
CEPDL,97,0.04531644284725189,-2.754544496536255,0.4851592183113098
CEPDL,98,0.044943973422050476,-2.7520346641540527,0.48585614562034607
CEPDL,99,0.035727694630622864,-2.7407896518707275,0.49710044264793396
CEPDL,100,0.03561079874634743,-2.743673086166382,0.4969848692417145
CEPDL,101,0.03784938156604767,-2.7438182830810547,0.4986836016178131
CEPDL,102,0.03795916959643364,-2.740971565246582,0.49880924820899963
CEPDL,103,0.037373676896095276,-2.740530490875244,0.49437659978866577
CEPDL,104,0.037235137075185776,-2.7434005737304688,0.4942322373390198
CEPDL,105,0.039545051753520966,-2.743579387664795,0.4958189129829407
CEPDL,106,0.039678044617176056,-2.7407381534576416,0.49597108364105225
CEPDL,107,0.038536664098501205,-2.7460756301879883,0.49498632550239563
CEPDL,108,0.036346498876810074,-2.745939016342163,0.4949558973312378
CEPDL,109,0.03872250020503998,-2.7455313205718994,0.4975305199623108
CEPDL,110,0.03652826324105263,-2.7454490661621094,0.49740782380104065
CEPDL,111,0.03498183935880661,-2.746964931488037,0.4981596767902374
CEPDL,112,0.03666504845023155,-2.74692702293396,0.49957457184791565
CEPDL,113,0.0355752632021904,-2.749130964279175,0.4970456659793854
CEPDL,114,0.037267014384269714,-2.7491981983184814,0.49844205379486084
CEPDL,115,0.03326145187020302,-2.75076961517334,0.5048786401748657
CEPDL,116,0.031480614095926285,-2.750732898712158,0.5035965442657471
CEPDL,117,0.0335378423333168,-2.748176097869873,0.5048892498016357
CEPDL,118,0.03173094987869263,-2.7482385635375977,0.5036371350288391
CEPDL,119,0.014675471000373363,-2.7544360160827637,0.5456144213676453
CEPDL,120,0.014675471000373363,-2.7544360160827637,0.5431655049324036
CEPDL,121,0.012226597405970097,-2.7544360160827637,0.5456144213676453
CEPDL,122,0.012226597405970097,-2.7544360160827637,0.5431655049324036
CEPDL,123,0.012226597405970097,-2.7587924003601074,0.5436495542526245
CEPDL,124,0.012226597405970097,-2.7587924003601074,0.5460984110832214
CEPDL,125,0.014675471000373363,-2.7587921619415283,0.5436495542526245
CEPDL,126,0.014675471000373363,-2.7587921619415283,0.5460984110832214
CEPDL,127,0.013920708559453487,-2.780815839767456,0.5451016426086426
CEPDR,0,-0.056638941168785095,-2.780815601348877,0.5451015830039978
CEPDR,1,-0.05739370360970497,-2.7587921619415283,0.5460983514785767
CEPDR,2,-0.05739370360970497,-2.7587921619415283,0.5436494946479797
CEPDR,3,-0.054944831877946854,-2.7587921619415283,0.5460983514785767
CEPDR,4,-0.054944831877946854,-2.7587921619415283,0.5436494946479797
CEPDR,5,-0.054944831877946854,-2.7544360160827637,0.5431654453277588
CEPDR,6,-0.054944831877946854,-2.7544360160827637,0.5456143021583557
CEPDR,7,-0.05739370360970497,-2.7544357776641846,0.5431654453277588
CEPDR,8,-0.05739370360970497,-2.7544360160827637,0.5456143021583557
CEPDR,9,-0.07444917410612106,-2.7482385635375977,0.5036370158195496
CEPDR,10,-0.07625607401132584,-2.748175859451294,0.5048891305923462
CEPDR,11,-0.07419884204864502,-2.750732660293579,0.5035964846611023
CEPDR,12,-0.07597968727350235,-2.75076961517334,0.5048785209655762
CEPDR,13,-0.07998523861169815,-2.7491981983184814,0.49844199419021606
CEPDR,14,-0.07829350233078003,-2.749130964279175,0.4970455765724182
CEPDR,15,-0.07938327640295029,-2.74692702293396,0.4995744824409485
CEPDR,16,-0.07770007103681564,-2.746964693069458,0.49815958738327026
CEPDR,17,-0.07924649864435196,-2.7454490661621094,0.4974077641963959
CEPDR,18,-0.08144073188304901,-2.7455313205718994,0.497530460357666
CEPDR,19,-0.0790647342801094,-2.745938777923584,0.49495580792427063
CEPDR,20,-0.08125489205121994,-2.7460756301879883,0.49498623609542847
CEPDR,21,-0.08239628374576569,-2.7407381534576416,0.4959709942340851
CEPDR,22,-0.0822632759809494,-2.743579387664795,0.4958188235759735
CEPDR,23,-0.07995337247848511,-2.7434003353118896,0.4942321479320526
CEPDR,24,-0.08009190857410431,-2.740530252456665,0.494376540184021
CEPDR,25,-0.08067739754915237,-2.740971565246582,0.49880915880203247
CEPDR,26,-0.0805676057934761,-2.7438180446624756,0.49868354201316833
CEPDR,27,-0.07832903414964676,-2.743673086166382,0.4969847798347473
CEPDR,28,-0.0784459263086319,-2.7407896518707275,0.4971003830432892
CEPDR,29,-0.08766220510005951,-2.7520346641540527,0.4858560562133789
CEPDR,30,-0.08803467452526093,-2.754544496536255,0.48515912890434265
CEPDR,31,-0.08565597981214523,-2.7547850608825684,0.48423105478286743
CEPDR,32,-0.08528348803520203,-2.752275228500366,0.4849280118942261
CEPDR,33,-0.07122951745986938,-2.755577325820923,0.5067970752716064
CEPDR,34,-0.07166901975870132,-2.758074998855591,0.5066630840301514
CEPDR,35,-0.0736122652888298,-2.757819414138794,0.5082777738571167
CEPDR,36,-0.07317276298999786,-2.755321979522705,0.508411705493927
CEPDR,37,-0.07678934186697006,-2.7544445991516113,0.5039204359054565
CEPDR,38,-0.077228844165802,-2.7569420337677,0.5037865042686462
CEPDR,39,-0.07528559863567352,-2.757197380065918,0.5021718144416809
CEPDR,40,-0.07484609633684158,-2.754699945449829,0.5023057460784912
CEPDR,41,-0.09256985038518906,-2.7495760917663574,0.4643343389034271
CEPDR,42,-0.0928739532828331,-2.752098560333252,0.4630630612373352
CEPDR,43,-0.09005098789930344,-2.752324104309082,0.4628354609012604
CEPDR,44,-0.0897468850016594,-2.7498016357421875,0.4641067385673523
CEPDR,45,-0.0928739532828331,-2.7475006580352783,0.45963048934936523
CEPDR,46,-0.09256985038518906,-2.7459709644317627,0.4620051681995392
CEPDR,47,-0.09005098789930344,-2.74757981300354,0.45931991934776306
CEPDR,48,-0.0897468850016594,-2.7460501194000244,0.4616946280002594
CEPDR,49,-0.09256985038518906,-2.743039608001709,0.4625292420387268
CEPDR,50,-0.0928739532828331,-2.7415714263916016,0.4601159393787384
CEPDR,51,-0.0897468850016594,-2.7427947521209717,0.462322473526001
CEPDR,52,-0.09005098789930344,-2.7413265705108643,0.4599091708660126
CEPDR,53,-0.07254544645547867,-2.7420756816864014,0.5122364163398743
CEPDR,54,-0.07254544645547867,-2.744947910308838,0.5122364163398743
CEPDR,55,-0.05976979061961174,-2.7476282119750977,0.5321558713912964
CEPDR,56,-0.05976979061961174,-2.744755983352661,0.5321558713912964
CEPDR,57,-0.05722491443157196,-2.7476284503936768,0.5308243036270142
CEPDR,58,-0.05722491443157196,-2.7447562217712402,0.5308243036270142
CEPDR,59,-0.05473317578434944,-2.7453911304473877,0.5367811918258667
CEPDR,60,-0.05473317578434944,-2.748263359069824,0.5367811918258667
CEPDR,61,-0.05760536715388298,-2.7453911304473877,0.5367811918258667
CEPDR,62,-0.05760536715388298,-2.748263359069824,0.5367811918258667
CEPDR,63,-0.06377796083688736,-2.7544357776641846,0.5519985556602478
CEPDR,64,-0.06377796083688736,-2.7544357776641846,0.5367811322212219
CEPDR,65,-0.06377796083688736,-2.739218235015869,0.5367811322212219
CEPDR,66,-0.06377796083688736,-2.739218235015869,0.5519985556602478
CEPDR,67,-0.048560578376054764,-2.7544360160827637,0.5519986152648926
CEPDR,68,-0.048560578376054764,-2.7544360160827637,0.5367812514305115
CEPDR,69,-0.048560578376054764,-2.7392187118530273,0.5367811918258667
CEPDR,70,-0.048560578376054764,-2.7392187118530273,0.5519986152648926
CEPDR,71,-0.05908847600221634,-2.7809255123138428,0.5474290251731873
CEPDR,72,-0.05908847600221634,-2.7809255123138428,0.5451505184173584
CEPDR,73,-0.0568099319934845,-2.7809255123138428,0.5474290251731873
CEPDR,74,-0.06442224234342575,-2.853292942047119,0.5523003935813904
CEPDR,75,-0.06442224234342575,-2.853292942047119,0.5487929582595825
CEPDR,76,-0.06091480329632759,-2.853292942047119,0.5487929582595825
CEPDR,77,-0.06091480329632759,-2.853292942047119,0.5523003935813904
CEPDR,78,-0.07832397520542145,-2.8830909729003906,0.5828040242195129
CEPDR,79,-0.07832397520542145,-2.8830909729003906,0.5778859853744507
CEPDR,80,-0.07340593636035919,-2.8830912113189697,0.5828040242195129
CEPDR,81,-0.07340593636035919,-2.8830912113189697,0.5778859853744507
CEPDR,82,-0.08683780580759048,-2.9120378494262695,0.5989802479743958
CEPDR,83,-0.08683780580759048,-2.9120378494262695,0.5940622091293335
CEPDR,84,-0.08191976696252823,-2.9120378494262695,0.5989802479743958
CEPDR,85,-0.08191976696252823,-2.9120378494262695,0.5940622091293335
CEPDR,86,-0.09256985038518906,-2.7415568828582764,0.4662330746650696
CEPDR,87,-0.0928739532828331,-2.7389540672302246,0.4651358127593994
CEPDR,88,-0.0897468850016594,-2.7412374019622803,0.4662087559700012
CEPDR,89,-0.09005098789930344,-2.7386345863342285,0.46511149406433105
CEPDR,90,-0.08592767268419266,-2.7396113872528076,0.4847192168235779
CEPDR,91,-0.08571239560842514,-2.742433547973633,0.48447293043136597
CEPDR,92,-0.08849045634269714,-2.73991060256958,0.4859084486961365
CEPDR,93,-0.08827518671751022,-2.7427327632904053,0.4856621325016022
CEPDR,94,-0.0706443041563034,-2.7449634075164795,0.5100073218345642
CEPDR,95,-0.07065880298614502,-2.742015838623047,0.5099868774414062
CEPDR,96,-0.036848656833171844,-3.4947938919067383,0.6078643202781677
CEPDR,97,-0.039665207266807556,-3.494793653488159,0.6109399199485779
CEPDR,98,-0.04274085536599159,-3.494793653488159,0.6081233620643616
CEPDR,99,-0.03992430865764618,-3.4947938919067383,0.6050477623939514
CEPDR,100,-0.03992430865764618,-3.4562745094299316,0.6050477623939514
CEPDR,101,-0.04274085536599159,-3.4562745094299316,0.6081233620643616
CEPDR,102,-0.039665207266807556,-3.4562745094299316,0.6109399199485779
CEPDR,103,-0.036848656833171844,-3.4562747478485107,0.6078643202781677
CEPDR,104,-0.03740300238132477,-3.4103739261627197,0.6064817905426025
CEPDR,105,-0.03740300238132477,-3.4103739261627197,0.6112936735153198
CEPDR,106,-0.04221487417817116,-3.4103739261627197,0.6112936735153198
CEPDR,107,-0.04221487417817116,-3.4103739261627197,0.6064817905426025
CEPDR,108,-0.050303004682064056,-3.366953134536743,0.6081845164299011
CEPDR,109,-0.050303004682064056,-3.366953134536743,0.6129963994026184
CEPDR,110,-0.04549112915992737,-3.3669533729553223,0.6129963994026184
CEPDR,111,-0.04549112915992737,-3.3669533729553223,0.6081845164299011
CEPDR,112,-0.05655910074710846,-3.197953939437866,0.6017991304397583
CEPDR,113,-0.05655910074710846,-3.197953939437866,0.6066110134124756
CEPDR,114,-0.06137096881866455,-3.197953701019287,0.6066109538078308
CEPDR,115,-0.06137096881866455,-3.197953701019287,0.6017991304397583
CEPDR,116,-0.06903340667486191,-3.045130491256714,0.5894540548324585
CEPDR,117,-0.06903340667486191,-3.045130491256714,0.5942659378051758
CEPDR,118,-0.06422153115272522,-3.045130729675293,0.5942659378051758
CEPDR,119,-0.06422153115272522,-3.045130729675293,0.5894540548324585
CEPDR,120,-0.08781688660383224,-2.937004566192627,0.5974889993667603
CEPDR,121,-0.08781688660383224,-2.937004566192627,0.6024070382118225
CEPDR,122,-0.08289886265993118,-2.937004804611206,0.6024070978164673
CEPDR,123,-0.08289886265993118,-2.937004804611206,0.597489058971405
CEPDR,124,-0.08267464488744736,-2.979999542236328,0.5993933081626892
CEPDR,125,-0.08267464488744736,-2.979999542236328,0.6047597527503967
CEPDR,126,-0.08804108947515488,-2.979999303817749,0.6047597527503967
CEPDR,127,-0.08804108947515488,-2.979999542236328,0.5993932485580444
CEPVL,0,0.042190637439489365,-2.9160327911376953,0.45054948329925537
CEPVL,1,0.042190637439489365,-2.916015863418579,0.4540219008922577
CEPVL,2,0.03871818631887436,-2.916015863418579,0.4540219008922577
CEPVL,3,0.04874487221240997,-2.9868860244750977,0.46905574202537537
CEPVL,4,0.04874487221240997,-2.9868860244750977,0.47199711203575134
CEPVL,5,0.051686231046915054,-2.9868860244750977,0.47199711203575134
CEPVL,6,0.051686231046915054,-2.9868860244750977,0.46905574202537537
CEPVL,7,0.032437581568956375,-3.048703670501709,0.48460274934768677
CEPVL,8,0.032437581568956375,-3.048703670501709,0.48754411935806274
CEPVL,9,0.029496222734451294,-3.048703670501709,0.48754411935806274
CEPVL,10,0.029496226459741592,-3.048703670501709,0.48460274934768677
CEPVL,11,0.029496226459741592,-3.093493938446045,0.5001497268676758
CEPVL,12,0.029496222734451294,-3.093493938446045,0.5030910968780518
CEPVL,13,0.032437581568956375,-3.093493938446045,0.5030910968780518
CEPVL,14,0.032437581568956375,-3.093493938446045,0.5001497268676758
CEPVL,15,0.025034258142113686,-3.171969175338745,0.513105571269989
CEPVL,16,0.025034258142113686,-3.171969175338745,0.5160468816757202
CEPVL,17,0.022092903032898903,-3.171969175338745,0.5160468816757202
CEPVL,18,0.022092903032898903,-3.171969175338745,0.513105571269989
CEPVL,19,0.0035845821257680655,-3.370378255844116,0.5467906594276428
CEPVL,20,0.0035845821257680655,-3.370378255844116,0.5497320294380188
CEPVL,21,0.0065259444527328014,-3.370378255844116,0.5497320294380188
CEPVL,22,0.0065259444527328014,-3.370378255844116,0.5467906594276428
CEPVL,23,-0.0012475484982132912,-3.4255330562591553,0.5567851662635803
CEPVL,24,-0.0012475484982132912,-3.4255330562591553,0.5597265362739563
CEPVL,25,-0.004188906401395798,-3.4255330562591553,0.5597265362739563
CEPVL,26,-0.004188906401395798,-3.4255330562591553,0.5567851662635803
CEPVL,27,-0.004188906401395798,-3.463289976119995,0.5619674921035767
CEPVL,28,-0.004188906401395798,-3.463289976119995,0.5649088621139526
CEPVL,29,-0.0012475484982132912,-3.463289976119995,0.5649088621139526
CEPVL,30,-0.0012475484982132912,-3.463289976119995,0.5619674921035767
CEPVL,31,-0.0012475484982132912,-3.4954943656921387,0.5667796730995178
CEPVL,32,-0.0012475484982132912,-3.4954943656921387,0.569720983505249
CEPVL,33,-0.004188906401395798,-3.4954943656921387,0.569720983505249
CEPVL,34,-0.004188906401395798,-3.4954943656921387,0.5667796730995178
CEPVL,35,0.048585206270217896,-2.7404842376708984,0.45493578910827637
CEPVL,36,0.04828110337257385,-2.7433063983917236,0.45481517910957336
CEPVL,37,0.05140814930200577,-2.740783452987671,0.4548211991786957
CEPVL,38,0.05110405758023262,-2.743605852127075,0.4547005891799927
CEPVL,39,0.04572448879480362,-2.739388942718506,0.4239041805267334
CEPVL,40,0.046046603471040726,-2.7365667819976807,0.42384710907936096
CEPVL,41,0.04338241368532181,-2.7390897274017334,0.4254843294620514
CEPVL,42,0.04370453208684921,-2.736267566680908,0.42542725801467896
CEPVL,43,0.028424041345715523,-2.7327399253845215,0.3997727930545807
CEPVL,44,0.028154851868748665,-2.735548257827759,0.3994361162185669
CEPVL,45,0.02989671751856804,-2.732590436935425,0.3973477780818939
CEPVL,46,0.029627522453665733,-2.735398530960083,0.39701107144355774
CEPVL,47,0.015583719126880169,-2.734060049057007,0.38638973236083984
CEPVL,48,0.015037942677736282,-2.731276512145996,0.38655194640159607
CEPVL,49,0.01553863100707531,-2.734234094619751,0.3892251253128052
CEPVL,50,0.014992840588092804,-2.7314505577087402,0.3893873393535614
CEPVL,51,0.03802141919732094,-2.7373898029327393,0.41228538751602173
CEPVL,52,0.038318127393722534,-2.734574317932129,0.41241732239723206
CEPVL,53,0.04024289548397064,-2.7346580028533936,0.4104316532611847
CEPVL,54,0.03994617983698845,-2.737473487854004,0.410299688577652
CEPVL,55,0.03679407387971878,-2.7371041774749756,0.41018590331077576
CEPVL,56,0.037086524069309235,-2.7342898845672607,0.4103495478630066
CEPVL,57,0.03894121199846268,-2.734337568283081,0.40829578042030334
CEPVL,58,0.03864876180887222,-2.737151861190796,0.4081321060657501
CEPVL,59,0.03826978802680969,-2.7419016361236572,0.40899574756622314
CEPVL,60,0.03641510382294655,-2.741004467010498,0.4108438491821289
CEPVL,61,0.03956720605492592,-2.741292953491211,0.4111008644104004
CEPVL,62,0.03764244541525841,-2.740391254425049,0.41287198662757874
CEPVL,63,0.04012357443571091,-2.7432899475097656,0.4157395660877228
CEPVL,64,0.04204833507537842,-2.7451865673065186,0.4151456654071808
CEPVL,65,0.03889623284339905,-2.745168685913086,0.41475966572761536
CEPVL,66,0.04075091704726219,-2.747117042541504,0.41410863399505615
CEPVL,67,0.04594932869076729,-2.7488863468170166,0.4245911240577698
CEPVL,68,0.043243132531642914,-2.7483105659484863,0.4245193898677826
CEPVL,69,0.04573765769600868,-2.7463490962982178,0.4246424436569214
CEPVL,70,0.043013982474803925,-2.745872974395752,0.42454537749290466
CEPVL,71,0.04793157801032066,-2.7484452724456787,0.44476765394210815
CEPVL,72,0.05065526068210602,-2.748927354812622,0.44483140110969543
CEPVL,73,0.04816073551774025,-2.750875473022461,0.444572389125824
CEPVL,74,0.050866931676864624,-2.7514548301696777,0.44460391998291016
CEPVL,75,0.050613101571798325,-2.75209903717041,0.45189306139945984
CEPVL,76,0.04790690913796425,-2.7515196800231934,0.45186150074005127
CEPVL,77,0.05040143057703972,-2.7495715618133545,0.45212051272392273
CEPVL,78,0.04767775163054466,-2.7490897178649902,0.45205676555633545
CEPVL,79,0.04777988791465759,-2.73978853225708,0.45006686449050903
CEPVL,80,0.05052349716424942,-2.7400877475738525,0.4497104585170746
CEPVL,81,0.0502164252102375,-2.7429099082946777,0.4496191740036011
CEPVL,82,0.04747281223535538,-2.7426106929779053,0.4499756097793579
CEPVL,83,0.006718616001307964,-2.7368013858795166,0.38655194640159607
CEPVL,84,0.006803753785789013,-2.73695969581604,0.3893873691558838
CEPVL,85,0.009009781293570995,-2.738473415374756,0.38638973236083984
CEPVL,86,0.00909492652863264,-2.7386319637298584,0.38922515511512756
CEPVL,87,0.005384966265410185,-2.747805118560791,0.38970860838890076
CEPVL,88,0.008225936442613602,-2.747802495956421,0.38973358273506165
CEPVL,89,-0.003485262393951416,-2.7580811977386475,0.405354380607605
CEPVL,90,-0.003485262393951416,-2.76516056060791,0.38605737686157227
CEPVL,91,-0.003485262393951416,-2.7844576835632324,0.3931367099285126
CEPVL,92,-0.003485262393951416,-2.7773783206939697,0.4124336838722229
CEPVL,93,0.017069390043616295,-2.7580811977386475,0.405354380607605
CEPVL,94,0.017069390043616295,-2.76516056060791,0.38605737686157227
CEPVL,95,0.017069390043616295,-2.7844576835632324,0.3931367099285126
CEPVL,96,0.017069390043616295,-2.7773783206939697,0.4124337136745453
CEPVL,97,0.008639665320515633,-2.7622573375701904,0.39397132396698
CEPVL,98,0.008639665320515633,-2.7609846591949463,0.39744043350219727
CEPVL,99,0.004944459535181522,-2.7622573375701904,0.39397132396698
CEPVL,100,0.004944459535181522,-2.7609846591949463,0.39744043350219727
CEPVL,101,0.005075389053672552,-2.757484197616577,0.3937763273715973
CEPVL,102,0.005075389053672552,-2.758666753768921,0.3905530571937561
CEPVL,103,0.00850873813033104,-2.757484197616577,0.3937763273715973
CEPVL,104,0.00850873813033104,-2.758666753768921,0.3905530571937561
CEPVL,105,0.005353452637791634,-2.7488114833831787,0.3870546221733093
CEPVL,106,0.00823067408055067,-2.7488114833831787,0.3870546221733093
CEPVL,107,0.00873608235269785,-2.7802484035491943,0.404610276222229
CEPVL,108,0.00873608235269785,-2.781587600708008,0.40096011757850647
CEPVL,109,0.004848044831305742,-2.7802484035491943,0.404610276222229
CEPVL,110,0.004848044831305742,-2.781587600708008,0.40096011757850647
CEPVL,111,0.02047795243561268,-2.816215991973877,0.41419458389282227
CEPVL,112,0.02047795243561268,-2.815919876098633,0.41770362854003906
CEPVL,113,0.023999495431780815,-2.816215991973877,0.41419458389282227
CEPVL,114,0.023999495431780815,-2.815919876098633,0.41770362854003906
CEPVL,115,0.03870787471532822,-2.9160099029541016,0.4505091905593872
CEPVR,0,-0.08142609149217606,-2.9160103797912598,0.4505091905593872
CEPVR,1,-0.0667177215218544,-2.815920114517212,0.41770365834236145
CEPVR,2,-0.0667177215218544,-2.816216230392456,0.41419458389282227
CEPVR,3,-0.06319618225097656,-2.815920114517212,0.41770362854003906
CEPVR,4,-0.06319618225097656,-2.816216230392456,0.41419458389282227
CEPVR,5,-0.04756627604365349,-2.781587839126587,0.40096011757850647
CEPVR,6,-0.04756627604365349,-2.7802486419677734,0.4046102464199066
CEPVR,7,-0.05145430937409401,-2.781587839126587,0.40096011757850647
CEPVR,8,-0.05145430937409401,-2.7802486419677734,0.404610276222229
CEPVR,9,-0.05094890296459198,-2.748811721801758,0.3870546519756317
CEPVR,10,-0.04807168245315552,-2.748811721801758,0.3870546519756317
CEPVR,11,-0.051226962357759476,-2.7586669921875,0.3905530571937561
CEPVR,12,-0.051226962357759476,-2.7574844360351562,0.3937763273715973
CEPVR,13,-0.047793615609407425,-2.7586669921875,0.3905530571937561
CEPVR,14,-0.047793615609407425,-2.7574844360351562,0.3937763273715973
CEPVR,15,-0.04766268655657768,-2.7609848976135254,0.39744046330451965
CEPVR,16,-0.04766268655657768,-2.7622575759887695,0.39397132396698
CEPVR,17,-0.05135789141058922,-2.7609848976135254,0.39744046330451965
CEPVR,18,-0.05135789141058922,-2.7622575759887695,0.39397132396698
CEPVR,19,-0.05978761613368988,-2.777378559112549,0.4124337136745453
CEPVR,20,-0.05978762358427048,-2.7844579219818115,0.3931367099285126
CEPVR,21,-0.05978762358427048,-2.7651607990264893,0.38605737686157227
CEPVR,22,-0.05978762358427048,-2.7580816745758057,0.40535441040992737
CEPVR,23,-0.03923296928405762,-2.777378559112549,0.4124336838722229
CEPVR,24,-0.03923296928405762,-2.7844579219818115,0.3931367099285126
CEPVR,25,-0.03923296928405762,-2.7651607990264893,0.38605737686157227
CEPVR,26,-0.03923296928405762,-2.7580814361572266,0.40535441040992737
CEPVR,27,-0.050944164395332336,-2.747802734375,0.38973361253738403
CEPVR,28,-0.04810319468379021,-2.74780535697937,0.38970860838890076
CEPVR,29,-0.05181315541267395,-2.7386322021484375,0.38922515511512756
CEPVR,30,-0.051728010177612305,-2.738473653793335,0.38638973236083984
CEPVR,31,-0.04952198266983032,-2.736959934234619,0.3893873691558838
CEPVR,32,-0.04943684861063957,-2.7368016242980957,0.38655197620391846
CEPVR,33,-0.09019104391336441,-2.7426111698150635,0.4499756097793579
CEPVR,34,-0.09293465316295624,-2.742910385131836,0.4496191740036011
CEPVR,35,-0.09324172884225845,-2.7400882244110107,0.4497104585170746
CEPVR,36,-0.09049811959266663,-2.7397890090942383,0.45006686449050903
CEPVR,37,-0.090395987033844,-2.7490899562835693,0.45205676555633545
CEPVR,38,-0.09311965852975845,-2.7495718002319336,0.45212051272392273
CEPVR,39,-0.09062513709068298,-2.7515201568603516,0.45186150074005127
CEPVR,40,-0.09333132952451706,-2.7520995140075684,0.45189306139945984
CEPVR,41,-0.09358515590429306,-2.751455307006836,0.44460391998291016
CEPVR,42,-0.09087896347045898,-2.75087571144104,0.444572389125824
CEPVR,43,-0.09337349236011505,-2.748927593231201,0.44483140110969543
CEPVR,44,-0.09064981341362,-2.748445749282837,0.44476765394210815
CEPVR,45,-0.08573220670223236,-2.745873212814331,0.42454537749290466
CEPVR,46,-0.08845588564872742,-2.746349573135376,0.4246424436569214
CEPVR,47,-0.08596137166023254,-2.7483110427856445,0.4245193898677826
CEPVR,48,-0.08866755664348602,-2.748886823654175,0.4245910942554474
CEPVR,49,-0.08346914499998093,-2.747117519378662,0.41410863399505615
CEPVR,50,-0.08161445707082748,-2.745168924331665,0.41475966572761536
CEPVR,51,-0.08476656675338745,-2.7451870441436768,0.4151456654071808
CEPVR,52,-0.08284180611371994,-2.743290424346924,0.4157395660877228
CEPVR,53,-0.08036066591739655,-2.740391492843628,0.41287195682525635
CEPVR,54,-0.08228543400764465,-2.741293430328369,0.4111008644104004
CEPVR,55,-0.07913333922624588,-2.741004705429077,0.4108438491821289
CEPVR,56,-0.08098801970481873,-2.7419018745422363,0.40899574756622314
CEPVR,57,-0.08136699348688126,-2.737152338027954,0.4081321060657501
CEPVR,58,-0.08165944367647171,-2.7343380451202393,0.40829578042030334
CEPVR,59,-0.07980474829673767,-2.734290361404419,0.410349577665329
CEPVR,60,-0.07951230555772781,-2.737104654312134,0.41018590331077576
CEPVR,61,-0.08266440778970718,-2.737473964691162,0.41029971837997437
CEPVR,62,-0.08296112716197968,-2.7346584796905518,0.4104316532611847
CEPVR,63,-0.08103635907173157,-2.734574556350708,0.41241732239723206
CEPVR,64,-0.08073964715003967,-2.7373900413513184,0.41228538751602173
CEPVR,65,-0.05771106854081154,-2.7314507961273193,0.3893873691558838
CEPVR,66,-0.05825686454772949,-2.73423433303833,0.38922515511512756
CEPVR,67,-0.057756174355745316,-2.731276750564575,0.38655194640159607
CEPVR,68,-0.05830195173621178,-2.734060287475586,0.38638973236083984
CEPVR,69,-0.07234574854373932,-2.735399007797241,0.3970111012458801
CEPVR,70,-0.07261495292186737,-2.732590675354004,0.3973477780818939
CEPVR,71,-0.07087307423353195,-2.735548496246338,0.3994361162185669
CEPVR,72,-0.07114227861166,-2.7327404022216797,0.3997728228569031
CEPVR,73,-0.08642276376485825,-2.7362678050994873,0.42542722821235657
CEPVR,74,-0.08610063791275024,-2.7390899658203125,0.4254843294620514
CEPVR,75,-0.08876483142375946,-2.736567258834839,0.42384710907936096
CEPVR,76,-0.08844272792339325,-2.739389419555664,0.4239042103290558
CEPVR,77,-0.09382228553295135,-2.7436060905456543,0.4547005891799927
CEPVR,78,-0.0941263809800148,-2.740783929824829,0.4548211693763733
CEPVR,79,-0.09099932760000229,-2.743306875228882,0.45481517910957336
CEPVR,80,-0.09130343794822693,-2.7404847145080566,0.454935759305954
CEPVR,81,-0.03852931782603264,-3.4954946041107178,0.5667796730995178
CEPVR,82,-0.03852931782603264,-3.4954946041107178,0.569720983505249
CEPVR,83,-0.04147067666053772,-3.4954946041107178,0.569720983505249
CEPVR,84,-0.04147067666053772,-3.4954946041107178,0.5667796730995178
CEPVR,85,-0.04147067666053772,-3.463290214538574,0.5619674324989319
CEPVR,86,-0.04147067666053772,-3.463290214538574,0.5649088621139526
CEPVR,87,-0.03852931782603264,-3.463290214538574,0.5649088621139526
CEPVR,88,-0.03852931782603264,-3.463290214538574,0.5619674921035767
CEPVR,89,-0.03852931782603264,-3.4255332946777344,0.5567851662635803
CEPVR,90,-0.03852931782603264,-3.4255332946777344,0.5597265362739563
CEPVR,91,-0.04147067666053772,-3.4255332946777344,0.5597265362739563
CEPVR,92,-0.04147067666053772,-3.4255332946777344,0.5567851662635803
CEPVR,93,-0.049244169145822525,-3.3703784942626953,0.5467906594276428
CEPVR,94,-0.049244169145822525,-3.3703784942626953,0.5497320294380188
CEPVR,95,-0.046302810311317444,-3.3703784942626953,0.5497320294380188
CEPVR,96,-0.046302810311317444,-3.3703784942626953,0.5467906594276428
CEPVR,97,-0.06481113284826279,-3.171969413757324,0.513105571269989
CEPVR,98,-0.06481113284826279,-3.171969413757324,0.516046941280365
CEPVR,99,-0.06775248050689697,-3.171969413757324,0.5160468816757202
CEPVR,100,-0.06775248050689697,-3.171969413757324,0.513105571269989
CEPVR,101,-0.07515580952167511,-3.093494176864624,0.5001497268676758
CEPVR,102,-0.07515580952167511,-3.093494176864624,0.5030910968780518
CEPVR,103,-0.07221444696187973,-3.093494176864624,0.5030910968780518
CEPVR,104,-0.07221445441246033,-3.093494176864624,0.5001497268676758
CEPVR,105,-0.07221445441246033,-3.048704147338867,0.48460274934768677
CEPVR,106,-0.07221444696187973,-3.048704147338867,0.48754411935806274
CEPVR,107,-0.07515580952167511,-3.048704147338867,0.48754411935806274
CEPVR,108,-0.07515580952167511,-3.048704147338867,0.48460274934768677
CEPVR,109,-0.09440445899963379,-2.986886501312256,0.46905574202537537
CEPVR,110,-0.09440445899963379,-2.986886501312256,0.47199711203575134
CEPVR,111,-0.091463103890419,-2.986886501312256,0.47199711203575134
CEPVR,112,-0.091463103890419,-2.986886501312256,0.46905574202537537
CEPVR,113,-0.0814364105463028,-2.916016101837158,0.4540219008922577
CEPVR,114,-0.0849088653922081,-2.916016101837158,0.4540219008922577
CEPVR,115,-0.0849088653922081,-2.9160330295562744,0.45054948329925537
Cuticle,0,-0.004926303401589394,4.61814022064209,0.6463541388511658
Cuticle,1,-0.004106367472559214,4.61871337890625,0.6457674503326416
Cuticle,2,-0.0032864317763596773,4.61814022064209,0.6463541388511658
Cuticle,3,-0.004106367472559214,4.61756706237793,0.6469406485557556
Cuticle,4,-0.004106351174414158,4.622413158416748,0.6523629426956177
Cuticle,5,-0.0033692303113639355,4.622928619384766,0.6518355011940002
Cuticle,6,-0.004106351174414158,4.623443126678467,0.6513081192970276
Cuticle,7,-0.004843471571803093,4.622928619384766,0.6518355011940002
Cuticle,8,-0.06417007744312286,-3.527886152267456,0.5900179743766785
Cuticle,9,-0.019339509308338165,-3.5300872325897217,0.5452414751052856
Cuticle,10,0.02549104578793049,-3.527886152267456,0.5900179743766785
Cuticle,11,-0.01933952234685421,-3.5256853103637695,0.6347944140434265
Cuticle,12,-0.01933952420949936,-3.4995598793029785,0.6464168429374695
Cuticle,13,0.037480972707271576,-3.5023176670074463,0.5897149443626404
Cuticle,14,-0.019339505583047867,-3.505075454711914,0.5330130457878113
Cuticle,15,-0.0761599913239479,-3.5023176670074463,0.5897149443626404
Cuticle,16,-0.07357963174581528,-3.502317190170288,0.5897148847579956
Cuticle,17,-0.019339513033628464,-3.5049493312835693,0.5355885028839111
Cuticle,18,0.03490059822797775,-3.502317190170288,0.5897148847579956
Cuticle,19,-0.01933952420949936,-3.4996845722198486,0.6438413262367249
Cuticle,20,-0.019339527934789658,-3.4267847537994385,0.667020320892334
Cuticle,21,0.06158518046140671,-3.4309699535369873,0.586137056350708
Cuticle,22,-0.019339507445693016,-3.435155153274536,0.5052538514137268
Cuticle,23,-0.10026421397924423,-3.4309699535369873,0.586137056350708
Cuticle,24,-0.10321711003780365,-3.4309699535369873,0.586137056350708
Cuticle,25,-0.019339511170983315,-3.435307741165161,0.5023024678230286
Cuticle,26,0.06453806906938553,-3.4309699535369873,0.586137056350708
Cuticle,27,-0.019339531660079956,-3.4266319274902344,0.6699717044830322
Cuticle,28,-0.019339537248015404,-3.3189234733581543,0.692452073097229
Cuticle,29,0.09320537000894547,-3.32808256149292,0.5802185535430908
Cuticle,30,-0.019339503720402718,-3.3372418880462646,0.46798497438430786
Cuticle,31,-0.13188442587852478,-3.32808256149292,0.580218493938446
Cuticle,32,-0.12792228162288666,-3.328083038330078,0.580218493938446
Cuticle,33,-0.01933949999511242,-3.3369195461273193,0.4719361364841461
Cuticle,34,0.08924326300621033,-3.328083038330078,0.5802185535430908
Cuticle,35,-0.01933952607214451,-3.319246292114258,0.6885009407997131
Cuticle,36,-0.019339527934789658,-3.165475845336914,0.699160099029541
Cuticle,37,0.11707278341054916,-3.1841189861297607,0.564119815826416
Cuticle,38,-0.019339490681886673,-3.2027618885040283,0.429079532623291
Cuticle,39,-0.1557517945766449,-3.1841189861297607,0.564119815826416
Cuticle,40,-0.16072940826416016,-3.1841185092926025,0.5641197562217712
Cuticle,41,-0.01933949999511242,-3.203441858291626,0.4241519570350647
Cuticle,42,0.12205036729574203,-3.1841187477111816,0.564119815826416
Cuticle,43,-0.019339533522725105,-3.164795398712158,0.7040876150131226
Cuticle,44,-0.014734288677573204,-2.9031097888946533,0.6901344060897827
Cuticle,45,0.17099133133888245,-2.933793544769287,0.5098968148231506
Cuticle,46,-0.014705507084727287,-2.9644699096679688,0.3296869099140167
Cuticle,47,-0.20043112337589264,-2.933786392211914,0.5099245309829712
Cuticle,48,-0.1938932240009308,-2.933786392211914,0.509924054145813
Cuticle,49,-0.014706003479659557,-2.963390350341797,0.33603164553642273
Cuticle,50,0.1644534021615982,-2.933793544769287,0.5098972916603088
Cuticle,51,-0.014733799733221531,-2.9041895866394043,0.6837897300720215
Cuticle,52,-0.0070344265550374985,-2.5648372173309326,0.6184806823730469
Cuticle,53,0.21003440022468567,-2.6049797534942627,0.4108220636844635
Cuticle,54,-0.22407546639442444,-2.6049728393554688,0.4108489155769348
Cuticle,55,-0.23199564218521118,-2.6049728393554688,0.410849392414093
Cuticle,56,0.2179546058177948,-2.604980230331421,0.4108216464519501
Cuticle,57,-0.007034908048808575,-2.5633726119995117,0.626057505607605
Cuticle,58,-0.0064241401851177216,-2.21246075630188,0.5100933313369751
Cuticle,59,0.2632024884223938,-2.282205104827881,0.27315783500671387
Cuticle,60,-0.006427914835512638,-2.3519511222839355,0.036218300461769104
Cuticle,61,-0.2760545611381531,-2.2822070121765137,0.2731538414955139
Cuticle,62,-0.2665623724460602,-2.2822070121765137,0.2731538712978363
Cuticle,63,-0.0064278654754161835,-2.3494958877563477,0.04455958306789398
Cuticle,64,0.2537102699279785,-2.2822048664093018,0.27315768599510193
Cuticle,65,-0.006424210965633392,-2.2149159908294678,0.5017520189285278
Cuticle,66,-0.008608756586909294,-1.8043506145477295,0.2697002589702606
Cuticle,67,0.2826961874961853,-1.897128939628601,0.030976101756095886
Cuticle,68,-0.008570931851863861,-1.9898813962936401,-0.20771396160125732
Cuticle,69,-0.2998759150505066,-1.8971030712127686,0.031010180711746216
Cuticle,70,-0.310504674911499,-1.8971021175384521,0.031010836362838745
Cuticle,71,-0.008570237085223198,-1.9932656288146973,-0.21642422676086426
Cuticle,72,0.2933250069618225,-1.8971291780471802,0.030975565314292908
Cuticle,73,-0.008609436452388763,-1.8009657859802246,0.2784106135368347
Cuticle,74,-0.006307408679276705,-1.3608169555664062,0.007719218730926514
Cuticle,75,0.29172995686531067,-1.4408546686172485,-0.2567046880722046
Cuticle,76,-0.0062629482708871365,-1.5208640098571777,-0.5210879445075989
Cuticle,77,-0.30430033802986145,-1.4408260583877563,-0.2566640079021454
Cuticle,78,-0.29380881786346436,-1.4408268928527832,-0.2566647529602051
Cuticle,79,-0.0062636989168822765,-1.5180469751358032,-0.5117796063423157
Cuticle,80,0.2812384366989136,-1.4408543109893799,-0.25670406222343445
Cuticle,81,-0.006306651048362255,-1.3636341094970703,-0.0015891417860984802
Cuticle,82,-0.002845160895958543,-0.9873048067092896,-0.151107519865036
Cuticle,83,0.28348883986473083,-1.017208218574524,-0.4232797622680664
Cuticle,84,-0.002843680791556835,-1.0471117496490479,-0.6954506039619446
Cuticle,85,-0.28917768597602844,-1.0172083377838135,-0.4232783615589142
Cuticle,86,-0.2996257543563843,-1.0172079801559448,-0.4232783913612366
Cuticle,87,-0.0028436665888875723,-1.0482025146484375,-0.7053821086883545
Cuticle,88,0.29393690824508667,-1.0172080993652344,-0.42327970266342163
Cuticle,89,-0.00284514669328928,-0.9862135052680969,-0.1411760449409485
Cuticle,90,-0.0030360191594809294,-0.6649322509765625,-0.15901511907577515
Cuticle,91,0.3040868043899536,-0.6569271683692932,-0.45267632603645325
Cuticle,92,-0.0030249925330281258,-0.6489245891571045,-0.7463270425796509
Cuticle,93,-0.31014782190322876,-0.6569295525550842,-0.45266589522361755
Cuticle,94,-0.29933589696884155,-0.6569293141365051,-0.4526660740375519
Cuticle,95,-0.0030252051074057817,-0.6492061018943787,-0.7359890341758728
Cuticle,96,0.29327481985092163,-0.6569276452064514,-0.45267629623413086
Cuticle,97,-0.0030358422081917524,-0.6646508574485779,-0.16935333609580994
Cuticle,98,-0.00427713617682457,-0.279921293258667,-0.03504245728254318
Cuticle,99,0.30634137988090515,-0.22692807018756866,-0.3367610573768616
Cuticle,100,-0.004266492556780577,-0.17393651604652405,-0.6384695768356323
Cuticle,101,-0.3148850202560425,-0.22692978382110596,-0.33675089478492737
Cuticle,102,-0.3262190520763397,-0.22693048417568207,-0.33675068616867065
Cuticle,103,-0.0042662727646529675,-0.17200320959091187,-0.6494787335395813
Cuticle,104,0.31767547130584717,-0.2269277721643448,-0.33676111698150635
Cuticle,105,-0.004277292173355818,-0.281855046749115,-0.02403298392891884
Cuticle,106,-0.002183714648708701,0.1329929232597351,0.20288658142089844
Cuticle,107,0.3247336745262146,0.21892882883548737,-0.11470962315797806
Cuticle,108,-0.0021836934611201286,0.3048644959926605,-0.4323059320449829
Cuticle,109,-0.3291010856628418,0.21892859041690826,-0.1147097572684288
Cuticle,110,-0.317592054605484,0.21895886957645416,-0.1148269772529602
Cuticle,111,-0.0021836720407009125,0.30186882615089417,-0.42124229669570923
Cuticle,112,0.3132246136665344,0.21895888447761536,-0.11482692509889603
Cuticle,113,-0.0021837500389665365,0.13604895770549774,0.1915883868932724
Cuticle,114,-0.0007621236145496368,0.5300025343894958,0.41195592284202576
Cuticle,115,0.3233008086681366,0.5955522060394287,0.1093815341591835
Cuticle,116,-0.3248249888420105,0.5955522060394287,0.10938151180744171
Cuticle,117,-0.3366498053073883,0.5955039262771606,0.10959817469120026
Cuticle,118,0.3351256549358368,0.5955038070678711,0.1095983162522316
Cuticle,119,-0.0007621012628078461,0.5275610685348511,0.4232134521007538
Cuticle,120,-0.0031898673623800278,1.0090034008026123,0.565340518951416
Cuticle,121,0.3005630373954773,1.0356123447418213,0.27433595061302185
Cuticle,122,-0.003189102513715625,1.062220811843872,-0.016668051481246948
Cuticle,123,-0.30694201588630676,1.0356117486953735,0.2743365168571472
Cuticle,124,-0.29624849557876587,1.0356274843215942,0.2742517292499542
Cuticle,125,-0.0031890952959656715,1.0612990856170654,-0.0065080150961875916
Cuticle,126,0.2898695170879364,1.0356277227401733,0.2742510735988617
Cuticle,127,-0.003189853159710765,1.0099562406539917,0.5550107955932617
Cuticle,128,-0.003576463321223855,1.528245210647583,0.586428701877594
Cuticle,129,0.2919579744338989,1.5115877389907837,0.2936570346355438
Cuticle,130,-0.0035904005635529757,1.4949277639389038,0.0008716271258890629
Cuticle,131,-0.2991248369216919,1.5115852355957031,0.2936432957649231
Cuticle,132,-0.3099089562892914,1.5115844011306763,0.29364317655563354
Cuticle,133,-0.00359066273085773,1.4943188428878784,-0.009811688214540482
Cuticle,134,0.302742063999176,1.511587142944336,0.29365748167037964
Cuticle,135,-0.0035762295592576265,1.5288525819778442,0.5971124172210693
Cuticle,136,-0.0025029119569808245,2.0552077293395996,0.4819760322570801
Cuticle,137,0.30921751260757446,2.0008108615875244,0.18464258313179016
Cuticle,138,-0.0025180955417454243,1.9464117288589478,-0.1127057746052742
Cuticle,139,-0.3142385482788086,2.0008087158203125,0.1846276819705963
Cuticle,140,-0.30326423048973083,2.0008084774017334,0.1846277266740799
Cuticle,141,-0.0025178194046020508,1.9483270645141602,-0.10223802179098129
Cuticle,142,0.2982432246208191,2.0008106231689453,0.18464212119579315
Cuticle,143,-0.002503202296793461,2.0532920360565186,0.47150787711143494
Cuticle,144,-0.0017079566605389118,2.562284469604492,0.2815696597099304
Cuticle,145,0.2724109888076782,2.512795925140381,0.017464593052864075
Cuticle,146,-0.001707893330603838,2.4633071422576904,-0.24664048850536346
Cuticle,147,-0.2758268415927887,2.512795925140381,0.017464593052864075
Cuticle,148,-0.2858292758464813,2.512796401977539,0.017464831471443176
Cuticle,149,-0.0017079003155231476,2.4615018367767334,-0.2562773525714874
Cuticle,150,0.28241339325904846,2.512796401977539,0.01746489107608795
Cuticle,151,-0.0017079426907002926,2.564091205596924,0.29120707511901855
Cuticle,152,-0.0027564596384763718,3.018066167831421,0.15138722956180573
Cuticle,153,0.23281848430633545,2.997286319732666,-0.08305232226848602
Cuticle,154,-0.0027564666233956814,2.976505994796753,-0.31749194860458374
Cuticle,155,-0.23833142220973969,2.997285842895508,-0.08305243402719498
Cuticle,156,-0.23003806173801422,2.997285842895508,-0.08305257558822632
Cuticle,157,-0.0027564666233956814,2.977238416671753,-0.30923864245414734
Cuticle,158,0.2245251089334488,2.997286081314087,-0.08305250853300095
Cuticle,159,-0.0027564666233956814,3.017333984375,0.1431335210800171
Cuticle,160,-0.0031896689906716347,3.375176429748535,0.11249271035194397
Cuticle,161,0.20657576620578766,3.3874282836914062,-0.0915951281785965
Cuticle,162,-0.003220935817807913,3.3996856212615967,-0.295716792345047
Cuticle,163,-0.21298639476299286,3.3874337673187256,-0.09162895381450653
Cuticle,164,-0.2206411361694336,3.3874335289001465,-0.09162946045398712
Cuticle,165,-0.003221495309844613,3.4001317024230957,-0.30316442251205444
Cuticle,166,0.2142305225133896,3.3874282836914062,-0.09159432351589203
Cuticle,167,-0.003189088311046362,3.374729633331299,0.11994065344333649
Cuticle,168,0.0010589007288217545,3.671694755554199,0.14355719089508057
Cuticle,169,0.18520499765872955,3.707920789718628,-0.023891299962997437
Cuticle,170,0.001044319011271,3.744147539138794,-0.19135929644107819
Cuticle,171,-0.1831018030643463,3.7079217433929443,-0.023910827934741974
Cuticle,172,-0.176618754863739,3.7079215049743652,-0.023910649120807648
Cuticle,173,0.001044567208737135,3.7428712844848633,-0.1854640394449234
Cuticle,174,0.17872193455696106,3.7079200744628906,-0.0238918736577034
Cuticle,175,0.0010586460120975971,3.6729700565338135,0.13766151666641235
Cuticle,176,-0.001395614817738533,3.9116153717041016,0.16155201196670532
Cuticle,177,0.1274077445268631,3.9469363689422607,0.05527488887310028
Cuticle,178,-0.13016781210899353,3.946923017501831,0.05531644821166992
Cuticle,179,-0.13486717641353607,3.946923017501831,0.055317312479019165
Cuticle,180,0.13210712373256683,3.9469382762908936,0.055274203419685364
Cuticle,181,-0.001396174542605877,3.9103281497955322,0.16542945802211761
Cuticle,182,-0.006602277513593435,4.073583126068115,0.185695081949234
Cuticle,183,0.07488059252500534,4.10002326965332,0.12348169088363647
Cuticle,184,-0.0064809853211045265,4.1263885498046875,0.061415895819664
Cuticle,185,-0.08796385675668716,4.099947929382324,0.12362924218177795
Cuticle,186,-0.08509742468595505,4.099949359893799,0.12362651526927948
Cuticle,187,-0.006483134813606739,4.12545919418335,0.06360360980033875
Cuticle,188,0.07201413810253143,4.100020885467529,0.1234842985868454
Cuticle,189,-0.0066001564264297485,4.0745110511779785,0.1835072636604309
Cuticle,190,-0.006301393266767263,4.188199996948242,0.21063758432865143
Cuticle,191,0.038347627967596054,4.206170558929443,0.18450956046581268
Cuticle,192,-0.00626071821898222,4.224134922027588,0.1584283709526062
Cuticle,193,-0.05090974271297455,4.206164360046387,0.18455637991428375
Cuticle,194,-0.052538201212882996,4.206164836883545,0.18455736339092255
Cuticle,195,-0.006259972229599953,4.224791049957275,0.1574757695198059
Cuticle,196,0.039976101368665695,4.206171035766602,0.1845087856054306
Cuticle,197,-0.006302129942923784,4.187544345855713,0.21159036457538605
Cuticle,198,-0.03050791472196579,4.387949466705322,0.3835996091365814
Cuticle,199,-0.005426506046205759,4.398190498352051,0.37329742312431335
Cuticle,200,0.019727908074855804,4.387887477874756,0.3836735486984253
Cuticle,201,-0.005353500600904226,4.377646446228027,0.39397576451301575
Cuticle,202,-0.005352492444217205,4.385446548461914,0.4029480516910553
Cuticle,203,0.02001109905540943,4.3957672119140625,0.3925732970237732
Cuticle,204,-0.005426696501672268,4.406152725219727,0.38212257623672485
Cuticle,205,-0.030790286138653755,4.39583158493042,0.39249736070632935
Cuticle,206,-0.009943246841430664,4.577508926391602,0.6004456877708435
Cuticle,207,-0.0047242287546396255,4.580075740814209,0.5977987051010132
Cuticle,208,0.0005054362118244171,4.577502727508545,0.600450873374939
Cuticle,209,-0.004713581409305334,4.574936389923096,0.6030978560447693
Cuticle,210,-0.004713700618594885,4.584994792938232,0.6139107942581177
Cuticle,211,-2.1811574697494507e-05,4.5873026847839355,0.6115310192108154
Cuticle,212,-0.004723275080323219,4.589616298675537,0.6091467142105103
Cuticle,213,-0.009415163658559322,4.587308406829834,0.6115264296531677
Cuticle,214,0.10349375754594803,-2.609915018081665,0.20004495978355408
Cuticle,215,-0.007926109246909618,-2.5800621509552,0.1961229294538498
Cuticle,216,-0.00593342212960124,-2.5278921127319336,0.16477477550506592
Cuticle,217,-0.0030607625376433134,-2.5755717754364014,0.1941850781440735
Cuticle,218,-0.012791452929377556,-2.5755720138549805,0.1941850781440735
Cuticle,219,-0.007926106452941895,-2.5710816383361816,0.19224724173545837
Cuticle,220,-0.11842649430036545,-2.6099112033843994,0.20005837082862854
Cuticle,221,-0.008999314159154892,-2.691934108734131,0.2353285700082779
Cuticle,222,-0.1267678141593933,-2.612760543823242,0.1940644234418869
Cuticle,223,-0.01717294007539749,-2.577688694000244,0.1919793039560318
Cuticle,224,-0.005851402413100004,-2.527752161026001,0.15724515914916992
Cuticle,225,-0.007844090461730957,-2.570103406906128,0.18869395554065704
Cuticle,226,-0.009039412252604961,-2.6977732181549072,0.23086927831172943
Cuticle,227,-0.007966709323227406,-2.5852742195129395,0.19526410102844238
Cuticle,228,0.11187701672315598,-2.612764596939087,0.19404999911785126
Cuticle,229,0.0013621402904391289,-2.577688694000244,0.19197872281074524
Cuticle,230,-0.08163081854581833,3.9907026290893555,-0.04002225399017334
Cuticle,231,0.05967145040631294,3.9907100200653076,-0.04004501551389694
Cuticle,232,-0.01327512040734291,4.032705307006836,-0.013571962714195251
Cuticle,233,-0.008683980442583561,3.949841260910034,-0.06927841901779175
Cuticle,234,-0.008683661930263042,3.951167345046997,-0.07297302037477493
Cuticle,235,-0.020594913512468338,3.9887783527374268,-0.03651188313961029
Cuticle,236,-0.08398021012544632,3.991931915283203,-0.04326070100069046
Cuticle,237,-0.03310941159725189,3.99975323677063,-0.03040483593940735
Cuticle,238,-0.013275382108986378,4.031571388244629,-0.01078885793685913
Cuticle,239,0.06202142313122749,3.99194073677063,-0.043284282088279724
Cuticle,240,-0.008080411702394485,3.9997549057006836,-0.0304088294506073
Cuticle,241,-0.02059490978717804,4.010729789733887,-0.024301759898662567
Cuticle,242,-0.0007620477117598057,0.6611018776893616,-0.19319288432598114
Cuticle,243,-0.0007620858959853649,0.6634466052055359,-0.20401698350906372
Cuticle,244,-0.006833620369434357,4.144978046417236,0.1973535716533661
Cuticle,245,-0.0043683359399437904,1.2730653285980225,0.5904101729393005
Cuticle,246,0.31517723202705383,0.8010780215263367,0.21897095441818237
Cuticle,247,-0.004170641768723726,-0.49083566665649414,-0.12411254644393921
Cuticle,248,-0.004370968788862228,1.2844964265823364,-0.008358877152204514
Cuticle,249,0.027175208553671837,4.192693710327148,0.20409390330314636
Cuticle,250,-0.008212069980800152,-2.0228798389434814,0.40938472747802734
Cuticle,251,-0.004154406487941742,-0.44188192486763,-0.7216497659683228
Cuticle,252,-0.008207091130316257,-2.194633960723877,-0.07214099168777466
Cuticle,253,-0.004146377090364695,3.206800937652588,-0.3131886124610901
Cuticle,254,-0.019339527934789658,-3.250450611114502,0.6955359578132629
Cuticle,255,0.2180778533220291,1.5240814685821533,0.5132392048835754
Cuticle,256,-0.16629432141780853,3.396958589553833,-0.2502894997596741
Cuticle,257,-0.004567025229334831,4.62471342086792,0.6531226634979248
Cuticle,258,-0.01933949999511242,-3.277101993560791,0.44980502128601074
Cuticle,259,0.08296971023082733,-3.1701366901397705,0.6654000282287598
Cuticle,260,0.22868409752845764,-0.2666725814342499,-0.11047463864088058
Cuticle,261,0.03120231069624424,-2.5870859622955322,0.19275736808776855
Cuticle,262,0.20986053347587585,-1.8275518417358398,0.21001070737838745
Cuticle,263,-0.0041383784264326096,3.2169206142425537,0.12342321872711182
Cuticle,264,-0.20127275586128235,3.545682430267334,-0.0653856173157692
Cuticle,265,-0.00683621084317565,4.144223213195801,0.19879479706287384
Cuticle,266,-0.002133537782356143,4.605530261993408,0.6322036385536194
Cuticle,267,-0.04095810279250145,4.220132827758789,0.16425834596157074
Cuticle,268,0.19579677283763885,-2.2298967838287354,0.45086047053337097
Cuticle,269,-0.006691164802759886,4.1863694190979,0.1183752715587616
Cuticle,270,-0.23333297669887543,1.4986342191696167,0.06604845076799393
Cuticle,271,0.13916118443012238,3.735090732574463,-0.14948740601539612
Cuticle,272,0.03688860312104225,4.02251672744751,-0.021007657051086426
Cuticle,273,0.24786892533302307,0.6464608311653137,-0.12561310827732086
Cuticle,274,-0.004370901267975569,1.2842961549758911,0.002348942682147026
Cuticle,275,-0.00417092302814126,-0.4917128086090088,-0.11340583860874176
Cuticle,276,0.1739247441291809,3.012871503829956,0.09277734160423279
Cuticle,277,-0.043587278574705124,4.265588283538818,0.24569526314735413
Cuticle,278,0.054479554295539856,4.080211639404297,0.17010486125946045
Cuticle,279,-0.00415472686290741,-0.4427587687969208,-0.7109432220458984
Cuticle,280,-0.2350112646818161,-1.9692182540893555,-0.15455661714076996
Cuticle,281,-0.008207202889025211,-2.1915571689605713,-0.06351317465305328
Cuticle,282,-0.24572809040546417,-0.18573573231697083,-0.5712941884994507
Cuticle,283,-0.29895782470703125,1.7478065490722656,0.2588065564632416
Cuticle,284,0.2365969866514206,-2.4416146278381348,0.34725213050842285
Cuticle,285,-0.01933949813246727,-3.276625156402588,0.45420801639556885
Cuticle,286,-0.008212151937186718,-2.0198025703430176,0.4180126488208771
Cuticle,287,-0.0023481484968215227,4.611095905303955,0.6385257244110107
Cuticle,288,-0.12538191676139832,-3.198610782623291,0.45914387702941895
Cuticle,289,-0.019339539110660553,-3.249972343444824,0.6999388933181763
Cuticle,290,-0.24909226596355438,0.1544768214225769,0.12348746508359909
Cuticle,291,-0.17331355810165405,-3.078108072280884,0.5438433885574341
Cuticle,292,-0.0035938790533691645,4.619724273681641,0.647324800491333
Cuticle,293,-0.29781925678253174,-1.669196605682373,-0.12230007350444794
Cuticle,294,0.22730335593223572,-0.662930428981781,-0.2324330359697342
Cuticle,295,0.25393083691596985,2.759216785430908,-0.044321030378341675
Cuticle,296,0.10518395155668259,4.0225958824157715,0.0873883068561554
Cuticle,297,-0.06582562625408173,-3.521493673324585,0.589942216873169
Cuticle,298,-0.00427709985524416,-2.578939437866211,0.1956384778022766
Cuticle,299,0.21724282205104828,-1.500868797302246,-0.4550022482872009
Cuticle,300,0.3016413748264313,1.2786767482757568,0.29640230536460876
Cuticle,301,0.07993531227111816,-3.3823585510253906,0.583020031452179
Cuticle,302,0.06506913900375366,-3.3212130069732666,0.6643936634063721
Cuticle,303,0.23127979040145874,1.960012435913086,-0.0383649542927742
Cuticle,304,-0.06916902959346771,3.961357355117798,-0.06554078310728073
Cuticle,305,-0.004618798848241568,4.619724273681641,0.647324800491333
Cuticle,306,-0.004567025229334831,4.624068737030029,0.6537819504737854
Cuticle,307,0.2981431782245636,-0.8296292424201965,-0.45148900151252747
Cuticle,308,0.12457431107759476,-2.9568026065826416,0.37473246455192566
Cuticle,309,0.013475807383656502,4.380191326141357,0.3914186954498291
Cuticle,310,-0.006385579705238342,4.605531692504883,0.6322023272514343
Cuticle,311,0.11459378153085709,3.976490020751953,-0.024432241916656494
Cuticle,312,-0.13705798983573914,3.6807518005371094,0.10168533027172089
Cuticle,313,-0.039767827838659286,4.192689895629883,0.2041289359331131
Cuticle,314,-0.22774279117584229,3.2117698192596436,-0.0987987071275711
Cuticle,315,-0.2252342700958252,1.5240795612335205,0.5132288932800293
Cuticle,316,-0.22706858813762665,-1.8275322914123535,0.2100362628698349
Cuticle,317,0.04870958253741264,3.960059642791748,-0.06197410821914673
Cuticle,318,-0.06541459262371063,4.119063854217529,0.07864488661289215
Cuticle,319,0.052331309765577316,4.080906391143799,0.16846595704555511
Cuticle,320,-0.005605675745755434,4.2518510818481445,0.26575154066085815
Cuticle,321,0.05015774816274643,4.165716171264648,0.1577800065279007
Cuticle,322,0.21789787709712982,1.0163742303848267,0.48482072353363037
Cuticle,323,0.04815388843417168,4.165714263916016,0.15778294205665588
Cuticle,324,-0.0024192298296839,1.7864760160446167,0.5563369989395142
Cuticle,325,0.1886775642633438,-2.2317378520965576,0.44460436701774597
Cuticle,326,-0.019339509308338165,-3.523768186569214,0.5435242056846619
Cuticle,327,-0.0035472309682518244,0.09501965343952179,-0.536068856716156
Cuticle,328,-0.007884889841079712,-1.574965476989746,0.1290563941001892
Cuticle,329,-0.3192155063152313,-0.46679922938346863,-0.4175198972225189
Cuticle,330,0.2908683717250824,1.2786811590194702,0.2963808476924896
Cuticle,331,0.19144240021705627,-2.6277284622192383,0.24901774525642395
Cuticle,332,-0.007936258800327778,-2.5817947387695312,0.19454732537269592
Cuticle,333,-0.14519888162612915,-3.2635371685028076,0.5748718976974487
Cuticle,334,0.27566811442375183,-2.1072206497192383,0.172933891415596
Cuticle,335,-0.061678677797317505,4.165632724761963,0.15794584155082703
Cuticle,336,-0.15401412546634674,-2.9107768535614014,0.6450889110565186
Cuticle,337,-0.2216900736093521,1.0548810958862305,0.06368209421634674
Cuticle,338,-0.004260635003447533,4.612189292907715,0.6374022960662842
Cuticle,339,0.23911596834659576,0.6447144746780396,-0.11754926294088364
Cuticle,340,-0.29960760474205017,1.2786802053451538,0.2963782548904419
Cuticle,341,-0.00790560245513916,-2.571268320083618,0.18999184668064117
Cuticle,342,-0.008641154505312443,4.579434871673584,0.5984591841697693
Cuticle,343,-0.20152965188026428,-2.332674026489258,0.10170720517635345
Cuticle,344,0.28602659702301025,-2.107220411300659,0.1729339063167572
Cuticle,345,-0.2920874059200287,-2.1072165966033936,0.17293766140937805
Cuticle,346,-0.24039997160434723,0.15677641332149506,0.11498452723026276
Cuticle,347,-0.0035938790533691645,4.619007587432861,0.6480580568313599
Cuticle,348,-0.13706891238689423,3.735091209411621,-0.14950208365917206
Cuticle,349,-0.003645624266937375,4.624068737030029,0.6537819504737854
Cuticle,350,0.33096247911453247,0.4031963646411896,0.003652400802820921
Cuticle,351,-0.017617180943489075,3.9787402153015137,-0.04402895271778107
Cuticle,352,0.09872323274612427,3.9194843769073486,0.1378798484802246
Cuticle,353,0.22304928302764893,1.9614485502243042,-0.03051437810063362
Cuticle,354,0.013688752427697182,4.388010501861572,0.4003733694553375
Cuticle,355,-0.3181792199611664,0.8010779023170471,0.21897098422050476
Cuticle,356,-0.0042770979925990105,-2.5722038745880127,0.19273167848587036
Cuticle,357,-0.005060690455138683,-2.462130069732666,0.11961771547794342
Cuticle,358,-0.06071067601442337,4.0213518142700195,-0.018089890480041504
Cuticle,359,-0.1015075072646141,3.9194729328155518,0.13791219890117645
Cuticle,360,0.20937363803386688,-1.4987558126449585,-0.4480205476284027
Cuticle,361,0.009445048868656158,3.998094320297241,-0.034277841448783875
Cuticle,362,0.3113381564617157,0.016911646351218224,-0.22948187589645386
Cuticle,363,0.21138305962085724,2.551267385482788,0.2227715700864792
Cuticle,364,-0.22977985441684723,-1.5008474588394165,-0.4549718499183655
Cuticle,365,-0.007917559705674648,4.065745830535889,0.013940036296844482
Cuticle,366,-0.0007966561242938042,4.5755767822265625,0.6024373769760132
Cuticle,367,-0.004618798848241568,4.619007587432861,0.6480580568313599
Cuticle,368,0.2371845245361328,-0.26812267303466797,-0.10221763700246811
Cuticle,369,-0.0082551846280694,-2.6155753135681152,0.20509687066078186
Cuticle,370,0.08625299483537674,-2.5490050315856934,0.16644635796546936
Cuticle,371,0.15411876142024994,3.3966197967529297,-0.24467791616916656
Cuticle,372,0.22616609930992126,1.5245364904403687,0.5212522149085999
Cuticle,373,-0.22966299951076508,1.0555682182312012,0.056083228439092636
Cuticle,374,-0.018765028566122055,4.015657901763916,-0.020297840237617493
Cuticle,375,0.04356867074966431,-3.4277164936065674,0.6490130424499512
Cuticle,376,-0.23336435854434967,-0.650926411151886,-0.6729092001914978
Cuticle,377,0.161700040102005,-2.5737764835357666,0.5722416043281555
Cuticle,378,-0.15399251878261566,-2.9567971229553223,0.3747532367706299
Cuticle,379,-0.040989723056554794,4.192198276519775,0.20484429597854614
Cuticle,380,-0.0021606239024549723,-0.8363124132156372,-0.726520299911499
Cuticle,381,-0.2147989571094513,2.551267385482788,0.2227715104818344
Cuticle,382,-0.0024414281360805035,1.7105019092559814,-0.02822801098227501
Cuticle,383,0.07783982157707214,-2.6765224933624268,0.22165721654891968
Cuticle,384,-0.024201059713959694,4.380237579345703,0.3913632035255432
Cuticle,385,-0.23504069447517395,-1.8249932527542114,0.21656949818134308
Cuticle,386,-0.24573636054992676,-0.2681245803833008,-0.10220976918935776
Cuticle,387,-0.13220643997192383,3.7341341972351074,-0.14508040249347687
Cuticle,388,0.02714659832417965,-3.521493673324585,0.589942216873169
Cuticle,389,-0.08224771916866302,-3.4277164936065674,0.6490130424499512
Cuticle,390,0.2119060605764389,-1.0396356582641602,-0.6274082660675049
Cuticle,391,-0.0010704193264245987,3.518601894378662,0.12333795428276062
Cuticle,392,-0.17576266825199127,-2.573770761489868,0.5722624063491821
Cuticle,393,-0.05296242982149124,-3.5295369625091553,0.5564355850219727
Cuticle,394,0.21806736290454865,1.4990934133529663,0.07407141476869583
Cuticle,395,-0.10077660530805588,-3.321455478668213,0.6614303588867188
Cuticle,396,-0.22807034850120544,2.040170669555664,0.3997842073440552
Cuticle,397,-0.25637194514274597,2.75921630859375,-0.04432109743356705
Cuticle,398,0.08296971023082733,-3.19810152053833,0.46283963322639465
Cuticle,399,-0.1976562738418579,-2.626277208328247,0.2543286681175232
Cuticle,400,-0.22808128595352173,1.961446762084961,-0.030525194481015205
Cuticle,401,-0.06550236791372299,4.08085298538208,0.16857260465621948
Cuticle,402,-0.005040190648287535,-2.4635469913482666,0.11167363822460175
Cuticle,403,-0.01686045713722706,4.52455472946167,0.5398482084274292
Cuticle,404,-0.005208672024309635,4.517592430114746,0.5205103158950806
Cuticle,405,-0.060019612312316895,-3.500343084335327,0.6303097009658813
Cuticle,406,-0.17321768403053284,3.012321949005127,0.08658696711063385
Cuticle,407,0.29171639680862427,-1.2206283807754517,-0.36077576875686646
Cuticle,408,-0.11861436069011688,-3.3823585510253906,0.583020031452179
Cuticle,409,-0.1180257797241211,3.975525379180908,-0.021646417677402496
Cuticle,410,-0.013886825181543827,-2.5765316486358643,0.1922696828842163
Cuticle,411,-0.00560688367113471,4.25036096572876,0.2629736065864563
Cuticle,412,0.007002061232924461,4.512231349945068,0.5259796380996704
Cuticle,413,0.023275848478078842,-3.5043861865997314,0.5471885204315186
Cuticle,414,-0.0600195936858654,-3.50429105758667,0.5491200685501099
Cuticle,415,-0.0012205387465655804,2.7235496044158936,-0.29508668184280396
Cuticle,416,-0.017617100849747658,3.979679584503174,-0.04630173742771149
Cuticle,417,-0.024255812168121338,4.395646095275879,0.3758544623851776
Cuticle,418,-0.2015269249677658,-2.2317392826080322,0.44460150599479675
Cuticle,419,-0.007916691713035107,4.066831588745117,0.011165589094161987
Cuticle,420,-0.003549955552443862,-0.06405464559793472,0.08832421898841858
Cuticle,421,-0.018188094720244408,-3.053622007369995,0.696276843547821
Cuticle,422,-0.04582711309194565,3.9980907440185547,-0.03426892310380936
Cuticle,423,-0.14908945560455322,-2.9559872150421143,0.37951141595840454
Cuticle,424,-0.007883772253990173,-1.578283667564392,0.12020639330148697
Cuticle,425,-0.09512163698673248,-2.676517963409424,0.22167529165744781
Cuticle,426,-0.019339511170983315,-3.3884482383728027,0.48378604650497437
Cuticle,427,0.032303061336278915,4.2655181884765625,0.2457708865404129
Cuticle,428,-0.000985418912023306,0.48015642166137695,-0.3040355145931244
Cuticle,429,-0.21759380400180817,-1.0396358966827393,-0.6274072527885437
Cuticle,430,-0.0015010945498943329,0.7553439736366272,0.5004777908325195
Cuticle,431,0.28211337327957153,-1.6692376136779785,-0.1223563402891159
Cuticle,432,-0.16982217133045197,-2.57486891746521,0.5665794014930725
Cuticle,433,-0.005177020560950041,4.519453048706055,0.5450457334518433
Cuticle,434,-0.09798255562782288,3.9204390048980713,0.13500353693962097
Cuticle,435,-0.003547181375324726,0.09786214679479599,-0.5472266674041748
Cuticle,436,-0.061954863369464874,-3.5043861865997314,0.5471885204315186
Cuticle,437,-0.01933952234685421,-3.519120454788208,0.6383960247039795
Cuticle,438,-0.0074279350228607655,-2.5598528385162354,0.18674615025520325
Cuticle,439,0.023275844752788544,-3.5002493858337402,0.6322413682937622
Cuticle,440,0.13430964946746826,3.6817071437835693,0.09727786481380463
Cuticle,441,0.22328458726406097,1.0555689334869385,0.05608281120657921
Cuticle,442,-0.0672253966331482,3.960055351257324,-0.061960332095623016
Cuticle,443,0.1915125846862793,-2.76985502243042,0.4647446572780609
Cuticle,444,-0.0012205690145492554,2.7948834896087646,0.20644456148147583
Cuticle,445,-0.23723573982715607,-0.26667389273643494,-0.11046702414751053
Cuticle,446,-0.06368251889944077,4.165631294250488,0.15794900059700012
Cuticle,447,-0.06765379011631012,4.080154895782471,0.17021553218364716
Cuticle,448,0.21974213421344757,-1.0404540300369263,-0.6348567605018616
Cuticle,449,0.15248946845531464,3.849796772003174,0.020420804619789124
Cuticle,450,-0.024412289261817932,4.388059139251709,0.40031641721725464
Cuticle,451,-0.019339507445693016,-3.5238687992095947,0.5414884090423584
Cuticle,452,-0.019339535385370255,-3.3762691020965576,0.6822540163993835
Cuticle,453,-0.21987102925777435,3.2117702960968018,-0.09879865497350693
Cuticle,454,0.22615525126457214,1.498637080192566,0.0660591721534729
Cuticle,455,0.21945789456367493,3.211768865585327,-0.09878981858491898
Cuticle,456,0.07969678193330765,-2.5483977794647217,0.17359232902526855
Cuticle,457,-0.000985455233603716,0.4829135239124298,-0.3150528073310852
Cuticle,458,0.21919453144073486,-0.6627195477485657,-0.2401866465806961
Cuticle,459,0.11964967101812363,-2.9115922451019287,0.6403098702430725
Cuticle,460,-0.0009854864329099655,0.32633695006370544,0.3109348714351654
Cuticle,461,-0.3105144202709198,2.2595021724700928,0.09591217339038849
Cuticle,462,0.13917213678359985,3.680751085281372,0.10169994831085205
Cuticle,463,-0.23630084097385406,2.0416078567504883,0.4076352119445801
Cuticle,464,-0.22542986273765564,-1.0404539108276367,-0.6348558068275452
Cuticle,465,-0.3024458885192871,-2.1072161197662354,0.1729377657175064
Cuticle,466,0.2997988164424896,-0.466795951128006,-0.41753554344177246
Cuticle,467,-0.017387842759490013,4.512253761291504,0.5259546637535095
Cuticle,468,-0.04481331631541252,4.2675604820251465,0.2479187250137329
Cuticle,469,-0.004439868964254856,-1.1630547046661377,-0.08316896855831146
Cuticle,470,-0.08904282748699188,-2.671426773071289,0.2265177220106125
Cuticle,471,-0.08822239935398102,-3.471696138381958,0.588668942451477
Cuticle,472,-0.2086460143327713,-2.229897975921631,0.4508574903011322
Cuticle,473,0.24545419216156006,0.5463899374008179,0.33631235361099243
Cuticle,474,-0.2252555638551712,-0.6511374115943909,-0.6651556491851807
Cuticle,475,0.13429906964302063,3.734133243560791,-0.1450663059949875
Cuticle,476,0.10651984065771103,-3.2635374069213867,0.5748719573020935
Cuticle,477,-0.30839985609054565,-1.669195532798767,-0.12229907512664795
Cuticle,478,-0.24738937616348267,2.759216070175171,-0.044321317225694656
Cuticle,479,-0.14076802134513855,-3.263537883758545,0.5748719573020935
Cuticle,480,0.07644037157297134,-3.3823585510253906,0.583020031452179
Cuticle,481,-0.0622909814119339,4.02250862121582,-0.02098652720451355
Cuticle,482,-0.008633168414235115,4.575580596923828,0.6024335026741028
Cuticle,483,-0.32124727964401245,0.40324667096138,0.003449668176472187
Cuticle,484,-0.2252446860074997,1.4990915060043335,0.07406110316514969
Cuticle,485,0.24494826793670654,2.759216070175171,-0.04432127997279167
Cuticle,486,-0.005207539536058903,4.529633522033691,0.5346754789352417
Cuticle,487,-0.11511940509080887,-3.3823585510253906,0.5830199718475342
Cuticle,488,0.006475898437201977,4.524531841278076,0.539872944355011
Cuticle,489,0.12455274909734726,-2.910782814025879,0.6450681090354919
Cuticle,490,-0.010506093502044678,-2.7352406978607178,0.6588178873062134
Cuticle,491,-0.004258241504430771,4.61000394821167,0.6396480798721313
Cuticle,492,0.0015120673924684525,3.812551259994507,0.15166550874710083
Cuticle,493,-0.0002960409037768841,3.880303144454956,-0.12012559920549393
Cuticle,494,-0.018764963373541832,4.016505241394043,-0.022245004773139954
Cuticle,495,-0.0011165374889969826,-2.5833778381347656,0.194442480802536
Cuticle,496,-0.00426088972017169,4.606746673583984,0.6309539675712585
Cuticle,497,-0.04523976519703865,3.9971978664398193,-0.03215909004211426
Cuticle,498,0.3049168288707733,1.7478097677230835,0.2588285803794861
Cuticle,499,0.1557602435350418,-2.5748744010925293,0.5665593147277832
Cuticle,500,-0.004258228000253439,4.604315280914307,0.6334519982337952
Cuticle,501,0.11967050284147263,-2.955993175506592,0.37949138879776
Cuticle,502,0.014283403754234314,-3.526235580444336,0.6236003041267395
Cuticle,503,-0.004439675714820623,-1.1650813817977905,-0.09294191002845764
Cuticle,504,0.09519912302494049,3.9204492568969727,0.13497234880924225
Cuticle,505,-0.002656278433278203,2.317455768585205,0.3783988356590271
Cuticle,506,-0.004426910541951656,-1.2781946659088135,-0.63837069272995
Cuticle,507,-0.0026599520351737738,2.199432611465454,-0.1968788057565689
Cuticle,508,0.21190498769283295,-0.9947807788848877,-0.21915091574192047
Cuticle,509,0.20388124883174896,2.549912452697754,0.21554341912269592
Cuticle,510,-0.21248310804367065,-2.7698447704315186,0.4647848904132843
Cuticle,511,0.008857554756104946,3.9972004890441895,-0.03216773271560669
Cuticle,512,-0.019339507445693016,-3.475092887878418,0.5199171900749207
Cuticle,513,-0.010971988551318645,-2.8185198307037354,0.27244478464126587
Cuticle,514,-0.01933952234685421,-3.519219160079956,0.6363601684570312
Cuticle,515,-0.14944390952587128,3.8497893810272217,0.020441487431526184
Cuticle,516,-0.019339529797434807,-3.468425989151001,0.654855489730835
Cuticle,517,0.04135400429368019,-3.4278311729431152,0.6467995047569275
Cuticle,518,-0.014786225743591785,-2.5833778381347656,0.19444319605827332
Cuticle,519,-0.29015737771987915,-1.2206214666366577,-0.3607640862464905
Cuticle,520,-0.0007929517887532711,-2.5719997882843018,0.1895151436328888
Cuticle,521,-0.29967644810676575,2.2595012187957764,0.09591200202703476
Cuticle,522,-0.3329334259033203,0.40319645404815674,0.003652261570096016
Cuticle,523,0.021340563893318176,-3.500343084335327,0.6303097009658813
Cuticle,524,-0.0015010926872491837,0.753641664981842,0.5109186172485352
Cuticle,525,-0.08565239608287811,-3.471696138381958,0.588668942451477
Cuticle,526,0.01363309659063816,4.403540134429932,0.3847542405128479
Cuticle,527,-0.04676240310072899,-2.5870847702026367,0.19276165962219238
Cuticle,528,-0.24939310550689697,0.646461009979248,-0.1256132274866104
Cuticle,529,-0.029980788007378578,3.9915218353271484,-0.03498454391956329
Cuticle,530,-0.3299253284931183,0.016903230920433998,-0.22945000231266022
Cuticle,531,-0.000985464546829462,0.3234792649745941,0.3223574757575989
Cuticle,532,-0.30703067779541016,0.8011093139648438,0.21880830824375153
Cuticle,533,0.05241907015442848,4.119117259979248,0.07853822410106659
Cuticle,534,0.16770470142364502,2.982250213623047,-0.2526921033859253
Cuticle,535,0.21920247375965118,-0.6511361002922058,-0.6651633381843567
Cuticle,536,0.215311661362648,1.0548813343048096,0.06368158757686615
Cuticle,537,0.18867482244968414,-2.332672595977783,0.10171003639698029
Cuticle,538,0.06209757179021835,-3.3347105979919434,0.4990067780017853
Cuticle,539,0.30402871966362,0.8011093735694885,0.2188081443309784
Cuticle,540,0.15985940396785736,3.3969545364379883,-0.2502630949020386
Cuticle,541,-0.0053351446986198425,-2.3899734020233154,0.5732444524765015
Cuticle,542,-0.09233009815216064,-2.5483973026275635,0.17359566688537598
Cuticle,543,-0.2175949364900589,-0.9947808384895325,-0.2191498577594757
Cuticle,544,-0.15495257079601288,3.8497893810272217,0.020442023873329163
Cuticle,545,0.021340567618608475,-3.50429105758667,0.5491200685501099
Cuticle,546,-0.004991781897842884,3.990619421005249,0.1740027517080307
Cuticle,547,-0.2072971612215042,2.549912452697754,0.21554341912269592
Cuticle,548,0.22306028008460999,2.0401721000671387,0.3997949957847595
Cuticle,549,-0.2056814730167389,-2.6277217864990234,0.24904215335845947
Cuticle,550,0.32282817363739014,0.016904331743717194,-0.22945250570774078
Cuticle,551,0.25443845987319946,0.5445467829704285,0.34480971097946167
Cuticle,552,-0.17943769693374634,3.012871265411377,0.0927772969007492
Cuticle,553,-0.2085772007703781,3.545682191848755,-0.06538631021976471
Cuticle,554,-0.24565118551254272,0.2833804190158844,-0.3529069423675537
Cuticle,555,-0.0112090352922678,4.007986068725586,-0.02582993358373642
Cuticle,556,0.001511679496616125,3.811192512512207,0.15645445883274078
Cuticle,557,-0.12213736027479172,3.9764764308929443,-0.024394042789936066
Cuticle,558,-0.23874399065971375,-2.441612720489502,0.34725794196128845
Cuticle,559,-0.08003304898738861,-3.4278311729431152,0.6467995047569275
Cuticle,560,0.28129056096076965,-1.2206281423568726,-0.3607756793498993
Cuticle,561,0.20934146642684937,-1.3829460144042969,-0.06537768989801407
Cuticle,562,-0.25596266984939575,0.5445467829704285,0.34480956196784973
Cuticle,563,0.2280799299478531,-2.4416141510009766,0.3472521901130676
Cuticle,564,0.237192764878273,-0.1857336312532425,-0.5713018774986267
Cuticle,565,-0.0015008426271378994,0.8468746542930603,-0.06286131590604782
Cuticle,566,-0.23337265849113464,-0.6629322171211243,-0.23242516815662384
Cuticle,567,0.29436030983924866,2.2595019340515137,0.09591559320688248
Cuticle,568,-0.11123684793710709,4.0225629806518555,0.0874621570110321
Cuticle,569,-0.004427122883498669,-1.2761683464050293,-0.6285978555679321
Cuticle,570,-0.16055282950401306,3.3966240882873535,-0.2447032928466797
Cuticle,571,0.08670289814472198,-3.19861102104187,0.4591439366340637
Cuticle,572,-0.21985384821891785,-2.7698442935943604,0.4647856056690216
Cuticle,573,-0.0021636956371366978,-0.822947084903717,-0.17645496129989624
Cuticle,574,-0.002659881254658103,2.201547145843506,-0.18657124042510986
Cuticle,575,-0.0012205671519041061,2.7936277389526367,0.19761605560779572
Cuticle,576,0.10130616277456284,4.0225934982299805,0.08738963305950165
Cuticle,577,0.04697335511445999,-3.471696138381958,0.588668942451477
Cuticle,578,-0.10374820232391357,-3.3212130069732666,0.6643936634063721
Cuticle,579,-0.008237404748797417,4.585574626922607,0.6133135557174683
Cuticle,580,0.2063937783241272,3.545675277709961,-0.06533759087324142
Cuticle,581,0.17392472922801971,2.981701374053955,-0.2588820457458496
Cuticle,582,-0.019339513033628464,-3.474966526031494,0.5224823951721191
Cuticle,583,-0.17897412180900574,-3.0781075954437256,0.5438434481620789
Cuticle,584,0.01342104934155941,4.395599365234375,0.3759099245071411
Cuticle,585,-0.010506824590265751,-2.733978271484375,0.6658987998962402
Cuticle,586,0.23129121959209442,2.041609048843384,0.40764641761779785
Cuticle,587,0.03530775383114815,4.021358013153076,-0.018110215663909912
Cuticle,588,-0.005678317043930292,4.283197402954102,0.2301640659570694
Cuticle,589,-0.01933952607214451,-3.376483917236328,0.6787604689598083
Cuticle,590,-0.23707996308803558,0.28114134073257446,-0.3446384370326996
Cuticle,591,0.15988373756408691,3.3779029846191406,0.06706565618515015
Cuticle,592,0.21720950305461884,-1.380833387374878,-0.05839695781469345
Cuticle,593,-0.007820980623364449,-1.7634680271148682,-0.37371277809143066
Cuticle,594,-0.0051771108992397785,4.506892204284668,0.5314239263534546
Cuticle,595,-0.0024418248794972897,1.7091400623321533,-0.038702115416526794
Cuticle,596,-0.17943768203258514,2.981700897216797,-0.2588821053504944
Cuticle,597,-0.0035499539226293564,-0.06119674816727638,0.07710760831832886
Cuticle,598,-0.23722772300243378,-0.18718522787094116,-0.5630373358726501
Cuticle,599,-0.06756281107664108,4.119759559631348,0.07700611650943756
Cuticle,600,-0.0011130012571811676,3.5727548599243164,-0.2540622353553772
Cuticle,601,-0.12164870649576187,-3.198101282119751,0.4628395438194275
Cuticle,602,-0.09875279664993286,-2.549004554748535,0.16644997894763947
Cuticle,603,-0.16627003252506256,3.3779072761535645,0.0670393705368042
Cuticle,604,0.2273116111755371,-0.6509246230125427,-0.6729169487953186
Cuticle,605,0.21974104642868042,-0.9939619898796082,-0.21170231699943542
Cuticle,606,-0.24064010381698608,0.6447144746780396,-0.11754926294088364
Cuticle,607,-0.23631219565868378,1.960010290145874,-0.03837613761425018
Cuticle,608,0.06506915390491486,-3.3349523544311523,0.4960433840751648
Cuticle,609,0.028396008536219597,4.192202568054199,0.2048078179359436
Cuticle,610,0.18340617418289185,-2.6262831687927246,0.2543052136898041
Cuticle,611,-0.0015008682385087013,0.8485142588615417,-0.07297664880752563
Cuticle,612,0.14260488748550415,-3.0781097412109375,0.5438365936279297
Cuticle,613,0.21783161163330078,-1.825013279914856,0.2165430188179016
Cuticle,614,-0.0008046422153711319,4.579431056976318,0.5984629988670349
Cuticle,615,-0.005677323788404465,4.280745506286621,0.22849255800247192
Cuticle,616,-0.13219588994979858,3.6817080974578857,0.09726378321647644
Cuticle,617,-0.22543098032474518,-0.9939621686935425,-0.21170127391815186
Cuticle,618,-0.019339503720402718,-3.3882336616516113,0.4872795343399048
Cuticle,619,0.0506538450717926,3.96136212348938,-0.06555500626564026
Cuticle,620,0.08670289069414139,-3.169625997543335,0.6690956354141235
Cuticle,621,-0.20864883065223694,-2.3345158100128174,0.09545119106769562
Cuticle,622,-0.10374816507101059,-3.3349523544311523,0.4960433840751648
Cuticle,623,0.11048147082328796,3.975537061691284,-0.021683253347873688
Cuticle,624,-0.0012205298990011215,2.724804639816284,-0.28625863790512085
Cuticle,625,0.15799815952777863,3.8497977256774902,0.020420610904693604
Cuticle,626,-0.01818111538887024,-3.102595329284668,0.3914032280445099
Cuticle,627,-0.24726101756095886,-2.44161319732666,0.347258061170578
Cuticle,628,-0.007822085171937943,-1.7601505517959595,-0.3648628294467926
Cuticle,629,-0.2333221733570099,1.5245352983474731,0.5212414860725403
Cuticle,630,0.027205707505345345,4.219645023345947,0.16493695974349976
Cuticle,631,-0.1253819465637207,-3.169625997543335,0.6690956354141235
Cuticle,632,0.20388126373291016,2.475679397583008,-0.18061421811580658
Cuticle,633,-0.011575115844607353,-2.5722038745880127,0.19273167848587036
Cuticle,634,-0.11511460691690445,4.022562503814697,0.08746357262134552
Cuticle,635,-0.024467939510941505,4.40358829498291,0.3846973180770874
Cuticle,636,0.20988884568214417,-1.9666997194290161,-0.148049995303154
Cuticle,637,0.22869205474853516,-0.18718402087688446,-0.5630449652671814
Cuticle,638,-0.24697841703891754,0.5463899374008179,0.33631232380867004
Cuticle,639,0.3051982820034027,2.259502410888672,0.09591591358184814
Cuticle,640,0.19908931851387024,3.5456745624542236,-0.06533867120742798
Cuticle,641,-0.02998078428208828,4.0079851150512695,-0.02582612633705139
Cuticle,642,0.04135400801897049,-3.4341087341308594,0.5254746675491333
Cuticle,643,0.23603247106075287,0.15677641332149506,0.11498458683490753
Cuticle,644,-0.22427740693092346,1.0163739919662476,0.4848212003707886
Cuticle,645,-0.2252635657787323,-0.6627208590507507,-0.24017898738384247
Cuticle,646,-0.22194403409957886,-1.3829255104064941,-0.06534819304943085
Cuticle,647,-0.3024674654006958,-0.8296298980712891,-0.45148614048957825
Cuticle,648,-0.002419630065560341,1.7851145267486572,0.5458625555038452
Cuticle,649,-0.011575118638575077,-2.578939437866211,0.1956384778022766
Cuticle,650,-0.1491103321313858,-2.9115869998931885,0.6403299570083618
Cuticle,651,0.02918536402285099,-3.5214946269989014,0.589942216873169
Cuticle,652,-0.22191177308559418,-1.4987351894378662,-0.44799113273620605
Cuticle,653,0.19888335466384888,-2.7698557376861572,0.46474403142929077
Cuticle,654,0.049543365836143494,-3.471696138381958,0.588668942451477
Cuticle,655,-0.05296244099736214,-3.526235580444336,0.6236003041267395
Cuticle,656,-0.006170727778226137,4.61109733581543,0.63852459192276
Cuticle,657,0.319276362657547,0.4032467007637024,0.0034497128799557686
Cuticle,658,-0.23234474658966064,1.015655517578125,0.49258968234062195
Cuticle,659,-0.0019550370052456856,-2.5765316486358643,0.19226953387260437
Cuticle,660,-0.0021605673246085644,-0.8365561962127686,-0.7365560531616211
Cuticle,661,0.2940967381000519,1.7478100061416626,0.25882798433303833
Cuticle,662,-0.20729708671569824,2.475679397583008,-0.18061421811580658
Cuticle,663,0.13694433867931366,-3.0781097412109375,0.5438367128372192
Cuticle,664,-0.08003302663564682,-3.4341087341308594,0.5254746675491333
Cuticle,665,-0.06786439567804337,-3.5214946269989014,0.589942216873169
Cuticle,666,-0.16052940487861633,3.378242015838623,0.06145384907722473
Cuticle,667,0.023577867075800896,-2.5837271213531494,0.1970140039920807
Cuticle,668,0.244724839925766,0.15447689592838287,0.12348754703998566
Cuticle,669,-0.061954885721206665,-3.5002493858337402,0.6322413682937622
Cuticle,670,0.23271256685256958,0.28114134073257446,-0.3446384370326996
Cuticle,671,-0.0010696440003812313,3.5176143646240234,0.1302238404750824
Cuticle,672,-0.03920021280646324,-2.583726167678833,0.1970173716545105
Cuticle,673,0.07181067019701004,-2.671431064605713,0.2265009582042694
Cuticle,674,0.2115860879421234,3.211768865585327,-0.09879010915756226
Cuticle,675,-0.011209038086235523,3.991522789001465,-0.034986712038517
Cuticle,676,-0.0109625905752182,-2.8161637783050537,0.27874624729156494
Cuticle,677,-0.0053350492380559444,-2.391791343688965,0.5652885437011719
Cuticle,678,-0.00029637711122632027,3.878933906555176,-0.11538264900445938
Cuticle,679,-0.12164874374866486,-3.1701364517211914,0.6654000282287598
Cuticle,680,0.1677047163248062,3.012321949005127,0.08658702671527863
Cuticle,681,0.21138307452201843,2.474325656890869,-0.18784178793430328
Cuticle,682,-0.0011923904530704021,4.585570335388184,0.6133170127868652
Cuticle,683,0.028427617624402046,4.220137596130371,0.1642218679189682
Cuticle,684,-0.003645624266937375,4.624712944030762,0.6531226634979248
Cuticle,685,-0.002163708209991455,-0.8227027654647827,-0.16641908884048462
Cuticle,686,-0.30058321356773376,-1.2206212282180786,-0.36076387763023376
Cuticle,687,0.21786096692085266,-1.96923828125,-0.15458309650421143
Cuticle,688,-0.004990865476429462,3.9917423725128174,0.17095471918582916
Cuticle,689,0.062097564339637756,-3.321455478668213,0.6614303588867188
Cuticle,690,-0.0011137695983052254,3.5737431049346924,-0.2609477639198303
Cuticle,691,-0.014925884082913399,-2.5719997882843018,0.18951529264450073
Cuticle,692,-0.018188217654824257,-3.0527284145355225,0.7018391489982605
Cuticle,693,-0.3103806674480438,1.2786753177642822,0.2963995039463043
Cuticle,694,0.043568674474954605,-3.4342234134674072,0.5232611298561096
Cuticle,695,-0.0026561880949884653,2.3195717334747314,0.38870689272880554
Cuticle,696,0.10208901017904282,-3.263537883758545,0.5748720169067383
Cuticle,697,-0.21479889750480652,2.47432541847229,-0.18784180283546448
Cuticle,698,-0.22981321811676025,-1.3808120489120483,-0.05836641788482666
Cuticle,699,-0.17321765422821045,2.982250213623047,-0.2526921331882477
Cuticle,700,-0.3097779154777527,1.7478063106536865,0.25880634784698486
Cuticle,701,-0.2918953597545624,-0.8296301364898682,-0.451486200094223
Cuticle,702,0.3108901381492615,-0.46679553389549255,-0.41753560304641724
Cuticle,703,-0.3081241846084595,-0.4667985439300537,-0.4175202250480652
Cuticle,704,0.014283405616879463,-3.5295369625091553,0.5564355850219727
Cuticle,705,-0.10077657550573349,-3.3347105979919434,0.4990067481994629
Cuticle,706,-0.08224769681692123,-3.4342234134674072,0.5232611298561096
Cuticle,707,0.054570507258176804,4.119815826416016,0.07689549028873444
Cuticle,708,-0.039737313985824585,4.219640731811523,0.16497206687927246
Cuticle,709,-0.019339527934789658,-3.4682998657226562,0.6574207544326782
Cuticle,710,0.2875710129737854,-0.8296296000480652,-0.45148909091949463
Cuticle,711,-0.007304910570383072,-2.5585949420928955,0.1804221272468567
Cuticle,712,-0.008194410242140293,-2.6076009273529053,0.20728524029254913
Cuticle,713,-0.001199571881443262,4.58903694152832,0.6097438931465149
Cuticle,714,-0.22704017162322998,-1.9666804075241089,-0.14802441000938416
Cuticle,715,-0.018180999904870987,-3.1034886837005615,0.38584089279174805
Cuticle,716,-0.004368302412331104,1.2728557586669922,0.6011606454849243
Cuticle,717,0.03352931886911392,4.267487525939941,0.24799688160419464
Cuticle,718,-0.31843531131744385,0.016911232843995094,-0.2294793725013733
Cuticle,719,0.29269400238990784,-1.6692380905151367,-0.12235729396343231
Cuticle,720,-0.004138539545238018,3.2167389392852783,0.1155998557806015
Cuticle,721,0.19579392671585083,-2.3345141410827637,0.09545420110225677
Cuticle,722,-0.004146510269492865,3.206617832183838,-0.3210117816925049
Cuticle,723,-0.008244585245847702,4.5890398025512695,0.6097404956817627
Cuticle,724,0.2259652018547058,1.0156556367874146,0.49258923530578613
Cuticle,725,0.24128375947475433,0.2833806872367859,-0.35290685296058655
Cuticle,726,-0.006688560359179974,4.187124729156494,0.11693425476551056
Cuticle,727,0.15414223074913025,3.3782379627227783,0.061479195952415466
Cuticle,728,-0.0058274464681744576,4.604944229125977,0.6334551572799683
Cuticle,729,-0.005829442758113146,4.60673189163208,0.6316183805465698
Cuticle,730,-0.004106281790882349,4.621816158294678,0.6503661274909973
Cuticle,731,-0.002691657282412052,4.606730937957764,0.631619393825531
Cuticle,732,-0.002689660992473364,4.60494327545166,0.6334562301635742
Cuticle,733,-0.005668966099619865,4.610660076141357,0.6397546529769897
Cuticle,734,-0.002848101546987891,4.610658645629883,0.6397555470466614
Cuticle,735,-0.004106271546334028,4.627316951751709,0.6566858887672424
Cuticle,736,-0.002849896904081106,4.612265110015869,0.6381042003631592
Cuticle,737,-0.005670761223882437,4.6122660636901855,0.6381033062934875
Cuticle,738,-0.05420410633087158,-3.5197880268096924,0.6247556805610657
Cuticle,739,-0.05573318153619766,-3.5197136402130127,0.6262825727462769
Cuticle,740,-0.05573316663503647,-3.523275136947632,0.553601861000061
Cuticle,741,-0.05420409142971039,-3.5231993198394775,0.5551286935806274
Cuticle,742,0.01705414615571499,-3.523275136947632,0.553601861000061
Cuticle,743,0.015525070950388908,-3.5231993198394775,0.5551286935806274
Cuticle,744,0.01705414243042469,-3.5197136402130127,0.6262825727462769
Cuticle,745,0.01552506722509861,-3.519787549972534,0.6247556209564209
Cuticle,746,0.03232264146208763,-3.469148635864258,0.6402328014373779
Cuticle,747,-0.07100169360637665,-3.469148635864258,0.6402328014373779
Cuticle,748,0.03232264891266823,-3.474243640899658,0.537105143070221
Cuticle,749,-0.07100166380405426,-3.474243640899658,0.537105143070221
Cuticle,750,-0.06907416880130768,-3.474148988723755,0.5390290021896362
Cuticle,751,-0.06907418370246887,-3.469243288040161,0.6383088827133179
Cuticle,752,0.030395133420825005,-3.474148988723755,0.539029061794281
Cuticle,753,0.030395133420825005,-3.469243288040161,0.6383088827133179
Cuticle,754,-0.09117444604635239,-3.3779523372650146,0.6548253297805786
Cuticle,755,0.052495405077934265,-3.3779523372650146,0.6548253893852234
Cuticle,756,0.052495405077934265,-3.3867650032043457,0.5112147331237793
Cuticle,757,-0.09117441624403,-3.3867650032043457,0.5112146735191345
Cuticle,758,-0.09379567205905914,-3.377791404724121,0.65744549036026
Cuticle,759,-0.09379564225673676,-3.3869259357452393,0.5085945725440979
Cuticle,760,0.05511661246418953,-3.3869259357452393,0.5085945725440979
Cuticle,761,0.05511660501360893,-3.377791404724121,0.6574455499649048
Cuticle,762,0.07505499571561813,-3.253363847732544,0.6686722040176392
Cuticle,763,-0.11373405903577805,-3.253363609313965,0.6686721444129944
Cuticle,764,0.07505500316619873,-3.2737104892730713,0.4810717701911926
Cuticle,765,-0.11373401433229446,-3.2737104892730713,0.48107171058654785
Cuticle,766,-0.11041088402271271,-3.273353338241577,0.4843739867210388
Cuticle,767,-0.1104109138250351,-3.2537224292755127,0.665369987487793
Cuticle,768,0.07173188030719757,-3.273353338241577,0.4843740165233612
Cuticle,769,0.07173187285661697,-3.2537224292755127,0.665369987487793
Cuticle,770,-0.13453394174575806,-3.0597429275512695,0.6581701636314392
Cuticle,771,0.09815949946641922,-3.059744119644165,0.6581651568412781
Cuticle,772,0.09816470742225647,-3.0964746475219727,0.4295099377632141
Cuticle,773,-0.13452869653701782,-3.096473455429077,0.42951494455337524
Cuticle,774,-0.1387794464826584,-3.059072971343994,0.6623419523239136
Cuticle,775,-0.13877402245998383,-3.0971426963806152,0.42534327507019043
Cuticle,776,0.1024102121591568,-3.097144365310669,0.42533808946609497
Cuticle,777,0.10240481048822403,-3.0590744018554688,0.6623368263244629
Cuticle,778,0.14652502536773682,-2.742950439453125,0.6155996918678284
Cuticle,779,-0.16752789914608002,-2.7429420948028564,0.6156309247016907
Cuticle,780,0.15532873570919037,-2.7857275009155273,0.29203587770462036
Cuticle,781,-0.17576807737350464,-2.7857186794281006,0.2920720875263214
Cuticle,782,-0.16945508122444153,-2.784055233001709,0.29767024517059326
Cuticle,783,-0.16199928522109985,-2.743889093399048,0.6103196740150452
Cuticle,784,0.14902253448963165,-2.784064531326294,0.29763540625572205
Cuticle,785,0.1409974992275238,-2.743896961212158,0.6102895140647888
Cuticle,786,-0.1803932934999466,-2.4042460918426514,0.5107823014259338
Cuticle,787,0.16972468793392181,-2.404247283935547,0.51077800989151
Cuticle,788,0.1754874587059021,-2.48502254486084,0.16952934861183167
Cuticle,789,-0.1856618970632553,-2.4850220680236816,0.1695326417684555
Cuticle,790,-0.1867811381816864,-2.402883291244507,0.5167493224143982
Cuticle,791,-0.1927763670682907,-2.486335515975952,0.16296498477458954
Cuticle,792,0.18262337148189545,-2.4863364696502686,0.16296158730983734
Cuticle,793,0.17611241340637207,-2.4028842449188232,0.51674485206604
Cuticle,794,0.21246565878391266,-2.0416581630706787,0.3567419946193695
Cuticle,795,-0.22888870537281036,-2.0416548252105713,0.3567449152469635
Cuticle,796,0.2124694585800171,-2.172781467437744,-0.010873213410377502
Cuticle,797,-0.22888490557670593,-2.172778606414795,-0.010870322585105896
Cuticle,798,-0.22111612558364868,-2.170470952987671,-0.004399508237838745
Cuticle,799,-0.22111979126930237,-2.0439631938934326,0.35027390718460083
Cuticle,800,0.20470048487186432,-2.17047381401062,-0.004402369260787964
Cuticle,801,0.2046968638896942,-2.043966293334961,0.350271075963974
Cuticle,802,-0.22535082697868347,-1.6010016202926636,0.059593841433525085
Cuticle,803,0.20959867537021637,-1.6010322570800781,0.05955164134502411
Cuticle,804,0.20964489877223969,-1.7374324798583984,-0.30425024032592773
Cuticle,805,-0.225304514169693,-1.7374019622802734,-0.30420804023742676
Cuticle,806,-0.23328712582588196,-1.598512053489685,0.0662321150302887
Cuticle,807,-0.23323917388916016,-1.7398892641067505,-0.3108448088169098
Cuticle,808,0.21758121252059937,-1.73992121219635,-0.3108884394168854
Cuticle,809,0.21753332018852234,-1.5985443592071533,0.06618839502334595
Cuticle,810,0.2176741063594818,-1.1774498224258423,-0.15257368981838226
Cuticle,811,-0.2265506237745285,-1.177444577217102,-0.1525646597146988
Cuticle,812,0.217683807015419,-1.2638049125671387,-0.5689749121665955
Cuticle,813,-0.22654087841510773,-1.2637995481491089,-0.5689660310745239
Cuticle,814,-0.2187216728925705,-1.2622801065444946,-0.5616365075111389
Cuticle,815,-0.2187311053276062,-1.1789648532867432,-0.15989455580711365
Cuticle,816,0.20986425876617432,-1.2622848749160767,-0.5616451501846313
Cuticle,817,0.2098548710346222,-1.1789697408676147,-0.15990322828292847
Cuticle,818,-0.21946321427822113,-0.8246179819107056,-0.24521204829216003
Cuticle,819,0.2151365876197815,-0.8246175050735474,-0.24521423876285553
Cuticle,820,0.21513885259628296,-0.8346416354179382,-0.6577633023262024
Cuticle,821,-0.2194608747959137,-0.8346419334411621,-0.6577610373497009
Cuticle,822,-0.227392315864563,-0.8244345188140869,-0.23768514394760132
Cuticle,823,-0.22738994657993317,-0.8348246812820435,-0.6652879118919373
Cuticle,824,0.2230680286884308,-0.8348243236541748,-0.6652899980545044
Cuticle,825,0.22306568920612335,-0.8244343400001526,-0.23768731951713562
Cuticle,826,0.23212073743343353,-0.4854825437068939,-0.18944226205348969
Cuticle,827,-0.24045848846435547,-0.48548534512519836,-0.18943041563034058
Cuticle,828,0.23213312029838562,-0.44810935854911804,-0.645625114440918
Cuticle,829,-0.240446075797081,-0.4481120705604553,-0.6456133723258972
Cuticle,830,-0.2321278303861618,-0.4487692713737488,-0.6375836133956909
Cuticle,831,-0.23213979601860046,-0.48482710123062134,-0.19746065139770508
Cuticle,832,0.22381438314914703,-0.4487674832344055,-0.6375951766967773
Cuticle,833,0.22380247712135315,-0.4848250448703766,-0.19747209548950195
Cuticle,834,-0.24012969434261322,-0.04166979715228081,0.0004614703357219696
Cuticle,835,0.23303045332431793,-0.04166943207383156,0.0004596225917339325
Cuticle,836,0.2322024703025818,0.07549276947975159,-0.4594227373600006
Cuticle,837,-0.23929762840270996,0.07549246400594711,-0.4594208002090454
Cuticle,838,-0.248762309551239,-0.04381532222032547,0.008881311863660812
Cuticle,839,-0.24789991974830627,0.07762198150157928,-0.4677819013595581
Cuticle,840,0.24080486595630646,0.07762303948402405,-0.4677838385105133
Cuticle,841,0.24166308343410492,-0.04381472244858742,0.008879408240318298
Cuticle,842,0.2509746253490448,0.3434085249900818,0.24268123507499695
Cuticle,843,-0.25294557213783264,0.3434085547924042,0.24268114566802979
Cuticle,844,0.24497637152671814,0.46298420429229736,-0.23537646234035492
Cuticle,845,-0.2469472885131836,0.4629842936992645,-0.23537659645080566
Cuticle,846,-0.23828822374343872,0.4609289765357971,-0.22716420888900757
Cuticle,847,-0.24407541751861572,0.3455643653869629,0.2340635508298874
Cuticle,848,0.23631735146045685,0.4609289765357971,-0.22716420888900757
Cuticle,849,0.2421044409275055,0.3455643653869629,0.23406359553337097
Cuticle,850,-0.23309798538684845,0.7667852640151978,0.4300604462623596
Cuticle,851,0.23009584844112396,0.7667853832244873,0.43006035685539246
Cuticle,852,0.2251967489719391,0.8354333639144897,0.007556013762950897
Cuticle,853,-0.22819849848747253,0.835433304309845,0.007556127384305
Cuticle,854,-0.24154877662658691,0.7655007243156433,0.43793168663978577
Cuticle,855,-0.23647058010101318,0.8366550803184509,1.0279938578605652e-05
Cuticle,856,0.23346874117851257,0.8366552591323853,1.0240823030471802e-05
Cuticle,857,0.23854660987854004,0.7655007243156433,0.43793168663978577
Cuticle,858,0.2254747897386551,1.2743110656738281,0.5249717831611633
Cuticle,859,-0.23421205580234528,1.27431058883667,0.5249696969985962
Cuticle,860,0.22480246424674988,1.283042073249817,0.06783212721347809
Cuticle,861,-0.2335437387228012,1.2830405235290527,0.06783000379800797
Cuticle,862,-0.2254757136106491,1.282891869544983,0.07585562020540237
Cuticle,863,-0.2261205017566681,1.2744687795639038,0.5169015526771545
Cuticle,864,0.21673455834388733,1.2828925848007202,0.07585757225751877
Cuticle,865,0.21738319098949432,1.2744696140289307,0.5169035196304321
Cuticle,866,-0.22481784224510193,1.7757867574691772,0.4740931987762451
Cuticle,867,0.2199731171131134,1.7757893800735474,0.4741092324256897
Cuticle,868,0.21995674073696136,1.7198299169540405,0.043541353195905685
Cuticle,869,-0.2248341590166092,1.7198272943496704,0.04352526366710663
Cuticle,870,-0.23293261229991913,1.7768081426620483,0.4819487929344177
Cuticle,871,-0.23294952511787415,1.7188055515289307,0.035669442266225815
Cuticle,872,0.22807151079177856,1.7188087701797485,0.03568610921502113
Cuticle,873,0.22808846831321716,1.7768099308013916,0.48196545243263245
Cuticle,874,0.2282356172800064,2.3045544624328613,0.315510094165802
Cuticle,875,-0.23354895412921906,2.3045542240142822,0.31550726294517517
Cuticle,876,0.22823277115821838,2.2144503593444824,-0.12367919832468033
Cuticle,877,-0.2335517406463623,2.214449882507324,-0.12368199229240417
Cuticle,878,-0.225423201918602,2.2160356044769287,-0.11595132946968079
Cuticle,879,-0.2254205346107483,2.302967071533203,0.30777621269226074
Cuticle,880,0.22010433673858643,2.216036081314087,-0.1159486174583435
Cuticle,881,0.2201070636510849,2.3029673099517822,0.30777889490127563
Cuticle,882,-0.1858471930027008,2.785024642944336,0.1371317058801651
Cuticle,883,0.1834060698747635,2.785024642944336,0.1371317207813263
Cuticle,884,0.1834060698747635,2.733407735824585,-0.22577430307865143
Cuticle,885,-0.18584714829921722,2.733407735824585,-0.22577433288097382
Cuticle,886,-0.19258412718772888,2.7859668731689453,0.14375312626361847
Cuticle,887,-0.1925840675830841,2.732465982437134,-0.23239530622959137
Cuticle,888,0.19014295935630798,2.732466459274292,-0.2323952466249466
Cuticle,889,0.19014297425746918,2.7859671115875244,0.14375317096710205
Cuticle,890,0.1635608673095703,3.215632438659668,0.06787218153476715
Cuticle,891,-0.1718396544456482,3.2156333923339844,0.06786555051803589
Cuticle,892,0.16355472803115845,3.2079052925109863,-0.2654540240764618
Cuticle,893,-0.17184573411941528,3.2079060077667236,-0.265460729598999
Cuticle,894,-0.16594181954860687,3.2080438137054443,-0.25959327816963196
Cuticle,895,-0.1659359633922577,3.2154970169067383,0.06199808418750763
Cuticle,896,0.15765100717544556,3.208042621612549,-0.2595868408679962
Cuticle,897,0.15765690803527832,3.2154958248138428,0.062004491686820984
Cuticle,898,-0.15121154487133026,3.525373935699463,0.07614532113075256
Cuticle,899,0.14906004071235657,3.5253679752349854,0.07618053257465363
Cuticle,900,0.14902809262275696,3.5659828186035156,-0.20686960220336914
Cuticle,901,-0.15124346315860748,3.565988540649414,-0.206904798746109
Cuticle,902,-0.15668928623199463,3.524632692337036,0.08130916953086853
Cuticle,903,-0.15672238171100616,3.5667293071746826,-0.212069571018219
Cuticle,904,0.15450584888458252,3.5667245388031006,-0.21203301846981049
Cuticle,905,0.15453897416591644,3.524627685546875,0.08134564757347107
Cuticle,906,0.11887098848819733,3.820845603942871,0.12244066596031189
Cuticle,907,-0.1158420667052269,3.8208396434783936,0.12245669960975647
Cuticle,908,0.12201320379972458,3.8959836959838867,-0.08645959943532944
Cuticle,909,-0.12135742604732513,3.8959765434265137,-0.08643960952758789
Cuticle,910,-0.11710033565759659,3.894822359085083,-0.08259781450033188
Cuticle,911,-0.11171027272939682,3.8218588829040527,0.11886467039585114
Cuticle,912,0.11775536835193634,3.894829034805298,-0.0826171338558197
Cuticle,913,0.11473976820707321,3.821864128112793,0.11884915828704834
Cuticle,914,-0.08468811959028244,3.9994397163391113,0.15009967982769012
Cuticle,915,0.0747191533446312,3.999462842941284,0.1500452756881714
Cuticle,916,0.07824826240539551,4.046102523803711,0.015329182147979736
Cuticle,917,-0.09139352291822433,4.046083450317383,0.015379995107650757
Cuticle,918,-0.08759713172912598,3.998596668243408,0.15238679945468903
Cuticle,919,-0.09446056187152863,4.0470290184021,0.012874260544776917
Cuticle,920,0.0813165158033371,4.047051906585693,0.012821510434150696
Cuticle,921,0.0776267945766449,3.9986214637756348,0.15233033895492554
Cuticle,922,0.03587235137820244,4.149617671966553,0.1884988248348236
Cuticle,923,-0.04950786009430885,4.149554252624512,0.18862557411193848
Cuticle,924,0.03598308190703392,4.181794166564941,0.12710341811180115
Cuticle,925,-0.049397118389606476,4.181729793548584,0.1272302120923996
Cuticle,926,-0.04789618030190468,4.181164741516113,0.12830863893032074
Cuticle,927,-0.04800302907824516,4.150121688842773,0.18754230439662933
Cuticle,928,0.034478235989809036,4.181225776672363,0.12818643450737
Cuticle,929,0.034371402114629745,4.150182247161865,0.18742020428180695
Cuticle,930,-0.0340745709836483,4.254185676574707,0.25863510370254517
Cuticle,931,0.022843191400170326,4.2541327476501465,0.25869184732437134
Cuticle,932,0.02279035374522209,4.276921272277832,0.23283100128173828
Cuticle,933,-0.03412739560008049,4.276973724365234,0.23277431726455688
Cuticle,934,-0.0349932461977005,4.255796909332275,0.2612738013267517
Cuticle,935,-0.03504772484302521,4.279306411743164,0.23458321392536163
Cuticle,936,0.0237092487514019,4.279251575469971,0.23464177548885345
Cuticle,937,0.023763734847307205,4.255741596221924,0.2613324224948883
Cuticle,938,-0.01435094140470028,4.516263961791992,0.52186518907547
Cuticle,939,-0.014327269978821278,4.508238792419434,0.5300503969192505
Cuticle,940,0.003941487520933151,4.516246795654297,0.5218838453292847
Cuticle,941,0.003965158015489578,4.508221626281738,0.53006911277771
Cuticle,942,0.0035702986642718315,4.520717144012451,0.543758749961853
Cuticle,943,-0.013931969180703163,4.520734786987305,0.5437402129173279
Cuticle,944,0.0035474086180329323,4.528352737426758,0.5359810590744019
Cuticle,945,-0.013954858295619488,4.528369903564453,0.5359624624252319
Cuticle,946,0.016716372221708298,-2.565821409225464,0.189313143491745
Cuticle,947,0.014744842424988747,-2.6016323566436768,0.204715758562088
Cuticle,948,-0.012377895414829254,-2.5804789066314697,0.1939779818058014
Cuticle,949,-0.030942043289542198,-2.6016314029693604,0.20471994578838348
Cuticle,950,-0.0034869590308517218,-2.5804789066314697,0.19397780299186707
Cuticle,951,-0.03176385909318924,-2.5658209323883057,0.18931394815444946
Cuticle,952,-0.0034060615580528975,-2.5725841522216797,0.19056126475334167
Cuticle,953,-0.012412807904183865,-2.5725841522216797,0.19056132435798645
Cuticle,954,-0.037557996809482574,-2.5657174587249756,0.1835070252418518
Cuticle,955,-0.03647563233971596,-2.608452320098877,0.2020152360200882
Cuticle,956,0.022710608318448067,-2.5657176971435547,0.18350595235824585
Cuticle,957,0.02020283229649067,-2.6084535121917725,0.20200982689857483
Cuticle,958,-0.03929194062948227,3.983354091644287,-0.041060030460357666
Cuticle,959,-0.037663258612155914,4.01104211807251,-0.02326028048992157
Cuticle,960,0.0004201638512313366,4.011044502258301,-0.023268193006515503
Cuticle,961,0.003770616836845875,3.983355760574341,-0.04106510430574417
Cuticle,962,0.0008153747767210007,4.011903762817383,-0.025256186723709106
Cuticle,963,-0.038058336824178696,4.011900424957275,-0.02524799108505249
Cuticle,964,-0.03977785259485245,3.9842817783355713,-0.04329206794500351
Cuticle,965,0.0042566824704408646,3.984283685684204,-0.04329722374677658
Cuticle,966,-0.0008738050237298012,0.42816972732543945,0.3614453971385956
Cuticle,967,0.3212885856628418,0.49939945340156555,0.0564156249165535
Cuticle,968,-0.3230361342430115,0.49939945340156555,0.05641559138894081
Cuticle,969,-0.0007529705762863159,0.6089198589324951,-0.21723772585391998
Cuticle,970,0.2377166599035263,0.5528217554092407,-0.1723567247390747
Cuticle,971,0.24377931654453278,0.4459771513938904,0.2851879596710205
Cuticle,972,-0.2394641637802124,0.5528217554092407,-0.1723567247390747
Cuticle,973,-0.24552690982818604,0.4459771513938904,0.2851879298686981
Cuticle,974,-0.3347916007041931,0.4993501603603363,0.05662522092461586
Cuticle,975,0.3330440819263458,0.49935007095336914,0.0566253624856472
Cuticle,976,-0.0008737831376492977,0.4255201816558838,0.3727854788303375
Cuticle,977,-0.00010128086432814598,0.545149028301239,-0.2652088701725006
Cuticle,978,0.2464226484298706,0.5547225475311279,-0.1804947853088379
Cuticle,979,-0.24817019701004028,0.5547226667404175,-0.18049490451812744
Cuticle,980,0.25270652770996094,0.4439776539802551,0.2937454581260681
Cuticle,981,-0.254454106092453,0.4439776837825775,0.29374536871910095
Cuticle,982,-0.0015882248990237713,0.613733172416687,-0.2273973822593689
Cuticle,983,-9.969528764486313e-05,0.5431519746780396,-0.2541016936302185
Cuticle,984,-0.09309302270412445,0.5549967288970947,-0.2199300080537796
Cuticle,985,-0.08982711285352707,0.5530477166175842,-0.21030732989311218
Cuticle,986,-0.09383337199687958,0.5866823196411133,-0.21236124634742737
Cuticle,987,-0.09025479108095169,0.583325207233429,-0.20321233570575714
Cuticle,988,0.08914592117071152,0.5530477166175842,-0.21030732989311218
Cuticle,989,0.08871825784444809,0.583325207233429,-0.20321233570575714
Cuticle,990,0.09167028218507767,0.5866822600364685,-0.2123612016439438
Cuticle,991,0.0924106165766716,0.55499666929245,-0.21992993354797363
HSNL,0,0.1884530931711197,0.6411845684051514,0.06954425573348999
HSNL,1,0.1884530931711197,0.6165746450424194,0.05743839219212532
HSNL,2,0.1610267609357834,0.6165746450424194,0.05743839219212532
HSNL,3,0.1610267609357834,0.6411845684051514,0.06954425573348999
HSNL,4,0.1884530931711197,0.6290785670280457,0.09415414929389954
HSNL,5,0.1884530931711197,0.6044684052467346,0.08204800635576248
HSNL,6,0.1610267609357834,0.6044684052467346,0.08204800635576248
HSNL,7,0.1610267609357834,0.6290785670280457,0.09415414929389954
HSNL,8,0.17139804363250732,0.6084840893745422,0.07246527820825577
HSNL,9,0.17808181047439575,0.6084840893745422,0.07246527820825577
HSNL,10,0.17139804363250732,0.6114342212677002,0.06646797806024551
HSNL,11,0.17808181047439575,0.6114342212677002,0.06646797806024551
HSNL,12,0.1770401895046234,0.6009187698364258,0.06203350052237511
HSNL,13,0.17243966460227966,0.6009187698364258,0.06203350052237511
HSNL,14,0.1770401895046234,0.5972298383712769,0.06478279083967209
HSNL,15,0.17243966460227966,0.5972298383712769,0.06478279083967209
HSNL,16,0.17257064580917358,0.5892428755760193,0.05368303880095482
HSNL,17,0.1769092082977295,0.5892428755760193,0.05368303880095482
HSNL,18,0.17257064580917358,0.5933359861373901,0.052244678139686584
HSNL,19,0.1769092082977295,0.5933359861373901,0.052244678139686584
HSNL,20,0.18490225076675415,0.5925525426864624,-0.010156504809856415
HSNL,21,0.18076901137828827,0.5925524830818176,-0.00883738324046135
HSNL,22,0.18490085005760193,0.5882138013839722,-0.01016077771782875
HSNL,23,0.18076765537261963,0.5882138013839722,-0.008841942995786667
HSNL,24,0.16471342742443085,0.5882485508918762,-0.0415039099752903
HSNL,25,0.1681271195411682,0.5882484912872314,-0.04418176785111427
HSNL,26,0.1647161841392517,0.5925869941711426,-0.04150063171982765
HSNL,27,0.16812992095947266,0.5925871133804321,-0.0441780611872673
HSNL,28,0.13916660845279694,0.5897555947303772,-0.1013009250164032
HSNL,29,0.13531307876110077,0.5909579992294312,-0.09971116483211517
HSNL,30,0.139164537191391,0.58629310131073,-0.09868660569190979
HSNL,31,0.13531097769737244,0.5874955654144287,-0.0970969945192337
HSNL,32,0.1322711557149887,0.5505174398422241,-0.1469903439283371
HSNL,33,0.1363193243741989,0.5505171418190002,-0.14700016379356384
HSNL,34,0.13243025541305542,0.5527938604354858,-0.15052123367786407
HSNL,35,0.13647861778736115,0.5527936816215515,-0.1505313515663147
HSNL,36,-0.021083906292915344,-2.7519264221191406,0.5326582789421082
HSNL,37,-0.021083906292915344,-2.7550785541534424,0.5322927832603455
HSNL,38,-0.021083906292915344,-2.752291679382324,0.5358104109764099
HSNL,39,-0.021083906292915344,-2.755443811416626,0.5354449152946472
HSNL,40,0.0065835267305374146,-2.7546863555908203,0.52935391664505
HSNL,41,-0.0487513393163681,-2.7546863555908203,0.52935391664505
HSNL,42,0.0065835267305374146,-2.751635789871216,0.5297076106071472
HSNL,43,-0.0487513393163681,-2.751635789871216,0.5297076106071472
HSNL,44,0.005343541502952576,-2.7543630599975586,0.5265631079673767
HSNL,45,-0.04751133918762207,-2.7543630599975586,0.5265631079673767
HSNL,46,0.005343541502952576,-2.751312255859375,0.5269166827201843
HSNL,47,-0.04751133918762207,-2.751312255859375,0.5269166827201843
HSNL,48,0.02808256447315216,-2.7482895851135254,0.5099837183952332
HSNL,49,-0.07025036215782166,-2.7482895851135254,0.5099837183952332
HSNL,50,0.027977705001831055,-2.751340389251709,0.5096461176872253
HSNL,51,-0.07014550268650055,-2.751340389251709,0.5096461176872253
HSNL,52,0.03009440004825592,-2.7486133575439453,0.5122812390327454
HSNL,53,-0.0722622275352478,-2.7486133575439453,0.5122812390327454
HSNL,54,0.029989540576934814,-2.7516636848449707,0.5119436383247375
HSNL,55,-0.0721573531627655,-2.7516636848449707,0.5119436383247375
HSNL,56,0.045556992292404175,-2.7481608390808105,0.4856622815132141
HSNL,57,-0.08772477507591248,-2.7481608390808105,0.4856622815132141
HSNL,58,0.045772239565849304,-2.7453384399414062,0.485908567905426
HSNL,59,-0.08794006705284119,-2.7453384399414062,0.485908567905426
HSNL,60,0.042994171380996704,-2.747861385345459,0.4844730496406555
HSNL,61,-0.08516198396682739,-2.747861385345459,0.4844730496406555
HSNL,62,0.04320944845676422,-2.745039224624634,0.48471933603286743
HSNL,63,-0.0853772759437561,-2.745039224624634,0.48471933603286743
HSNL,64,0.04858522117137909,-2.7404842376708984,0.45493561029434204
HSNL,65,-0.09075304865837097,-2.7404842376708984,0.45493561029434204
HSNL,66,0.048281118273735046,-2.7433061599731445,0.45481497049331665
HSNL,67,-0.09044891595840454,-2.7433061599731445,0.45481497049331665
HSNL,68,0.05140817165374756,-2.740783214569092,0.4548209309577942
HSNL,69,-0.09357595443725586,-2.740783214569092,0.4548209309577942
HSNL,70,0.05110407620668411,-2.743605375289917,0.45470041036605835
HSNL,71,-0.0932718813419342,-2.743605375289917,0.45470041036605835
HSNL,72,0.045724526047706604,-2.7393887042999268,0.4239038825035095
HSNL,73,-0.0878923237323761,-2.7393887042999268,0.4239038825035095
HSNL,74,0.046046629548072815,-2.7365663051605225,0.42384690046310425
HSNL,75,-0.0882144570350647,-2.7365663051605225,0.42384690046310425
HSNL,76,0.0433824360370636,-2.7390894889831543,0.4254841208457947
HSNL,77,-0.08555024862289429,-2.7390894889831543,0.4254841208457947
HSNL,78,0.043704554438591,-2.736267328262329,0.4254269003868103
HSNL,79,-0.0858723521232605,-2.736267328262329,0.4254269003868103
HSNL,80,0.02842406928539276,-2.7327394485473633,0.399772584438324
HSNL,81,-0.07059186697006226,-2.7327394485473633,0.399772584438324
HSNL,82,0.028154879808425903,-2.7355480194091797,0.39943593740463257
HSNL,83,-0.0703226774930954,-2.7355480194091797,0.39943593740463257
HSNL,84,0.02989673614501953,-2.7325901985168457,0.39734750986099243
HSNL,85,-0.07206456363201141,-2.7325901985168457,0.39734750986099243
HSNL,86,0.029627546668052673,-2.735398530960083,0.397010862827301
HSNL,87,-0.07179535925388336,-2.735398530960083,0.397010862827301
HSNL,88,0.011073708534240723,-2.7328743934631348,0.37524670362472534
HSNL,89,-0.04987668991088867,-2.7328743934631348,0.37905353307724
HSNL,90,0.011143684387207031,-2.7300660610198975,0.3756721615791321
HSNL,91,-0.050129398703575134,-2.7300660610198975,0.37940269708633423
HSNL,92,0.008602768182754517,-2.7330238819122314,0.3766409754753113
HSNL,93,-0.04828937351703644,-2.7330238819122314,0.38140517473220825
HSNL,94,0.008672788739204407,-2.7302157878875732,0.3770661950111389
HSNL,95,-0.04854211211204529,-2.730215549468994,0.3817543387413025
HSNL,96,0.13359825313091278,0.47358083724975586,-0.1976531744003296
HSNL,97,0.09960892051458359,0.4190868139266968,-0.24273088574409485
HSNL,98,0.13058234751224518,0.47383981943130493,-0.19700779020786285
HSNL,99,0.09737934172153473,0.42139992117881775,-0.2427310049533844
HSNL,100,0.13043323159217834,0.47589918971061707,-0.19959554076194763
HSNL,101,0.09853575378656387,0.4223365783691406,-0.24572035670280457
HSNL,102,0.13344906270503998,0.4756401479244232,-0.20024076104164124
HSNL,103,0.10076529532670975,0.42002373933792114,-0.24572031199932098
HSNL,104,0.0361270010471344,0.3630537688732147,-0.30683597922325134
HSNL,105,0.03816460072994232,0.3603553771972656,-0.3068358898162842
HSNL,106,0.034777864813804626,0.36203503608703613,-0.3039070665836334
HSNL,107,0.03681546449661255,0.3593365550041199,-0.303907185792923
HSNL,108,0.02175222337245941,0.3220924437046051,-0.3451346755027771
HSNL,109,0.018370777368545532,0.3220924437046051,-0.3451346755027771
HSNL,110,0.02175222337245941,0.3227095901966095,-0.34845948219299316
HSNL,111,0.018370777368545532,0.3227095901966095,-0.34845948219299316
HSNL,112,0.018370777368545532,0.03829718381166458,-0.4986420273780823
HSNL,113,0.02175222337245941,0.03829718381166458,-0.4986420273780823
HSNL,114,0.018370777368545532,0.03743695467710495,-0.49537205696105957
HSNL,115,0.02175222337245941,0.03743695467710495,-0.49537205696105957
HSNL,116,0.02175222337245941,-0.03492031991481781,-0.526847779750824
HSNL,117,0.018370777368545532,-0.03492031991481781,-0.526847779750824
HSNL,118,0.02175222337245941,-0.03405972570180893,-0.5301181077957153
HSNL,119,0.018370777368545532,-0.03405972570180893,-0.5301181077957153
HSNL,120,0.018370777368545532,-0.4709205627441406,-0.656429648399353
HSNL,121,0.021752238273620605,-0.4709205627441406,-0.656429648399353
HSNL,122,0.018370777368545532,-0.4720984697341919,-0.6532598733901978
HSNL,123,0.021752238273620605,-0.4720984697341919,-0.6532598733901978
HSNL,124,0.021752238273620605,-0.533132791519165,-0.6651657819747925
HSNL,125,0.018370777368545532,-0.533132791519165,-0.6651657819747925
HSNL,126,0.021752238273620605,-0.5333487391471863,-0.6685405373573303
HSNL,127,0.018370777368545532,-0.5333487391471863,-0.6685405373573303
HSNL,128,0.018370777368545532,-0.8415776491165161,-0.6645984649658203
HSNL,129,0.021752238273620605,-0.8415776491165161,-0.6645984649658203
HSNL,130,0.018370777368545532,-0.8413613438606262,-0.6612239480018616
HSNL,131,0.021752238273620605,-0.8413613438606262,-0.6612239480018616
HSNL,132,0.021752238273620605,-1.0234283208847046,-0.6346064209938049
HSNL,133,0.018370777368545532,-1.0234283208847046,-0.6346064209938049
HSNL,134,0.021752238273620605,-1.0236444473266602,-0.6379809379577637
HSNL,135,0.018370777368545532,-1.0236444473266602,-0.6379809379577637
HSNL,136,0.018370777368545532,-1.1852047443389893,-0.5998598337173462
HSNL,137,0.021752238273620605,-1.1852047443389893,-0.5998598337173462
HSNL,138,0.018370777368545532,-1.1845887899398804,-0.5965347290039062
HSNL,139,0.021752238273620605,-1.1845887899398804,-0.5965347290039062
HSNL,140,0.021752238273620605,-1.354280948638916,-0.5342197418212891
HSNL,141,0.018370777368545532,-1.354280948638916,-0.5342197418212891
HSNL,142,0.021752238273620605,-1.3548967838287354,-0.5375444889068604
HSNL,143,0.018370777368545532,-1.3548967838287354,-0.5375444889068604
HSNL,144,0.018370777368545532,-1.628570795059204,-0.39857250452041626
HSNL,145,0.021752238273620605,-1.628570795059204,-0.39857250452041626
HSNL,146,0.018370777368545532,-1.6279549598693848,-0.3952476680278778
HSNL,147,0.021752238273620605,-1.6279549598693848,-0.3952476680278778
HSNL,148,0.021752238273620605,-1.675865650177002,-0.37050414085388184
HSNL,149,0.018370777368545532,-1.675865650177002,-0.37050414085388184
HSNL,150,0.021752238273620605,-1.6764814853668213,-0.3738289177417755
HSNL,151,0.018370777368545532,-1.6764814853668213,-0.3738289177417755
HSNL,152,0.018370777368545532,-2.102238893508911,-0.081904336810112
HSNL,153,0.021752238273620605,-2.102238893508911,-0.081904336810112
HSNL,154,0.018370777368545532,-2.101623058319092,-0.07857953011989594
HSNL,155,0.021752238273620605,-2.101623058319092,-0.07857953011989594
HSNL,156,0.021752238273620605,-2.1493477821350098,-0.04693298041820526
HSNL,157,0.018370777368545532,-2.1493477821350098,-0.04693298041820526
HSNL,158,0.021752238273620605,-2.14996337890625,-0.05025796592235565
HSNL,159,0.018370777368545532,-2.14996337890625,-0.05025796592235565
HSNL,160,0.018370777368545532,-2.433739185333252,0.14798183739185333
HSNL,161,0.021752238273620605,-2.433739185333252,0.14798183739185333
HSNL,162,0.018370777368545532,-2.4331233501434326,0.15130670368671417
HSNL,163,0.021752238273620605,-2.4331233501434326,0.15130670368671417
HSNL,164,0.021752238273620605,-2.4788906574249268,0.17917688190937042
HSNL,165,0.018370777368545532,-2.4788906574249268,0.17917688190937042
HSNL,166,0.021752238273620605,-2.4792983531951904,0.17581994831562042
HSNL,167,0.018370777368545532,-2.4792983531951904,0.17581994831562042
HSNL,168,-0.0074120014905929565,-2.6763863563537598,0.25752443075180054
HSNL,169,-0.003975525498390198,-2.6763861179351807,0.257524311542511
HSNL,170,-0.0074120014905929565,-2.674278497695923,0.2601686120033264
HSNL,171,-0.003975525498390198,-2.674278497695923,0.2601686120033264
HSNL,172,-0.0008908212184906006,-2.718031644821167,0.34240013360977173
HSNL,173,-0.003361716866493225,-2.7181813716888428,0.34379440546035767
HSNL,174,-0.000960811972618103,-2.720839738845825,0.34197479486465454
HSNL,175,-0.0034317225217819214,-2.720989227294922,0.34336918592453003
HSNL,176,-0.016619890928268433,-2.6994519233703613,0.3006334900856018
HSNL,177,-0.013165384531021118,-2.699442148208618,0.30063706636428833
HSNL,178,-0.016610875725746155,-2.7016220092773438,0.2979815602302551
HSNL,179,-0.013156384229660034,-2.7016119956970215,0.2979850172996521
HSNL,180,-0.036679089069366455,-2.720863103866577,0.3475467562675476
HSNL,181,-0.035091787576675415,-2.721012592315674,0.3498982787132263
HSNL,182,-0.0364263653755188,-2.7236714363098145,0.34719759225845337
HSNL,183,-0.034839048981666565,-2.723820924758911,0.3495491147041321
HSNL,184,-0.028415754437446594,-2.701888084411621,0.3056178689002991
HSNL,185,-0.02682843804359436,-2.7020375728607178,0.30796951055526733
HSNL,186,-0.026575714349746704,-2.704846143722534,0.30762022733688354
HSNL,187,-0.028163030743598938,-2.7046961784362793,0.3052685856819153
HSNR,0,-0.021323472261428833,-2.6737375259399414,0.2599280774593353
HSNR,1,-0.017886996269226074,-2.6737375259399414,0.2599280774593353
HSNR,2,-0.021323472261428833,-2.675894021987915,0.25732406973838806
HSNR,3,-0.017886996269226074,-2.675894021987915,0.25732406973838806
HSNR,4,-0.01294378936290741,-2.4792983531951904,0.1719895303249359
HSNR,5,-0.01632523536682129,-2.4792983531951904,0.1719895303249359
HSNR,6,-0.01294378936290741,-2.4788904190063477,0.1753462255001068
HSNR,7,-0.01632523536682129,-2.4788904190063477,0.1753462255001068
HSNR,8,-0.01632523536682129,-2.4331233501434326,0.1474761664867401
HSNR,9,-0.01294378936290741,-2.4331233501434326,0.1474761664867401
HSNR,10,-0.01632523536682129,-2.433739185333252,0.14415130019187927
HSNR,11,-0.01294378936290741,-2.433739185333252,0.14415130019187927
HSNR,12,-0.01294378936290741,-2.14996337890625,-0.05408850312232971
HSNR,13,-0.01632523536682129,-2.14996337890625,-0.05408850312232971
HSNR,14,-0.01294378936290741,-2.1493475437164307,-0.0507635772228241
HSNR,15,-0.01632523536682129,-2.1493475437164307,-0.0507635772228241
HSNR,16,-0.01632523536682129,-2.1016228199005127,-0.08240994811058044
HSNR,17,-0.01294378936290741,-2.1016228199005127,-0.08240994811058044
HSNR,18,-0.01632523536682129,-2.102238655090332,-0.08573487401008606
HSNR,19,-0.01294378936290741,-2.102238655090332,-0.08573487401008606
HSNR,20,-0.01294378936290741,-1.6764812469482422,-0.3776594400405884
HSNR,21,-0.01632523536682129,-1.6764812469482422,-0.3776594400405884
HSNR,22,-0.01294378936290741,-1.6758651733398438,-0.3743346035480499
HSNR,23,-0.01632523536682129,-1.6758651733398438,-0.3743346035480499
HSNR,24,-0.01632523536682129,-1.6279547214508057,-0.39907824993133545
HSNR,25,-0.01294378936290741,-1.6279547214508057,-0.39907824993133545
HSNR,26,-0.01632523536682129,-1.628570556640625,-0.40240317583084106
HSNR,27,-0.01294378936290741,-1.628570556640625,-0.40240317583084106
HSNR,28,-0.01294378936290741,-1.3548966646194458,-0.5413750410079956
HSNR,29,-0.01632523536682129,-1.3548966646194458,-0.5413750410079956
HSNR,30,-0.01294378936290741,-1.3542810678482056,-0.5380504131317139
HSNR,31,-0.01632523536682129,-1.3542810678482056,-0.5380504131317139
HSNR,32,-0.01632523536682129,-1.18458890914917,-0.600365400314331
HSNR,33,-0.01294378936290741,-1.18458890914917,-0.600365400314331
HSNR,34,-0.01632523536682129,-1.1852046251296997,-0.6036903858184814
HSNR,35,-0.01294378936290741,-1.1852046251296997,-0.6036903858184814
HSNR,36,-0.01294378936290741,-1.0236443281173706,-0.6418116688728333
HSNR,37,-0.01632523536682129,-1.0236443281173706,-0.6418116688728333
HSNR,38,-0.01294378936290741,-1.0234283208847046,-0.638437032699585
HSNR,39,-0.01632523536682129,-1.0234283208847046,-0.638437032699585
HSNR,40,-0.01632523536682129,-0.8413615226745605,-0.6650545001029968
HSNR,41,-0.01294378936290741,-0.8413615226745605,-0.6650545001029968
HSNR,42,-0.01632523536682129,-0.8415775299072266,-0.6684290766716003
HSNR,43,-0.01294378936290741,-0.8415775299072266,-0.6684290766716003
HSNR,44,-0.01294378936290741,-0.5333486199378967,-0.6723710894584656
HSNR,45,-0.01632523536682129,-0.5333486199378967,-0.6723710894584656
HSNR,46,-0.01294378936290741,-0.5331326723098755,-0.6689963340759277
HSNR,47,-0.01632523536682129,-0.5331326723098755,-0.6689963340759277
HSNR,48,-0.01632523536682129,-0.47209838032722473,-0.6570906639099121
HSNR,49,-0.01294378936290741,-0.47209838032722473,-0.6570906639099121
HSNR,50,-0.01632523536682129,-0.4709204435348511,-0.6602602005004883
HSNR,51,-0.01294378936290741,-0.4709204435348511,-0.6602602005004883
HSNR,52,-0.01294378936290741,-0.03405957669019699,-0.5339487195014954
HSNR,53,-0.0163252055644989,-0.03405957669019699,-0.5339487195014954
HSNR,54,-0.01294378936290741,-0.03492011874914169,-0.5306785106658936
HSNR,55,-0.0163252055644989,-0.03492011874914169,-0.5306785106658936
HSNR,56,-0.0163252055644989,0.037436917424201965,-0.499202698469162
HSNR,57,-0.01294378936290741,0.037436917424201965,-0.499202698469162
HSNR,58,-0.0163252055644989,0.038297392427921295,-0.5024727582931519
HSNR,59,-0.01294378936290741,0.038297392427921295,-0.5024727582931519
HSNR,60,-0.01294378936290741,0.32232359051704407,-0.3549949526786804
HSNR,61,-0.0163252055644989,0.32232359051704407,-0.3549949526786804
HSNR,62,-0.01294378936290741,0.32170605659484863,-0.35167020559310913
HSNR,63,-0.0163252055644989,0.32170605659484863,-0.35167020559310913
HSNR,64,-0.04378713667392731,0.3593367338180542,-0.30390727519989014
HSNR,65,-0.04174955189228058,0.36203503608703613,-0.30390721559524536
HSNR,66,-0.045136287808418274,0.3603554964065552,-0.3068358302116394
HSNR,67,-0.04309868812561035,0.3630538880825043,-0.30683591961860657
HSNR,68,-0.1077369973063469,0.4200238585472107,-0.24572023749351501
HSNR,69,-0.13452811539173126,0.4769500195980072,-0.20024092495441437
HSNR,70,-0.13574714958667755,0.563150942325592,-0.14585095643997192
HSNR,71,-0.10550744086503983,0.4223366975784302,-0.2457202970981598
HSNR,72,-0.13151229918003082,0.4772087335586548,-0.1995953470468521
HSNR,73,-0.13278630375862122,0.5624858140945435,-0.14585115015506744
HSNR,74,-0.10435102134943008,0.42140018939971924,-0.24273087084293365
HSNR,75,-0.13166138529777527,0.47514933347702026,-0.19700759649276733
HSNR,76,-0.13275302946567535,0.5613952279090881,-0.14274047315120697
HSNR,77,-0.10658058524131775,0.41908738017082214,-0.242730975151062
HSNR,78,-0.13467732071876526,0.4748903512954712,-0.19765296578407288
HSNR,79,-0.1357135772705078,0.5620601177215576,-0.14274056255817413
HSNR,80,-0.013531014323234558,-2.7046961784362793,0.30526837706565857
HSNR,81,-0.015118405222892761,-2.704845905303955,0.30762025713920593
HSNR,82,-0.014865636825561523,-2.7020375728607178,0.3079695403575897
HSNR,83,-0.01327824592590332,-2.701888084411621,0.3056177794933319
HSNR,84,-0.006855040788650513,-2.723820686340332,0.3495490252971649
HSNR,85,-0.005267664790153503,-2.7236711978912354,0.3471975028514862
HSNR,86,-0.006602287292480469,-2.721012592315674,0.3498983085155487
HSNR,87,-0.005014970898628235,-2.7208633422851562,0.3475465476512909
HSNR,88,-0.02853773534297943,-2.7016119956970215,0.2979850471019745
HSNR,89,-0.02508319914340973,-2.7016217708587646,0.2979815900325775
HSNR,90,-0.028528690338134766,-2.699441909790039,0.3006370961666107
HSNR,91,-0.025074154138565063,-2.6994519233703613,0.30063340067863464
HSNR,92,-0.03826241195201874,-2.720989465713501,0.3433692157268524
HSNR,93,-0.04073329269886017,-2.720839738845825,0.34197482466697693
HSNR,94,-0.03833231329917908,-2.7181811332702637,0.34379443526268005
HSNR,95,-0.04080326855182648,-2.718031406402588,0.34240004420280457
HSNR,96,0.00684809684753418,-2.730215549468994,0.3817543685436249
HSNR,97,-0.050366923213005066,-2.730215549468994,0.37706610560417175
HSNR,98,0.006595328450202942,-2.7330236434936523,0.3814050853252411
HSNR,99,-0.05029687285423279,-2.7330236434936523,0.3766408860683441
HSNR,100,0.00843532383441925,-2.7300658226013184,0.37940260767936707
HSNR,101,-0.05283772945404053,-2.7300658226013184,0.3756720721721649
HSNR,102,0.008182570338249207,-2.7328741550445557,0.3790535628795624
HSNR,103,-0.05276782810688019,-2.7328743934631348,0.37524649500846863
HSNR,104,0.030101314187049866,-2.735398769378662,0.39701077342033386
HSNR,105,-0.07132160663604736,-2.735398769378662,0.39701077342033386
HSNR,106,0.030370458960533142,-2.7325899600982666,0.39734742045402527
HSNR,107,-0.07159082591533661,-2.7325899600982666,0.39734742045402527
HSNR,108,0.028628602623939514,-2.7355480194091797,0.39943596720695496
HSNR,109,-0.06984896957874298,-2.7355480194091797,0.39943596720695496
HSNR,110,0.02889774739742279,-2.7327394485473633,0.3997724950313568
HSNR,111,-0.07011818885803223,-2.7327394485473633,0.3997724950313568
HSNR,112,0.044178277254104614,-2.73626708984375,0.42542681097984314
HSNR,113,-0.08539856970310211,-2.73626708984375,0.42542681097984314
HSNR,114,0.0438561737537384,-2.7390894889831543,0.4254840314388275
HSNR,115,-0.08507654070854187,-2.7390894889831543,0.4254840314388275
HSNR,116,0.046520382165908813,-2.7365660667419434,0.42384669184684753
HSNR,117,-0.08774073421955109,-2.7365660667419434,0.42384669184684753
HSNR,118,0.046198248863220215,-2.7393884658813477,0.42390379309654236
HSNR,119,-0.08741861581802368,-2.7393884658813477,0.42390379309654236
HSNR,120,0.05157780647277832,-2.743605613708496,0.4547003209590912
HSNR,121,-0.09279818087816238,-2.743605613708496,0.4547003209590912
HSNR,122,0.0518818199634552,-2.740783214569092,0.4548207223415375
HSNR,123,-0.09310226887464523,-2.740783214569092,0.4548207223415375
HSNR,124,0.04875478148460388,-2.7433061599731445,0.45481476187705994
HSNR,125,-0.08997523784637451,-2.7433061599731445,0.45481476187705994
HSNR,126,0.04905897378921509,-2.7404842376708984,0.4549354016780853
HSNR,127,-0.09027932584285736,-2.7404842376708984,0.4549354016780853
HSNR,128,0.04368323087692261,-2.745039224624634,0.4847193658351898
HSNR,129,-0.08490350842475891,-2.745039224624634,0.4847193658351898
HSNR,130,0.04346790909767151,-2.747861385345459,0.4844728410243988
HSNR,131,-0.084688201546669,-2.747861385345459,0.4844728410243988
HSNR,132,0.0462459921836853,-2.7453384399414062,0.48590847849845886
HSNR,133,-0.0874662846326828,-2.7453384399414062,0.48590847849845886
HSNR,134,0.04603070020675659,-2.7481606006622314,0.48566219210624695
HSNR,135,-0.08725105226039886,-2.7481606006622314,0.48566219210624695
HSNR,136,0.030463293194770813,-2.75166392326355,0.5119434595108032
HSNR,137,-0.07168357074260712,-2.75166392326355,0.5119434595108032
HSNR,138,0.030568137764930725,-2.7486133575439453,0.512281060218811
HSNR,139,-0.07178850471973419,-2.7486133575439453,0.512281060218811
HSNR,140,0.02845144271850586,-2.751340389251709,0.5096460580825806
HSNR,141,-0.06967179477214813,-2.751340389251709,0.5096460580825806
HSNR,142,0.02855628728866577,-2.7482893466949463,0.5099836587905884
HSNR,143,-0.06977665424346924,-2.7482893466949463,0.5099836587905884
HSNR,144,0.005817234516143799,-2.751312255859375,0.52691650390625
HSNR,145,-0.047037601470947266,-2.751312255859375,0.52691650390625
HSNR,146,0.005817234516143799,-2.7543630599975586,0.5265630483627319
HSNR,147,-0.047037601470947266,-2.7543630599975586,0.5265630483627319
HSNR,148,0.0070572346448898315,-2.751636028289795,0.5297075510025024
HSNR,149,-0.0482776015996933,-2.751636028289795,0.5297075510025024
HSNR,150,0.0070572346448898315,-2.7546863555908203,0.5293537378311157
HSNR,151,-0.0482776015996933,-2.7546863555908203,0.5293537378311157
HSNR,152,-0.020610138773918152,-2.755443572998047,0.5354447364807129
HSNR,153,-0.020610138773918152,-2.752291679382324,0.5358102321624756
HSNR,154,-0.020610138773918152,-2.7550785541534424,0.5322926044464111
HSNR,155,-0.020610138773918152,-2.7519264221191406,0.5326582193374634
HSNR,156,-0.17633181810379028,0.5869945287704468,-0.09971538186073303
HSNR,157,-0.17955133318901062,0.587038516998291,-0.09970973432064056
HSNR,158,-0.1764327436685562,0.5896940231323242,-0.10169626772403717
HSNR,159,-0.1796523928642273,0.5897380113601685,-0.10169045627117157
HSNR,160,-0.20982414484024048,0.5925871133804321,-0.04417804628610611
HSNR,161,-0.20641033351421356,0.5925866365432739,-0.0415007546544075
HSNR,162,-0.20982125401496887,0.5882485508918762,-0.04418189078569412
HSNR,163,-0.20640751719474792,0.5882481932640076,-0.04150403290987015
HSNR,164,-0.2224617898464203,0.5882135033607483,-0.008842067793011665
HSNR,165,-0.22659502923488617,0.5882135033607483,-0.010160902515053749
HSNR,166,-0.2224631905555725,0.5925524830818176,-0.008837513625621796
HSNR,167,-0.2265964299440384,0.5925522446632385,-0.010156629607081413
HSNR,168,-0.21860338747501373,0.5933359861373901,0.05224468931555748
HSNR,169,-0.21426475048065186,0.5933359861373901,0.05224468931555748
HSNR,170,-0.21860338747501373,0.5892425775527954,0.05368290841579437
HSNR,171,-0.21426475048065186,0.5892425775527954,0.05368290841579437
HSNR,172,-0.2141338437795639,0.597229540348053,0.06478265672922134
HSNR,173,-0.21873436868190765,0.597229540348053,0.06478265672922134
HSNR,174,-0.2141338437795639,0.600918710231781,0.06203358247876167
HSNR,175,-0.21873436868190765,0.600918710231781,0.06203358247876167
HSNR,176,-0.21977598965168,0.611434280872345,0.06646791845560074
HSNR,177,-0.21309222280979156,0.611434280872345,0.06646791845560074
HSNR,178,-0.21977598965168,0.6084840893745422,0.07246529310941696
HSNR,179,-0.21309222280979156,0.6084840893745422,0.07246529310941696
HSNR,180,-0.20272091031074524,0.6290782690048218,0.09415402263402939
HSNR,181,-0.20272091031074524,0.6044684648513794,0.0820479467511177
HSNR,182,-0.23014722764492035,0.6044684648513794,0.0820479467511177
HSNR,183,-0.23014722764492035,0.6290782690048218,0.09415402263402939
HSNR,184,-0.20272091031074524,0.6411845088005066,0.06954433768987656
HSNR,185,-0.20272091031074524,0.6165747046470642,0.057438332587480545
HSNR,186,-0.23014722764492035,0.6165747046470642,0.057438332587480545
HSNR,187,-0.23014722764492035,0.6411845088005066,0.06954433768987656
int1DL,0,0.06945551186800003,-2.32792592048645,0.33242151141166687
int1DL,1,-0.015485614538192749,-2.2486374378204346,0.2619989216327667
int1DL,2,0.009424522519111633,-2.0027425289154053,0.09196974337100983
int1DL,3,0.0070031750947237015,-2.1403841972351074,0.18005695939064026
int1DL,4,0.013251103460788727,-1.6917575597763062,-0.09454432129859924
int1DL,5,0.01506294310092926,-2.3284733295440674,0.33251041173934937
int1DL,6,-0.06902993470430374,-2.250746011734009,0.2551104426383972
int1DL,7,-0.062342576682567596,-2.1472787857055664,0.1683931201696396
int1DL,8,-0.057548027485609055,-2.00919508934021,0.08184799551963806
int1DL,9,-0.05754794552922249,-1.6950862407684326,-0.09797599911689758
int1DL,10,-0.022636927664279938,-2.323531150817871,0.42440903186798096
int1DL,11,-0.09323487430810928,-2.209360122680664,0.36308807134628296
int1DL,12,-0.09447219222784042,-1.6170380115509033,0.03617824986577034
int1DL,13,-0.09412111341953278,-1.933382511138916,0.2256133109331131
int1DL,14,-0.09293899685144424,-2.082230567932129,0.2921079099178314
int1DL,15,-0.023142147809267044,-2.3262670040130615,0.3786894977092743
int1DL,16,-0.09099118411540985,-2.233060359954834,0.3001271188259125
int1DL,17,-0.09099114686250687,-2.1234936714172363,0.21050679683685303
int1DL,18,-0.09099110960960388,-1.9825161695480347,0.13160760700702667
int1DL,19,-0.09099103510379791,-1.667265772819519,-0.04884539544582367
int1DL,20,0.06945551186800003,-2.323531150817871,0.42440903186798096
int1DL,21,-0.015485614538192749,-2.209360122680664,0.36308807134628296
int1DL,22,0.013251103460788727,-1.6170380115509033,0.036178261041641235
int1DL,23,0.009424522519111633,-1.933382511138916,0.2256133258342743
int1DL,24,0.0070031750947237015,-2.082230567932129,0.2921079099178314
int1DL,25,0.01506294310092926,-2.3262670040130615,0.3786894977092743
int1DL,26,-0.06902993470430374,-2.233060359954834,0.3001271188259125
int1DL,27,-0.062342576682567596,-2.1234936714172363,0.21050679683685303
int1DL,28,-0.057548027485609055,-1.9825161695480347,0.13160760700702667
int1DL,29,-0.05754794552922249,-1.667265772819519,-0.04884539544582367
int1DL,30,-0.015694085508584976,-2.323531150817871,0.42440903186798096
int1DL,31,-0.08737336099147797,-2.209360122680664,0.36308807134628296
int1DL,32,-0.0863509476184845,-1.6170380115509033,0.03617824986577034
int1DL,33,-0.08631481230258942,-1.933382511138916,0.2256133109331131
int1DL,34,-0.08540435880422592,-2.082230567932129,0.2921079099178314
int1DL,35,-0.020261868834495544,-2.3262670040130615,0.3786894977092743
int1DL,36,-0.08933552354574203,-2.233060359954834,0.3001271188259125
int1DL,37,-0.0888313353061676,-2.1234936714172363,0.21050679683685303
int1DL,38,-0.08846984803676605,-1.9825161695480347,0.13160760700702667
int1DL,39,-0.08846976608037949,-1.667265772819519,-0.04884539544582367
int1DL,40,0.06945551186800003,-2.3275651931762695,0.3399718999862671
int1DL,41,-0.015485614538192749,-2.2454135417938232,0.2702963948249817
int1DL,42,0.009424522519111633,-1.997049331665039,0.10293933004140854
int1DL,43,0.0070031750947237015,-2.135610818862915,0.18925419449806213
int1DL,44,0.013251103460788727,-1.685624599456787,-0.08381448686122894
int1DL,45,0.01506294310092926,-2.32829213142395,0.3363008201122284
int1DL,46,-0.06902993470430374,-2.2492942810058594,0.25880545377731323
int1DL,47,-0.062342576682567596,-2.1453263759613037,0.17184984683990479
int1DL,48,-0.057548027485609055,-2.007005453109741,0.08593229949474335
int1DL,49,-0.05754794552922249,-1.6928026676177979,-0.09394329786300659
int1DL,50,0.012982973828911781,-1.7135485410690308,-0.0814751461148262
int1DL,51,-0.057547952979803085,-1.7170960903167725,-0.0853755995631218
int1DL,52,-0.09444759041070938,-1.639204502105713,0.04945210739970207
int1DL,53,-0.09099104255437851,-1.6893556118011475,-0.036200929433107376
int1DL,54,0.012982973828911781,-1.639204502105713,0.049452122300863266
int1DL,55,-0.057547952979803085,-1.6893556118011475,-0.036200929433107376
int1DL,56,-0.08634841442108154,-1.639204502105713,0.04945210739970207
int1DL,57,-0.08846976608037949,-1.6893556118011475,-0.036200929433107376
int1DL,58,0.012982973828911781,-1.7074463367462158,-0.07072853296995163
int1DL,59,-0.057547952979803085,-1.7148191928863525,-0.0813392698764801
int1DL,60,0.05093374103307724,-2.3106367588043213,0.317065566778183
int1DL,61,0.009041696786880493,-2.311096429824829,0.31556349992752075
int1DL,62,-0.03803110867738724,-2.298635721206665,0.41103771328926086
int1DL,63,-0.03754185512661934,-2.304826498031616,0.3758975863456726
int1DL,64,0.05093374103307724,-2.298635721206665,0.41103771328926086
int1DL,65,0.009041696786880493,-2.304826498031616,0.3758975863456726
int1DL,66,-0.031324055045843124,-2.298635721206665,0.41103771328926086
int1DL,67,-0.034029923379421234,-2.304826498031616,0.3758975863456726
int1DL,68,0.05093374103307724,-2.3096516132354736,0.32477888464927673
int1DL,69,0.009041696786880493,-2.310581922531128,0.32051578164100647
int1DR,0,-0.12443412095308304,-1.6672656536102295,-0.048845428973436356
int1DR,1,-0.1244342029094696,-1.9825160503387451,0.13160762190818787
int1DR,2,-0.11963973194360733,-2.1234936714172363,0.21050679683685303
int1DR,3,-0.11295245587825775,-2.233060121536255,0.3001271188259125
int1DR,4,-0.06226813420653343,-2.3261778354644775,0.37983518838882446
int1DR,5,-0.19288116693496704,-2.08223032951355,0.29210788011550903
int1DR,6,-0.197666734457016,-1.9333823919296265,0.2256132960319519
int1DR,7,-0.20219549536705017,-1.6170380115509033,0.03617822751402855
int1DR,8,-0.17098413407802582,-2.209360122680664,0.36308807134628296
int1DR,9,-0.1147293671965599,-2.323530912399292,0.42440900206565857
int1DR,10,-0.09099103510379791,-1.6672656536102295,-0.048845428973436356
int1DR,11,-0.09099111706018448,-1.9825160503387451,0.13160762190818787
int1DR,12,-0.09099115431308746,-2.1234936714172363,0.21050679683685303
int1DR,13,-0.09099119156599045,-2.233060121536255,0.3001271188259125
int1DR,14,-0.023110590875148773,-2.3261778354644775,0.37983518838882446
int1DR,15,-0.09293899685144424,-2.08223032951355,0.2921079099178314
int1DR,16,-0.09412110596895218,-1.9333823919296265,0.2256133109331131
int1DR,17,-0.09447219222784042,-1.6170378923416138,0.03617823123931885
int1DR,18,-0.09323487430810928,-2.209360122680664,0.36308807134628296
int1DR,19,-0.022636935114860535,-2.323530912399292,0.42440900206565857
int1DR,20,-0.12443410605192184,-1.6950860023498535,-0.09797607362270355
int1DR,21,-0.12443419545888901,-2.00919508934021,0.08184796571731567
int1DR,22,-0.11963972449302673,-2.1472785472869873,0.1683931052684784
int1DR,23,-0.11295245587825775,-2.2507457733154297,0.2551104426383972
int1DR,24,-0.06226812303066254,-2.3284389972686768,0.33250486850738525
int1DR,25,-0.20219546556472778,-1.6917575597763062,-0.09454439580440521
int1DR,26,-0.19288113713264465,-2.1403839588165283,0.18005691468715668
int1DR,27,-0.1976667046546936,-2.002742290496826,0.09196969866752625
int1DR,28,-0.17098410427570343,-2.2486374378204346,0.2619989216327667
int1DR,29,-0.11472934484481812,-2.327925682067871,0.3324214816093445
int1DR,30,-0.09362862259149551,-1.6672656536102295,-0.048845428973436356
int1DR,31,-0.09362870454788208,-1.9825160503387451,0.13160762190818787
int1DR,32,-0.09325060248374939,-2.1234936714172363,0.21050679683685303
int1DR,33,-0.09272322803735733,-2.233060121536255,0.3001271188259125
int1DR,34,-0.026198849081993103,-2.3261778354644775,0.37983518838882446
int1DR,35,-0.10082121193408966,-2.08223032951355,0.2921079099178314
int1DR,36,-0.10228751599788666,-1.9333823919296265,0.2256133109331131
int1DR,37,-0.10296808183193207,-1.6170378923416138,0.03617823123931885
int1DR,38,-0.09936679154634476,-2.209360122680664,0.36308807134628296
int1DR,39,-0.02990005910396576,-2.323530912399292,0.42440900206565857
int1DR,40,-0.12443410605192184,-1.6917954683303833,-0.09216491878032684
int1DR,41,-0.12443419545888901,-2.006039619445801,0.08773351460695267
int1DR,42,-0.11963972449302673,-2.144465446472168,0.17337428033351898
int1DR,43,-0.11295245587825775,-2.2486538887023926,0.26043498516082764
int1DR,44,-0.06226812303066254,-2.328171491622925,0.3381030559539795
int1DR,45,-0.20219546556472778,-1.6829197406768799,-0.07908256351947784
int1DR,46,-0.19288113713264465,-2.1335055828094482,0.19331024587154388
int1DR,47,-0.1976667046546936,-1.994538426399231,0.10777701437473297
int1DR,48,-0.17098410427570343,-2.2439916133880615,0.27395570278167725
int1DR,49,-0.11472934484481812,-2.3274059295654297,0.3433017134666443
int1DR,50,-0.12443412840366364,-1.7030935287475586,-0.028337085619568825
int1DR,51,-0.20168080925941467,-1.6529902219772339,0.05770736187696457
int1DR,52,-0.09099104255437851,-1.7030935287475586,-0.028337085619568825
int1DR,53,-0.0944322943687439,-1.6529902219772339,0.05770737677812576
int1DR,54,-0.12443411350250244,-1.730784296989441,-0.07753919064998627
int1DR,55,-0.20168077945709229,-1.7271007299423218,-0.07334719598293304
int1DR,56,-0.09362863004207611,-1.7030935287475586,-0.028337085619568825
int1DR,57,-0.1028907373547554,-1.6529902219772339,0.05770737677812576
int1DR,58,-0.12443411350250244,-1.7275091409683228,-0.07171959429979324
int1DR,59,-0.20168077945709229,-1.7183349132537842,-0.05784611031413078
int1DR,60,-0.08528142422437668,-2.301948308944702,0.37285903096199036
int1DR,61,-0.12875996530056,-2.295055389404297,0.409114807844162
int1DR,62,-0.03968527913093567,-2.301948308944702,0.37285903096199036
int1DR,63,-0.04024488478899002,-2.295055389404297,0.409114807844162
int1DR,64,-0.08528141677379608,-2.308676242828369,0.3131392002105713
int1DR,65,-0.1287599354982376,-2.308150291442871,0.31485727429389954
int1DR,66,-0.04328135401010513,-2.301948308944702,0.37285903096199036
int1DR,67,-0.04722587764263153,-2.295055389404297,0.409114807844162
int1DR,68,-0.08528141677379608,-2.307880401611328,0.32020285725593567
int1DR,69,-0.1287599354982376,-2.3066015243530273,0.3260060250759125
int1DR,70,-0.06885700672864914,-1.7762259244918823,0.13088658452033997
int1VL,0,-0.0226368959993124,-2.33232045173645,0.2404339760541916
int1VL,1,-0.0932348445057869,-2.287914514541626,0.1609097421169281
int1VL,2,-0.0941210687160492,-2.0721020698547363,-0.041673850268125534
int1VL,3,-0.09293895959854126,-2.1985373497009277,0.06800595670938492
int1VL,4,-0.09447216987609863,-1.7664768695831299,-0.2252669483423233
int1VL,5,-0.02311365306377411,-2.330698251724243,0.2852875590324402
int1VL,6,-0.09099117666482925,-2.2684314250946045,0.21009373664855957
int1VL,7,-0.09099113941192627,-2.1710634231567383,0.12627939879894257
int1VL,8,-0.09099109470844269,-2.035874128341675,0.032088324427604675
int1VL,9,-0.09099101275205612,-1.7229063510894775,-0.14710666239261627
int1VL,10,0.06945551931858063,-2.327925682067871,0.3324214816093445
int1VL,11,-0.015485613606870174,-2.2486371994018555,0.26199889183044434
int1VL,12,0.009424522519111633,-2.002742290496826,0.09196972846984863
int1VL,13,0.007003178820014,-2.1403839588165283,0.18005692958831787
int1VL,14,0.013251109048724174,-1.691757321357727,-0.09454435110092163
int1VL,15,0.015950800850987434,-2.328442335128784,0.33250540494918823
int1VL,16,-0.06902992725372314,-2.2507457733154297,0.2551104426383972
int1VL,17,-0.0623425729572773,-2.1472785472869873,0.1683931052684784
int1VL,18,-0.057548023760318756,-2.00919508934021,0.08184798061847687
int1VL,19,-0.05754794552922249,-1.6950860023498535,-0.09797603636980057
int1VL,20,0.06945551931858063,-2.33232045173645,0.24043400585651398
int1VL,21,-0.015485613606870174,-2.287914514541626,0.1609097719192505
int1VL,22,0.009424522519111633,-2.0721020698547363,-0.04167382791638374
int1VL,23,0.007003178820014,-2.1985373497009277,0.06800597906112671
int1VL,24,0.013251109048724174,-1.7664768695831299,-0.2252669483423233
int1VL,25,0.015950800850987434,-2.330698251724243,0.2852875590324402
int1VL,26,-0.06902992725372314,-2.2684314250946045,0.21009376645088196
int1VL,27,-0.0623425729572773,-2.1710634231567383,0.12627941370010376
int1VL,28,-0.057548023760318756,-2.035874128341675,0.03208836168050766
int1VL,29,-0.05754794552922249,-1.722906470298767,-0.14710663259029388
int1VL,30,0.06945551931858063,-2.328404188156128,0.3224049210548401
int1VL,31,-0.015485613606870174,-2.2529141902923584,0.25099125504493713
int1VL,32,0.009424522519111633,-2.0102949142456055,0.07741718739271164
int1VL,33,0.007003178820014,-2.146716356277466,0.1678556352853775
int1VL,34,0.013251109048724174,-1.699893593788147,-0.10877883434295654
int1VL,35,0.015950800850987434,-2.328687906265259,0.3273637890815735
int1VL,36,-0.06902992725372314,-2.252671480178833,0.2502085566520691
int1VL,37,-0.0623425729572773,-2.1498684883117676,0.16380730271339417
int1VL,38,-0.057548023760318756,-2.0120999813079834,0.07642962038516998
int1VL,39,-0.05754794552922249,-1.698115348815918,-0.10332588851451874
int1VL,40,-0.009020459838211536,-2.33232045173645,0.2404339760541916
int1VL,41,-0.08173913508653641,-2.287914514541626,0.1609097421169281
int1VL,42,-0.07881121337413788,-2.0721020698547363,-0.041673850268125534
int1VL,43,-0.07816188782453537,-2.1985373497009277,0.06800597161054611
int1VL,44,-0.07854461669921875,-1.7664768695831299,-0.2252669483423233
int1VL,45,-0.017337730154395103,-2.330698251724243,0.2852875590324402
int1VL,46,-0.08774406462907791,-2.2684314250946045,0.21009373664855957
int1VL,47,-0.08675526827573776,-2.1710634231567383,0.12627941370010376
int1VL,48,-0.08604632318019867,-2.035874128341675,0.032088324427604675
int1VL,49,-0.0860462486743927,-1.7229063510894775,-0.14710666239261627
int1VL,50,-0.09443939477205276,-1.7950034141540527,-0.20813071727752686
int1VL,51,-0.09099102765321732,-1.7521182298660278,-0.13038089871406555
int1VL,52,0.012893937528133392,-1.7207841873168945,-0.07713545113801956
int1VL,53,-0.05754794925451279,-1.7244043350219727,-0.08119157701730728
int1VL,54,0.012893937528133392,-1.7950034141540527,-0.20813068747520447
int1VL,55,-0.05754794925451279,-1.7521182298660278,-0.13038085401058197
int1VL,56,0.012893937528133392,-1.7288658618927002,-0.09139963984489441
int1VL,57,-0.05754794925451279,-1.7274221181869507,-0.0865478441119194
int1VL,58,-0.07856950163841248,-1.7950034141540527,-0.20813071727752686
int1VL,59,-0.0860462635755539,-1.7521182298660278,-0.13038089871406555
int1VL,60,-0.04401831328868866,-2.31887149810791,0.21634913980960846
int1VL,61,-0.04333879426121712,-2.312058925628662,0.25033411383628845
int1VL,62,0.043730102479457855,-2.3039121627807617,0.31109321117401123
int1VL,63,0.0005742879584431648,-2.304550886154175,0.309006929397583
int1VL,64,0.043730102479457855,-2.31887149810791,0.21634916961193085
int1VL,65,0.0005742879584431648,-2.312058925628662,0.25033414363861084
int1VL,66,0.043730102479457855,-2.3055412769317627,0.30077648162841797
int1VL,67,0.0005742879584431648,-2.305368423461914,0.30261799693107605
int1VL,68,-0.031044160947203636,-2.31887149810791,0.21634913980960846
int1VL,69,-0.03684597089886665,-2.312058925628662,0.25033411383628845
int1VR,0,-0.022636890411376953,-2.3323206901550293,0.24043403565883636
int1VR,1,-0.0932348445057869,-2.287914752960205,0.16090978682041168
int1VR,2,-0.0941210687160492,-2.0721023082733154,-0.04167383909225464
int1VR,3,-0.09293895959854126,-2.198537588119507,0.06800597161054611
int1VR,4,-0.09447216242551804,-1.766477108001709,-0.2252669781446457
int1VR,5,-0.02305583655834198,-2.3307363986968994,0.28316888213157654
int1VR,6,-0.09099117666482925,-2.2684316635131836,0.21009376645088196
int1VR,7,-0.09099113941192627,-2.1710636615753174,0.12627942860126495
int1VR,8,-0.09099109470844269,-2.035874128341675,0.032088350504636765
int1VR,9,-0.09099101275205612,-1.7229065895080566,-0.14710663259029388
int1VR,10,-0.11472932994365692,-2.32792592048645,0.33242151141166687
int1VR,11,-0.17098410427570343,-2.2486374378204346,0.2619989216327667
int1VR,12,-0.1976666897535324,-2.002742290496826,0.09196972101926804
int1VR,13,-0.19288112223148346,-2.1403841972351074,0.18005692958831787
int1VR,14,-0.20219546556472778,-1.6917575597763062,-0.09454437345266342
int1VR,15,-0.06386478990316391,-2.3283798694610596,0.3324952721595764
int1VR,16,-0.11295244097709656,-2.250746011734009,0.2551104426383972
int1VR,17,-0.11963971704244614,-2.1472785472869873,0.1683931201696396
int1VR,18,-0.12443418800830841,-2.00919508934021,0.08184798806905746
int1VR,19,-0.12443409860134125,-1.695086121559143,-0.09797605127096176
int1VR,20,-0.11472930014133453,-2.3323206901550293,0.24043400585651398
int1VR,21,-0.17098408937454224,-2.287914752960205,0.1609097719192505
int1VR,22,-0.19766667485237122,-2.0721023082733154,-0.041673868894577026
int1VR,23,-0.19288109242916107,-2.198537588119507,0.06800594925880432
int1VR,24,-0.2021954357624054,-1.766477108001709,-0.22526700794696808
int1VR,25,-0.06386477500200272,-2.3307363986968994,0.28316885232925415
int1VR,26,-0.11295243352651596,-2.2684316635131836,0.21009376645088196
int1VR,27,-0.11963971704244614,-2.1710636615753174,0.12627939879894257
int1VR,28,-0.12443417310714722,-2.035874128341675,0.032088324427604675
int1VR,29,-0.12443409115076065,-1.7229065895080566,-0.14710666239261627
int1VR,30,-0.11472932994365692,-2.3284494876861572,0.32146012783050537
int1VR,31,-0.17098410427570343,-2.2533178329467773,0.24995297193527222
int1VR,32,-0.1976666897535324,-2.01100754737854,0.07604450732469559
int1VR,33,-0.19288112223148346,-2.1473138332366943,0.16670472919940948
int1VR,34,-0.20219546556472778,-1.700661301612854,-0.11012151837348938
int1VR,35,-0.06386478990316391,-2.328660726547241,0.32661744952201843
int1VR,36,-0.11295244097709656,-2.2528533935546875,0.2497461885213852
int1VR,37,-0.11963971704244614,-2.1501128673553467,0.16337476670742035
int1VR,38,-0.12443418800830841,-2.0123744010925293,0.0759185403585434
int1VR,39,-0.12443409860134125,-1.6984012126922607,-0.10383056104183197
int1VR,40,-0.025285564363002777,-2.3323206901550293,0.24043403565883636
int1VR,41,-0.09547099471092224,-2.287914752960205,0.16090978682041168
int1VR,42,-0.09709914773702621,-2.0721023082733154,-0.04167383909225464
int1VR,43,-0.09581339359283447,-2.198537588119507,0.06800597161054611
int1VR,44,-0.09757039695978165,-1.766477108001709,-0.2252669781446457
int1VR,45,-0.024229541420936584,-2.3307363986968994,0.28316888213157654
int1VR,46,-0.09162280708551407,-2.2684316635131836,0.21009376645088196
int1VR,47,-0.09181509912014008,-2.1710636615753174,0.12627942860126495
int1VR,48,-0.09195294976234436,-2.035874128341675,0.032088350504636765
int1VR,49,-0.09195287525653839,-1.7229065895080566,-0.14710663259029388
int1VR,50,-0.09443963319063187,-1.7947925329208374,-0.2082575112581253
int1VR,51,-0.09099102020263672,-1.7519022226333618,-0.13050466775894165
int1VR,52,-0.20177589356899261,-1.7205696105957031,-0.07726427167654037
int1VR,53,-0.12443410605192184,-1.7241876125335693,-0.0813157856464386
int1VR,54,-0.20177584886550903,-1.7947925329208374,-0.2082575410604477
int1VR,55,-0.12443409860134125,-1.7519023418426514,-0.13050469756126404
int1VR,56,-0.20177589356899261,-1.7294141054153442,-0.09287368506193161
int1VR,57,-0.12443410605192184,-1.7274900674819946,-0.08717722445726395
int1VR,58,-0.09752673655748367,-1.7947925329208374,-0.2082575112581253
int1VR,59,-0.09195288270711899,-1.7519022226333618,-0.13050466775894165
int1VR,60,-0.04215482622385025,-2.3200438022613525,0.21844826638698578
int1VR,61,-0.04153454303741455,-2.313710927963257,0.25185778737068176
int1VR,62,-0.13028186559677124,-2.3060052394866943,0.31295207142829895
int1VR,63,-0.08627878129482269,-2.3065881729125977,0.31104767322540283
int1VR,64,-0.13028183579444885,-2.3200438022613525,0.21844825148582458
int1VR,65,-0.0862787738442421,-2.313710927963257,0.2518577575683594
int1VR,66,-0.13028186559677124,-2.30767822265625,0.30169081687927246
int1VR,67,-0.08627878129482269,-2.307436943054199,0.30399447679519653
int1VR,68,-0.04468945413827896,-2.3200438022613525,0.21844826638698578
int1VR,69,-0.04282142221927643,-2.313710927963257,0.25185778737068176
int2D,0,-0.19262930750846863,-1.3737345933914185,-0.27632272243499756
int2D,1,-0.20219546556472778,-1.6917576789855957,-0.09454438835382462
int2D,2,-0.20743292570114136,-0.9806405901908875,-0.41533154249191284
int2D,3,-0.12443409860134125,-1.6950862407684326,-0.09797607362270355
int2D,4,-0.12443393468856812,-1.373792052268982,-0.27991047501564026
int2D,5,-0.12443366646766663,-1.0937366485595703,-0.3878125250339508
int2D,6,-0.12968073785305023,-0.9809558987617493,-0.41684409976005554
int2D,7,-0.05754794180393219,-1.6950862407684326,-0.09797602891921997
int2D,8,-0.05754777044057846,-1.3737921714782715,-0.27991044521331787
int2D,9,-0.05754750594496727,-1.0937366485595703,-0.3878125250339508
int2D,10,-0.059049587696790695,-0.9809558987617493,-0.41684409976005554
int2D,11,0.010321006178855896,-1.3737345933914185,-0.27632269263267517
int2D,12,0.013251103460788727,-1.6917576789855957,-0.09454436600208282
int2D,13,0.021558411419391632,-0.9806405901908875,-0.41533151268959045
int2D,14,-0.20219548046588898,-1.6170381307601929,0.03617822006344795
int2D,15,0.013251103460788727,-1.6170380115509033,0.03617824986577034
int2D,16,-0.19262933731079102,-1.30665123462677,-0.14152202010154724
int2D,17,0.010321006178855896,-1.30665123462677,-0.14152199029922485
int2D,18,-0.05754794180393219,-1.667265772819519,-0.048845432698726654
int2D,19,-0.12443411350250244,-1.667265772819519,-0.048845432698726654
int2D,20,-0.12443394213914871,-1.348466396331787,-0.2294485718011856
int2D,21,-0.05754777044057846,-1.348466396331787,-0.2294485718011856
int2D,22,-0.05754750594496727,-1.0815211534500122,-0.33268922567367554
int2D,23,-0.12443368136882782,-1.0815211534500122,-0.33268922567367554
int2D,24,-0.20743297040462494,-0.9646093845367432,-0.25817641615867615
int2D,25,0.021558411419391632,-0.9646093845367432,-0.25817638635635376
int2D,26,-0.12968075275421143,-0.9745906591415405,-0.36105337738990784
int2D,27,-0.059049587696790695,-0.9745906591415405,-0.36105337738990784
int2D,28,-0.200031116604805,-1.0971797704696655,-0.38517525792121887
int2D,29,-0.20003116130828857,-1.0556224584579468,-0.23919734358787537
int2D,30,0.015939712524414062,-1.0556223392486572,-0.23919731378555298
int2D,31,0.015939712524414062,-1.0971797704696655,-0.3851752281188965
int2D,32,-0.20157389342784882,-1.6710938215255737,-0.10635555535554886
int2D,33,-0.12443409115076065,-1.6742098331451416,-0.1097973957657814
int2D,34,-0.057547930628061295,-1.6742099523544312,-0.10979734361171722
int2D,35,0.013060718774795532,-1.6710938215255737,-0.10635553300380707
int2D,36,0.013060718774795532,-1.5968704223632812,0.0246320478618145
int2D,37,-0.2015739232301712,-1.5968704223632812,0.02463201992213726
int2D,38,-0.12443410605192184,-1.646551489830017,-0.060580261051654816
int2D,39,-0.057547930628061295,-1.646551489830017,-0.060580261051654816
int2D,40,-0.12862804532051086,-1.00358247756958,-0.4110196530818939
int2D,41,-0.05874823406338692,-1.00358247756958,-0.41101962327957153
int2D,42,-0.12862806022167206,-0.9960435628890991,-0.35536283254623413
int2D,43,-0.05874823406338692,-0.9960435628890991,-0.35536283254623413
int2D,44,-0.20594795048236847,-1.004021167755127,-0.409281462430954
int2D,45,-0.20594799518585205,-0.9828687906265259,-0.25436875224113464
int2D,46,0.020431160926818848,-0.9828687906265259,-0.25436872243881226
int2D,47,0.020431160926818848,-1.004021167755127,-0.4092814326286316
int2D,48,-0.05754794180393219,-1.6904494762420654,-0.08978758752346039
int2D,49,-0.05754777044057846,-1.3695712089538574,-0.2715001404285431
int2D,50,-0.05754750594496727,-1.091700792312622,-0.3786253333091736
int2D,51,-0.059049587696790695,-0.9798950552940369,-0.40754562616348267
int2D,52,0.010321006178855896,-1.3625539541244507,-0.2538559138774872
int2D,53,0.013251103460788727,-1.6793043613433838,-0.07275725901126862
int2D,54,0.021558411419391632,-0.9779687523841858,-0.38913899660110474
int2D,55,0.015939712524414062,-1.090253472328186,-0.36084556579589844
int2D,56,-0.057547930628061295,-1.669600248336792,-0.1015944853425026
int2D,57,0.013060718774795532,-1.65872323513031,-0.08452427387237549
int2D,58,-0.05874823406338692,-1.0023260116577148,-0.40174350142478943
int2D,59,0.020431160926818848,-1.0004957914352417,-0.3834626376628876
int2D,60,-0.19262930750846863,-1.3634856939315796,-0.25572818517684937
int2D,61,-0.20219546556472778,-1.6803420782089233,-0.07457286864519119
int2D,62,-0.20743294060230255,-0.9781914353370667,-0.39132171869277954
int2D,63,-0.12443409860134125,-1.6908358335494995,-0.09047002345323563
int2D,64,-0.12443393468856812,-1.3699228763580322,-0.2722010314464569
int2D,65,-0.12443366646766663,-1.0918704271316528,-0.3793909251689911
int2D,66,-0.12968073785305023,-0.9799834489822388,-0.40832051634788513
int2D,67,-0.2000311315059662,-1.090830683708191,-0.3628730773925781
int2D,68,-0.20157389342784882,-1.6597541570663452,-0.08634357899427414
int2D,69,-0.12443409115076065,-1.6699843406677246,-0.10227812081575394
int2D,70,-0.12862804532051086,-1.0024306774139404,-0.40251651406288147
int2D,71,-0.20594795048236847,-1.0007896423339844,-0.3856142461299896
int2V,0,-0.059049587696790695,-0.9873208403587341,-0.47263479232788086
int2V,1,-0.12968072295188904,-0.9873208403587341,-0.47263479232788086
int2V,2,-0.20743289589881897,-0.996671736240387,-0.5724866390228271
int2V,3,0.021558411419391632,-0.9966716766357422,-0.5724865794181824
int2V,4,-0.05754777044057846,-1.3991175889968872,-0.33037227392196655
int2V,5,-0.12443391978740692,-1.3991175889968872,-0.3303723931312561
int2V,6,-0.12443409115076065,-1.722906470298767,-0.14710664749145508
int2V,7,-0.05754794180393219,-1.722906470298767,-0.1471065729856491
int2V,8,0.010321006178855896,-1.4408177137374878,-0.4111233949661255
int2V,9,-0.19262927770614624,-1.4408177137374878,-0.41112345457077026
int2V,10,-0.2021954357624054,-1.7664769887924194,-0.2252669632434845
int2V,11,0.013251103460788727,-1.7664769887924194,-0.22526691854000092
int2V,12,0.021558411419391632,-0.9806404113769531,-0.41533148288726807
int2V,13,0.013251103460788727,-1.6917574405670166,-0.09454432129859924
int2V,14,0.010321006178855896,-1.3737343549728394,-0.2763226628303528
int2V,15,-0.059049587696790695,-0.9809557199478149,-0.41684406995773315
int2V,16,-0.05754777044057846,-1.3737919330596924,-0.2799104154109955
int2V,17,-0.05754794180393219,-1.6950860023498535,-0.09797598421573639
int2V,18,-0.12968073785305023,-0.9809557199478149,-0.41684406995773315
int2V,19,-0.12443393468856812,-1.3737918138504028,-0.27991047501564026
int2V,20,-0.12443409860134125,-1.6950860023498535,-0.09797602891921997
int2V,21,-0.20743292570114136,-0.9806404709815979,-0.41533154249191284
int2V,22,-0.20219546556472778,-1.6917574405670166,-0.09454435110092163
int2V,23,-0.19262930750846863,-1.3737343549728394,-0.27632272243499756
int2V,24,-0.20640824735164642,-1.0274139642715454,-0.5613176226615906
int2V,25,0.020780600607395172,-1.0274139642715454,-0.5613175630569458
int2V,26,0.020780600607395172,-1.0078489780426025,-0.40570980310440063
int2V,27,-0.2064082771539688,-1.007849097251892,-0.405709832906723
int2V,28,-0.058945637196302414,-1.0081464052200317,-0.40736597776412964
int2V,29,-0.12931756675243378,-1.0081465244293213,-0.407366007566452
int2V,30,-0.12931755185127258,-1.0158240795135498,-0.4627878665924072
int2V,31,-0.058945637196302414,-1.0158240795135498,-0.4627878665924072
int2V,32,-0.057547930628061295,-1.6988592147827148,-0.1607174128293991
int2V,33,-0.12443408370018005,-1.6988592147827148,-0.16071747243404388
int2V,34,0.013033494353294373,-1.7422908544540405,-0.23907016217708588
int2V,35,-0.20148496329784393,-1.7422908544540405,-0.23907020688056946
int2V,36,0.013033494353294373,-1.6681383848190308,-0.10804471373558044
int2V,37,-0.057547930628061295,-1.6712241172790527,-0.11148793995380402
int2V,38,-0.12443409115076065,-1.6712239980697632,-0.11148800700902939
int2V,39,-0.20148500800132751,-1.6681383848190308,-0.10804474353790283
int2V,40,0.021558403968811035,-0.9840124845504761,-0.4483882486820221
int2V,41,0.013251103460788727,-1.7074742317199707,-0.12204114347696304
int2V,42,0.010321006178855896,-1.3878450393676758,-0.3046773076057434
int2V,43,-0.059049587696790695,-0.9822946190834045,-0.4285793602466583
int2V,44,-0.05754777044057846,-1.3791190385818481,-0.29052481055259705
int2V,45,-0.05754794180393219,-1.7009378671646118,-0.10831034183502197
int2V,46,0.020780600607395172,-1.0119644403457642,-0.43844106793403625
int2V,47,-0.058945637196302414,-1.0097614526748657,-0.41902369260787964
int2V,48,0.013033494353294373,-1.683735966682434,-0.13560523092746735
int2V,49,-0.057547930628061295,-1.677037000656128,-0.12184309959411621
int2V,50,-0.12968073785305023,-0.9816141724586487,-0.42261549830436707
int2V,51,-0.12443393468856812,-1.37641179561615,-0.28513064980506897
int2V,52,-0.12443409860134125,-1.6979639530181885,-0.10305850207805634
int2V,53,-0.20743292570114136,-0.9822988510131836,-0.43158894777297974
int2V,54,-0.20219546556472778,-1.6994869709014893,-0.10806737840175629
int2V,55,-0.19262930750846863,-1.3806740045547485,-0.29026761651039124
int2V,56,-0.2064082771539688,-1.0098730325698853,-0.4218071699142456
int2V,57,-0.12931756675243378,-1.0089406967163086,-0.4130992889404297
int2V,58,-0.12443409115076065,-1.67408287525177,-0.11658070236444473
int2V,59,-0.20148500800132751,-1.6758092641830444,-0.12159908562898636
int3D,0,-0.22172869741916656,-0.31200456619262695,-0.36739012598991394
int3D,1,0.006879821419715881,-0.31200456619262695,-0.36739009618759155
int3D,2,-0.22172874212265015,-0.36361873149871826,-0.2170935869216919
int3D,3,0.006879821419715881,-0.36361873149871826,-0.2170935869216919
int3D,4,-0.20638172328472137,-0.9450316429138184,-0.4210592806339264
int3D,5,0.02029230445623398,-0.9450315833091736,-0.4210592210292816
int3D,6,-0.20638175308704376,-0.9323488473892212,-0.2652243673801422
int3D,7,0.02029230445623398,-0.9323488473892212,-0.2652243375778198
int3D,8,-0.13230426609516144,-0.8928127884864807,-0.4313599169254303
int3D,9,-0.05980062857270241,-0.8928127884864807,-0.4313598871231079
int3D,10,-0.13230426609516144,-0.8893727660179138,-0.3752354383468628
int3D,11,-0.05980062857270241,-0.8893727660179138,-0.3752354383468628
int3D,12,-0.20218870043754578,-0.8029963374137878,-0.44390565156936646
int3D,13,-0.21945860981941223,-0.40098434686660767,-0.40095266699790955
int3D,14,-0.20743292570114136,-0.9806404113769531,-0.4153316020965576
int3D,15,-0.22215384244918823,-0.29534077644348145,-0.36110466718673706
int3D,16,-0.13492779433727264,-0.8046697378158569,-0.4458756446838379
int3D,17,-0.14729031920433044,-0.40257832407951355,-0.39711952209472656
int3D,18,-0.12968072295188904,-0.9809557199478149,-0.41684412956237793
int3D,19,-0.15072102844715118,-0.30273211002349854,-0.3383484184741974
int3D,20,0.015242092311382294,-0.8029963374137878,-0.4439055621623993
int3D,21,0.008131824433803558,-0.40098440647125244,-0.40095260739326477
int3D,22,0.021558411419391632,-0.9806404113769531,-0.41533154249191284
int3D,23,0.006645366549491882,-0.29534077644348145,-0.3611046373844147
int3D,24,-0.06055166944861412,-0.8046697974205017,-0.4458756148815155
int3D,25,-0.06168738752603531,-0.4025783836841583,-0.39711952209472656
int3D,26,-0.059049587696790695,-0.9809557199478149,-0.41684412956237793
int3D,27,-0.0652802586555481,-0.3027321398258209,-0.3383484482765198
int3D,28,0.015242092311382294,-0.8036701679229736,-0.29333680868148804
int3D,29,-0.20218871533870697,-0.8036701679229736,-0.29333680868148804
int3D,30,-0.21945863962173462,-0.45259854197502136,-0.2506561279296875
int3D,31,0.008131824433803558,-0.45259854197502136,-0.2506561279296875
int3D,32,-0.13492780923843384,-0.8041549921035767,-0.38941746950149536
int3D,33,-0.06055166944861412,-0.8041549921035767,-0.38941746950149536
int3D,34,-0.06168738752603531,-0.42129912972450256,-0.3438529968261719
int3D,35,-0.14729031920433044,-0.42129912972450256,-0.3438529968261719
int3D,36,-0.20743297040462494,-0.9646091461181641,-0.25817644596099854
int3D,37,0.021558411419391632,-0.9646091461181641,-0.25817641615867615
int3D,38,-0.12968073785305023,-0.974590539932251,-0.3610534071922302
int3D,39,-0.059049587696790695,-0.974590539932251,-0.3610534071922302
int3D,40,-0.22215387225151062,-0.34695494174957275,-0.2108081430196762
int3D,41,0.006645366549491882,-0.34695494174957275,-0.2108081430196762
int3D,42,-0.15072104334831238,-0.3185868561267853,-0.29323673248291016
int3D,43,-0.0652802586555481,-0.3185868561267853,-0.29323673248291016
int3D,44,-0.1500798463821411,-0.32139283418655396,-0.34933239221572876
int3D,45,-0.06460877507925034,-0.32139283418655396,-0.34933242201805115
int3D,46,-0.1500798612833023,-0.33778321743011475,-0.3026966452598572
int3D,47,-0.06460877507925034,-0.33778321743011475,-0.3026966452598572
int3D,48,-0.22172869741916656,-0.31726959347724915,-0.3520587682723999
int3D,49,-0.20638172328472137,-0.9437378644943237,-0.4051629602909088
int3D,50,-0.13230426609516144,-0.8924618363380432,-0.4256347715854645
int3D,51,-0.20218870043754578,-0.8030650615692139,-0.4285465180873871
int3D,52,-0.21945862472057343,-0.40624934434890747,-0.3856213092803955
int3D,53,-0.20743292570114136,-0.9790051579475403,-0.39930060505867004
int3D,54,-0.22215384244918823,-0.30060580372810364,-0.345773309469223
int3D,55,-0.13492779433727264,-0.8046172261238098,-0.4401164948940277
int3D,56,-0.14729031920433044,-0.4044879972934723,-0.39168596267700195
int3D,57,-0.12968072295188904,-0.9803063869476318,-0.41115304827690125
int3D,58,-0.15072102844715118,-0.304349422454834,-0.33374667167663574
int3D,59,-0.1500798612833023,-0.32306477427482605,-0.3445752263069153
int3D,60,0.006879821419715881,-0.3205777704715729,-0.34242549538612366
int3D,61,0.020292289555072784,-0.9429249167442322,-0.39517468214035034
int3D,62,-0.05980062857270241,-0.892241358757019,-0.4220374822616577
int3D,63,0.015242092311382294,-0.803108274936676,-0.41889575123786926
int3D,64,0.008131824433803558,-0.40955761075019836,-0.3759880065917969
int3D,65,0.021558411419391632,-0.9779775738716125,-0.3892276883125305
int3D,66,0.006645359098911285,-0.30391401052474976,-0.3361400365829468
int3D,67,-0.06055166944861412,-0.8045843243598938,-0.4364978075027466
int3D,68,-0.06168738752603531,-0.40568795800209045,-0.38827183842658997
int3D,69,-0.059049587696790695,-0.9798984527587891,-0.40757715702056885
int3D,70,-0.0652802586555481,-0.305365651845932,-0.33085525035858154
int3D,71,-0.06460877507925034,-0.3241153061389923,-0.3415861129760742
int3V,0,-0.0652802586555481,-0.2868773937225342,-0.383460134267807
int3V,1,-0.15072101354599,-0.2868773639202118,-0.3834601044654846
int3V,2,-0.22215376794338226,-0.24372661113739014,-0.5114011764526367
int3V,3,0.006645366549491882,-0.24372659623622894,-0.5114011168479919
int3V,4,-0.0590495765209198,-0.9873208403587341,-0.47263479232788086
int3V,5,-0.12968070805072784,-0.9873208403587341,-0.47263479232788086
int3V,6,-0.20743288099765778,-0.9966716170310974,-0.5724866390228271
int3V,7,0.02155841886997223,-0.9966715574264526,-0.5724865794181824
int3V,8,-0.14729030430316925,-0.38385748863220215,-0.45038601756095886
int3V,9,-0.06168738380074501,-0.3838576376438141,-0.45038601756095886
int3V,10,-0.060551661998033524,-0.805184543132782,-0.5023337602615356
int3V,11,-0.13492777943611145,-0.8051844239234924,-0.5023338198661804
int3V,12,0.008131824433803558,-0.34937021136283875,-0.551249086856842
int3V,13,-0.21945856511592865,-0.3493701219558716,-0.5512492060661316
int3V,14,-0.202188640832901,-0.8023224472999573,-0.5944744348526001
int3V,15,0.01524209976196289,-0.802322506904602,-0.5944742560386658
int3V,16,-0.0652802586555481,-0.30273211002349854,-0.3383484184741974
int3V,17,-0.0590495765209198,-0.9809556007385254,-0.41684406995773315
int3V,18,-0.06168738380074501,-0.4025783836841583,-0.39711952209472656
int3V,19,-0.060551658272743225,-0.8046697378158569,-0.4458755850791931
int3V,20,0.006645374000072479,-0.29534071683883667,-0.3611046373844147
int3V,21,0.02155841886997223,-0.9806403517723083,-0.41533148288726807
int3V,22,0.008131831884384155,-0.40098434686660767,-0.40095260739326477
int3V,23,0.01524209976196289,-0.8029962778091431,-0.4439055323600769
int3V,24,-0.15072102844715118,-0.30273208022117615,-0.3383484184741974
int3V,25,-0.12968070805072784,-0.9809556007385254,-0.41684406995773315
int3V,26,-0.14729031920433044,-0.40257829427719116,-0.39711952209472656
int3V,27,-0.13492777943611145,-0.8046697378158569,-0.4458756148815155
int3V,28,-0.22215382754802704,-0.29534077644348145,-0.36110466718673706
int3V,29,-0.20743291079998016,-0.9806404113769531,-0.41533151268959045
int3V,30,-0.21945859491825104,-0.4009843170642853,-0.40095266699790955
int3V,31,-0.20218868553638458,-0.8029962778091431,-0.44390562176704407
int3V,32,-0.05980061739683151,-0.8962526917457581,-0.48748427629470825
int3V,33,-0.13230423629283905,-0.8962526321411133,-0.48748430609703064
int3V,34,-0.05980061739683151,-0.8928127288818359,-0.43135982751846313
int3V,35,-0.13230425119400024,-0.8928126692771912,-0.4313598573207855
int3V,36,-0.2063816785812378,-0.9577142596244812,-0.5768941044807434
int3V,37,0.020292311906814575,-0.9577142000198364,-0.5768939852714539
int3V,38,0.020292311906814575,-0.9450315237045288,-0.42105916142463684
int3V,39,-0.20638170838356018,-0.9450315833091736,-0.4210592210292816
int3V,40,-0.2217286378145218,-0.26039037108421326,-0.517686665058136
int3V,41,0.006879821419715881,-0.26039037108421326,-0.5176865458488464
int3V,42,0.006879828870296478,-0.31200453639030457,-0.36739009618759155
int3V,43,-0.22172868251800537,-0.31200456619262695,-0.36739012598991394
int3V,44,-0.15072102844715118,-0.29986611008644104,-0.34650301933288574
int3V,45,-0.12968070805072784,-0.9821062684059143,-0.4269290864467621
int3V,46,-0.14729031920433044,-0.39919424057006836,-0.4067482352256775
int3V,47,-0.13492777943611145,-0.8047627806663513,-0.4560812711715698
int3V,48,-0.22215381264686584,-0.2860107421875,-0.3882730305194855
int3V,49,-0.20743291079998016,-0.9835382699966431,-0.44373971223831177
int3V,50,-0.21945859491825104,-0.39165428280830383,-0.42812103033065796
int3V,51,-0.2021886706352234,-0.8028744459152222,-0.47112321853637695
int3V,52,-0.13230425119400024,-0.8934345245361328,-0.44150519371032715
int3V,53,-0.20638170838356018,-0.9473240971565247,-0.4492287039756775
int3V,54,-0.22172868251800537,-0.3026745021343231,-0.39455851912498474
int3V,55,-0.0652802586555481,-0.30036211013793945,-0.34509193897247314
int3V,56,-0.0590495765209198,-0.9819071292877197,-0.4251839220523834
int3V,57,-0.06168738380074501,-0.39977991580963135,-0.4050820469856262
int3V,58,-0.060551661998033524,-0.804746687412262,-0.4543152153491974
int3V,59,0.006645366549491882,-0.2876252233982086,-0.38357165455818176
int3V,60,0.02155841886997223,-0.9830367565155029,-0.43882372975349426
int3V,61,0.008131831884384155,-0.3932688236236572,-0.4234195947647095
int3V,62,0.015242092311382294,-0.8028955459594727,-0.4664132297039032
int3V,63,-0.05980061739683151,-0.8933269381523132,-0.4397495687007904
int3V,64,0.020292311906814575,-0.9469273686408997,-0.4443540573120117
int3V,65,0.006879828870296478,-0.3042890131473541,-0.38985708355903625
int4D,0,-0.0652802586555481,-0.3185867369174957,-0.29323673248291016
int4D,1,-0.15072105824947357,-0.3185867369174957,-0.29323673248291016
int4D,2,0.006645366549491882,-0.3469548523426056,-0.2108081430196762
int4D,3,-0.22215387225151062,-0.3469548523426056,-0.2108081430196762
int4D,4,-0.08541139215230942,0.3687646687030792,0.0779382735490799
int4D,5,0.05646828934550285,0.3687646687030792,0.0779382735490799
int4D,6,0.05646811053156853,0.11563136428594589,-0.03833993896842003
int4D,7,-0.08541157841682434,0.11563136428594589,-0.03833993896842003
int4D,8,-0.121760793030262,0.01645888388156891,-0.0864763930439949
int4D,9,-0.046719927340745926,0.01645888388156891,-0.0864763930439949
int4D,10,-0.07089412212371826,-0.1580987572669983,-0.21414875984191895
int4D,11,-0.15608154237270355,-0.1580987572669983,-0.21414875984191895
int4D,12,0.2075212150812149,0.09390760213136673,0.011035011149942875
int4D,13,-0.22831714153289795,0.09390760213136673,0.01103501208126545
int4D,14,-0.23046943545341492,0.34037819504737854,0.1367594301700592
int4D,15,0.19712139666080475,0.34037819504737854,0.1367594301700592
int4D,16,0.052556682378053665,-8.033821359276772e-05,-0.03678809106349945
int4D,17,-0.22228273749351501,-8.033821359276772e-05,-0.03678809106349945
int4D,18,-0.22645334899425507,-0.1784292757511139,-0.1472414880990982
int4D,19,0.0042741186916828156,-0.1784292757511139,-0.1472414880990982
int4D,20,-0.0652802586555481,-0.30273205041885376,-0.3383484482765198
int4D,21,0.05646828934550285,0.38130807876586914,0.050439998507499695
int4D,22,0.05646811053156853,0.12565268576145172,-0.06685417145490646
int4D,23,-0.046719931066036224,0.02663247659802437,-0.11493664979934692
int4D,24,-0.07089412212371826,-0.14672230184078217,-0.2465185821056366
int4D,25,0.006645366549491882,-0.2953406572341919,-0.3611046373844147
int4D,26,0.2075212150812149,0.1264604926109314,-0.07073633372783661
int4D,27,0.19712139666080475,0.37950795888900757,0.05495741218328476
int4D,28,0.052556682378053665,0.025895610451698303,-0.11852873861789703
int4D,29,0.0042741186916828156,-0.12681512534618378,-0.29753798246383667
int4D,30,-0.22215382754802704,-0.29534071683883667,-0.36110466718673706
int4D,31,-0.2283170372247696,0.12646044790744781,-0.07073639333248138
int4D,32,-0.23046936094760895,0.3795079290866852,0.05495736747980118
int4D,33,-0.22228267788887024,0.025895582512021065,-0.11852879077196121
int4D,34,-0.22645330429077148,-0.12681514024734497,-0.29753801226615906
int4D,35,-0.15072104334831238,-0.30273205041885376,-0.3383484482765198
int4D,36,-0.08541136234998703,0.3813081979751587,0.050440073013305664
int4D,37,-0.08541154861450195,0.12565281987190247,-0.06685418635606766
int4D,38,-0.1217607855796814,0.02663259766995907,-0.11493667960166931
int4D,39,-0.15608152747154236,-0.1467222422361374,-0.2465185672044754
int4D,40,-0.06591953337192535,-0.3003113567829132,-0.28423067927360535
int4D,41,-0.15133146941661835,-0.3003113567829132,-0.28423067927360535
int4D,42,0.006375346332788467,-0.3277641236782074,-0.20356957614421844
int4D,43,-0.22264347970485687,-0.3277641236782074,-0.20356957614421844
int4D,44,-0.06591953337192535,-0.2849665582180023,-0.32789137959480286
int4D,45,0.006375346332788467,-0.2761499881744385,-0.3538660705089569
int4D,46,-0.2226434350013733,-0.2761499881744385,-0.3538660705089569
int4D,47,-0.15133143961429596,-0.2849665582180023,-0.32789137959480286
int4D,48,-0.08541140705347061,0.3522471487522125,0.07035088539123535
int4D,49,0.056468281894922256,0.3522471487522125,0.07035088539123535
int4D,50,0.19780001044273376,0.3242954909801483,0.12855562567710876
int4D,51,-0.2303290069103241,0.3242954909801483,0.12855564057826996
int4D,52,0.056468281894922256,0.3646259605884552,0.04278630390763283
int4D,53,0.19780001044273376,0.36299610137939453,0.04675562307238579
int4D,54,-0.23032891750335693,0.36299601197242737,0.0467555858194828
int4D,55,-0.08541137725114822,0.3646261394023895,0.0427863709628582
int4D,56,-0.22215382754802704,-0.30092060565948486,-0.3448564112186432
int4D,57,-0.2283170521259308,0.12294121831655502,-0.06189623102545738
int4D,58,-0.23046937584877014,0.37527766823768616,0.06380084156990051
int4D,59,-0.22228269279003143,0.023087376728653908,-0.10969195514917374
int4D,60,-0.22645331919193268,-0.13239505887031555,-0.2812897264957428
int4D,61,-0.15072104334831238,-0.3044460713863373,-0.33347150683403015
int4D,62,-0.08541136980056763,0.37995219230651855,0.05341288074851036
int4D,63,-0.08541154861450195,0.12456942349672318,-0.0637715682387352
int4D,64,-0.1217607855796814,0.025532737374305725,-0.11185988783836365
int4D,65,-0.15608152747154236,-0.1479521095752716,-0.24301913380622864
int4D,66,-0.2226434350013733,-0.28172987699508667,-0.33761781454086304
int4D,67,-0.15133143961429596,-0.2866254448890686,-0.32317131757736206
int4D,68,-0.23032893240451813,0.3588121831417084,0.05559883266687393
int4D,69,-0.08541137725114822,0.36328789591789246,0.04576629772782326
int4D,70,-0.0652802586555481,-0.3041144013404846,-0.3344151973724365
int4D,71,0.05646828934550285,0.3802144527435303,0.0528375506401062
int4D,72,0.05646811053156853,0.12477894127368927,-0.06436804682016373
int4D,73,-0.046719931066036224,0.0257454551756382,-0.11245523393154144
int4D,74,-0.07089412212371826,-0.14771419763565063,-0.24369630217552185
int4D,75,0.006645366549491882,-0.2998408377170563,-0.34800055623054504
int4D,76,0.2075212150812149,0.12362224608659744,-0.06360679864883423
int4D,77,0.19712139666080475,0.37609627842903137,0.06208958476781845
int4D,78,0.052556682378053665,0.02363080531358719,-0.11140187829732895
int4D,79,0.0042741186916828156,-0.13131530582904816,-0.28443384170532227
int4D,80,-0.06591953337192535,-0.2863044738769531,-0.32408463954925537
int4D,81,0.006375346332788467,-0.2806501090526581,-0.34076187014579773
int4D,82,0.056468281894922256,0.3635466694831848,0.04518960043787956
int4D,83,0.19780001044273376,0.3596217930316925,0.05388765409588814
int4V,0,-0.15608152747154236,-0.1467222273349762,-0.2465185672044754
int4V,1,-0.1217607855796814,0.02663259766995907,-0.11493667960166931
int4V,2,-0.08541154116392136,0.12565281987190247,-0.06685420870780945
int4V,3,-0.08541136234998703,0.38130825757980347,0.05044003948569298
int4V,4,-0.15072102844715118,-0.302731990814209,-0.3383484184741974
int4V,5,-0.22645330429077148,-0.12681512534618378,-0.29753798246383667
int4V,6,-0.22228267788887024,0.025895584374666214,-0.11852879077196121
int4V,7,-0.23046936094760895,0.37950798869132996,0.0549573078751564
int4V,8,-0.2283170372247696,0.126460462808609,-0.07073640078306198
int4V,9,-0.22215382754802704,-0.2953406870365143,-0.3611046373844147
int4V,10,0.004274124279618263,-0.12681512534618378,-0.2975379526615143
int4V,11,0.05255669355392456,0.025895612314343452,-0.11852874606847763
int4V,12,0.19712139666080475,0.37950798869132996,0.05495736747980118
int4V,13,0.2075212001800537,0.1264604777097702,-0.0707363411784172
int4V,14,0.006645370274782181,-0.2953406870365143,-0.3611046075820923
int4V,15,-0.07089412212371826,-0.14672230184078217,-0.2465185672044754
int4V,16,-0.04671992361545563,0.02663247659802437,-0.11493665724992752
int4V,17,0.056468114256858826,0.12565270066261292,-0.06685417890548706
int4V,18,0.05646830052137375,0.38130810856819153,0.05043996870517731
int4V,19,-0.0652802586555481,-0.302731990814209,-0.3383484184741974
int4V,20,-0.029245596379041672,-0.09237398952245712,-0.3801584243774414
int4V,21,-0.2264532446861267,-0.07520100474357605,-0.44783449172973633
int4V,22,-0.22228261828422546,0.05187150463461876,-0.20026947557926178
int4V,23,0.05255669355392456,0.05187155678868294,-0.20026937127113342
int4V,24,0.19712139666080475,0.418637752532959,-0.02684464305639267
int4V,25,-0.23046927154064178,0.4186376929283142,-0.026844754815101624
int4V,26,0.2075212001800537,0.15901336073875427,-0.15250767767429352
int4V,27,-0.22831693291664124,0.1590133011341095,-0.15250778198242188
int4V,28,-0.15608151257038116,-0.1353456676006317,-0.27888837456703186
int4V,29,-0.07089412212371826,-0.13534583151340485,-0.27888837456703186
int4V,30,-0.04671992361545563,0.03680606931447983,-0.14339691400527954
int4V,31,-0.1217607706785202,0.03680631145834923,-0.14339695870876312
int4V,32,-0.08541151136159897,0.13567426800727844,-0.09536846727132797
int4V,33,0.056468114256858826,0.13567404448986053,-0.0953684076666832
int4V,34,0.05646830052137375,0.39385145902633667,0.022941716015338898
int4V,35,-0.08541133999824524,0.39385178685188293,0.022941824048757553
int4V,36,0.006645370274782181,-0.24372650682926178,-0.5114011168479919
int4V,37,-0.22215378284454346,-0.24372655153274536,-0.5114011764526367
int4V,38,-0.15072102844715118,-0.28687724471092224,-0.3834601044654846
int4V,39,-0.0652802586555481,-0.286877304315567,-0.383460134267807
int4V,40,0.004274124279618263,-0.1216537207365036,-0.3125675916671753
int4V,41,0.05255669355392456,0.028493205085396767,-0.12670280039310455
int4V,42,0.19712139666080475,0.3834209442138672,0.046777162700891495
int4V,43,0.2075212001800537,0.12971577048301697,-0.07891347259283066
int4V,44,0.006645370274782181,-0.29017922282218933,-0.3761342465877533
int4V,45,-0.07089412212371826,-0.14558464288711548,-0.24975554645061493
int4V,46,-0.04671992361545563,0.027649836614727974,-0.11778268218040466
int4V,47,0.056468114256858826,0.12665483355522156,-0.06970558315515518
int4V,48,0.05646830052137375,0.38256242871284485,0.04769017547369003
int4V,49,-0.0652802586555481,-0.301146537065506,-0.3428595960140228
int4V,50,-0.15608152747154236,-0.1455845832824707,-0.24975554645061493
int4V,51,-0.1217607855796814,0.02764997072517872,-0.11778270453214645
int4V,52,-0.08541153371334076,0.1266549676656723,-0.06970562785863876
int4V,53,-0.08541136234998703,0.3825626075267792,0.04769021272659302
int4V,54,-0.15072102844715118,-0.301146537065506,-0.34285956621170044
int4V,55,-0.22645330429077148,-0.1216537281870842,-0.31256765127182007
int4V,56,-0.22228267788887024,0.02849317528307438,-0.12670285999774933
int4V,57,-0.23046934604644775,0.3834209442138672,0.04677713289856911
int4V,58,-0.2283170372247696,0.1297157257795334,-0.07891353964805603
int4V,59,-0.22215382754802704,-0.2901792526245117,-0.37613430619239807
int4V,60,-0.15150295197963715,-0.2799750864505768,-0.3249533176422119
int4V,61,-0.2227809876203537,-0.27075812220573425,-0.3518322706222534
int4V,62,0.006299473345279694,-0.27075812220573425,-0.35183224081993103
int4V,63,-0.0660991445183754,-0.2799750864505768,-0.3249533176422119
int4V,64,0.006299473345279694,-0.21914397180080414,-0.5021287202835083
int4V,65,-0.22278092801570892,-0.21914397180080414,-0.5021287798881531
int4V,66,-0.15150295197963715,-0.26477357745170593,-0.3682063817977905
int4V,67,-0.0660991445183754,-0.2647736370563507,-0.3682064414024353
int4V,68,0.006299473345279694,-0.2655966579914093,-0.36686187982559204
int4V,69,-0.0660991445183754,-0.2784549593925476,-0.3292786478996277
int4V,70,-0.15150295197963715,-0.2784549295902252,-0.3292786478996277
int4V,71,-0.2227809876203537,-0.2655967175960541,-0.36686190962791443
int4V,72,-0.08541136980056763,0.36029013991355896,0.04079699516296387
int4V,73,-0.2302924245595932,0.35870426893234253,0.04462370648980141
int4V,74,0.19797641038894653,0.3587042987346649,0.044623762369155884
int4V,75,0.056468285620212555,0.360289990901947,0.040796928107738495
int4V,76,0.19797641038894653,0.3972933888435364,-0.037175752222537994
int4V,77,-0.23029232025146484,0.3972932994365692,-0.037175849080085754
int4V,78,0.056468281894922256,0.37262603640556335,0.013215161859989166
int4V,79,-0.08541135489940643,0.3726263642311096,0.013215243816375732
int4V,80,0.19797641038894653,0.36256319284439087,0.0364437960088253
int4V,81,0.056468285620212555,0.3615235686302185,0.03803873434662819
int4V,82,-0.08541136980056763,0.36152374744415283,0.03803880140185356
int4V,83,-0.230292409658432,0.36256319284439087,0.03644376993179321
int5L,0,-0.016673922538757324,0.4186376631259918,-0.02684473618865013
int5L,1,-0.0179763063788414,0.6842578053474426,0.08920663595199585
int5L,2,-0.01797652244567871,1.0602011680603027,0.24925367534160614
int5L,3,-0.012767352163791656,0.9252877831459045,0.2064499408006668
int5L,4,-0.014471516013145447,0.39385154843330383,0.02294173091650009
int5L,5,-0.014471232891082764,0.6525819301605225,0.15570299327373505
int5L,6,-0.014470882713794708,0.9077600836753845,0.27258679270744324
int5L,7,-0.014470681548118591,1.065233588218689,0.3172203302383423
int5L,8,-0.014471545815467834,0.36876460909843445,0.07793820649385452
int5L,9,-0.014471247792243958,0.6274949908256531,0.21069945394992828
int5L,10,-0.014470919966697693,0.8923827409744263,0.3310461938381195
int5L,11,-0.014470703899860382,1.0699905157089233,0.3774808347225189
int5L,12,-0.016674019396305084,0.34037813544273376,0.13675937056541443
int5L,13,-0.017976388335227966,0.5927882194519043,0.28042691946029663
int5L,14,-0.017976589500904083,1.0767441987991333,0.46057847142219543
int5L,15,-0.012767419219017029,0.8700059056282043,0.4110856354236603
int5L,16,0.19712141156196594,0.4186376929283142,-0.026844680309295654
int5L,17,0.19712141156196594,0.34037813544273376,0.13675937056541443
int5L,18,0.18645523488521576,0.5927882194519043,0.28042691946029663
int5L,19,0.18645521998405457,0.6842578649520874,0.08920673280954361
int5L,20,0.18985620141029358,0.8700059056282043,0.4110856354236603
int5L,21,0.18985620141029358,0.9252878427505493,0.20645004510879517
int5L,22,0.17993278801441193,1.0602012872695923,0.2492537647485733
int5L,23,0.17993278801441193,1.0767441987991333,0.46057847142219543
int5L,24,0.05646829307079315,0.3938513696193695,0.0229417085647583
int5L,25,0.05646829307079315,0.36876460909843445,0.07793819904327393
int5L,26,0.05646859109401703,0.6274949908256531,0.21069945394992828
int5L,27,0.05646859109401703,0.6525817513465881,0.15570293366909027
int5L,28,0.05646893009543419,0.907759964466095,0.27258676290512085
int5L,29,0.05646893009543419,0.8923827409744263,0.3310461938381195
int5L,30,0.056469134986400604,1.0699905157089233,0.3774808347225189
int5L,31,0.056469134986400604,1.0652334690093994,0.3172202706336975
int5L,32,-0.007858507335186005,0.36876460909843445,0.07793820649385452
int5L,33,-0.007858216762542725,0.6274949908256531,0.21069945394992828
int5L,34,-0.007857881486415863,0.8923827409744263,0.3310461938381195
int5L,35,-0.007857665419578552,1.0699905157089233,0.3774808347225189
int5L,36,0.003256067633628845,0.34037813544273376,0.13675937056541443
int5L,37,0.0010808035731315613,0.5927882194519043,0.28042691946029663
int5L,38,0.0004725903272628784,1.0767441987991333,0.46057847142219543
int5L,39,0.006121218204498291,0.8700059056282043,0.4110856354236603
int5L,40,-0.0007190480828285217,0.4186376631259918,-0.02684473618865013
int5L,41,-0.0027202218770980835,0.6842578053474426,0.08920663595199585
int5L,42,-0.003207169473171234,1.0602011680603027,0.24925369024276733
int5L,43,0.0023538097739219666,0.9252877831459045,0.2064499408006668
int5L,44,-0.009177498519420624,0.39385154843330383,0.02294173091650009
int5L,45,-0.00917721539735794,0.6525818705558777,0.15570297837257385
int5L,46,-0.009176872670650482,0.9077600836753845,0.27258679270744324
int5L,47,-0.009176664054393768,1.065233588218689,0.3172203302383423
int5L,48,-0.01677711308002472,0.4396827518939972,-0.017649982124567032
int5L,49,-0.014471493661403656,0.4143507778644562,0.03346041217446327
int5L,50,-0.014471523463726044,0.3892638087272644,0.08845687657594681
int5L,51,-0.016777202486991882,0.36037659645080566,0.14814214408397675
int5L,52,0.19627633690834045,0.4396827816963196,-0.017649952322244644
int5L,53,0.19627633690834045,0.36037659645080566,0.14814214408397675
int5L,54,0.05646832287311554,0.41435056924819946,0.033460360020399094
int5L,55,0.05646832287311554,0.3892638087272644,0.08845686912536621
int5L,56,-0.007858484983444214,0.3892638087272644,0.08845687657594681
int5L,57,0.0030837208032608032,0.36037659645080566,0.14814214408397675
int5L,58,-0.0008776038885116577,0.4396827518939972,-0.017649982124567032
int5L,59,-0.009177476167678833,0.4143507778644562,0.03346041217446327
int5L,60,-0.017396800220012665,1.0451868772506714,0.2444901168346405
int5L,61,-0.014470703899860382,1.0477086305618286,0.31225311756134033
int5L,62,-0.014470726251602173,1.050224781036377,0.3723132014274597
int5L,63,-0.017396874725818634,1.0537365674972534,0.45507046580314636
int5L,64,0.18103715777397156,1.0537365674972534,0.45507046580314636
int5L,65,0.18103714287281036,1.045186996459961,0.24449020624160767
int5L,66,0.05646911635994911,1.047708511352539,0.31225308775901794
int5L,67,0.05646911635994911,1.050224781036377,0.3723132014274597
int5L,68,-0.007857687771320343,1.050224781036377,0.3723132014274597
int5L,69,0.0011012181639671326,1.0537365674972534,0.45507046580314636
int5L,70,-0.00258830189704895,1.0451868772506714,0.2444901317358017
int5L,71,-0.009176686406135559,1.0477086305618286,0.3122531473636627
int5R,0,-0.08541053533554077,1.0699903964996338,0.3774808347225189
int5R,1,-0.08541049063205719,1.0652337074279785,0.3172203600406647
int5R,2,-0.0854106992483139,0.9077602624893188,0.272586852312088
int5R,3,-0.08541075885295868,0.8923827409744263,0.3310461938381195
int5R,4,-0.08541108667850494,0.6274949908256531,0.21069946885108948
int5R,5,-0.08541104197502136,0.6525821089744568,0.15570305287837982
int5R,6,-0.08541132509708405,0.39385178685188293,0.022941824048757553
int5R,7,-0.08541139215230942,0.3687646985054016,0.07793824374675751
int5R,8,-0.21588581800460815,1.0602011680603027,0.2492535561323166
int5R,9,-0.2158859670162201,1.0767441987991333,0.46057847142219543
int5R,10,-0.2153908759355545,0.9252877235412598,0.20644982159137726
int5R,11,-0.21539103984832764,0.8700059056282043,0.4110856354236603
int5R,12,-0.2224079817533493,0.5927882790565491,0.28042691946029663
int5R,13,-0.22240784764289856,0.6842577457427979,0.0892065241932869
int5R,14,-0.2304692566394806,0.4186376631259918,-0.026844754815101624
int5R,15,-0.23046943545341492,0.3403782248497009,0.136759415268898
int5R,16,-0.012767411768436432,0.8700059056282043,0.4110856354236603
int5R,17,-0.017976582050323486,1.0767441987991333,0.46057847142219543
int5R,18,-0.01797638088464737,0.5927882790565491,0.28042691946029663
int5R,19,-0.016674011945724487,0.3403782248497009,0.13675940036773682
int5R,20,-0.014470688998699188,1.0699903964996338,0.3774808347225189
int5R,21,-0.014470897614955902,0.8923827409744263,0.3310461938381195
int5R,22,-0.014471247792243958,0.6274949908256531,0.21069946885108948
int5R,23,-0.014471545815467834,0.3687646985054016,0.07793823629617691
int5R,24,-0.014470666646957397,1.065233588218689,0.3172203302383423
int5R,25,-0.014470875263214111,0.9077601432800293,0.27258679270744324
int5R,26,-0.01447121798992157,0.6525819301605225,0.15570299327373505
int5R,27,-0.01447150856256485,0.3938516080379486,0.022941768169403076
int5R,28,-0.012767329812049866,0.9252877831459045,0.20644992589950562
int5R,29,-0.017976507544517517,1.0602011680603027,0.24925366044044495
int5R,30,-0.017976298928260803,0.6842578053474426,0.08920664340257645
int5R,31,-0.016673922538757324,0.4186377227306366,-0.026844702661037445
int5R,32,-0.03491205722093582,0.8700059056282043,0.4110856354236603
int5R,33,-0.039606012403964996,1.0767441987991333,0.46057847142219543
int5R,34,-0.040318623185157776,0.5927882790565491,0.28042691946029663
int5R,35,-0.040039628744125366,0.3403782248497009,0.13675940036773682
int5R,36,-0.022223681211471558,1.0699903964996338,0.3774808347225189
int5R,37,-0.02222388982772827,0.8923827409744263,0.3310461938381195
int5R,38,-0.02222423255443573,0.6274949908256531,0.21069946885108948
int5R,39,-0.022224530577659607,0.3687646985054016,0.07793823629617691
int5R,40,-0.022173509001731873,1.065233588218689,0.3172203302383423
int5R,41,-0.022173717617988586,0.9077601432800293,0.2725868225097656
int5R,42,-0.022174067795276642,0.6525819301605225,0.15570299327373505
int5R,43,-0.022174350917339325,0.3938516080379486,0.022941768169403076
int5R,44,-0.03476876765489578,0.9252877831459045,0.20644991099834442
int5R,45,-0.03946605324745178,1.0602011680603027,0.24925366044044495
int5R,46,-0.040174052119255066,0.6842578053474426,0.08920662850141525
int5R,47,-0.0398884192109108,0.4186377227306366,-0.026844702661037445
int5R,48,-0.08541131019592285,0.4155042767524719,0.034052252769470215
int5R,49,-0.08541135489940643,0.390417218208313,0.08904869854450226
int5R,50,-0.22979480028152466,0.3615018129348755,0.14878258109092712
int5R,51,-0.22979462146759033,0.4408667981624603,-0.0171327143907547
int5R,52,-0.016783006489276886,0.3615018129348755,0.14878258109092712
int5R,53,-0.014471516013145447,0.390417218208313,0.08904869854450226
int5R,54,-0.014471486210823059,0.4155041575431824,0.03405224159359932
int5R,55,-0.016782917082309723,0.4408667981624603,-0.017132654786109924
int5R,56,-0.040062978863716125,0.3615018129348755,0.14878258109092712
int5R,57,-0.022224508225917816,0.390417218208313,0.08904869854450226
int5R,58,-0.02217433601617813,0.4155041575431824,0.03405224159359932
int5R,59,-0.03991232067346573,0.4408667981624603,-0.017132654786109924
int5R,60,-0.08541051298379898,1.0479297637939453,0.31231582164764404
int5R,61,-0.08541055768728256,1.0504740476608276,0.3723783493041992
int5R,62,-0.21583157777786255,1.05402672290802,0.4551399350166321
int5R,63,-0.2158314436674118,1.045376181602478,0.24455006420612335
int5R,64,-0.017404168844223022,1.05402672290802,0.4551399350166321
int5R,65,-0.014470718801021576,1.0504740476608276,0.3723783493041992
int5R,66,-0.014470688998699188,1.0479295253753662,0.31231576204299927
int5R,67,-0.017404094338417053,1.045376181602478,0.2445501685142517
int5R,68,-0.03909021615982056,1.05402672290802,0.4551399350166321
int5R,69,-0.02222370356321335,1.0504740476608276,0.3723783493041992
int5R,70,-0.022173531353473663,1.0479296445846558,0.31231576204299927
int5R,71,-0.03894989192485809,1.045376181602478,0.2445501685142517
int6L,0,-0.014470696449279785,1.0699903964996338,0.37748077511787415
int6L,1,-0.014470569789409637,1.1866986751556396,0.3682679831981659
int6L,2,0.06064755097031593,1.3083080053329468,0.3608553409576416
int6L,3,0.08891360461711884,1.510111927986145,0.2999712824821472
int6L,4,0.07443973422050476,1.7428529262542725,0.28631889820098877
int6L,5,-0.017976589500904083,1.0767440795898438,0.46057838201522827
int6L,6,-0.011465206742286682,1.1961045265197754,0.4548071324825287
int6L,7,0.0888100415468216,1.5209592580795288,0.41995468735694885
int6L,8,0.050392914563417435,1.3051385879516602,0.4373808205127716
int6L,9,0.07368249446153641,1.7514322996139526,0.4063218832015991
int6L,10,-0.01797652244567871,1.0602011680603027,0.24925363063812256
int6L,11,-0.011465147137641907,1.1699358224868774,0.12052163481712341
int6L,12,0.08881006389856339,1.4962568283081055,0.10439858585596085
int6L,13,0.05039294809103012,1.279703140258789,0.11246012896299362
int6L,14,0.0736825242638588,1.718738317489624,0.0639832615852356
int6L,15,-0.014470681548118591,1.0652334690093994,0.3172202706336975
int6L,16,-0.01447053998708725,1.1819417476654053,0.30800750851631165
int6L,17,0.06064756587147713,1.3001868724822998,0.257975310087204
int6L,18,0.08891361951828003,1.501990795135498,0.1970912218093872
int6L,19,0.07443974912166595,1.7302436828613281,0.16882768273353577
int6L,20,0.17993277311325073,1.0602011680603027,0.24925373494625092
int6L,21,0.17993277311325073,1.0767440795898438,0.46057838201522827
int6L,22,0.1740666776895523,1.1961045265197754,0.4548071324825287
int6L,23,0.1740666776895523,1.169935941696167,0.12052178382873535
int6L,24,0.1844361275434494,1.4962568283081055,0.1043986976146698
int6L,25,0.1844361424446106,1.5209592580795288,0.41995468735694885
int6L,26,0.1732843816280365,1.3051385879516602,0.4373808205127716
int6L,27,0.1732843816280365,1.279703140258789,0.11246028542518616
int6L,28,0.0564691424369812,1.0699903964996338,0.37748077511787415
int6L,29,0.0564691424369812,1.0652333498001099,0.3172202408313751
int6L,30,0.05646927282214165,1.1819416284561157,0.30800744891166687
int6L,31,0.05646927282214165,1.1866986751556396,0.3682679831981659
int6L,32,0.11598321795463562,1.3083080053329468,0.3608553409576416
int6L,33,0.11598321795463562,1.3001865148544312,0.2579752504825592
int6L,34,0.13341084122657776,1.501990556716919,0.19709117710590363
int6L,35,0.13341084122657776,1.510111927986145,0.2999712824821472
int6L,36,0.11821829527616501,1.73024320602417,0.16882768273353577
int6L,37,0.11821829527616501,1.7428529262542725,0.28631889820098877
int6L,38,0.1784096360206604,1.7187384366989136,0.06398336589336395
int6L,39,0.1784096360206604,1.7514322996139526,0.4063218832015991
int6L,40,1.5236437320709229e-05,1.0602011680603027,0.24925363063812256
int6L,41,0.005401380360126495,1.1699358224868774,0.1205216571688652
int6L,42,0.09750334918498993,1.4962568283081055,0.10439860075712204
int6L,43,0.06156489625573158,1.279703140258789,0.11246012896299362
int6L,44,0.08320317417383194,1.7187384366989136,0.06398326903581619
int6L,45,-0.008021607995033264,1.0652334690093994,0.3172202706336975
int6L,46,-0.008021466434001923,1.1819417476654053,0.30800750851631165
int6L,47,0.06567808240652084,1.3001867532730103,0.257975310087204
int6L,48,0.09295882284641266,1.501990795135498,0.1970912218093872
int6L,49,0.07841961830854416,1.7302435636520386,0.16882765293121338
int6L,50,-0.007605560123920441,1.0699903964996338,0.37748077511787415
int6L,51,-0.007605433464050293,1.1866986751556396,0.3682679831981659
int6L,52,0.06600261479616165,1.3083080053329468,0.3608553409576416
int6L,53,0.09321978688240051,1.510111927986145,0.2999712824821472
int6L,54,0.07867636531591415,1.7428529262542725,0.28631889820098877
int6L,55,0.0011759251356124878,1.0767440795898438,0.46057838201522827
int6L,56,0.006489485502243042,1.1961045265197754,0.4548071324825287
int6L,57,0.09806417673826218,1.5209592580795288,0.41995468735694885
int6L,58,0.062285635620355606,1.3051385879516602,0.4373808205127716
int6L,59,0.08381737768650055,1.7514322996139526,0.4063218832015991
int6L,60,-0.014470681548118591,1.0885919332504272,0.37601238489151
int6L,61,-0.016938775777816772,1.0957684516906738,0.45965853333473206
int6L,62,-0.016938701272010803,1.0776911973953247,0.22873558104038239
int6L,63,-0.014470651745796204,1.0838351249694824,0.3157518804073334
int6L,64,0.17899781465530396,1.0776913166046143,0.22873570024967194
int6L,65,0.17899781465530396,1.0957684516906738,0.45965853333473206
int6L,66,0.05646916478872299,1.0885919332504272,0.37601238489151
int6L,67,0.05646916478872299,1.0838350057601929,0.315751850605011
int6L,68,0.0008737072348594666,1.0776911973953247,0.22873561084270477
int6L,69,-0.008021578192710876,1.0838351249694824,0.3157518804073334
int6L,70,-0.007605530321598053,1.0885919332504272,0.37601238489151
int6L,71,0.0020228326320648193,1.0957684516906738,0.45965853333473206
int6L,72,0.07655785977840424,1.7087931632995605,0.2883168160915375
int6L,73,0.07589627802371979,1.7177045345306396,0.4083169102668762
int6L,74,0.07589631527662277,1.6861801147460938,0.06989770382642746
int6L,75,0.07655787467956543,1.696840763092041,0.17296379804611206
int6L,76,0.12044159322977066,1.6968404054641724,0.17296378314495087
int6L,77,0.12044159322977066,1.7087931632995605,0.2883168160915375
int6L,78,0.17929156124591827,1.6861801147460938,0.06989781558513641
int6L,79,0.17929156124591827,1.7177045345306396,0.4083169102668762
int6L,80,0.08529587835073471,1.6861801147460938,0.06989771872758865
int6L,81,0.08054730296134949,1.696840763092041,0.17296379804611206
int6L,82,0.08080466836690903,1.7087931632995605,0.2883168160915375
int6L,83,0.08590227365493774,1.7177045345306396,0.4083169102668762
int6R,0,-0.031044650822877884,1.751432180404663,0.4063218832015991
int6R,1,-0.031044594943523407,1.7187381982803345,0.06398314237594604
int6R,2,0.0306612029671669,1.7302439212799072,0.16882765293121338
int6R,3,0.030661173164844513,1.7428526878356934,0.28631892800331116
int6R,4,0.0444164052605629,1.5019910335540771,0.1970912665128708
int6R,5,0.04441637545824051,1.5101118087768555,0.2999712824821472
int6R,6,0.005311883985996246,1.3083078861236572,0.360855370759964
int6R,7,0.005311913788318634,1.300187110900879,0.25797533988952637
int6R,8,-0.08541035652160645,1.1819418668746948,0.3080075681209564
int6R,9,-0.08541040867567062,1.18669855594635,0.3682680130004883
int6R,10,-0.08541054278612137,1.0699902772903442,0.37748077511787415
int6R,11,-0.08541048318147659,1.065233588218689,0.3172203302383423
int6R,12,-0.05071675777435303,1.27970290184021,0.13424167037010193
int6R,13,-0.07249855250120163,1.3051384687423706,0.437380850315094
int6R,14,-0.006816014647483826,1.496256709098816,0.1043984517455101
int6R,15,-0.006816070526838303,1.5209591388702393,0.41995468735694885
int6R,16,-0.19699707627296448,1.1961044073104858,0.4548071622848511
int6R,17,-0.11083286255598068,1.173191785812378,0.2058601826429367
int6R,18,-0.21588580310344696,1.0602010488510132,0.249253511428833
int6R,19,-0.2158859670162201,1.0767440795898438,0.46057841181755066
int6R,20,0.07443974167108536,1.730243444442749,0.16882765293121338
int6R,21,0.08891361206769943,1.5019906759262085,0.197091206908226
int6R,22,0.060647569596767426,1.3001867532730103,0.2579752802848816
int6R,23,-0.014470543712377548,1.1819417476654053,0.30800750851631165
int6R,24,-0.014470677822828293,1.0652334690093994,0.3172202706336975
int6R,25,0.0736825242638588,1.7187381982803345,0.0639832392334938
int6R,26,0.05039294809103012,1.2797030210494995,0.11246010661125183
int6R,27,0.08881006389856339,1.496256709098816,0.10439856350421906
int6R,28,-0.007817082107067108,1.173191785812378,0.137406587600708
int6R,29,-0.01797652244567871,1.0602010488510132,0.24925361573696136
int6R,30,0.07368249446153641,1.751432180404663,0.4063218832015991
int6R,31,0.050392910838127136,1.3051384687423706,0.437380850315094
int6R,32,0.088810034096241,1.5209591388702393,0.41995468735694885
int6R,33,-0.011465206742286682,1.1961044073104858,0.4548071622848511
int6R,34,-0.01797659695148468,1.0767440795898438,0.46057841181755066
int6R,35,0.07443972676992416,1.7428526878356934,0.28631892800331116
int6R,36,0.08891359716653824,1.5101118087768555,0.2999712824821472
int6R,37,0.06064755469560623,1.3083078861236572,0.360855370759964
int6R,38,-0.014470573514699936,1.18669855594635,0.3682680130004883
int6R,39,-0.014470700174570084,1.0699902772903442,0.37748077511787415
int6R,40,0.06528455764055252,1.751432180404663,0.4063218832015991
int6R,41,0.04053840786218643,1.3051384687423706,0.437380850315094
int6R,42,0.08114191144704819,1.5209591388702393,0.41995468735694885
int6R,43,-0.026342768222093582,1.1961044073104858,0.4548071622848511
int6R,44,-0.033846691250801086,1.0767440795898438,0.46057841181755066
int6R,45,0.07092917710542679,1.7428526878356934,0.28631892800331116
int6R,46,0.08534543961286545,1.5101118087768555,0.2999712824821472
int6R,47,0.05621024966239929,1.3083078861236572,0.360855370759964
int6R,48,-0.020159143954515457,1.18669855594635,0.3682680130004883
int6R,49,-0.020159274339675903,1.0699902772903442,0.37748077511787415
int6R,50,0.0694836899638176,1.7302435636520386,0.16882765293121338
int6R,51,0.08387620002031326,1.501990795135498,0.1970912218093872
int6R,52,0.05438315123319626,1.3001867532730103,0.257975310087204
int6R,53,-0.022501464933156967,1.1819417476654053,0.30800750851631165
int6R,54,-0.02250160649418831,1.0652334690093994,0.3172203004360199
int6R,55,0.06182662397623062,1.7187381982803345,0.06398322433233261
int6R,56,0.03648070991039276,1.2797030210494995,0.11246007680892944
int6R,57,0.07798447459936142,1.496256709098816,0.10439854860305786
int6R,58,-0.022940922528505325,1.173191785812378,0.137406587600708
int6R,59,-0.04038134589791298,1.0602010488510132,0.24925360083580017
int6R,60,-0.0854104682803154,1.0827398300170898,0.31583839654922485
int6R,61,-0.08541052788496017,1.0874966382980347,0.3760988712310791
int6R,62,-0.2130526304244995,1.0946481227874756,0.4597127139568329
int6R,63,-0.21305246651172638,1.076661229133606,0.22994372248649597
int6R,64,-0.014470651745796204,1.0827397108078003,0.31583836674690247
int6R,65,-0.01699981465935707,1.076661229133606,0.22994381189346313
int6R,66,-0.01699988916516304,1.0946481227874756,0.4597127139568329
int6R,67,-0.014470681548118591,1.0874966382980347,0.3760988712310791
int6R,68,-0.032721102237701416,1.0946481227874756,0.4597127139568329
int6R,69,-0.02015925943851471,1.0874966382980347,0.3760988712310791
int6R,70,-0.022501584142446518,1.0827397108078003,0.31583836674690247
int6R,71,-0.039194464683532715,1.076661229133606,0.22994381189346313
int6R,72,-0.028609633445739746,1.7282692193984985,0.407692015171051
int6R,73,-0.02860957384109497,1.6963783502578735,0.06804496794939041
int6R,74,0.03204362839460373,1.7073041200637817,0.1716681867837906
int6R,75,0.03204360604286194,1.7194617986679077,0.28769099712371826
int6R,76,0.07589440792798996,1.7073036432266235,0.17166820168495178
int6R,77,0.07520287483930588,1.696378469467163,0.06804507970809937
int6R,78,0.07520284503698349,1.7282692193984985,0.407692015171051
int6R,79,0.07589439302682877,1.7194617986679077,0.28769099712371826
int6R,80,0.06687825173139572,1.7282692193984985,0.407692015171051
int6R,81,0.07237804681062698,1.7194617986679077,0.28769099712371826
int6R,82,0.07093016058206558,1.707303762435913,0.1716681867837906
int6R,83,0.06345052272081375,1.696378469467163,0.06804504990577698
int7L,0,0.06324964016675949,1.8721750974655151,0.03611036390066147
int7L,1,0.057881806045770645,2.3807101249694824,-0.05942987650632858
int7L,2,0.0736825093626976,1.7187385559082031,0.06398332118988037
int7L,3,0.0632496178150177,1.9103803634643555,0.3969198763370514
int7L,4,0.05788176879286766,2.434901475906372,0.19789822399616241
int7L,5,0.07368247956037521,1.7514325380325317,0.4063218832015991
int7L,6,0.06480177491903305,1.8978320360183716,0.27722790837287903
int7L,7,0.06069749966263771,2.418569326400757,0.11658579856157303
int7L,8,0.07443971931934357,1.742853045463562,0.28631892800331116
int7L,9,0.06480178982019424,1.8822340965270996,0.1500074416399002
int7L,10,0.060697514563798904,2.3956527709960938,0.016053181141614914
int7L,11,0.07443974167108536,1.7302438020706177,0.16882771253585815
int7L,12,0.17425337433815002,1.9103803634643555,0.3969198763370514
int7L,13,0.17425337433815002,1.8721752166748047,0.036110471934080124
int7L,14,0.1630587875843048,2.3807103633880615,-0.05942976102232933
int7L,15,0.1630587875843048,2.434901475906372,0.19789822399616241
int7L,16,0.10810178518295288,1.8978320360183716,0.27722790837287903
int7L,17,0.10810178518295288,1.8822336196899414,0.1500074565410614
int7L,18,0.10032853484153748,2.3956522941589355,0.016053227707743645
int7L,19,0.10032853484153748,2.418569326400757,0.11658579856157303
int7L,20,0.11821828037500381,1.730243444442749,0.16882771253585815
int7L,21,0.11821828037500381,1.742853045463562,0.28631892800331116
int7L,22,0.1784096211194992,1.7187386751174927,0.06398342549800873
int7L,23,0.1784096211194992,1.7514325380325317,0.4063218832015991
int7L,24,0.07249992340803146,1.9103803634643555,0.3969198763370514
int7L,25,0.0666465163230896,2.434901475906372,0.19789822399616241
int7L,26,0.08240973949432373,1.7514325380325317,0.4063218832015991
int7L,27,0.06841011345386505,1.8978320360183716,0.27722790837287903
int7L,28,0.06400008499622345,2.418569326400757,0.11658579856157303
int7L,29,0.0780879333615303,1.742853045463562,0.28631892800331116
int7L,30,0.0743500143289566,1.8721750974655151,0.03611036390066147
int7L,31,0.06839949637651443,2.3807101249694824,-0.05942986160516739
int7L,32,0.08415521681308746,1.7187385559082031,0.06398332118988037
int7L,33,0.06913179159164429,1.88223397731781,0.1500074565410614
int7L,34,0.06466061621904373,2.3956525325775146,0.01605316810309887
int7L,35,0.07881759107112885,1.7302438020706177,0.16882771253585815
int7L,36,0.07222910225391388,1.7401138544082642,0.06010035052895546
int7L,37,0.07222907245159149,1.7735755443572998,0.4050120711326599
int7L,38,0.07309705764055252,1.7644431591033936,0.28505247831344604
int7L,39,0.07309707254171371,1.751417636871338,0.16620585322380066
int7L,40,0.1168089509010315,1.7514172792434692,0.16620586812496185
int7L,41,0.1168089509010315,1.7644431591033936,0.28505247831344604
int7L,42,0.17783062160015106,1.7401138544082642,0.060100454837083817
int7L,43,0.17783062160015106,1.7735755443572998,0.4050120711326599
int7L,44,0.08102919906377792,1.7735755443572998,0.4050120711326599
int7L,45,0.07673971354961395,1.7644431591033936,0.28505247831344604
int7L,46,0.08278924971818924,1.7401138544082642,0.06010034680366516
int7L,47,0.07746826112270355,1.751417636871338,0.16620585322380066
int7L,48,0.05810311436653137,2.35974383354187,-0.05549086257815361
int7L,49,0.05810307711362839,2.413276195526123,0.20610365271568298
int7L,50,0.060866717249155045,2.3970999717712402,0.12320888787508011
int7L,51,0.06086672842502594,2.3744850158691406,0.021575937047600746
int7L,52,0.16352032124996185,2.413276195526123,0.20610365271568298
int7L,53,0.16352032124996185,2.359744071960449,-0.05549074709415436
int7L,54,0.10064901411533356,2.3970999717712402,0.12320888787508011
int7L,55,0.10064901411533356,2.3744847774505615,0.02157599851489067
int7L,56,0.06688784807920456,2.413276195526123,0.20610365271568298
int7L,57,0.06418190896511078,2.3970999717712402,0.12320888787508011
int7L,58,0.06864482909440994,2.35974383354187,-0.055490847676992416
int7L,59,0.06484495848417282,2.3744850158691406,0.02157592959702015
int7R,0,-0.03104466199874878,1.7514324188232422,0.40632185339927673
int7R,1,-0.031044594943523407,1.7187384366989136,0.06398315727710724
int7R,2,0.030661193653941154,1.7302441596984863,0.16882766783237457
int7R,3,0.030661169439554214,1.742853045463562,0.28631889820098877
int7R,4,0.02106650173664093,2.3956527709960938,0.016053058207035065
int7R,5,0.02106647379696369,2.418569326400757,0.11658576130867004
int7R,6,0.021501772105693817,1.897831916809082,0.27722787857055664
int7R,7,0.021501803770661354,1.8822344541549683,0.15000739693641663
int7R,8,-0.04729517549276352,2.3807101249694824,-0.05943005159497261
int7R,9,-0.047295235097408295,2.434901475906372,0.19789817929267883
int7R,10,-0.04775415360927582,1.9103803634643555,0.396919846534729
int7R,11,-0.04775407910346985,1.8721749782562256,0.03611020743846893
int7R,12,0.07443974167108536,1.7302438020706177,0.16882766783237457
int7R,13,0.0606975182890892,2.3956525325775146,0.01605311781167984
int7R,14,0.06480179727077484,1.88223397731781,0.15000741183757782
int7R,15,0.07443972676992416,1.742853045463562,0.28631889820098877
int7R,16,0.06069750711321831,2.418569326400757,0.11658576130867004
int7R,17,0.06480178236961365,1.897831916809082,0.27722787857055664
int7R,18,0.07368247956037521,1.7514324188232422,0.40632185339927673
int7R,19,0.05788177251815796,2.434901475906372,0.19789817929267883
int7R,20,0.0632496178150177,1.9103803634643555,0.396919846534729
int7R,21,0.0736825168132782,1.7187385559082031,0.06398327648639679
int7R,22,0.057881809771060944,2.3807101249694824,-0.05942995101213455
int7R,23,0.06324964761734009,1.8721750974655151,0.03611030802130699
int7R,24,0.07020309567451477,1.742853045463562,0.28631889820098877
int7R,25,0.0568622462451458,2.418569326400757,0.11658576130867004
int7R,26,0.060611456632614136,1.897831916809082,0.27722787857055664
int7R,27,0.06354759633541107,1.7514324188232422,0.40632185339927673
int7R,28,0.04770335182547569,2.434901475906372,0.19789817929267883
int7R,29,0.05250731483101845,1.9103803634643555,0.396919846534729
int7R,30,0.0694970041513443,1.7302438020706177,0.16882766783237457
int7R,31,0.05622304603457451,2.3956525325775146,0.01605311594903469
int7R,32,0.05991308391094208,1.8822340965270996,0.15000741183757782
int7R,33,0.06185848265886307,1.7187384366989136,0.0639832615852356
int7R,34,0.04600698873400688,2.3807101249694824,-0.05942995101213455
int7R,35,0.05071696639060974,1.8721750974655151,0.03611030802130699
int7R,36,-0.03350137919187546,1.7748018503189087,0.40493953227996826
int7R,37,-0.033501312136650085,1.7412974834442139,0.05988512933254242
int7R,38,0.02931453473865986,1.7525906562805176,0.16606059670448303
int7R,39,0.029314503073692322,1.765638828277588,0.284982293844223
int7R,40,0.07302271574735641,1.7525901794433594,0.16606059670448303
int7R,41,0.07302270084619522,1.765638828277588,0.284982293844223
int7R,42,0.07214858382940292,1.7748018503189087,0.40493953227996826
int7R,43,0.07214861363172531,1.7412976026535034,0.05988522991538048
int7R,44,0.06879287958145142,1.765638828277588,0.284982293844223
int7R,45,0.061924394220113754,1.7748018503189087,0.40493953227996826
int7R,46,0.06808792054653168,1.752590298652649,0.16606061160564423
int7R,47,0.060220394283533096,1.7412976026535034,0.05988522991538048
int7R,48,0.02108524739742279,2.373539447784424,0.021822623908519745
int7R,49,0.02108522690832615,2.3961405754089355,0.12350478023290634
int7R,50,-0.04731494188308716,2.358806848526001,-0.05531500652432442
int7R,51,-0.047315001487731934,2.4123096466064453,0.2064702957868576
int7R,52,0.06087429076433182,2.3735392093658447,0.02182268351316452
int7R,53,0.06087428331375122,2.3961405754089355,0.12350478023290634
int7R,54,0.0581129714846611,2.4123096466064453,0.2064702957868576
int7R,55,0.05811300873756409,2.35880708694458,-0.05531490594148636
int7R,56,0.057023730129003525,2.3961405754089355,0.12350478023290634
int7R,57,0.047910261899232864,2.4123096466064453,0.2064702957868576
int7R,58,0.05638198181986809,2.3735392093658447,0.021822666749358177
int7R,59,0.046209849417209625,2.358806848526001,-0.05531492084264755
int8L,0,0.05788180232048035,2.3807098865509033,-0.05942985415458679
int8L,1,0.05788174271583557,2.719435214996338,-0.1304970532655716
int8L,2,0.05788169056177139,3.050856828689575,-0.17873093485832214
int8L,3,0.05788176506757736,2.434901237487793,0.1978982388973236
int8L,4,0.057881712913513184,2.7511563301086426,0.0972871258854866
int8L,5,0.0578816682100296,3.061089038848877,0.04789720103144646
int8L,6,0.06069749966263771,2.4185690879821777,0.11658582091331482
int8L,7,0.060698553919792175,2.743222713470459,0.027574043720960617
int8L,8,0.05962640792131424,3.056260108947754,-0.022138619795441628
int8L,9,0.060697514563798904,2.3956522941589355,0.01605319231748581
int8L,10,0.06069856882095337,2.7295873165130615,-0.06277448683977127
int8L,11,0.05962642282247543,3.0524847507476807,-0.10988418757915497
int8L,12,0.1630587875843048,2.3807101249694824,-0.05942974612116814
int8L,13,0.1630587875843048,2.434901237487793,0.1978982388973236
int8L,14,0.14173650741577148,2.7511563301086426,0.0972871258854866
int8L,15,0.1417364925146103,2.719435214996338,-0.13049696385860443
int8L,16,0.10032853484153748,2.3956520557403564,0.016053248196840286
int8L,17,0.10032853484153748,2.4185690879821777,0.11658582091331482
int8L,18,0.09581732004880905,2.743222713470459,0.027574043720960617
int8L,19,0.09581732004880905,2.7295873165130615,-0.06277448683977127
int8L,20,0.09347131103277206,3.056260108947754,-0.022138619795441628
int8L,21,0.09347131103277206,3.0524847507476807,-0.10988418757915497
int8L,22,0.1364186704158783,3.061089038848877,0.04789719730615616
int8L,23,0.1364186704158783,3.050856828689575,-0.17873084545135498
int8L,24,0.06925228983163834,2.3807098865509033,-0.059429846704006195
int8L,25,0.06694711744785309,2.719435214996338,-0.1304970532655716
int8L,26,0.06637217104434967,3.050856828689575,-0.17873091995716095
int8L,27,0.06498195230960846,2.3956522941589355,0.016053205356001854
int8L,28,0.06449519097805023,2.7295873165130615,-0.06277448683977127
int8L,29,0.06328532844781876,3.0524847507476807,-0.10988418757915497
int8L,30,0.06925226002931595,2.434901237487793,0.1978982388973236
int8L,31,0.0669470950961113,2.7511563301086426,0.0972871258854866
int8L,32,0.06637214869260788,3.061089038848877,0.04789720103144646
int8L,33,0.06498193740844727,2.4185690879821777,0.11658582091331482
int8L,34,0.06449517607688904,2.743222713470459,0.027574043720960617
int8L,35,0.06328531354665756,3.056260108947754,-0.022138619795441628
int8L,36,0.05788179859519005,2.4029650688171387,-0.06409912556409836
int8L,37,0.057881761342287064,2.4556798934936523,0.19128786027431488
int8L,38,0.06069757044315338,2.439899444580078,0.11073753982782364
int8L,39,0.06069758161902428,2.417592763900757,0.010874014347791672
int8L,40,0.16165786981582642,2.4029650688171387,-0.06409902125597
int8L,41,0.16165786981582642,2.4556798934936523,0.19128786027431488
int8L,42,0.10003213584423065,2.4175925254821777,0.010874072089791298
int8L,43,0.10003213584423065,2.439899444580078,0.11073753237724304
int8L,44,0.06910083442926407,2.4029650688171387,-0.06409911066293716
int8L,45,0.06494996696710587,2.417592763900757,0.010874029248952866
int8L,46,0.06910080462694168,2.4556798934936523,0.19128786027431488
int8L,47,0.06494995951652527,2.439899444580078,0.11073753982782364
int8L,48,0.05788169056177139,3.035576343536377,-0.17650708556175232
int8L,49,0.0578816719353199,3.046799421310425,0.050174348056316376
int8L,50,0.05967583879828453,3.041827440261841,-0.01984660141170025
int8L,51,0.05967585742473602,3.037597417831421,-0.10771215707063675
int8L,52,0.09357947111129761,3.041827440261841,-0.01984660141170025
int8L,53,0.09357947111129761,3.037597417831421,-0.10771215707063675
int8L,54,0.13666385412216187,3.046799421310425,0.050174348056316376
int8L,55,0.13666385412216187,3.035576343536377,-0.17650696635246277
int8L,56,0.06639868021011353,3.035576343536377,-0.17650707066059113
int8L,57,0.06334111094474792,3.037597417831421,-0.10771215707063675
int8L,58,0.06639865785837173,3.046799421310425,0.050174348056316376
int8L,59,0.06334109604358673,3.041827440261841,-0.01984660141170025
int8R,0,-0.020655285567045212,3.050856590270996,-0.1787310689687729
int8R,1,-0.020655343309044838,3.061089038848877,0.04789718613028526
int8R,2,0.025781530886888504,3.0524847507476807,-0.10988420993089676
int8R,3,0.025781504809856415,3.056260108947754,-0.02213863469660282
int8R,4,0.025579793378710747,2.743222713470459,0.027574030682444572
int8R,5,0.025579819455742836,2.7295873165130615,-0.06277450174093246
int8R,6,0.02106649801135063,2.3956525325775146,0.016053104773163795
int8R,7,0.021066470071673393,2.4185688495635986,0.11658580601215363
int8R,8,-0.025973064824938774,2.7511563301086426,0.09728711098432541
int8R,9,-0.025973008945584297,2.719434976577759,-0.13049717247486115
int8R,10,-0.04729517549276352,2.3807098865509033,-0.05942998081445694
int8R,11,-0.04729523882269859,2.434901237487793,0.19789822399616241
int8R,12,0.05962642282247543,3.0524847507476807,-0.10988420993089676
int8R,13,0.06069856882095337,2.7295873165130615,-0.06277450174093246
int8R,14,0.0606975182890892,2.3956522941589355,0.016053175553679466
int8R,15,0.05962640419602394,3.056260108947754,-0.02213863469660282
int8R,16,0.060698553919792175,2.743222713470459,0.027574030682444572
int8R,17,0.06069750338792801,2.4185688495635986,0.11658580601215363
int8R,18,0.0578816682100296,3.061089038848877,0.04789718613028526
int8R,19,0.05788171663880348,2.7511563301086426,0.09728711098432541
int8R,20,0.05788176879286766,2.434901237487793,0.19789822399616241
int8R,21,0.05788169056177139,3.050856590270996,-0.17873094975948334
int8R,22,0.05788174271583557,2.719435214996338,-0.1304970532655716
int8R,23,0.057881806045770645,2.3807098865509033,-0.05942987650632858
int8R,24,0.055677834898233414,3.056260108947754,-0.02213863469660282
int8R,25,0.05660136789083481,2.743222713470459,0.027574030682444572
int8R,26,0.056073885411024094,2.4185688495635986,0.11658580601215363
int8R,27,0.04871901497244835,3.061089038848877,0.04789718613028526
int8R,28,0.04809865728020668,2.7511563301086426,0.09728711098432541
int8R,29,0.04561111703515053,2.434901237487793,0.19789822399616241
int8R,30,0.056806012988090515,3.0524847507476807,-0.10988420993089676
int8R,31,0.05777200683951378,2.7295873165130615,-0.06277450174093246
int8R,32,0.057394932955503464,2.3956522941589355,0.016053175553679466
int8R,33,0.05133694037795067,3.050856590270996,-0.17873096466064453
int8R,34,0.05089384317398071,2.719435214996338,-0.1304970681667328
int8R,35,0.04911705479025841,2.3807098865509033,-0.05942989140748978
int8R,36,0.021382413804531097,2.4190268516540527,0.010535458102822304
int8R,37,0.02138238400220871,2.441293478012085,0.11035528779029846
int8R,38,-0.0458027683198452,2.457037925720215,0.19085581600666046
int8R,39,-0.045802704989910126,2.404419422149658,-0.06440441310405731
int8R,40,0.060697589069604874,2.4190266132354736,0.010535543784499168
int8R,41,0.06069757789373398,2.441293478012085,0.11035528779029846
int8R,42,0.05788176506757736,2.457037925720215,0.19085581600666046
int8R,43,0.05788180232048035,2.404419422149658,-0.06440430879592896
int8R,44,0.05611080676317215,2.441293478012085,0.11035528779029846
int8R,45,0.04578523710370064,2.457037925720215,0.19085581600666046
int8R,46,0.05742132291197777,2.4190266132354736,0.010535543784499168
int8R,47,0.04924142733216286,2.404419422149658,-0.06440433114767075
int8R,48,-0.02095879055559635,3.0319411754608154,-0.1759781688451767
int8R,49,-0.02095883898437023,3.0433998107910156,0.050716083496809006
int8R,50,0.025770017877221107,3.034055709838867,-0.10719545930624008
int8R,51,0.025769993662834167,3.03839373588562,-0.019301315769553185
int8R,52,0.05968761444091797,3.034055709838867,-0.10719545930624008
int8R,53,0.059687595814466476,3.03839373588562,-0.019301315769553185
int8R,54,0.0578816719353199,3.0433998107910156,0.050716083496809006
int8R,55,0.05788169056177139,3.0319411754608154,-0.17597804963588715
int8R,56,0.05573054403066635,3.03839373588562,-0.019301315769553185
int8R,57,0.04868360981345177,3.0433998107910156,0.050716083496809006
int8R,58,0.05686114728450775,3.034055709838867,-0.10719545930624008
int8R,59,0.05131164938211441,3.0319411754608154,-0.17597806453704834
int9L,0,0.05788169428706169,3.050856828689575,-0.17873109877109528
int9L,1,0.05962642282247543,3.0524847507476807,-0.10988432914018631
int9L,2,-0.03658345341682434,3.8140058517456055,0.013109220191836357
int9L,3,-0.0046691372990608215,3.7222113609313965,-0.04765108972787857
int9L,4,0.06235092505812645,3.5620627403259277,-0.0875871479511261
int9L,5,0.059159498661756516,3.193110466003418,-0.1304011195898056
int9L,6,0.028946734964847565,3.643122673034668,-0.11111048609018326
int9L,7,-0.035297274589538574,3.8139359951019287,0.0025699175894260406
int9L,8,-0.0072791241109371185,3.719571113586426,-0.08940211683511734
int9L,9,0.06130799278616905,3.566673755645752,-0.13281863927841187
int9L,10,0.0578816756606102,3.1927649974823,-0.19938375055789948
int9L,11,0.0578816682100296,3.061089038848877,0.047897081822156906
int9L,12,0.05962641164660454,3.056260108947754,-0.022138740867376328
int9L,13,-0.03658345341682434,3.8158795833587646,0.035829029977321625
int9L,14,-0.0046691447496414185,3.726487159729004,0.013244923204183578
int9L,15,0.062350913882255554,3.5545735359191895,-0.027002472430467606
int9L,16,0.05915948003530502,3.1925909519195557,-0.04378899931907654
int9L,17,0.028946712613105774,3.6391994953155518,0.03603795915842056
int9L,18,-0.03529728204011917,3.8169405460357666,0.04899357259273529
int9L,19,-0.007279135286808014,3.7296700477600098,0.04736899957060814
int9L,20,0.06130797043442726,3.548729181289673,0.024706700816750526
int9L,21,0.05788164958357811,3.193796396255493,0.0267492663115263
int9L,22,0.1364186853170395,3.050856828689575,-0.17873097956180573
int9L,23,0.1364186853170395,3.061089038848877,0.047897081822156906
int9L,24,0.09347131848335266,3.0524847507476807,-0.10988432914018631
int9L,25,0.09347131848335266,3.056260108947754,-0.022138740867376328
int9L,26,-0.026298530399799347,3.8140058517456055,0.013109220191836357
int9L,27,-0.026298530399799347,3.8158795833587646,0.035829029977321625
int9L,28,0.018793964758515358,3.726487159729004,0.013244923204183578
int9L,29,0.018793964758515358,3.7222113609313965,-0.04765108972787857
int9L,30,0.08581402152776718,3.5620627403259277,-0.0875871479511261
int9L,31,0.08581402152776718,3.5545735359191895,-0.027002472430467606
int9L,32,0.0924495980143547,3.1925909519195557,-0.04378899931907654
int9L,33,0.0924495980143547,3.193110466003418,-0.1304011195898056
int9L,34,0.09927476942539215,3.643122673034668,-0.1111103743314743
int9L,35,0.09927476942539215,3.6391994953155518,0.03603795915842056
int9L,36,-0.011262144893407822,3.813936471939087,0.002570018172264099
int9L,37,-0.011262144893407822,3.8169405460357666,0.04899357259273529
int9L,38,0.053279612213373184,3.7296700477600098,0.04736899957060814
int9L,39,0.053279612213373184,3.719571113586426,-0.08940201252698898
int9L,40,0.12441122531890869,3.566673755645752,-0.1328185349702835
int9L,41,0.12441122531890869,3.548729181289673,0.024706700816750526
int9L,42,0.1341416835784912,3.193796396255493,0.0267492663115263
int9L,43,0.1341416835784912,3.1927649974823,-0.1993836611509323
int9L,44,0.028840893879532814,3.642137050628662,-0.06761911511421204
int9L,45,0.028840884566307068,3.6405303478240967,-0.006878769025206566
int9L,46,0.052303995937108994,3.642137050628662,-0.06761911511421204
int9L,47,0.052303995937108994,3.6405303478240967,-0.006878769025206566
int9L,48,0.0691012367606163,3.061089038848877,0.047897081822156906
int9L,49,0.06446140259504318,3.056260108947754,-0.022138740867376328
int9L,50,-0.03511418402194977,3.8158795833587646,0.035829029977321625
int9L,51,-0.0013172701001167297,3.726487159729004,0.013244923204183578
int9L,52,0.06570278853178024,3.5545735359191895,-0.027002472430467606
int9L,53,0.0639152079820633,3.1925909519195557,-0.04378899931907654
int9L,54,0.038993578404188156,3.6391994953155518,0.03603795915842056
int9L,55,-0.03186369687318802,3.8169405460357666,0.04899357259273529
int9L,56,0.0013721100986003876,3.7296700477600098,0.04736899957060814
int9L,57,0.07032272219657898,3.548729181289673,0.024706700816750526
int9L,58,0.06877593696117401,3.193796396255493,0.0267492663115263
int9L,59,0.03219275549054146,3.6405303478240967,-0.006878769025206566
int9L,60,0.06910126656293869,3.050856828689575,-0.17873109877109528
int9L,61,0.06446141004562378,3.0524847507476807,-0.10988432914018631
int9L,62,-0.03511418402194977,3.8140058517456055,0.013109220191836357
int9L,63,-0.0013172626495361328,3.7222113609313965,-0.04765108972787857
int9L,64,0.06570278853178024,3.5620627403259277,-0.0875871479511261
int9L,65,0.06391522288322449,3.193110466003418,-0.1304011195898056
int9L,66,0.03899359703063965,3.643122673034668,-0.11111047118902206
int9L,67,-0.03186368942260742,3.8139359951019287,0.002569938078522682
int9L,68,0.0013721249997615814,3.719571113586426,-0.08940210193395615
int9L,69,0.07032274454832077,3.566673755645752,-0.13281862437725067
int9L,70,0.0687759593129158,3.1927649974823,-0.1993837207555771
int9L,71,0.032192762941122055,3.642137050628662,-0.06761911511421204
int9L,72,0.05788169428706169,3.0698256492614746,-0.18149173259735107
int9L,73,0.059564005583524704,3.071282386779785,-0.1126268282532692
int9L,74,0.057881664484739304,3.0788280963897705,0.04507024213671684
int9L,75,0.059564001858234406,3.0744833946228027,-0.025032764300704002
int9L,76,0.13611431419849396,3.0698256492614746,-0.18149161338806152
int9L,77,0.13611431419849396,3.0788280963897705,0.04507024213671684
int9L,78,0.09333474189043045,3.071282386779785,-0.1126268282532692
int9L,79,0.09333474189043045,3.0744833946228027,-0.025032764300704002
int9L,80,0.06905775517225266,3.0788280963897705,0.04507024213671684
int9L,81,0.06438839435577393,3.0744833946228027,-0.025032764300704002
int9L,82,0.06905778497457504,3.0698256492614746,-0.18149173259735107
int9L,83,0.06438840180635452,3.071282386779785,-0.1126268282532692
int9L,84,-0.030677497386932373,3.7970187664031982,0.001865103840827942
int9L,85,-0.030112333595752716,3.796473264694214,-0.014450116083025932
int9L,86,-0.030677497386932373,3.7993369102478027,0.031649697571992874
int9L,87,-0.030112341046333313,3.800790548324585,0.04869292303919792
int9L,88,-0.01795385777950287,3.7993369102478027,0.031649697571992874
int9L,89,-0.01795385777950287,3.7970187664031982,0.001865103840827942
int9L,90,0.0006817393004894257,3.800790548324585,0.04869291931390762
int9L,91,0.0006817393004894257,3.796473503112793,-0.014450035989284515
int9L,92,-0.028859831392765045,3.7993369102478027,0.031649697571992874
int9L,93,-0.025713182985782623,3.800790548324585,0.04869292303919792
int9L,94,-0.028859831392765045,3.7970187664031982,0.001865103840827942
int9L,95,-0.02571316808462143,3.796473264694214,-0.014450104907155037
int9R,0,-0.018378380686044693,3.193796396255493,0.0267492663115263
int9R,1,-0.018378328531980515,3.1927649974823,-0.19938383996486664
int9R,2,-0.0017952453345060349,3.566673755645752,-0.13281874358654022
int9R,3,-0.0017952825874090195,3.548729181289673,0.024706700816750526
int9R,4,-0.06783788651227951,3.7296700477600098,0.04736899957060814
int9R,5,-0.06783785670995712,3.719571113586426,-0.0894022211432457
int9R,6,-0.05933240428566933,3.8139357566833496,0.0025698207318782806
int9R,7,-0.05933241918683052,3.8169405460357666,0.04899357259273529
int9R,8,-0.0413813479244709,3.6391994953155518,0.03603795915842056
int9R,9,-0.04138130694627762,3.643122673034668,-0.11111059039831161
int9R,10,0.02586936578154564,3.1925909519195557,-0.04378899931907654
int9R,11,0.02586938813328743,3.193110466003418,-0.1304011195898056
int9R,12,0.03888782113790512,3.5620627403259277,-0.0875871479511261
int9R,13,0.038887813687324524,3.5545735359191895,-0.027002468705177307
int9R,14,-0.028132254257798195,3.726487159729004,0.013244923204183578
int9R,15,-0.028132235631346703,3.7222113609313965,-0.04765108972787857
int9R,16,-0.04686838015913963,3.8140058517456055,0.013109227642416954
int9R,17,-0.04686838760972023,3.8158795833587646,0.035829029977321625
int9R,18,0.025781508535146713,3.056260108947754,-0.02213873900473118
int9R,19,0.0257815383374691,3.0524847507476807,-0.10988432914018631
int9R,20,-0.02065533585846424,3.061089038848877,0.047897081822156906
int9R,21,-0.020655281841754913,3.050856590270996,-0.17873120307922363
int9R,22,0.05788164585828781,3.193796396255493,0.0267492663115263
int9R,23,0.06130797415971756,3.548729181289673,0.024706700816750526
int9R,24,-0.007279135286808014,3.7296700477600098,0.04736899957060814
int9R,25,-0.03529728204011917,3.8169405460357666,0.04899357259273529
int9R,26,0.028946716338396072,3.6391994953155518,0.03603795915842056
int9R,27,0.05915948748588562,3.1925909519195557,-0.04378899931907654
int9R,28,0.06235092133283615,3.5545735359191895,-0.027002468705177307
int9R,29,-0.00466914102435112,3.726487159729004,0.013244923204183578
int9R,30,-0.03658345341682434,3.8158795833587646,0.035829029977321625
int9R,31,0.05962640792131424,3.056260108947754,-0.02213873900473118
int9R,32,0.0578816682100296,3.061089038848877,0.047897081822156906
int9R,33,0.0578816756606102,3.1927649974823,-0.19938375055789948
int9R,34,0.06130799651145935,3.566673755645752,-0.13281863927841187
int9R,35,-0.00727912038564682,3.719571113586426,-0.08940211683511734
int9R,36,-0.035297274589538574,3.8139359951019287,0.0025699250400066376
int9R,37,0.028946738690137863,3.643122673034668,-0.11111048609018326
int9R,38,0.059159502387046814,3.193110466003418,-0.1304011195898056
int9R,39,0.06235092878341675,3.5620627403259277,-0.0875871479511261
int9R,40,-0.004669135436415672,3.7222113609313965,-0.04765108972787857
int9R,41,-0.03658345341682434,3.8140058517456055,0.013109227642416954
int9R,42,0.05962642282247543,3.0524847507476807,-0.10988432914018631
int9R,43,0.05788169801235199,3.050856828689575,-0.17873109877109528
int9R,44,0.005377776920795441,3.6405303478240967,-0.006878769025206566
int9R,45,0.028840888291597366,3.6405303478240967,-0.006878769025206566
int9R,46,0.028840895742177963,3.642137050628662,-0.06761911511421204
int9R,47,0.0053777918219566345,3.642137050628662,-0.06761911511421204
int9R,48,0.05020863562822342,3.1927649974823,-0.19938375055789948
int9R,49,0.05495874583721161,3.566673755645752,-0.13281863927841187
int9R,50,-0.013372344896197319,3.719571113586426,-0.08940212428569794
int9R,51,-0.0377156138420105,3.8139359951019287,0.002569913864135742
int9R,52,0.021870553493499756,3.643122673034668,-0.11111049354076385
int9R,53,0.055809952318668365,3.193110466003418,-0.1304011195898056
int9R,54,0.059990137815475464,3.5620627403259277,-0.0875871479511261
int9R,55,-0.00702991709113121,3.7222113609313965,-0.04765108972787857
int9R,56,-0.03761828690767288,3.8140058517456055,0.013109227642416954
int9R,57,0.05622106045484543,3.0524847507476807,-0.10988432914018631
int9R,58,0.0499795600771904,3.050856828689575,-0.17873109877109528
int9R,59,0.026480112224817276,3.642137050628662,-0.06761911511421204
int9R,60,0.04916621744632721,3.193796396255493,0.0267492663115263
int9R,61,0.05409616976976395,3.548729181289673,0.024706700816750526
int9R,62,-0.01420013140887022,3.7296700477600098,0.04736899957060814
int9R,63,-0.03804416209459305,3.8169405460357666,0.04899357259273529
int9R,64,0.020909223705530167,3.6391994953155518,0.03603795915842056
int9R,65,0.05535489320755005,3.1925909519195557,-0.04378899931907654
int9R,66,0.059669412672519684,3.5545735359191895,-0.027002468705177307
int9R,67,-0.007350640371441841,3.726487159729004,0.013244923204183578
int9R,68,-0.03775887191295624,3.8158795833587646,0.035829029977321625
int9R,69,0.05575842410326004,3.056260108947754,-0.02213873900473118
int9R,70,0.048906005918979645,3.061089038848877,0.047897081822156906
int9R,71,0.026159387081861496,3.6405303478240967,-0.006878769025206566
int9R,72,-0.06162180006504059,3.7885358333587646,-0.022186050191521645
int9R,73,-0.061621811240911484,3.793450117111206,0.04855627939105034
int9R,74,-0.04182523116469383,3.791818141937256,0.02975013293325901
int9R,75,-0.04182523116469383,3.7892978191375732,-0.0032454580068588257
int9R,76,-0.02775571495294571,3.793450117111206,0.04855627939105034
int9R,77,-0.02799316868185997,3.791818141937256,0.02975013293325901
int9R,78,-0.027755703777074814,3.7885360717773438,-0.022185929119586945
int9R,79,-0.02799316868185997,3.7892978191375732,-0.0032454580068588257
int9R,80,-0.031163204461336136,3.7885360717773438,-0.02218594402074814
int9R,81,-0.029384903609752655,3.7892978191375732,-0.0032454580068588257
int9R,82,-0.031626127660274506,3.793450117111206,0.04855627939105034
int9R,83,-0.029573975130915642,3.791818141937256,0.02975013293325901
int9R,84,0.02579357847571373,3.074986219406128,-0.02511257864534855
int9R,85,0.02579360455274582,3.071800947189331,-0.11270248144865036
int9R,86,-0.02034258283674717,3.079317331314087,0.04499225318431854
int9R,87,-0.020342525094747543,3.0703489780426025,-0.18156801164150238
int9R,88,0.059562280774116516,3.074986219406128,-0.02511257864534855
int9R,89,0.0578816682100296,3.079317331314087,0.04499225318431854
int9R,90,0.05956228822469711,3.071800947189331,-0.11270248144865036
int9R,91,0.05788169056177139,3.0703489780426025,-0.18156790733337402
int9R,92,0.056164585053920746,3.071800947189331,-0.11270248144865036
int9R,93,0.05001101642847061,3.0703489780426025,-0.18156790733337402
int9R,94,0.05570299178361893,3.074986219406128,-0.02511257864534855
int9R,95,0.048941753804683685,3.079317331314087,0.04499225318431854
NSML,0,0.03818666934967041,-2.924928665161133,0.5064811110496521
NSML,1,0.03818666934967041,-2.94882869720459,0.511876106262207
NSML,2,0.013685350306332111,-2.94882869720459,0.511876106262207
NSML,3,0.013685354962944984,-2.924928665161133,0.5064811110496521
NSML,4,0.03818667307496071,-2.9195337295532227,0.5303810834884644
NSML,5,0.03818666189908981,-2.9434337615966797,0.5357760787010193
NSML,6,0.013685345649719238,-2.9434337615966797,0.5357760787010193
NSML,7,0.013685351237654686,-2.9195337295532227,0.5303810834884644
NSML,8,0.02417922392487526,-2.921844482421875,0.5201447606086731
NSML,9,0.027692798525094986,-2.921844482421875,0.5201447606086731
NSML,10,0.02417922578752041,-2.9226181507110596,0.5167174339294434
NSML,11,0.027692798525094986,-2.9226181507110596,0.5167174339294434
NSML,12,0.02752688340842724,-2.880955457687378,0.5045450329780579
NSML,13,0.02434515208005905,-2.880955457687378,0.5045450329780579
NSML,14,0.02752688340842724,-2.8802547454833984,0.5076487064361572
NSML,15,0.024345150217413902,-2.8802547454833984,0.5076487064361572
NSML,16,0.024345150217413902,-2.8767495155334473,0.506956934928894
NSML,17,0.02752688340842724,-2.8767495155334473,0.506956934928894
NSML,18,0.02434515208005905,-2.877239942550659,0.5038132071495056
NSML,19,0.02752688340842724,-2.877239942550659,0.5038132071495056
NSML,20,0.02752688340842724,-2.7956881523132324,0.47273972630500793
NSML,21,0.02434515208005905,-2.7956881523132324,0.47273972630500793
NSML,22,0.02752688340842724,-2.794987678527832,0.4758433699607849
NSML,23,0.024345150217413902,-2.794987678527832,0.4758433699607849
NSML,24,0.024345150217413902,-2.6176977157592773,0.41428083181381226
NSML,25,0.02752688340842724,-2.6176977157592773,0.41428083181381226
NSML,26,0.02434515208005905,-2.6183981895446777,0.4111771881580353
NSML,27,0.02752688340842724,-2.6183981895446777,0.4111771881580353
NSML,28,0.02752688340842724,-2.5953261852264404,0.40513333678245544
NSML,29,0.02434515208005905,-2.5953261852264404,0.40513333678245544
NSML,30,0.02752688340842724,-2.59462571144104,0.40823695063591003
NSML,31,0.024345150217413902,-2.59462571144104,0.40823695063591003
NSML,32,0.026605162769556046,-2.8773300647735596,0.5007610321044922
NSML,33,0.023630524054169655,-2.8773300647735596,0.5011633038520813
NSML,34,0.02371215634047985,-2.8808505535125732,0.5017669796943665
NSML,35,0.026686793193221092,-2.8808505535125732,0.5013647079467773
NSML,36,0.022364867851138115,-2.8820807933807373,0.49110111594200134
NSML,37,0.019774263724684715,-2.8817343711853027,0.4925772547721863
NSML,38,0.01994403451681137,-2.8782055377960205,0.4920468330383301
NSML,39,0.02253463864326477,-2.878551959991455,0.49057069420814514
NSML,40,0.013527195900678635,-2.878965377807617,0.4773203134536743
NSML,41,0.01152847707271576,-2.8786978721618652,0.4795438051223755
NSML,42,0.011509033851325512,-2.882246971130371,0.4799530506134033
NSML,43,0.013507753610610962,-2.882514238357544,0.47772955894470215
NSML,44,-0.0009260047227144241,-2.8831558227539062,0.4683261215686798
NSML,45,-0.002208234742283821,-2.8829843997955322,0.4710347652435303
NSML,46,-0.002286374568939209,-2.879422426223755,0.47077223658561707
NSML,47,-0.001004151999950409,-2.879593849182129,0.4680635929107666
NSML,48,-0.018747683614492416,-2.8798375129699707,0.4641125500202179
NSML,49,-0.01874730736017227,-2.8796658515930176,0.467109352350235
NSML,50,-0.018711194396018982,-2.883232593536377,0.46731361746788025
NSML,51,-0.018711570650339127,-2.88340425491333,0.46431681513786316
NSML,52,-0.03647853061556816,-2.883333683013916,0.4676135778427124
NSML,53,-0.035195257514715195,-2.883162021636963,0.47032174468040466
NSML,54,-0.03531533107161522,-2.8795955181121826,0.4701525866985321
NSML,55,-0.036598604172468185,-2.8797669410705566,0.46744444966316223
NSML,56,-0.05139107629656792,-2.879103183746338,0.4776444435119629
NSML,57,-0.0491805337369442,-2.8789315223693848,0.47966790199279785
NSML,58,-0.04900549724698067,-2.882498025894165,0.4797791838645935
NSML,59,-0.05121605470776558,-2.882669687271118,0.47775575518608093
NSML,60,-0.061244089156389236,-2.8816795349121094,0.4923875331878662
NSML,61,-0.0584002248942852,-2.8815078735351562,0.4933326840400696
NSML,62,-0.058605436235666275,-2.877941370010376,0.49330249428749084
NSML,63,-0.06144930049777031,-2.878113031387329,0.49235737323760986
NSML,64,-0.06505231559276581,-2.876962184906006,0.5101096034049988
NSML,65,-0.062057238072156906,-2.8767905235290527,0.5100081562995911
NSML,66,-0.06185431405901909,-2.880357027053833,0.509965181350708
NSML,67,-0.06484940648078918,-2.880528688430786,0.5100666284561157
NSML,68,-0.06138871982693672,-2.879239320755005,0.5274483561515808
NSML,69,-0.05876756086945534,-2.8790676593780518,0.525995671749115
NSML,70,-0.058928731828927994,-2.8755011558532715,0.5261262655258179
NSML,71,-0.06154989078640938,-2.8756728172302246,0.5275789499282837
NSML,72,-0.05669623985886574,-2.8757834434509277,0.5363790392875671
NSML,73,-0.054819125682115555,-2.8756117820739746,0.5340429544448853
NSML,74,-0.054719310253858566,-2.879178285598755,0.5338611006736755
NSML,75,-0.05659641698002815,-2.879349946975708,0.5361971855163574
NSML,76,-0.050902944058179855,-2.875196933746338,0.5377709269523621
NSML,77,-0.05102817341685295,-2.875070810317993,0.5347744822502136
NSML,78,-0.05409393087029457,-2.8732481002807617,0.5349792838096619
NSML,79,-0.053968701511621475,-2.8733739852905273,0.5379757285118103
NSML,80,-0.049788009375333786,-2.864739418029785,0.5347064137458801
NSML,81,-0.0499589703977108,-2.8652002811431885,0.5317452549934387
NSML,82,-0.0463932640850544,-2.865318775177002,0.5315578579902649
NSML,83,-0.04622231051325798,-2.8648579120635986,0.5345190167427063
NSML,84,-0.04625178501009941,-2.8226771354675293,0.5073626041412354
NSML,85,-0.04642273858189583,-2.8228845596313477,0.5043729543685913
NSML,86,-0.04998844489455223,-2.822782516479492,0.5045697689056396
NSML,87,-0.049817491322755814,-2.822575092315674,0.5075594186782837
NSML,88,-0.04956461861729622,-2.725100040435791,0.4747472107410431
NSML,89,-0.04973557963967323,-2.7253074645996094,0.47175753116607666
NSML,90,-0.04616987332701683,-2.725409507751465,0.4715607464313507
NSML,91,-0.045998912304639816,-2.7252023220062256,0.47455039620399475
NSML,92,-0.046233225613832474,-2.644639492034912,0.4473098814487457
NSML,93,-0.04640417918562889,-2.6448469161987305,0.4443202316761017
NSML,94,-0.049969885498285294,-2.644744873046875,0.44451701641082764
NSML,95,-0.04979892447590828,-2.6445374488830566,0.4475066661834717
NSML,96,-0.04957505688071251,-2.6368770599365234,0.44477713108062744
NSML,97,-0.04974601790308952,-2.637084484100342,0.4417874813079834
NSML,98,-0.04618031159043312,-2.6371865272521973,0.44159066677093506
NSML,99,-0.046009358018636703,-2.636979341506958,0.4445803165435791
NSMR,0,0.008668288588523865,-2.636979341506958,0.4445803165435791
NSMR,1,0.008839234709739685,-2.6371865272521973,0.44159063696861267
NSMR,2,0.012404948472976685,-2.637084484100342,0.4417874217033386
NSMR,3,0.012233980000019073,-2.6368770599365234,0.44477710127830505
NSMR,4,0.01245785504579544,-2.6445374488830566,0.4475066363811493
NSMR,5,0.012628816068172455,-2.644744873046875,0.44451698660850525
NSMR,6,0.009063102304935455,-2.6448469161987305,0.4443202018737793
NSMR,7,0.008892141282558441,-2.644639492034912,0.44730985164642334
NSMR,8,0.00865783542394638,-2.7252023220062256,0.47455036640167236
NSMR,9,0.008828803896903992,-2.725409507751465,0.4715607166290283
NSMR,10,0.012394502758979797,-2.7253074645996094,0.4717575013637543
NSMR,11,0.01222354918718338,-2.725100040435791,0.4747471809387207
NSMR,12,0.012476421892642975,-2.822575092315674,0.5075593590736389
NSMR,13,0.012647368013858795,-2.822782516479492,0.5045697093009949
NSMR,14,0.009081654250621796,-2.8228845596313477,0.5043728947639465
NSMR,15,0.008910708129405975,-2.8226771354675293,0.5073625445365906
NSMR,16,0.008881241083145142,-2.8648579120635986,0.5345189571380615
NSMR,17,0.009052187204360962,-2.865318775177002,0.5315577983856201
NSMR,18,0.012617900967597961,-2.8652002811431885,0.531745195388794
NSMR,19,0.012446939945220947,-2.864739418029785,0.5347063541412354
NSMR,20,0.01662762463092804,-2.8733742237091064,0.5379756689071655
NSMR,21,0.016752861440181732,-2.8732481002807617,0.5349792242050171
NSMR,22,0.013687103986740112,-2.875070810317993,0.5347744226455688
NSMR,23,0.01356186717748642,-2.875196933746338,0.5377708673477173
NSMR,24,0.019255340099334717,-2.879349946975708,0.5361971855163574
NSMR,25,0.01737823337316513,-2.879178285598755,0.5338611006736755
NSMR,26,0.017478041350841522,-2.8756117820739746,0.5340428948402405
NSMR,27,0.019355162978172302,-2.8757834434509277,0.5363789796829224
NSMR,28,0.024208813905715942,-2.8756728172302246,0.5275789499282837
NSMR,29,0.021587654948234558,-2.8755011558532715,0.5261262655258179
NSMR,30,0.021426483988761902,-2.8790676593780518,0.525995671749115
NSMR,31,0.024047642946243286,-2.879239320755005,0.5274483561515808
NSMR,32,0.02750832587480545,-2.880528688430786,0.5100666284561157
NSMR,33,0.024513237178325653,-2.880357027053833,0.5099651217460632
NSMR,34,0.02471616119146347,-2.8767905235290527,0.5100080966949463
NSMR,35,0.02771124243736267,-2.876962184906006,0.5101096034049988
NSMR,36,0.024108223617076874,-2.878113031387329,0.4923573136329651
NSMR,37,0.02126435935497284,-2.877941370010376,0.49330246448516846
NSMR,38,0.021059148013591766,-2.8815078735351562,0.4933326542377472
NSMR,39,0.0239030122756958,-2.8816795349121094,0.4923875033855438
NSMR,40,0.013874970376491547,-2.882669687271118,0.47775572538375854
NSMR,41,0.011664420366287231,-2.882498025894165,0.4797791540622711
NSMR,42,0.01183946430683136,-2.8789315223693848,0.47966787219047546
NSMR,43,0.014050006866455078,-2.879103183746338,0.4776444137096405
NSMR,44,-0.0007424689829349518,-2.8797671794891357,0.46744439005851746
NSMR,45,-0.0020257458090782166,-2.8795955181121826,0.4701525568962097
NSMR,46,-0.002145811915397644,-2.883162021636963,0.4703216850757599
NSMR,47,-0.0008625388145446777,-2.883333683013916,0.4676135182380676
NSMR,48,-0.01862950623035431,-2.88340425491333,0.464316725730896
NSMR,49,-0.018629875034093857,-2.883232593536377,0.4673135578632355
NSMR,50,-0.018593769520521164,-2.8796658515930176,0.4671092927455902
NSMR,51,-0.018593400716781616,-2.8798375129699707,0.4641124904155731
NSMR,52,-0.03633692115545273,-2.879593849182129,0.46806350350379944
NSMR,53,-0.03505469858646393,-2.879422426223755,0.4707721471786499
NSMR,54,-0.035132844001054764,-2.8829843997955322,0.4710346758365631
NSMR,55,-0.036415062844753265,-2.8831558227539062,0.46832603216171265
NSMR,56,-0.050848815590143204,-2.882514238357544,0.4777294397354126
NSMR,57,-0.048850104212760925,-2.882246971130371,0.47995293140411377
NSMR,58,-0.0488695465028286,-2.8786978721618652,0.4795437157154083
NSMR,59,-0.05086827278137207,-2.878965377807617,0.47732022404670715
NSMR,60,-0.05987570434808731,-2.878551959991455,0.490570604801178
NSMR,61,-0.057285115122795105,-2.8782055377960205,0.4920467436313629
NSMR,62,-0.057115338742733,-2.8817343711853027,0.4925771653652191
NSMR,63,-0.0597059428691864,-2.8820807933807373,0.4911010265350342
NSMR,64,-0.06402787566184998,-2.8808505535125732,0.5013646483421326
NSMR,65,-0.061053235083818436,-2.8808505535125732,0.5017668604850769
NSMR,66,-0.06097159907221794,-2.8773300647735596,0.5011631846427917
NSMR,67,-0.06394623965024948,-2.8773303031921387,0.5007609724998474
NSMR,68,-0.06168621405959129,-2.59462571144104,0.40823686122894287
NSMR,69,-0.06486795842647552,-2.59462571144104,0.40823686122894287
NSMR,70,-0.06168621405959129,-2.5953264236450195,0.4051332473754883
NSMR,71,-0.06486795842647552,-2.5953264236450195,0.4051332473754883
NSMR,72,-0.06486795842647552,-2.6183981895446777,0.4111770987510681
NSMR,73,-0.06168621405959129,-2.6183981895446777,0.4111770987510681
NSMR,74,-0.06486795842647552,-2.6176977157592773,0.4142807126045227
NSMR,75,-0.06168621405959129,-2.6176977157592773,0.4142807126045227
NSMR,76,-0.06168621405959129,-2.794987678527832,0.47584325075149536
NSMR,77,-0.06486795842647552,-2.794987678527832,0.47584325075149536
NSMR,78,-0.06168621405959129,-2.7956881523132324,0.47273963689804077
NSMR,79,-0.06486795842647552,-2.7956881523132324,0.4727396070957184
NSMR,80,-0.06486795842647552,-2.877239942550659,0.5038130879402161
NSMR,81,-0.06168621405959129,-2.877239942550659,0.5038130879402161
NSMR,82,-0.06486795842647552,-2.8767495155334473,0.5069568157196045
NSMR,83,-0.06168621405959129,-2.8767495155334473,0.5069568157196045
NSMR,84,-0.06168621405959129,-2.8802547454833984,0.5076485872268677
NSMR,85,-0.06486795842647552,-2.8802547454833984,0.5076485872268677
NSMR,86,-0.06168621405959129,-2.880955457687378,0.5045449733734131
NSMR,87,-0.06486795842647552,-2.880955457687378,0.5045449137687683
NSMR,88,-0.06503387540578842,-2.9226181507110596,0.5167173147201538
NSMR,89,-0.0615202970802784,-2.9226181507110596,0.5167173147201538
NSMR,90,-0.06503387540578842,-2.921844482421875,0.5201446413993835
NSMR,91,-0.0615202970802784,-2.921844482421875,0.5201446413993835
NSMR,92,-0.05102643370628357,-2.9195337295532227,0.5303809642791748
NSMR,93,-0.051026418805122375,-2.9434337615966797,0.5357759594917297
NSMR,94,-0.07552774250507355,-2.9434337615966797,0.5357759594917297
NSMR,95,-0.07552774250507355,-2.9195337295532227,0.5303809642791748
NSMR,96,-0.05102643370628357,-2.924928665161133,0.5064809918403625
NSMR,97,-0.05102643370628357,-2.94882869720459,0.5118759870529175
NSMR,98,-0.07552774250507355,-2.94882869720459,0.5118759870529175
NSMR,99,-0.07552774250507355,-2.924928665161133,0.5064809918403625
PDEL,0,0.002353653311729431,1.438544750213623,0.03411711007356644
PDEL,1,0.002353653311729431,1.4385048151016235,0.036406509578228
PDEL,2,0.0023862719535827637,1.435915231704712,0.03673768788576126
PDEL,3,0.0023862719535827637,1.4359550476074219,0.034448347985744476
PDEL,4,0.26095980405807495,1.4416835308074951,0.22343359887599945
PDEL,5,0.2560330927371979,1.4417383670806885,0.22341693937778473
PDEL,6,0.25563129782676697,1.4361486434936523,0.22343356907367706
PDEL,7,0.26055800914764404,1.4360935688018799,0.22345022857189178
PDEL,8,0.2487853765487671,1.4398993253707886,0.17676417529582977
PDEL,9,0.24513006210327148,1.4433763027191162,0.1780564934015274
PDEL,10,0.24147474765777588,1.4399248361587524,0.1794155091047287
PDEL,11,0.24513006210327148,1.4364479780197144,0.17812317609786987
PDEL,12,0.198543518781662,1.4390158653259277,0.08496645838022232
PDEL,13,0.19558188319206238,1.4427080154418945,0.08752423524856567
PDEL,14,0.19262023270130157,1.43906569480896,0.09015262126922607
PDEL,15,0.19558188319206238,1.4353735446929932,0.08759482204914093
PDEL,16,0.10012643784284592,1.4384616613388062,0.027389556169509888
PDEL,17,0.09852360188961029,1.4421614408493042,0.030742309987545013
PDEL,18,0.09692078828811646,1.4385268688201904,0.034165624529123306
PDEL,19,0.09852360188961029,1.4348270893096924,0.030812885612249374
PDEL,20,-0.012943804264068604,-2.4792981147766113,0.17198961973190308
PDEL,21,-0.016325220465660095,-2.4792981147766113,0.17198961973190308
PDEL,22,-0.01294378936290741,-2.4788901805877686,0.1753462553024292
PDEL,23,-0.016325220465660095,-2.4788901805877686,0.1753462553024292
PDEL,24,-0.016325220465660095,-2.4331228733062744,0.14747628569602966
PDEL,25,-0.01294378936290741,-2.4331228733062744,0.14747628569602966
PDEL,26,-0.016325220465660095,-2.433738946914673,0.14415138959884644
PDEL,27,-0.012943804264068604,-2.433738946914673,0.14415138959884644
PDEL,28,-0.01294378936290741,-2.14996337890625,-0.054088294506073
PDEL,29,-0.016325220465660095,-2.14996337890625,-0.054088294506073
PDEL,30,-0.01294378936290741,-2.1493473052978516,-0.05076354742050171
PDEL,31,-0.016325220465660095,-2.1493473052978516,-0.05076354742050171
PDEL,32,-0.016325220465660095,-2.1016228199005127,-0.08240997791290283
PDEL,33,-0.01294378936290741,-2.1016228199005127,-0.08240997791290283
PDEL,34,-0.016325220465660095,-2.102238416671753,-0.08573484420776367
PDEL,35,-0.01294378936290741,-2.102238416671753,-0.08573484420776367
PDEL,36,-0.01294378936290741,-1.6764811277389526,-0.3776593506336212
PDEL,37,-0.016325220465660095,-1.6764811277389526,-0.3776593506336212
PDEL,38,-0.01294378936290741,-1.6758650541305542,-0.3743344843387604
PDEL,39,-0.016325220465660095,-1.6758650541305542,-0.3743344843387604
PDEL,40,-0.016325220465660095,-1.6279549598693848,-0.3990781307220459
PDEL,41,-0.01294378936290741,-1.6279549598693848,-0.3990781307220459
PDEL,42,-0.016325220465660095,-1.628570556640625,-0.4024030268192291
PDEL,43,-0.01294378936290741,-1.628570556640625,-0.4024030268192291
PDEL,44,-0.01294378936290741,-1.3548965454101562,-0.5413750410079956
PDEL,45,-0.016325220465660095,-1.3548965454101562,-0.5413750410079956
PDEL,46,-0.01294378936290741,-1.354280948638916,-0.5380501747131348
PDEL,47,-0.016325220465660095,-1.354280948638916,-0.5380501747131348
PDEL,48,-0.016325220465660095,-1.1845887899398804,-0.6003653407096863
PDEL,49,-0.01294378936290741,-1.1845887899398804,-0.6003653407096863
PDEL,50,-0.016325220465660095,-1.1852047443389893,-0.6036902070045471
PDEL,51,-0.01294378936290741,-1.1852047443389893,-0.6036902070045471
PDEL,52,-0.01294378936290741,-1.023643970489502,-0.6418116092681885
PDEL,53,-0.016325220465660095,-1.023643970489502,-0.6418116092681885
PDEL,54,-0.01294378936290741,-1.0234283208847046,-0.6384369730949402
PDEL,55,-0.016325220465660095,-1.0234283208847046,-0.6384369730949402
PDEL,56,-0.016325220465660095,-0.8413615226745605,-0.6650546193122864
PDEL,57,-0.01294378936290741,-0.8413615226745605,-0.6650546193122864
PDEL,58,-0.016325220465660095,-0.841577410697937,-0.6684290766716003
PDEL,59,-0.01294378936290741,-0.841577410697937,-0.6684290766716003
PDEL,60,-0.01294378936290741,-0.5333486199378967,-0.6723709106445312
PDEL,61,-0.016325220465660095,-0.5333486199378967,-0.6723709106445312
PDEL,62,-0.01294378936290741,-0.5331327319145203,-0.6689964532852173
PDEL,63,-0.016325220465660095,-0.5331327319145203,-0.6689964532852173
PDEL,64,-0.016325220465660095,-0.472098708152771,-0.6570905447006226
PDEL,65,-0.01294378936290741,-0.472098708152771,-0.6570905447006226
PDEL,66,-0.016325220465660095,-0.4709203839302063,-0.660260021686554
PDEL,67,-0.01294378936290741,-0.4709203839302063,-0.660260021686554
PDEL,68,-0.01294378936290741,-0.03405965119600296,-0.533948540687561
PDEL,69,-0.0163252055644989,-0.03405965119600296,-0.533948540687561
PDEL,70,-0.01294378936290741,-0.034919969737529755,-0.530678391456604
PDEL,71,-0.0163252055644989,-0.034919969737529755,-0.530678391456604
PDEL,72,-0.0163252055644989,0.03743678331375122,-0.4992027282714844
PDEL,73,-0.01294378936290741,0.03743678331375122,-0.4992027282714844
PDEL,74,-0.0163252055644989,0.038297370076179504,-0.5024726390838623
PDEL,75,-0.01294378936290741,0.038297370076179504,-0.5024726390838623
PDEL,76,-0.01294378936290741,0.3223235011100769,-0.3549949526786804
PDEL,77,-0.0163252055644989,0.3223235011100769,-0.3549949526786804
PDEL,78,-0.01294378936290741,0.3217061161994934,-0.35167017579078674
PDEL,79,-0.0163252055644989,0.3217061161994934,-0.35167017579078674
PDEL,80,-0.04378712177276611,0.35933658480644226,-0.303907185792923
PDEL,81,-0.041749536991119385,0.3620351552963257,-0.30390721559524536
PDEL,82,-0.045136287808418274,0.3603554964065552,-0.3068358898162842
PDEL,83,-0.04309868812561035,0.36305397748947144,-0.3068358302116394
PDEL,84,-0.01294378936290741,0.847737193107605,-0.021632809191942215
PDEL,85,-0.0163252055644989,0.847737193107605,-0.021632809191942215
PDEL,86,-0.012943774461746216,0.8472942113876343,-0.018280182033777237
PDEL,87,-0.0163252055644989,0.8472942113876343,-0.018280182033777237
PDEL,88,-0.0163252055644989,0.8929728269577026,-0.0031867139041423798
PDEL,89,-0.012943774461746216,0.8929728269577026,-0.0031867139041423798
PDEL,90,-0.0163252055644989,0.8934158682823181,-0.006539393216371536
PDEL,91,-0.01294378936290741,0.8934158682823181,-0.006539393216371536
PDEL,92,-0.01294378936290741,1.1624717712402344,0.042920924723148346
PDEL,93,-0.0163252055644989,1.1624717712402344,0.042920924723148346
PDEL,94,-0.012943774461746216,1.162236213684082,0.04629462957382202
PDEL,95,-0.0163252055644989,1.162236213684082,0.04629462957382202
PDEL,96,-0.0163252055644989,1.2505590915679932,0.04642815142869949
PDEL,97,-0.012943774461746216,1.2505590915679932,0.04642815142869949
PDEL,98,-0.0163252055644989,1.2507952451705933,0.04305432736873627
PDEL,99,-0.01294378936290741,1.2507952451705933,0.04305432736873627
PDEL,100,-0.012943774461746216,1.675870656967163,0.021023977547883987
PDEL,101,-0.0163252055644989,1.675870656967163,0.021023977547883987
PDEL,102,-0.012943774461746216,1.675634503364563,0.024397926405072212
PDEL,103,-0.0163252055644989,1.675634503364563,0.024397926405072212
PDEL,104,-0.0163252055644989,1.7473812103271484,0.01249254122376442
PDEL,105,-0.012943774461746216,1.7473812103271484,0.01249254122376442
PDEL,106,-0.0163252055644989,1.7463797330856323,0.00926205888390541
PDEL,107,-0.012943774461746216,1.7463797330856323,0.00926205888390541
PDEL,108,-0.01294378936290741,2.491410255432129,-0.20413178205490112
PDEL,109,-0.0163252055644989,2.491410255432129,-0.20413178205490112
PDEL,110,-0.01294378936290741,2.4914908409118652,-0.20075048506259918
PDEL,111,-0.0163252055644989,2.4914908409118652,-0.20075048506259918
PDEL,112,-0.0163252055644989,2.562581777572632,-0.21341019868850708
PDEL,113,-0.01294378936290741,2.562581777572632,-0.21341019868850708
PDEL,114,-0.0163252055644989,2.562546730041504,-0.21679240465164185
PDEL,115,-0.01294378936290741,2.562546730041504,-0.21679240465164185
PDEL,116,-0.01294378936290741,2.833033800125122,-0.2518712878227234
PDEL,117,-0.0163252055644989,2.833033800125122,-0.2518712878227234
PDEL,118,-0.01294378936290741,2.83306884765625,-0.24848918616771698
PDEL,119,-0.0163252055644989,2.83306884765625,-0.24848918616771698
PDEL,120,-0.0163252055644989,2.891706943511963,-0.2531551718711853
PDEL,121,-0.01294378936290741,2.891706943511963,-0.2531551718711853
PDEL,122,-0.0163252055644989,2.891672134399414,-0.2565372586250305
PDEL,123,-0.01294378936290741,2.891672134399414,-0.2565372586250305
PDEL,124,-0.01294378936290741,3.176424026489258,-0.2667160928249359
PDEL,125,-0.0163252055644989,3.176424026489258,-0.2667160928249359
PDEL,126,-0.01294378936290741,3.1764590740203857,-0.26333409547805786
PDEL,127,-0.0163252055644989,3.1764590740203857,-0.26333409547805786
PDEL,128,-0.0163252055644989,3.2278506755828857,-0.2585992217063904
PDEL,129,-0.01294378936290741,3.2278506755828857,-0.2585992217063904
PDEL,130,-0.0163252055644989,3.227815628051758,-0.2619814872741699
PDEL,131,-0.01294378936290741,3.227815628051758,-0.2619814872741699
PDEL,132,-0.01294378936290741,3.5076241493225098,-0.23159247636795044
PDEL,133,-0.0163252055644989,3.5076241493225098,-0.23159247636795044
PDEL,134,-0.01294378936290741,3.5071699619293213,-0.22824083268642426
PDEL,135,-0.0163252055644989,3.5071699619293213,-0.22824083268642426
PDEL,136,-0.0163252055644989,3.5533576011657715,-0.21271449327468872
PDEL,137,-0.01294378936290741,3.5533576011657715,-0.21271449327468872
PDEL,138,-0.0163252055644989,3.553811550140381,-0.21606609225273132
PDEL,139,-0.01294378936290741,3.553811550140381,-0.21606609225273132
PDEL,140,-0.01294378936290741,3.7413084506988525,-0.13345150649547577
PDEL,141,-0.0163252055644989,3.7413084506988525,-0.13345150649547577
PDEL,142,-0.01294378936290741,3.7408063411712646,-0.1301068216562271
PDEL,143,-0.0163252055644989,3.7408063411712646,-0.1301068216562271
PDEL,144,-0.0163252055644989,3.768104076385498,-0.11950328946113586
PDEL,145,-0.01294378936290741,3.768104076385498,-0.11950328946113586
PDEL,146,-0.0163252055644989,3.7686069011688232,-0.12284776568412781
PDEL,147,-0.01294378936290741,3.7686069011688232,-0.12284776568412781
PDEL,148,-0.10773700475692749,0.420023649930954,-0.24572011828422546
PDEL,149,-0.13452810049057007,0.4769499599933624,-0.20024079084396362
PDEL,150,-0.13574716448783875,0.5631510019302368,-0.14585092663764954
PDEL,151,-0.10483026504516602,0.6195023059844971,-0.1281668245792389
PDEL,152,-0.023804008960723877,0.6949322819709778,-0.11988598108291626
PDEL,153,-0.02044108510017395,0.7781115770339966,-0.06517618894577026
PDEL,154,-0.10550743341445923,0.4223368763923645,-0.24572014808654785
PDEL,155,-0.13151228427886963,0.4772087037563324,-0.19959531724452972
PDEL,156,-0.13278630375862122,0.5624858736991882,-0.1458510309457779
PDEL,157,-0.1024245023727417,0.6176530122756958,-0.12816667556762695
PDEL,158,-0.02080652117729187,0.6957033276557922,-0.11988585442304611
PDEL,159,-0.017251625657081604,0.7784967422485352,-0.06517618894577026
PDEL,160,-0.10435101389884949,0.42140018939971924,-0.24273091554641724
PDEL,161,-0.13166141510009766,0.4751492440700531,-0.19700762629508972
PDEL,162,-0.13275301456451416,0.5613951683044434,-0.14274053275585175
PDEL,163,-0.10273179411888123,0.6168070435523987,-0.12499558180570602
PDEL,164,-0.020421043038368225,0.6950957775115967,-0.11665435135364532
PDEL,165,-0.01705889403820038,0.7779715061187744,-0.061884015798568726
PDEL,166,-0.10658058524131775,0.4190874993801117,-0.24273088574409485
PDEL,167,-0.13467735052108765,0.47489041090011597,-0.19765308499336243
PDEL,168,-0.13571354746818542,0.5620602369308472,-0.14274048805236816
PDEL,169,-0.1051379144191742,0.6186563968658447,-0.12499579042196274
PDEL,170,-0.023418530821800232,0.6943247318267822,-0.11665435880422592
PDEL,171,-0.02024833858013153,0.777586042881012,-0.061884038150310516
PDEL,172,-0.059799447655677795,0.6558034420013428,-0.10903988033533096
PDEL,173,-0.05709783732891083,0.6552642583847046,-0.10903970152139664
PDEL,174,-0.057058751583099365,0.654537558555603,-0.10583841800689697
PDEL,175,-0.05976055562496185,0.6550765037536621,-0.10583850741386414
PDEL,176,0.24733516573905945,1.4525097608566284,0.2918177843093872
PDEL,177,0.24733516573905945,1.452509880065918,0.2564225196838379
PDEL,178,0.24733516573905945,1.4232131242752075,0.25642213225364685
PDEL,179,0.24733516573905945,1.4232134819030762,0.29181739687919617
PDEL,180,0.2698405683040619,1.4525097608566284,0.2918178141117096
PDEL,181,0.2698405683040619,1.452509880065918,0.2564225196838379
PDEL,182,0.2698405683040619,1.4232131242752075,0.25642213225364685
PDEL,183,0.2698405683040619,1.4232134819030762,0.29181739687919617
PDEL,184,0.26088574528694153,1.4348701238632202,0.2564222812652588
PDEL,185,0.26088574528694153,1.4408527612686157,0.25642237067222595
PDEL,186,0.2562899887561798,1.4348701238632202,0.2564222812652588
PDEL,187,0.2562899887561798,1.4408527612686157,0.25642237067222595
PDEL,188,-0.0163252055644989,1.414071798324585,0.03464946523308754
PDEL,189,-0.016218438744544983,1.4349197149276733,0.0342421680688858
PDEL,190,-0.0163252055644989,1.4392764568328857,0.033263590186834335
PDEL,191,-0.0163252055644989,1.4634662866592407,0.03228507936000824
PDEL,192,-0.01294378936290741,1.414071798324585,0.03464946523308754
PDEL,193,-0.012837022542953491,1.4349197149276733,0.0342421680688858
PDEL,194,-0.01294378936290741,1.4392764568328857,0.033263590186834335
PDEL,195,-0.01294378936290741,1.4634662866592407,0.03228507936000824
PDEL,196,-0.012943774461746216,1.4138357639312744,0.03802335262298584
PDEL,197,-0.012837022542953491,1.4346835613250732,0.0376160703599453
PDEL,198,-0.012943774461746216,1.4390404224395752,0.036637552082538605
PDEL,199,-0.012943774461746216,1.4632302522659302,0.03565904125571251
PDEL,200,-0.0163252055644989,1.4138357639312744,0.03802335262298584
PDEL,201,-0.016218438744544983,1.4346835613250732,0.0376160703599453
PDEL,202,-0.0163252055644989,1.4390404224395752,0.036637552082538605
PDEL,203,-0.0163252055644989,1.4632302522659302,0.03565904125571251
PDEL,204,-0.009634435176849365,1.4391034841537476,0.036641962826251984
PDEL,205,-0.009527668356895447,1.4347467422485352,0.037620510905981064
PDEL,206,-0.009634435176849365,1.4393396377563477,0.0332680307328701
PDEL,207,-0.009527668356895447,1.4349828958511353,0.034246593713760376
PDER,0,-0.03147655725479126,1.4385448694229126,0.03411707654595375
PDER,1,-0.03147655725479126,1.438504934310913,0.03640647605061531
PDER,2,-0.03150917589664459,1.4359153509140015,0.036737654358148575
PDER,3,-0.03150917589664459,1.4359551668167114,0.03444831073284149
PDER,4,-0.27497273683547974,1.4416836500167847,0.2234335094690323
PDER,5,-0.27004605531692505,1.441738486289978,0.22341683506965637
PDER,6,-0.26964423060417175,1.436148762702942,0.2234334796667099
PDER,7,-0.2745709717273712,1.4360936880111694,0.22345012426376343
PDER,8,-0.2581271231174469,1.4399020671844482,0.17703405022621155
PDER,9,-0.25521624088287354,1.4426708221435547,0.17806319892406464
PDER,10,-0.2523052990436554,1.4399223327636719,0.1791454702615738
PDER,11,-0.25521624088287354,1.4371534585952759,0.1781163066625595
PDER,12,-0.20807021856307983,1.4390206336975098,0.08545622229576111
PDER,13,-0.20566803216934204,1.442015290260315,0.08753085136413574
PDER,14,-0.20326583087444305,1.4390610456466675,0.08966273814439774
PDER,15,-0.20566803216934204,1.4360663890838623,0.0875881090760231
PDER,16,-0.12884651124477386,1.4384698867797852,0.02824096754193306
PDER,17,-0.12764649093151093,1.4412399530410767,0.030751144513487816
PDER,18,-0.12644648551940918,1.438518762588501,0.033314142376184464
PDER,19,-0.12764649093151093,1.435748815536499,0.030803995206952095
PDER,20,-0.01294378936290741,-2.4792981147766113,0.1719895601272583
PDER,21,-0.0163252055644989,-2.4792981147766113,0.1719895601272583
PDER,22,-0.01294378936290741,-2.4788901805877686,0.1753462255001068
PDER,23,-0.0163252055644989,-2.4788901805877686,0.1753462255001068
PDER,24,-0.0163252055644989,-2.4331228733062744,0.1474762260913849
PDER,25,-0.01294378936290741,-2.4331228733062744,0.1474762260913849
PDER,26,-0.0163252055644989,-2.433738946914673,0.14415132999420166
PDER,27,-0.01294378936290741,-2.433738946914673,0.14415132999420166
PDER,28,-0.01294378936290741,-2.14996337890625,-0.05408835411071777
PDER,29,-0.0163252055644989,-2.14996337890625,-0.05408835411071777
PDER,30,-0.01294378936290741,-2.1493470668792725,-0.050763607025146484
PDER,31,-0.0163252055644989,-2.1493470668792725,-0.050763607025146484
PDER,32,-0.0163252055644989,-2.1016228199005127,-0.08241000771522522
PDER,33,-0.01294378936290741,-2.1016228199005127,-0.08241000771522522
PDER,34,-0.0163252055644989,-2.102238178253174,-0.08573490381240845
PDER,35,-0.01294378936290741,-2.102238178253174,-0.08573490381240845
PDER,36,-0.01294378936290741,-1.6764811277389526,-0.3776594400405884
PDER,37,-0.0163252055644989,-1.6764811277389526,-0.3776594400405884
PDER,38,-0.01294378936290741,-1.6758650541305542,-0.3743346035480499
PDER,39,-0.0163252055644989,-1.6758650541305542,-0.3743346035480499
PDER,40,-0.0163252055644989,-1.6279547214508057,-0.39907824993133545
PDER,41,-0.01294378936290741,-1.6279547214508057,-0.39907824993133545
PDER,42,-0.0163252055644989,-1.628570556640625,-0.4024031162261963
PDER,43,-0.01294378936290741,-1.628570556640625,-0.4024031162261963
PDER,44,-0.01294378936290741,-1.3548965454101562,-0.5413751602172852
PDER,45,-0.0163252055644989,-1.3548965454101562,-0.5413751602172852
PDER,46,-0.01294378936290741,-1.354280710220337,-0.5380502939224243
PDER,47,-0.0163252055644989,-1.354280710220337,-0.5380502939224243
PDER,48,-0.0163252055644989,-1.1845887899398804,-0.6003654599189758
PDER,49,-0.01294378936290741,-1.1845887899398804,-0.6003654599189758
PDER,50,-0.0163252055644989,-1.1852045059204102,-0.6036902666091919
PDER,51,-0.01294378936290741,-1.1852045059204102,-0.6036902666091919
PDER,52,-0.01294378936290741,-1.023643970489502,-0.641811728477478
PDER,53,-0.0163252055644989,-1.023643970489502,-0.641811728477478
PDER,54,-0.01294378936290741,-1.0234280824661255,-0.638437032699585
PDER,55,-0.0163252055644989,-1.0234280824661255,-0.638437032699585
PDER,56,-0.0163252055644989,-0.8413615226745605,-0.6650547385215759
PDER,57,-0.01294378936290741,-0.8413615226745605,-0.6650547385215759
PDER,58,-0.0163252055644989,-0.841577410697937,-0.6684291958808899
PDER,59,-0.01294378936290741,-0.841577410697937,-0.6684291958808899
PDER,60,-0.01294378936290741,-0.5333486199378967,-0.6723710298538208
PDER,61,-0.0163252055644989,-0.5333486199378967,-0.6723710298538208
PDER,62,-0.01294378936290741,-0.5331326127052307,-0.6689965724945068
PDER,63,-0.0163252055644989,-0.5331326127052307,-0.6689965724945068
PDER,64,-0.0163252055644989,-0.47209858894348145,-0.6570906639099121
PDER,65,-0.01294378936290741,-0.47209858894348145,-0.6570906639099121
PDER,66,-0.0163252055644989,-0.47092026472091675,-0.6602601408958435
PDER,67,-0.01294378936290741,-0.47092026472091675,-0.6602601408958435
PDER,68,-0.01294378936290741,-0.03405953198671341,-0.5339486002922058
PDER,69,-0.0163252055644989,-0.03405953198671341,-0.5339486002922058
PDER,70,-0.01294378936290741,-0.034919850528240204,-0.5306785106658936
PDER,71,-0.0163252055644989,-0.034919850528240204,-0.5306785106658936
PDER,72,-0.0163252055644989,0.03743690252304077,-0.4992028474807739
PDER,73,-0.01294378936290741,0.03743690252304077,-0.4992028474807739
PDER,74,-0.0163252055644989,0.038297489285469055,-0.5024727582931519
PDER,75,-0.01294378936290741,0.038297489285469055,-0.5024727582931519
PDER,76,-0.01294378936290741,0.32232362031936646,-0.3549950122833252
PDER,77,-0.0163252055644989,0.32232362031936646,-0.3549950122833252
PDER,78,-0.01294378936290741,0.3217061161994934,-0.3516702353954315
PDER,79,-0.0163252055644989,0.3217061161994934,-0.3516702353954315
PDER,80,-0.04378712177276611,0.3593367040157318,-0.30390724539756775
PDER,81,-0.041749536991119385,0.3620353043079376,-0.30390727519989014
PDER,82,-0.04513627290725708,0.3603556156158447,-0.30683594942092896
PDER,83,-0.04309868812561035,0.363054096698761,-0.3068358898162842
PDER,84,-0.01294378936290741,0.8477373123168945,-0.02163289114832878
PDER,85,-0.0163252055644989,0.8477373123168945,-0.02163289114832878
PDER,86,-0.012943774461746216,0.847294270992279,-0.018280234187841415
PDER,87,-0.0163252055644989,0.847294270992279,-0.018280234187841415
PDER,88,-0.0163252055644989,0.8929728865623474,-0.0031867623329162598
PDER,89,-0.012943774461746216,0.8929728865623474,-0.0031867623329162598
PDER,90,-0.0163252055644989,0.8934159278869629,-0.006539475172758102
PDER,91,-0.01294378936290741,0.8934159278869629,-0.006539475172758102
PDER,92,-0.01287071406841278,1.6747937202453613,0.02100728265941143
PDER,93,-0.016252145171165466,1.6747937202453613,0.02100728265941143
PDER,94,-0.01287071406841278,1.6745576858520508,0.02438122220337391
PDER,95,-0.016252145171165466,1.6745576858520508,0.02438122220337391
PDER,96,-0.0163252055644989,1.7473812103271484,0.012492489069700241
PDER,97,-0.012943774461746216,1.7473812103271484,0.012492489069700241
PDER,98,-0.0163252055644989,1.7463797330856323,0.009261991828680038
PDER,99,-0.012943774461746216,1.7463797330856323,0.009261991828680038
PDER,100,-0.01294378936290741,2.491410255432129,-0.2041318416595459
PDER,101,-0.0163252055644989,2.491410255432129,-0.2041318416595459
PDER,102,-0.01294378936290741,2.4914908409118652,-0.20075052976608276
PDER,103,-0.0163252055644989,2.4914908409118652,-0.20075052976608276
PDER,104,-0.0163252055644989,2.562581777572632,-0.21341028809547424
PDER,105,-0.01294378936290741,2.562581777572632,-0.21341028809547424
PDER,106,-0.0163252055644989,2.562546968460083,-0.21679247915744781
PDER,107,-0.01294378936290741,2.562546968460083,-0.21679247915744781
PDER,108,-0.01294378936290741,2.833034038543701,-0.25187134742736816
PDER,109,-0.0163252055644989,2.833034038543701,-0.25187134742736816
PDER,110,-0.01294378936290741,2.83306884765625,-0.24848923087120056
PDER,111,-0.0163252055644989,2.83306884765625,-0.24848923087120056
PDER,112,-0.0163252055644989,2.891707181930542,-0.25315526127815247
PDER,113,-0.01294378936290741,2.891707181930542,-0.25315526127815247
PDER,114,-0.0163252055644989,2.891672134399414,-0.2565373182296753
PDER,115,-0.01294378936290741,2.891672134399414,-0.2565373182296753
PDER,116,-0.01294378936290741,3.176424264907837,-0.2667161524295807
PDER,117,-0.0163252055644989,3.176424264907837,-0.2667161524295807
PDER,118,-0.01294378936290741,3.176459312438965,-0.26333415508270264
PDER,119,-0.0163252055644989,3.176459312438965,-0.26333415508270264
PDER,120,-0.0163252055644989,3.2278506755828857,-0.25859928131103516
PDER,121,-0.01294378936290741,3.2278506755828857,-0.25859928131103516
PDER,122,-0.0163252055644989,3.227815866470337,-0.2619815468788147
PDER,123,-0.01294378936290741,3.227815866470337,-0.2619815468788147
PDER,124,-0.01294378936290741,3.5076241493225098,-0.2315925657749176
PDER,125,-0.0163252055644989,3.5076241493225098,-0.2315925657749176
PDER,126,-0.01294378936290741,3.5071699619293213,-0.22824089229106903
PDER,127,-0.0163252055644989,3.5071699619293213,-0.22824089229106903
PDER,128,-0.0163252055644989,3.5533576011657715,-0.2127145677804947
PDER,129,-0.01294378936290741,3.5533576011657715,-0.2127145677804947
PDER,130,-0.0163252055644989,3.55381178855896,-0.2160661667585373
PDER,131,-0.01294378936290741,3.55381178855896,-0.2160661667585373
PDER,132,-0.01294378936290741,3.7413084506988525,-0.13345156610012054
PDER,133,-0.0163252055644989,3.7413084506988525,-0.13345156610012054
PDER,134,-0.01294378936290741,3.7408063411712646,-0.13010689616203308
PDER,135,-0.0163252055644989,3.7408063411712646,-0.13010689616203308
PDER,136,-0.0163252055644989,3.768104076385498,-0.11950336396694183
PDER,137,-0.01294378936290741,3.768104076385498,-0.11950336396694183
PDER,138,-0.0163252055644989,3.7686069011688232,-0.12284782528877258
PDER,139,-0.01294378936290741,3.7686069011688232,-0.12284782528877258
PDER,140,-0.1077369898557663,0.42002370953559875,-0.24572017788887024
PDER,141,-0.13452810049057007,0.476950079202652,-0.20024091005325317
PDER,142,-0.13574714958667755,0.5631510615348816,-0.14585097134113312
PDER,143,-0.10483024269342422,0.6195024251937866,-0.12816691398620605
PDER,144,-0.023803994059562683,0.6949323415756226,-0.11988606303930283
PDER,145,-0.020441070199012756,0.7781116366386414,-0.06517623364925385
PDER,146,-0.10550743341445923,0.42233696579933167,-0.24572020769119263
PDER,147,-0.13151228427886963,0.4772087633609772,-0.19959542155265808
PDER,148,-0.13278628885746002,0.5624860525131226,-0.14585107564926147
PDER,149,-0.1024244874715805,0.6176531314849854,-0.12816675007343292
PDER,150,-0.02080652117729187,0.695703387260437,-0.11988590657711029
PDER,151,-0.017251625657081604,0.7784968018531799,-0.06517624109983444
PDER,152,-0.10435101389884949,0.421400249004364,-0.242730975151062
PDER,153,-0.13166138529777527,0.47514939308166504,-0.1970076858997345
PDER,154,-0.13275301456451416,0.5613952875137329,-0.14274057745933533
PDER,155,-0.10273178666830063,0.6168071031570435,-0.1249956339597702
PDER,156,-0.020421043038368225,0.6950958371162415,-0.11665443331003189
PDER,157,-0.017058879137039185,0.7779715657234192,-0.061884090304374695
PDER,158,-0.10658057779073715,0.41908755898475647,-0.24273093044757843
PDER,159,-0.13467733561992645,0.47489047050476074,-0.1976531445980072
PDER,160,-0.13571354746818542,0.5620602965354919,-0.14274053275585175
PDER,161,-0.10513792186975479,0.6186564564704895,-0.12499584257602692
PDER,162,-0.023418515920639038,0.6943248510360718,-0.1166544035077095
PDER,163,-0.020248323678970337,0.7775861620903015,-0.061884090304374695
PDER,164,-0.059799447655677795,0.6558036208152771,-0.10903993248939514
PDER,165,-0.05709783732891083,0.6552643179893494,-0.10903975367546082
PDER,166,-0.05705873668193817,0.6545376181602478,-0.10583849996328354
PDER,167,-0.05976055562496185,0.6550765633583069,-0.1058385893702507
PDER,168,-0.2613481283187866,1.4525097608566284,0.29181769490242004
PDER,169,-0.2613481283187866,1.452509880065918,0.25642240047454834
PDER,170,-0.2613481283187866,1.4232131242752075,0.2564220428466797
PDER,171,-0.2613481283187866,1.4232136011123657,0.291817307472229
PDER,172,-0.2838534712791443,1.4525097608566284,0.29181769490242004
PDER,173,-0.2838534712791443,1.452509880065918,0.25642240047454834
PDER,174,-0.2838534712791443,1.4232131242752075,0.2564220428466797
PDER,175,-0.2838534712791443,1.4232134819030762,0.291817307472229
PDER,176,-0.2748987078666687,1.4348702430725098,0.2564221918582916
PDER,177,-0.2748987078666687,1.4408528804779053,0.2564222812652588
PDER,178,-0.270302951335907,1.4348702430725098,0.2564221918582916
PDER,179,-0.270302951335907,1.4408528804779053,0.2564222812652588
PDER,180,-0.012870728969573975,1.4134843349456787,0.034741971641778946
PDER,181,-0.012904465198516846,1.4349197149276733,0.03424213081598282
PDER,182,-0.012797698378562927,1.4392765760421753,0.03326355665922165
PDER,183,-0.012797698378562927,1.4634664058685303,0.032285042107105255
PDER,184,-0.016252145171165466,1.4134843349456787,0.034741971641778946
PDER,185,-0.016285881400108337,1.4349197149276733,0.03424213081598282
PDER,186,-0.01617911458015442,1.4392765760421753,0.03326355665922165
PDER,187,-0.01617911458015442,1.4634664058685303,0.032285042107105255
PDER,188,-0.016252145171165466,1.4133042097091675,0.03811868652701378
PDER,189,-0.016285881400108337,1.4346836805343628,0.03761603310704231
PDER,190,-0.016179129481315613,1.4390404224395752,0.03663751482963562
PDER,191,-0.016179129481315613,1.4632302522659302,0.035659004002809525
PDER,192,-0.01287071406841278,1.4133042097091675,0.03811868652701378
PDER,193,-0.012904465198516846,1.4346836805343628,0.03761603310704231
PDER,194,-0.012797698378562927,1.4390404224395752,0.03663751482963562
PDER,195,-0.012797698378562927,1.4632302522659302,0.035659004002809525
PDER,196,-0.019488468766212463,1.439103603363037,0.036641925573349
PDER,197,-0.019595235586166382,1.4347468614578247,0.03762047365307808
PDER,198,-0.019488468766212463,1.4393396377563477,0.033267997205257416
PDER,199,-0.019595235586166382,1.4349828958511353,0.03424655646085739
PDER,200,-0.0163252055644989,1.1340701580047607,0.038857441395521164
PDER,201,-0.0163252055644989,1.1345131397247314,0.03550475835800171
PDER,202,-0.012943774461746216,1.1340701580047607,0.038857441395521164
PDER,203,-0.01294378936290741,1.1345131397247314,0.03550475835800171
PDER,204,-0.0163252055644989,1.196763277053833,0.04206075519323349
PDER,205,-0.0163252055644989,1.1966389417648315,0.04544030874967575
PDER,206,-0.01294378936290741,1.196763277053833,0.04206075519323349
PDER,207,-0.012943774461746216,1.1966389417648315,0.04544030874967575
PDER,208,-0.0163252055644989,1.3038445711135864,0.04008994996547699
PDER,209,-0.0163252055644989,1.303720235824585,0.043469496071338654
PDER,210,-0.01294378936290741,1.3038445711135864,0.04008994996547699
PDER,211,-0.012943774461746216,1.303720235824585,0.043469496071338654
Pharyn-Intest-Valve,0,0.059146665036678314,-2.3810176849365234,0.28143587708473206
Pharyn-Intest-Valve,1,0.06495799124240875,-2.375275135040283,0.3587636649608612
Pharyn-Intest-Valve,2,0.059146661311388016,-2.369532585144043,0.43609145283699036
Pharyn-Intest-Valve,3,-0.021968815475702286,-2.3691210746765137,0.4416314363479614
Pharyn-Intest-Valve,4,-0.10308428108692169,-2.369532585144043,0.43609142303466797
Pharyn-Intest-Valve,5,-0.10889559984207153,-2.375275135040283,0.3587636649608612
Pharyn-Intest-Valve,6,-0.10308428108692169,-2.3810176849365234,0.28143590688705444
Pharyn-Intest-Valve,7,-0.021968834102153778,-2.3814291954040527,0.275895893573761
Pharyn-Intest-Valve,8,0.06007234752178192,-2.3572278022766113,0.2753961682319641
Pharyn-Intest-Valve,9,0.07454738020896912,-2.351287603378296,0.3553864657878876
Pharyn-Intest-Valve,10,0.06007234379649162,-2.3453471660614014,0.43537673354148865
Pharyn-Intest-Valve,11,-0.02013818360865116,-2.3442752361297607,0.44981202483177185
Pharyn-Intest-Valve,12,-0.10034870356321335,-2.3453471660614014,0.43537673354148865
Pharyn-Intest-Valve,13,-0.11482372134923935,-2.351287603378296,0.3553864657878876
Pharyn-Intest-Valve,14,-0.10034870356321335,-2.3572278022766113,0.2753961980342865
Pharyn-Intest-Valve,15,-0.020138204097747803,-2.358299732208252,0.2609609067440033
Pharyn-Intest-Valve,16,0.06183137744665146,-2.3314013481140137,0.26062262058258057
Pharyn-Intest-Valve,17,0.06694605946540833,-2.3250906467437744,0.34560203552246094
Pharyn-Intest-Valve,18,0.06183137372136116,-2.318779706954956,0.4305814802646637
Pharyn-Intest-Valve,19,-0.02013818360865116,-2.318641185760498,0.4324471652507782
Pharyn-Intest-Valve,20,-0.10859540849924088,-2.318779706954956,0.4305814504623413
Pharyn-Intest-Valve,21,-0.10722240060567856,-2.3250906467437744,0.34560203552246094
Pharyn-Intest-Valve,22,-0.10859540849924088,-2.3314013481140137,0.26062262058258057
Pharyn-Intest-Valve,23,-0.020138202235102654,-2.3315398693084717,0.2587569057941437
Pharyn-Intest-Valve,24,0.02150510437786579,-2.3784947395324707,0.3118371069431305
Pharyn-Intest-Valve,25,0.03951258957386017,-2.375275135040283,0.3551916480064392
Pharyn-Intest-Valve,26,0.02150510437786579,-2.3720555305480957,0.3985462188720703
Pharyn-Intest-Valve,27,-0.021968815475702286,-2.3707218170166016,0.41650423407554626
Pharyn-Intest-Valve,28,-0.06544272601604462,-2.3720555305480957,0.3985461890697479
Pharyn-Intest-Valve,29,-0.08345020562410355,-2.375275135040283,0.3551916480064392
Pharyn-Intest-Valve,30,-0.06544272601604462,-2.3784947395324707,0.3118371069431305
Pharyn-Intest-Valve,31,-0.02196882851421833,-2.379828453063965,0.29387909173965454
Pharyn-Intest-Valve,32,0.005563901737332344,-2.353642225265503,0.3160758912563324
Pharyn-Intest-Valve,33,0.016968319192528725,-2.3516032695770264,0.3435330092906952
Pharyn-Intest-Valve,34,0.005563901737332344,-2.3495640754699707,0.370990127325058
Pharyn-Intest-Valve,35,-0.021968813613057137,-2.348719596862793,0.3823632597923279
Pharyn-Intest-Valve,36,-0.049501530826091766,-2.3495640754699707,0.370990127325058
Pharyn-Intest-Valve,37,-0.06090594828128815,-2.3516032695770264,0.3435330092906952
Pharyn-Intest-Valve,38,-0.049501530826091766,-2.353642225265503,0.3160759210586548
Pharyn-Intest-Valve,39,-0.021968822926282883,-2.3544867038726807,0.3047027885913849
Pharyn-Intest-Valve,40,-0.006533893756568432,-2.3254830837249756,0.32664546370506287
Pharyn-Intest-Valve,41,-0.010770666413009167,-2.326253890991211,0.31644606590270996
Pharyn-Intest-Valve,42,-0.010770666413009167,-2.3247122764587402,0.33684486150741577
Pharyn-Intest-Valve,43,-0.020999141037464142,-2.3243930339813232,0.34106960892677307
Pharyn-Intest-Valve,44,-0.03122761659324169,-2.3247122764587402,0.33684486150741577
Pharyn-Intest-Valve,45,-0.03546438738703728,-2.3254830837249756,0.32664546370506287
Pharyn-Intest-Valve,46,-0.03122761659324169,-2.326253890991211,0.31644606590270996
Pharyn-Intest-Valve,47,-0.02099914290010929,-2.326573133468628,0.31222131848335266
Pharyn-Intest-Valve,48,-0.00979058351367712,-2.307583808898926,0.31175950169563293
Pharyn-Intest-Valve,49,-0.013357504270970821,-2.308016538619995,0.30315905809402466
Pharyn-Intest-Valve,50,-0.013357504270970821,-2.3071510791778564,0.3203599154949188
Pharyn-Intest-Valve,51,-0.021968813613057137,-2.306971788406372,0.323922336101532
Pharyn-Intest-Valve,52,-0.030580125749111176,-2.3071510791778564,0.3203599154949188
Pharyn-Intest-Valve,53,-0.03414704650640488,-2.307583808898926,0.31175950169563293
Pharyn-Intest-Valve,54,-0.030580125749111176,-2.308016538619995,0.30315905809402466
Pharyn-Intest-Valve,55,-0.021968817338347435,-2.3081955909729004,0.2995966374874115
Pharyn-Intest-Valve,56,-0.0039945002645254135,-2.3407607078552246,0.31934821605682373
Pharyn-Intest-Valve,57,0.003263937309384346,-2.3394572734832764,0.33682310581207275
Pharyn-Intest-Valve,58,-0.0039945002645254135,-2.3381540775299072,0.35429802536964417
Pharyn-Intest-Valve,59,-0.021517915651202202,-2.3376142978668213,0.3615363538265228
Pharyn-Intest-Valve,60,-0.03904133290052414,-2.3381540775299072,0.3542979955673218
Pharyn-Intest-Valve,61,-0.0462997704744339,-2.3394572734832764,0.33682310581207275
Pharyn-Intest-Valve,62,-0.03904133290052414,-2.3407607078552246,0.3193482458591461
Pharyn-Intest-Valve,63,-0.02151792123913765,-2.3413004875183105,0.31210988759994507
Pharyn-Intest-Valve,64,0.04079331457614899,-2.309140682220459,0.2628857493400574
Pharyn-Intest-Valve,65,0.040636610239744186,-2.304506301879883,0.32529217004776
Pharyn-Intest-Valve,66,0.04079331085085869,-2.2998716831207275,0.38769859075546265
Pharyn-Intest-Valve,67,-0.021784929558634758,-2.2998833656311035,0.38754233717918396
Pharyn-Intest-Valve,68,-0.08436316251754761,-2.2998716831207275,0.38769859075546265
Pharyn-Intest-Valve,69,-0.08420645445585251,-2.304506301879883,0.32529217004776
Pharyn-Intest-Valve,70,-0.08436316251754761,-2.309140682220459,0.2628857493400574
Pharyn-Intest-Valve,71,-0.021784942597150803,-2.309128999710083,0.26304200291633606
Pharyn-Intest-Valve,72,0.022953933104872704,-2.2866663932800293,0.3047078549861908
Pharyn-Intest-Valve,73,0.017287680879235268,-2.289560079574585,0.2657425105571747
Pharyn-Intest-Valve,74,0.017287680879235268,-2.2837727069854736,0.3436731696128845
Pharyn-Intest-Valve,75,-0.02178492769598961,-2.283353090286255,0.3493238687515259
Pharyn-Intest-Valve,76,-0.060857534408569336,-2.2837727069854736,0.3436731696128845
Pharyn-Intest-Valve,77,-0.06652377545833588,-2.2866663932800293,0.3047078549861908
Pharyn-Intest-Valve,78,-0.060857534408569336,-2.289560079574585,0.2657425105571747
Pharyn-Intest-Valve,79,-0.021784938871860504,-2.2899796962738037,0.2600918114185333
Pharyn-Intest-Valve,80,-0.015956221148371696,-2.2870981693267822,0.29167670011520386
Pharyn-Intest-Valve,81,-0.015110950917005539,-2.2866663932800293,0.2974894046783447
Pharyn-Intest-Valve,82,-0.015956221148371696,-2.2862348556518555,0.3033021092414856
Pharyn-Intest-Valve,83,-0.02178492769598961,-2.2861721515655518,0.30414506793022156
Pharyn-Intest-Valve,84,-0.027613632380962372,-2.2862348556518555,0.3033021092414856
Pharyn-Intest-Valve,85,-0.02845890074968338,-2.2866663932800293,0.2974894046783447
Pharyn-Intest-Valve,86,-0.027613632380962372,-2.2870981693267822,0.29167670011520386
Pharyn-Intest-Valve,87,-0.02178492769598961,-2.287160634994507,0.2908337414264679
Pharyn-Intest-Valve,88,0.01607341505587101,-2.2861697673797607,0.30038121342658997
Pharyn-Intest-Valve,89,0.01127859391272068,-2.2883241176605225,0.2689472734928131
Pharyn-Intest-Valve,90,0.01127859391272068,-2.284015417098999,0.3318151533603668
Pharyn-Intest-Valve,91,-0.02178492769598961,-2.283703088760376,0.3363736569881439
Pharyn-Intest-Valve,92,-0.05484844744205475,-2.284015417098999,0.3318151533603668
Pharyn-Intest-Valve,93,-0.05964326485991478,-2.2861697673797607,0.30038121342658997
Pharyn-Intest-Valve,94,-0.05484844744205475,-2.2883241176605225,0.2689472734928131
Pharyn-Intest-Valve,95,-0.021784937009215355,-2.2886364459991455,0.2643887400627136
Pharyn-Intest-Valve,96,0.03135969862341881,-2.292999505996704,0.3120152950286865
Pharyn-Intest-Valve,97,0.027668526396155357,-2.296511173248291,0.2647283673286438
Pharyn-Intest-Valve,98,0.027668526396155357,-2.289487838745117,0.35930222272872925
Pharyn-Intest-Valve,99,-0.02096155472099781,-2.2892212867736816,0.36289143562316895
Pharyn-Intest-Valve,100,-0.06959163397550583,-2.289487838745117,0.35930219292640686
Pharyn-Intest-Valve,101,-0.07328279316425323,-2.292999505996704,0.31201526522636414
Pharyn-Intest-Valve,102,-0.06959163397550583,-2.296511173248291,0.2647283673286438
Pharyn-Intest-Valve,103,-0.020961565896868706,-2.2967777252197266,0.2611391544342041
Pharyn-Intest-Valve,104,-0.007551295682787895,-2.2865846157073975,0.2979665696620941
Pharyn-Intest-Valve,105,-0.009354007430374622,-2.287456512451172,0.28582367300987244
Pharyn-Intest-Valve,106,-0.009354007430374622,-2.285712480545044,0.3101094365119934
Pharyn-Intest-Valve,107,-0.02178492769598961,-2.285585880279541,0.31187039613723755
Pharyn-Intest-Valve,108,-0.03421584516763687,-2.285712480545044,0.3101094365119934
Pharyn-Intest-Valve,109,-0.03601855784654617,-2.2865846157073975,0.2979665696620941
Pharyn-Intest-Valve,110,-0.03421584516763687,-2.287456512451172,0.28582367300987244
Pharyn-Intest-Valve,111,-0.021784929558634758,-2.287583112716675,0.2840627133846283
Pharyn-Intest-Valve,112,-0.011671308428049088,-2.285804271697998,0.2977065145969391
Pharyn-Intest-Valve,113,-0.012952214106917381,-2.2864363193511963,0.2890135645866394
Pharyn-Intest-Valve,114,-0.012952214106917381,-2.2851722240448,0.3063994348049164
Pharyn-Intest-Valve,115,-0.02178492769598961,-2.2850804328918457,0.3076600730419159
Pharyn-Intest-Valve,116,-0.030617639422416687,-2.2851722240448,0.3063994348049164
Pharyn-Intest-Valve,117,-0.03189854323863983,-2.285804271697998,0.2977065145969391
Pharyn-Intest-Valve,118,-0.030617639422416687,-2.2864363193511963,0.2890135645866394
Pharyn-Intest-Valve,119,-0.021784929558634758,-2.2865278720855713,0.2877529263496399
Pharyn-Intest-Valve,120,0.04233476147055626,-2.380037307739258,0.2926184833049774
Pharyn-Intest-Valve,121,0.055356137454509735,-2.375275135040283,0.35674548149108887
Pharyn-Intest-Valve,122,0.04233475774526596,-2.3705129623413086,0.4208724796772003
Pharyn-Intest-Valve,123,-0.021968815475702286,-2.3695485591888428,0.43385809659957886
Pharyn-Intest-Valve,124,-0.08627238124608994,-2.3705129623413086,0.42087244987487793
Pharyn-Intest-Valve,125,-0.09929374605417252,-2.375275135040283,0.35674548149108887
Pharyn-Intest-Valve,126,-0.08627238124608994,-2.380037307739258,0.2926184833049774
Pharyn-Intest-Valve,127,-0.02196883223950863,-2.3810017108917236,0.2796328663825989
RICL,0,0.06478981673717499,-2.589113473892212,0.3569808304309845
RICL,1,0.06478981673717499,-2.6058993339538574,0.35544753074645996
RICL,2,0.04793398827314377,-2.6058993339538574,0.35544753074645996
RICL,3,0.04793400317430496,-2.589113473892212,0.3569808304309845
RICL,4,0.06478981673717499,-2.590646743774414,0.37376677989959717
RICL,5,0.06478980928659439,-2.6074326038360596,0.37223345041275024
RICL,6,0.04793398827314377,-2.6074326038360596,0.37223345041275024
RICL,7,0.04793398827314377,-2.590646743774414,0.37376677989959717
RICL,8,0.054749928414821625,-2.60709547996521,0.3654199242591858
RICL,9,0.05797388032078743,-2.60709547996521,0.3654199242591858
RICL,10,0.05474993214011192,-2.606802225112915,0.36220934987068176
RICL,11,0.05797388032078743,-2.606802225112915,0.36220934987068176
RICL,12,0.05671808868646622,-2.614187479019165,0.3565581142902374
RICL,13,0.053655751049518585,-2.6131796836853027,0.35655808448791504
RICL,14,0.0561908520758152,-2.6157894134521484,0.35930582880973816
RICL,15,0.05312851443886757,-2.614781379699707,0.35930582880973816
RICL,16,0.046541862189769745,-2.632481575012207,0.3359268605709076
RICL,17,0.04883943870663643,-2.633237838745117,0.3359268605709076
RICL,18,0.046937428414821625,-2.631279706954956,0.33386528491973877
RICL,19,0.04923500865697861,-2.632035970687866,0.33386531472206116
RICL,20,0.04037516936659813,-2.654114246368408,0.2989204227924347
RICL,21,0.03807758912444115,-2.6533849239349365,0.29912054538726807
RICL,22,0.03997959941625595,-2.6558187007904053,0.30059048533439636
RICL,23,0.03768202289938927,-2.6550893783569336,0.30079057812690735
RICL,24,-0.012323137372732162,-2.6754422187805176,0.2649145722389221
RICL,25,-0.010025549679994583,-2.676180124282837,0.2650809586048126
RICL,26,-0.011927571147680283,-2.6747236251831055,0.2626391351222992
RICL,27,-0.009629983454942703,-2.6754612922668457,0.2628055214881897
RICL,28,-0.014317270368337631,-2.680917501449585,0.2627444267272949
RICL,29,-0.01661483570933342,-2.680461883544922,0.26214081048965454
RICL,30,-0.014712829142808914,-2.6799960136413574,0.2649455964565277
RICL,31,-0.017010409384965897,-2.6795403957366943,0.26434198021888733
RICL,32,-0.02095070108771324,-2.696293354034424,0.28447821736335754
RICL,33,-0.01865312084555626,-2.6965482234954834,0.2851901948451996
RICL,34,-0.02055514231324196,-2.697829008102417,0.2826518714427948
RICL,35,-0.01825755462050438,-2.6980841159820557,0.28336387872695923
RICL,36,-0.018012192100286484,-2.7131588459014893,0.3034026622772217
RICL,37,-0.020309772342443466,-2.7130002975463867,0.3026632070541382
RICL,38,-0.018407758325338364,-2.711395025253296,0.3050098121166229
RICL,39,-0.020705338567495346,-2.7112364768981934,0.3042703866958618
RICL,40,-0.02037138119339943,-2.725250005722046,0.3573148846626282
RICL,41,-0.01817014440894127,-2.724911689758301,0.3563710153102875
RICL,42,-0.020163830369710922,-2.7276315689086914,0.3569452166557312
RICL,43,-0.017962608486413956,-2.7272932529449463,0.3560013771057129
RICL,44,-0.02108391746878624,-2.7519266605377197,0.5326583385467529
RICL,45,-0.02108391746878624,-2.7550787925720215,0.5322929620742798
RICL,46,-0.02108391746878624,-2.7522919178009033,0.5358104705810547
RICL,47,-0.02108391746878624,-2.755444049835205,0.5354450941085815
RICL,48,0.006583511829376221,-2.7546865940093994,0.5293540954589844
RICL,49,-0.048751350492239,-2.7546865940093994,0.5293540954589844
RICL,50,0.006583511829376221,-2.751636028289795,0.5297077298164368
RICL,51,-0.048751350492239,-2.751636028289795,0.5297077298164368
RICL,52,0.005343526601791382,-2.7543630599975586,0.526563286781311
RICL,53,-0.04751136526465416,-2.7543630599975586,0.526563286781311
RICL,54,0.005343526601791382,-2.751312494277954,0.5269169211387634
RICL,55,-0.04751136526465416,-2.751312494277954,0.5269169211387634
RICL,56,0.028082557022571564,-2.7482900619506836,0.5099838972091675
RICL,57,-0.07025040686130524,-2.7482900619506836,0.5099838972091675
RICL,58,0.02797769010066986,-2.751340627670288,0.5096462368965149
RICL,59,-0.07014551758766174,-2.751340627670288,0.5096462368965149
RICL,60,0.030094390735030174,-2.7486133575439453,0.5122814178466797
RICL,61,-0.07226221263408661,-2.7486133575439453,0.5122814178466797
RICL,62,0.02998952940106392,-2.75166392326355,0.5119437575340271
RICL,63,-0.0721573680639267,-2.75166392326355,0.5119437575340271
RICL,64,0.04555696249008179,-2.7481608390808105,0.48566243052482605
RICL,65,-0.08772478997707367,-2.7481608390808105,0.48566243052482605
RICL,66,0.04577223211526871,-2.7453386783599854,0.48590874671936035
RICL,67,-0.08794006705284119,-2.7453386783599854,0.48590874671936035
RICL,68,0.042994167655706406,-2.747861623764038,0.48447319865226746
RICL,69,-0.08516199886798859,-2.747861623764038,0.48447319865226746
RICL,70,0.04320944473147392,-2.745039463043213,0.48471954464912415
RICL,71,-0.0853772759437561,-2.745039463043213,0.48471954464912415
RICL,72,0.048585209995508194,-2.7404842376708984,0.454935759305954
RICL,73,-0.09075304865837097,-2.7404842376708984,0.454935759305954
RICL,74,0.04828110709786415,-2.7433063983917236,0.45481517910957336
RICL,75,-0.09044894576072693,-2.7433063983917236,0.45481517910957336
RICL,76,0.05140816047787666,-2.740783452987671,0.4548211693763733
RICL,77,-0.09357598423957825,-2.740783452987671,0.4548211693763733
RICL,78,0.05110406503081322,-2.743605613708496,0.4547005891799927
RICL,79,-0.0932718962430954,-2.743605613708496,0.4547005891799927
RICL,80,0.045724496245384216,-2.739388942718506,0.4239041805267334
RICL,81,-0.08789233863353729,-2.739388942718506,0.4239041805267334
RICL,82,0.04604661464691162,-2.7365667819976807,0.4238470792770386
RICL,83,-0.0882144421339035,-2.7365667819976807,0.4238470792770386
RICL,84,0.043382421135902405,-2.7390897274017334,0.4254843294620514
RICL,85,-0.08555024862289429,-2.7390897274017334,0.4254843294620514
RICL,86,0.04370453953742981,-2.736267328262329,0.42542722821235657
RICL,87,-0.08587238192558289,-2.736267328262329,0.42542722821235657
RICL,88,0.02842404693365097,-2.7327399253845215,0.3997727930545807
RICL,89,-0.07059188187122345,-2.7327399253845215,0.3997727930545807
RICL,90,0.028154857456684113,-2.735548257827759,0.3994361162185669
RICL,91,-0.07032269239425659,-2.735548257827759,0.3994361162185669
RICL,92,0.029896723106503487,-2.732590436935425,0.3973477780818939
RICL,93,-0.07206456363201141,-2.732590436935425,0.3973477780818939
RICL,94,0.02962752990424633,-2.735398530960083,0.39701107144355774
RICL,95,-0.07179535925388336,-2.735398530960083,0.39701107144355774
RICL,96,0.000797521322965622,-2.7328507900238037,0.3722967505455017
RICL,97,-0.048736799508333206,-2.7328743934631348,0.37962430715560913
RICL,98,0.0008820109069347382,-2.7302558422088623,0.3726995587348938
RICL,99,-0.04908198490738869,-2.7300662994384766,0.3798825144767761
RICL,100,-0.0009539425373077393,-2.733095169067383,0.37423986196517944
RICL,101,-0.04792102053761482,-2.7330241203308105,0.3823416233062744
RICL,102,-0.0008694715797901154,-2.7304999828338623,0.3746426999568939
RICL,103,-0.048266198486089706,-2.7302157878875732,0.3825998604297638
RICR,0,0.005423873662948608,-2.7302160263061523,0.3825998902320862
RICR,1,-0.041972868144512177,-2.7305002212524414,0.3746427297592163
RICR,2,0.0050786882638931274,-2.7330241203308105,0.3823416531085968
RICR,3,-0.041888367384672165,-2.733095169067383,0.37423989176750183
RICR,4,0.006239630281925201,-2.7300662994384766,0.3798825442790985
RICR,5,-0.04372434318065643,-2.7302560806274414,0.3726995885372162
RICR,6,0.0058944374322891235,-2.7328743934631348,0.3796243369579315
RICR,7,-0.0436398983001709,-2.732851028442383,0.3722967803478241
RICR,8,0.02895304560661316,-2.735398530960083,0.3970111012458801
RICR,9,-0.07246988266706467,-2.735398530960083,0.3970111310482025
RICR,10,0.029222235083580017,-2.732590436935425,0.3973478078842163
RICR,11,-0.07273907959461212,-2.732590436935425,0.3973478078842163
RICR,12,0.027480363845825195,-2.735548257827759,0.3994361460208893
RICR,13,-0.0709972009062767,-2.735548257827759,0.3994361460208893
RICR,14,0.027749568223953247,-2.7327399253845215,0.3997728228569031
RICR,15,-0.07126639783382416,-2.7327399253845215,0.39977285265922546
RICR,16,0.0430300235748291,-2.736267566680908,0.42542725801467896
RICR,17,-0.0865468680858612,-2.736267566680908,0.42542728781700134
RICR,18,0.04270792007446289,-2.7390897274017334,0.4254843592643738
RICR,19,-0.08622478693723679,-2.7390897274017334,0.42548438906669617
RICR,20,0.04537209868431091,-2.7365667819976807,0.42384710907936096
RICR,21,-0.0888889878988266,-2.7365667819976807,0.42384713888168335
RICR,22,0.045050010085105896,-2.739388942718506,0.4239041805267334
RICR,23,-0.0885668471455574,-2.739388942718506,0.4239042401313782
RICR,24,0.050429582595825195,-2.743605852127075,0.4547005891799927
RICR,25,-0.0939464196562767,-2.743605852127075,0.45470061898231506
RICR,26,0.050733670592308044,-2.74078369140625,0.4548211693763733
RICR,27,-0.09425050765275955,-2.740783452987671,0.45482122898101807
RICR,28,0.04760660231113434,-2.7433063983917236,0.45481517910957336
RICR,29,-0.09112343937158585,-2.7433063983917236,0.45481520891189575
RICR,30,0.04791069030761719,-2.7404842376708984,0.45493578910827637
RICR,31,-0.09142758697271347,-2.7404842376708984,0.45493578910827637
RICR,32,0.04253491759300232,-2.745039463043213,0.48471954464912415
RICR,33,-0.0860518142580986,-2.745039463043213,0.48471957445144653
RICR,34,0.0423196405172348,-2.747861623764038,0.48447322845458984
RICR,35,-0.0858364850282669,-2.747861623764038,0.48447322845458984
RICR,36,0.045097723603248596,-2.7453389167785645,0.48590877652168274
RICR,37,-0.0886145606637001,-2.7453389167785645,0.4859088063240051
RICR,38,0.04488244652748108,-2.7481610774993896,0.48566246032714844
RICR,39,-0.08839934319257736,-2.7481610774993896,0.4856624901294708
RICR,40,0.029315024614334106,-2.75166392326355,0.5119437575340271
RICR,41,-0.07283191382884979,-2.75166392326355,0.5119437575340271
RICR,42,0.02941986918449402,-2.7486135959625244,0.5122814774513245
RICR,43,-0.0729367658495903,-2.7486135959625244,0.5122814774513245
RICR,44,0.02730320394039154,-2.751340627670288,0.5096462368965149
RICR,45,-0.07082003355026245,-2.751340627670288,0.5096462368965149
RICR,46,0.027408048510551453,-2.7482900619506836,0.5099838972091675
RICR,47,-0.07092488557100296,-2.7482900619506836,0.5099839568138123
RICR,48,0.004669055342674255,-2.751312732696533,0.5269169807434082
RICR,49,-0.048185836523771286,-2.751312732696533,0.5269169807434082
RICR,50,0.004669055342674255,-2.7543632984161377,0.5265633463859558
RICR,51,-0.048185836523771286,-2.7543632984161377,0.5265633463859558
RICR,52,0.005908980965614319,-2.751636028289795,0.5297077894210815
RICR,53,-0.0494258776307106,-2.751636028289795,0.5297077894210815
RICR,54,0.005908980965614319,-2.7546865940093994,0.5293541550636292
RICR,55,-0.0494258776307106,-2.7546865940093994,0.5293541550636292
RICR,56,-0.021758444607257843,-2.755444288253784,0.5354450941085815
RICR,57,-0.021758444607257843,-2.7522921562194824,0.5358104705810547
RICR,58,-0.021758444607257843,-2.7550787925720215,0.5322929620742798
RICR,59,-0.021758444607257843,-2.7519266605377197,0.5326583385467529
RICR,60,-0.02487970143556595,-2.7272932529449463,0.3560014069080353
RICR,61,-0.02267853170633316,-2.7276315689086914,0.3569452464580536
RICR,62,-0.024672187864780426,-2.72491192817688,0.35637104511260986
RICR,63,-0.022470958530902863,-2.725250244140625,0.35731491446495056
RICR,64,-0.022136978805065155,-2.7112364768981934,0.3042704164981842
RICR,65,-0.02443455159664154,-2.711395025253296,0.3050098419189453
RICR,66,-0.02253258228302002,-2.7130002975463867,0.30266323685646057
RICR,67,-0.024830155074596405,-2.7131588459014893,0.30340269207954407
RICR,68,-0.0245848149061203,-2.6980841159820557,0.2833639085292816
RICR,69,-0.02228718250989914,-2.697829246520996,0.2826519012451172
RICR,70,-0.024189211428165436,-2.6965482234954834,0.28519025444984436
RICR,71,-0.02189163863658905,-2.696293354034424,0.28447824716567993
RICR,72,-0.0258319228887558,-2.6795403957366943,0.2643420100212097
RICR,73,-0.028129495680332184,-2.6799960136413574,0.2649456262588501
RICR,74,-0.026227526366710663,-2.680461883544922,0.2621408700942993
RICR,75,-0.02852509915828705,-2.680917501449585,0.2627444863319397
RICR,76,-0.0332123339176178,-2.6754612922668457,0.2628055810928345
RICR,77,-0.030914761126041412,-2.6747236251831055,0.2626391649246216
RICR,78,-0.03281678259372711,-2.676180124282837,0.2650810182094574
RICR,79,-0.030519217252731323,-2.6754424571990967,0.2649146020412445
RICR,80,-0.08052439987659454,-2.6550893783569336,0.3007906377315521
RICR,81,-0.08282191306352615,-2.6558187007904053,0.30059054493904114
RICR,82,-0.08091994374990463,-2.6533849239349365,0.29912060499191284
RICR,83,-0.08321751654148102,-2.654114246368408,0.2989204525947571
RICR,84,-0.09207738935947418,-2.632035970687866,0.33386537432670593
RICR,85,-0.08977975696325302,-2.631279706954956,0.33386534452438354
RICR,86,-0.09168178588151932,-2.633237838745117,0.33592689037323
RICR,87,-0.08938421308994293,-2.632481575012207,0.33592692017555237
RICR,88,-0.09597088396549225,-2.614781379699707,0.35930588841438293
RICR,89,-0.0990331619977951,-2.6157894134521484,0.35930588841438293
RICR,90,-0.09649812430143356,-2.6131796836853027,0.3565581440925598
RICR,91,-0.09956040233373642,-2.614187717437744,0.3565581738948822
RICR,92,-0.10081619769334793,-2.606802225112915,0.36220940947532654
RICR,93,-0.09759227186441422,-2.606802225112915,0.36220940947532654
RICR,94,-0.10081619769334793,-2.60709547996521,0.36541998386383057
RICR,95,-0.09759227186441422,-2.60709547996521,0.36541998386383057
RICR,96,-0.09077629446983337,-2.590646743774414,0.37376680970191956
RICR,97,-0.09077629446983337,-2.6074326038360596,0.37223348021507263
RICR,98,-0.10763216763734818,-2.6074326038360596,0.372233510017395
RICR,99,-0.10763216763734818,-2.590646743774414,0.37376683950424194
RICR,100,-0.09077629446983337,-2.589113473892212,0.3569808900356293
RICR,101,-0.09077629446983337,-2.6058993339538574,0.35544759035110474
RICR,102,-0.10763216763734818,-2.6058993339538574,0.35544759035110474
RICR,103,-0.10763216763734818,-2.589113473892212,0.3569808900356293
RIH,0,-0.021083928644657135,-2.7320964336395264,0.37342748045921326
RIH,1,-0.021083928644657135,-2.729259490966797,0.37357622385025024
RIH,2,-0.021083928644657135,-2.7322449684143066,0.37626463174819946
RIH,3,-0.021083928644657135,-2.729408025741577,0.37641337513923645
RIH,4,-0.0482662133872509,-2.7302157878875732,0.38259974122047424
RIH,5,0.006098359823226929,-2.7302157878875732,0.38259974122047424
RIH,6,-0.04792103171348572,-2.7330241203308105,0.38234153389930725
RIH,7,0.005753174424171448,-2.7330241203308105,0.38234153389930725
RIH,8,-0.04908200353384018,-2.7300662994384766,0.3798823952674866
RIH,9,0.006914148107171059,-2.7300662994384766,0.3798823952674866
RIH,10,-0.0487368106842041,-2.7328743934631348,0.3796241879463196
RIH,11,0.0065689533948898315,-2.7328743934631348,0.3796241879463196
RIH,12,-0.07179537415504456,-2.735398530960083,0.3970109522342682
RIH,13,0.029627524316310883,-2.735398530960083,0.3970109522342682
RIH,14,-0.07206457853317261,-2.732590436935425,0.39734765887260437
RIH,15,0.02989671751856804,-2.732590436935425,0.39734765887260437
RIH,16,-0.07032270729541779,-2.7355480194091797,0.39943599700927734
RIH,17,0.028154850006103516,-2.7355480194091797,0.39943599700927734
RIH,18,-0.07059190422296524,-2.7327399253845215,0.39977267384529114
RIH,19,0.028424043208360672,-2.7327399253845215,0.39977267384529114
RIH,20,-0.08587239682674408,-2.736267328262329,0.425427109003067
RIH,21,0.04370453208684921,-2.736267328262329,0.425427109003067
RIH,22,-0.08555027097463608,-2.7390897274017334,0.42548424005508423
RIH,23,0.04338240996003151,-2.7390897274017334,0.42548424005508423
RIH,24,-0.0882144644856453,-2.7365667819976807,0.4238469898700714
RIH,25,0.046046607196331024,-2.7365667819976807,0.4238469898700714
RIH,26,-0.08789234608411789,-2.739388942718506,0.42390406131744385
RIH,27,0.04572448879480362,-2.739388942718506,0.42390406131744385
RIH,28,-0.09327191859483719,-2.743605613708496,0.4547004699707031
RIH,29,0.05110406130552292,-2.743605613708496,0.4547004699707031
RIH,30,-0.09357601404190063,-2.740783452987671,0.45482107996940613
RIH,31,0.051408156752586365,-2.740783452987671,0.45482107996940613
RIH,32,-0.09044896811246872,-2.7433063983917236,0.4548150599002838
RIH,33,0.04828110337257385,-2.7433063983917236,0.4548150599002838
RIH,34,-0.09075306355953217,-2.7404842376708984,0.4549356698989868
RIH,35,0.048585206270217896,-2.7404842376708984,0.4549356698989868
RIH,36,-0.0853772982954979,-2.745039463043213,0.4847194254398346
RIH,37,0.04320943355560303,-2.745039463043213,0.4847194254398346
RIH,38,-0.08516202121973038,-2.747861623764038,0.4844731092453003
RIH,39,0.04299416393041611,-2.747861623764038,0.4844731092453003
RIH,40,-0.08794008195400238,-2.7453386783599854,0.4859086573123932
RIH,41,0.04577222466468811,-2.7453386783599854,0.4859086573123932
RIH,42,-0.08772481977939606,-2.7481610774993896,0.4856623113155365
RIH,43,0.04555696249008179,-2.7481610774993896,0.4856623113155365
RIH,44,-0.0721573755145073,-2.75166392326355,0.5119436383247375
RIH,45,0.029989518225193024,-2.75166392326355,0.5119436383247375
RIH,46,-0.072262242436409,-2.7486133575439453,0.5122813582420349
RIH,47,0.030094385147094727,-2.7486133575439453,0.5122813582420349
RIH,48,-0.07014553993940353,-2.751340389251709,0.5096461176872253
RIH,49,0.027977682650089264,-2.751340389251709,0.5096461176872253
RIH,50,-0.07025039941072464,-2.7482900619506836,0.5099838376045227
RIH,51,0.028082553297281265,-2.7482900619506836,0.5099838376045227
RIH,52,-0.047511376440525055,-2.751312494277954,0.5269168019294739
RIH,53,0.0055557675659656525,-2.751312494277954,0.5268304347991943
RIH,54,-0.047511376440525055,-2.7543630599975586,0.5265632271766663
RIH,55,0.005614826455712318,-2.7543630599975586,0.5264817476272583
RIH,56,-0.048751361668109894,-2.751636028289795,0.529707670211792
RIH,57,0.006312200799584389,-2.751636028289795,0.5297891497612
RIH,58,-0.0487513542175293,-2.7546865940093994,0.5293540358543396
RIH,59,0.006371259689331055,-2.7546865940093994,0.5294404625892639
RIH,60,0.025466646999120712,-2.7352452278137207,0.3973846733570099
RIH,61,0.026860490441322327,-2.735095739364624,0.3949245512485504
RIH,62,0.027138810604810715,-2.7322874069213867,0.3952518403530121
RIH,63,0.025744963437318802,-2.7324371337890625,0.39771193265914917
RIH,64,-0.02900492399930954,-2.6684021949768066,0.36790090799331665
RIH,65,-0.02900492399930954,-2.679100275039673,0.35100266337394714
RIH,66,-0.02900492399930954,-2.695998430252075,0.3617008924484253
RIH,67,-0.02900492399930954,-2.685300350189209,0.3785991370677948
RIH,68,-0.009004940278828144,-2.6684021949768066,0.36790090799331665
RIH,69,-0.009004940278828144,-2.679100513458252,0.3510027527809143
RIH,70,-0.009004940278828144,-2.6959986686706543,0.3617009222507477
RIH,71,-0.009004940278828144,-2.685300350189209,0.37859904766082764
RIH,72,0.026316873729228973,-2.7298777103424072,0.39786532521247864
RIH,73,0.027399636805057526,-2.7303545475006104,0.396011084318161
RIH,74,0.028398025780916214,-2.729609489440918,0.39946094155311584
RIH,75,0.029542021453380585,-2.7300779819488525,0.3976326584815979
RIH,76,0.025529857724905014,-2.7242143154144287,0.39214926958084106
RIH,77,0.02483561635017395,-2.722916841506958,0.39379408955574036
RIH,78,0.023359138518571854,-2.7258212566375732,0.39210954308509827
RIH,79,0.02272123098373413,-2.724490165710449,0.39374032616615295
RIH,80,0.01775815710425377,-2.71620774269104,0.3843177855014801
RIH,81,0.017351660877466202,-2.71737003326416,0.3824951648712158
RIH,82,0.02039198949933052,-2.716261863708496,0.3842220604419708
RIH,83,0.020049646496772766,-2.7174296379089355,0.382380872964859
RIH,84,0.01736118271946907,-2.6988277435302734,0.36596035957336426
RIH,85,0.017092622816562653,-2.700679302215576,0.36606308817863464
RIH,86,0.019373677670955658,-2.698848247528076,0.36496400833129883
RIH,87,0.019152481108903885,-2.700713872909546,0.365038126707077
RIH,88,0.0030180122703313828,-2.6943390369415283,0.3563135862350464
RIH,89,0.0032276716083288193,-2.6924874782562256,0.3561168313026428
RIH,90,0.004712944850325584,-2.6925079822540283,0.3544325530529022
RIH,91,0.0045362915843725204,-2.694373607635498,0.3545849025249481
RIH,92,-0.01683366484940052,-2.6854822635650635,0.342632532119751
RIH,93,-0.015509204939007759,-2.6841881275177,0.34234657883644104
RIH,94,-0.01550708431750536,-2.6842191219329834,0.34010106325149536
RIH,95,-0.016844334080815315,-2.685520648956299,0.3403318524360657
RIH,96,-0.019744692370295525,-2.6819260120391846,0.3406028747558594
RIH,97,-0.01787388324737549,-2.6819610595703125,0.34050309658050537
RIH,98,-0.017670385539531708,-2.6819844245910645,0.3382667303085327
RIH,99,-0.019549714401364326,-2.681945323944092,0.33831021189689636
RIH,100,-0.018036330118775368,-2.663837194442749,0.3412310779094696
RIH,101,-0.020068911835551262,-2.6638550758361816,0.3413639962673187
RIH,102,-0.017947496846318245,-2.6634678840637207,0.33915919065475464
RIH,103,-0.017744531854987144,-2.6744256019592285,0.35838690400123596
RIH,104,-0.017744531854987144,-2.67307710647583,0.360516756772995
RIH,105,-0.020265333354473114,-2.6744253635406494,0.3583868741989136
RIH,106,-0.020265333354473114,-2.67307710647583,0.360516756772995
RIH,107,-0.02002723142504692,-2.6656830310821533,0.3550107181072235
RIH,108,-0.02002723142504692,-2.666776657104492,0.3532831370830536
RIH,109,-0.01798253506422043,-2.6656830310821533,0.3550107181072235
RIH,110,-0.01798253506422043,-2.666776657104492,0.3532831370830536
RIH,111,-0.02002723142504692,-2.659975528717041,0.3479958474636078
RIH,112,-0.02002723142504692,-2.658233642578125,0.34906667470932007
RIH,113,-0.01798253506422043,-2.658233642578125,0.34906667470932007
RIH,114,-0.01798253506422043,-2.659975528717041,0.3479958474636078
RIH,115,-0.02002723142504692,-2.6576790809631348,0.34452852606773376
RIH,116,-0.02002723142504692,-2.659684896469116,0.3449256420135498
RIH,117,-0.01798253506422043,-2.6576790809631348,0.34452852606773376
RIH,118,-0.01798253506422043,-2.659684896469116,0.3449256718158722
RIH,119,-0.02002723142504692,-2.6634604930877686,0.3392511010169983
RIH,120,-0.02474883943796158,-2.751312494277954,0.53126460313797
RIH,121,-0.02489388920366764,-2.7543630599975586,0.5309420824050903
RIH,122,-0.024734871461987495,-2.751636028289795,0.5343184471130371
RIH,123,-0.024879924952983856,-2.7546865940093994,0.5339959263801575
RIH,124,-0.019329894334077835,-2.751312494277954,0.5312630534172058
RIH,125,-0.019171839579939842,-2.7543630599975586,0.5309467315673828
RIH,126,-0.01946808025240898,-2.751636028289795,0.5343138575553894
RIH,127,-0.01931001804769039,-2.7546865940093994,0.5339974761009216
RIML,0,0.04418011009693146,-2.6092309951782227,0.38075193762779236
RIML,1,0.04418011009693146,-2.6278934478759766,0.38075193762779236
RIML,2,0.02551768720149994,-2.6278934478759766,0.38075196743011475
RIML,3,0.025517692789435387,-2.6092309951782227,0.38075196743011475
RIML,4,0.04418011009693146,-2.6092309951782227,0.39941439032554626
RIML,5,0.04418010264635086,-2.6278934478759766,0.3994143605232239
RIML,6,0.02551768720149994,-2.6278934478759766,0.39941439032554626
RIML,7,0.025517692789435387,-2.6092309951782227,0.39941439032554626
RIML,8,-0.0482662133872509,-2.7302157878875732,0.38259977102279663
RIML,9,0.006098359823226929,-2.7302157878875732,0.38259974122047424
RIML,10,-0.04792102798819542,-2.7330238819122314,0.38234156370162964
RIML,11,0.005753174424171448,-2.7330238819122314,0.38234150409698486
RIML,12,-0.04908199980854988,-2.7300662994384766,0.37988245487213135
RIML,13,0.00691414438188076,-2.7300662994384766,0.3798823952674866
RIML,14,-0.0487368069589138,-2.7328743934631348,0.37962421774864197
RIML,15,0.0065689533948898315,-2.7328743934631348,0.3796241581439972
RIML,16,-0.07179537415504456,-2.735398530960083,0.39701104164123535
RIML,17,0.029627520591020584,-2.735398530960083,0.3970109522342682
RIML,18,-0.07206457853317261,-2.732590436935425,0.39734771847724915
RIML,19,0.02989671751856804,-2.732590436935425,0.397347629070282
RIML,20,-0.07032270729541779,-2.7355480194091797,0.3994360566139221
RIML,21,0.028154848143458366,-2.7355480194091797,0.39943596720695496
RIML,22,-0.07059189677238464,-2.7327399253845215,0.3997727334499359
RIML,23,0.028424043208360672,-2.7327399253845215,0.39977264404296875
RIML,24,-0.08587239682674408,-2.736267328262329,0.4254271984100342
RIML,25,0.04370453208684921,-2.736267328262329,0.42542707920074463
RIML,26,-0.08555026352405548,-2.7390894889831543,0.4254843294620514
RIML,27,0.04338240996003151,-2.7390894889831543,0.42548418045043945
RIML,28,-0.08821447193622589,-2.7365665435791016,0.4238470792770386
RIML,29,0.046046607196331024,-2.7365667819976807,0.42384693026542664
RIML,30,-0.08789235353469849,-2.739388942718506,0.423904150724411
RIML,31,0.04572448879480362,-2.739388942718506,0.42390403151512146
RIML,32,-0.09327192604541779,-2.743605613708496,0.4547005891799927
RIML,33,0.05110405758023262,-2.743605613708496,0.45470044016838074
RIML,34,-0.09357601404190063,-2.740783452987671,0.4548211693763733
RIML,35,0.05140814930200577,-2.740783452987671,0.45482105016708374
RIML,36,-0.09044897556304932,-2.7433063983917236,0.454815149307251
RIML,37,0.048281099647283554,-2.7433063983917236,0.4548150300979614
RIML,38,-0.09075306355953217,-2.7404842376708984,0.454935759305954
RIML,39,0.048585206270217896,-2.7404842376708984,0.45493564009666443
RIML,40,-0.0853772908449173,-2.745039463043213,0.48471954464912415
RIML,41,0.04320943355560303,-2.745039463043213,0.4847194254398346
RIML,42,-0.08516202867031097,-2.747861623764038,0.48447319865226746
RIML,43,0.04299415647983551,-2.747861623764038,0.4844730794429779
RIML,44,-0.08794008195400238,-2.7453386783599854,0.48590877652168274
RIML,45,0.04577222093939781,-2.7453386783599854,0.4859086275100708
RIML,46,-0.08772481977939606,-2.7481608390808105,0.48566243052482605
RIML,47,0.04555695503950119,-2.7481608390808105,0.4856623113155365
RIML,48,-0.07215738296508789,-2.75166392326355,0.5119437575340271
RIML,49,0.029989518225193024,-2.75166392326355,0.5119436383247375
RIML,50,-0.072262242436409,-2.7486133575439453,0.5122814178466797
RIML,51,0.030094383284449577,-2.7486133575439453,0.5122813582420349
RIML,52,-0.07014554738998413,-2.751340389251709,0.5096461772918701
RIML,53,0.027977680787444115,-2.751340389251709,0.5096461176872253
RIML,54,-0.07025040686130524,-2.7482898235321045,0.5099838972091675
RIML,55,0.028082549571990967,-2.7482898235321045,0.5099838376045227
RIML,56,-0.047511372715234756,-2.751312494277954,0.5269168615341187
RIML,57,0.005343519151210785,-2.751312494277954,0.5269168615341187
RIML,58,-0.047511372715234756,-2.7543630599975586,0.526563286781311
RIML,59,0.005343519151210785,-2.7543630599975586,0.5265632271766663
RIML,60,-0.04875136539340019,-2.751636028289795,0.529707670211792
RIML,61,0.0065835025161504745,-2.751636028289795,0.5297076106071472
RIML,62,-0.048751357942819595,-2.7546865940093994,0.5293540954589844
RIML,63,0.006583500653505325,-2.7546865940093994,0.5293540358543396
RIML,64,-0.021083928644657135,-2.755444049835205,0.5354450345039368
RIML,65,-0.021083928644657135,-2.7522919178009033,0.5358104109764099
RIML,66,-0.021083928644657135,-2.7550787925720215,0.532292902469635
RIML,67,-0.021083928644657135,-2.7519266605377197,0.5326582789421082
RIML,68,-0.026560228317975998,-2.7302157878875732,0.37856143712997437
RIML,69,-0.026215046644210815,-2.7330241203308105,0.3783032298088074
RIML,70,-0.027376022189855576,-2.7300662994384766,0.3758441209793091
RIML,71,-0.0270308256149292,-2.7328743934631348,0.3755858838558197
RIML,72,-0.017356082797050476,-2.723148822784424,0.3541388213634491
RIML,73,-0.01723087579011917,-2.725956916809082,0.353726327419281
RIML,74,-0.01452336460351944,-2.722999095916748,0.35398027300834656
RIML,75,-0.014398153871297836,-2.7258074283599854,0.3535677492618561
RIML,76,-0.019438080489635468,-2.712892532348633,0.30267810821533203
RIML,77,-0.019563287496566772,-2.7106690406799316,0.3044421970844269
RIML,78,-0.016605358570814133,-2.7126834392547607,0.30261585116386414
RIML,79,-0.016730573028326035,-2.7104599475860596,0.304379940032959
RIML,80,-0.019563287496566772,-2.7078158855438232,0.30049169063568115
RIML,81,-0.019438080489635468,-2.7100393772125244,0.2987276017665863
RIML,82,-0.016605358570814133,-2.7098302841186523,0.298665314912796
RIML,83,-0.016730573028326035,-2.707606792449951,0.30042940378189087
RIML,84,-0.019438080489635468,-2.6956899166107178,0.280183345079422
RIML,85,-0.019563287496566772,-2.693638324737549,0.2821447551250458
RIML,86,-0.016605358570814133,-2.6954760551452637,0.28014057874679565
RIML,87,-0.016730573028326035,-2.693424701690674,0.28210198879241943
RIML,88,-0.019563287496566772,-2.6907851696014404,0.278633177280426
RIML,89,-0.019438080489635468,-2.6928367614746094,0.27667176723480225
RIML,90,-0.016605358570814133,-2.6926229000091553,0.2766290009021759
RIML,91,-0.016730573028326035,-2.6905715465545654,0.2785904109477997
RIML,92,-0.017378605902194977,-2.6815006732940674,0.26581814885139465
RIML,93,-0.017256785184144974,-2.6815452575683594,0.26298007369041443
RIML,94,-0.014961350709199905,-2.682988166809082,0.2659452259540558
RIML,95,-0.014839526265859604,-2.683032751083374,0.2631071209907532
RIML,96,-0.006026547402143478,-2.6733226776123047,0.2654849588871002
RIML,97,-0.0042099133133888245,-2.6734490394592285,0.2633042335510254
RIML,98,-0.006060782819986343,-2.6761600971221924,0.26562103629112244
RIML,99,-0.004244174808263779,-2.6762866973876953,0.2634403109550476
RIML,100,0.031942468136548996,-2.656203508377075,0.29599180817604065
RIML,101,0.03375910222530365,-2.656330108642578,0.2938111126422882
RIML,102,0.03190822899341583,-2.659041166305542,0.29612788558006287
RIML,103,0.033724840730428696,-2.659167766571045,0.29394716024398804
RIML,104,0.039579134434461594,-2.654202699661255,0.29829755425453186
RIML,105,0.03674566000699997,-2.6540064811706543,0.29836565256118774
RIML,106,0.03662293031811714,-2.6563401222229004,0.2999814748764038
RIML,107,0.03945638984441757,-2.656536340713501,0.29991334676742554
RIML,108,0.034331515431404114,-2.6133346557617188,0.3613705635070801
RIML,109,0.0373629555106163,-2.6134326457977295,0.36133652925491333
RIML,110,0.03427015244960785,-2.615734100341797,0.3632214665412903
RIML,111,0.03730158507823944,-2.6158320903778076,0.36318740248680115
RIML,112,0.03323420137166977,-2.6092309951782227,0.39169785380363464
RIML,113,0.036463603377342224,-2.6092309951782227,0.39169785380363464
RIML,114,0.03323420137166977,-2.6092309951782227,0.388468474149704
RIML,115,0.036463603377342224,-2.6092309951782227,0.388468474149704
RIML,116,0.03646361082792282,-2.6058740615844727,0.3868664801120758
RIML,117,0.033234208822250366,-2.6058740615844727,0.3868665099143982
RIML,118,0.03646361082792282,-2.603808879852295,0.3893492817878723
RIML,119,0.033234208822250366,-2.603808879852295,0.3893492817878723
RIML,120,0.033234208822250366,-2.6040194034576416,0.3831096291542053
RIML,121,0.03646361082792282,-2.6040194034576416,0.3831096291542053
RIML,122,0.03646361082792282,-2.600835084915161,0.38257142901420593
RIML,123,0.033234208822250366,-2.600835084915161,0.38257139921188354
RIML,124,-0.017002161592245102,-2.6940348148345947,0.2754395604133606
RIML,125,-0.01886812597513199,-2.694176197052002,0.27541467547416687
RIML,126,-0.017002161592245102,-2.6966257095336914,0.2769126296043396
RIML,127,-0.01886812597513199,-2.6967670917510986,0.27688777446746826
RIML,128,-0.018723677843809128,-2.69637131690979,0.27206218242645264
RIML,129,-0.01685771346092224,-2.6963069438934326,0.2721904516220093
RIML,130,-0.018723677843809128,-2.6936419010162354,0.27325940132141113
RIML,131,-0.01685771346092224,-2.693577527999878,0.2733876407146454
RIML,132,-0.016592681407928467,-2.688643455505371,0.2684337794780731
RIML,133,-0.018458649516105652,-2.688652276992798,0.2682904601097107
RIML,134,-0.016592681407928467,-2.6906816959381104,0.2662593126296997
RIML,135,-0.018458649516105652,-2.690690517425537,0.2661159932613373
RIML,136,-0.017099235206842422,-2.7114102840423584,0.29662439227104187
RIML,137,-0.018683288246393204,-2.7115318775177,0.29663345217704773
RIML,138,-0.017099235206842422,-2.713440418243408,0.2984420359134674
RIML,139,-0.018683288246393204,-2.71356201171875,0.29845112562179565
RIML,140,-0.018558599054813385,-2.714785575866699,0.2981405258178711
RIML,141,-0.016974546015262604,-2.7147512435913086,0.298023521900177
RIML,142,-0.018558599054813385,-2.7157745361328125,0.2956013083457947
RIML,143,-0.016974546015262604,-2.715740442276001,0.2954843044281006
RIML,144,-0.016808390617370605,-2.721588373184204,0.30166128277778625
RIML,145,-0.018392443656921387,-2.721550703048706,0.3017772138118744
RIML,146,-0.016808390617370605,-2.719341278076172,0.3032028377056122
RIML,147,-0.018392443656921387,-2.719303607940674,0.3033187687397003
RIMR,0,-0.023511875420808792,-2.719303607940674,0.3033187687397003
RIMR,1,-0.025095876306295395,-2.719341278076172,0.3032028377056122
RIMR,2,-0.023511875420808792,-2.721550703048706,0.3017772138118744
RIMR,3,-0.025095876306295395,-2.721588373184204,0.30166128277778625
RIMR,4,-0.02492976188659668,-2.715740442276001,0.2954843044281006
RIMR,5,-0.023345693945884705,-2.7157745361328125,0.2956013083457947
RIMR,6,-0.02492976188659668,-2.7147512435913086,0.2980234920978546
RIMR,7,-0.023345693945884705,-2.714785575866699,0.2981405258178711
RIMR,8,-0.02322099357843399,-2.71356201171875,0.29845112562179565
RIMR,9,-0.024805061519145966,-2.713440418243408,0.2984420359134674
RIMR,10,-0.02322099357843399,-2.7115318775177,0.29663345217704773
RIMR,11,-0.024805061519145966,-2.7114102840423584,0.29662439227104187
RIMR,12,-0.023445580154657364,-2.690690517425537,0.2661159932613373
RIMR,13,-0.025311622768640518,-2.6906816959381104,0.2662593424320221
RIMR,14,-0.023445580154657364,-2.688652276992798,0.2682904601097107
RIMR,15,-0.025311622768640518,-2.688643455505371,0.2684337794780731
RIMR,16,-0.02504657208919525,-2.693577527999878,0.2733876407146454
RIMR,17,-0.023180659860372543,-2.6936419010162354,0.27325940132141113
RIMR,18,-0.02504657208919525,-2.6963069438934326,0.2721904516220093
RIMR,19,-0.023180659860372543,-2.69637131690979,0.27206218242645264
RIMR,20,-0.023036174476146698,-2.6967670917510986,0.27688777446746826
RIMR,21,-0.02490215003490448,-2.6966257095336914,0.2769126296043396
RIMR,22,-0.023036174476146698,-2.694176197052002,0.27541467547416687
RIMR,23,-0.02490215003490448,-2.6940348148345947,0.2754395604133606
RIMR,24,-0.07513849437236786,-2.600835084915161,0.38257139921188354
RIMR,25,-0.07836789637804031,-2.600835084915161,0.38257142901420593
RIMR,26,-0.07836789637804031,-2.6040191650390625,0.3831096291542053
RIMR,27,-0.07513849437236786,-2.6040191650390625,0.3831096291542053
RIMR,28,-0.07513849437236786,-2.603808641433716,0.3893492817878723
RIMR,29,-0.07836789637804031,-2.603808879852295,0.3893492817878723
RIMR,30,-0.07513849437236786,-2.6058738231658936,0.3868665099143982
RIMR,31,-0.07836789637804031,-2.6058738231658936,0.3868664801120758
RIMR,32,-0.07836782932281494,-2.6092307567596436,0.388468474149704
RIMR,33,-0.07513849437236786,-2.6092307567596436,0.388468474149704
RIMR,34,-0.07836782932281494,-2.6092307567596436,0.39169785380363464
RIMR,35,-0.07513849437236786,-2.6092307567596436,0.39169785380363464
RIMR,36,-0.07920586317777634,-2.6158320903778076,0.36318740248680115
RIMR,37,-0.07617439329624176,-2.615734100341797,0.3632214665412903
RIMR,38,-0.07926725596189499,-2.6134326457977295,0.36133649945259094
RIMR,39,-0.07623578608036041,-2.6133346557617188,0.3613705337047577
RIMR,40,-0.08136068284511566,-2.656536102294922,0.29991334676742554
RIMR,41,-0.07852726429700851,-2.6563401222229004,0.2999814450740814
RIMR,42,-0.07864993065595627,-2.6540064811706543,0.29836565256118774
RIMR,43,-0.08148340880870819,-2.654202461242676,0.2982975244522095
RIMR,44,-0.07562914490699768,-2.659167528152466,0.29394713044166565
RIMR,45,-0.07381247729063034,-2.659041166305542,0.29612788558006287
RIMR,46,-0.07566338032484055,-2.656329870223999,0.2938110828399658
RIMR,47,-0.0738467127084732,-2.656203508377075,0.29599180817604065
RIMR,48,-0.03766005486249924,-2.6762866973876953,0.2634403109550476
RIMR,49,-0.035843513906002045,-2.6761600971221924,0.26562103629112244
RIMR,50,-0.03769440948963165,-2.6734490394592285,0.2633042633533478
RIMR,51,-0.03587774187326431,-2.6733224391937256,0.2654849588871002
RIMR,52,-0.027064792811870575,-2.683032751083374,0.2631071209907532
RIMR,53,-0.026942893862724304,-2.682988166809082,0.2659452259540558
RIMR,54,-0.02464747056365013,-2.6815452575683594,0.26298007369041443
RIMR,55,-0.02452569454908371,-2.6815006732940674,0.26581814885139465
RIMR,56,-0.02517368644475937,-2.6905715465545654,0.2785904109477997
RIMR,57,-0.025298897176980972,-2.6926229000091553,0.2766290009021759
RIMR,58,-0.022466182708740234,-2.6928367614746094,0.27667176723480225
RIMR,59,-0.02234097197651863,-2.6907851696014404,0.278633177280426
RIMR,60,-0.02517368644475937,-2.693424701690674,0.28210198879241943
RIMR,61,-0.025298897176980972,-2.6954760551452637,0.28014057874679565
RIMR,62,-0.02234097197651863,-2.693638324737549,0.2821447551250458
RIMR,63,-0.022466182708740234,-2.6956899166107178,0.280183345079422
RIMR,64,-0.02517368644475937,-2.707606792449951,0.30042940378189087
RIMR,65,-0.025298897176980972,-2.7098302841186523,0.298665314912796
RIMR,66,-0.022466182708740234,-2.7100393772125244,0.2987276017665863
RIMR,67,-0.02234097197651863,-2.7078158855438232,0.30049166083335876
RIMR,68,-0.02517368644475937,-2.7104599475860596,0.30437996983528137
RIMR,69,-0.025298897176980972,-2.7126834392547607,0.30261585116386414
RIMR,70,-0.02234097197651863,-2.7106690406799316,0.3044421970844269
RIMR,71,-0.022466182708740234,-2.712892532348633,0.30267810821533203
RIMR,72,-0.027506079524755478,-2.7258074283599854,0.3535677492618561
RIMR,73,-0.02738093212246895,-2.722999095916748,0.35398027300834656
RIMR,74,-0.024673428386449814,-2.725956916809082,0.353726327419281
RIMR,75,-0.024548154324293137,-2.723148822784424,0.3541388213634491
RIMR,76,-0.0148734450340271,-2.7328743934631348,0.3755859136581421
RIMR,77,-0.014528296887874603,-2.7300662994384766,0.3758441209793091
RIMR,78,-0.015689272433519363,-2.7330241203308105,0.37830325961112976
RIMR,79,-0.015344057232141495,-2.7302157878875732,0.37856146693229675
RIMR,80,-0.02082040160894394,-2.7519266605377197,0.5326582789421082
RIMR,81,-0.02082040160894394,-2.7550787925720215,0.532292902469635
RIMR,82,-0.02082040160894394,-2.7522919178009033,0.5358104705810547
RIMR,83,-0.02082040160894394,-2.755444049835205,0.5354450941085815
RIMR,84,-0.048487789928913116,-2.7546865940093994,0.5293540358543396
RIMR,85,0.006847113370895386,-2.7546865940093994,0.5293540954589844
RIMR,86,-0.048487789928913116,-2.751636028289795,0.529707670211792
RIMR,87,0.006847113370895386,-2.751636028289795,0.5297077298164368
RIMR,88,-0.04724779352545738,-2.7543630599975586,0.526563286781311
RIMR,89,0.005607113242149353,-2.7543630599975586,0.5265633463859558
RIMR,90,-0.04724779352545738,-2.751312494277954,0.5269168615341187
RIMR,91,0.005607113242149353,-2.751312494277954,0.5269169211387634
RIMR,92,-0.06998681277036667,-2.7482898235321045,0.5099838376045227
RIMR,93,0.028346069157123566,-2.7482900619506836,0.5099839568138123
RIMR,94,-0.06988196074962616,-2.751340389251709,0.5096461176872253
RIMR,95,0.028241224586963654,-2.751340627670288,0.5096462368965149
RIMR,96,-0.07199867814779282,-2.7486133575439453,0.5122813582420349
RIMR,97,0.030357934534549713,-2.7486135959625244,0.5122814774513245
RIMR,98,-0.07189375907182693,-2.75166392326355,0.5119436383247375
RIMR,99,0.030253082513809204,-2.751664161682129,0.5119437575340271
RIMR,100,-0.08746122568845749,-2.7481608390808105,0.4856623113155365
RIMR,101,0.04582054913043976,-2.7481610774993896,0.4856624901294708
RIMR,102,-0.0876765251159668,-2.7453384399414062,0.4859086275100708
RIMR,103,0.04603584110736847,-2.7453389167785645,0.4859088063240051
RIMR,104,-0.08489839732646942,-2.747861385345459,0.4844730794429779
RIMR,105,0.043257713317871094,-2.747861862182617,0.48447322845458984
RIMR,106,-0.08511368930339813,-2.745039224624634,0.4847193956375122
RIMR,107,0.0434730127453804,-2.745039701461792,0.48471957445144653
RIMR,108,-0.09048951417207718,-2.7404839992523193,0.45493564009666443
RIMR,109,0.04884883761405945,-2.7404844760894775,0.45493581891059875
RIMR,110,-0.09018539637327194,-2.7433061599731445,0.4548150300979614
RIMR,111,0.04854471981525421,-2.7433066368103027,0.45481520891189575
RIMR,112,-0.09331242740154266,-2.740783214569092,0.45482102036476135
RIMR,113,0.05167175829410553,-2.74078369140625,0.45482122898101807
RIMR,114,-0.09300831705331802,-2.743605375289917,0.45470044016838074
RIMR,115,0.05136764049530029,-2.743605852127075,0.45470061898231506
RIMR,116,-0.0876288041472435,-2.7393887042999268,0.42390403151512146
RIMR,117,0.0459880605340004,-2.739388942718506,0.4239041805267334
RIMR,118,-0.08795086294412613,-2.7365665435791016,0.42384693026542664
RIMR,119,0.0463101863861084,-2.7365667819976807,0.42384710907936096
RIMR,120,-0.08528667688369751,-2.7390894889831543,0.42548418045043945
RIMR,121,0.04364600032567978,-2.7390897274017334,0.4254843592643738
RIMR,122,-0.08560880273580551,-2.736267328262329,0.42542707920074463
RIMR,123,0.043968118727207184,-2.736267566680908,0.42542725801467896
RIMR,124,-0.07032827287912369,-2.7327396869659424,0.39977264404296875
RIMR,125,0.028687596321105957,-2.7327399253845215,0.3997727632522583
RIMR,126,-0.0700591504573822,-2.7355480194091797,0.39943596720695496
RIMR,127,0.02841847389936447,-2.735548257827759,0.3994360864162445
RIMR,128,-0.07180099934339523,-2.7325901985168457,0.397347629070282
RIMR,129,0.030160322785377502,-2.732590436935425,0.39734774827957153
RIMR,130,-0.0715317502617836,-2.735398292541504,0.3970109224319458
RIMR,131,0.02989107370376587,-2.735398530960083,0.39701107144355774
RIMR,132,-0.04847322031855583,-2.7328743934631348,0.3796241581439972
RIMR,133,0.006832540035247803,-2.7328743934631348,0.37962424755096436
RIMR,134,-0.0488184317946434,-2.7300660610198975,0.3798823952674866
RIMR,135,0.007177695631980896,-2.7300662994384766,0.37988248467445374
RIMR,136,-0.04765739291906357,-2.7330238819122314,0.38234153389930725
RIMR,137,0.006016716361045837,-2.7330241203308105,0.382341593503952
RIMR,138,-0.04800260812044144,-2.7302157878875732,0.38259974122047424
RIMR,139,0.006361931562423706,-2.7302157878875732,0.382599800825119
RIMR,140,-0.06742201000452042,-2.6092307567596436,0.39941439032554626
RIMR,141,-0.06742195039987564,-2.6278932094573975,0.39941439032554626
RIMR,142,-0.08608437329530716,-2.6278932094573975,0.3994143605232239
RIMR,143,-0.08608437329530716,-2.6092307567596436,0.39941439032554626
RIMR,144,-0.06742201000452042,-2.6092307567596436,0.38075193762779236
RIMR,145,-0.06742195039987564,-2.6278932094573975,0.38075196743011475
RIMR,146,-0.08608437329530716,-2.6278932094573975,0.38075193762779236
RIMR,147,-0.08608437329530716,-2.6092307567596436,0.38075193762779236
RIR,0,0.0065835267305374146,-2.7546868324279785,0.5293541550636292
RIR,1,-0.0487513393163681,-2.7546868324279785,0.5293541550636292
RIR,2,0.0065835267305374146,-2.751636266708374,0.5297077298164368
RIR,3,-0.0487513393163681,-2.751636266708374,0.5297077298164368
RIR,4,0.005343541502952576,-2.7543632984161377,0.5265633463859558
RIR,5,-0.047511354088783264,-2.7543632984161377,0.5265633463859558
RIR,6,0.005343541502952576,-2.751312732696533,0.5269169211387634
RIR,7,-0.047511354088783264,-2.751312732696533,0.5269169211387634
RIR,8,0.02808256447315216,-2.7482900619506836,0.5099839568138123
RIR,9,-0.07025038450956345,-2.7482900619506836,0.5099839568138123
RIR,10,0.027977705001831055,-2.751340627670288,0.5096462368965149
RIR,11,-0.07014551758766174,-2.751340627670288,0.5096462368965149
RIR,12,0.03009440004825592,-2.7486135959625244,0.5122814774513245
RIR,13,-0.0722622200846672,-2.7486135959625244,0.5122814774513245
RIR,14,0.029989540576934814,-2.751664161682129,0.5119437575340271
RIR,15,-0.0721573531627655,-2.751664161682129,0.5119437575340271
RIR,16,0.04555697739124298,-2.7481610774993896,0.48566243052482605
RIR,17,-0.08772478997707367,-2.7481610774993896,0.48566243052482605
RIR,18,0.0457722544670105,-2.7453389167785645,0.48590877652168274
RIR,19,-0.08794005960226059,-2.7453389167785645,0.48590877652168274
RIR,20,0.042994171380996704,-2.747861862182617,0.48447322845458984
RIR,21,-0.08516199141740799,-2.747861862182617,0.48447322845458984
RIR,22,0.04320944845676422,-2.745039701461792,0.48471954464912415
RIR,23,-0.0853772684931755,-2.745039701461792,0.48471954464912415
RIR,24,0.04858522117137909,-2.7404844760894775,0.45493578910827637
RIR,25,-0.09075304120779037,-2.7404844760894775,0.45493578910827637
RIR,26,0.04828113317489624,-2.7433066368103027,0.45481517910957336
RIR,27,-0.09044893831014633,-2.7433066368103027,0.45481517910957336
RIR,28,0.05140817165374756,-2.74078369140625,0.4548211693763733
RIR,29,-0.09357599169015884,-2.74078369140625,0.4548211693763733
RIR,30,0.05110408365726471,-2.743605852127075,0.4547005891799927
RIR,31,-0.0932718887925148,-2.743605852127075,0.4547005891799927
RIR,32,0.045724526047706604,-2.739389181137085,0.4239041805267334
RIR,33,-0.0878923237323761,-2.739389181137085,0.4239041805267334
RIR,34,0.046046629548072815,-2.7365667819976807,0.4238470792770386
RIR,35,-0.0882144421339035,-2.7365667819976807,0.4238470792770386
RIR,36,0.0433824360370636,-2.7390897274017334,0.4254843294620514
RIR,37,-0.08555024117231369,-2.7390897274017334,0.4254843294620514
RIR,38,0.043704554438591,-2.736267566680908,0.42542722821235657
RIR,39,-0.08587236702442169,-2.736267566680908,0.42542722821235657
RIR,40,0.028424054384231567,-2.7327401638031006,0.3997727632522583
RIR,41,-0.07059187442064285,-2.7327401638031006,0.3997727632522583
RIR,42,0.028154879808425903,-2.735548257827759,0.3994361162185669
RIR,43,-0.070322684943676,-2.735548257827759,0.3994361162185669
RIR,44,0.02989673614501953,-2.732590436935425,0.3973477780818939
RIR,45,-0.07206454873085022,-2.732590436935425,0.3973477780818939
RIR,46,0.02962753176689148,-2.735398769378662,0.39701107144355774
RIR,47,-0.07179535180330276,-2.735398769378662,0.39701107144355774
RIR,48,0.006568983197212219,-2.732874631881714,0.37962427735328674
RIR,49,-0.04873678833246231,-2.732874631881714,0.37962427735328674
RIR,50,0.0069141685962677,-2.7300665378570557,0.3798825144767761
RIR,51,-0.04908198118209839,-2.7300665378570557,0.3798825144767761
RIR,52,0.005753189325332642,-2.7330241203308105,0.3823416531085968
RIR,53,-0.04792100936174393,-2.7330241203308105,0.3823416531085968
RIR,54,0.0060983747243881226,-2.7302160263061523,0.3825998306274414
RIR,55,-0.04826619476079941,-2.7302160263061523,0.3825998306274414
RIR,56,-0.023313067853450775,-2.729408025741577,0.3782711327075958
RIR,57,-0.023313067853450775,-2.7322449684143066,0.37812235951423645
RIR,58,-0.023313067853450775,-2.729259490966797,0.3754339814186096
RIR,59,-0.023313067853450775,-2.7320964336395264,0.37528520822525024
RIR,60,-0.12559007108211517,-2.6427364349365234,0.375140517950058
RIR,61,-0.12559007108211517,-2.6427364349365234,0.3580646514892578
RIR,62,-0.1351912021636963,-2.6568572521209717,0.3580646514892578
RIR,63,-0.1351912021636963,-2.6568572521209717,0.3751404881477356
RIR,64,-0.11146910488605499,-2.6523373126983643,0.3751404285430908
RIR,65,-0.11146914213895798,-2.6523375511169434,0.3580646514892578
RIR,66,-0.12107028067111969,-2.6664583683013916,0.3580646514892578
RIR,67,-0.12107028067111969,-2.6664583683013916,0.375140517950058
RIR,68,-0.024132870137691498,-2.751636266708374,0.5339056253433228
RIR,69,-0.023731522262096405,-2.751312732696533,0.5308782458305359
RIR,70,-0.024232730269432068,-2.7546868324279785,0.533566415309906
RIR,71,-0.023831382393836975,-2.7543632984161377,0.5305390357971191
RIR,72,-0.0196121484041214,-2.751636266708374,0.5342828631401062
RIR,73,-0.019849471747875214,-2.751312732696533,0.5312381982803345
RIR,74,-0.01949411630630493,-2.7546868324279785,0.5339494943618774
RIR,75,-0.019731447100639343,-2.7543632984161377,0.5309048891067505
RIR,76,-0.020261108875274658,-2.7323267459869385,0.37819385528564453
RIR,77,-0.02022486925125122,-2.7294929027557373,0.37835410237312317
RIR,78,-0.02013920247554779,-2.729344367980957,0.37552955746650696
RIR,79,-0.020175449550151825,-2.732178211212158,0.3753693103790283
RIR,80,-0.02046418935060501,-2.727114677429199,0.37597280740737915
RIR,81,-0.02052949368953705,-2.7272279262542725,0.37812620401382446
RIR,82,-0.022883862257003784,-2.7270500659942627,0.3758999705314636
RIR,83,-0.022883862257003784,-2.727163314819336,0.3780629336833954
RIR,84,-0.023005805909633636,-2.7234506607055664,0.3742471933364868
RIR,85,-0.02306406944990158,-2.7233335971832275,0.3720937967300415
RIR,86,-0.02445664256811142,-2.725313425064087,0.372020959854126
RIR,87,-0.024362318217754364,-2.7253758907318115,0.37418392300605774
RIR,88,-0.03427049517631531,-2.7152740955352783,0.3742471933364868
RIR,89,-0.034259505569934845,-2.715143918991089,0.3720937967300415
RIR,90,-0.0364774689078331,-2.716113328933716,0.372020959854126
RIR,91,-0.036429375410079956,-2.7162158489227295,0.37418392300605774
RIR,92,-0.055793434381484985,-2.6894030570983887,0.3663044571876526
RIR,93,-0.055806949734687805,-2.689272880554199,0.36415109038352966
RIR,94,-0.05780515819787979,-2.690639019012451,0.36407822370529175
RIR,95,-0.057738788425922394,-2.6907308101654053,0.3662412166595459
RIR,96,-0.0870794802904129,-2.6760551929473877,0.35995960235595703
RIR,97,-0.1170642152428627,-2.660566568374634,0.3680156171321869
RIR,98,-0.1170642152428627,-2.660566568374634,0.36518949270248413
RIR,99,-0.11547517776489258,-2.658229351043701,0.36518949270248413
RIR,100,-0.11547517776489258,-2.658229351043701,0.3680156469345093
RIR,101,-0.10924893617630005,-2.662296772003174,0.3649764358997345
RIR,102,-0.1102137491106987,-2.6614081859588623,0.3628978133201599
RIR,103,-0.11163686215877533,-2.663403034210205,0.3627057373523712
RIR,104,-0.11067204922437668,-2.6642913818359375,0.3647843599319458
RIR,105,-0.08578362315893173,-2.6741013526916504,0.3621353805065155
RIR,106,-0.08586326241493225,-2.674064874649048,0.35998061299324036
RIR,107,-0.08702374994754791,-2.6760458946228027,0.3621465563774109
Seam_Cells_Left,0,0.10115586221218109,3.9945921897888184,0.06158331781625748
Seam_Cells_Left,1,0.10115586221218109,3.993380546569824,0.0658634826540947
Seam_Cells_Left,2,0.1049906313419342,3.993380546569824,0.0658634826540947
Seam_Cells_Left,3,0.1049906313419342,3.9945921897888184,0.06158331781625748
Seam_Cells_Left,4,0.11456994712352753,3.9615516662597656,0.04589826613664627
Seam_Cells_Left,5,0.11456994712352753,3.9570212364196777,0.06189734488725662
Seam_Cells_Left,6,0.10023605823516846,3.9570212364196777,0.06189734488725662
Seam_Cells_Left,7,0.10023605823516846,3.9615516662597656,0.04589826613664627
Seam_Cells_Left,8,0.111249640583992,3.926741123199463,0.029129646718502045
Seam_Cells_Left,9,0.111249640583992,3.922211170196533,0.045128606259822845
Seam_Cells_Left,10,0.12558354437351227,3.922211170196533,0.045128606259822845
Seam_Cells_Left,11,0.12558354437351227,3.926741123199463,0.029129646718502045
Seam_Cells_Left,12,0.14562970399856567,3.821302652359009,-0.006588838994503021
Seam_Cells_Left,13,0.14562970399856567,3.817875623703003,0.011230923235416412
Seam_Cells_Left,14,0.1299869418144226,3.817875623703003,0.011230923235416412
Seam_Cells_Left,15,0.1299869418144226,3.821302652359009,-0.006588838994503021
Seam_Cells_Left,16,0.14779387414455414,3.7523694038391113,-0.012430451810359955
Seam_Cells_Left,17,0.14779387414455414,3.754387378692627,-0.021254949271678925
Seam_Cells_Left,18,0.1555974930524826,3.7523694038391113,-0.012430451810359955
Seam_Cells_Left,19,0.1555974930524826,3.754387378692627,-0.021254949271678925
Seam_Cells_Left,20,0.14539574086666107,3.7642881870269775,-0.018900088965892792
Seam_Cells_Left,21,0.14539574086666107,3.762503147125244,-0.007520295679569244
Seam_Cells_Left,22,0.15532547235488892,3.762503147125244,-0.007520295679569244
Seam_Cells_Left,23,0.15532547235488892,3.7642881870269775,-0.018900088965892792
Seam_Cells_Left,24,0.15803471207618713,3.7425878047943115,-0.025941483676433563
Seam_Cells_Left,25,0.15803468227386475,3.7396838665008545,-0.013709433376789093
Seam_Cells_Left,26,0.14719708263874054,3.7396838665008545,-0.013709433376789093
Seam_Cells_Left,27,0.14719708263874054,3.7425878047943115,-0.025941483676433563
Seam_Cells_Left,28,0.143943652510643,3.5491695404052734,-0.08738204836845398
Seam_Cells_Left,29,0.143943652510643,3.546562671661377,-0.05349770933389664
Seam_Cells_Left,30,0.18166562914848328,3.546562671661377,-0.05349770933389664
Seam_Cells_Left,31,0.18166562914848328,3.5491695404052734,-0.08738204836845398
Seam_Cells_Left,32,0.1856694370508194,3.4653773307800293,-0.0950135588645935
Seam_Cells_Left,33,0.1856694370508194,3.4626667499542236,-0.05979260057210922
Seam_Cells_Left,34,0.14645954966545105,3.4626667499542236,-0.05979260057210922
Seam_Cells_Left,35,0.14645954966545105,3.4653773307800293,-0.0950135588645935
Seam_Cells_Left,36,0.1772061437368393,3.304379463195801,-0.09823364019393921
Seam_Cells_Left,37,0.1772061437368393,3.304825782775879,-0.08357836306095123
Seam_Cells_Left,38,0.18963636457920074,3.304825782775879,-0.08357836306095123
Seam_Cells_Left,39,0.18963636457920074,3.304379463195801,-0.09823364019393921
Seam_Cells_Left,40,0.1901315450668335,3.2907755374908447,-0.0968809500336647
Seam_Cells_Left,41,0.1901315450668335,3.2910711765289307,-0.08717064559459686
Seam_Cells_Left,42,0.18189550936222076,3.2910711765289307,-0.08717064559459686
Seam_Cells_Left,43,0.18189550936222076,3.2907755374908447,-0.0968809500336647
Seam_Cells_Left,44,0.17590095102787018,3.2795541286468506,-0.09987922757863998
Seam_Cells_Left,45,0.17590095102787018,3.2800517082214355,-0.08349622040987015
Seam_Cells_Left,46,0.1897965371608734,3.2800517082214355,-0.08349622040987015
Seam_Cells_Left,47,0.1897965371608734,3.2795541286468506,-0.09987922757863998
Seam_Cells_Left,48,0.19647490978240967,3.129162073135376,-0.11132678389549255
Seam_Cells_Left,49,0.19647490978240967,3.1313393115997314,-0.06971746683120728
Seam_Cells_Left,50,0.14887171983718872,3.1313393115997314,-0.06971746683120728
Seam_Cells_Left,51,0.14887171983718872,3.129162073135376,-0.11132678389549255
Seam_Cells_Left,52,0.15507975220680237,3.043832778930664,-0.10317844152450562
Seam_Cells_Left,53,0.15507975220680237,3.0481324195861816,-0.06173468381166458
Seam_Cells_Left,54,0.2026829868555069,3.0481324195861816,-0.06173468381166458
Seam_Cells_Left,55,0.2026829868555069,3.043832778930664,-0.10317844152450562
Seam_Cells_Left,56,0.21465444564819336,2.8533995151519775,-0.06973319500684738
Seam_Cells_Left,57,0.21465444564819336,2.8554418087005615,-0.05172807723283768
Seam_Cells_Left,58,0.1992921531200409,2.8554418087005615,-0.05172807723283768
Seam_Cells_Left,59,0.1992921531200409,2.8533995151519775,-0.06973319500684738
Seam_Cells_Left,60,0.2078167051076889,2.8408968448638916,-0.06452865898609161
Seam_Cells_Left,61,0.2078167051076889,2.842607021331787,-0.05389264225959778
Seam_Cells_Left,62,0.21720808744430542,2.842607021331787,-0.05389264225959778
Seam_Cells_Left,63,0.21720808744430542,2.8408968448638916,-0.06452865898609161
Seam_Cells_Left,64,0.21879447996616364,2.827873945236206,-0.06502246111631393
Seam_Cells_Left,65,0.21879447996616364,2.8313817977905273,-0.04664818197488785
Seam_Cells_Left,66,0.20186947286128998,2.8313817977905273,-0.04664818197488785
Seam_Cells_Left,67,0.20186947286128998,2.827873945236206,-0.06502246111631393
Seam_Cells_Left,68,0.16766996681690216,2.7175819873809814,-0.05463963747024536
Seam_Cells_Left,69,0.16766996681690216,2.7239022254943848,-0.007881663739681244
Seam_Cells_Left,70,0.22934864461421967,2.7239022254943848,-0.007881663739681244
Seam_Cells_Left,71,0.22934864461421967,2.7175819873809814,-0.05463963747024536
Seam_Cells_Left,72,0.24583974480628967,2.5531795024871826,-0.019341081380844116
Seam_Cells_Left,73,0.24583974480628967,2.562483549118042,0.02879234403371811
Seam_Cells_Left,74,0.17814232409000397,2.562483549118042,0.02879234403371811
Seam_Cells_Left,75,0.17814232409000397,2.5531795024871826,-0.019341081380844116
Seam_Cells_Left,76,0.24069277942180634,2.4082841873168945,0.04708965867757797
Seam_Cells_Left,77,0.24069277942180634,2.412559747695923,0.06581588089466095
Seam_Cells_Left,78,0.25814560055732727,2.412559747695923,0.06581588089466095
Seam_Cells_Left,79,0.25814560055732727,2.4082841873168945,0.04708965867757797
Seam_Cells_Left,80,0.25766244530677795,2.396328926086426,0.05577399581670761
Seam_Cells_Left,81,0.25766244530677795,2.398684501647949,0.06608980894088745
Seam_Cells_Left,82,0.2480480819940567,2.398684501647949,0.06608980894088745
Seam_Cells_Left,83,0.2480480819940567,2.396328926086426,0.05577399581670761
Seam_Cells_Left,84,0.2422506958246231,2.3826310634613037,0.05711118131875992
Seam_Cells_Left,85,0.2422506958246231,2.3880374431610107,0.07561942934989929
Seam_Cells_Left,86,0.25977036356925964,2.3880374431610107,0.07561942934989929
Seam_Cells_Left,87,0.25977036356925964,2.3826310634613037,0.05711118131875992
Seam_Cells_Left,88,0.27031219005584717,2.221109628677368,0.0932459831237793
Seam_Cells_Left,89,0.27031219005584717,2.2325196266174316,0.14007100462913513
Seam_Cells_Left,90,0.20368608832359314,2.2325191497802734,0.14007103443145752
Seam_Cells_Left,91,0.20368608832359314,2.22110915184021,0.09324600547552109
Seam_Cells_Left,92,0.20508483052253723,2.1378180980682373,0.11819490045309067
Seam_Cells_Left,93,0.20508483052253723,2.149228096008301,0.1650199294090271
Seam_Cells_Left,94,0.27159279584884644,2.149228572845459,0.1650198996067047
Seam_Cells_Left,95,0.27159279584884644,2.1378185749053955,0.11819487065076828
Seam_Cells_Left,96,0.2720666825771332,1.980412483215332,0.17472141981124878
Seam_Cells_Left,97,0.2720666825771332,1.9837658405303955,0.1942843496799469
Seam_Cells_Left,98,0.25485745072364807,1.9837653636932373,0.1942843794822693
Seam_Cells_Left,99,0.25485745072364807,1.9804120063781738,0.17472144961357117
Seam_Cells_Left,100,0.26132383942604065,1.9653277397155762,0.1845717579126358
Seam_Cells_Left,101,0.26132383942604065,1.967665195465088,0.19613447785377502
Seam_Cells_Left,102,0.2709805369377136,1.967665672302246,0.19613444805145264
Seam_Cells_Left,103,0.2709805369377136,1.9653282165527344,0.18457172811031342
Seam_Cells_Left,104,0.27122485637664795,1.948593258857727,0.18669667840003967
Seam_Cells_Left,105,0.27122485637664795,1.9533427953720093,0.20558495819568634
Seam_Cells_Left,106,0.2543061077594757,1.953342318534851,0.20558498799800873
Seam_Cells_Left,107,0.2543061077594757,1.9485927820205688,0.18669670820236206
Seam_Cells_Left,108,0.20703034102916718,1.8213956356048584,0.20712286233901978
Seam_Cells_Left,109,0.20703034102916718,1.8315200805664062,0.2543333172798157
Seam_Cells_Left,110,0.2715509533882141,1.8315205574035645,0.2543333172798157
Seam_Cells_Left,111,0.2715509533882141,1.8213961124420166,0.2071228325366974
Seam_Cells_Left,112,0.2717103064060211,1.7309521436691284,0.23130586743354797
Seam_Cells_Left,113,0.2717103064060211,1.7384765148162842,0.2814967632293701
Seam_Cells_Left,114,0.20389191806316376,1.7384765148162842,0.2814967632293701
Seam_Cells_Left,115,0.20389191806316376,1.7309521436691284,0.23130586743354797
Seam_Cells_Left,116,0.20210503041744232,1.6501762866973877,0.23757463693618774
Seam_Cells_Left,117,0.20210503041744232,1.6539127826690674,0.2881886959075928
Seam_Cells_Left,118,0.2699233889579773,1.6539127826690674,0.2881886959075928
Seam_Cells_Left,119,0.2699233889579773,1.6501762866973877,0.23757463693618774
Seam_Cells_Left,120,0.26698076725006104,1.5104906558990479,0.26470404863357544
Seam_Cells_Left,121,0.26698076725006104,1.511955976486206,0.2845565378665924
Seam_Cells_Left,122,0.24968811869621277,1.511955976486206,0.2845565378665924
Seam_Cells_Left,123,0.24968811869621277,1.5104906558990479,0.26470404863357544
Seam_Cells_Left,124,0.25584083795547485,1.4981756210327148,0.26802605390548706
Seam_Cells_Left,125,0.25584083795547485,1.4988526105880737,0.2795969843864441
Seam_Cells_Left,126,0.26590967178344727,1.4988526105880737,0.2795969843864441
Seam_Cells_Left,127,0.26590967178344727,1.4981756210327148,0.26802605390548706
Seam_Cells_Left,128,0.26513156294822693,1.4849562644958496,0.2643028497695923
Seam_Cells_Left,129,0.26513156294822693,1.486113429069519,0.2840694785118103
Seam_Cells_Left,130,0.24793097376823425,1.486113429069519,0.2840694785118103
Seam_Cells_Left,131,0.24793097376823425,1.4849562644958496,0.2643028497695923
Seam_Cells_Left,132,0.19777396321296692,1.324173092842102,0.25765296816825867
Seam_Cells_Left,133,0.19777396321296692,1.327825903892517,0.30838459730148315
Seam_Cells_Left,134,0.2664475739002228,1.3278263807296753,0.30838456749916077
Seam_Cells_Left,135,0.2664475739002228,1.3241735696792603,0.2576529383659363
Seam_Cells_Left,136,0.2675229012966156,1.2390239238739014,0.2609594166278839
Seam_Cells_Left,137,0.2675229012966156,1.2405890226364136,0.3117982745170593
Seam_Cells_Left,138,0.19884929060935974,1.2405885457992554,0.3117983043193817
Seam_Cells_Left,139,0.19884929060935974,1.2390234470367432,0.2609594464302063
Seam_Cells_Left,140,0.19777396321296692,1.1553590297698975,0.24912187457084656
Seam_Cells_Left,141,0.19777391850948334,1.1523797512054443,0.2998974621295929
Seam_Cells_Left,142,0.2664475739002228,1.152380108833313,0.2998974323272705
Seam_Cells_Left,143,0.2664475739002228,1.1553595066070557,0.24912184476852417
Seam_Cells_Left,144,0.2657969892024994,1.0489505529403687,0.24829919636249542
Seam_Cells_Left,145,0.2657969892024994,1.0481090545654297,0.26774635910987854
Seam_Cells_Left,146,0.2486528605222702,1.0481090545654297,0.26774635910987854
Seam_Cells_Left,147,0.2486528605222702,1.0489505529403687,0.24829919636249542
Seam_Cells_Left,148,0.25566139817237854,1.031643271446228,0.24800463020801544
Seam_Cells_Left,149,0.25566139817237854,1.0306144952774048,0.26087772846221924
Seam_Cells_Left,150,0.2660820782184601,1.0306148529052734,0.26087769865989685
Seam_Cells_Left,151,0.2660820782184601,1.0316437482833862,0.24800460040569305
Seam_Cells_Left,152,0.26558950543403625,1.0123080015182495,0.23942451179027557
Seam_Cells_Left,153,0.26558950543403625,1.0106873512268066,0.25907713174819946
Seam_Cells_Left,154,0.24705596268177032,1.0106868743896484,0.25907716155052185
Seam_Cells_Left,155,0.24705596268177032,1.0123075246810913,0.23942454159259796
Seam_Cells_Left,156,0.21398666501045227,0.8170309662818909,0.16444355249404907
Seam_Cells_Left,157,0.21398670971393585,0.8091632723808289,0.2097143679857254
Seam_Cells_Left,158,0.276018887758255,0.8091637492179871,0.20971433818340302
Seam_Cells_Left,159,0.276018887758255,0.8170313835144043,0.16444352269172668
Seam_Cells_Left,160,0.2856108844280243,0.7264720797538757,0.11794473975896835
Seam_Cells_Left,161,0.2856108844280243,0.709240198135376,0.15794998407363892
Seam_Cells_Left,162,0.22680632770061493,0.7092402577400208,0.15794998407363892
Seam_Cells_Left,163,0.22680632770061493,0.7264720797538757,0.11794473975896835
Seam_Cells_Left,164,0.2781071662902832,0.5689293146133423,0.05417071282863617
Seam_Cells_Left,165,0.2781071662902832,0.5607984066009521,0.0684206634759903
Seam_Cells_Left,166,0.2951977550983429,0.5607984066009521,0.0684206634759903
Seam_Cells_Left,167,0.2951977550983429,0.5689290761947632,0.05417072772979736
Seam_Cells_Left,168,0.29310479760169983,0.5504202246665955,0.04606165364384651
Seam_Cells_Left,169,0.29310479760169983,0.5464235544204712,0.054919976741075516
Seam_Cells_Left,170,0.28298109769821167,0.5464235544204712,0.054919976741075516
Seam_Cells_Left,171,0.28298115730285645,0.5504204630851746,0.04606163874268532
Seam_Cells_Left,172,0.27562907338142395,0.5385119318962097,0.03506112098693848
Seam_Cells_Left,173,0.27562907338142395,0.5311794877052307,0.05131059139966965
Seam_Cells_Left,174,0.29419952630996704,0.5311794281005859,0.05131059139966965
Seam_Cells_Left,175,0.29419952630996704,0.5385119318962097,0.035061124712228775
Seam_Cells_Left,176,0.29265937209129333,0.3905896544456482,-0.055293694138526917
Seam_Cells_Left,177,0.29265937209129333,0.37252098321914673,-0.01739473268389702
Seam_Cells_Left,178,0.22632892429828644,0.3725210130214691,-0.01739473268389702
Seam_Cells_Left,179,0.22632892429828644,0.3905896842479706,-0.055293694138526917
Seam_Cells_Left,180,0.22082599997520447,0.2162245213985443,-0.15286023914813995
Seam_Cells_Left,181,0.22082597017288208,0.19751368463039398,-0.11361328512430191
Seam_Cells_Left,182,0.2874385714530945,0.1975136697292328,-0.11361327767372131
Seam_Cells_Left,183,0.2874385714530945,0.21622450649738312,-0.15286022424697876
Seam_Cells_Left,184,0.28611940145492554,0.10242944210767746,-0.19646106660366058
Seam_Cells_Left,185,0.28611940145492554,0.09517603367567062,-0.17904223501682281
Seam_Cells_Left,186,0.26791927218437195,0.09517606347799301,-0.17904223501682281
Seam_Cells_Left,187,0.26791927218437195,0.10242947190999985,-0.19646106660366058
Seam_Cells_Left,188,0.273658812046051,0.08455950021743774,-0.20220056176185608
Seam_Cells_Left,189,0.273658812046051,0.07985671609640121,-0.1905110478401184
Seam_Cells_Left,190,0.2858124375343323,0.07985671609640121,-0.1905110478401184
Seam_Cells_Left,191,0.2858124375343323,0.08455950021743774,-0.20220056176185608
Seam_Cells_Left,192,0.2856624722480774,0.07093405723571777,-0.21238186955451965
Seam_Cells_Left,193,0.2856624722480774,0.06426070630550385,-0.19579344987869263
Seam_Cells_Left,194,0.2684153616428375,0.06426073610782623,-0.19579344987869263
Seam_Cells_Left,195,0.2684153616428375,0.07093408703804016,-0.21238186955451965
Seam_Cells_Left,196,0.2210739254951477,-0.12881964445114136,-0.31164872646331787
Seam_Cells_Left,197,0.2210739254951477,-0.14297695457935333,-0.2680092751979828
Seam_Cells_Left,198,0.28406769037246704,-0.14297695457935333,-0.2680092751979828
Seam_Cells_Left,199,0.28406769037246704,-0.12881964445114136,-0.31164872646331787
Seam_Cells_Left,200,0.28116893768310547,-0.213151752948761,-0.3448556959629059
Seam_Cells_Left,201,0.28116893768310547,-0.22771647572517395,-0.29995983839035034
Seam_Cells_Left,202,0.21783070266246796,-0.22771647572517395,-0.29995983839035034
Seam_Cells_Left,203,0.21783070266246796,-0.213151752948761,-0.3448556959629059
Seam_Cells_Left,204,0.2599538564682007,-0.3757478892803192,-0.3902103304862976
Seam_Cells_Left,205,0.2599538564682007,-0.38130995631217957,-0.37213486433029175
Seam_Cells_Left,206,0.2768070101737976,-0.38130995631217957,-0.37213486433029175
Seam_Cells_Left,207,0.2768070101737976,-0.3757478892803192,-0.3902103304862976
Seam_Cells_Left,208,0.2751203179359436,-0.3912981152534485,-0.39206671714782715
Seam_Cells_Left,209,0.2751203179359436,-0.3935895562171936,-0.38213062286376953
Seam_Cells_Left,210,0.26603344082832336,-0.3935895562171936,-0.38213062286376953
Seam_Cells_Left,211,0.26603344082832336,-0.3912981152534485,-0.39206671714782715
Seam_Cells_Left,212,0.25612831115722656,-0.4047616422176361,-0.40153971314430237
Seam_Cells_Left,213,0.25612831115722656,-0.4084203541278839,-0.38143017888069153
Seam_Cells_Left,214,0.2743426561355591,-0.4084203541278839,-0.38143017888069153
Seam_Cells_Left,215,0.2743426561355591,-0.4047616422176361,-0.40153971314430237
Seam_Cells_Left,216,0.270997554063797,-0.5585501790046692,-0.45150071382522583
Seam_Cells_Left,217,0.270997554063797,-0.5647968649864197,-0.4012196660041809
Seam_Cells_Left,218,0.20317843556404114,-0.5647968649864197,-0.4012196660041809
Seam_Cells_Left,219,0.20317843556404114,-0.5585501790046692,-0.45150071382522583
Seam_Cells_Left,220,0.1981818974018097,-0.7322404384613037,-0.4658450484275818
Seam_Cells_Left,221,0.1981818974018097,-0.7321442365646362,-0.4151776432991028
Seam_Cells_Left,222,0.2653542459011078,-0.7321442365646362,-0.4151776432991028
Seam_Cells_Left,223,0.2653542459011078,-0.7322404384613037,-0.4658450484275818
Seam_Cells_Left,224,0.26367899775505066,-0.8406245112419128,-0.4554106593132019
Seam_Cells_Left,225,0.26367899775505066,-0.8386281132698059,-0.4356445074081421
Seam_Cells_Left,226,0.24441809952259064,-0.8386281132698059,-0.4356445074081421
Seam_Cells_Left,227,0.24441809952259064,-0.8406245112419128,-0.4554106593132019
Seam_Cells_Left,228,0.2518135607242584,-0.8577200770378113,-0.4455138146877289
Seam_Cells_Left,229,0.2518135607242584,-0.8557318449020386,-0.4352092146873474
Seam_Cells_Left,230,0.26198819279670715,-0.8557318449020386,-0.4352092146873474
Seam_Cells_Left,231,0.26198819279670715,-0.8577200770378113,-0.4455138146877289
Seam_Cells_Left,232,0.2630213797092438,-0.8732951283454895,-0.44451701641082764
Seam_Cells_Left,233,0.2630213797092438,-0.8694276213645935,-0.4244723618030548
Seam_Cells_Left,234,0.24322956800460815,-0.8694276213645935,-0.4244723618030548
Seam_Cells_Left,235,0.24322956800460815,-0.8732951283454895,-0.44451701641082764
Seam_Cells_Left,236,0.201148122549057,-1.0664845705032349,-0.4238100051879883
Seam_Cells_Left,237,0.201148122549057,-1.0611604452133179,-0.3745768666267395
Seam_Cells_Left,238,0.2600691616535187,-1.0611604452133179,-0.3745768666267395
Seam_Cells_Left,239,0.2600691616535187,-1.0664845705032349,-0.4238100051879883
Seam_Cells_Left,240,0.2604665756225586,-1.1590633392333984,-0.4018246829509735
Seam_Cells_Left,241,0.2604665756225586,-1.1492273807525635,-0.3557855784893036
Seam_Cells_Left,242,0.20261427760124207,-1.1492273807525635,-0.3557855784893036
Seam_Cells_Left,243,0.20261427760124207,-1.1590631008148193,-0.4018246829509735
Seam_Cells_Left,244,0.2372189611196518,-1.293425440788269,-0.3342612683773041
Seam_Cells_Left,245,0.2372189611196518,-1.2862635850906372,-0.31649264693260193
Seam_Cells_Left,246,0.25871774554252625,-1.2862635850906372,-0.31649264693260193
Seam_Cells_Left,247,0.25871774554252625,-1.293425440788269,-0.3342612683773041
Seam_Cells_Left,248,0.25844806432724,-1.3095730543136597,-0.3216509521007538
Seam_Cells_Left,249,0.25844806432724,-1.3055598735809326,-0.31169384717941284
Seam_Cells_Left,250,0.2464006543159485,-1.3055598735809326,-0.31169384717941284
Seam_Cells_Left,251,0.2464006543159485,-1.3095730543136597,-0.3216509521007538
Seam_Cells_Left,252,0.23662053048610687,-1.3293415307998657,-0.31638479232788086
Seam_Cells_Left,253,0.23662053048610687,-1.3218204975128174,-0.3004332184791565
Seam_Cells_Left,254,0.25641128420829773,-1.3218204975128174,-0.3004332184791565
Seam_Cells_Left,255,0.25641128420829773,-1.3293415307998657,-0.31638479232788086
Seam_Cells_Left,256,0.2588360607624054,-1.4778523445129395,-0.25101810693740845
Seam_Cells_Left,257,0.2588360607624054,-1.4600104093551636,-0.21317613124847412
Seam_Cells_Left,258,0.19668181240558624,-1.4600104093551636,-0.21317613124847412
Seam_Cells_Left,259,0.19668181240558624,-1.4778523445129395,-0.25101810693740845
Seam_Cells_Left,260,0.1946108341217041,-1.5888128280639648,-0.18348073959350586
Seam_Cells_Left,261,0.1946108341217041,-1.5684725046157837,-0.14822889864444733
Seam_Cells_Left,262,0.2594678997993469,-1.5684725046157837,-0.14822889864444733
Seam_Cells_Left,263,0.2594678997993469,-1.5888128280639648,-0.18348073959350586
Seam_Cells_Left,264,0.2579655051231384,-1.6865441799163818,-0.11218566447496414
Seam_Cells_Left,265,0.2579655051231384,-1.6777435541152954,-0.0969332680106163
Seam_Cells_Left,266,0.23516634106636047,-1.6777435541152954,-0.0969332680106163
Seam_Cells_Left,267,0.23516634106636047,-1.6865441799163818,-0.11218566447496414
Seam_Cells_Left,268,0.2403513640165329,-1.708187222480774,-0.09704170376062393
Seam_Cells_Left,269,0.2403513640165329,-1.7021549940109253,-0.08601189404726028
Seam_Cells_Left,270,0.2566278576850891,-1.7021549940109253,-0.08601189404726028
Seam_Cells_Left,271,0.2566278576850891,-1.708187222480774,-0.09704170376062393
Seam_Cells_Left,272,0.25649794936180115,-1.7279654741287231,-0.08672945946455002
Seam_Cells_Left,273,0.25649794936180115,-1.7199970483779907,-0.07215820997953415
Seam_Cells_Left,274,0.23499542474746704,-1.7199970483779907,-0.07215820997953415
Seam_Cells_Left,275,0.23499542474746704,-1.7279654741287231,-0.08672945946455002
Seam_Cells_Left,276,0.2140999436378479,-1.8501743078231812,-0.014377154409885406
Seam_Cells_Left,277,0.21410515904426575,-1.8335609436035156,0.013148874044418335
Seam_Cells_Left,278,0.2584059238433838,-1.8335609436035156,0.013148874044418335
Seam_Cells_Left,279,0.2584007978439331,-1.8501743078231812,-0.014377154409885406
Seam_Cells_Left,280,0.2572762668132782,-1.9640038013458252,0.057897135615348816
Seam_Cells_Left,281,0.25728705525398254,-1.9445388317108154,0.09259093552827835
Seam_Cells_Left,282,0.1971125304698944,-1.9445388317108154,0.09259093552827835
Seam_Cells_Left,283,0.19710147380828857,-1.9640038013458252,0.057897135615348816
Seam_Cells_Left,284,0.20951275527477264,-2.06392502784729,0.12585455179214478
Seam_Cells_Left,285,0.2095334827899933,-2.0474705696105957,0.15518328547477722
Seam_Cells_Left,286,0.25588667392730713,-2.0474705696105957,0.15518328547477722
Seam_Cells_Left,287,0.2558661997318268,-2.06392502784729,0.12585455179214478
Seam_Cells_Left,288,0.24431711435317993,-2.1727969646453857,0.20290161669254303
Seam_Cells_Left,289,0.2443259209394455,-2.166038990020752,0.2165020853281021
Seam_Cells_Left,290,0.2210041880607605,-2.166038990020752,0.2165020853281021
Seam_Cells_Left,291,0.22099532186985016,-2.1727969646453857,0.20290161669254303
Seam_Cells_Left,292,0.22558759152889252,-2.1913890838623047,0.21394775807857513
Seam_Cells_Left,293,0.22558791935443878,-2.1865553855895996,0.22564268112182617
Seam_Cells_Left,294,0.24307547509670258,-2.1865553855895996,0.22564268112182617
Seam_Cells_Left,295,0.2430751472711563,-2.1913890838623047,0.21394775807857513
Seam_Cells_Left,296,0.24127773940563202,-2.2107372283935547,0.22289158403873444
Seam_Cells_Left,297,0.24127884209156036,-2.2047696113586426,0.23732993006706238
Seam_Cells_Left,298,0.218277245759964,-2.2047696113586426,0.23732993006706238
Seam_Cells_Left,299,0.21827614307403564,-2.2107372283935547,0.22289158403873444
Seam_Cells_Left,300,0.19162969291210175,-2.28556752204895,0.25868985056877136
Seam_Cells_Left,301,0.1916385293006897,-2.2748286724090576,0.284672349691391
Seam_Cells_Left,302,0.23301957547664642,-2.2748286724090576,0.284672349691391
Seam_Cells_Left,303,0.23301076889038086,-2.28556752204895,0.25868985056877136
Seam_Cells_Left,304,0.2178809642791748,-2.3984808921813965,0.30825573205947876
Seam_Cells_Left,305,0.21790356934070587,-2.3838272094726562,0.34371036291122437
Seam_Cells_Left,306,0.1559770405292511,-2.3838272094726562,0.34371036291122437
Seam_Cells_Left,307,0.15595439076423645,-2.3984808921813965,0.30825573205947876
Seam_Cells_Left,308,0.16380788385868073,-2.493417739868164,0.3524324297904968
Seam_Cells_Left,309,0.1638180911540985,-2.484060764312744,0.37856119871139526
Seam_Cells_Left,310,0.2086183875799179,-2.484060764312744,0.37856119871139526
Seam_Cells_Left,311,0.20860819518566132,-2.493417739868164,0.3524324297904968
Seam_Cells_Left,312,0.1925811469554901,-2.6248979568481445,0.40636923909187317
Seam_Cells_Left,313,0.1925830841064453,-2.6207826137542725,0.4215949773788452
Seam_Cells_Left,314,0.1693345159292221,-2.6207826137542725,0.4215949773788452
Seam_Cells_Left,315,0.1693325638771057,-2.6248979568481445,0.40636923909187317
Seam_Cells_Left,316,0.17495933175086975,-2.641221523284912,0.41332367062568665
Seam_Cells_Left,317,0.17495974898338318,-2.6387758255004883,0.4243248999118805
Seam_Cells_Left,318,0.19157227873802185,-2.6387758255004883,0.4243248999118805
Seam_Cells_Left,319,0.19157186150550842,-2.641221523284912,0.41332367062568665
Seam_Cells_Left,320,0.18988050520420074,-2.6544106006622314,0.41755661368370056
Seam_Cells_Left,321,0.18988148868083954,-2.651211977005005,0.4319447875022888
Seam_Cells_Left,322,0.16815540194511414,-2.651211977005005,0.4319447875022888
Seam_Cells_Left,323,0.16815440356731415,-2.6544106006622314,0.41755661368370056
Seam_Cells_Left,324,0.14202749729156494,-2.7515640258789062,0.4382603168487549
Seam_Cells_Left,325,0.14202815294265747,-2.7458972930908203,0.46375393867492676
Seam_Cells_Left,326,0.18051820993423462,-2.7458972930908203,0.46375393867492676
Seam_Cells_Left,327,0.1805175542831421,-2.7515640258789062,0.4382603168487549
Seam_Cells_Left,328,0.16400910913944244,-2.846111536026001,0.4606563150882721
Seam_Cells_Left,329,0.16400913894176483,-2.83833646774292,0.49563029408454895
Seam_Cells_Left,330,0.11307293176651001,-2.838336944580078,0.49563032388687134
Seam_Cells_Left,331,0.11307293176651001,-2.846111536026001,0.4606563150882721
Seam_Cells_Left,332,0.11094248294830322,-2.92698073387146,0.48346689343452454
Seam_Cells_Left,333,0.11094248294830322,-2.919205904006958,0.5184409022331238
Seam_Cells_Left,334,0.15305091440677643,-2.919205904006958,0.518440842628479
Seam_Cells_Left,335,0.15305091440677643,-2.9269802570343018,0.48346686363220215
Seam_Cells_Left,336,0.13793836534023285,-3.0006155967712402,0.5122308135032654
Seam_Cells_Left,337,0.13793668150901794,-2.9950790405273438,0.5359504222869873
Seam_Cells_Left,338,0.11357732117176056,-2.995079517364502,0.5359504222869873
Seam_Cells_Left,339,0.11357903480529785,-3.0006160736083984,0.5122308135032654
Seam_Cells_Left,340,0.11136864125728607,-3.0745620727539062,0.5406249761581421
Seam_Cells_Left,341,0.11136999726295471,-3.072418212890625,0.5533435940742493
Seam_Cells_Left,342,0.12426865100860596,-3.072418212890625,0.5533435344696045
Seam_Cells_Left,343,0.12426728010177612,-3.0745620727539062,0.5406249761581421
Seam_Cells_Left,344,0.12388613820075989,-3.0887787342071533,0.547199547290802
Seam_Cells_Left,345,0.12388676404953003,-3.0878233909606934,0.5528697371482849
Seam_Cells_Left,346,0.11813634634017944,-3.0878233909606934,0.5528697371482849
Seam_Cells_Left,347,0.1181357353925705,-3.0887787342071533,0.547199547290802
Seam_Cells_Right,0,-0.1569378674030304,-3.0887792110443115,0.5471994876861572
Seam_Cells_Right,1,-0.1569378674030304,-3.0878236293792725,0.5528696775436401
Seam_Cells_Right,2,-0.16268804669380188,-3.0878236293792725,0.5528696775436401
Seam_Cells_Right,3,-0.16268804669380188,-3.0887792110443115,0.5471994876861572
Seam_Cells_Right,4,-0.1595381796360016,-3.0745625495910645,0.5406249761581421
Seam_Cells_Right,5,-0.1595381796360016,-3.072418451309204,0.5533435344696045
Seam_Cells_Right,6,-0.1466401368379593,-3.072418451309204,0.5533435940742493
Seam_Cells_Right,7,-0.1466401368379593,-3.0745625495910645,0.5406249761581421
Seam_Cells_Right,8,-0.14697089791297913,-3.0006158351898193,0.5122308135032654
Seam_Cells_Right,9,-0.14697089791297913,-2.995079517364502,0.5359504222869873
Seam_Cells_Right,10,-0.17132802307605743,-2.995079517364502,0.5359504222869873
Seam_Cells_Right,11,-0.17132802307605743,-3.0006158351898193,0.5122308135032654
Seam_Cells_Right,12,-0.17608332633972168,-2.92698073387146,0.48346686363220215
Seam_Cells_Right,13,-0.17608334124088287,-2.919206142425537,0.518440842628479
Seam_Cells_Right,14,-0.133976012468338,-2.919206142425537,0.5184409022331238
Seam_Cells_Right,15,-0.133976012468338,-2.92698073387146,0.48346686363220215
Seam_Cells_Right,16,-0.13980557024478912,-2.84611177444458,0.4606563150882721
Seam_Cells_Right,17,-0.13980557024478912,-2.838336944580078,0.49563032388687134
Seam_Cells_Right,18,-0.19074177742004395,-2.838336944580078,0.49563032388687134
Seam_Cells_Right,19,-0.19074176251888275,-2.84611177444458,0.4606563150882721
Seam_Cells_Right,20,-0.20037034153938293,-2.7515642642974854,0.4382603168487549
Seam_Cells_Right,21,-0.20037034153938293,-2.7458972930908203,0.46375390887260437
Seam_Cells_Right,22,-0.1618780642747879,-2.7458972930908203,0.46375390887260437
Seam_Cells_Right,23,-0.1618780642747879,-2.7515642642974854,0.4382603168487549
Seam_Cells_Right,24,-0.184806227684021,-2.6544108390808105,0.4175565838813782
Seam_Cells_Right,25,-0.184806227684021,-2.651212453842163,0.43194475769996643
Seam_Cells_Right,26,-0.2065306454896927,-2.651212453842163,0.43194475769996643
Seam_Cells_Right,27,-0.2065306454896927,-2.6544108390808105,0.4175565838813782
Seam_Cells_Right,28,-0.20846067368984222,-2.641221523284912,0.41332364082336426
Seam_Cells_Right,29,-0.20846068859100342,-2.6387760639190674,0.4243248999118805
Seam_Cells_Right,30,-0.19185009598731995,-2.6387760639190674,0.4243248999118805
Seam_Cells_Right,31,-0.19185009598731995,-2.641221523284912,0.41332364082336426
Seam_Cells_Right,32,-0.18618720769882202,-2.6248981952667236,0.4063692092895508
Seam_Cells_Right,33,-0.18618720769882202,-2.6207826137542725,0.4215949475765228
Seam_Cells_Right,34,-0.2094336450099945,-2.6207826137542725,0.4215949475765228
Seam_Cells_Right,35,-0.2094336450099945,-2.6248981952667236,0.4063692092895508
Seam_Cells_Right,36,-0.21938203275203705,-2.493417739868164,0.3524324595928192
Seam_Cells_Right,37,-0.21938203275203705,-2.484060764312744,0.3785611689090729
Seam_Cells_Right,38,-0.1745888739824295,-2.484060764312744,0.3785611689090729
Seam_Cells_Right,39,-0.1745888739824295,-2.493417739868164,0.3524324595928192
Seam_Cells_Right,40,-0.16890938580036163,-2.3984811305999756,0.30825573205947876
Seam_Cells_Right,41,-0.16890938580036163,-2.3838274478912354,0.34371036291122437
Seam_Cells_Right,42,-0.23082664608955383,-2.3838274478912354,0.34371036291122437
Seam_Cells_Right,43,-0.23082664608955383,-2.3984811305999756,0.30825573205947876
Seam_Cells_Right,44,-0.24677696824073792,-2.2855679988861084,0.25868985056877136
Seam_Cells_Right,45,-0.2467769831418991,-2.274829149246216,0.2846723198890686
Seam_Cells_Right,46,-0.20541512966156006,-2.274829149246216,0.2846723198890686
Seam_Cells_Right,47,-0.20541512966156006,-2.2855679988861084,0.25868985056877136
Seam_Cells_Right,48,-0.2332005798816681,-2.210737466812134,0.22289156913757324
Seam_Cells_Right,49,-0.2332005798816681,-2.2047698497772217,0.23732993006706238
Seam_Cells_Right,50,-0.2561852037906647,-2.2047698497772217,0.23732993006706238
Seam_Cells_Right,51,-0.2561852037906647,-2.210737466812134,0.22289156913757324
Seam_Cells_Right,52,-0.25879156589508057,-2.1913890838623047,0.21394774317741394
Seam_Cells_Right,53,-0.25879156589508057,-2.1865556240081787,0.22564266622066498
Seam_Cells_Right,54,-0.24131791293621063,-2.1865556240081787,0.22564266622066498
Seam_Cells_Right,55,-0.24131791293621063,-2.1913890838623047,0.21394774317741394
Seam_Cells_Right,56,-0.2373737096786499,-2.172797203063965,0.20290160179138184
Seam_Cells_Right,57,-0.2373737096786499,-2.166039228439331,0.2165020853281021
Seam_Cells_Right,58,-0.26067784428596497,-2.166039228439331,0.2165020853281021
Seam_Cells_Right,59,-0.26067784428596497,-2.172797203063965,0.20290160179138184
Seam_Cells_Right,60,-0.2722829282283783,-2.0639255046844482,0.12585455179214478
Seam_Cells_Right,61,-0.2722829282283783,-2.047470808029175,0.1551833152770996
Seam_Cells_Right,62,-0.22595062851905823,-2.047470808029175,0.1551833152770996
Seam_Cells_Right,63,-0.22595062851905823,-2.0639255046844482,0.12585455179214478
Seam_Cells_Right,64,-0.22085216641426086,-1.9640040397644043,0.05789715051651001
Seam_Cells_Right,65,-0.22085216641426086,-1.9445390701293945,0.09259095042943954
Seam_Cells_Right,66,-0.2756599187850952,-1.9445390701293945,0.09259095042943954
Seam_Cells_Right,67,-0.2756598889827728,-1.9640040397644043,0.05789715051651001
Seam_Cells_Right,68,-0.27578800916671753,-1.8501745462417603,-0.0143771693110466
Seam_Cells_Right,69,-0.27578800916671753,-1.8335610628128052,0.013148859143257141
Seam_Cells_Right,70,-0.23149260878562927,-1.8335610628128052,0.013148859143257141
Seam_Cells_Right,71,-0.23149260878562927,-1.8501745462417603,-0.0143771693110466
Seam_Cells_Right,72,-0.2532382309436798,-1.7279655933380127,-0.08672947436571121
Seam_Cells_Right,73,-0.2532382309436798,-1.7199971675872803,-0.07215822488069534
Seam_Cells_Right,74,-0.2747407555580139,-1.7199971675872803,-0.07215822488069534
Seam_Cells_Right,75,-0.2747407555580139,-1.7279655933380127,-0.08672947436571121
Seam_Cells_Right,76,-0.2750016450881958,-1.7081871032714844,-0.09704171866178513
Seam_Cells_Right,77,-0.2750016450881958,-1.7021552324295044,-0.08601190894842148
Seam_Cells_Right,78,-0.258725106716156,-1.7021552324295044,-0.08601190894842148
Seam_Cells_Right,79,-0.258725106716156,-1.7081871032714844,-0.09704171866178513
Seam_Cells_Right,80,-0.2509613037109375,-1.686544418334961,-0.11218567937612534
Seam_Cells_Right,81,-0.2509613037109375,-1.6777437925338745,-0.0969332680106163
Seam_Cells_Right,82,-0.27376052737236023,-1.6777437925338745,-0.0969332680106163
Seam_Cells_Right,83,-0.27376052737236023,-1.686544418334961,-0.11218567937612534
Seam_Cells_Right,84,-0.273847758769989,-1.588813066482544,-0.18348073959350586
Seam_Cells_Right,85,-0.273847758769989,-1.568472981452942,-0.14822888374328613
Seam_Cells_Right,86,-0.22115348279476166,-1.5684727430343628,-0.14822889864444733
Seam_Cells_Right,87,-0.22115348279476166,-1.588813066482544,-0.18348073959350586
Seam_Cells_Right,88,-0.22165854275226593,-1.4778523445129395,-0.2510181665420532
Seam_Cells_Right,89,-0.22165855765342712,-1.4600105285644531,-0.21317613124847412
Seam_Cells_Right,90,-0.27215689420700073,-1.4600105285644531,-0.21317613124847412
Seam_Cells_Right,91,-0.27215686440467834,-1.4778523445129395,-0.2510181665420532
Seam_Cells_Right,92,-0.26875191926956177,-1.3293417692184448,-0.31638479232788086
Seam_Cells_Right,93,-0.26875191926956177,-1.321820616722107,-0.3004332184791565
Seam_Cells_Right,94,-0.2489611953496933,-1.321820616722107,-0.3004332184791565
Seam_Cells_Right,95,-0.2489611953496933,-1.3293417692184448,-0.31638479232788086
Seam_Cells_Right,96,-0.25778090953826904,-1.3095732927322388,-0.32165101170539856
Seam_Cells_Right,97,-0.25778090953826904,-1.3055599927902222,-0.3116939067840576
Seam_Cells_Right,98,-0.26982831954956055,-1.3055599927902222,-0.3116939067840576
Seam_Cells_Right,99,-0.26982831954956055,-1.3095732927322388,-0.32165101170539856
Seam_Cells_Right,100,-0.26758015155792236,-1.2934255599975586,-0.3342612683773041
Seam_Cells_Right,101,-0.26758015155792236,-1.2862638235092163,-0.3164927065372467
Seam_Cells_Right,102,-0.2460813820362091,-1.2862638235092163,-0.3164927065372467
Seam_Cells_Right,103,-0.2460813820362091,-1.2934255599975586,-0.3342612683773041
Seam_Cells_Right,104,-0.22013972699642181,-1.1590632200241089,-0.4018247127532959
Seam_Cells_Right,105,-0.22013972699642181,-1.149227499961853,-0.35578563809394836
Seam_Cells_Right,106,-0.2672790586948395,-1.149227499961853,-0.35578563809394836
Seam_Cells_Right,107,-0.2672790586948395,-1.159063458442688,-0.4018247127532959
Seam_Cells_Right,108,-0.2663594186306,-1.066484808921814,-0.4238099753856659
Seam_Cells_Right,109,-0.2663594186306,-1.0611605644226074,-0.3745768070220947
Seam_Cells_Right,110,-0.21834926307201385,-1.0611605644226074,-0.3745768070220947
Seam_Cells_Right,111,-0.21834926307201385,-1.066484808921814,-0.4238099753856659
Seam_Cells_Right,112,-0.24753831326961517,-0.8732953071594238,-0.4462093710899353
Seam_Cells_Right,113,-0.24753831326961517,-0.8694278597831726,-0.4261647164821625
Seam_Cells_Right,114,-0.2673301100730896,-0.8694278597831726,-0.4261647164821625
Seam_Cells_Right,115,-0.2673301100730896,-0.8732953071594238,-0.4462093710899353
Seam_Cells_Right,116,-0.2691226303577423,-0.8577202558517456,-0.4455137848854065
Seam_Cells_Right,117,-0.2691226303577423,-0.8557320237159729,-0.435209184885025
Seam_Cells_Right,118,-0.2589479684829712,-0.8557320237159729,-0.435209184885025
Seam_Cells_Right,119,-0.2589479684829712,-0.8577202558517456,-0.4455137848854065
Seam_Cells_Right,120,-0.24959370493888855,-0.8406246900558472,-0.45269066095352173
Seam_Cells_Right,121,-0.24959370493888855,-0.8386282324790955,-0.4329245090484619
Seam_Cells_Right,122,-0.26885461807250977,-0.8386282324790955,-0.4329245090484619
Seam_Cells_Right,123,-0.26885461807250977,-0.8406246900558472,-0.45269066095352173
Seam_Cells_Right,124,-0.2716498374938965,-0.732240617275238,-0.4658450484275818
Seam_Cells_Right,125,-0.2716498374938965,-0.7321444153785706,-0.4151776432991028
Seam_Cells_Right,126,-0.22801002860069275,-0.7321444153785706,-0.4151776432991028
Seam_Cells_Right,127,-0.22801002860069275,-0.732240617275238,-0.4658450484275818
Seam_Cells_Right,128,-0.23548755049705505,-0.5585503578186035,-0.45150065422058105
Seam_Cells_Right,129,-0.23548755049705505,-0.564797043800354,-0.40121960639953613
Seam_Cells_Right,130,-0.2795475125312805,-0.564797043800354,-0.40121960639953613
Seam_Cells_Right,131,-0.2795475125312805,-0.5585503578186035,-0.45150065422058105
Seam_Cells_Right,132,-0.2848323583602905,-0.40476182103157043,-0.4015396535396576
Seam_Cells_Right,133,-0.2848323583602905,-0.40842053294181824,-0.38143011927604675
Seam_Cells_Right,134,-0.266618013381958,-0.40842053294181824,-0.38143011927604675
Seam_Cells_Right,135,-0.266618013381958,-0.40476182103157043,-0.4015396535396576
Seam_Cells_Right,136,-0.2765342593193054,-0.3912982940673828,-0.3920666575431824
Seam_Cells_Right,137,-0.2765342593193054,-0.39358973503112793,-0.38213056325912476
Seam_Cells_Right,138,-0.2856210768222809,-0.39358973503112793,-0.38213056325912476
Seam_Cells_Right,139,-0.2856210768222809,-0.3912982940673828,-0.3920666575431824
Seam_Cells_Right,140,-0.2856093645095825,-0.37574806809425354,-0.39021027088165283
Seam_Cells_Right,141,-0.2856093645095825,-0.3813101351261139,-0.37213486433029175
Seam_Cells_Right,142,-0.2687562108039856,-0.3813101351261139,-0.37213486433029175
Seam_Cells_Right,143,-0.2687562108039856,-0.37574806809425354,-0.39021027088165283
Seam_Cells_Right,144,-0.24551306664943695,-0.2131519317626953,-0.3448556959629059
Seam_Cells_Right,145,-0.24551306664943695,-0.2277165949344635,-0.29995983839035034
Seam_Cells_Right,146,-0.2900084853172302,-0.2277165949344635,-0.29995983839035034
Seam_Cells_Right,147,-0.2900084853172302,-0.2131519317626953,-0.3448556959629059
Seam_Cells_Right,148,-0.29238152503967285,-0.1288197636604309,-0.3116486668586731
Seam_Cells_Right,149,-0.29238152503967285,-0.14297713339328766,-0.268009215593338
Seam_Cells_Right,150,-0.24812808632850647,-0.14297713339328766,-0.268009215593338
Seam_Cells_Right,151,-0.24812810122966766,-0.1288197636604309,-0.3116486668586731
Seam_Cells_Right,152,-0.2760138213634491,0.07093390077352524,-0.21238188445568085
Seam_Cells_Right,153,-0.2760138213634491,0.06426053494215012,-0.19579340517520905
Seam_Cells_Right,154,-0.29326093196868896,0.06426053494215012,-0.19579340517520905
Seam_Cells_Right,155,-0.29326093196868896,0.07093390077352524,-0.21238188445568085
Seam_Cells_Right,156,-0.29294469952583313,0.08455934375524521,-0.20220056176185608
Seam_Cells_Right,157,-0.29294469952583313,0.07985653728246689,-0.19051100313663483
Seam_Cells_Right,158,-0.2807910740375519,0.07985653728246689,-0.19051100313663483
Seam_Cells_Right,159,-0.2807910740375519,0.08455934375524521,-0.20220056176185608
Seam_Cells_Right,160,-0.2731027603149414,0.10242926329374313,-0.196461021900177
Seam_Cells_Right,161,-0.2731027603149414,0.09517588466405869,-0.17904219031333923
Seam_Cells_Right,162,-0.291302889585495,0.09517588466405869,-0.17904219031333923
Seam_Cells_Right,163,-0.291302889585495,0.10242926329374313,-0.196461021900177
Seam_Cells_Right,164,-0.29178959131240845,0.21622434258460999,-0.15286016464233398
Seam_Cells_Right,165,-0.29178959131240845,0.19751350581645966,-0.11361328512430191
Seam_Cells_Right,166,-0.24786676466464996,0.19751350581645966,-0.11361328512430191
Seam_Cells_Right,167,-0.24786677956581116,0.21622434258460999,-0.15286016464233398
Seam_Cells_Right,168,-0.25036072731018066,0.3905894458293915,-0.05529368296265602
Seam_Cells_Right,169,-0.25036072731018066,0.3725208044052124,-0.01739473082125187
Seam_Cells_Right,170,-0.29409754276275635,0.3725208044052124,-0.01739473082125187
Seam_Cells_Right,171,-0.29409754276275635,0.3905894458293915,-0.05529368296265602
Seam_Cells_Right,172,-0.2951543927192688,0.5385117530822754,0.03506114333868027
Seam_Cells_Right,173,-0.2951543927192688,0.5311793088912964,0.05131061002612114
Seam_Cells_Right,174,-0.2765839397907257,0.5311793088912964,0.05131061002612114
Seam_Cells_Right,175,-0.2765839397907257,0.5385117530822754,0.03506114333868027
Seam_Cells_Right,176,-0.2843658924102783,0.5504202842712402,0.04606165736913681
Seam_Cells_Right,177,-0.2843658924102783,0.5464233756065369,0.05491999164223671
Seam_Cells_Right,178,-0.2944895625114441,0.5464233756065369,0.05491999164223671
Seam_Cells_Right,179,-0.2944895625114441,0.5504200458526611,0.046061668545007706
Seam_Cells_Right,180,-0.29574891924858093,0.5689288973808289,0.05417074263095856
Seam_Cells_Right,181,-0.29574891924858093,0.5607982277870178,0.06842067837715149
Seam_Cells_Right,182,-0.27865833044052124,0.5607982277870178,0.06842067837715149
Seam_Cells_Right,183,-0.27865833044052124,0.568929135799408,0.05417072772979736
Seam_Cells_Right,184,-0.24580258131027222,0.7264719009399414,0.11794475466012955
Seam_Cells_Right,185,-0.24580258131027222,0.7092400789260864,0.1579499989748001
Seam_Cells_Right,186,-0.28766879439353943,0.7092400789260864,0.1579499989748001
Seam_Cells_Right,187,-0.2876688241958618,0.7264719009399414,0.11794475466012955
Seam_Cells_Right,188,-0.2798747718334198,0.8170310258865356,0.16444355249404907
Seam_Cells_Right,189,-0.2798747718334198,0.8091633319854736,0.2097143679857254
Seam_Cells_Right,190,-0.23571065068244934,0.8091633319854736,0.2097143679857254
Seam_Cells_Right,191,-0.23571063578128815,0.8170310258865356,0.16444355249404907
Seam_Cells_Right,192,-0.25439146161079407,1.0123076438903809,0.23942452669143677
Seam_Cells_Right,193,-0.25439146161079407,1.010686993598938,0.25907716155052185
Seam_Cells_Right,194,-0.2729249596595764,1.010686993598938,0.25907716155052185
Seam_Cells_Right,195,-0.2729249596595764,1.0123076438903809,0.23942452669143677
Seam_Cells_Right,196,-0.27432364225387573,1.0316433906555176,0.24800461530685425
Seam_Cells_Right,197,-0.27432364225387573,1.0306144952774048,0.26087772846221924
Seam_Cells_Right,198,-0.2639029622077942,1.0306144952774048,0.26087772846221924
Seam_Cells_Right,199,-0.2639029622077942,1.0316433906555176,0.24800461530685425
Seam_Cells_Right,200,-0.25578784942626953,1.0489505529403687,0.24829921126365662
Seam_Cells_Right,201,-0.25578784942626953,1.0481091737747192,0.26774632930755615
Seam_Cells_Right,202,-0.2729319632053375,1.0481091737747192,0.26774632930755615
Seam_Cells_Right,203,-0.2729319632053375,1.0489505529403687,0.24829921126365662
Seam_Cells_Right,204,-0.27400025725364685,1.155359148979187,0.24912185966968536
Seam_Cells_Right,205,-0.27400022745132446,1.1523797512054443,0.2998974919319153
Seam_Cells_Right,206,-0.22981570661067963,1.1523797512054443,0.2998974919319153
Seam_Cells_Right,207,-0.22981572151184082,1.155359148979187,0.24912185966968536
Seam_Cells_Right,208,-0.2312401831150055,1.2390234470367432,0.2609594464302063
Seam_Cells_Right,209,-0.2312401831150055,1.240588665008545,0.3117983043193817
Seam_Cells_Right,210,-0.2754247188568115,1.240588665008545,0.3117983043193817
Seam_Cells_Right,211,-0.2754247188568115,1.2390234470367432,0.2609594464302063
Seam_Cells_Right,212,-0.2751576900482178,1.324173092842102,0.25765299797058105
Seam_Cells_Right,213,-0.2751576900482178,1.3278260231018066,0.30838462710380554
Seam_Cells_Right,214,-0.23097316920757294,1.3278260231018066,0.30838462710380554
Seam_Cells_Right,215,-0.23097316920757294,1.324173092842102,0.25765299797058105
Seam_Cells_Right,216,-0.2563762366771698,1.4849562644958496,0.2643028497695923
Seam_Cells_Right,217,-0.2563762366771698,1.4861135482788086,0.2840694785118103
Seam_Cells_Right,218,-0.2735768258571625,1.4861135482788086,0.2840694785118103
Seam_Cells_Right,219,-0.2735768258571625,1.4849562644958496,0.2643028497695923
Seam_Cells_Right,220,-0.2741002142429352,1.4981757402420044,0.26802605390548706
Seam_Cells_Right,221,-0.2741002142429352,1.4988526105880737,0.2795969843864441
Seam_Cells_Right,222,-0.2640313506126404,1.4988526105880737,0.2795969843864441
Seam_Cells_Right,223,-0.2640313506126404,1.4981757402420044,0.26802605390548706
Seam_Cells_Right,224,-0.2565738558769226,1.5104906558990479,0.26470404863357544
Seam_Cells_Right,225,-0.2565738558769226,1.5119560956954956,0.28455650806427
Seam_Cells_Right,226,-0.2738664746284485,1.5119560956954956,0.28455650806427
Seam_Cells_Right,227,-0.2738664746284485,1.5104906558990479,0.26470404863357544
Seam_Cells_Right,228,-0.27509692311286926,1.6501764059066772,0.23757469654083252
Seam_Cells_Right,229,-0.27509692311286926,1.653912901878357,0.2881886661052704
Seam_Cells_Right,230,-0.23100923001766205,1.653912901878357,0.2881886661052704
Seam_Cells_Right,231,-0.23100923001766205,1.6501764059066772,0.23757469654083252
Seam_Cells_Right,232,-0.23161551356315613,1.7309521436691284,0.23130591213703156
Seam_Cells_Right,233,-0.23161551356315613,1.7384765148162842,0.2814967632293701
Seam_Cells_Right,234,-0.27570319175720215,1.7384765148162842,0.2814967632293701
Seam_Cells_Right,235,-0.27570319175720215,1.7309521436691284,0.23130591213703156
Seam_Cells_Right,236,-0.27744197845458984,1.8213956356048584,0.20712290704250336
Seam_Cells_Right,237,-0.27744197845458984,1.8315200805664062,0.25433337688446045
Seam_Cells_Right,238,-0.23549814522266388,1.8315200805664062,0.25433337688446045
Seam_Cells_Right,239,-0.23549814522266388,1.8213956356048584,0.20712290704250336
Seam_Cells_Right,240,-0.2606593668460846,1.9485927820205688,0.18669675290584564
Seam_Cells_Right,241,-0.2606593668460846,1.9533424377441406,0.2055850327014923
Seam_Cells_Right,242,-0.27757811546325684,1.9533424377441406,0.2055850327014923
Seam_Cells_Right,243,-0.27757811546325684,1.9485927820205688,0.18669675290584564
Seam_Cells_Right,244,-0.2771906554698944,1.9653277397155762,0.18457180261611938
Seam_Cells_Right,245,-0.2771906554698944,1.9676653146743774,0.1961345076560974
Seam_Cells_Right,246,-0.2675339877605438,1.9676653146743774,0.1961345076560974
Seam_Cells_Right,247,-0.2675339877605438,1.9653277397155762,0.18457180261611938
Seam_Cells_Right,248,-0.25995373725891113,1.9804121255874634,0.17472146451473236
Seam_Cells_Right,249,-0.25995373725891113,1.9837654829025269,0.19428442418575287
Seam_Cells_Right,250,-0.27716296911239624,1.9837654829025269,0.19428442418575287
Seam_Cells_Right,251,-0.27716296911239624,1.9804121255874634,0.17472146451473236
Seam_Cells_Right,252,-0.27621811628341675,2.1378183364868164,0.11819490045309067
Seam_Cells_Right,253,-0.27621811628341675,2.149228096008301,0.1650199592113495
Seam_Cells_Right,254,-0.23250477015972137,2.149228096008301,0.1650199592113495
Seam_Cells_Right,255,-0.23250477015972137,2.1378183364868164,0.11819490045309067
Seam_Cells_Right,256,-0.23067346215248108,2.22110915184021,0.09324600547552109
Seam_Cells_Right,257,-0.23067346215248108,2.2325191497802734,0.1400710940361023
Seam_Cells_Right,258,-0.2744644582271576,2.2325191497802734,0.1400710940361023
Seam_Cells_Right,259,-0.2744644582271576,2.22110915184021,0.09324600547552109
Seam_Cells_Right,260,-0.2629631459712982,2.3826310634613037,0.05711118131875992
Seam_Cells_Right,261,-0.2629631459712982,2.38803768157959,0.07561945915222168
Seam_Cells_Right,262,-0.24544347822666168,2.38803768157959,0.07561945915222168
Seam_Cells_Right,263,-0.24544347822666168,2.3826310634613037,0.05711118131875992
Seam_Cells_Right,264,-0.25251415371894836,2.396328926086426,0.05577399581670761
Seam_Cells_Right,265,-0.25251415371894836,2.3986847400665283,0.06608980894088745
Seam_Cells_Right,266,-0.2621285319328308,2.3986847400665283,0.06608980894088745
Seam_Cells_Right,267,-0.2621285319328308,2.396328926086426,0.05577399581670761
Seam_Cells_Right,268,-0.26176005601882935,2.4082841873168945,0.04708965867757797
Seam_Cells_Right,269,-0.26176005601882935,2.412559747695923,0.06581591069698334
Seam_Cells_Right,270,-0.24430721998214722,2.412559747695923,0.06581591069698334
Seam_Cells_Right,271,-0.24430721998214722,2.4082841873168945,0.04708965867757797
Seam_Cells_Right,272,-0.20411305129528046,2.5531795024871826,-0.019341081380844116
Seam_Cells_Right,273,-0.20411305129528046,2.562483549118042,0.02879234403371811
Seam_Cells_Right,274,-0.2486574500799179,2.562483549118042,0.02879234403371811
Seam_Cells_Right,275,-0.2486574500799179,2.5531795024871826,-0.019341081380844116
Seam_Cells_Right,276,-0.2308700531721115,2.7175819873809814,-0.054639607667922974
Seam_Cells_Right,277,-0.2308700531721115,2.7239022254943848,-0.00788164883852005
Seam_Cells_Right,278,-0.18817928433418274,2.7239022254943848,-0.00788164883852005
Seam_Cells_Right,279,-0.18817928433418274,2.7175819873809814,-0.054639607667922974
Seam_Cells_Right,280,-0.20491796731948853,2.827873945236206,-0.06502246111631393
Seam_Cells_Right,281,-0.20491796731948853,2.8313820362091064,-0.04664817452430725
Seam_Cells_Right,282,-0.22184298932552338,2.8313820362091064,-0.04664817452430725
Seam_Cells_Right,283,-0.22184298932552338,2.827873945236206,-0.06502246111631393
Seam_Cells_Right,284,-0.22092103958129883,2.8408968448638916,-0.06452865898609161
Seam_Cells_Right,285,-0.22092103958129883,2.842607021331787,-0.05389264225959778
Seam_Cells_Right,286,-0.2115296572446823,2.842607021331787,-0.05389264225959778
Seam_Cells_Right,287,-0.2115296572446823,2.8408968448638916,-0.06452865898609161
Seam_Cells_Right,288,-0.20374414324760437,2.8533997535705566,-0.06973319500684738
Seam_Cells_Right,289,-0.20374414324760437,2.8554420471191406,-0.05172807723283768
Seam_Cells_Right,290,-0.21910642087459564,2.8554420471191406,-0.05172807723283768
Seam_Cells_Right,291,-0.21910642087459564,2.8533997535705566,-0.06973319500684738
Seam_Cells_Right,292,-0.2083590030670166,3.043832778930664,-0.10317844152450562
Seam_Cells_Right,293,-0.2083590030670166,3.0481324195861816,-0.06173468381166458
Seam_Cells_Right,294,-0.17303511500358582,3.0481324195861816,-0.06173468381166458
Seam_Cells_Right,295,-0.173035129904747,3.043832778930664,-0.10317844152450562
Seam_Cells_Right,296,-0.16916726529598236,3.129162073135376,-0.11132678389549255
Seam_Cells_Right,297,-0.16916726529598236,3.1313393115997314,-0.06971746683120728
Seam_Cells_Right,298,-0.20449113845825195,3.1313393115997314,-0.06971746683120728
Seam_Cells_Right,299,-0.20449113845825195,3.129162073135376,-0.11132678389549255
Seam_Cells_Right,300,-0.19716313481330872,3.2795541286468506,-0.09987922757863998
Seam_Cells_Right,301,-0.19716313481330872,3.2800517082214355,-0.08349621295928955
Seam_Cells_Right,302,-0.18326754868030548,3.2800517082214355,-0.08349621295928955
Seam_Cells_Right,303,-0.18326754868030548,3.2795541286468506,-0.09987922757863998
Seam_Cells_Right,304,-0.18886972963809967,3.2907755374908447,-0.0968809500336647
Seam_Cells_Right,305,-0.18886972963809967,3.2910711765289307,-0.08717064559459686
Seam_Cells_Right,306,-0.1971057653427124,3.2910711765289307,-0.08717064559459686
Seam_Cells_Right,307,-0.1971057653427124,3.2907755374908447,-0.0968809500336647
Seam_Cells_Right,308,-0.1981310248374939,3.30437970161438,-0.09823364019393921
Seam_Cells_Right,309,-0.1981310248374939,3.304825782775879,-0.08357836306095123
Seam_Cells_Right,310,-0.18570080399513245,3.304825782775879,-0.08357836306095123
Seam_Cells_Right,311,-0.18570080399513245,3.30437970161438,-0.09823364019393921
Seam_Cells_Right,312,-0.15888793766498566,3.4653773307800293,-0.09501355141401291
Seam_Cells_Right,313,-0.15888793766498566,3.4626667499542236,-0.05979260057210922
Seam_Cells_Right,314,-0.1893387734889984,3.4626667499542236,-0.05979260057210922
Seam_Cells_Right,315,-0.1893387734889984,3.4653773307800293,-0.09501355141401291
Seam_Cells_Right,316,-0.18338869512081146,3.5491695404052734,-0.08738204836845398
Seam_Cells_Right,317,-0.18338869512081146,3.546562671661377,-0.05349769443273544
Seam_Cells_Right,318,-0.15409336984157562,3.546562671661377,-0.05349769443273544
Seam_Cells_Right,319,-0.15409336984157562,3.5491695404052734,-0.08738204836845398
Seam_Cells_Right,320,-0.14412465691566467,3.7425875663757324,-0.027557380497455597
Seam_Cells_Right,321,-0.14412465691566467,3.7396838665008545,-0.015325360000133514
Seam_Cells_Right,322,-0.15496227145195007,3.7396838665008545,-0.015325360000133514
Seam_Cells_Right,323,-0.15496228635311127,3.7425875663757324,-0.027557380497455597
Seam_Cells_Right,324,-0.1527750939130783,3.7642879486083984,-0.018494971096515656
Seam_Cells_Right,325,-0.1527750939130783,3.7625033855438232,-0.007115177810192108
Seam_Cells_Right,326,-0.14284539222717285,3.7625033855438232,-0.007115177810192108
Seam_Cells_Right,327,-0.14284539222717285,3.7642879486083984,-0.018494971096515656
Seam_Cells_Right,328,-0.15233458578586578,3.754387617111206,-0.02125493437051773
Seam_Cells_Right,329,-0.15233458578586578,3.7523694038391113,-0.012430422008037567
Seam_Cells_Right,330,-0.1445309817790985,3.754387617111206,-0.02125493437051773
Seam_Cells_Right,331,-0.1445309817790985,3.7523694038391113,-0.012430422008037567
Seam_Cells_Right,332,-0.12835446000099182,3.821302652359009,-0.0065888091921806335
Seam_Cells_Right,333,-0.12835446000099182,3.817875623703003,0.0112309530377388
Seam_Cells_Right,334,-0.1439972221851349,3.817875623703003,0.0112309530377388
Seam_Cells_Right,335,-0.1439972221851349,3.821302652359009,-0.0065888091921806335
Seam_Cells_Right,336,-0.12739133834838867,3.926741123199463,0.029129691421985626
Seam_Cells_Right,337,-0.12739133834838867,3.922211170196533,0.04512865096330643
Seam_Cells_Right,338,-0.11305743455886841,3.922211170196533,0.04512865096330643
Seam_Cells_Right,339,-0.11305743455886841,3.926741123199463,0.029129691421985626
Seam_Cells_Right,340,-0.10568617284297943,3.9615516662597656,0.04589831084012985
Seam_Cells_Right,341,-0.10568617284297943,3.9570212364196777,0.061897389590740204
Seam_Cells_Right,342,-0.1200200766324997,3.9570212364196777,0.061897389590740204
Seam_Cells_Right,343,-0.1200200766324997,3.9615516662597656,0.04589831084012985
Seam_Cells_Right,344,-0.10952821373939514,3.9945921897888184,0.06158336251974106
Seam_Cells_Right,345,-0.10952821373939514,3.993380546569824,0.06586352735757828
Seam_Cells_Right,346,-0.10569344460964203,3.993380546569824,0.06586352735757828
Seam_Cells_Right,347,-0.10569344460964203,3.9945921897888184,0.06158336251974106
VC4,0,-0.02428814209997654,0.422197163105011,-0.2658080458641052
VC4,1,0.0014153532683849335,0.422197163105011,-0.2658080458641052
VC4,2,-0.024288145825266838,0.4446440637111664,-0.25328582525253296
VC4,3,0.0014153514057397842,0.4446440637111664,-0.25328582525253296
VC4,4,-0.024288147687911987,0.4096749424934387,-0.24336113035678864
VC4,5,0.0014153588563203812,0.4096749424934387,-0.24336113035678864
VC4,6,-0.02428813837468624,0.4321218430995941,-0.23083890974521637
VC4,7,0.0014153430238366127,0.4321218430995941,-0.23083890974521637
VC4,8,-0.01314066257327795,0.43797382712364197,-0.24033907055854797
VC4,9,-0.009732131846249104,0.43797382712364197,-0.24033907055854797
VC4,10,-0.0131406644359231,0.43963441252708435,-0.24331575632095337
VC4,11,-0.009732130914926529,0.43963441252708435,-0.24331575632095337
VC4,12,-0.014321022666990757,0.46636199951171875,-0.22851070761680603
VC4,13,-0.008551777340471745,0.46636199951171875,-0.22851070761680603
VC4,14,-0.014321019873023033,0.4646119177341461,-0.22537358105182648
VC4,15,-0.008551780134439468,0.4646119177341461,-0.22537358105182648
VC4,16,-0.011436397209763527,0.4446440637111664,-0.25328582525253296
VC4,17,-0.011436394415795803,0.422197163105011,-0.2658080458641052
VC4,18,-0.011436397209763527,0.4321218430995941,-0.23083890974521637
VC4,19,-0.011436395347118378,0.4096749424934387,-0.24336113035678864
VC4,20,-0.011436397209763527,0.43797382712364197,-0.24033907055854797
VC4,21,-0.011436397209763527,0.43963441252708435,-0.24331575632095337
VC4,22,-0.01143640000373125,0.46636199951171875,-0.22851070761680603
VC4,23,-0.01143640000373125,0.4646119177341461,-0.22537358105182648
VC4,24,-0.013438666239380836,0.46827369928359985,-0.22329813241958618
VC4,25,-0.00943413469940424,0.46827369928359985,-0.22329813241958618
VC4,26,-0.013438668102025986,0.47014278173446655,-0.22511468827724457
VC4,27,-0.009434133768081665,0.47014278173446655,-0.22511468827724457
VC4,28,-0.015531639568507671,0.46827369928359985,-0.22329813241958618
VC4,29,-0.007341161370277405,0.46827369928359985,-0.22329813241958618
VC4,30,-0.01553164143115282,0.47014278173446655,-0.22511468827724457
VC4,31,-0.0073411595076322556,0.47014278173446655,-0.22511468827724457
VC4,32,-0.02953069843351841,0.48082321882247925,-0.2088063359260559
VC4,33,0.006657893769443035,0.48082321882247925,-0.2088063359260559
VC4,34,-0.02953069657087326,0.4785271883010864,-0.207572802901268
VC4,35,0.006657891906797886,0.4785272181034088,-0.2075727880001068
VC4,36,-0.027437724173069,0.48082321882247925,-0.2088063359260559
VC4,37,0.004564919508993626,0.48082321882247925,-0.2088063359260559
VC4,38,-0.02743772231042385,0.4785271883010864,-0.207572802901268
VC4,39,0.004564917646348476,0.4785272181034088,-0.207572802901268
VC4,40,-0.03403560072183609,0.49370551109313965,-0.1789293885231018
VC4,41,0.011162790469825268,0.49370551109313965,-0.1789293885231018
VC4,42,-0.03403560444712639,0.49625125527381897,-0.17948833107948303
VC4,43,0.011162790469825268,0.49625125527381897,-0.17948831617832184
VC4,44,-0.03612857311964035,0.49370548129081726,-0.1789293885231018
VC4,45,0.013255764730274677,0.49370551109313965,-0.1789293736219406
VC4,46,-0.03612857684493065,0.49625125527381897,-0.17948833107948303
VC4,47,0.013255764730274677,0.49625125527381897,-0.17948831617832184
VC4,48,-0.03612857311964035,0.49683403968811035,-0.17683398723602295
VC4,49,0.013255770318210125,0.49683403968811035,-0.17683398723602295
VC4,50,-0.03612857684493065,0.49428826570510864,-0.17627504467964172
VC4,51,0.013255764730274677,0.49428826570510864,-0.17627504467964172
VC4,52,-0.03403560444712639,0.49683403968811035,-0.17683398723602295
VC4,53,0.011162796057760715,0.49683403968811035,-0.17683398723602295
VC4,54,-0.03403560444712639,0.49428826570510864,-0.17627505958080292
VC4,55,0.011162790469825268,0.49428826570510864,-0.17627504467964172
VC4,56,-0.03403562307357788,0.4992425739765167,-0.1455240100622177
VC4,57,0.011162803508341312,0.4992426037788391,-0.14552399516105652
VC4,58,-0.03403562307357788,0.501788318157196,-0.14608293771743774
VC4,59,0.011162803508341312,0.5017883777618408,-0.14608293771743774
VC4,60,-0.03612859547138214,0.4992425739765167,-0.1455240100622177
VC4,61,0.013255774043500423,0.4992425739765167,-0.1455240100622177
VC4,62,-0.03612859547138214,0.501788318157196,-0.14608293771743774
VC4,63,0.013255777768790722,0.5017883777618408,-0.14608293771743774
VC4,64,-0.03612859919667244,0.5022945404052734,-0.14377737045288086
VC4,65,0.01325578335672617,0.5022945404052734,-0.14377737045288086
VC4,66,-0.03612859919667244,0.4997487962245941,-0.14321842789649963
VC4,67,0.013255777768790722,0.4997487962245941,-0.14321842789649963
VC4,68,-0.03403562679886818,0.5022945404052734,-0.14377737045288086
VC4,69,0.01116280909627676,0.5022945404052734,-0.14377737045288086
VC4,70,-0.03403562679886818,0.4997487962245941,-0.14321842789649963
VC4,71,0.01116280909627676,0.4997487962245941,-0.14321842789649963
VC4,72,-0.03403559327125549,0.4934329390525818,-0.17552649974822998
VC4,73,0.01116278674453497,0.4934329688549042,-0.17552649974822998
VC4,74,-0.03612856939435005,0.4934329390525818,-0.17552649974822998
VC4,75,0.013255755417048931,0.4934329390525818,-0.17552649974822998
VC4,76,-0.03612856939435005,0.491141676902771,-0.17698773741722107
VC4,77,0.013255755417048931,0.491141676902771,-0.17698773741722107
VC4,78,-0.03403559327125549,0.491141676902771,-0.17698775231838226
VC4,79,0.011162781156599522,0.4911417067050934,-0.17698773741722107
VC4,80,-0.0340355709195137,0.4824814796447754,-0.1500067114830017
VC4,81,0.01116276253014803,0.4824815094470978,-0.1500067114830017
VC4,82,-0.03612854704260826,0.4824814796447754,-0.1500067114830017
VC4,83,0.01325573306530714,0.4824815094470978,-0.1500067114830017
VC4,84,-0.03612855076789856,0.4851931631565094,-0.15018586814403534
VC4,85,0.01325573306530714,0.4851931631565094,-0.15018585324287415
VC4,86,-0.034035574644804,0.4851931631565094,-0.15018588304519653
VC4,87,0.01116275880485773,0.4851931631565094,-0.15018586814403534
VC4,88,-0.034035563468933105,0.4858803451061249,-0.13978558778762817
VC4,89,0.011162745766341686,0.4858803451061249,-0.13978557288646698
VC4,90,-0.036128535866737366,0.4858803451061249,-0.13978558778762817
VC4,91,0.013255720026791096,0.4858803451061249,-0.13978557288646698
VC4,92,-0.03612853214144707,0.48316866159439087,-0.13960641622543335
VC4,93,0.013255720026791096,0.48316869139671326,-0.13960641622543335
VC4,94,-0.03403555974364281,0.48316866159439087,-0.13960641622543335
VC4,95,0.011162745766341686,0.48316869139671326,-0.13960641622543335
VC4,96,-0.03403560444712639,0.49770358204841614,-0.17699100077152252
VC4,97,0.011162796057760715,0.4977036118507385,-0.17699100077152252
VC4,98,-0.03612857311964035,0.49770358204841614,-0.17699100077152252
VC4,99,0.013255770318210125,0.4977036118507385,-0.17699100077152252
VC4,100,-0.03612857311964035,0.4989697337150574,-0.17939560115337372
VC4,101,0.013255770318210125,0.4989697337150574,-0.17939558625221252
VC4,102,-0.03403560072183609,0.4989697337150574,-0.17939560115337372
VC4,103,0.011162796057760715,0.4989697337150574,-0.17939558625221252
VC4,104,-0.03403560817241669,0.5165906548500061,-0.15173976123332977
VC4,105,0.01116278674453497,0.5165906548500061,-0.15173976123332977
VC4,106,-0.03612858057022095,0.5165906548500061,-0.15173976123332977
VC4,107,0.013255761004984379,0.5165906548500061,-0.15173976123332977
VC4,108,-0.03612858057022095,0.5139264464378357,-0.1512039303779602
VC4,109,0.013255761004984379,0.5139264464378357,-0.1512039303779602
VC4,110,-0.03403560817241669,0.5139264464378357,-0.1512039303779602
VC4,111,0.011162790469825268,0.5139264464378357,-0.1512039303779602
VC4,112,-0.03403560817241669,0.5148569345474243,-0.1406935453414917
VC4,113,0.011162790469825268,0.5148569345474243,-0.1406935453414917
VC4,114,-0.03612858057022095,0.5148569345474243,-0.1406935453414917
VC4,115,0.013255761004984379,0.5148569345474243,-0.1406935453414917
VC4,116,-0.03612858057022095,0.5175211429595947,-0.14122937619686127
VC4,117,0.013255761004984379,0.5175211429595947,-0.14122936129570007
VC4,118,-0.03403560817241669,0.5175211429595947,-0.14122937619686127
VC4,119,0.01116278674453497,0.5175211429595947,-0.14122936129570007
VC5,0,0.0014153523370623589,0.6941933035850525,-0.12698425352573395
VC5,1,-0.02428814396262169,0.6941933035850525,-0.12698425352573395
VC5,2,0.0014153523370623589,0.6704052090644836,-0.13672058284282684
VC5,3,-0.02428814396262169,0.6704052090644836,-0.13672058284282684
VC5,4,0.001415356993675232,0.684457004070282,-0.1031961590051651
VC5,5,-0.024288151413202286,0.684457004070282,-0.1031961590051651
VC5,6,0.0014153439551591873,0.6606689095497131,-0.112932488322258
VC5,7,-0.024288136512041092,0.6606689095497131,-0.112932488322258
VC5,8,-0.009732130914926529,0.664445161819458,-0.12343195080757141
VC5,9,-0.013140661641955376,0.664445161819458,-0.12343195080757141
VC5,10,-0.00973212905228138,0.6657363176345825,-0.12658649682998657
VC5,11,-0.013140663504600525,0.6657363176345825,-0.12658649682998657
VC5,12,-0.008551773615181446,0.6374939680099487,-0.13824516534805298
VC5,13,-0.014321018941700459,0.6374939680099487,-0.13824516534805298
VC5,14,-0.00855177640914917,0.6361332535743713,-0.13492059707641602
VC5,15,-0.014321016147732735,0.6361332535743713,-0.13492059707641602
VC5,16,-0.011436396278440952,0.6704052090644836,-0.13672058284282684
VC5,17,-0.011436396278440952,0.6941933035850525,-0.12698425352573395
VC5,18,-0.011436396278440952,0.6606689095497131,-0.112932488322258
VC5,19,-0.011436396278440952,0.684457004070282,-0.1031961590051651
VC5,20,-0.011436396278440952,0.664445161819458,-0.12343195080757141
VC5,21,-0.011436396278440952,0.6657363176345825,-0.12658649682998657
VC5,22,-0.011436396278440952,0.6374939680099487,-0.13824516534805298
VC5,23,-0.011436396278440952,0.6361332535743713,-0.13492059707641602
VC5,24,-0.009434130974113941,0.6322271227836609,-0.13648851215839386
VC5,25,-0.013438661582767963,0.6322271227836609,-0.13648851215839386
VC5,26,-0.009434129111468792,0.6324813961982727,-0.13908247649669647
VC5,27,-0.013438663445413113,0.6324813961982727,-0.13908247649669647
VC5,28,-0.007341157179325819,0.6322271227836609,-0.13648851215839386
VC5,29,-0.015531634911894798,0.6322271227836609,-0.13648851215839386
VC5,30,-0.00734115531668067,0.6324813961982727,-0.13908247649669647
VC5,31,-0.015531637705862522,0.6324813961982727,-0.13908247649669647
VC5,32,0.0066578988917171955,0.6130722761154175,-0.13725988566875458
VC5,33,-0.029530690982937813,0.6130722761154175,-0.13725988566875458
VC5,34,0.006657896563410759,0.6135400533676147,-0.13469579815864563
VC5,35,-0.029530690982937813,0.6135400533676147,-0.13469581305980682
VC5,36,0.004564924631267786,0.6130722761154175,-0.13725988566875458
VC5,37,-0.027437718585133553,0.6130722761154175,-0.13725988566875458
VC5,38,0.0045649223029613495,0.6135400533676147,-0.13469581305980682
VC5,39,-0.027437716722488403,0.6135400533676147,-0.13469581305980682
VC5,40,0.011162797920405865,0.5816836953163147,-0.12869590520858765
VC5,41,-0.034035589545965195,0.5816836953163147,-0.12869590520858765
VC5,42,0.011162801645696163,0.5805328488349915,-0.1310344636440277
VC5,43,-0.03403559327125549,0.5805328488349915,-0.1310344636440277
VC5,44,0.013255772180855274,0.5816836953163147,-0.12869590520858765
VC5,45,-0.03612856566905975,0.5816836953163147,-0.12869590520858765
VC5,46,0.013255775906145573,0.5805328488349915,-0.1310344636440277
VC5,47,-0.03612856566905975,0.5805328488349915,-0.1310344636440277
VC5,48,0.013255772180855274,0.5780945420265198,-0.12983454763889313
VC5,49,-0.03612856939435005,0.5780945420265198,-0.12983454763889313
VC5,50,0.013255775906145573,0.579245388507843,-0.12749597430229187
VC5,51,-0.03612856566905975,0.579245388507843,-0.12749597430229187
VC5,52,0.011162801645696163,0.5780945420265198,-0.12983454763889313
VC5,53,-0.03403559699654579,0.5780945420265198,-0.12983454763889313
VC5,54,0.011162801645696163,0.579245388507843,-0.12749598920345306
VC5,55,-0.03403559327125549,0.579245388507843,-0.12749598920345306
VC5,56,0.011162817478179932,0.5521180629730225,-0.11218973994255066
VC5,57,-0.03403560817241669,0.5521180629730225,-0.11218974739313126
VC5,58,0.011162817478179932,0.5509672164916992,-0.11452830582857132
VC5,59,-0.03403560817241669,0.5509672164916992,-0.11452831327915192
VC5,60,0.013255789875984192,0.5521181225776672,-0.11218973994255066
VC5,61,-0.03612858057022095,0.5521180629730225,-0.11218973994255066
VC5,62,0.013255791738629341,0.5509672164916992,-0.11452830582857132
VC5,63,-0.03612858057022095,0.5509672164916992,-0.11452831327915192
VC5,64,0.013255794532597065,0.54884934425354,-0.11348604410886765
VC5,65,-0.036128588020801544,0.5488492846488953,-0.11348604410886765
VC5,66,0.01325579360127449,0.5500001907348633,-0.11114747077226639
VC5,67,-0.036128584295511246,0.5500001311302185,-0.11114747822284698
VC5,68,0.011162820272147655,0.54884934425354,-0.11348604410886765
VC5,69,-0.034035615622997284,0.5488492846488953,-0.11348604410886765
VC5,70,0.01116282306611538,0.5500001311302185,-0.11114747822284698
VC5,71,-0.034035611897706985,0.5500001311302185,-0.11114747822284698
VC5,72,0.011162794195115566,0.5791937112808228,-0.12636055052280426
VC5,73,-0.034035585820674896,0.5791937112808228,-0.12636055052280426
VC5,74,0.013255766592919827,0.5791937112808228,-0.12636053562164307
VC5,75,-0.036128558218479156,0.5791937112808228,-0.12636053562164307
VC5,76,0.013255765661597252,0.5817649960517883,-0.12548086047172546
VC5,77,-0.036128558218479156,0.5817649364471436,-0.12548086047172546
VC5,78,0.011162791401147842,0.5817649960517883,-0.12548086047172546
VC5,79,-0.034035585820674896,0.5817649364471436,-0.12548086047172546
VC5,80,0.0111627709120512,0.5660757422447205,-0.10188376158475876
VC5,81,-0.034035563468933105,0.5660757422447205,-0.10188376903533936
VC5,82,0.013255743309855461,0.5660757422447205,-0.10188376158475876
VC5,83,-0.036128535866737366,0.5660757422447205,-0.10188376903533936
VC5,84,0.01325574517250061,0.5645245313644409,-0.10411514341831207
VC5,85,-0.036128539592027664,0.5645245313644409,-0.10411514341831207
VC5,86,0.0111627709120512,0.5645245313644409,-0.10411515086889267
VC5,87,-0.034035563468933105,0.5645245313644409,-0.10411515086889267
VC5,88,0.011162756942212582,0.555966317653656,-0.09816581010818481
VC5,89,-0.03403554856777191,0.555966317653656,-0.09816581010818481
VC5,90,0.013255731202661991,0.555966317653656,-0.09816581010818481
VC5,91,-0.03612852469086647,0.555966317653656,-0.09816581010818481
VC5,92,0.013255728408694267,0.5575174689292908,-0.0959344282746315
VC5,93,-0.03612852096557617,0.5575174689292908,-0.0959344282746315
VC5,94,0.011162754148244858,0.5575174689292908,-0.0959344282746315
VC5,95,-0.03403554856777191,0.5575174689292908,-0.0959344282746315
VC5,96,0.011162801645696163,0.5776749849319458,-0.13061219453811646
VC5,97,-0.03403559699654579,0.577674925327301,-0.13061219453811646
VC5,98,0.013255772180855274,0.5776749849319458,-0.13061219453811646
VC5,99,-0.03612856939435005,0.577674925327301,-0.13061219453811646
VC5,100,0.013255772180855274,0.5787649154663086,-0.13310159742832184
VC5,101,-0.03612856939435005,0.5787649154663086,-0.13310159742832184
VC5,102,0.011162797920405865,0.5787649154663086,-0.13310159742832184
VC5,103,-0.03403559699654579,0.5787649154663086,-0.13310159742832184
VC5,104,0.011162800714373589,0.5461570620536804,-0.12962700426578522
VC5,105,-0.03403559327125549,0.5461570620536804,-0.12962700426578522
VC5,106,0.013255774974822998,0.5461570620536804,-0.12962700426578522
VC5,107,-0.03612856566905975,0.5461570620536804,-0.12962700426578522
VC5,108,0.013255774974822998,0.5473998785018921,-0.12721025943756104
VC5,109,-0.03612856939435005,0.5473998785018921,-0.12721025943756104
VC5,110,0.011162804439663887,0.5473998785018921,-0.12721025943756104
VC5,111,-0.03403559699654579,0.5473998785018921,-0.12721025943756104
VC5,112,0.011162804439663887,0.5386038422584534,-0.12138243019580841
VC5,113,-0.03403559327125549,0.5386037826538086,-0.12138243019580841
VC5,114,0.013255774974822998,0.5386038422584534,-0.12138243019580841
VC5,115,-0.03612856566905975,0.5386037826538086,-0.12138243019580841
VC5,116,0.013255774974822998,0.5373610258102417,-0.123799167573452
VC5,117,-0.03612856566905975,0.5373610258102417,-0.123799167573452
VC5,118,0.011162800714373589,0.5373610258102417,-0.123799167573452
VC5,119,-0.03403559327125549,0.5373610258102417,-0.123799167573452
