mesh,fid,v0,v1,v2,v3
ADEL,0,3,2,5,4
ADEL,1,0,1,6,7
ADEL,2,1,3,4,6
ADEL,3,2,0,7,5
ADEL,4,8,11,14,10
ADEL,5,27,13,12,9
ADEL,6,11,8,9,12
ADEL,7,10,14,13,27
ADEL,8,11,16,18,14
ADEL,9,13,17,15,12
ADEL,10,12,15,16,11
ADEL,11,14,18,17,13
ADEL,12,16,19,22,18
ADEL,13,17,21,20,15
ADEL,14,15,20,19,16
ADEL,15,18,22,21,17
ADEL,16,19,23,26,22
ADEL,17,21,25,24,20
ADEL,18,20,24,23,19
ADEL,19,22,26,25,21
ADEL,20,23,55,53,26
ADEL,21,25,52,54,24
ADEL,22,24,54,55,23
ADEL,23,26,53,52,25
ADEL,24,27,4,5,10
ADEL,25,8,7,6,9
ADEL,26,7,8,10,5
ADEL,27,9,6,4,27
ADEL,28,0,2,29,28
ADEL,29,3,1,30,31
ADEL,30,1,0,28,30
ADEL,31,2,3,31,29
ADEL,32,28,29,32,33
ADEL,33,31,30,34,35
ADEL,34,30,28,33,34
ADEL,35,29,31,35,32
ADEL,36,33,32,35,34
ADEL,37,38,39,36,37
ADEL,38,40,43,42,41
ADEL,39,37,41,42,38
ADEL,40,39,43,40,36
ADEL,41,36,40,45,47
ADEL,42,41,37,46,44
ADEL,43,40,41,44,45
ADEL,44,37,36,47,46
ADEL,45,46,47,48,49
ADEL,46,45,44,51,50
ADEL,47,44,46,49,51
ADEL,48,47,45,50,48
ADEL,49,48,50,53,55
ADEL,50,51,49,54,52
ADEL,51,50,51,52,53
ADEL,52,49,48,55,54
ADEL,53,43,39,58,56
ADEL,54,38,42,57,59
ADEL,55,42,43,56,57
ADEL,56,39,38,59,58
ADEL,57,58,59,60,61
ADEL,58,57,56,63,62
ADEL,59,59,57,62,60
ADEL,60,56,58,61,63
ADEL,61,61,60,65,64
ADEL,62,62,63,67,66
ADEL,63,60,62,66,65
ADEL,64,63,61,64,67
ADEL,65,64,65,69,68
ADEL,66,66,67,71,70
ADEL,67,65,66,70,69
ADEL,68,67,64,68,71
ADEL,69,68,69,73,72
ADEL,70,70,71,74,75
ADEL,71,69,70,75,73
ADEL,72,71,68,72,74
ADEL,73,72,73,76,77
ADEL,74,75,74,79,78
ADEL,75,73,75,78,76
ADEL,76,74,72,77,79
ADEL,77,77,76,80,81
ADEL,78,78,79,83,82
ADEL,79,76,78,82,80
ADEL,80,81,80,84,85
ADEL,81,82,83,87,86
ADEL,82,80,82,86,84
ADEL,83,83,81,85,87
ADEL,84,85,84,88,89
ADEL,85,86,87,90,91
ADEL,86,84,86,91,88
ADEL,87,87,85,89,90
ADEL,88,89,88,93,92
ADEL,89,91,90,94,95
ADEL,90,88,91,95,93
ADEL,91,90,89,92,94
ADEL,92,92,93,97,96
ADEL,93,95,94,99,98
ADEL,94,93,95,98,97
ADEL,95,94,92,96,99
ADEL,96,96,97,98,99
ADEL,97,81,83,100,101
ADEL,98,83,79,102,100
ADEL,99,77,81,101,103
ADEL,100,79,77,103,102
ADEL,101,102,103,104,105
ADEL,102,103,101,106,104
ADEL,103,100,102,105,107
ADEL,104,101,100,107,106
ADEL,105,106,107,108,109
ADEL,106,107,105,110,108
ADEL,107,104,106,109,111
ADEL,108,105,104,111,110
ADEL,109,110,111,112,113
ADEL,110,111,109,114,112
ADEL,111,108,110,113,115
ADEL,112,109,108,115,114
ADEL,113,114,115,116,117
ADEL,114,115,113,118,116
ADEL,115,112,114,117,119
ADEL,116,113,112,119,118
ADEL,117,118,119,120,121
ADEL,118,119,117,122,120
ADEL,119,116,118,121,123
ADEL,120,117,116,123,122
ADEL,121,122,123,124,125
ADEL,122,123,121,126,124
ADEL,123,120,122,125,127
ADEL,124,121,120,127,126
ADEL,125,126,127,128,129
ADEL,126,127,125,130,128
ADEL,127,124,126,129,131
ADEL,128,125,124,131,130
ADEL,129,129,128,130,131
ADER,0,2,0,1,3
ADER,1,0,7,6,1
ADER,2,7,0,2,5
ADER,3,1,6,4,3
ADER,4,3,4,5,2
ADER,5,4,11,10,5
ADER,6,6,9,11,4
ADER,7,5,10,8,7
ADER,8,7,8,9,6
ADER,9,8,15,14,9
ADER,10,10,13,15,8
ADER,11,9,14,12,11
ADER,12,11,12,13,10
ADER,13,12,19,18,13
ADER,14,14,17,19,12
ADER,15,13,18,16,15
ADER,16,15,16,17,14
ADER,17,16,23,22,17
ADER,18,18,21,23,16
ADER,19,17,22,20,19
ADER,20,19,20,21,18
ADER,21,20,27,26,21
ADER,22,22,25,27,20
ADER,23,21,26,24,23
ADER,24,23,24,25,22
ADER,25,24,31,30,25
ADER,26,26,29,31,24
ADER,27,25,30,28,27
ADER,28,27,28,29,26
ADER,29,28,54,52,29
ADER,30,30,50,54,28
ADER,31,29,52,48,31
ADER,32,31,48,50,30
ADER,33,33,34,35,32
ADER,34,35,39,37,32
ADER,35,33,36,38,34
ADER,36,32,37,36,33
ADER,37,34,38,39,35
ADER,38,39,42,41,37
ADER,39,36,40,43,38
ADER,40,37,41,40,36
ADER,41,38,43,42,39
ADER,42,42,46,44,41
ADER,43,40,45,47,43
ADER,44,41,44,45,40
ADER,45,43,47,46,42
ADER,46,46,50,48,44
ADER,47,45,49,51,47
ADER,48,44,48,49,45
ADER,49,47,51,50,46
ADER,50,49,53,55,51
ADER,51,48,52,53,49
ADER,52,51,55,54,50
ADER,53,54,59,57,52
ADER,54,53,56,58,55
ADER,55,52,57,56,53
ADER,56,55,58,59,54
ADER,57,59,63,60,57
ADER,58,56,61,62,58
ADER,59,57,60,61,56
ADER,60,58,62,63,59
ADER,61,63,67,64,60
ADER,62,61,65,66,62
ADER,63,60,64,65,61
ADER,64,62,66,67,63
ADER,65,67,70,68,64
ADER,66,65,69,71,66
ADER,67,64,68,69,65
ADER,68,66,71,70,67
ADER,69,70,73,75,68
ADER,70,69,74,72,71
ADER,71,68,75,74,69
ADER,72,71,72,73,70
ADER,73,72,93,92,73
ADER,74,75,88,89,74
ADER,75,74,89,93,72
ADER,76,73,92,88,75
ADER,77,76,83,82,77
ADER,78,79,80,81,78
ADER,79,77,82,80,79
ADER,80,78,81,83,76
ADER,81,81,86,84,83
ADER,82,82,85,87,80
ADER,83,80,87,86,81
ADER,84,83,84,85,82
ADER,85,84,95,94,85
ADER,86,87,90,91,86
ADER,87,85,94,90,87
ADER,88,86,91,95,84
ADER,89,91,88,92,95
ADER,90,89,90,94,93
ADER,91,89,88,91,90
ADER,92,95,92,93,94
ADER,93,96,99,98,97
ADER,94,96,100,102,99
ADER,95,98,103,101,97
ADER,96,97,101,100,96
ADER,97,99,102,103,98
ADER,98,100,128,129,102
ADER,99,103,131,130,101
ADER,100,101,130,128,100
ADER,101,102,129,131,103
ADER,102,127,125,122,104
ADER,103,121,123,124,126
ADER,104,125,124,123,122
ADER,105,126,127,104,121
ADER,106,79,78,105,106
ADER,107,76,77,107,108
ADER,108,77,79,106,107
ADER,109,78,76,108,105
ADER,110,106,105,109,110
ADER,111,108,107,111,112
ADER,112,107,106,110,111
ADER,113,105,108,112,109
ADER,114,110,109,113,114
ADER,115,112,111,116,115
ADER,116,111,110,114,116
ADER,117,109,112,115,113
ADER,118,114,113,117,118
ADER,119,115,116,119,120
ADER,120,116,114,118,119
ADER,121,113,115,120,117
ADER,122,118,117,121,104
ADER,123,122,123,120,119
ADER,124,119,118,104,122
ADER,125,117,120,123,121
ADER,126,124,131,129,126
ADER,127,127,128,130,125
ADER,128,125,130,131,124
ADER,129,126,129,128,127
ADFL,0,136,137,3,4
ADFL,1,139,138,6,5
ADFL,2,137,139,5,3
ADFL,3,138,136,4,6
ADFL,4,4,3,7,8
ADFL,5,5,6,10,9
ADFL,6,3,5,9,7
ADFL,7,6,4,8,10
ADFL,8,8,7,11,12
ADFL,9,9,10,14,13
ADFL,10,7,9,13,11
ADFL,11,10,8,12,14
ADFL,12,12,11,16,15
ADFL,13,13,14,18,17
ADFL,14,11,13,17,16
ADFL,15,14,12,15,18
ADFL,16,15,16,20,19
ADFL,17,17,18,21,22
ADFL,18,16,17,22,20
ADFL,19,18,15,19,21
ADFL,20,0,2,19,20
ADFL,21,22,21,23,1
ADFL,22,1,0,20,22
ADFL,23,21,19,2,23
ADFL,24,26,29,31,24
ADFL,25,25,30,28,27
ADFL,26,27,28,29,26
ADFL,27,24,31,30,25
ADFL,28,31,32,33,30
ADFL,29,28,35,34,29
ADFL,30,30,33,35,28
ADFL,31,29,34,32,31
ADFL,32,34,37,39,32
ADFL,33,33,38,36,35
ADFL,34,35,36,37,34
ADFL,35,32,39,38,33
ADFL,36,39,40,41,38
ADFL,37,36,43,42,37
ADFL,38,38,41,43,36
ADFL,39,37,42,40,39
ADFL,40,42,45,47,40
ADFL,41,41,46,44,43
ADFL,42,43,44,45,42
ADFL,43,40,47,46,41
ADFL,44,47,48,49,46
ADFL,45,44,51,50,45
ADFL,46,46,49,51,44
ADFL,47,45,50,48,47
ADFL,48,50,53,55,48
ADFL,49,49,54,52,51
ADFL,50,51,52,53,50
ADFL,51,48,55,54,49
ADFL,52,55,56,57,54
ADFL,53,52,59,58,53
ADFL,54,54,57,59,52
ADFL,55,53,58,56,55
ADFL,56,62,63,64,65
ADFL,57,63,60,67,64
ADFL,58,60,61,66,67
ADFL,59,61,62,65,66
ADFL,60,63,62,69,68
ADFL,61,60,63,68,71
ADFL,62,61,60,71,70
ADFL,63,62,61,70,69
ADFL,64,69,70,73,74
ADFL,65,70,71,72,73
ADFL,66,71,68,75,72
ADFL,67,68,69,74,75
ADFL,68,66,65,78,77
ADFL,69,67,66,77,76
ADFL,70,64,67,76,79
ADFL,71,65,64,79,78
ADFL,72,78,79,80,81
ADFL,73,79,76,83,80
ADFL,74,76,77,82,83
ADFL,75,77,78,81,82
ADFL,76,82,81,86,85
ADFL,77,83,82,85,84
ADFL,78,80,83,84,87
ADFL,79,81,80,87,86
ADFL,80,86,87,88,89
ADFL,81,87,84,91,88
ADFL,82,84,85,90,91
ADFL,83,85,86,89,90
ADFL,84,90,89,94,93
ADFL,85,91,90,93,92
ADFL,86,88,91,92,95
ADFL,87,89,88,95,94
ADFL,88,94,95,96,97
ADFL,89,95,92,99,96
ADFL,90,92,93,98,99
ADFL,91,93,94,97,98
ADFL,92,98,97,102,101
ADFL,93,99,98,101,100
ADFL,94,96,99,100,103
ADFL,95,97,96,103,102
ADFL,96,102,103,100,101
ADFL,97,74,73,104,105
ADFL,98,73,72,106,104
ADFL,99,72,75,107,106
ADFL,100,75,74,105,107
ADFL,101,105,104,108,109
ADFL,102,104,106,110,108
ADFL,103,106,107,111,110
ADFL,104,107,105,109,111
ADFL,105,109,108,127,125
ADFL,106,108,110,126,127
ADFL,107,110,111,124,126
ADFL,108,111,109,125,124
ADFL,109,56,0,1,57
ADFL,110,59,23,2,58
ADFL,111,57,1,23,59
ADFL,112,0,56,58,2
ADFL,113,114,115,112,113
ADFL,114,116,119,118,117
ADFL,115,113,117,118,114
ADFL,116,115,119,116,112
ADFL,117,119,115,122,120
ADFL,118,114,118,121,123
ADFL,119,118,119,120,121
ADFL,120,115,114,123,122
ADFL,121,122,123,124,125
ADFL,122,121,120,127,126
ADFL,123,123,121,126,124
ADFL,124,120,122,125,127
ADFL,125,112,116,129,131
ADFL,126,117,113,130,128
ADFL,127,116,117,128,129
ADFL,128,113,112,131,130
ADFL,129,130,131,132,133
ADFL,130,129,128,135,134
ADFL,131,128,130,133,135
ADFL,132,131,129,134,132
ADFL,133,133,132,137,136
ADFL,134,134,135,138,139
ADFL,135,135,133,136,138
ADFL,136,132,134,139,137
ADFL,137,24,25,27,26
ADFR,0,112,114,115,113
ADFR,1,0,5,7,2
ADFR,2,3,6,4,1
ADFR,3,5,0,1,4
ADFR,4,2,7,6,3
ADFR,5,5,10,8,7
ADFR,6,6,9,11,4
ADFR,7,4,11,10,5
ADFR,8,7,8,9,6
ADFR,9,8,27,26,9
ADFR,10,11,22,23,10
ADFR,11,9,26,22,11
ADFR,12,10,23,27,8
ADFR,13,14,17,19,12
ADFR,14,13,18,16,15
ADFR,15,12,19,18,13
ADFR,16,15,16,17,14
ADFR,17,16,25,24,17
ADFR,18,19,20,21,18
ADFR,19,18,21,25,16
ADFR,20,17,24,20,19
ADFR,21,23,20,24,27
ADFR,22,21,22,26,25
ADFR,23,21,20,23,22
ADFR,24,27,24,25,26
ADFR,25,81,83,139,137
ADFR,26,116,138,82,80
ADFR,27,137,116,80,81
ADFR,28,138,139,83,82
ADFR,29,14,30,28,15
ADFR,30,15,28,29,13
ADFR,31,13,29,31,12
ADFR,32,12,31,30,14
ADFR,33,30,34,32,28
ADFR,34,28,32,33,29
ADFR,35,29,33,35,31
ADFR,36,31,35,34,30
ADFR,37,34,65,64,32
ADFR,38,32,64,67,33
ADFR,39,33,67,66,35
ADFR,40,35,66,65,34
ADFR,41,39,36,37,38
ADFR,42,36,43,42,37
ADFR,43,39,40,43,36
ADFR,44,38,41,40,39
ADFR,45,37,42,41,38
ADFR,46,42,45,46,41
ADFR,47,41,46,47,40
ADFR,48,40,47,44,43
ADFR,49,43,44,45,42
ADFR,50,44,51,50,45
ADFR,51,47,48,51,44
ADFR,52,46,49,48,47
ADFR,53,45,50,49,46
ADFR,54,50,53,54,49
ADFR,55,49,54,55,48
ADFR,56,48,55,52,51
ADFR,57,51,52,53,50
ADFR,58,52,59,58,53
ADFR,59,55,56,59,52
ADFR,60,54,57,56,55
ADFR,61,53,58,57,54
ADFR,62,58,61,62,57
ADFR,63,57,62,63,56
ADFR,64,56,63,60,59
ADFR,65,59,60,61,58
ADFR,66,60,75,74,61
ADFR,67,63,72,75,60
ADFR,68,62,73,72,63
ADFR,69,61,74,73,62
ADFR,70,65,70,71,64
ADFR,71,64,71,68,67
ADFR,72,67,68,69,66
ADFR,73,66,69,70,65
ADFR,74,69,78,77,70
ADFR,75,68,79,78,69
ADFR,76,71,76,79,68
ADFR,77,70,77,76,71
ADFR,78,74,77,78,73
ADFR,79,73,78,79,72
ADFR,80,72,79,76,75
ADFR,81,75,76,77,74
ADFR,82,83,81,86,84
ADFR,83,80,82,85,87
ADFR,84,81,80,87,86
ADFR,85,82,83,84,85
ADFR,86,85,84,91,90
ADFR,87,86,87,88,89
ADFR,88,87,85,90,88
ADFR,89,84,86,89,91
ADFR,90,91,89,94,92
ADFR,91,88,90,93,95
ADFR,92,89,88,95,94
ADFR,93,90,91,92,93
ADFR,94,93,92,99,98
ADFR,95,94,95,96,97
ADFR,96,95,93,98,96
ADFR,97,92,94,97,99
ADFR,98,99,97,102,100
ADFR,99,96,98,101,103
ADFR,100,97,96,103,102
ADFR,101,98,99,100,101
ADFR,102,101,100,107,106
ADFR,103,102,103,104,105
ADFR,104,103,101,106,104
ADFR,105,100,102,105,107
ADFR,106,107,105,110,108
ADFR,107,104,106,109,111
ADFR,108,105,104,111,110
ADFR,109,106,107,108,109
ADFR,110,109,108,115,114
ADFR,111,110,111,112,113
ADFR,112,111,109,114,112
ADFR,113,108,110,113,115
ADFR,114,137,120,118,116
ADFR,115,119,139,138,117
ADFR,116,116,118,117,138
ADFR,117,120,137,139,119
ADFR,118,120,124,121,118
ADFR,119,117,122,123,119
ADFR,120,118,121,122,117
ADFR,121,119,123,124,120
ADFR,122,124,127,125,121
ADFR,123,122,126,128,123
ADFR,124,121,125,126,122
ADFR,125,123,128,127,124
ADFR,126,127,131,129,125
ADFR,127,126,130,132,128
ADFR,128,125,129,130,126
ADFR,129,128,132,131,127
ADFR,130,131,135,133,129
ADFR,131,130,134,136,132
ADFR,132,129,133,134,130
ADFR,133,132,136,135,131
ADFR,134,135,3,1,133
ADFR,135,134,0,2,136
ADFR,136,0,134,133,1
ADFR,137,136,2,3,135
ASIL,0,2,1,5,6
ASIL,1,3,4,8,7
ASIL,2,1,3,7,5
ASIL,3,4,2,6,8
ASIL,4,6,5,9,10
ASIL,5,7,8,12,11
ASIL,6,5,7,11,9
ASIL,7,8,6,10,12
ASIL,8,10,9,13,14
ASIL,9,11,12,16,15
ASIL,10,9,11,15,13
ASIL,11,12,10,14,16
ASIL,12,14,13,18,17
ASIL,13,15,16,20,19
ASIL,14,13,15,19,18
ASIL,15,16,14,17,20
ASIL,16,17,18,22,21
ASIL,17,19,20,23,24
ASIL,18,18,19,24,22
ASIL,19,20,17,21,23
ASIL,20,0,107,21,22
ASIL,21,24,23,25,106
ASIL,22,106,0,22,24
ASIL,23,23,21,107,25
ASIL,24,28,31,33,26
ASIL,25,27,32,30,29
ASIL,26,29,30,31,28
ASIL,27,26,33,32,27
ASIL,28,33,34,35,32
ASIL,29,30,37,36,31
ASIL,30,32,35,37,30
ASIL,31,31,36,34,33
ASIL,32,36,39,41,34
ASIL,33,35,40,38,37
ASIL,34,37,38,39,36
ASIL,35,34,41,40,35
ASIL,36,41,42,43,40
ASIL,37,38,45,44,39
ASIL,38,40,43,45,38
ASIL,39,39,44,42,41
ASIL,40,44,47,49,42
ASIL,41,43,48,46,45
ASIL,42,45,46,47,44
ASIL,43,42,49,48,43
ASIL,44,49,50,51,48
ASIL,45,46,53,52,47
ASIL,46,48,51,53,46
ASIL,47,47,52,50,49
ASIL,48,52,55,57,50
ASIL,49,51,56,54,53
ASIL,50,53,54,55,52
ASIL,51,50,57,56,51
ASIL,52,57,58,59,56
ASIL,53,54,61,60,55
ASIL,54,56,59,61,54
ASIL,55,55,60,58,57
ASIL,56,64,65,66,67
ASIL,57,65,62,69,66
ASIL,58,62,63,68,69
ASIL,59,63,64,67,68
ASIL,60,65,64,71,70
ASIL,61,62,65,70,73
ASIL,62,63,62,73,72
ASIL,63,64,63,72,71
ASIL,64,71,72,75,76
ASIL,65,72,73,74,75
ASIL,66,73,70,77,74
ASIL,67,70,71,76,77
ASIL,68,68,67,80,79
ASIL,69,69,68,79,78
ASIL,70,66,69,78,81
ASIL,71,67,66,81,80
ASIL,72,80,81,82,83
ASIL,73,81,78,85,82
ASIL,74,78,79,84,85
ASIL,75,79,80,83,84
ASIL,76,84,83,88,87
ASIL,77,85,84,87,86
ASIL,78,82,85,86,89
ASIL,79,83,82,89,88
ASIL,80,88,89,90,91
ASIL,81,89,86,93,90
ASIL,82,86,87,92,93
ASIL,83,87,88,91,92
ASIL,84,92,91,96,95
ASIL,85,93,92,95,94
ASIL,86,90,93,94,97
ASIL,87,91,90,97,96
ASIL,88,96,97,98,99
ASIL,89,97,94,101,98
ASIL,90,94,95,100,101
ASIL,91,95,96,99,100
ASIL,92,100,99,104,103
ASIL,93,101,100,103,102
ASIL,94,98,101,102,105
ASIL,95,99,98,105,104
ASIL,96,104,105,102,103
ASIL,97,58,0,106,59
ASIL,98,61,25,107,60
ASIL,99,59,106,25,61
ASIL,100,0,58,60,107
ASIL,101,26,27,29,28
ASIL,102,1,2,108,139
ASIL,103,4,3,140,109
ASIL,104,3,1,139,140
ASIL,105,2,4,109,108
ASIL,106,76,75,110,111
ASIL,107,75,74,112,110
ASIL,108,74,77,113,112
ASIL,109,77,76,111,113
ASIL,110,111,110,115,114
ASIL,111,110,112,116,115
ASIL,112,112,113,117,116
ASIL,113,113,111,114,117
ASIL,114,114,115,118,119
ASIL,115,115,116,120,118
ASIL,116,116,117,121,120
ASIL,117,117,114,119,121
ASIL,118,119,118,153,154
ASIL,119,118,120,122,153
ASIL,120,120,121,155,122
ASIL,121,121,119,154,155
ASIL,122,125,126,123,124
ASIL,123,127,130,129,128
ASIL,124,123,127,128,124
ASIL,125,126,130,127,123
ASIL,126,129,125,133,131
ASIL,127,124,128,132,134
ASIL,128,128,129,131,132
ASIL,129,125,124,134,133
ASIL,130,133,134,135,136
ASIL,131,132,131,138,137
ASIL,132,134,132,137,135
ASIL,133,131,133,136,138
ASIL,134,136,135,139,108
ASIL,135,137,138,109,140
ASIL,136,135,137,140,139
ASIL,137,138,136,108,109
ASIL,138,130,126,143,141
ASIL,139,125,129,142,144
ASIL,140,129,130,141,142
ASIL,141,126,125,144,143
ASIL,142,143,144,145,146
ASIL,143,142,141,148,147
ASIL,144,144,142,147,145
ASIL,145,141,143,146,148
ASIL,146,148,146,151,149
ASIL,147,145,147,150,152
ASIL,148,147,148,149,150
ASIL,149,146,145,152,151
ASIL,150,149,151,154,153
ASIL,151,152,150,122,155
ASIL,152,150,149,153,122
ASIL,153,151,152,155,154
ASIR,0,0,3,4,1
ASIR,1,2,6,5,33
ASIR,2,3,0,33,5
ASIR,3,1,4,6,2
ASIR,4,3,10,9,4
ASIR,5,6,7,8,5
ASIR,6,5,8,10,3
ASIR,7,4,9,7,6
ASIR,8,9,12,14,7
ASIR,9,8,13,11,10
ASIR,10,7,14,13,8
ASIR,11,10,11,12,9
ASIR,12,11,30,29,12
ASIR,13,14,25,26,13
ASIR,14,13,26,30,11
ASIR,15,12,29,25,14
ASIR,16,47,19,17,46
ASIR,17,15,18,20,16
ASIR,18,46,17,18,15
ASIR,19,16,20,19,47
ASIR,20,19,22,24,17
ASIR,21,18,23,21,20
ASIR,22,17,24,23,18
ASIR,23,20,21,22,19
ASIR,24,21,31,30,22
ASIR,25,24,26,27,23
ASIR,26,23,27,31,21
ASIR,27,22,30,26,24
ASIR,28,28,25,29,32
ASIR,29,27,28,32,31
ASIR,30,26,25,28,27
ASIR,31,32,29,30,31
ASIR,32,34,0,1,36
ASIR,33,0,34,35,33
ASIR,34,33,35,37,2
ASIR,35,2,37,36,1
ASIR,36,36,41,38,34
ASIR,37,34,38,39,35
ASIR,38,35,39,40,37
ASIR,39,37,40,41,36
ASIR,40,41,44,42,38
ASIR,41,38,42,43,39
ASIR,42,39,43,45,40
ASIR,43,40,45,44,41
ASIR,44,44,79,78,42
ASIR,45,42,78,81,43
ASIR,46,43,81,80,45
ASIR,47,45,80,79,44
ASIR,48,46,151,153,47
ASIR,49,16,154,152,15
ASIR,50,15,152,151,46
ASIR,51,47,153,154,16
ASIR,52,126,128,129,127
ASIR,53,95,97,155,48
ASIR,54,130,49,96,94
ASIR,55,48,130,94,95
ASIR,56,49,155,97,96
ASIR,57,53,50,51,52
ASIR,58,50,57,56,51
ASIR,59,53,54,57,50
ASIR,60,52,55,54,53
ASIR,61,51,56,55,52
ASIR,62,56,59,60,55
ASIR,63,55,60,61,54
ASIR,64,54,61,58,57
ASIR,65,57,58,59,56
ASIR,66,58,65,64,59
ASIR,67,61,62,65,58
ASIR,68,60,63,62,61
ASIR,69,59,64,63,60
ASIR,70,64,67,68,63
ASIR,71,63,68,69,62
ASIR,72,62,69,66,65
ASIR,73,65,66,67,64
ASIR,74,66,73,72,67
ASIR,75,69,70,73,66
ASIR,76,68,71,70,69
ASIR,77,67,72,71,68
ASIR,78,72,75,76,71
ASIR,79,71,76,77,70
ASIR,80,70,77,74,73
ASIR,81,73,74,75,72
ASIR,82,74,89,88,75
ASIR,83,77,86,89,74
ASIR,84,76,87,86,77
ASIR,85,75,88,87,76
ASIR,86,79,84,85,78
ASIR,87,78,85,82,81
ASIR,88,81,82,83,80
ASIR,89,80,83,84,79
ASIR,90,83,92,91,84
ASIR,91,82,93,92,83
ASIR,92,85,90,93,82
ASIR,93,84,91,90,85
ASIR,94,88,91,92,87
ASIR,95,87,92,93,86
ASIR,96,86,93,90,89
ASIR,97,89,90,91,88
ASIR,98,97,95,100,98
ASIR,99,94,96,99,101
ASIR,100,95,94,101,100
ASIR,101,96,97,98,99
ASIR,102,99,98,105,104
ASIR,103,100,101,102,103
ASIR,104,101,99,104,102
ASIR,105,98,100,103,105
ASIR,106,105,103,108,106
ASIR,107,102,104,107,109
ASIR,108,103,102,109,108
ASIR,109,104,105,106,107
ASIR,110,107,106,113,112
ASIR,111,108,109,110,111
ASIR,112,109,107,112,110
ASIR,113,106,108,111,113
ASIR,114,113,111,116,114
ASIR,115,110,112,115,117
ASIR,116,111,110,117,116
ASIR,117,112,113,114,115
ASIR,118,115,114,121,120
ASIR,119,116,117,118,119
ASIR,120,117,115,120,118
ASIR,121,114,116,119,121
ASIR,122,121,119,124,122
ASIR,123,118,120,123,125
ASIR,124,119,118,125,124
ASIR,125,120,121,122,123
ASIR,126,123,122,129,128
ASIR,127,124,125,126,127
ASIR,128,125,123,128,126
ASIR,129,122,124,127,129
ASIR,130,48,134,132,130
ASIR,131,133,155,49,131
ASIR,132,130,132,131,49
ASIR,133,134,48,155,133
ASIR,134,134,138,135,132
ASIR,135,131,136,137,133
ASIR,136,132,135,136,131
ASIR,137,133,137,138,134
ASIR,138,138,141,139,135
ASIR,139,136,140,142,137
ASIR,140,135,139,140,136
ASIR,141,137,142,141,138
ASIR,142,141,145,143,139
ASIR,143,140,144,146,142
ASIR,144,139,143,144,140
ASIR,145,142,146,145,141
ASIR,146,145,149,147,143
ASIR,147,144,148,150,146
ASIR,148,143,147,148,144
ASIR,149,146,150,149,145
ASIR,150,149,153,151,147
ASIR,151,148,152,154,150
ASIR,152,147,151,152,148
ASIR,153,150,154,153,149
AVM,0,4,7,6,5
AVM,1,0,4,5,1
AVM,2,1,5,6,2
AVM,3,2,6,7,3
AVM,4,4,0,3,7
AVM,5,2,3,8,9
AVM,6,3,0,11,8
AVM,7,0,1,10,11
AVM,8,1,2,9,10
AVM,9,10,9,14,13
AVM,10,11,10,13,12
AVM,11,8,11,12,15
AVM,12,9,8,15,14
AVM,13,14,15,16,17
AVM,14,15,12,19,16
AVM,15,12,13,18,19
AVM,16,13,14,17,18
AVM,17,18,17,22,21
AVM,18,19,18,21,20
AVM,19,16,19,20,23
AVM,20,17,16,23,22
AVM,21,22,23,24,25
AVM,22,23,20,27,24
AVM,23,20,21,26,27
AVM,24,21,22,25,26
AVM,25,26,25,30,29
AVM,26,27,26,29,28
AVM,27,24,27,28,31
AVM,28,25,24,31,30
AVM,29,32,33,34,35
AVM,30,36,39,38,37
AVM,31,32,36,37,33
AVM,32,34,38,39,35
AVM,33,35,39,40,42
AVM,34,36,32,43,41
AVM,35,39,36,41,40
AVM,36,32,35,42,43
AVM,37,45,47,48,50
AVM,38,46,44,51,49
AVM,39,47,46,49,48
AVM,40,44,45,50,51
AVM,41,51,50,53,52
AVM,42,48,49,54,55
AVM,43,49,51,52,54
AVM,44,50,48,55,53
AVM,45,53,55,56,58
AVM,46,54,52,59,57
AVM,47,55,54,57,56
AVM,48,52,53,58,59
AVM,49,59,58,61,60
AVM,50,56,57,62,63
AVM,51,57,59,60,62
AVM,52,58,56,63,61
AVM,53,61,63,64,66
AVM,54,62,60,67,65
AVM,55,63,62,65,64
AVM,56,60,61,66,67
AVM,57,67,66,69,68
AVM,58,64,65,70,71
AVM,59,65,67,68,70
AVM,60,66,64,71,69
AVM,61,69,71,72,74
AVM,62,70,68,75,73
AVM,63,71,70,73,72
AVM,64,68,69,74,75
AVM,65,75,74,77,76
AVM,66,72,73,78,79
AVM,67,73,75,76,78
AVM,68,74,72,79,77
AVM,69,77,79,80,82
AVM,70,78,76,83,81
AVM,71,79,78,81,80
AVM,72,76,77,82,83
AVM,73,83,82,90,84
AVM,74,80,81,91,85
AVM,75,81,83,84,91
AVM,76,82,80,85,90
AVM,77,29,30,87,86
AVM,78,28,29,86,88
AVM,79,31,28,88,89
AVM,80,30,31,89,87
AVM,81,86,87,90,85
AVM,82,88,86,85,91
AVM,83,89,88,91,84
AVM,84,87,89,84,90
AVM,85,38,34,94,92
AVM,86,33,37,93,95
AVM,87,37,38,92,93
AVM,88,34,33,95,94
AVM,89,95,93,92,94
AVM,90,42,96,97,43
AVM,91,96,45,44,97
AVM,92,98,46,47,99
AVM,93,43,97,98,41
AVM,94,97,44,46,98
AVM,95,40,99,96,42
AVM,96,99,47,45,96
AVM,97,98,99,100,101
AVM,98,99,40,103,100
AVM,99,41,98,101,102
AVM,100,40,41,102,103
AVM,101,103,102,105,104
AVM,102,102,101,106,105
AVM,103,100,103,104,107
AVM,104,101,100,107,106
AVM,105,106,107,108,109
AVM,106,107,104,111,108
AVM,107,105,106,109,110
AVM,108,104,105,110,111
AVM,109,111,110,113,112
AVM,110,110,109,114,113
AVM,111,108,111,112,115
AVM,112,109,108,115,114
AVM,113,114,115,116,117
AVM,114,115,112,119,116
AVM,115,113,114,117,118
AVM,116,112,113,118,119
AVM,117,119,118,121,120
AVM,118,118,117,122,121
AVM,119,116,119,120,123
AVM,120,117,116,123,122
AVM,121,122,123,124,125
AVM,122,123,120,127,124
AVM,123,121,122,125,126
AVM,124,120,121,126,127
AVM,125,127,126,129,128
AVM,126,126,125,130,129
AVM,127,124,127,128,131
AVM,128,125,124,131,130
AVM,129,130,131,132,133
AVM,130,128,129,134,135
AVM,131,134,133,132,135
AVM,132,134,129,139,136
AVM,133,133,134,136,137
AVM,134,130,133,137,138
AVM,135,129,130,138,139
AVM,136,139,138,141,140
AVM,137,138,137,142,141
AVM,138,137,136,143,142
AVM,139,136,139,140,143
AVM,140,143,140,147,144
AVM,141,142,143,144,145
AVM,142,141,142,145,146
AVM,143,140,141,146,147
AVM,144,147,146,149,148
AVM,145,146,145,150,149
AVM,146,145,144,151,150
AVM,147,144,147,148,151
AVM,148,148,149,150,151
AVM,149,135,132,153,152
AVM,150,128,135,152,155
AVM,151,132,131,154,153
AVM,152,131,128,155,154
AVM,153,154,155,156,157
AVM,154,153,154,157,158
AVM,155,155,152,159,156
AVM,156,152,153,158,159
AVM,157,159,158,161,160
AVM,158,156,159,160,163
AVM,159,158,157,162,161
AVM,160,157,156,163,162
AVM,161,162,163,164,165
AVM,162,161,162,165,166
AVM,163,163,160,167,164
AVM,164,160,161,166,167
AVM,165,165,164,167,166
CANL,0,1,0,2,3
CANL,1,0,7,5,2
CANL,2,3,4,6,1
CANL,3,7,0,1,6
CANL,4,2,5,4,3
CANL,5,5,10,11,4
CANL,6,6,9,8,7
CANL,7,4,11,9,6
CANL,8,7,8,10,5
CANL,9,8,15,13,10
CANL,10,11,12,14,9
CANL,11,9,14,15,8
CANL,12,10,13,12,11
CANL,13,13,18,19,12
CANL,14,14,17,16,15
CANL,15,12,19,17,14
CANL,16,15,16,18,13
CANL,17,16,23,21,18
CANL,18,19,20,22,17
CANL,19,17,22,23,16
CANL,20,18,21,20,19
CANL,21,21,26,27,20
CANL,22,22,25,24,23
CANL,23,20,27,25,22
CANL,24,23,24,26,21
CANL,25,24,31,29,26
CANL,26,27,28,30,25
CANL,27,25,30,31,24
CANL,28,26,29,28,27
CANL,29,29,34,35,28
CANL,30,30,33,32,31
CANL,31,28,35,33,30
CANL,32,31,32,34,29
CANL,33,32,39,37,34
CANL,34,35,36,38,33
CANL,35,33,38,39,32
CANL,36,34,37,36,35
CANL,37,37,42,43,36
CANL,38,38,41,40,39
CANL,39,36,43,41,38
CANL,40,39,40,42,37
CANL,41,40,47,45,42
CANL,42,43,44,46,41
CANL,43,41,46,47,40
CANL,44,42,45,44,43
CANL,45,45,50,51,44
CANL,46,46,49,48,47
CANL,47,44,51,49,46
CANL,48,47,48,50,45
CANL,49,48,55,53,50
CANL,50,51,52,54,49
CANL,51,49,54,55,48
CANL,52,50,53,52,51
CANL,53,53,58,59,52
CANL,54,54,57,56,55
CANL,55,52,59,57,54
CANL,56,55,56,58,53
CANL,57,56,63,61,58
CANL,58,59,60,62,57
CANL,59,57,62,63,56
CANL,60,58,61,60,59
CANL,61,61,140,143,60
CANL,62,62,139,136,63
CANL,63,60,143,139,62
CANL,64,63,136,140,61
CANL,65,64,65,67,66
CANL,66,66,69,71,64
CANL,67,65,70,68,67
CANL,68,64,71,70,65
CANL,69,67,68,69,66
CANL,70,68,75,74,69
CANL,71,71,72,73,70
CANL,72,70,73,75,68
CANL,73,69,74,72,71
CANL,74,74,77,79,72
CANL,75,73,78,76,75
CANL,76,72,79,78,73
CANL,77,75,76,77,74
CANL,78,76,83,82,77
CANL,79,79,80,81,78
CANL,80,78,81,83,76
CANL,81,77,82,80,79
CANL,82,82,85,87,80
CANL,83,81,86,84,83
CANL,84,80,87,86,81
CANL,85,83,84,85,82
CANL,86,84,91,90,85
CANL,87,87,88,89,86
CANL,88,86,89,91,84
CANL,89,85,90,88,87
CANL,90,90,93,95,88
CANL,91,89,94,92,91
CANL,92,88,95,94,89
CANL,93,91,92,93,90
CANL,94,92,99,98,93
CANL,95,95,96,97,94
CANL,96,94,97,99,92
CANL,97,93,98,96,95
CANL,98,98,101,103,96
CANL,99,97,102,100,99
CANL,100,96,103,102,97
CANL,101,99,100,101,98
CANL,102,100,107,106,101
CANL,103,103,104,105,102
CANL,104,102,105,107,100
CANL,105,101,106,104,103
CANL,106,106,109,111,104
CANL,107,105,110,108,107
CANL,108,104,111,110,105
CANL,109,107,108,109,106
CANL,110,108,115,114,109
CANL,111,111,112,113,110
CANL,112,110,113,115,108
CANL,113,109,114,112,111
CANL,114,114,117,119,112
CANL,115,113,118,116,115
CANL,116,112,119,118,113
CANL,117,115,116,117,114
CANL,118,116,123,122,117
CANL,119,119,120,121,118
CANL,120,118,121,123,116
CANL,121,117,122,120,119
CANL,122,122,125,127,120
CANL,123,121,126,124,123
CANL,124,120,127,126,121
CANL,125,123,124,125,122
CANL,126,124,131,130,125
CANL,127,127,128,129,126
CANL,128,126,129,131,124
CANL,129,125,130,128,127
CANL,130,130,133,135,128
CANL,131,129,134,132,131
CANL,132,128,135,134,129
CANL,133,131,132,133,130
CANL,134,132,142,141,133
CANL,135,135,137,138,134
CANL,136,134,138,142,132
CANL,137,133,141,137,135
CANL,138,136,137,141,140
CANL,139,138,139,143,142
CANL,140,137,136,139,138
CANL,141,141,142,143,140
CANR,0,0,1,2,3
CANR,1,4,7,6,5
CANR,2,0,4,5,1
CANR,3,2,6,7,3
CANR,4,6,2,10,8
CANR,5,1,5,9,11
CANR,6,5,6,8,9
CANR,7,2,1,11,10
CANR,8,10,11,12,13
CANR,9,9,8,15,14
CANR,10,11,9,14,12
CANR,11,8,10,13,15
CANR,12,15,13,18,16
CANR,13,12,14,17,19
CANR,14,14,15,16,17
CANR,15,13,12,19,18
CANR,16,18,19,20,21
CANR,17,17,16,23,22
CANR,18,19,17,22,20
CANR,19,16,18,21,23
CANR,20,23,21,26,24
CANR,21,20,22,25,27
CANR,22,22,23,24,25
CANR,23,21,20,27,26
CANR,24,26,27,28,29
CANR,25,25,24,31,30
CANR,26,27,25,30,28
CANR,27,24,26,29,31
CANR,28,31,29,34,32
CANR,29,28,30,33,35
CANR,30,30,31,32,33
CANR,31,29,28,35,34
CANR,32,34,35,36,37
CANR,33,33,32,39,38
CANR,34,35,33,38,36
CANR,35,32,34,37,39
CANR,36,39,37,42,40
CANR,37,36,38,41,43
CANR,38,38,39,40,41
CANR,39,37,36,43,42
CANR,40,42,43,44,45
CANR,41,41,40,47,46
CANR,42,43,41,46,44
CANR,43,40,42,45,47
CANR,44,47,45,50,48
CANR,45,44,46,49,51
CANR,46,46,47,48,49
CANR,47,45,44,51,50
CANR,48,50,51,52,53
CANR,49,49,48,55,54
CANR,50,51,49,54,52
CANR,51,48,50,53,55
CANR,52,55,53,58,56
CANR,53,52,54,57,59
CANR,54,54,55,56,57
CANR,55,53,52,59,58
CANR,56,58,59,60,61
CANR,57,57,56,63,62
CANR,58,59,57,62,60
CANR,59,56,58,61,63
CANR,60,63,61,66,64
CANR,61,60,62,65,67
CANR,62,62,63,64,65
CANR,63,61,60,67,66
CANR,64,66,67,68,69
CANR,65,65,64,71,70
CANR,66,67,65,70,68
CANR,67,64,66,69,71
CANR,68,71,69,74,72
CANR,69,68,70,73,75
CANR,70,70,71,72,73
CANR,71,69,68,75,74
CANR,72,74,75,76,77
CANR,73,73,72,79,78
CANR,74,75,73,78,76
CANR,75,72,74,77,79
CANR,76,76,78,79,77
CANR,77,3,7,80,82
CANR,78,4,0,83,81
CANR,79,7,4,81,80
CANR,80,0,3,82,83
CANR,81,83,82,85,84
CANR,82,80,81,86,87
CANR,83,81,83,84,86
CANR,84,82,80,87,85
CANR,85,85,87,88,90
CANR,86,86,84,91,89
CANR,87,87,86,89,88
CANR,88,84,85,90,91
CANR,89,91,90,93,92
CANR,90,88,89,94,95
CANR,91,89,91,92,94
CANR,92,90,88,95,93
CANR,93,93,95,96,98
CANR,94,94,92,99,97
CANR,95,95,94,97,96
CANR,96,92,93,98,99
CANR,97,99,98,101,100
CANR,98,96,97,102,103
CANR,99,97,99,100,102
CANR,100,98,96,103,101
CANR,101,101,103,104,106
CANR,102,102,100,107,105
CANR,103,103,102,105,104
CANR,104,100,101,106,107
CANR,105,107,106,109,108
CANR,106,104,105,110,111
CANR,107,105,107,108,110
CANR,108,106,104,111,109
CANR,109,109,111,112,114
CANR,110,110,108,115,113
CANR,111,111,110,113,112
CANR,112,108,109,114,115
CANR,113,115,114,117,116
CANR,114,112,113,118,119
CANR,115,113,115,116,118
CANR,116,114,112,119,117
CANR,117,117,119,120,122
CANR,118,118,116,123,121
CANR,119,119,118,121,120
CANR,120,116,117,122,123
CANR,121,123,122,125,124
CANR,122,120,121,126,127
CANR,123,121,123,124,126
CANR,124,122,120,127,125
CANR,125,125,127,128,130
CANR,126,126,124,131,129
CANR,127,127,126,129,128
CANR,128,124,125,130,131
CANR,129,131,130,133,132
CANR,130,128,129,134,135
CANR,131,129,131,132,134
CANR,132,130,128,135,133
CANR,133,133,135,136,138
CANR,134,134,132,139,137
CANR,135,135,134,137,136
CANR,136,132,133,138,139
CANR,137,139,138,141,140
CANR,138,136,137,142,143
CANR,139,137,139,140,142
CANR,140,138,136,143,141
CANR,141,142,140,141,143
CEPDL,0,2,5,4,3
CEPDL,1,7,0,3,4
CEPDL,2,0,7,6,1
CEPDL,3,1,6,5,2
CEPDL,4,3,8,9,2
CEPDL,5,0,11,8,3
CEPDL,6,11,0,1,10
CEPDL,7,2,9,10,1
CEPDL,8,9,14,13,10
CEPDL,9,10,13,12,11
CEPDL,10,11,12,15,8
CEPDL,11,8,15,14,9
CEPDL,12,15,16,17,14
CEPDL,13,12,19,16,15
CEPDL,14,13,18,19,12
CEPDL,15,14,17,18,13
CEPDL,16,17,22,21,18
CEPDL,17,18,21,20,19
CEPDL,18,19,20,23,16
CEPDL,19,16,23,22,17
CEPDL,20,23,24,25,22
CEPDL,21,20,27,24,23
CEPDL,22,21,26,27,20
CEPDL,23,22,25,26,21
CEPDL,24,25,30,29,26
CEPDL,25,26,29,28,27
CEPDL,26,27,28,31,24
CEPDL,27,24,31,30,25
CEPDL,28,28,29,30,31
CEPDL,29,37,38,39,36
CEPDL,30,34,41,40,35
CEPDL,31,36,39,41,34
CEPDL,32,35,40,38,37
CEPDL,33,5,43,42,4
CEPDL,34,4,42,44,7
CEPDL,35,7,44,45,6
CEPDL,36,6,45,43,5
CEPDL,37,43,47,46,42
CEPDL,38,42,46,48,44
CEPDL,39,44,48,49,45
CEPDL,40,45,49,47,43
CEPDL,41,47,50,51,46
CEPDL,42,46,51,52,48
CEPDL,43,48,52,53,49
CEPDL,44,49,53,50,47
CEPDL,45,50,54,127,51
CEPDL,46,51,127,55,52
CEPDL,47,52,55,56,53
CEPDL,48,53,56,54,50
CEPDL,49,59,60,57,58
CEPDL,50,61,64,63,62
CEPDL,51,57,61,62,58
CEPDL,52,60,64,61,57
CEPDL,53,63,59,67,65
CEPDL,54,58,62,66,68
CEPDL,55,62,63,65,66
CEPDL,56,59,58,68,67
CEPDL,57,67,68,69,70
CEPDL,58,66,65,72,71
CEPDL,59,68,66,71,69
CEPDL,60,65,67,70,72
CEPDL,61,70,69,32,33
CEPDL,62,71,72,73,74
CEPDL,63,69,71,74,32
CEPDL,64,72,70,33,73
CEPDL,65,38,75,76,39
CEPDL,66,41,78,77,40
CEPDL,67,39,76,78,41
CEPDL,68,40,77,75,38
CEPDL,69,75,80,79,76
CEPDL,70,78,81,82,77
CEPDL,71,76,79,81,78
CEPDL,72,77,82,80,75
CEPDL,73,80,84,83,79
CEPDL,74,81,86,85,82
CEPDL,75,79,83,86,81
CEPDL,76,82,85,84,80
CEPDL,77,89,92,93,88
CEPDL,78,87,94,91,90
CEPDL,79,90,91,92,89
CEPDL,80,88,93,94,87
CEPDL,81,94,93,92,91
CEPDL,82,83,84,96,95
CEPDL,83,95,96,88,87
CEPDL,84,85,86,98,97
CEPDL,85,97,98,90,89
CEPDL,86,86,83,95,98
CEPDL,87,98,95,87,90
CEPDL,88,84,85,97,96
CEPDL,89,96,97,89,88
CEPDL,90,32,74,102,99
CEPDL,91,73,33,100,101
CEPDL,92,74,73,101,102
CEPDL,93,33,32,99,100
CEPDL,94,99,102,106,103
CEPDL,95,103,106,35,37
CEPDL,96,105,104,36,34
CEPDL,97,102,101,105,106
CEPDL,98,106,105,34,35
CEPDL,99,100,99,103,104
CEPDL,100,104,103,37,36
CEPDL,101,105,107,108,104
CEPDL,102,101,109,107,105
CEPDL,103,104,108,110,100
CEPDL,104,100,110,109,101
CEPDL,105,110,111,112,109
CEPDL,106,108,113,111,110
CEPDL,107,109,112,114,107
CEPDL,108,107,114,113,108
CEPDL,109,114,115,116,113
CEPDL,110,112,117,115,114
CEPDL,111,113,116,118,111
CEPDL,112,111,118,117,112
CEPDL,113,117,118,116,115
CEPDL,114,64,60,121,119
CEPDL,115,59,63,120,122
CEPDL,116,63,64,119,120
CEPDL,117,60,59,122,121
CEPDL,118,121,122,123,124
CEPDL,119,120,119,126,125
CEPDL,120,122,120,125,123
CEPDL,121,119,121,124,126
CEPDL,122,124,123,127,54
CEPDL,123,125,126,56,55
CEPDL,124,123,125,55,127
CEPDL,125,126,124,54,56
CEPDR,0,73,3,1,71
CEPDR,1,4,0,72,2
CEPDR,2,71,1,2,72
CEPDR,3,0,4,3,73
CEPDR,4,3,6,8,1
CEPDR,5,2,7,5,4
CEPDR,6,1,8,7,2
CEPDR,7,4,5,6,3
CEPDR,8,5,68,67,6
CEPDR,9,8,63,64,7
CEPDR,10,7,64,68,5
CEPDR,11,6,67,63,8
CEPDR,12,11,9,10,12
CEPDR,13,10,9,16,15
CEPDR,14,9,11,14,16
CEPDR,15,12,10,15,13
CEPDR,16,11,12,13,14
CEPDR,17,14,13,20,19
CEPDR,18,13,15,18,20
CEPDR,19,16,14,19,17
CEPDR,20,15,16,17,18
CEPDR,21,18,17,27,26
CEPDR,22,17,19,23,27
CEPDR,23,20,18,26,22
CEPDR,24,19,20,22,23
CEPDR,25,90,24,23,91
CEPDR,26,24,28,27,23
CEPDR,27,93,22,21,92
CEPDR,28,22,26,25,21
CEPDR,29,91,23,22,93
CEPDR,30,92,21,24,90
CEPDR,31,21,25,28,24
CEPDR,32,28,95,94,27
CEPDR,33,26,54,53,25
CEPDR,34,27,94,54,26
CEPDR,35,25,53,95,28
CEPDR,36,38,30,31,39
CEPDR,37,30,42,43,31
CEPDR,38,40,32,29,37
CEPDR,39,32,44,41,29
CEPDR,40,37,29,30,38
CEPDR,41,29,41,42,30
CEPDR,42,39,31,32,40
CEPDR,43,31,43,44,32
CEPDR,44,35,34,33,36
CEPDR,45,33,34,39,40
CEPDR,46,35,36,37,38
CEPDR,47,36,33,40,37
CEPDR,48,34,35,38,39
CEPDR,49,43,42,45,47
CEPDR,50,41,44,48,46
CEPDR,51,42,41,46,45
CEPDR,52,44,43,47,48
CEPDR,53,47,45,50,52
CEPDR,54,46,48,51,49
CEPDR,55,45,46,49,50
CEPDR,56,48,47,52,51
CEPDR,57,52,50,87,89
CEPDR,58,49,51,88,86
CEPDR,59,50,49,86,87
CEPDR,60,51,52,89,88
CEPDR,61,94,57,55,54
CEPDR,62,53,56,58,95
CEPDR,63,54,55,56,53
CEPDR,64,95,58,57,94
CEPDR,65,57,60,62,55
CEPDR,66,56,61,59,58
CEPDR,67,55,62,61,56
CEPDR,68,58,59,60,57
CEPDR,69,59,69,68,60
CEPDR,70,62,64,65,61
CEPDR,71,61,65,69,59
CEPDR,72,60,68,64,62
CEPDR,73,66,63,67,70
CEPDR,74,65,66,70,69
CEPDR,75,64,63,66,65
CEPDR,76,70,67,68,69
CEPDR,77,73,71,74,77
CEPDR,78,71,72,75,74
CEPDR,79,72,0,76,75
CEPDR,80,0,73,77,76
CEPDR,81,77,74,78,80
CEPDR,82,74,75,79,78
CEPDR,83,75,76,81,79
CEPDR,84,76,77,80,81
CEPDR,85,80,78,82,84
CEPDR,86,78,79,83,82
CEPDR,87,79,81,85,83
CEPDR,88,81,80,84,85
CEPDR,89,84,82,121,122
CEPDR,90,82,83,120,121
CEPDR,91,83,85,123,120
CEPDR,92,85,84,122,123
CEPDR,93,89,87,92,90
CEPDR,94,86,88,91,93
CEPDR,95,87,86,93,92
CEPDR,96,88,89,90,91
CEPDR,97,97,98,99,96
CEPDR,98,97,96,103,102
CEPDR,99,96,99,100,103
CEPDR,100,99,98,101,100
CEPDR,101,98,97,102,101
CEPDR,102,101,102,105,106
CEPDR,103,100,101,106,107
CEPDR,104,103,100,107,104
CEPDR,105,102,103,104,105
CEPDR,106,105,104,111,110
CEPDR,107,104,107,108,111
CEPDR,108,107,106,109,108
CEPDR,109,106,105,110,109
CEPDR,110,109,110,113,114
CEPDR,111,108,109,114,115
CEPDR,112,111,108,115,112
CEPDR,113,110,111,112,113
CEPDR,114,113,112,119,118
CEPDR,115,112,115,116,119
CEPDR,116,115,114,117,116
CEPDR,117,114,113,118,117
CEPDR,118,117,118,125,126
CEPDR,119,126,127,116,117
CEPDR,120,119,116,127,124
CEPDR,121,118,119,124,125
CEPDR,122,122,121,126,125
CEPDR,123,121,120,127,126
CEPDR,124,124,127,120,123
CEPDR,125,123,122,125,124
CEPVL,0,2,115,3,4
CEPVL,1,115,0,6,3
CEPVL,2,0,1,5,6
CEPVL,3,1,2,4,5
CEPVL,4,5,4,9,8
CEPVL,5,6,5,8,7
CEPVL,6,3,6,7,10
CEPVL,7,4,3,10,9
CEPVL,8,9,10,11,12
CEPVL,9,10,7,14,11
CEPVL,10,7,8,13,14
CEPVL,11,8,9,12,13
CEPVL,12,13,12,17,16
CEPVL,13,14,13,16,15
CEPVL,14,11,14,15,18
CEPVL,15,12,11,18,17
CEPVL,16,17,18,19,20
CEPVL,17,18,15,22,19
CEPVL,18,15,16,21,22
CEPVL,19,16,17,20,21
CEPVL,20,21,20,25,24
CEPVL,21,22,21,24,23
CEPVL,22,19,22,23,26
CEPVL,23,20,19,26,25
CEPVL,24,25,26,27,28
CEPVL,25,26,23,30,27
CEPVL,26,23,24,29,30
CEPVL,27,24,25,28,29
CEPVL,28,29,28,33,32
CEPVL,29,30,29,32,31
CEPVL,30,27,30,31,34
CEPVL,31,28,27,34,33
CEPVL,32,33,34,31,32
CEPVL,33,45,48,50,43
CEPVL,34,44,49,47,46
CEPVL,35,46,47,48,45
CEPVL,36,43,50,49,44
CEPVL,37,41,42,52,51
CEPVL,38,40,39,54,53
CEPVL,39,39,41,51,54
CEPVL,40,42,40,53,52
CEPVL,41,51,52,56,55
CEPVL,42,55,56,43,44
CEPVL,43,53,54,58,57
CEPVL,44,57,58,46,45
CEPVL,45,58,55,44,46
CEPVL,46,52,53,57,56
CEPVL,47,56,57,45,43
CEPVL,48,58,59,60,55
CEPVL,49,54,61,59,58
CEPVL,50,55,60,62,51
CEPVL,51,51,62,61,54
CEPVL,52,62,63,64,61
CEPVL,53,60,65,63,62
CEPVL,54,61,64,66,59
CEPVL,55,59,66,65,60
CEPVL,56,66,67,68,65
CEPVL,57,64,69,67,66
CEPVL,58,65,68,70,63
CEPVL,59,63,70,69,64
CEPVL,60,70,71,72,69
CEPVL,61,68,73,71,70
CEPVL,62,69,72,74,67
CEPVL,63,67,74,73,68
CEPVL,64,35,36,38,37
CEPVL,65,74,75,76,73
CEPVL,66,72,77,75,74
CEPVL,67,73,76,78,71
CEPVL,68,71,78,77,72
CEPVL,69,77,78,76,75
CEPVL,70,35,37,80,79
CEPVL,71,79,80,40,42
CEPVL,72,38,36,82,81
CEPVL,73,81,82,41,39
CEPVL,74,37,38,81,80
CEPVL,75,80,81,39,40
CEPVL,76,36,35,79,82
CEPVL,77,82,79,42,41
CEPVL,78,48,83,84,50
CEPVL,79,49,86,85,47
CEPVL,80,47,85,83,48
CEPVL,81,50,84,86,49
CEPVL,82,83,105,87,84
CEPVL,83,86,88,106,85
CEPVL,84,85,106,105,83
CEPVL,85,84,87,88,86
CEPVL,86,91,92,89,90
CEPVL,87,93,96,95,94
CEPVL,88,90,94,95,91
CEPVL,89,92,96,93,89
CEPVL,90,89,93,98,100
CEPVL,91,94,90,99,97
CEPVL,92,93,94,97,98
CEPVL,93,90,89,100,99
CEPVL,94,99,100,101,102
CEPVL,95,98,97,104,103
CEPVL,96,97,99,102,104
CEPVL,97,100,98,103,101
CEPVL,98,102,101,87,105
CEPVL,99,103,104,106,88
CEPVL,100,104,102,105,106
CEPVL,101,101,103,88,87
CEPVL,102,96,92,109,107
CEPVL,103,91,95,108,110
CEPVL,104,95,96,107,108
CEPVL,105,92,91,110,109
CEPVL,106,109,110,111,112
CEPVL,107,108,107,114,113
CEPVL,108,110,108,113,111
CEPVL,109,107,109,112,114
CEPVL,110,112,111,115,2
CEPVL,111,1,0,113,114
CEPVL,112,0,115,111,113
CEPVL,113,114,112,2,1
CEPVR,0,113,3,1,114
CEPVR,1,4,0,115,2
CEPVR,2,2,115,114,1
CEPVR,3,0,4,3,113
CEPVR,4,3,6,8,1
CEPVR,5,2,7,5,4
CEPVR,6,1,8,7,2
CEPVR,7,4,5,6,3
CEPVR,8,5,24,23,6
CEPVR,9,8,19,20,7
CEPVR,10,7,20,24,5
CEPVR,11,6,23,19,8
CEPVR,12,27,12,14,28
CEPVR,13,10,13,11,9
CEPVR,14,9,11,12,27
CEPVR,15,28,14,13,10
CEPVR,16,12,17,15,14
CEPVR,17,13,16,18,11
CEPVR,18,11,18,17,12
CEPVR,19,14,15,16,13
CEPVR,20,15,26,25,16
CEPVR,21,18,21,22,17
CEPVR,22,16,25,21,18
CEPVR,23,17,22,26,15
CEPVR,24,22,19,23,26
CEPVR,25,20,21,25,24
CEPVR,26,20,19,22,21
CEPVR,27,26,23,24,25
CEPVR,28,27,28,31,29
CEPVR,29,10,9,30,32
CEPVR,30,9,27,29,30
CEPVR,31,28,10,32,31
CEPVR,32,29,31,65,66
CEPVR,33,32,30,68,67
CEPVR,34,30,29,66,68
CEPVR,35,31,32,67,65
CEPVR,36,73,36,33,74
CEPVR,37,36,80,79,33
CEPVR,38,76,34,35,75
CEPVR,39,34,77,78,35
CEPVR,40,74,33,34,76
CEPVR,41,33,79,77,34
CEPVR,42,75,35,36,73
CEPVR,43,35,78,80,36
CEPVR,44,39,37,38,40
CEPVR,45,38,37,44,43
CEPVR,46,37,39,42,44
CEPVR,47,40,38,43,41
CEPVR,48,39,40,41,42
CEPVR,49,77,79,80,78
CEPVR,50,42,41,48,47
CEPVR,51,41,43,46,48
CEPVR,52,44,42,47,45
CEPVR,53,43,44,45,46
CEPVR,54,46,45,52,51
CEPVR,55,45,47,50,52
CEPVR,56,48,46,51,49
CEPVR,57,47,48,49,50
CEPVR,58,50,49,56,55
CEPVR,59,49,51,54,56
CEPVR,60,52,50,55,53
CEPVR,61,51,52,53,54
CEPVR,62,54,53,64,61
CEPVR,63,53,55,60,64
CEPVR,64,56,54,61,57
CEPVR,65,55,56,57,60
CEPVR,66,70,58,59,72
CEPVR,67,58,62,63,59
CEPVR,68,71,60,57,69
CEPVR,69,69,57,58,70
CEPVR,70,57,61,62,58
CEPVR,71,72,59,60,71
CEPVR,72,59,63,64,60
CEPVR,73,62,75,73,63
CEPVR,74,64,74,76,61
CEPVR,75,61,76,75,62
CEPVR,76,63,73,74,64
CEPVR,77,66,65,72,71
CEPVR,78,67,68,69,70
CEPVR,79,68,66,71,69
CEPVR,80,65,67,70,72
CEPVR,81,84,81,82,83
CEPVR,82,81,88,87,82
CEPVR,83,84,85,88,81
CEPVR,84,83,86,85,84
CEPVR,85,82,87,86,83
CEPVR,86,87,90,91,86
CEPVR,87,86,91,92,85
CEPVR,88,85,92,89,88
CEPVR,89,88,89,90,87
CEPVR,90,89,96,95,90
CEPVR,91,92,93,96,89
CEPVR,92,91,94,93,92
CEPVR,93,90,95,94,91
CEPVR,94,95,98,99,94
CEPVR,95,94,99,100,93
CEPVR,96,93,100,97,96
CEPVR,97,96,97,98,95
CEPVR,98,97,104,103,98
CEPVR,99,100,101,104,97
CEPVR,100,99,102,101,100
CEPVR,101,98,103,102,99
CEPVR,102,103,106,107,102
CEPVR,103,102,107,108,101
CEPVR,104,101,108,105,104
CEPVR,105,104,105,106,103
CEPVR,106,105,112,111,106
CEPVR,107,108,109,112,105
CEPVR,108,107,110,109,108
CEPVR,109,106,111,110,107
CEPVR,110,111,113,114,110
CEPVR,111,110,114,115,109
CEPVR,112,0,112,109,115
CEPVR,113,112,0,113,111
Cuticle,0,0,367,728,310
Cuticle,1,0,310,729,305
Cuticle,2,0,305,730,367
Cuticle,3,1,305,729,496
Cuticle,4,1,496,731,292
Cuticle,5,1,292,730,305
Cuticle,6,2,292,731,266
Cuticle,7,2,266,732,347
Cuticle,8,2,347,730,292
Cuticle,9,3,347,732,500
Cuticle,10,3,500,728,367
Cuticle,11,3,367,730,347
Cuticle,12,4,306,733,491
Cuticle,13,4,491,734,349
Cuticle,14,4,349,735,306
Cuticle,15,5,349,734,287
Cuticle,16,5,287,736,684
Cuticle,17,5,684,735,349
Cuticle,18,6,684,736,338
Cuticle,19,6,338,737,257
Cuticle,20,6,257,735,684
Cuticle,21,7,257,737,656
Cuticle,22,7,656,733,306
Cuticle,23,7,306,735,257
Cuticle,24,8,297,738,655
Cuticle,25,8,655,739,665
Cuticle,26,8,665,740,393
Cuticle,27,8,393,741,297
Cuticle,28,9,451,742,704
Cuticle,29,9,704,743,326
Cuticle,30,9,326,741,393
Cuticle,31,9,393,740,451
Cuticle,32,10,388,743,704
Cuticle,33,10,704,742,651
Cuticle,34,10,651,744,502
Cuticle,35,10,502,745,388
Cuticle,36,11,514,745,502
Cuticle,37,11,502,744,437
Cuticle,38,11,437,739,655
Cuticle,39,11,655,738,514
Cuticle,40,12,437,744,439
Cuticle,41,12,439,746,709
Cuticle,42,12,709,747,669
Cuticle,43,12,669,739,437
Cuticle,44,13,651,742,413
Cuticle,45,13,413,748,654
Cuticle,46,13,654,746,439
Cuticle,47,13,439,744,651
Cuticle,48,14,451,740,436
Cuticle,49,14,436,749,512
Cuticle,50,14,512,748,413
Cuticle,51,14,413,742,451
Cuticle,52,15,665,739,669
Cuticle,53,15,669,747,471
Cuticle,54,15,471,749,436
Cuticle,55,15,436,740,665
Cuticle,56,16,297,741,414
Cuticle,57,16,414,750,525
Cuticle,58,16,525,751,405
Cuticle,59,16,405,738,297
Cuticle,60,17,326,743,545
Cuticle,61,17,545,752,582
Cuticle,62,17,582,750,414
Cuticle,63,17,414,741,326
Cuticle,64,18,577,752,545
Cuticle,65,18,545,743,388
Cuticle,66,18,388,745,523
Cuticle,67,18,523,753,577
Cuticle,68,19,514,738,405
Cuticle,69,19,405,751,516
Cuticle,70,19,516,753,523
Cuticle,71,19,523,745,514
Cuticle,72,20,516,751,559
Cuticle,73,20,559,754,589
Cuticle,74,20,589,755,517
Cuticle,75,20,517,753,516
Cuticle,76,21,577,753,517
Cuticle,77,21,517,755,480
Cuticle,78,21,480,756,642
Cuticle,79,21,642,752,577
Cuticle,80,22,582,752,642
Cuticle,81,22,642,756,618
Cuticle,82,22,618,757,664
Cuticle,83,22,664,750,582
Cuticle,84,23,525,750,664
Cuticle,85,23,664,757,487
Cuticle,86,23,487,754,559
Cuticle,87,23,559,751,525
Cuticle,88,24,471,747,389
Cuticle,89,24,389,758,408
Cuticle,90,24,408,759,706
Cuticle,91,24,706,749,471
Cuticle,92,25,512,749,706
Cuticle,93,25,706,759,426
Cuticle,94,25,426,760,694
Cuticle,95,25,694,748,512
Cuticle,96,26,654,748,694
Cuticle,97,26,694,760,301
Cuticle,98,26,301,761,375
Cuticle,99,26,375,746,654
Cuticle,100,27,709,746,375
Cuticle,101,27,375,761,452
Cuticle,102,27,452,758,389
Cuticle,103,27,389,747,709
Cuticle,104,28,452,761,302
Cuticle,105,28,302,762,289
Cuticle,106,28,289,763,578
Cuticle,107,28,578,758,452
Cuticle,108,29,301,760,608
Cuticle,109,29,608,764,476
Cuticle,110,29,476,762,302
Cuticle,111,29,302,761,301
Cuticle,112,30,426,759,622
Cuticle,113,30,622,765,258
Cuticle,114,30,258,764,608
Cuticle,115,30,608,760,426
Cuticle,116,31,408,758,578
Cuticle,117,31,578,763,333
Cuticle,118,31,333,765,622
Cuticle,119,31,622,759,408
Cuticle,120,32,487,757,705
Cuticle,121,32,705,766,479
Cuticle,122,32,479,767,395
Cuticle,123,32,395,754,487
Cuticle,124,33,618,756,538
Cuticle,125,33,538,768,285
Cuticle,126,33,285,766,705
Cuticle,127,33,705,757,618
Cuticle,128,34,480,755,689
Cuticle,129,34,689,769,696
Cuticle,130,34,696,768,538
Cuticle,131,34,538,756,480
Cuticle,132,35,589,754,395
Cuticle,133,35,395,767,254
Cuticle,134,35,254,769,689
Cuticle,135,35,689,755,589
Cuticle,136,36,254,767,679
Cuticle,137,36,679,770,421
Cuticle,138,36,421,771,259
Cuticle,139,36,259,769,254
Cuticle,140,37,696,769,259
Cuticle,141,37,259,771,663
Cuticle,142,37,663,772,398
Cuticle,143,37,398,768,696
Cuticle,144,38,285,768,398
Cuticle,145,38,398,772,626
Cuticle,146,38,626,773,601
Cuticle,147,38,601,766,285
Cuticle,148,39,479,766,601
Cuticle,149,39,601,773,291
Cuticle,150,39,291,770,679
Cuticle,151,39,679,767,479
Cuticle,152,40,333,763,631
Cuticle,153,40,631,774,583
Cuticle,154,40,583,775,288
Cuticle,155,40,288,765,333
Cuticle,156,41,258,765,288
Cuticle,157,41,288,775,715
Cuticle,158,41,715,776,571
Cuticle,159,41,571,764,258
Cuticle,160,42,476,764,571
Cuticle,161,42,571,776,612
Cuticle,162,42,612,777,620
Cuticle,163,42,620,762,476
Cuticle,164,43,289,762,620
Cuticle,165,43,620,777,692
Cuticle,166,43,692,774,631
Cuticle,167,43,631,763,289
Cuticle,168,44,692,777,489
Cuticle,169,44,489,778,585
Cuticle,170,44,585,779,336
Cuticle,171,44,336,774,692
Cuticle,172,45,612,776,308
Cuticle,173,45,308,780,653
Cuticle,174,45,653,778,489
Cuticle,175,45,489,777,612
Cuticle,176,46,715,775,378
Cuticle,177,46,378,781,513
Cuticle,178,46,513,780,308
Cuticle,179,46,308,776,715
Cuticle,180,47,583,774,336
Cuticle,181,47,336,779,572
Cuticle,182,47,572,781,378
Cuticle,183,47,378,775,583
Cuticle,184,48,291,773,423
Cuticle,185,48,423,782,510
Cuticle,186,48,510,783,650
Cuticle,187,48,650,770,291
Cuticle,188,49,626,772,501
Cuticle,189,49,501,784,676
Cuticle,190,49,676,782,423
Cuticle,191,49,423,773,626
Cuticle,192,50,663,771,459
Cuticle,193,50,459,785,443
Cuticle,194,50,443,784,501
Cuticle,195,50,501,772,663
Cuticle,196,51,421,770,650
Cuticle,197,51,650,783,490
Cuticle,198,51,490,785,459
Cuticle,199,51,459,771,421
Cuticle,200,52,490,783,432
Cuticle,201,52,432,786,677
Cuticle,202,52,677,787,499
Cuticle,203,52,499,785,490
Cuticle,204,53,443,785,499
Cuticle,205,53,499,787,563
Cuticle,206,53,563,788,610
Cuticle,207,53,610,784,443
Cuticle,208,54,510,782,399
Cuticle,209,54,399,789,558
Cuticle,210,54,558,786,432
Cuticle,211,54,432,783,510
Cuticle,212,55,572,779,392
Cuticle,213,55,392,790,627
Cuticle,214,55,627,791,549
Cuticle,215,55,549,781,572
Cuticle,216,56,653,780,331
Cuticle,217,56,331,792,284
Cuticle,218,56,284,793,377
Cuticle,219,56,377,778,653
Cuticle,220,57,585,778,377
Cuticle,221,57,377,793,541
Cuticle,222,57,541,790,392
Cuticle,223,57,392,779,585
Cuticle,224,58,541,793,268
Cuticle,225,58,268,794,286
Cuticle,226,58,286,795,472
Cuticle,227,58,472,790,541
Cuticle,228,59,284,792,721
Cuticle,229,59,721,796,344
Cuticle,230,59,344,794,268
Cuticle,231,59,268,793,284
Cuticle,232,60,402,791,621
Cuticle,233,60,621,797,252
Cuticle,234,60,252,796,721
Cuticle,235,60,721,792,402
Cuticle,236,61,627,790,472
Cuticle,237,61,472,795,465
Cuticle,238,61,465,797,621
Cuticle,239,61,621,791,627
Cuticle,240,62,558,789,343
Cuticle,241,62,343,798,345
Cuticle,242,62,345,799,418
Cuticle,243,62,418,786,558
Cuticle,244,63,357,788,537
Cuticle,245,63,537,800,281
Cuticle,246,63,281,798,343
Cuticle,247,63,343,789,357
Cuticle,248,64,563,787,325
Cuticle,249,64,325,801,334
Cuticle,250,64,334,800,537
Cuticle,251,64,537,788,563
Cuticle,252,65,677,786,418
Cuticle,253,65,418,799,250
Cuticle,254,65,250,801,325
Cuticle,255,65,325,787,677
Cuticle,256,66,250,799,316
Cuticle,257,66,316,802,424
Cuticle,258,66,424,803,262
Cuticle,259,66,262,801,250
Cuticle,260,67,334,801,262
Cuticle,261,67,262,803,431
Cuticle,262,67,431,804,636
Cuticle,263,67,636,800,334
Cuticle,264,68,281,800,636
Cuticle,265,68,636,804,628
Cuticle,266,68,628,805,714
Cuticle,267,68,714,798,281
Cuticle,268,69,345,798,714
Cuticle,269,69,714,805,293
Cuticle,270,69,293,802,316
Cuticle,271,69,316,799,345
Cuticle,272,70,465,795,385
Cuticle,273,70,385,806,477
Cuticle,274,70,477,807,280
Cuticle,275,70,280,797,465
Cuticle,276,71,252,797,280
Cuticle,277,71,280,807,593
Cuticle,278,71,593,808,687
Cuticle,279,71,687,796,252
Cuticle,280,72,344,796,687
Cuticle,281,72,687,808,719
Cuticle,282,72,719,809,613
Cuticle,283,72,613,794,344
Cuticle,284,73,286,794,613
Cuticle,285,73,613,809,328
Cuticle,286,73,328,806,385
Cuticle,287,73,385,795,286
Cuticle,288,74,328,809,592
Cuticle,289,74,592,810,469
Cuticle,290,74,469,811,698
Cuticle,291,74,698,806,328
Cuticle,292,75,719,808,299
Cuticle,293,75,299,812,407
Cuticle,294,75,407,810,592
Cuticle,295,75,592,809,719
Cuticle,296,76,593,807,364
Cuticle,297,76,364,813,506
Cuticle,298,76,506,812,299
Cuticle,299,76,299,808,593
Cuticle,300,77,477,806,698
Cuticle,301,77,698,811,686
Cuticle,302,77,686,813,364
Cuticle,303,77,364,807,477
Cuticle,304,78,293,805,652
Cuticle,305,78,652,814,519
Cuticle,306,78,519,815,646
Cuticle,307,78,646,802,293
Cuticle,308,79,628,804,360
Cuticle,309,79,360,816,569
Cuticle,310,79,569,814,652
Cuticle,311,79,652,805,628
Cuticle,312,80,431,803,561
Cuticle,313,80,561,817,560
Cuticle,314,80,560,816,360
Cuticle,315,80,360,804,431
Cuticle,316,81,424,802,646
Cuticle,317,81,646,815,503
Cuticle,318,81,503,817,561
Cuticle,319,81,561,803,424
Cuticle,320,82,503,815,543
Cuticle,321,82,543,818,573
Cuticle,322,82,573,819,508
Cuticle,323,82,508,817,503
Cuticle,324,83,560,817,508
Cuticle,325,83,508,819,710
Cuticle,326,83,710,820,390
Cuticle,327,83,390,816,560
Cuticle,328,84,569,816,390
Cuticle,329,84,390,820,380
Cuticle,330,84,380,821,429
Cuticle,331,84,429,814,569
Cuticle,332,85,519,814,429
Cuticle,333,85,429,821,701
Cuticle,334,85,701,818,543
Cuticle,335,85,543,815,519
Cuticle,336,86,686,811,617
Cuticle,337,86,617,822,647
Cuticle,338,86,647,823,464
Cuticle,339,86,464,813,686
Cuticle,340,87,506,813,464
Cuticle,341,87,464,823,660
Cuticle,342,87,660,824,448
Cuticle,343,87,448,812,506
Cuticle,344,88,407,812,448
Cuticle,345,88,448,824,307
Cuticle,346,88,307,825,605
Cuticle,347,88,605,810,407
Cuticle,348,89,469,810,605
Cuticle,349,89,605,825,685
Cuticle,350,89,685,822,617
Cuticle,351,89,617,811,469
Cuticle,352,90,685,825,294
Cuticle,353,90,294,826,275
Cuticle,354,90,275,827,566
Cuticle,355,90,566,822,685
Cuticle,356,91,307,824,604
Cuticle,357,91,604,828,702
Cuticle,358,91,702,826,294
Cuticle,359,91,294,825,307
Cuticle,360,92,660,823,376
Cuticle,361,92,376,829,251
Cuticle,362,92,251,828,604
Cuticle,363,92,604,824,660
Cuticle,364,93,647,822,566
Cuticle,365,93,566,827,329
Cuticle,366,93,329,829,376
Cuticle,367,93,376,823,647
Cuticle,368,94,701,821,474
Cuticle,369,94,474,830,703
Cuticle,370,94,703,831,645
Cuticle,371,94,645,818,701
Cuticle,372,95,380,820,535
Cuticle,373,95,535,832,279
Cuticle,374,95,279,830,474
Cuticle,375,95,474,821,380
Cuticle,376,96,710,819,458
Cuticle,377,96,458,833,466
Cuticle,378,96,466,832,535
Cuticle,379,96,535,820,710
Cuticle,380,97,573,818,645
Cuticle,381,97,645,831,247
Cuticle,382,97,247,833,458
Cuticle,383,97,458,819,573
Cuticle,384,98,247,831,445
Cuticle,385,98,445,834,597
Cuticle,386,98,597,835,260
Cuticle,387,98,260,833,247
Cuticle,388,99,466,833,260
Cuticle,389,99,260,835,362
Cuticle,390,99,362,836,637
Cuticle,391,99,637,832,466
Cuticle,392,100,279,832,637
Cuticle,393,100,637,836,327
Cuticle,394,100,327,837,598
Cuticle,395,100,598,830,279
Cuticle,396,101,703,830,598
Cuticle,397,101,598,837,718
Cuticle,398,101,718,834,445
Cuticle,399,101,445,831,703
Cuticle,400,102,329,827,386
Cuticle,401,102,386,838,530
Cuticle,402,102,530,839,282
Cuticle,403,102,282,829,329
Cuticle,404,103,251,829,282
Cuticle,405,103,282,839,435
Cuticle,406,103,435,840,564
Cuticle,407,103,564,828,251
Cuticle,408,104,702,828,564
Cuticle,409,104,564,840,550
Cuticle,410,104,550,841,368
Cuticle,411,104,368,826,702
Cuticle,412,105,275,826,368
Cuticle,413,105,368,841,420
Cuticle,414,105,420,838,386
Cuticle,415,105,386,827,275
Cuticle,416,106,420,841,668
Cuticle,417,106,668,842,531
Cuticle,418,106,531,843,290
Cuticle,419,106,290,838,420
Cuticle,420,107,550,840,725
Cuticle,421,107,725,844,350
Cuticle,422,107,350,842,668
Cuticle,423,107,668,841,550
Cuticle,424,108,435,839,554
Cuticle,425,108,554,845,457
Cuticle,426,108,457,844,725
Cuticle,427,108,725,840,435
Cuticle,428,109,530,838,290
Cuticle,429,109,290,843,522
Cuticle,430,109,522,845,554
Cuticle,431,109,554,839,530
Cuticle,432,110,718,837,590
Cuticle,433,110,590,846,483
Cuticle,434,110,483,847,346
Cuticle,435,110,346,834,718
Cuticle,436,111,327,836,670
Cuticle,437,111,670,848,428
Cuticle,438,111,428,846,590
Cuticle,439,111,590,837,327
Cuticle,440,112,362,835,643
Cuticle,441,112,643,849,657
Cuticle,442,112,657,848,670
Cuticle,443,112,670,836,362
Cuticle,444,113,597,834,346
Cuticle,445,113,346,847,460
Cuticle,446,113,460,849,643
Cuticle,447,113,643,835,597
Cuticle,448,114,638,850,430
Cuticle,449,114,430,851,473
Cuticle,450,115,473,851,539
Cuticle,451,115,539,852,339
Cuticle,452,116,606,853,532
Cuticle,453,116,532,850,638
Cuticle,454,117,562,854,355
Cuticle,455,117,355,855,528
Cuticle,456,118,273,856,246
Cuticle,457,118,246,857,551
Cuticle,458,119,551,857,524
Cuticle,459,119,524,854,562
Cuticle,460,120,524,857,724
Cuticle,461,120,724,858,716
Cuticle,462,120,716,859,658
Cuticle,463,120,658,854,524
Cuticle,464,121,246,856,441
Cuticle,465,121,441,860,300
Cuticle,466,121,300,858,724
Cuticle,467,121,724,857,246
Cuticle,468,122,611,855,373
Cuticle,469,122,373,861,248
Cuticle,470,122,248,860,441
Cuticle,471,122,441,856,611
Cuticle,472,123,355,854,658
Cuticle,473,123,658,859,693
Cuticle,474,123,693,861,373
Cuticle,475,123,373,855,355
Cuticle,476,124,532,853,337
Cuticle,477,124,337,862,340
Cuticle,478,124,340,863,644
Cuticle,479,124,644,850,532
Cuticle,480,125,565,852,536
Cuticle,481,125,536,864,274
Cuticle,482,125,274,862,337
Cuticle,483,125,337,853,565
Cuticle,484,126,539,851,322
Cuticle,485,126,322,865,330
Cuticle,486,126,330,864,536
Cuticle,487,126,536,852,539
Cuticle,488,127,430,850,644
Cuticle,489,127,644,863,245
Cuticle,490,127,245,865,322
Cuticle,491,127,322,851,430
Cuticle,492,128,245,863,315
Cuticle,493,128,315,866,648
Cuticle,494,128,648,867,255
Cuticle,495,128,255,865,245
Cuticle,496,129,330,865,255
Cuticle,497,129,255,867,661
Cuticle,498,129,661,868,394
Cuticle,499,129,394,864,330
Cuticle,500,130,274,864,394
Cuticle,501,130,394,868,382
Cuticle,502,130,382,869,484
Cuticle,503,130,484,862,274
Cuticle,504,131,340,862,484
Cuticle,505,131,484,869,283
Cuticle,506,131,283,866,315
Cuticle,507,131,315,863,340
Cuticle,508,132,693,859,629
Cuticle,509,132,629,870,700
Cuticle,510,132,700,871,270
Cuticle,511,132,270,861,693
Cuticle,512,133,248,861,270
Cuticle,513,133,270,871,595
Cuticle,514,133,595,872,454
Cuticle,515,133,454,860,248
Cuticle,516,134,300,860,454
Cuticle,517,134,454,872,498
Cuticle,518,134,498,873,372
Cuticle,519,134,372,858,300
Cuticle,520,135,716,858,372
Cuticle,521,135,372,873,324
Cuticle,522,135,324,870,629
Cuticle,523,135,629,859,716
Cuticle,524,136,324,873,586
Cuticle,525,136,586,874,695
Cuticle,526,136,695,875,463
Cuticle,527,136,463,870,324
Cuticle,528,137,498,872,303
Cuticle,529,137,303,876,639
Cuticle,530,137,639,874,586
Cuticle,531,137,586,873,498
Cuticle,532,138,595,871,607
Cuticle,533,138,607,877,507
Cuticle,534,138,507,876,303
Cuticle,535,138,303,872,595
Cuticle,536,139,700,870,463
Cuticle,537,139,463,875,461
Cuticle,538,139,461,877,607
Cuticle,539,139,607,871,700
Cuticle,540,140,283,869,400
Cuticle,541,140,400,878,521
Cuticle,542,140,521,879,396
Cuticle,543,140,396,866,283
Cuticle,544,141,382,868,353
Cuticle,545,141,353,880,574
Cuticle,546,141,574,878,400
Cuticle,547,141,400,869,382
Cuticle,548,142,661,867,548
Cuticle,549,142,548,881,567
Cuticle,550,142,567,880,353
Cuticle,551,142,353,868,661
Cuticle,552,143,648,866,396
Cuticle,553,143,396,879,505
Cuticle,554,143,505,881,548
Cuticle,555,143,548,867,648
Cuticle,556,144,505,879,547
Cuticle,557,144,547,882,575
Cuticle,558,144,575,883,509
Cuticle,559,144,509,881,505
Cuticle,560,145,567,881,509
Cuticle,561,145,509,883,485
Cuticle,562,145,485,884,632
Cuticle,563,145,632,880,567
Cuticle,564,146,574,880,632
Cuticle,565,146,632,884,624
Cuticle,566,146,624,885,662
Cuticle,567,146,662,878,574
Cuticle,568,147,521,878,662
Cuticle,569,147,662,885,478
Cuticle,570,147,478,882,547
Cuticle,571,147,547,879,521
Cuticle,572,148,461,875,381
Cuticle,573,148,381,886,397
Cuticle,574,148,397,887,697
Cuticle,575,148,697,877,461
Cuticle,576,149,507,877,697
Cuticle,577,149,697,887,415
Cuticle,578,149,415,888,681
Cuticle,579,149,681,876,507
Cuticle,580,150,639,876,681
Cuticle,581,150,681,888,295
Cuticle,582,150,295,889,363
Cuticle,583,150,363,874,639
Cuticle,584,151,695,874,363
Cuticle,585,151,363,889,444
Cuticle,586,151,444,886,381
Cuticle,587,151,381,875,695
Cuticle,588,152,444,889,276
Cuticle,589,152,276,890,263
Cuticle,590,152,263,891,552
Cuticle,591,152,552,886,444
Cuticle,592,153,295,888,581
Cuticle,593,153,581,892,455
Cuticle,594,153,455,890,276
Cuticle,595,153,276,889,295
Cuticle,596,154,415,887,596
Cuticle,597,154,596,893,722
Cuticle,598,154,722,892,581
Cuticle,599,154,581,888,415
Cuticle,600,155,397,886,552
Cuticle,601,155,552,891,314
Cuticle,602,155,314,893,596
Cuticle,603,155,596,887,397
Cuticle,604,156,478,885,699
Cuticle,605,156,699,894,453
Cuticle,606,156,453,895,406
Cuticle,607,156,406,882,478
Cuticle,608,157,624,884,534
Cuticle,609,157,534,896,253
Cuticle,610,157,253,894,699
Cuticle,611,157,699,885,624
Cuticle,612,158,485,883,680
Cuticle,613,158,680,897,674
Cuticle,614,158,674,896,534
Cuticle,615,158,534,884,485
Cuticle,616,159,575,882,406
Cuticle,617,159,406,895,720
Cuticle,618,159,720,897,680
Cuticle,619,159,680,883,575
Cuticle,620,160,720,895,666
Cuticle,621,160,666,898,391
Cuticle,622,160,391,899,727
Cuticle,623,160,727,897,720
Cuticle,624,161,674,897,727
Cuticle,625,161,727,899,640
Cuticle,626,161,640,900,371
Cuticle,627,161,371,896,674
Cuticle,628,162,253,896,371
Cuticle,629,162,371,900,600
Cuticle,630,162,600,901,570
Cuticle,631,162,570,894,253
Cuticle,632,163,453,894,570
Cuticle,633,163,570,901,264
Cuticle,634,163,264,898,666
Cuticle,635,163,666,895,453
Cuticle,636,164,314,891,603
Cuticle,637,164,603,902,553
Cuticle,638,164,553,903,256
Cuticle,639,164,256,893,314
Cuticle,640,165,722,893,256
Cuticle,641,165,256,903,690
Cuticle,642,165,690,904,540
Cuticle,643,165,540,892,722
Cuticle,644,166,455,892,540
Cuticle,645,166,540,904,580
Cuticle,646,166,580,905,591
Cuticle,647,166,591,890,455
Cuticle,648,167,263,890,591
Cuticle,649,167,591,905,671
Cuticle,650,167,671,902,603
Cuticle,651,167,603,891,263
Cuticle,652,168,671,905,462
Cuticle,653,168,462,906,556
Cuticle,654,168,556,907,312
Cuticle,655,168,312,902,671
Cuticle,656,169,580,904,271
Cuticle,657,169,271,908,625
Cuticle,658,169,625,906,462
Cuticle,659,169,462,905,580
Cuticle,660,170,690,903,348
Cuticle,661,170,348,909,493
Cuticle,662,170,493,908,271
Cuticle,663,170,271,904,690
Cuticle,664,171,553,902,312
Cuticle,665,171,312,907,544
Cuticle,666,171,544,909,348
Cuticle,667,171,348,903,553
Cuticle,668,172,264,901,387
Cuticle,669,172,387,910,515
Cuticle,670,172,515,911,616
Cuticle,671,172,616,898,264
Cuticle,672,173,600,900,475
Cuticle,673,173,475,912,678
Cuticle,674,173,678,910,387
Cuticle,675,173,387,901,600
Cuticle,676,174,640,899,440
Cuticle,677,174,440,913,449
Cuticle,678,174,449,912,475
Cuticle,679,174,475,900,640
Cuticle,680,175,391,898,616
Cuticle,681,175,616,911,492
Cuticle,682,175,492,913,440
Cuticle,683,175,440,899,391
Cuticle,684,176,492,911,434
Cuticle,685,176,434,914,688
Cuticle,686,176,688,915,504
Cuticle,687,176,504,913,492
Cuticle,688,177,449,913,504
Cuticle,689,177,504,915,576
Cuticle,690,177,576,916,623
Cuticle,691,177,623,912,449
Cuticle,692,178,515,910,409
Cuticle,693,178,409,917,568
Cuticle,694,178,568,914,434
Cuticle,695,178,434,911,515
Cuticle,696,179,544,907,359
Cuticle,697,179,359,918,634
Cuticle,698,179,634,919,557
Cuticle,699,179,557,909,544
Cuticle,700,180,625,908,311
Cuticle,701,180,311,920,296
Cuticle,702,180,296,921,352
Cuticle,703,180,352,906,625
Cuticle,704,181,556,906,352
Cuticle,705,181,352,921,546
Cuticle,706,181,546,918,359
Cuticle,707,181,359,907,556
Cuticle,708,182,546,921,278
Cuticle,709,182,278,922,265
Cuticle,710,182,265,923,447
Cuticle,711,182,447,918,546
Cuticle,712,183,296,920,707
Cuticle,713,183,707,924,321
Cuticle,714,183,321,922,278
Cuticle,715,183,278,921,296
Cuticle,716,184,419,919,599
Cuticle,717,184,599,925,726
Cuticle,718,184,726,924,707
Cuticle,719,184,707,920,419
Cuticle,720,185,634,918,447
Cuticle,721,185,447,923,446
Cuticle,722,185,446,925,599
Cuticle,723,185,599,919,634
Cuticle,724,186,568,917,318
Cuticle,725,186,318,926,335
Cuticle,726,186,335,927,401
Cuticle,727,186,401,914,568
Cuticle,728,187,365,916,533
Cuticle,729,187,533,928,269
Cuticle,730,187,269,926,318
Cuticle,731,187,318,917,365
Cuticle,732,188,576,915,319
Cuticle,733,188,319,929,323
Cuticle,734,188,323,928,533
Cuticle,735,188,533,916,576
Cuticle,736,189,688,914,401
Cuticle,737,189,401,927,244
Cuticle,738,189,244,929,319
Cuticle,739,189,319,915,688
Cuticle,740,190,244,927,313
Cuticle,741,190,313,930,411
Cuticle,742,190,411,931,249
Cuticle,743,190,249,929,244
Cuticle,744,191,323,929,249
Cuticle,745,191,249,931,427
Cuticle,746,191,427,932,630
Cuticle,747,191,630,928,323
Cuticle,748,192,269,928,630
Cuticle,749,192,630,932,615
Cuticle,750,192,615,933,708
Cuticle,751,192,708,926,269
Cuticle,752,193,335,926,708
Cuticle,753,193,708,933,277
Cuticle,754,193,277,930,313
Cuticle,755,193,313,927,335
Cuticle,756,194,446,923,379
Cuticle,757,194,379,934,468
Cuticle,758,194,468,935,267
Cuticle,759,194,267,925,446
Cuticle,760,195,726,925,267
Cuticle,761,195,267,935,588
Cuticle,762,195,588,936,683
Cuticle,763,195,683,924,726
Cuticle,764,196,321,924,683
Cuticle,765,196,683,936,717
Cuticle,766,196,717,937,609
Cuticle,767,196,609,922,321
Cuticle,768,197,265,922,609
Cuticle,769,197,609,937,320
Cuticle,770,197,320,934,379
Cuticle,771,197,379,923,265
Cuticle,772,198,384,930,277
Cuticle,773,198,277,933,417
Cuticle,774,198,417,938,467
Cuticle,775,198,467,939,384
Cuticle,776,199,417,933,615
Cuticle,777,199,615,932,584
Cuticle,778,199,584,940,404
Cuticle,779,199,404,938,417
Cuticle,780,200,584,932,427
Cuticle,781,200,427,931,309
Cuticle,782,200,309,941,412
Cuticle,783,200,412,940,584
Cuticle,784,201,309,931,411
Cuticle,785,201,411,930,384
Cuticle,786,201,384,939,594
Cuticle,787,201,594,941,309
Cuticle,788,202,450,934,320
Cuticle,789,202,320,937,354
Cuticle,790,202,354,942,433
Cuticle,791,202,433,943,450
Cuticle,792,203,354,937,717
Cuticle,793,203,717,936,526
Cuticle,794,203,526,944,488
Cuticle,795,203,488,942,354
Cuticle,796,204,526,936,588
Cuticle,797,204,588,935,635
Cuticle,798,204,635,945,486
Cuticle,799,204,486,944,526
Cuticle,800,205,635,935,468
Cuticle,801,205,468,934,450
Cuticle,802,205,450,943,403
Cuticle,803,205,403,945,635
Cuticle,804,206,342,729,310
Cuticle,805,206,310,728,482
Cuticle,806,206,482,939,467
Cuticle,807,206,467,938,342
Cuticle,808,207,342,938,404
Cuticle,809,207,404,940,614
Cuticle,810,207,614,731,496
Cuticle,811,207,496,729,342
Cuticle,812,208,614,940,412
Cuticle,813,208,412,941,366
Cuticle,814,208,366,732,266
Cuticle,815,208,266,731,614
Cuticle,816,209,482,728,500
Cuticle,817,209,500,732,366
Cuticle,818,209,366,941,594
Cuticle,819,209,594,939,482
Cuticle,820,210,579,943,433
Cuticle,821,210,433,942,682
Cuticle,822,210,682,734,491
Cuticle,823,210,491,733,579
Cuticle,824,211,682,942,488
Cuticle,825,211,488,944,713
Cuticle,826,211,713,736,287
Cuticle,827,211,287,734,682
Cuticle,828,212,713,944,486
Cuticle,829,212,486,945,723
Cuticle,830,212,723,737,338
Cuticle,831,212,338,736,713
Cuticle,832,213,723,945,403
Cuticle,833,213,403,943,579
Cuticle,834,213,579,733,656
Cuticle,835,213,656,737,723
Cuticle,836,214,610,788,456
Cuticle,837,214,456,946,667
Cuticle,838,214,667,947,673
Cuticle,839,214,673,784,610
Cuticle,840,215,332,948,649
Cuticle,841,215,649,949,712
Cuticle,842,215,712,947,298
Cuticle,843,215,298,950,332
Cuticle,844,216,542,951,438
Cuticle,845,216,438,946,456
Cuticle,846,216,456,788,357
Cuticle,847,216,357,789,542
Cuticle,848,217,667,946,356
Cuticle,849,217,356,952,659
Cuticle,850,217,659,950,298
Cuticle,851,217,298,947,667
Cuticle,852,218,649,948,410
Cuticle,853,218,410,953,633
Cuticle,854,218,633,951,672
Cuticle,855,218,672,949,649
Cuticle,856,219,633,953,341
Cuticle,857,219,341,952,356
Cuticle,858,219,356,946,438
Cuticle,859,219,438,951,633
Cuticle,860,220,470,949,672
Cuticle,861,220,672,951,542
Cuticle,862,220,542,789,399
Cuticle,863,220,399,782,470
Cuticle,864,221,673,947,712
Cuticle,865,221,712,949,470
Cuticle,866,221,470,782,676
Cuticle,867,221,676,784,673
Cuticle,868,222,549,791,602
Cuticle,869,222,602,954,527
Cuticle,870,222,527,955,425
Cuticle,871,222,425,781,549
Cuticle,872,223,527,954,691
Cuticle,873,223,691,953,410
Cuticle,874,223,410,948,518
Cuticle,875,223,518,955,527
Cuticle,876,224,402,792,370
Cuticle,877,224,370,956,711
Cuticle,878,224,711,954,602
Cuticle,879,224,602,791,402
Cuticle,880,225,711,956,520
Cuticle,881,225,520,952,341
Cuticle,882,225,341,953,691
Cuticle,883,225,691,954,711
Cuticle,884,226,513,781,425
Cuticle,885,226,425,955,369
Cuticle,886,226,369,957,383
Cuticle,887,226,383,780,513
Cuticle,888,227,369,955,518
Cuticle,889,227,518,948,332
Cuticle,890,227,332,950,495
Cuticle,891,227,495,957,369
Cuticle,892,228,331,780,383
Cuticle,893,228,383,957,261
Cuticle,894,228,261,956,370
Cuticle,895,228,370,792,331
Cuticle,896,229,261,957,495
Cuticle,897,229,495,950,659
Cuticle,898,229,659,952,520
Cuticle,899,229,520,956,261
Cuticle,900,230,358,917,409
Cuticle,901,230,409,910,442
Cuticle,902,230,442,958,497
Cuticle,903,230,497,959,358
Cuticle,904,231,623,916,587
Cuticle,905,231,587,960,511
Cuticle,906,231,511,961,317
Cuticle,907,231,317,912,623
Cuticle,908,232,419,920,272
Cuticle,909,232,272,962,494
Cuticle,910,232,494,963,481
Cuticle,911,232,481,919,419
Cuticle,912,233,678,912,317
Cuticle,913,233,317,961,351
Cuticle,914,233,351,958,442
Cuticle,915,233,442,910,678
Cuticle,916,234,493,909,304
Cuticle,917,234,304,964,416
Cuticle,918,234,416,965,619
Cuticle,919,234,619,908,493
Cuticle,920,235,675,965,416
Cuticle,921,235,416,964,529
Cuticle,922,235,529,958,351
Cuticle,923,235,351,961,675
Cuticle,924,236,481,963,422
Cuticle,925,236,422,964,304
Cuticle,926,236,304,909,557
Cuticle,927,236,557,919,481
Cuticle,928,237,422,963,641
Cuticle,929,237,641,959,497
Cuticle,930,237,497,958,529
Cuticle,931,237,529,964,422
Cuticle,932,238,365,917,358
Cuticle,933,238,358,959,374
Cuticle,934,238,374,960,587
Cuticle,935,238,587,916,365
Cuticle,936,239,619,965,361
Cuticle,937,239,361,962,272
Cuticle,938,239,272,920,311
Cuticle,939,239,311,908,619
Cuticle,940,240,511,960,555
Cuticle,941,240,555,962,361
Cuticle,942,240,361,965,675
Cuticle,943,240,675,961,511
Cuticle,944,241,641,963,494
Cuticle,945,241,494,962,555
Cuticle,946,241,555,960,374
Cuticle,947,241,374,959,641
Cuticle,948,242,339,852,565
Cuticle,949,242,565,853,606
Cuticle,950,243,528,855,611
Cuticle,951,243,611,856,273
Cuticle,952,114,966,973,638
Cuticle,953,966,460,847,973
Cuticle,954,473,971,966,114
Cuticle,955,971,849,460,966
Cuticle,956,115,967,971,473
Cuticle,957,967,657,849,971
Cuticle,958,339,970,967,115
Cuticle,959,970,848,657,967
Cuticle,960,116,968,972,606
Cuticle,961,968,483,846,972
Cuticle,962,638,973,968,116
Cuticle,963,973,847,483,968
Cuticle,964,117,974,981,562
Cuticle,965,974,522,843,981
Cuticle,966,528,979,974,117
Cuticle,967,979,845,522,974
Cuticle,968,118,975,978,273
Cuticle,969,975,350,844,978
Cuticle,970,551,980,975,118
Cuticle,971,980,842,350,975
Cuticle,972,119,976,980,551
Cuticle,973,976,531,842,980
Cuticle,974,562,981,976,119
Cuticle,975,981,843,531,976
Cuticle,976,984,457,845,
Cuticle,977,979,984,845,
Cuticle,978,984,977,457,
Cuticle,979,985,846,428,
Cuticle,980,983,985,428,
Cuticle,981,985,972,846,
Cuticle,982,986,528,243,
Cuticle,983,982,986,243,
Cuticle,984,986,979,528,
Cuticle,985,987,242,606,
Cuticle,986,972,987,606,
Cuticle,987,987,969,242,
Cuticle,988,972,985,987,
Cuticle,989,979,986,984,
Cuticle,990,988,428,848,
Cuticle,991,970,988,848,
Cuticle,992,988,983,428,
Cuticle,993,989,339,242,
Cuticle,994,969,989,242,
Cuticle,995,989,970,339,
Cuticle,996,990,243,273,
Cuticle,997,978,990,273,
Cuticle,998,990,982,243,
Cuticle,999,991,844,457,
Cuticle,1000,977,991,457,
Cuticle,1001,991,978,844,
Cuticle,1002,970,989,988,
Cuticle,1003,978,991,990,
Cuticle,1004,969,982,990,989
Cuticle,1005,969,987,986,982
Cuticle,1006,977,983,988,991
Cuticle,1007,977,984,985,983
Cuticle,1008,985,984,986,987
Cuticle,1009,988,989,990,991
HSNL,0,0,1,2,3
HSNL,1,4,7,6,5
HSNL,2,0,4,5,1
HSNL,3,2,6,7,3
HSNL,4,4,0,3,7
HSNL,5,6,2,10,8
HSNL,6,1,5,9,11
HSNL,7,5,6,8,9
HSNL,8,2,1,11,10
HSNL,9,10,11,12,13
HSNL,10,9,8,15,14
HSNL,11,11,9,14,12
HSNL,12,8,10,13,15
HSNL,13,15,13,18,16
HSNL,14,12,14,17,19
HSNL,15,14,15,16,17
HSNL,16,13,12,19,18
HSNL,17,18,19,20,21
HSNL,18,17,16,23,22
HSNL,19,19,17,22,20
HSNL,20,16,18,21,23
HSNL,21,23,21,26,24
HSNL,22,20,22,25,27
HSNL,23,22,23,24,25
HSNL,24,21,20,27,26
HSNL,25,26,27,28,29
HSNL,26,25,24,31,30
HSNL,27,27,25,30,28
HSNL,28,24,26,29,31
HSNL,29,31,29,34,32
HSNL,30,28,30,33,35
HSNL,31,30,31,32,33
HSNL,32,29,28,35,34
HSNL,33,38,42,46,36
HSNL,34,47,43,38,36
HSNL,35,37,44,40,39
HSNL,36,41,45,37,39
HSNL,37,39,40,42,38
HSNL,38,43,41,39,38
HSNL,39,36,46,44,37
HSNL,40,36,37,45,47
HSNL,41,46,48,50,44
HSNL,42,51,49,47,45
HSNL,43,40,54,52,42
HSNL,44,53,55,41,43
HSNL,45,44,50,54,40
HSNL,46,55,51,45,41
HSNL,47,42,52,48,46
HSNL,48,49,53,43,47
HSNL,49,52,58,62,48
HSNL,50,63,59,53,49
HSNL,51,50,60,56,54
HSNL,52,57,61,51,55
HSNL,53,54,56,58,52
HSNL,54,59,57,55,53
HSNL,55,48,62,60,50
HSNL,56,61,63,49,51
HSNL,57,62,64,66,60
HSNL,58,67,65,63,61
HSNL,59,56,70,68,58
HSNL,60,69,71,57,59
HSNL,61,60,66,70,56
HSNL,62,71,67,61,57
HSNL,63,58,68,64,62
HSNL,64,65,69,59,63
HSNL,65,68,74,78,64
HSNL,66,79,75,69,65
HSNL,67,66,76,72,70
HSNL,68,73,77,67,71
HSNL,69,70,72,74,68
HSNL,70,75,73,71,69
HSNL,71,64,78,76,66
HSNL,72,77,79,65,67
HSNL,73,78,80,82,76
HSNL,74,83,81,79,77
HSNL,75,72,86,84,74
HSNL,76,85,87,73,75
HSNL,77,76,82,86,72
HSNL,78,87,83,77,73
HSNL,79,74,84,80,78
HSNL,80,81,85,75,79
HSNL,81,84,90,94,80
HSNL,82,95,91,85,81
HSNL,83,82,92,88,86
HSNL,84,89,93,83,87
HSNL,85,86,88,90,84
HSNL,86,91,89,87,85
HSNL,87,80,94,92,82
HSNL,88,93,95,81,83
HSNL,89,35,33,96,102
HSNL,90,102,96,97,103
HSNL,91,103,97,107,105
HSNL,92,32,34,100,98
HSNL,93,98,100,101,99
HSNL,94,99,101,104,106
HSNL,95,33,32,98,96
HSNL,96,96,98,99,97
HSNL,97,97,99,106,107
HSNL,98,34,35,102,100
HSNL,99,100,102,103,101
HSNL,100,101,103,105,104
HSNL,101,105,110,111,104
HSNL,102,106,109,108,107
HSNL,103,104,111,109,106
HSNL,104,107,108,110,105
HSNL,105,108,115,113,110
HSNL,106,111,112,114,109
HSNL,107,109,114,115,108
HSNL,108,110,113,112,111
HSNL,109,113,118,119,112
HSNL,110,114,117,116,115
HSNL,111,112,119,117,114
HSNL,112,115,116,118,113
HSNL,113,116,123,121,118
HSNL,114,119,120,122,117
HSNL,115,117,122,123,116
HSNL,116,118,121,120,119
HSNL,117,121,126,127,120
HSNL,118,122,125,124,123
HSNL,119,120,127,125,122
HSNL,120,123,124,126,121
HSNL,121,124,131,129,126
HSNL,122,127,128,130,125
HSNL,123,125,130,131,124
HSNL,124,126,129,128,127
HSNL,125,129,134,135,128
HSNL,126,130,133,132,131
HSNL,127,128,135,133,130
HSNL,128,131,132,134,129
HSNL,129,132,139,137,134
HSNL,130,135,136,138,133
HSNL,131,133,138,139,132
HSNL,132,134,137,136,135
HSNL,133,137,142,143,136
HSNL,134,138,141,140,139
HSNL,135,136,143,141,138
HSNL,136,139,140,142,137
HSNL,137,140,147,145,142
HSNL,138,143,144,146,141
HSNL,139,141,146,147,140
HSNL,140,142,145,144,143
HSNL,141,145,150,151,144
HSNL,142,146,149,148,147
HSNL,143,144,151,149,146
HSNL,144,147,148,150,145
HSNL,145,148,155,153,150
HSNL,146,151,152,154,149
HSNL,147,149,154,155,148
HSNL,148,150,153,152,151
HSNL,149,153,158,159,152
HSNL,150,154,157,156,155
HSNL,151,152,159,157,154
HSNL,152,155,156,158,153
HSNL,153,156,163,161,158
HSNL,154,159,160,162,157
HSNL,155,157,162,163,156
HSNL,156,158,161,160,159
HSNL,157,161,166,167,160
HSNL,158,162,165,164,163
HSNL,159,160,167,165,162
HSNL,160,163,164,166,161
HSNL,161,164,171,169,166
HSNL,162,167,168,170,165
HSNL,163,165,170,171,164
HSNL,164,166,169,168,167
HSNL,165,90,172,173,94
HSNL,166,92,175,174,88
HSNL,167,88,174,172,90
HSNL,168,94,173,175,92
HSNL,169,172,177,176,173
HSNL,170,175,178,179,174
HSNL,171,174,179,177,172
HSNL,172,173,176,178,175
HSNL,173,95,181,180,91
HSNL,174,89,182,183,93
HSNL,175,91,180,182,89
HSNL,176,93,183,181,95
HSNL,177,181,185,184,180
HSNL,178,182,187,186,183
HSNL,179,180,184,187,182
HSNL,180,183,186,185,181
HSNL,181,184,185,186,187
HSNL,182,168,169,179,178
HSNL,183,171,170,176,177
HSNL,184,170,168,178,176
HSNL,185,169,171,177,179
HSNR,0,3,2,5,4
HSNR,1,0,1,6,7
HSNR,2,1,3,4,6
HSNR,3,2,0,7,5
HSNR,4,5,7,8,10
HSNR,5,6,4,11,9
HSNR,6,7,6,9,8
HSNR,7,4,5,10,11
HSNR,8,11,10,13,12
HSNR,9,8,9,14,15
HSNR,10,9,11,12,14
HSNR,11,10,8,15,13
HSNR,12,13,15,16,18
HSNR,13,14,12,19,17
HSNR,14,15,14,17,16
HSNR,15,12,13,18,19
HSNR,16,19,18,21,20
HSNR,17,16,17,22,23
HSNR,18,17,19,20,22
HSNR,19,18,16,23,21
HSNR,20,21,23,24,26
HSNR,21,22,20,27,25
HSNR,22,23,22,25,24
HSNR,23,20,21,26,27
HSNR,24,27,26,29,28
HSNR,25,24,25,30,31
HSNR,26,25,27,28,30
HSNR,27,26,24,31,29
HSNR,28,29,31,32,34
HSNR,29,30,28,35,33
HSNR,30,31,30,33,32
HSNR,31,28,29,34,35
HSNR,32,35,34,37,36
HSNR,33,32,33,38,39
HSNR,34,33,35,36,38
HSNR,35,34,32,39,37
HSNR,36,37,39,40,42
HSNR,37,38,36,43,41
HSNR,38,39,38,41,40
HSNR,39,36,37,42,43
HSNR,40,43,42,45,44
HSNR,41,40,41,46,47
HSNR,42,41,43,44,46
HSNR,43,42,40,47,45
HSNR,44,45,47,48,50
HSNR,45,46,44,51,49
HSNR,46,47,46,49,48
HSNR,47,44,45,50,51
HSNR,48,51,50,53,52
HSNR,49,48,49,54,55
HSNR,50,49,51,52,54
HSNR,51,50,48,55,53
HSNR,52,53,55,56,58
HSNR,53,54,52,59,57
HSNR,54,55,54,57,56
HSNR,55,52,53,58,59
HSNR,56,59,58,61,60
HSNR,57,56,57,62,63
HSNR,58,57,59,60,62
HSNR,59,58,56,63,61
HSNR,60,61,63,64,66
HSNR,61,62,60,67,65
HSNR,62,63,62,65,64
HSNR,63,60,61,66,67
HSNR,64,66,68,71,67
HSNR,65,68,69,72,71
HSNR,66,69,70,73,72
HSNR,67,65,74,77,64
HSNR,68,74,75,78,77
HSNR,69,75,76,79,78
HSNR,70,67,71,74,65
HSNR,71,71,72,75,74
HSNR,72,72,73,76,75
HSNR,73,64,77,68,66
HSNR,74,77,78,69,68
HSNR,75,78,79,70,69
HSNR,76,90,0,2,88
HSNR,77,89,3,1,91
HSNR,78,0,90,91,1
HSNR,79,88,2,3,89
HSNR,80,83,80,81,82
HSNR,81,82,81,84,86
HSNR,82,80,83,87,85
HSNR,83,81,80,85,84
HSNR,84,83,82,86,87
HSNR,85,86,84,98,96
HSNR,86,85,87,100,102
HSNR,87,84,85,102,98
HSNR,88,87,86,96,100
HSNR,89,89,91,94,92
HSNR,90,90,88,93,95
HSNR,91,88,89,92,93
HSNR,92,91,90,95,94
HSNR,93,92,94,97,99
HSNR,94,95,93,103,101
HSNR,95,93,92,99,103
HSNR,96,94,95,101,97
HSNR,97,110,96,98,108
HSNR,98,99,97,111,109
HSNR,99,104,102,100,106
HSNR,100,101,103,105,107
HSNR,101,108,98,102,104
HSNR,102,103,99,109,105
HSNR,103,106,100,96,110
HSNR,104,97,101,107,111
HSNR,105,116,106,110,112
HSNR,106,111,107,117,113
HSNR,107,114,108,104,118
HSNR,108,105,109,115,119
HSNR,109,118,104,106,116
HSNR,110,107,105,119,117
HSNR,111,112,110,108,114
HSNR,112,109,111,113,115
HSNR,113,126,112,114,124
HSNR,114,115,113,127,125
HSNR,115,120,118,116,122
HSNR,116,117,119,121,123
HSNR,117,124,114,118,120
HSNR,118,119,115,125,121
HSNR,119,122,116,112,126
HSNR,120,113,117,123,127
HSNR,121,132,122,126,128
HSNR,122,127,123,133,129
HSNR,123,130,124,120,134
HSNR,124,121,125,131,135
HSNR,125,134,120,122,132
HSNR,126,123,121,135,133
HSNR,127,128,126,124,130
HSNR,128,125,127,129,131
HSNR,129,142,128,130,140
HSNR,130,131,129,143,141
HSNR,131,136,134,132,138
HSNR,132,133,135,137,139
HSNR,133,140,130,134,136
HSNR,134,135,131,141,137
HSNR,135,138,132,128,142
HSNR,136,129,133,139,143
HSNR,137,148,138,142,144
HSNR,138,143,139,149,145
HSNR,139,146,140,136,150
HSNR,140,137,141,147,151
HSNR,141,150,136,138,148
HSNR,142,139,137,151,149
HSNR,143,144,142,140,146
HSNR,144,141,143,145,147
HSNR,145,146,154,155,144
HSNR,146,147,145,155,154
HSNR,147,152,150,148,153
HSNR,148,149,151,152,153
HSNR,149,154,146,150,152
HSNR,150,151,147,154,152
HSNR,151,153,148,144,155
HSNR,152,145,149,153,155
HSNR,153,158,161,163,156
HSNR,154,157,162,160,159
HSNR,155,156,163,162,157
HSNR,156,159,160,161,158
HSNR,157,160,167,166,161
HSNR,158,163,164,165,162
HSNR,159,162,165,167,160
HSNR,160,161,166,164,163
HSNR,161,166,169,171,164
HSNR,162,165,170,168,167
HSNR,163,164,171,170,165
HSNR,164,167,168,169,166
HSNR,165,168,175,174,169
HSNR,166,171,172,173,170
HSNR,167,170,173,175,168
HSNR,168,169,174,172,171
HSNR,169,174,177,179,172
HSNR,170,173,178,176,175
HSNR,171,172,179,178,173
HSNR,172,175,176,177,174
HSNR,173,176,186,185,177
HSNR,174,179,181,182,178
HSNR,175,178,182,186,176
HSNR,176,177,185,181,179
HSNR,177,184,187,183,180
HSNR,178,180,181,185,184
HSNR,179,182,183,187,186
HSNR,180,181,180,183,182
HSNR,181,185,186,187,184
HSNR,182,73,70,159,158
HSNR,183,79,76,156,157
HSNR,184,76,73,158,156
HSNR,185,70,79,157,159
int1DL,0,1,3,7,6
int1DL,1,2,8,7,3
int1DL,2,13,14,17,18
int1DL,3,11,16,17,14
int1DL,4,14,34,31,11
int1DL,5,34,24,21,31
int1DL,6,24,34,33,23
int1DL,7,34,14,13,33
int1DL,8,10,30,35,15
int1DL,9,30,20,25,35
int1DL,10,16,36,37,17
int1DL,11,36,26,27,37
int1DL,12,17,37,38,18
int1DL,13,37,27,28,38
int1DL,14,19,39,32,12
int1DL,15,39,29,22,32
int1DL,16,24,43,41,21
int1DL,17,43,3,1,41
int1DL,18,3,43,42,2
int1DL,19,43,24,23,42
int1DL,20,20,40,45,25
int1DL,21,40,0,5,45
int1DL,22,26,46,47,27
int1DL,23,46,6,7,47
int1DL,24,27,47,48,28
int1DL,25,47,7,8,48
int1DL,26,4,44,49,9
int1DL,27,44,22,29,49
int1DL,28,2,50,51,8
int1DL,29,50,4,9,51
int1DL,30,12,52,53,19
int1DL,31,52,13,18,53
int1DL,32,33,56,54,23
int1DL,33,56,32,22,54
int1DL,34,13,52,56,33
int1DL,35,52,12,32,56
int1DL,36,38,57,53,18
int1DL,37,57,39,19,53
int1DL,38,28,55,57,38
int1DL,39,55,29,39,57
int1DL,40,42,58,50,2
int1DL,41,58,44,4,50
int1DL,42,23,54,58,42
int1DL,43,54,22,44,58
int1DL,44,48,59,55,28
int1DL,45,59,49,29,55
int1DL,46,8,51,59,48
int1DL,47,51,9,49,59
int1DL,48,0,60,61,5
int1DL,49,60,1,6,61
int1DL,50,15,63,62,10
int1DL,51,63,16,11,62
int1DL,52,31,66,62,11
int1DL,53,66,30,10,62
int1DL,54,21,64,66,31
int1DL,55,64,20,30,66
int1DL,56,35,67,63,15
int1DL,57,67,36,16,63
int1DL,58,25,65,67,35
int1DL,59,65,26,36,67
int1DL,60,60,0,40,68
int1DL,61,68,41,1,60
int1DL,62,20,64,68,40
int1DL,63,64,21,41,68
int1DL,64,45,69,65,25
int1DL,65,69,46,26,65
int1DL,66,5,61,69,45
int1DL,67,61,6,46,69
int1DR,0,27,21,22,26
int1DR,1,26,22,23,28
int1DR,2,12,15,18,13
int1DR,3,16,15,12,11
int1DR,4,1,31,32,2
int1DR,5,31,11,12,32
int1DR,6,2,32,33,3
int1DR,7,32,12,13,33
int1DR,8,4,34,39,9
int1DR,9,34,14,19,39
int1DR,10,16,36,35,15
int1DR,11,36,6,5,35
int1DR,12,8,38,35,5
int1DR,13,38,18,15,35
int1DR,14,30,0,7,37
int1DR,15,37,17,10,30
int1DR,16,21,41,42,22
int1DR,17,41,1,2,42
int1DR,18,22,42,43,23
int1DR,19,42,2,3,43
int1DR,20,24,44,49,29
int1DR,21,44,4,9,49
int1DR,22,6,47,46,5
int1DR,23,47,27,26,46
int1DR,24,28,48,46,26
int1DR,25,48,8,5,46
int1DR,26,0,40,45,7
int1DR,27,40,20,25,45
int1DR,28,20,54,55,25
int1DR,29,54,21,27,55
int1DR,30,11,52,53,16
int1DR,31,52,10,17,53
int1DR,32,50,0,30,56
int1DR,33,56,31,1,50
int1DR,34,10,52,56,30
int1DR,35,52,11,31,56
int1DR,36,37,57,53,17
int1DR,37,57,36,16,53
int1DR,38,7,51,57,37
int1DR,39,51,6,36,57
int1DR,40,0,50,58,40
int1DR,41,50,1,41,58
int1DR,42,21,54,58,41
int1DR,43,54,20,40,58
int1DR,44,45,59,51,7
int1DR,45,59,47,6,51
int1DR,46,25,55,59,45
int1DR,47,55,27,47,59
int1DR,48,23,64,65,28
int1DR,49,64,24,29,65
int1DR,50,18,63,62,13
int1DR,51,63,19,14,62
int1DR,52,33,66,60,3
int1DR,53,66,34,4,60
int1DR,54,13,62,66,33
int1DR,55,62,14,34,66
int1DR,56,39,67,61,9
int1DR,57,67,38,8,61
int1DR,58,19,63,67,39
int1DR,59,63,18,38,67
int1DR,60,43,68,64,23
int1DR,61,68,44,24,64
int1DR,62,3,60,68,43
int1DR,63,60,4,44,68
int1DR,64,48,69,61,8
int1DR,65,69,49,9,61
int1DR,66,28,65,69,48
int1DR,67,65,29,49,69
int1VL,0,3,1,6,7
int1VL,1,2,3,7,8
int1VL,2,12,18,17,13
int1VL,3,13,17,16,11
int1VL,4,11,31,33,13
int1VL,5,31,21,23,33
int1VL,6,22,32,33,23
int1VL,7,32,12,13,33
int1VL,8,15,35,30,10
int1VL,9,35,25,20,30
int1VL,10,17,37,36,16
int1VL,11,37,27,26,36
int1VL,12,18,38,37,17
int1VL,13,38,28,27,37
int1VL,14,14,34,39,19
int1VL,15,34,24,29,39
int1VL,16,21,41,43,23
int1VL,17,41,1,3,43
int1VL,18,2,42,43,3
int1VL,19,42,22,23,43
int1VL,20,0,40,45,5
int1VL,21,40,20,25,45
int1VL,22,27,47,46,26
int1VL,23,47,7,6,46
int1VL,24,28,48,47,27
int1VL,25,48,8,7,47
int1VL,26,9,49,44,4
int1VL,27,49,29,24,44
int1VL,28,4,50,51,9
int1VL,29,50,2,8,51
int1VL,30,19,53,52,14
int1VL,31,53,18,12,52
int1VL,32,34,56,54,24
int1VL,33,56,32,22,54
int1VL,34,14,52,56,34
int1VL,35,52,12,32,56
int1VL,36,39,57,53,19
int1VL,37,57,38,18,53
int1VL,38,29,55,57,39
int1VL,39,55,28,38,57
int1VL,40,44,58,50,4
int1VL,41,58,42,2,50
int1VL,42,24,54,58,44
int1VL,43,54,22,42,58
int1VL,44,48,59,51,8
int1VL,45,59,49,9,51
int1VL,46,28,55,59,48
int1VL,47,55,29,49,59
int1VL,48,1,60,61,6
int1VL,49,60,0,5,61
int1VL,50,16,63,62,11
int1VL,51,63,15,10,62
int1VL,52,30,66,62,10
int1VL,53,66,31,11,62
int1VL,54,20,64,66,30
int1VL,55,64,21,31,66
int1VL,56,36,67,63,16
int1VL,57,67,35,15,63
int1VL,58,26,65,67,36
int1VL,59,65,25,35,67
int1VL,60,0,60,68,40
int1VL,61,60,1,41,68
int1VL,62,21,64,68,41
int1VL,63,64,20,40,68
int1VL,64,46,69,65,26
int1VL,65,69,45,25,65
int1VL,66,6,61,69,46
int1VL,67,61,5,45,69
int1VR,0,12,13,17,18
int1VR,1,13,11,16,17
int1VR,2,7,1,3,
int1VR,3,6,1,7,
int1VR,4,2,8,7,3
int1VR,5,21,31,33,23
int1VR,6,31,11,13,33
int1VR,7,12,32,33,13
int1VR,8,32,22,23,33
int1VR,9,25,35,30,20
int1VR,10,35,15,10,30
int1VR,11,27,37,36,26
int1VR,12,37,17,16,36
int1VR,13,28,38,37,27
int1VR,14,38,18,17,37
int1VR,15,19,39,34,14
int1VR,16,39,29,24,34
int1VR,17,1,41,43,3
int1VR,18,41,21,23,43
int1VR,19,22,42,43,23
int1VR,20,42,2,3,43
int1VR,21,40,0,5,45
int1VR,22,45,25,20,40
int1VR,23,7,47,46,6
int1VR,24,47,27,26,46
int1VR,25,8,48,47,7
int1VR,26,48,28,27,47
int1VR,27,4,44,49,9
int1VR,28,44,24,29,49
int1VR,29,14,52,53,19
int1VR,30,52,12,18,53
int1VR,31,9,51,50,4
int1VR,32,51,8,2,50
int1VR,33,34,56,52,14
int1VR,34,56,32,12,52
int1VR,35,24,54,56,34
int1VR,36,54,22,32,56
int1VR,37,38,57,53,18
int1VR,38,57,39,19,53
int1VR,39,28,55,57,38
int1VR,40,55,29,39,57
int1VR,41,44,58,54,24
int1VR,42,58,42,22,54
int1VR,43,4,50,58,44
int1VR,44,50,2,42,58
int1VR,45,48,59,55,28
int1VR,46,59,49,29,55
int1VR,47,8,51,59,48
int1VR,48,51,9,49,59
int1VR,49,11,62,63,16
int1VR,50,62,10,15,63
int1VR,51,0,60,61,5
int1VR,52,60,1,6,61
int1VR,53,31,66,62,11
int1VR,54,66,30,10,62
int1VR,55,21,64,66,31
int1VR,56,64,20,30,66
int1VR,57,36,67,65,26
int1VR,58,67,35,25,65
int1VR,59,16,63,67,36
int1VR,60,63,15,35,67
int1VR,61,60,0,40,68
int1VR,62,68,41,1,60
int1VR,63,20,64,68,40
int1VR,64,64,21,41,68
int1VR,65,46,69,61,6
int1VR,66,69,45,5,61
int1VR,67,26,65,69,46
int1VR,68,65,25,45,69
int2D,0,20,23,22,21
int2D,1,16,17,30,29
int2D,2,26,24,25,27
int2D,3,9,31,11,8
int2D,4,0,28,5,4
int2D,5,14,19,18,15
int2D,6,15,36,37,14
int2D,7,36,17,16,37
int2D,8,19,38,39,18
int2D,9,38,20,21,39
int2D,10,11,35,34,8
int2D,11,35,12,7,34
int2D,12,1,32,33,3
int2D,13,32,0,4,33
int2D,14,23,42,43,22
int2D,15,42,26,27,43
int2D,16,24,45,46,25
int2D,17,45,29,30,46
int2D,18,13,47,41,10
int2D,19,47,31,9,41
int2D,20,6,40,44,2
int2D,21,40,5,28,44
int2D,22,22,50,49,21
int2D,23,50,9,8,49
int2D,24,17,52,55,30
int2D,25,52,11,31,55
int2D,26,10,51,54,13
int2D,27,51,27,25,54
int2D,28,12,53,48,7
int2D,29,53,15,18,48
int2D,30,39,56,48,18
int2D,31,56,34,7,48
int2D,32,21,49,56,39
int2D,33,49,8,34,56
int2D,34,35,57,53,12
int2D,35,57,36,15,53
int2D,36,11,52,57,35
int2D,37,52,17,36,57
int2D,38,43,58,50,22
int2D,39,58,41,9,50
int2D,40,27,51,58,43
int2D,41,51,10,41,58
int2D,42,46,59,54,25
int2D,43,59,47,13,54
int2D,44,30,55,59,46
int2D,45,55,31,47,59
int2D,46,5,65,64,4
int2D,47,65,23,20,64
int2D,48,0,60,67,28
int2D,49,60,16,29,67
int2D,50,2,62,66,6
int2D,51,62,24,26,66
int2D,52,3,63,61,1
int2D,53,63,19,14,61
int2D,54,60,0,32,68
int2D,55,68,37,16,60
int2D,56,1,61,68,32
int2D,57,61,14,37,68
int2D,58,33,69,63,3
int2D,59,69,38,19,63
int2D,60,4,64,69,33
int2D,61,64,20,38,69
int2D,62,42,70,66,26
int2D,63,70,40,6,66
int2D,64,23,65,70,42
int2D,65,65,5,40,70
int2D,66,44,71,62,2
int2D,67,71,45,24,62
int2D,68,28,67,71,44
int2D,69,67,29,45,71
int2V,0,1,0,3,2
int2V,1,10,11,7,6
int2V,2,9,24,25,8
int2V,3,24,2,3,25
int2V,4,15,28,26,12
int2V,5,28,16,14,26
int2V,6,21,27,29,18
int2V,7,27,23,19,29
int2V,8,31,0,1,30
int2V,9,30,5,4,31
int2V,10,7,32,33,6
int2V,11,32,4,5,33
int2V,12,10,35,34,11
int2V,13,35,9,8,34
int2V,14,23,39,38,19
int2V,15,39,22,20,38
int2V,16,16,37,36,14
int2V,17,37,17,13,36
int2V,18,11,41,45,7
int2V,19,41,13,17,45
int2V,20,0,43,40,3
int2V,21,43,15,12,40
int2V,22,26,46,40,12
int2V,23,46,25,3,40
int2V,24,14,42,46,26
int2V,25,42,8,25,46
int2V,26,43,0,31,47
int2V,27,47,28,15,43
int2V,28,4,44,47,31
int2V,29,44,16,28,47
int2V,30,34,48,41,11
int2V,31,48,36,13,41
int2V,32,8,42,48,34
int2V,33,42,14,36,48
int2V,34,37,49,45,17
int2V,35,49,32,7,45
int2V,36,16,44,49,37
int2V,37,44,4,32,49
int2V,38,2,53,50,1
int2V,39,53,21,18,50
int2V,40,6,52,54,10
int2V,41,52,20,22,54
int2V,42,24,56,53,2
int2V,43,56,27,21,53
int2V,44,9,55,56,24
int2V,45,55,23,27,56
int2V,46,29,57,50,18
int2V,47,57,30,1,50
int2V,48,19,51,57,29
int2V,49,51,5,30,57
int2V,50,33,58,52,6
int2V,51,58,38,20,52
int2V,52,5,51,58,33
int2V,53,51,19,38,58
int2V,54,39,59,54,22
int2V,55,59,35,10,54
int2V,56,23,55,59,39
int2V,57,55,9,35,59
int3D,0,2,3,41,40
int3D,1,30,31,3,2
int3D,2,6,7,28,29
int3D,3,36,37,7,6
int3D,4,11,10,32,33
int3D,5,39,38,10,11
int3D,6,28,31,30,29
int3D,7,32,35,34,33
int3D,8,38,39,37,36
int3D,9,21,20,24,25
int3D,10,9,5,22,26
int3D,11,24,20,5,9
int3D,12,34,35,46,47
int3D,13,47,46,42,43
int3D,14,21,25,45,1
int3D,15,1,45,27,23
int3D,16,44,0,15,19
int3D,17,0,44,17,13
int3D,18,13,17,16,12
int3D,19,8,18,14,4
int3D,20,4,12,16,8
int3D,21,42,40,41,43
int3D,22,2,48,52,30
int3D,23,48,0,13,52
int3D,24,0,48,54,15
int3D,25,48,2,40,54
int3D,26,6,49,53,36
int3D,27,49,4,14,53
int3D,28,29,51,49,6
int3D,29,51,12,4,49
int3D,30,8,50,57,18
int3D,31,50,10,38,57
int3D,32,16,55,50,8
int3D,33,55,32,10,50
int3D,34,30,52,51,29
int3D,35,52,13,12,51
int3D,36,17,56,55,16
int3D,37,56,35,32,55
int3D,38,18,57,53,14
int3D,39,57,38,36,53
int3D,40,19,58,59,44
int3D,41,58,42,46,59
int3D,42,44,59,56,17
int3D,43,59,46,35,56
int3D,44,42,58,54,40
int3D,45,58,19,15,54
int3D,46,1,60,64,21
int3D,47,60,3,31,64
int3D,48,23,66,60,1
int3D,49,66,41,3,60
int3D,50,7,61,63,28
int3D,51,61,5,20,63
int3D,52,37,65,61,7
int3D,53,65,22,5,61
int3D,54,11,62,69,39
int3D,55,62,9,26,69
int3D,56,33,67,62,11
int3D,57,67,24,9,62
int3D,58,21,64,63,20
int3D,59,64,31,28,63
int3D,60,34,68,67,33
int3D,61,68,25,24,67
int3D,62,22,65,69,26
int3D,63,65,37,39,69
int3D,64,25,68,71,45
int3D,65,68,34,47,71
int3D,66,45,71,70,27
int3D,67,71,47,43,70
int3D,68,27,70,66,23
int3D,69,70,43,41,66
int3V,0,0,1,8,9
int3V,1,10,9,8,11
int3V,2,14,13,12,15
int3V,3,5,4,32,33
int3V,4,33,32,10,11
int3V,5,7,6,36,37
int3V,6,37,36,14,15
int3V,7,12,13,40,41
int3V,8,41,40,2,3
int3V,9,24,28,43,
int3V,10,1,0,3,2
int3V,11,30,31,27,26
int3V,12,35,39,29,25
int3V,13,30,26,24,43
int3V,14,39,35,27,31
int3V,15,42,20,16,
int3V,16,22,18,19,23
int3V,17,34,17,21,38
int3V,18,16,18,22,42
int3V,19,19,34,38,23
int3V,20,5,6,7,4
int3V,21,26,46,44,24
int3V,22,46,8,1,44
int3V,23,8,46,47,11
int3V,24,46,26,27,47
int3V,25,30,50,51,31
int3V,26,50,13,14,51
int3V,27,11,47,52,33
int3V,28,47,27,35,52
int3V,29,33,52,45,5
int3V,30,52,35,25,45
int3V,31,31,51,53,39
int3V,32,51,14,36,53
int3V,33,39,53,49,29
int3V,34,53,36,6,49
int3V,35,28,48,54,43
int3V,36,48,2,40,54
int3V,37,43,54,50,30
int3V,38,54,40,13,50
int3V,39,24,44,48,28
int3V,40,44,1,2,48
int3V,41,5,45,49,6
int3V,42,45,25,29,49
int3V,43,55,0,9,57
int3V,44,57,18,16,55
int3V,45,18,57,58,19
int3V,46,57,9,10,58
int3V,47,12,61,62,15
int3V,48,61,22,23,62
int3V,49,19,58,63,34
int3V,50,58,10,32,63
int3V,51,34,63,56,17
int3V,52,63,32,4,56
int3V,53,21,60,64,38
int3V,54,60,7,37,64
int3V,55,38,64,62,23
int3V,56,64,37,15,62
int3V,57,3,59,65,41
int3V,58,59,20,42,65
int3V,59,41,65,61,12
int3V,60,65,42,22,61
int3V,61,0,55,59,3
int3V,62,55,16,20,59
int3V,63,7,60,56,4
int3V,64,60,21,17,56
int4D,0,8,7,6,9
int4D,1,11,8,9,10
int4D,2,17,16,12,13
int4D,3,19,16,17,18
int4D,4,34,33,38,39
int4D,5,33,31,37,38
int4D,6,26,28,23,22
int4D,7,28,29,24,23
int4D,8,1,0,2,3
int4D,9,14,15,5,4
int4D,10,40,0,1,41
int4D,11,41,11,10,40
int4D,12,2,42,43,3
int4D,13,42,19,18,43
int4D,14,30,46,47,35
int4D,15,46,34,39,47
int4D,16,29,45,44,24
int4D,17,45,25,20,44
int4D,18,7,48,49,6
int4D,19,48,4,5,49
int4D,20,12,50,51,13
int4D,21,50,15,14,51
int4D,22,36,55,54,32
int4D,23,55,37,31,54
int4D,24,27,53,52,21
int4D,25,53,26,22,52
int4D,26,33,59,57,31
int4D,27,59,17,13,57
int4D,28,17,59,60,18
int4D,29,59,33,34,60
int4D,30,37,63,64,38
int4D,31,63,7,8,64
int4D,32,38,64,65,39
int4D,33,64,8,11,65
int4D,34,3,56,61,1
int4D,35,56,30,35,61
int4D,36,32,58,62,36
int4D,37,58,14,4,62
int4D,38,46,66,60,34
int4D,39,66,43,18,60
int4D,40,30,56,66,46
int4D,41,56,3,43,66
int4D,42,41,67,65,11
int4D,43,67,47,39,65
int4D,44,1,61,67,41
int4D,45,61,35,47,67
int4D,46,54,68,58,32
int4D,47,68,51,14,58
int4D,48,31,57,68,54
int4D,49,57,13,51,68
int4D,50,55,69,63,37
int4D,51,69,48,7,63
int4D,52,36,62,69,55
int4D,53,62,4,48,69
int4D,54,6,72,73,9
int4D,55,72,22,23,73
int4D,56,9,73,74,10
int4D,57,73,23,24,74
int4D,58,16,78,76,12
int4D,59,78,28,26,76
int4D,60,28,78,79,29
int4D,61,78,16,19,79
int4D,62,0,70,75,2
int4D,63,70,20,25,75
int4D,64,21,71,77,27
int4D,65,71,5,15,77
int4D,66,70,0,40,80
int4D,67,80,44,20,70
int4D,68,10,74,80,40
int4D,69,74,24,44,80
int4D,70,45,81,75,25
int4D,71,81,42,2,75
int4D,72,29,79,81,45
int4D,73,79,19,42,81
int4D,74,49,82,72,6
int4D,75,82,52,22,72
int4D,76,5,71,82,49
int4D,77,71,21,52,82
int4D,78,50,83,77,15
int4D,79,83,53,27,77
int4D,80,12,76,83,50
int4D,81,76,26,53,83
int4V,0,21,22,23,20
int4V,1,23,22,27,26
int4V,2,29,30,31,28
int4V,3,30,33,32,31
int4V,4,13,17,16,11
int4V,5,11,16,15,10
int4V,6,5,0,1,6
int4V,7,6,1,2,8
int4V,8,36,39,38,37
int4V,9,25,35,34,24
int4V,10,23,41,40,20
int4V,11,41,11,10,40
int4V,12,11,41,43,13
int4V,13,41,23,26,43
int4V,14,16,46,45,15
int4V,15,46,30,29,45
int4V,16,17,47,46,16
int4V,17,47,33,30,46
int4V,18,36,44,49,39
int4V,19,44,14,19,49
int4V,20,34,48,42,24
int4V,21,48,18,12,42
int4V,22,0,50,51,1
int4V,23,50,28,31,51
int4V,24,32,52,51,31
int4V,25,52,2,1,51
int4V,26,6,56,55,5
int4V,27,56,22,21,55
int4V,28,22,56,58,27
int4V,29,56,6,8,58
int4V,30,9,59,54,4
int4V,31,59,37,38,54
int4V,32,25,57,53,35
int4V,33,57,7,3,53
int4V,34,37,65,64,36
int4V,35,65,21,20,64
int4V,36,39,67,66,38
int4V,37,67,29,28,66
int4V,38,15,63,62,10
int4V,39,63,19,14,62
int4V,40,60,0,5,61
int4V,41,61,9,4,60
int4V,42,40,68,64,20
int4V,43,68,44,36,64
int4V,44,10,62,68,40
int4V,45,62,14,44,68
int4V,46,45,69,63,15
int4V,47,69,49,19,63
int4V,48,29,67,69,45
int4V,49,67,39,49,69
int4V,50,54,70,60,4
int4V,51,0,60,70,50
int4V,52,38,66,70,54
int4V,53,66,28,50,70
int4V,54,59,71,65,37
int4V,55,71,55,21,65
int4V,56,9,61,71,59
int4V,57,61,5,55,71
int4V,58,27,77,76,26
int4V,59,77,25,24,76
int4V,60,33,78,79,32
int4V,61,78,34,35,79
int4V,62,18,75,74,12
int4V,63,75,17,13,74
int4V,64,7,73,72,3
int4V,65,73,8,2,72
int4V,66,43,80,74,13
int4V,67,80,42,12,74
int4V,68,26,76,80,43
int4V,69,76,24,42,80
int4V,70,48,81,75,18
int4V,71,81,47,17,75
int4V,72,34,78,81,48
int4V,73,78,33,47,81
int4V,74,53,82,79,35
int4V,75,82,52,32,79
int4V,76,3,72,82,53
int4V,77,72,2,52,82
int4V,78,58,83,77,27
int4V,79,83,57,25,77
int4V,80,8,73,83,58
int4V,81,73,7,57,83
int5L,0,19,21,20,18
int5L,1,26,29,28,27
int5L,2,24,16,17,25
int5L,3,31,30,23,22
int5L,4,15,10,9,13
int5L,5,6,3,1,5
int5L,6,10,34,33,9
int5L,7,34,29,26,33
int5L,8,20,39,37,18
int5L,9,39,15,13,37
int5L,10,8,32,36,12
int5L,11,32,25,17,36
int5L,12,14,38,35,11
int5L,13,38,23,30,35
int5L,14,3,43,41,1
int5L,15,43,21,19,41
int5L,16,28,46,45,27
int5L,17,46,6,5,45
int5L,18,0,40,44,4
int5L,19,40,16,24,44
int5L,20,7,47,42,2
int5L,21,47,31,22,42
int5L,22,16,52,53,17
int5L,23,52,19,18,53
int5L,24,25,55,54,24
int5L,25,55,26,27,54
int5L,26,9,50,51,13
int5L,27,50,8,12,51
int5L,28,1,48,49,5
int5L,29,48,0,4,49
int5L,30,33,56,50,9
int5L,31,56,32,8,50
int5L,32,26,55,56,33
int5L,33,55,25,32,56
int5L,34,37,57,53,18
int5L,35,57,36,17,53
int5L,36,13,51,57,37
int5L,37,51,12,36,57
int5L,38,41,58,48,1
int5L,39,0,48,58,40
int5L,40,19,52,58,41
int5L,41,52,16,40,58
int5L,42,45,59,54,27
int5L,43,59,44,24,54
int5L,44,5,49,59,45
int5L,45,49,4,44,59
int5L,46,21,65,64,20
int5L,47,65,22,23,64
int5L,48,31,66,67,30
int5L,49,66,28,29,67
int5L,50,11,62,63,14
int5L,51,62,10,15,63
int5L,52,2,60,61,7
int5L,53,60,3,6,61
int5L,54,35,68,62,11
int5L,55,68,34,10,62
int5L,56,30,67,68,35
int5L,57,67,29,34,68
int5L,58,38,69,64,23
int5L,59,69,39,20,64
int5L,60,14,63,69,38
int5L,61,63,15,39,69
int5L,62,42,70,60,2
int5L,63,70,43,3,60
int5L,64,22,65,70,42
int5L,65,65,21,43,70
int5L,66,46,71,61,6
int5L,67,71,47,7,61
int5L,68,28,66,71,46
int5L,69,66,31,47,71
int5R,0,5,2,3,4
int5R,1,12,11,10,13
int5R,2,16,18,22,21
int5R,3,25,26,30,28
int5R,4,15,14,6,7
int5R,5,9,0,1,8
int5R,6,16,32,34,18
int5R,7,32,11,12,34
int5R,8,3,37,38,4
int5R,9,37,21,22,38
int5R,10,7,39,35,15
int5R,11,39,23,19,35
int5R,12,20,36,33,17
int5R,13,36,0,9,33
int5R,14,25,41,42,26
int5R,15,41,2,5,42
int5R,16,10,44,46,13
int5R,17,44,28,30,46
int5R,18,14,47,43,6
int5R,19,47,31,27,43
int5R,20,1,40,45,8
int5R,21,40,24,29,45
int5R,22,6,48,49,7
int5R,23,48,5,4,49
int5R,24,15,50,51,14
int5R,25,50,12,13,51
int5R,26,18,52,53,22
int5R,27,52,19,23,53
int5R,28,26,54,55,30
int5R,29,54,27,31,55
int5R,30,34,56,52,18
int5R,31,56,35,19,52
int5R,32,12,50,56,34
int5R,33,50,15,35,56
int5R,34,38,57,49,4
int5R,35,57,39,7,49
int5R,36,22,53,57,38
int5R,37,53,23,39,57
int5R,38,42,58,54,26
int5R,39,58,43,27,54
int5R,40,5,48,58,42
int5R,41,48,6,43,58
int5R,42,46,59,51,13
int5R,43,59,47,14,51
int5R,44,30,55,59,46
int5R,45,55,31,47,59
int5R,46,0,61,60,1
int5R,47,61,3,2,60
int5R,48,11,62,63,10
int5R,49,62,9,8,63
int5R,50,17,64,65,20
int5R,51,64,16,21,65
int5R,52,24,66,67,29
int5R,53,66,25,28,67
int5R,54,33,68,64,17
int5R,55,68,32,16,64
int5R,56,9,62,68,33
int5R,57,62,11,32,68
int5R,58,61,0,36,69
int5R,59,69,37,3,61
int5R,60,20,65,69,36
int5R,61,65,21,37,69
int5R,62,41,70,60,2
int5R,63,70,40,1,60
int5R,64,25,66,70,41
int5R,65,66,24,40,70
int5R,66,45,71,63,8
int5R,67,71,44,10,63
int5R,68,29,67,71,45
int5R,69,67,28,44,71
int6L,0,22,23,27,26
int6L,1,26,27,24,25
int6L,2,31,32,33,30
int6L,3,32,35,34,33
int6L,4,29,20,21,28
int6L,5,36,37,39,38
int6L,6,3,2,8,7
int6L,7,2,1,6,8
int6L,8,12,13,17,18
int6L,9,13,11,16,17
int6L,10,23,41,43,27
int6L,11,41,11,13,43
int6L,12,27,43,42,24
int6L,13,43,13,12,42
int6L,14,33,47,46,30
int6L,15,47,17,16,46
int6L,16,34,48,47,33
int6L,17,48,18,17,47
int6L,18,10,40,45,15
int6L,19,40,20,29,45
int6L,20,19,49,44,14
int6L,21,49,36,38,44
int6L,22,2,52,51,1
int6L,23,52,32,31,51
int6L,24,3,53,52,2
int6L,25,53,35,32,52
int6L,26,6,56,58,8
int6L,27,56,22,26,58
int6L,28,8,58,57,7
int6L,29,58,26,25,57
int6L,30,0,50,55,5
int6L,31,50,28,21,55
int6L,32,9,59,54,4
int6L,33,59,39,37,54
int6L,34,20,64,65,21
int6L,35,64,23,22,65
int6L,36,28,66,67,29
int6L,37,66,31,30,67
int6L,38,60,0,5,61
int6L,39,61,6,1,60
int6L,40,11,62,63,16
int6L,41,62,10,15,63
int6L,42,41,68,62,11
int6L,43,68,40,10,62
int6L,44,23,64,68,41
int6L,45,64,20,40,68
int6L,46,46,69,67,30
int6L,47,69,45,29,67
int6L,48,16,63,69,46
int6L,49,63,15,45,69
int6L,50,51,70,60,1
int6L,51,0,60,70,50
int6L,52,31,66,70,51
int6L,53,66,28,50,70
int6L,54,56,71,65,22
int6L,55,71,55,21,65
int6L,56,6,61,71,56
int6L,57,61,5,55,71
int6L,58,35,77,76,34
int6L,59,77,37,36,76
int6L,60,24,78,79,25
int6L,61,78,38,39,79
int6L,62,4,72,73,9
int6L,63,72,3,7,73
int6L,64,14,74,75,19
int6L,65,74,12,18,75
int6L,66,42,80,78,24
int6L,67,80,44,38,78
int6L,68,12,74,80,42
int6L,69,74,14,44,80
int6L,70,48,81,75,18
int6L,71,81,49,19,75
int6L,72,34,76,81,48
int6L,73,76,36,49,81
int6L,74,53,82,77,35
int6L,75,82,54,37,77
int6L,76,3,72,82,53
int6L,77,72,4,54,82
int6L,78,59,83,79,39
int6L,79,83,57,25,79
int6L,80,9,73,83,59
int6L,81,73,7,57,83
int6R,0,7,4,5,6
int6R,1,8,7,6,9
int6R,2,12,13,15,14
int6R,3,17,16,13,12
int6R,4,0,3,2,1
int6R,5,19,18,11,10
int6R,6,36,32,31,37
int6R,7,37,31,33,38
int6R,8,27,21,22,26
int6R,9,26,22,23,28
int6R,10,13,41,42,15
int6R,11,41,31,32,42
int6R,12,16,43,41,13
int6R,13,43,33,31,41
int6R,14,5,46,47,6
int6R,15,46,36,37,47
int6R,16,6,47,48,9
int6R,17,47,37,38,48
int6R,18,0,40,45,3
int6R,19,40,30,35,45
int6R,20,10,49,44,19
int6R,21,49,39,34,44
int6R,22,21,51,52,22
int6R,23,51,4,7,52
int6R,24,22,52,53,23
int6R,25,52,7,8,53
int6R,26,26,56,57,27
int6R,27,56,12,14,57
int6R,28,28,58,56,26
int6R,29,58,17,12,56
int6R,30,2,50,55,1
int6R,31,50,20,25,55
int6R,32,18,59,54,11
int6R,33,59,29,24,54
int6R,34,11,60,61,10
int6R,35,60,8,9,61
int6R,36,19,62,63,18
int6R,37,62,16,17,63
int6R,38,33,66,67,38
int6R,39,66,34,39,67
int6R,40,23,64,65,28
int6R,41,64,24,29,65
int6R,42,43,68,66,33
int6R,43,68,44,34,66
int6R,44,16,62,68,43
int6R,45,62,19,44,68
int6R,46,48,69,61,9
int6R,47,69,49,10,61
int6R,48,38,67,69,48
int6R,49,67,39,49,69
int6R,50,53,70,64,23
int6R,51,70,54,24,64
int6R,52,8,60,70,53
int6R,53,60,11,54,70
int6R,54,58,71,63,17
int6R,55,71,59,18,63
int6R,56,28,65,71,58
int6R,57,65,29,59,71
int6R,58,72,0,1,73
int6R,59,73,14,15,72
int6R,60,4,74,75,5
int6R,61,74,2,3,75
int6R,62,30,78,79,35
int6R,63,78,32,36,79
int6R,64,20,76,77,25
int6R,65,76,21,27,77
int6R,66,42,80,72,15
int6R,67,0,72,80,40
int6R,68,32,78,80,42
int6R,69,78,30,40,80
int6R,70,46,81,79,36
int6R,71,81,45,35,79
int6R,72,5,75,81,46
int6R,73,75,3,45,81
int6R,74,51,82,74,4
int6R,75,82,50,2,74
int6R,76,21,76,82,51
int6R,77,76,20,50,82
int6R,78,57,83,77,27
int6R,79,83,55,25,77
int6R,80,14,73,83,57
int6R,81,73,1,55,83
int7L,0,18,19,15,14
int7L,1,20,22,23,21
int7L,2,4,25,28,7
int7L,3,25,15,19,28
int7L,4,5,8,29,26
int7L,5,26,29,21,23
int7L,6,10,34,31,1
int7L,7,34,18,14,31
int7L,8,11,2,32,35
int7L,9,35,32,22,20
int7L,10,20,21,41,40
int7L,11,40,41,16,17
int7L,12,23,22,42,43
int7L,13,43,42,13,12
int7L,14,9,0,36,39
int7L,15,39,36,2,11
int7L,16,3,6,38,37
int7L,17,37,38,8,5
int7L,18,26,23,43,44
int7L,19,44,43,12,24
int7L,20,5,26,44,37
int7L,21,37,44,24,3
int7L,22,27,16,41,45
int7L,23,45,41,21,29
int7L,24,6,27,45,38
int7L,25,38,45,29,8
int7L,26,30,13,42,46
int7L,27,46,42,22,32
int7L,28,0,30,46,36
int7L,29,36,46,32,2
int7L,30,33,9,39,47
int7L,31,47,39,11,35
int7L,32,17,33,47,40
int7L,33,40,47,35,20
int7L,34,12,13,53,52
int7L,35,52,53,14,15
int7L,36,17,16,54,55
int7L,37,55,54,19,18
int7L,38,0,9,51,48
int7L,39,48,51,10,1
int7L,40,4,7,50,49
int7L,41,49,50,6,3
int7L,42,24,12,52,56
int7L,43,56,52,15,25
int7L,44,3,24,56,49
int7L,45,49,56,25,4
int7L,46,27,6,50,57
int7L,47,57,50,7,28
int7L,48,16,27,57,54
int7L,49,54,57,28,19
int7L,50,30,0,48,58
int7L,51,58,48,1,31
int7L,52,13,30,58,53
int7L,53,53,58,31,14
int7L,54,33,17,55,59
int7L,55,59,55,18,34
int7L,56,9,33,59,51
int7L,57,51,59,34,10
int7R,0,0,1,2,3
int7R,1,9,5,4,8
int7R,2,27,0,3,24
int7R,3,24,15,18,27
int7R,4,9,28,25,5
int7R,5,28,19,16,25
int7R,6,1,33,30,2
int7R,7,33,21,12,30
int7R,8,4,31,34,8
int7R,9,31,13,22,34
int7R,10,0,36,37,1
int7R,11,36,10,11,37
int7R,12,2,38,39,3
int7R,13,38,7,6,39
int7R,14,14,40,43,23
int7R,15,40,12,21,43
int7R,16,20,42,41,17
int7R,17,42,18,15,41
int7R,18,24,44,41,15
int7R,19,44,26,17,41
int7R,20,3,39,44,24
int7R,21,39,6,26,44
int7R,22,36,0,27,45
int7R,23,45,29,10,36
int7R,24,18,42,45,27
int7R,25,42,20,29,45
int7R,26,30,46,38,2
int7R,27,46,32,7,38
int7R,28,12,40,46,30
int7R,29,40,14,32,46
int7R,30,35,47,37,11
int7R,31,47,33,1,37
int7R,32,23,43,47,35
int7R,33,43,21,33,47
int7R,34,7,48,49,6
int7R,35,48,4,5,49
int7R,36,10,51,50,11
int7R,37,51,9,8,50
int7R,38,13,52,55,22
int7R,39,52,14,23,55
int7R,40,19,54,53,16
int7R,41,54,20,17,53
int7R,42,25,56,49,5
int7R,43,56,26,6,49
int7R,44,16,53,56,25
int7R,45,53,17,26,56
int7R,46,28,57,54,19
int7R,47,57,29,20,54
int7R,48,9,51,57,28
int7R,49,51,10,29,57
int7R,50,31,58,52,13
int7R,51,58,32,14,52
int7R,52,4,48,58,31
int7R,53,48,7,32,58
int7R,54,34,59,50,8
int7R,55,59,35,11,50
int7R,56,22,55,59,34
int7R,57,55,23,35,59
int8L,0,16,12,13,17
int8L,1,21,20,22,23
int8L,2,0,24,27,9
int8L,3,24,12,16,27
int8L,4,11,29,26,2
int8L,5,29,21,23,26
int8L,6,6,33,30,3
int8L,7,33,17,13,30
int8L,8,5,32,35,8
int8L,9,32,22,20,35
int8L,10,12,40,41,13
int8L,11,40,15,14,41
int8L,12,17,43,42,16
int8L,13,43,18,19,42
int8L,14,1,36,39,10
int8L,15,36,0,9,39
int8L,16,7,38,37,4
int8L,17,38,6,3,37
int8L,18,25,44,36,1
int8L,19,0,36,44,24
int8L,20,15,40,44,25
int8L,21,40,12,24,44
int8L,22,28,45,42,19
int8L,23,45,27,16,42
int8L,24,10,39,45,28
int8L,25,39,9,27,45
int8L,26,31,46,41,14
int8L,27,46,30,13,41
int8L,28,4,37,46,31
int8L,29,37,3,30,46
int8L,30,34,47,38,7
int8L,31,47,33,6,38
int8L,32,18,43,47,34
int8L,33,43,17,33,47
int8L,34,18,52,53,19
int8L,35,52,20,21,53
int8L,36,15,55,54,14
int8L,37,55,23,22,54
int8L,38,2,48,51,11
int8L,39,48,1,10,51
int8L,40,8,50,49,5
int8L,41,50,7,4,49
int8L,42,26,56,48,2
int8L,43,56,25,1,48
int8L,44,23,55,56,26
int8L,45,55,15,25,56
int8L,46,28,57,51,10
int8L,47,57,29,11,51
int8L,48,19,53,57,28
int8L,49,53,21,29,57
int8L,50,31,58,49,4
int8L,51,58,32,5,49
int8L,52,14,54,58,31
int8L,53,54,22,32,58
int8L,54,34,59,52,18
int8L,55,59,35,20,52
int8L,56,7,50,59,34
int8L,57,50,8,35,59
int8R,0,11,10,6,7
int8R,1,2,0,1,3
int8R,2,7,26,29,11
int8R,3,26,17,20,29
int8R,4,1,27,24,3
int8R,5,27,18,15,24
int8R,6,10,35,32,6
int8R,7,35,23,14,32
int8R,8,33,0,2,30
int8R,9,30,12,21,33
int8R,10,6,36,37,7
int8R,11,36,5,4,37
int8R,12,11,38,39,10
int8R,13,38,8,9,39
int8R,14,13,40,43,22
int8R,15,40,14,23,43
int8R,16,19,42,41,16
int8R,17,42,20,17,41
int8R,18,25,44,37,4
int8R,19,44,26,7,37
int8R,20,16,41,44,25
int8R,21,41,17,26,44
int8R,22,28,45,42,19
int8R,23,45,29,20,42
int8R,24,8,38,45,28
int8R,25,38,11,29,45
int8R,26,31,46,40,13
int8R,27,46,32,14,40
int8R,28,5,36,46,31
int8R,29,36,6,32,46
int8R,30,34,47,39,9
int8R,31,47,35,10,39
int8R,32,22,43,47,34
int8R,33,43,23,35,47
int8R,34,0,48,49,1
int8R,35,48,9,8,49
int8R,36,5,50,51,4
int8R,37,50,2,3,51
int8R,38,12,52,55,21
int8R,39,52,13,22,55
int8R,40,18,54,53,15
int8R,41,54,19,16,53
int8R,42,25,56,53,16
int8R,43,56,24,15,53
int8R,44,4,51,56,25
int8R,45,51,3,24,56
int8R,46,28,57,49,8
int8R,47,57,27,1,49
int8R,48,19,54,57,28
int8R,49,54,18,27,57
int8R,50,31,58,50,5
int8R,51,58,30,2,50
int8R,52,13,52,58,31
int8R,53,52,12,30,58
int8R,54,48,0,33,59
int8R,55,59,34,9,48
int8R,56,21,55,59,33
int8R,57,55,22,34,59
int9L,0,37,36,26,27
int9L,1,32,31,30,33
int9L,2,35,34,39,38
int9L,3,41,40,34,35
int9L,4,43,40,41,42
int9L,5,24,22,23,25
int9L,6,30,31,47,46
int9L,7,46,47,28,29
int9L,8,3,8,6,44
int9L,9,44,6,9,4
int9L,10,19,14,45,17
int9L,11,17,45,15,20
int9L,12,15,16,21,20
int9L,13,4,9,10,5
int9L,14,18,55,50,13
int9L,15,55,37,27,50
int9L,16,15,52,53,16
int9L,17,52,31,32,53
int9L,18,17,54,56,19
int9L,19,54,35,38,56
int9L,20,20,57,54,17
int9L,21,57,41,35,54
int9L,22,41,57,58,42
int9L,23,57,20,21,58
int9L,24,12,49,48,11
int9L,25,49,25,23,48
int9L,26,31,52,59,47
int9L,27,52,15,45,59
int9L,28,47,59,51,28
int9L,29,59,45,14,51
int9L,30,2,62,67,7
int9L,31,62,26,36,67
int9L,32,30,64,65,33
int9L,33,64,4,5,65
int9L,34,34,66,68,39
int9L,35,66,6,8,68
int9L,36,40,69,66,34
int9L,37,69,9,6,66
int9L,38,9,69,70,10
int9L,39,69,40,43,70
int9L,40,0,60,61,1
int9L,41,60,22,24,61
int9L,42,4,64,71,44
int9L,43,64,30,46,71
int9L,44,44,71,63,3
int9L,45,71,46,29,63
int9L,46,42,77,76,43
int9L,47,77,23,22,76
int9L,48,25,79,78,24
int9L,49,79,32,33,78
int9L,50,16,75,74,21
int9L,51,75,12,11,74
int9L,52,10,72,73,5
int9L,53,72,0,1,73
int9L,54,48,80,74,11
int9L,55,80,58,21,74
int9L,56,23,77,80,48
int9L,57,77,42,58,80
int9L,58,49,81,79,25
int9L,59,81,53,32,79
int9L,60,12,75,81,49
int9L,61,75,16,53,81
int9L,62,70,82,72,10
int9L,63,0,72,82,60
int9L,64,43,76,82,70
int9L,65,76,22,60,82
int9L,66,61,83,73,1
int9L,67,83,65,5,73
int9L,68,24,78,83,61
int9L,69,78,33,65,83
int9L,70,28,88,89,29
int9L,71,88,27,26,89
int9L,72,39,91,90,38
int9L,73,91,36,37,90
int9L,74,7,85,84,2
int9L,75,85,8,3,84
int9L,76,13,86,87,18
int9L,77,86,14,19,87
int9L,78,50,92,86,13
int9L,79,92,51,14,86
int9L,80,27,88,92,50
int9L,81,88,28,51,92
int9L,82,55,93,90,37
int9L,83,93,56,38,90
int9L,84,18,87,93,55
int9L,85,87,19,56,93
int9L,86,62,94,89,26
int9L,87,94,63,29,89
int9L,88,2,84,94,62
int9L,89,84,3,63,94
int9L,90,67,95,85,7
int9L,91,95,68,8,85
int9L,92,36,91,95,67
int9L,93,91,39,68,95
int9R,0,0,3,2,1
int9R,1,2,3,8,9
int9R,2,9,8,4,5
int9R,3,11,12,13,10
int9R,4,6,7,17,16
int9R,5,20,21,19,18
int9R,6,28,23,22,27
int9R,7,39,38,33,34
int9R,8,34,37,46,39
int9R,9,37,35,40,46
int9R,10,24,26,45,29
int9R,11,26,23,28,45
int9R,12,13,12,47,44
int9R,13,14,44,47,15
int9R,14,2,49,48,1
int9R,15,49,34,33,48
int9R,16,34,49,52,37
int9R,17,49,2,9,52
int9R,18,37,52,50,35
int9R,19,52,9,5,50
int9R,20,39,54,53,38
int9R,21,54,12,11,53
int9R,22,16,56,51,6
int9R,23,56,41,36,51
int9R,24,21,58,57,19
int9R,25,58,43,42,57
int9R,26,46,59,54,39
int9R,27,59,47,12,54
int9R,28,40,55,59,46
int9R,29,55,15,47,59
int9R,30,0,60,61,3
int9R,31,60,22,23,61
int9R,32,3,61,64,8
int9R,33,61,23,26,64
int9R,34,8,64,62,4
int9R,35,64,26,24,62
int9R,36,13,66,65,10
int9R,37,66,28,27,65
int9R,38,7,63,68,17
int9R,39,63,25,30,68
int9R,40,18,69,70,20
int9R,41,69,31,32,70
int9R,42,44,71,66,13
int9R,43,71,45,28,66
int9R,44,14,67,71,44
int9R,45,67,29,45,71
int9R,46,4,73,72,5
int9R,47,73,7,6,72
int9R,48,15,75,74,14
int9R,49,75,16,17,74
int9R,50,25,76,77,30
int9R,51,76,24,29,77
int9R,52,41,79,78,36
int9R,53,79,40,35,78
int9R,54,51,80,72,6
int9R,55,80,50,5,72
int9R,56,36,78,80,51
int9R,57,78,35,50,80
int9R,58,56,81,79,41
int9R,59,81,55,40,79
int9R,60,16,75,81,56
int9R,61,75,15,55,81
int9R,62,63,82,76,25
int9R,63,82,62,24,76
int9R,64,7,73,82,63
int9R,65,73,4,62,82
int9R,66,68,83,74,17
int9R,67,83,67,14,74
int9R,68,30,77,83,68
int9R,69,77,29,67,83
int9R,70,19,85,84,18
int9R,71,85,11,10,84
int9R,72,86,0,1,87
int9R,73,87,21,20,86
int9R,74,22,89,88,27
int9R,75,89,32,31,88
int9R,76,38,90,91,33
int9R,77,90,42,43,91
int9R,78,57,92,85,19
int9R,79,92,53,11,85
int9R,80,42,90,92,57
int9R,81,90,38,53,92
int9R,82,58,93,91,43
int9R,83,93,48,33,91
int9R,84,21,87,93,58
int9R,85,87,1,48,93
int9R,86,69,94,88,31
int9R,87,94,65,27,88
int9R,88,18,84,94,69
int9R,89,84,10,65,94
int9R,90,70,95,86,20
int9R,91,0,86,95,60
int9R,92,32,89,95,70
int9R,93,89,22,60,95
NSML,0,0,1,2,3
NSML,1,4,7,6,5
NSML,2,0,4,5,1
NSML,3,1,5,6,2
NSML,4,2,6,7,3
NSML,5,3,7,8,10
NSML,6,4,0,11,9
NSML,7,7,4,9,8
NSML,8,0,3,10,11
NSML,9,11,10,13,12
NSML,10,8,9,14,15
NSML,11,9,11,12,14
NSML,12,10,8,15,13
NSML,13,13,15,16,18
NSML,14,14,12,19,17
NSML,15,15,14,17,16
NSML,16,19,18,21,20
NSML,17,16,17,22,23
NSML,18,17,19,20,22
NSML,19,18,16,23,21
NSML,20,21,23,24,26
NSML,21,22,20,27,25
NSML,22,23,22,25,24
NSML,23,20,21,26,27
NSML,24,27,26,29,28
NSML,25,24,25,30,31
NSML,26,25,27,28,30
NSML,27,26,24,31,29
NSML,28,30,28,29,31
NSML,29,18,19,32,33
NSML,30,19,12,35,32
NSML,31,13,18,33,34
NSML,32,12,13,34,35
NSML,33,35,34,37,36
NSML,34,34,33,38,37
NSML,35,32,35,36,39
NSML,36,33,32,39,38
NSML,37,38,39,40,41
NSML,38,39,36,43,40
NSML,39,37,38,41,42
NSML,40,36,37,42,43
NSML,41,43,42,45,44
NSML,42,42,41,46,45
NSML,43,40,43,44,47
NSML,44,41,40,47,46
NSML,45,46,47,48,49
NSML,46,47,44,51,48
NSML,47,45,46,49,50
NSML,48,44,45,50,51
NSML,49,51,50,53,52
NSML,50,50,49,54,53
NSML,51,48,51,52,55
NSML,52,49,48,55,54
NSML,53,54,55,56,57
NSML,54,55,52,59,56
NSML,55,53,54,57,58
NSML,56,52,53,58,59
NSML,57,59,58,61,60
NSML,58,58,57,62,61
NSML,59,56,59,60,63
NSML,60,57,56,63,62
NSML,61,62,63,64,65
NSML,62,63,60,67,64
NSML,63,61,62,65,66
NSML,64,60,61,66,67
NSML,65,67,66,69,68
NSML,66,66,65,70,69
NSML,67,64,67,68,71
NSML,68,65,64,71,70
NSML,69,70,71,72,73
NSML,70,71,68,75,72
NSML,71,69,70,73,74
NSML,72,68,69,74,75
NSML,73,75,74,77,76
NSML,74,74,73,78,77
NSML,75,72,75,76,79
NSML,76,73,72,79,78
NSML,77,78,79,80,81
NSML,78,79,76,83,80
NSML,79,77,78,81,82
NSML,80,76,77,82,83
NSML,81,83,82,85,84
NSML,82,82,81,86,85
NSML,83,80,83,84,87
NSML,84,81,80,87,86
NSML,85,86,87,88,89
NSML,86,87,84,91,88
NSML,87,85,86,89,90
NSML,88,84,85,90,91
NSML,89,91,90,93,92
NSML,90,90,89,94,93
NSML,91,88,91,92,95
NSML,92,89,88,95,94
NSML,93,94,95,96,97
NSML,94,95,92,99,96
NSML,95,93,94,97,98
NSML,96,92,93,98,99
NSML,97,99,98,97,96
NSMR,0,0,3,2,1
NSMR,1,7,0,1,6
NSMR,2,2,5,6,1
NSMR,3,0,7,4,3
NSMR,4,3,4,5,2
NSMR,5,4,11,10,5
NSMR,6,7,8,11,4
NSMR,7,5,10,9,6
NSMR,8,6,9,8,7
NSMR,9,9,14,15,8
NSMR,10,10,13,14,9
NSMR,11,8,15,12,11
NSMR,12,11,12,13,10
NSMR,13,12,19,18,13
NSMR,14,15,16,19,12
NSMR,15,13,18,17,14
NSMR,16,14,17,16,15
NSMR,17,17,22,23,16
NSMR,18,18,21,22,17
NSMR,19,16,23,20,19
NSMR,20,19,20,21,18
NSMR,21,20,27,26,21
NSMR,22,23,24,27,20
NSMR,23,21,26,25,22
NSMR,24,22,25,24,23
NSMR,25,25,30,31,24
NSMR,26,26,29,30,25
NSMR,27,24,31,28,27
NSMR,28,27,28,29,26
NSMR,29,28,35,34,29
NSMR,30,31,32,35,28
NSMR,31,29,34,33,30
NSMR,32,30,33,32,31
NSMR,33,33,38,39,32
NSMR,34,34,37,38,33
NSMR,35,32,39,36,35
NSMR,36,35,36,37,34
NSMR,37,36,43,42,37
NSMR,38,39,40,43,36
NSMR,39,37,42,41,38
NSMR,40,38,41,40,39
NSMR,41,41,46,47,40
NSMR,42,42,45,46,41
NSMR,43,40,47,44,43
NSMR,44,43,44,45,42
NSMR,45,44,51,50,45
NSMR,46,47,48,51,44
NSMR,47,45,50,49,46
NSMR,48,46,49,48,47
NSMR,49,49,54,55,48
NSMR,50,50,53,54,49
NSMR,51,48,55,52,51
NSMR,52,51,52,53,50
NSMR,53,52,59,58,53
NSMR,54,55,56,59,52
NSMR,55,53,58,57,54
NSMR,56,54,57,56,55
NSMR,57,57,62,63,56
NSMR,58,58,61,62,57
NSMR,59,56,63,60,59
NSMR,60,59,60,61,58
NSMR,61,60,67,66,61
NSMR,62,63,64,67,60
NSMR,63,61,66,65,62
NSMR,64,62,65,64,63
NSMR,65,65,86,87,64
NSMR,66,66,81,86,65
NSMR,67,64,87,80,67
NSMR,68,67,80,81,66
NSMR,69,70,71,69,68
NSMR,70,68,75,73,70
NSMR,71,71,72,74,69
NSMR,72,69,74,75,68
NSMR,73,70,73,72,71
NSMR,74,73,78,79,72
NSMR,75,74,77,76,75
NSMR,76,72,79,77,74
NSMR,77,75,76,78,73
NSMR,78,76,83,81,78
NSMR,79,79,80,82,77
NSMR,80,77,82,83,76
NSMR,81,78,81,80,79
NSMR,82,82,85,84,83
NSMR,83,80,87,85,82
NSMR,84,83,84,86,81
NSMR,85,84,91,89,86
NSMR,86,87,88,90,85
NSMR,87,85,90,91,84
NSMR,88,86,89,88,87
NSMR,89,89,96,99,88
NSMR,90,90,95,92,91
NSMR,91,88,99,95,90
NSMR,92,91,92,96,89
NSMR,93,92,93,97,96
NSMR,94,93,94,98,97
NSMR,95,94,95,99,98
NSMR,96,93,92,95,94
NSMR,97,97,98,99,96
PDEL,0,8,9,5,4
PDEL,1,9,10,6,5
PDEL,2,10,11,7,6
PDEL,3,11,8,4,7
PDEL,4,12,13,9,8
PDEL,5,13,14,10,9
PDEL,6,14,15,11,10
PDEL,7,15,12,8,11
PDEL,8,16,17,13,12
PDEL,9,17,18,14,13
PDEL,10,18,19,15,14
PDEL,11,19,16,12,15
PDEL,12,0,1,17,16
PDEL,13,1,2,18,17
PDEL,14,2,3,19,18
PDEL,15,3,0,16,19
PDEL,16,21,23,24,26
PDEL,17,22,20,27,25
PDEL,18,23,22,25,24
PDEL,19,20,21,26,27
PDEL,20,27,26,29,28
PDEL,21,24,25,30,31
PDEL,22,25,27,28,30
PDEL,23,26,24,31,29
PDEL,24,29,31,32,34
PDEL,25,30,28,35,33
PDEL,26,31,30,33,32
PDEL,27,28,29,34,35
PDEL,28,35,34,37,36
PDEL,29,32,33,38,39
PDEL,30,33,35,36,38
PDEL,31,34,32,39,37
PDEL,32,37,39,40,42
PDEL,33,38,36,43,41
PDEL,34,39,38,41,40
PDEL,35,36,37,42,43
PDEL,36,43,42,45,44
PDEL,37,40,41,46,47
PDEL,38,41,43,44,46
PDEL,39,42,40,47,45
PDEL,40,45,47,48,50
PDEL,41,46,44,51,49
PDEL,42,47,46,49,48
PDEL,43,44,45,50,51
PDEL,44,51,50,53,52
PDEL,45,48,49,54,55
PDEL,46,49,51,52,54
PDEL,47,50,48,55,53
PDEL,48,53,55,56,58
PDEL,49,54,52,59,57
PDEL,50,55,54,57,56
PDEL,51,52,53,58,59
PDEL,52,59,58,61,60
PDEL,53,56,57,62,63
PDEL,54,57,59,60,62
PDEL,55,58,56,63,61
PDEL,56,61,63,64,66
PDEL,57,62,60,67,65
PDEL,58,63,62,65,64
PDEL,59,60,61,66,67
PDEL,60,67,66,69,68
PDEL,61,64,65,70,71
PDEL,62,65,67,68,70
PDEL,63,66,64,71,69
PDEL,64,69,71,72,74
PDEL,65,70,68,75,73
PDEL,66,71,70,73,72
PDEL,67,68,69,74,75
PDEL,68,75,74,77,76
PDEL,69,72,73,78,79
PDEL,70,73,75,76,78
PDEL,71,74,72,79,77
PDEL,72,77,79,80,82
PDEL,73,78,76,83,81
PDEL,74,79,78,81,80
PDEL,75,76,77,82,83
PDEL,76,85,87,88,90
PDEL,77,86,84,91,89
PDEL,78,87,86,89,88
PDEL,79,84,85,90,91
PDEL,80,91,90,93,92
PDEL,81,88,89,94,95
PDEL,82,89,91,92,94
PDEL,83,90,88,95,93
PDEL,84,93,95,96,98
PDEL,85,94,92,99,97
PDEL,86,95,94,97,96
PDEL,87,92,93,98,99
PDEL,88,101,103,104,106
PDEL,89,102,100,107,105
PDEL,90,103,102,105,104
PDEL,91,100,101,106,107
PDEL,92,107,106,109,108
PDEL,93,104,105,110,111
PDEL,94,105,107,108,110
PDEL,95,106,104,111,109
PDEL,96,109,111,112,114
PDEL,97,110,108,115,113
PDEL,98,111,110,113,112
PDEL,99,108,109,114,115
PDEL,100,115,114,117,116
PDEL,101,112,113,118,119
PDEL,102,113,115,116,118
PDEL,103,114,112,119,117
PDEL,104,117,119,120,122
PDEL,105,118,116,123,121
PDEL,106,119,118,121,120
PDEL,107,116,117,122,123
PDEL,108,123,122,125,124
PDEL,109,120,121,126,127
PDEL,110,121,123,124,126
PDEL,111,122,120,127,125
PDEL,112,125,127,128,130
PDEL,113,126,124,131,129
PDEL,114,127,126,129,128
PDEL,115,124,125,130,131
PDEL,116,131,130,133,132
PDEL,117,128,129,134,135
PDEL,118,129,131,132,134
PDEL,119,130,128,135,133
PDEL,120,133,135,136,138
PDEL,121,134,132,139,137
PDEL,122,135,134,137,136
PDEL,123,132,133,138,139
PDEL,124,139,138,141,140
PDEL,125,136,137,142,143
PDEL,126,137,139,140,142
PDEL,127,138,136,143,141
PDEL,128,141,143,144,146
PDEL,129,142,140,147,145
PDEL,130,143,142,145,144
PDEL,131,140,141,146,147
PDEL,132,145,147,146,144
PDEL,133,82,148,154,83
PDEL,134,148,149,155,154
PDEL,135,149,150,156,155
PDEL,136,150,151,157,156
PDEL,137,152,153,159,158
PDEL,138,153,85,84,159
PDEL,139,81,160,166,80
PDEL,140,160,161,167,166
PDEL,141,161,162,168,167
PDEL,142,162,163,169,168
PDEL,143,164,165,171,170
PDEL,144,165,86,87,171
PDEL,145,83,154,160,81
PDEL,146,154,155,161,160
PDEL,147,155,156,162,161
PDEL,148,156,157,163,162
PDEL,149,158,159,165,164
PDEL,150,159,84,86,165
PDEL,151,80,166,148,82
PDEL,152,166,167,149,148
PDEL,153,167,168,150,149
PDEL,154,168,169,151,150
PDEL,155,170,171,153,152
PDEL,156,171,87,85,153
PDEL,157,151,172,173,157
PDEL,158,172,152,158,173
PDEL,159,163,174,175,169
PDEL,160,174,164,170,175
PDEL,161,157,173,174,163
PDEL,162,173,158,164,174
PDEL,163,169,175,172,151
PDEL,164,175,170,152,172
PDEL,165,20,22,23,21
PDEL,166,178,179,176,177
PDEL,167,180,183,182,181
PDEL,168,176,180,181,177
PDEL,169,178,182,183,179
PDEL,170,179,183,180,176
PDEL,171,182,178,186,184
PDEL,172,177,181,185,187
PDEL,173,181,182,184,185
PDEL,174,178,177,187,186
PDEL,175,186,187,5,6
PDEL,176,185,184,7,4
PDEL,177,187,185,4,5
PDEL,178,184,186,6,7
PDEL,179,98,188,192,99
PDEL,180,188,189,193,192
PDEL,181,189,190,194,193
PDEL,182,190,191,195,194
PDEL,183,191,101,100,195
PDEL,184,97,196,200,96
PDEL,185,196,197,201,200
PDEL,186,197,198,202,201
PDEL,187,198,199,203,202
PDEL,188,199,102,103,203
PDEL,189,99,192,196,97
PDEL,190,192,193,197,196
PDEL,191,194,195,199,198
PDEL,192,195,100,102,199
PDEL,193,96,200,188,98
PDEL,194,200,201,189,188
PDEL,195,201,202,190,189
PDEL,196,202,203,191,190
PDEL,197,203,103,101,191
PDEL,198,194,198,204,206
PDEL,199,197,193,207,205
PDEL,200,198,197,205,204
PDEL,201,193,194,206,207
PDEL,202,1,0,206,204
PDEL,203,205,207,3,2
PDEL,204,204,205,2,1
PDEL,205,0,3,207,206
PDER,0,8,4,5,9
PDER,1,9,5,6,10
PDER,2,10,6,7,11
PDER,3,11,7,4,8
PDER,4,12,8,9,13
PDER,5,13,9,10,14
PDER,6,14,10,11,15
PDER,7,15,11,8,12
PDER,8,16,12,13,17
PDER,9,17,13,14,18
PDER,10,18,14,15,19
PDER,11,19,15,12,16
PDER,12,0,16,17,1
PDER,13,1,17,18,2
PDER,14,2,18,19,3
PDER,15,16,0,3,19
PDER,16,21,23,24,26
PDER,17,22,20,27,25
PDER,18,23,22,25,24
PDER,19,20,21,26,27
PDER,20,27,26,29,28
PDER,21,24,25,30,31
PDER,22,25,27,28,30
PDER,23,26,24,31,29
PDER,24,29,31,32,34
PDER,25,30,28,35,33
PDER,26,31,30,33,32
PDER,27,28,29,34,35
PDER,28,35,34,37,36
PDER,29,32,33,38,39
PDER,30,33,35,36,38
PDER,31,34,32,39,37
PDER,32,37,39,40,42
PDER,33,38,36,43,41
PDER,34,39,38,41,40
PDER,35,36,37,42,43
PDER,36,43,42,45,44
PDER,37,40,41,46,47
PDER,38,41,43,44,46
PDER,39,42,40,47,45
PDER,40,45,47,48,50
PDER,41,46,44,51,49
PDER,42,47,46,49,48
PDER,43,44,45,50,51
PDER,44,51,50,53,52
PDER,45,48,49,54,55
PDER,46,49,51,52,54
PDER,47,50,48,55,53
PDER,48,53,55,56,58
PDER,49,54,52,59,57
PDER,50,55,54,57,56
PDER,51,52,53,58,59
PDER,52,59,58,61,60
PDER,53,56,57,62,63
PDER,54,57,59,60,62
PDER,55,58,56,63,61
PDER,56,61,63,64,66
PDER,57,62,60,67,65
PDER,58,63,62,65,64
PDER,59,60,61,66,67
PDER,60,67,66,69,68
PDER,61,64,65,70,71
PDER,62,65,67,68,70
PDER,63,66,64,71,69
PDER,64,69,71,72,74
PDER,65,70,68,75,73
PDER,66,71,70,73,72
PDER,67,68,69,74,75
PDER,68,75,74,77,76
PDER,69,72,73,78,79
PDER,70,73,75,76,78
PDER,71,74,72,79,77
PDER,72,77,79,80,82
PDER,73,78,76,83,81
PDER,74,79,78,81,80
PDER,75,76,77,82,83
PDER,76,85,87,88,90
PDER,77,86,84,91,89
PDER,78,87,86,89,88
PDER,79,84,85,90,91
PDER,80,93,95,96,98
PDER,81,94,92,99,97
PDER,82,95,94,97,96
PDER,83,92,93,98,99
PDER,84,99,98,101,100
PDER,85,96,97,102,103
PDER,86,97,99,100,102
PDER,87,98,96,103,101
PDER,88,101,103,104,106
PDER,89,102,100,107,105
PDER,90,103,102,105,104
PDER,91,100,101,106,107
PDER,92,107,106,109,108
PDER,93,104,105,110,111
PDER,94,105,107,108,110
PDER,95,106,104,111,109
PDER,96,109,111,112,114
PDER,97,110,108,115,113
PDER,98,111,110,113,112
PDER,99,108,109,114,115
PDER,100,115,114,117,116
PDER,101,112,113,118,119
PDER,102,113,115,116,118
PDER,103,114,112,119,117
PDER,104,117,119,120,122
PDER,105,118,116,123,121
PDER,106,119,118,121,120
PDER,107,116,117,122,123
PDER,108,123,122,125,124
PDER,109,120,121,126,127
PDER,110,121,123,124,126
PDER,111,122,120,127,125
PDER,112,125,127,128,130
PDER,113,126,124,131,129
PDER,114,127,126,129,128
PDER,115,124,125,130,131
PDER,116,131,130,133,132
PDER,117,128,129,134,135
PDER,118,129,131,132,134
PDER,119,130,128,135,133
PDER,120,133,135,136,138
PDER,121,134,132,139,137
PDER,122,135,134,137,136
PDER,123,132,133,138,139
PDER,124,137,139,138,136
PDER,125,82,140,146,83
PDER,126,140,141,147,146
PDER,127,141,142,148,147
PDER,128,142,143,149,148
PDER,129,144,145,151,150
PDER,130,145,85,84,151
PDER,131,81,152,158,80
PDER,132,152,153,159,158
PDER,133,153,154,160,159
PDER,134,154,155,161,160
PDER,135,156,157,163,162
PDER,136,157,86,87,163
PDER,137,83,146,152,81
PDER,138,146,147,153,152
PDER,139,147,148,154,153
PDER,140,148,149,155,154
PDER,141,150,151,157,156
PDER,142,151,84,86,157
PDER,143,80,158,140,82
PDER,144,158,159,141,140
PDER,145,159,160,142,141
PDER,146,160,161,143,142
PDER,147,162,163,145,144
PDER,148,163,87,85,145
PDER,149,143,164,165,149
PDER,150,164,144,150,165
PDER,151,155,166,167,161
PDER,152,166,156,162,167
PDER,153,149,165,166,155
PDER,154,165,150,156,166
PDER,155,161,167,164,143
PDER,156,167,162,144,164
PDER,157,20,22,23,21
PDER,158,170,169,168,171
PDER,159,172,173,174,175
PDER,160,168,169,173,172
PDER,161,170,171,175,174
PDER,162,171,168,172,175
PDER,163,174,176,178,170
PDER,164,169,179,177,173
PDER,165,173,177,176,174
PDER,166,170,178,179,169
PDER,167,178,6,5,179
PDER,168,177,4,7,176
PDER,169,179,5,4,177
PDER,170,176,7,6,178
PDER,171,180,184,185,181
PDER,172,181,185,186,182
PDER,173,182,186,187,183
PDER,174,188,192,193,189
PDER,175,189,193,194,190
PDER,176,190,194,195,191
PDER,177,184,188,189,185
PDER,178,186,190,191,187
PDER,179,192,180,181,193
PDER,180,193,181,182,194
PDER,181,194,182,183,195
PDER,182,186,198,196,190
PDER,183,189,197,199,185
PDER,184,190,196,197,189
PDER,185,185,199,198,186
PDER,186,198,0,1,196
PDER,187,197,2,3,199
PDER,188,196,1,2,197
PDER,189,0,198,199,3
PDER,190,187,93,92,183
PDER,191,195,94,95,191
PDER,192,191,95,93,187
PDER,193,183,92,94,195
PDER,194,90,88,200,201
PDER,195,89,91,203,202
PDER,196,88,89,202,200
PDER,197,91,90,201,203
PDER,198,201,200,205,204
PDER,199,202,203,206,207
PDER,200,200,202,207,205
PDER,201,203,201,204,206
PDER,202,204,205,209,208
PDER,203,207,206,210,211
PDER,204,205,207,211,209
PDER,205,206,204,208,210
PDER,206,208,209,188,184
PDER,207,211,210,180,192
PDER,208,209,211,192,188
PDER,209,210,208,184,180
Pharyn-Intest-Valve,0,0,8,9,1
Pharyn-Intest-Valve,1,2,1,9,10
Pharyn-Intest-Valve,2,2,10,11,3
Pharyn-Intest-Valve,3,4,3,11,12
Pharyn-Intest-Valve,4,4,12,13,5
Pharyn-Intest-Valve,5,6,5,13,14
Pharyn-Intest-Valve,6,6,14,15,7
Pharyn-Intest-Valve,7,0,7,15,8
Pharyn-Intest-Valve,8,8,16,17,9
Pharyn-Intest-Valve,9,10,9,17,18
Pharyn-Intest-Valve,10,10,18,19,11
Pharyn-Intest-Valve,11,12,11,19,20
Pharyn-Intest-Valve,12,12,20,21,13
Pharyn-Intest-Valve,13,14,13,21,22
Pharyn-Intest-Valve,14,14,22,23,15
Pharyn-Intest-Valve,15,8,15,23,16
Pharyn-Intest-Valve,16,25,33,32,24
Pharyn-Intest-Valve,17,25,26,34,33
Pharyn-Intest-Valve,18,27,35,34,26
Pharyn-Intest-Valve,19,27,28,36,35
Pharyn-Intest-Valve,20,29,37,36,28
Pharyn-Intest-Valve,21,29,30,38,37
Pharyn-Intest-Valve,22,31,39,38,30
Pharyn-Intest-Valve,23,31,24,32,39
Pharyn-Intest-Valve,24,40,48,49,41
Pharyn-Intest-Valve,25,40,42,50,48
Pharyn-Intest-Valve,26,43,51,50,42
Pharyn-Intest-Valve,27,43,44,52,51
Pharyn-Intest-Valve,28,45,53,52,44
Pharyn-Intest-Valve,29,45,46,54,53
Pharyn-Intest-Valve,30,47,55,54,46
Pharyn-Intest-Valve,31,47,41,49,55
Pharyn-Intest-Valve,32,32,33,57,56
Pharyn-Intest-Valve,33,56,57,40,41
Pharyn-Intest-Valve,34,34,58,57,33
Pharyn-Intest-Valve,35,58,42,40,57
Pharyn-Intest-Valve,36,34,35,59,58
Pharyn-Intest-Valve,37,58,59,43,42
Pharyn-Intest-Valve,38,36,60,59,35
Pharyn-Intest-Valve,39,60,44,43,59
Pharyn-Intest-Valve,40,36,37,61,60
Pharyn-Intest-Valve,41,60,61,45,44
Pharyn-Intest-Valve,42,38,62,61,37
Pharyn-Intest-Valve,43,62,46,45,61
Pharyn-Intest-Valve,44,38,39,63,62
Pharyn-Intest-Valve,45,62,63,47,46
Pharyn-Intest-Valve,46,32,56,63,39
Pharyn-Intest-Valve,47,56,41,47,63
Pharyn-Intest-Valve,48,16,64,65,17
Pharyn-Intest-Valve,49,18,17,65,66
Pharyn-Intest-Valve,50,18,66,67,19
Pharyn-Intest-Valve,51,20,19,67,68
Pharyn-Intest-Valve,52,20,68,69,21
Pharyn-Intest-Valve,53,22,21,69,70
Pharyn-Intest-Valve,54,22,70,71,23
Pharyn-Intest-Valve,55,16,23,71,64
Pharyn-Intest-Valve,56,72,73,89,88
Pharyn-Intest-Valve,57,72,88,90,74
Pharyn-Intest-Valve,58,75,74,90,91
Pharyn-Intest-Valve,59,75,91,92,76
Pharyn-Intest-Valve,60,77,76,92,93
Pharyn-Intest-Valve,61,77,93,94,78
Pharyn-Intest-Valve,62,79,78,94,95
Pharyn-Intest-Valve,63,79,95,89,73
Pharyn-Intest-Valve,64,65,64,97,96
Pharyn-Intest-Valve,65,96,97,73,72
Pharyn-Intest-Valve,66,65,96,98,66
Pharyn-Intest-Valve,67,96,72,74,98
Pharyn-Intest-Valve,68,67,66,98,99
Pharyn-Intest-Valve,69,99,98,74,75
Pharyn-Intest-Valve,70,67,99,100,68
Pharyn-Intest-Valve,71,99,75,76,100
Pharyn-Intest-Valve,72,69,68,100,101
Pharyn-Intest-Valve,73,101,100,76,77
Pharyn-Intest-Valve,74,69,101,102,70
Pharyn-Intest-Valve,75,101,77,78,102
Pharyn-Intest-Valve,76,71,70,102,103
Pharyn-Intest-Valve,77,103,102,78,79
Pharyn-Intest-Valve,78,71,103,97,64
Pharyn-Intest-Valve,79,103,79,73,97
Pharyn-Intest-Valve,80,50,51,83,82
Pharyn-Intest-Valve,81,51,52,84,83
Pharyn-Intest-Valve,82,52,53,85,84
Pharyn-Intest-Valve,83,48,50,82,81
Pharyn-Intest-Valve,84,48,81,80,49
Pharyn-Intest-Valve,85,49,80,87,55
Pharyn-Intest-Valve,86,54,55,87,86
Pharyn-Intest-Valve,87,53,54,86,85
Pharyn-Intest-Valve,88,89,105,104,88
Pharyn-Intest-Valve,89,88,104,106,90
Pharyn-Intest-Valve,90,90,106,107,91
Pharyn-Intest-Valve,91,91,107,108,92
Pharyn-Intest-Valve,92,92,108,109,93
Pharyn-Intest-Valve,93,93,109,110,94
Pharyn-Intest-Valve,94,94,110,111,95
Pharyn-Intest-Valve,95,95,111,105,89
Pharyn-Intest-Valve,96,105,113,112,104
Pharyn-Intest-Valve,97,113,80,81,112
Pharyn-Intest-Valve,98,104,112,114,106
Pharyn-Intest-Valve,99,112,81,82,114
Pharyn-Intest-Valve,100,106,114,115,107
Pharyn-Intest-Valve,101,114,82,83,115
Pharyn-Intest-Valve,102,107,115,116,108
Pharyn-Intest-Valve,103,115,83,84,116
Pharyn-Intest-Valve,104,108,116,117,109
Pharyn-Intest-Valve,105,116,84,85,117
Pharyn-Intest-Valve,106,109,117,118,110
Pharyn-Intest-Valve,107,117,85,86,118
Pharyn-Intest-Valve,108,110,118,119,111
Pharyn-Intest-Valve,109,118,86,87,119
Pharyn-Intest-Valve,110,111,119,113,105
Pharyn-Intest-Valve,111,119,87,80,113
Pharyn-Intest-Valve,112,24,120,121,25
Pharyn-Intest-Valve,113,120,0,1,121
Pharyn-Intest-Valve,114,2,122,121,1
Pharyn-Intest-Valve,115,122,26,25,121
Pharyn-Intest-Valve,116,3,123,122,2
Pharyn-Intest-Valve,117,123,27,26,122
Pharyn-Intest-Valve,118,4,124,123,3
Pharyn-Intest-Valve,119,124,28,27,123
Pharyn-Intest-Valve,120,5,125,124,4
Pharyn-Intest-Valve,121,125,29,28,124
Pharyn-Intest-Valve,122,6,126,125,5
Pharyn-Intest-Valve,123,126,30,29,125
Pharyn-Intest-Valve,124,7,127,126,6
Pharyn-Intest-Valve,125,127,31,30,126
Pharyn-Intest-Valve,126,0,120,127,7
Pharyn-Intest-Valve,127,120,24,31,127
RICL,0,0,1,2,3
RICL,1,4,7,6,5
RICL,2,0,4,5,1
RICL,3,2,6,7,3
RICL,4,4,0,3,7
RICL,5,6,2,10,8
RICL,6,1,5,9,11
RICL,7,5,6,8,9
RICL,8,2,1,11,10
RICL,9,10,11,12,13
RICL,10,9,8,15,14
RICL,11,11,9,14,12
RICL,12,8,10,13,15
RICL,13,15,13,18,16
RICL,14,12,14,17,19
RICL,15,14,15,16,17
RICL,16,13,12,19,18
RICL,17,18,19,20,21
RICL,18,17,16,23,22
RICL,19,19,17,22,20
RICL,20,16,18,21,23
RICL,21,23,21,26,24
RICL,22,20,22,25,27
RICL,23,22,23,24,25
RICL,24,21,20,27,26
RICL,25,26,27,28,29
RICL,26,25,24,31,30
RICL,27,27,25,30,28
RICL,28,24,26,29,31
RICL,29,31,29,34,32
RICL,30,28,30,33,35
RICL,31,30,31,32,33
RICL,32,29,28,35,34
RICL,33,34,35,36,37
RICL,34,33,32,39,38
RICL,35,35,33,38,36
RICL,36,32,34,37,39
RICL,37,39,37,42,40
RICL,38,36,38,41,43
RICL,39,38,39,40,41
RICL,40,37,36,43,42
RICL,41,44,45,47,46
RICL,42,46,50,54,44
RICL,43,55,51,46,44
RICL,44,45,52,48,47
RICL,45,49,53,45,47
RICL,46,47,48,50,46
RICL,47,51,49,47,46
RICL,48,44,54,52,45
RICL,49,44,45,53,55
RICL,50,54,56,58,52
RICL,51,59,57,55,53
RICL,52,48,62,60,50
RICL,53,61,63,49,51
RICL,54,52,58,62,48
RICL,55,63,59,53,49
RICL,56,50,60,56,54
RICL,57,57,61,51,55
RICL,58,60,66,70,56
RICL,59,71,67,61,57
RICL,60,58,68,64,62
RICL,61,65,69,59,63
RICL,62,62,64,66,60
RICL,63,67,65,63,61
RICL,64,56,70,68,58
RICL,65,69,71,57,59
RICL,66,70,72,74,68
RICL,67,75,73,71,69
RICL,68,64,78,76,66
RICL,69,77,79,65,67
RICL,70,68,74,78,64
RICL,71,79,75,69,65
RICL,72,66,76,72,70
RICL,73,73,77,67,71
RICL,74,76,82,86,72
RICL,75,87,83,77,73
RICL,76,74,84,80,78
RICL,77,81,85,75,79
RICL,78,78,80,82,76
RICL,79,83,81,79,77
RICL,80,72,86,84,74
RICL,81,85,87,73,75
RICL,82,86,88,90,84
RICL,83,91,89,87,85
RICL,84,80,94,92,82
RICL,85,93,95,81,83
RICL,86,84,90,94,80
RICL,87,95,91,85,81
RICL,88,82,92,88,86
RICL,89,89,93,83,87
RICL,90,92,98,102,88
RICL,91,103,99,93,89
RICL,92,90,100,96,94
RICL,93,97,101,91,95
RICL,94,94,96,98,92
RICL,95,99,97,95,93
RICL,96,88,102,100,90
RICL,97,101,103,89,91
RICL,98,99,103,101,97
RICL,99,42,43,96,100
RICL,100,41,40,102,98
RICL,101,43,41,98,96
RICL,102,40,42,100,102
RICR,0,3,61,63,1
RICR,1,5,62,60,7
RICR,2,1,63,62,5
RICR,3,7,60,61,3
RICR,4,2,0,4,6
RICR,5,14,0,2,12
RICR,6,3,1,15,13
RICR,7,8,6,4,10
RICR,8,5,7,9,11
RICR,9,12,2,6,8
RICR,10,7,3,13,9
RICR,11,0,14,10,4
RICR,12,1,5,11,15
RICR,13,20,10,14,16
RICR,14,15,11,21,17
RICR,15,18,12,8,22
RICR,16,9,13,19,23
RICR,17,22,8,10,20
RICR,18,11,9,23,21
RICR,19,16,14,12,18
RICR,20,13,15,17,19
RICR,21,30,16,18,28
RICR,22,19,17,31,29
RICR,23,24,22,20,26
RICR,24,21,23,25,27
RICR,25,28,18,22,24
RICR,26,23,19,29,25
RICR,27,26,20,16,30
RICR,28,17,21,27,31
RICR,29,36,26,30,32
RICR,30,31,27,37,33
RICR,31,34,28,24,38
RICR,32,25,29,35,39
RICR,33,38,24,26,36
RICR,34,27,25,39,37
RICR,35,32,30,28,34
RICR,36,29,31,33,35
RICR,37,46,32,34,44
RICR,38,35,33,47,45
RICR,39,40,38,36,42
RICR,40,37,39,41,43
RICR,41,44,34,38,40
RICR,42,39,35,45,41
RICR,43,42,36,32,46
RICR,44,33,37,43,47
RICR,45,52,42,46,48
RICR,46,47,43,53,49
RICR,47,50,44,40,54
RICR,48,41,45,51,55
RICR,49,54,40,42,52
RICR,50,43,41,55,53
RICR,51,48,46,44,50
RICR,52,45,47,49,51
RICR,53,50,58,59,48
RICR,54,51,49,59,58
RICR,55,56,54,52,57
RICR,56,53,55,56,57
RICR,57,58,50,54,56
RICR,58,55,51,58,56
RICR,59,57,52,48,59
RICR,60,49,53,57,59
RICR,61,56,58,59,57
RICR,62,60,67,66,61
RICR,63,63,64,65,62
RICR,64,62,65,67,60
RICR,65,61,66,64,63
RICR,66,66,69,71,64
RICR,67,65,70,68,67
RICR,68,64,71,70,65
RICR,69,67,68,69,66
RICR,70,68,75,74,69
RICR,71,71,72,73,70
RICR,72,70,73,75,68
RICR,73,69,74,72,71
RICR,74,74,77,79,72
RICR,75,73,78,76,75
RICR,76,72,79,78,73
RICR,77,75,76,77,74
RICR,78,76,83,82,77
RICR,79,79,80,81,78
RICR,80,78,81,83,76
RICR,81,77,82,80,79
RICR,82,82,85,87,80
RICR,83,81,86,84,83
RICR,84,80,87,86,81
RICR,85,83,84,85,82
RICR,86,84,91,90,85
RICR,87,87,88,89,86
RICR,88,86,89,91,84
RICR,89,85,90,88,87
RICR,90,90,93,95,88
RICR,91,89,94,92,91
RICR,92,88,95,94,89
RICR,93,91,92,93,90
RICR,94,92,102,101,93
RICR,95,95,97,98,94
RICR,96,94,98,102,92
RICR,97,93,101,97,95
RICR,98,100,103,99,96
RICR,99,96,97,101,100
RICR,100,98,99,103,102
RICR,101,97,96,99,98
RICR,102,101,102,103,100
RIH,0,3,1,8,4
RIH,1,9,1,3,5
RIH,2,0,2,6,10
RIH,3,0,11,7,2
RIH,4,1,0,10,8
RIH,5,11,0,1,9
RIH,6,2,3,4,6
RIH,7,5,3,2,7
RIH,8,6,4,18,16
RIH,9,8,10,12,14
RIH,10,10,6,16,12
RIH,11,4,8,14,18
RIH,12,18,14,24,20
RIH,13,25,15,19,21
RIH,14,12,16,22,26
RIH,15,23,17,13,27
RIH,16,14,12,26,24
RIH,17,27,13,15,25
RIH,18,16,18,20,22
RIH,19,21,19,17,23
RIH,20,22,20,34,32
RIH,21,35,21,23,33
RIH,22,24,26,28,30
RIH,23,29,27,25,31
RIH,24,26,22,32,28
RIH,25,33,23,27,29
RIH,26,20,24,30,34
RIH,27,31,25,21,35
RIH,28,34,30,40,36
RIH,29,41,31,35,37
RIH,30,28,32,38,42
RIH,31,39,33,29,43
RIH,32,30,28,42,40
RIH,33,43,29,31,41
RIH,34,32,34,36,38
RIH,35,37,35,33,39
RIH,36,38,36,50,48
RIH,37,51,37,39,49
RIH,38,40,42,44,46
RIH,39,45,43,41,47
RIH,40,42,38,48,44
RIH,41,49,39,43,45
RIH,42,36,40,46,50
RIH,43,47,41,37,51
RIH,44,50,46,56,52
RIH,45,57,47,51,53
RIH,46,44,48,54,58
RIH,47,55,49,45,59
RIH,48,46,44,58,56
RIH,49,59,45,47,57
RIH,50,48,50,52,54
RIH,51,53,51,49,55
RIH,52,17,19,63,60
RIH,53,60,63,5,7
RIH,54,15,13,61,62
RIH,55,62,61,11,9
RIH,56,13,17,60,61
RIH,57,61,60,7,11
RIH,58,63,62,9,5
RIH,59,66,67,64,65
RIH,60,68,71,70,69
RIH,61,65,69,70,66
RIH,62,66,70,71,67
RIH,63,67,71,68,64
RIH,64,63,72,73,62
RIH,65,19,74,72,63
RIH,66,62,73,75,15
RIH,67,15,75,74,19
RIH,68,75,76,77,74
RIH,69,73,78,76,75
RIH,70,74,77,79,72
RIH,71,72,79,78,73
RIH,72,79,80,81,78
RIH,73,77,82,80,79
RIH,74,78,81,83,76
RIH,75,76,83,82,77
RIH,76,80,84,85,81
RIH,77,82,86,84,80
RIH,78,81,85,87,83
RIH,79,83,87,86,82
RIH,80,84,89,88,85
RIH,81,86,90,89,84
RIH,82,85,88,91,87
RIH,83,87,91,90,86
RIH,84,89,93,92,88
RIH,85,90,94,93,89
RIH,86,88,92,95,91
RIH,87,91,95,94,90
RIH,88,93,97,96,92
RIH,89,94,98,97,93
RIH,90,92,96,99,95
RIH,91,95,99,98,94
RIH,92,97,100,101,96
RIH,93,98,102,100,97
RIH,94,96,101,119,99
RIH,95,99,119,102,98
RIH,96,64,68,104,106
RIH,97,69,65,105,103
RIH,98,68,69,103,104
RIH,99,65,64,106,105
RIH,100,105,106,107,108
RIH,101,104,103,110,109
RIH,102,103,105,108,110
RIH,103,106,104,109,107
RIH,104,108,107,112,111
RIH,105,109,110,114,113
RIH,106,110,108,111,114
RIH,107,107,109,113,112
RIH,108,111,112,115,116
RIH,109,113,114,118,117
RIH,110,114,111,116,118
RIH,111,112,113,117,115
RIH,112,116,115,119,101
RIH,113,117,118,100,102
RIH,114,118,116,101,100
RIH,115,115,117,102,119
RIH,116,52,120,121,54
RIH,117,58,123,122,56
RIH,118,54,121,123,58
RIH,119,56,122,120,52
RIH,120,121,120,122,123
RIH,121,55,125,124,53
RIH,122,57,126,127,59
RIH,123,59,127,125,55
RIH,124,53,124,126,57
RIH,125,125,127,126,124
RIML,0,0,1,2,3
RIML,1,4,7,6,5
RIML,2,0,4,5,1
RIML,3,1,5,6,2
RIML,4,2,6,7,3
RIML,5,10,8,22,20
RIML,6,23,9,11,21
RIML,7,12,14,16,18
RIML,8,17,15,13,19
RIML,9,14,10,20,16
RIML,10,21,11,15,17
RIML,11,8,12,18,22
RIML,12,19,13,9,23
RIML,13,22,18,28,24
RIML,14,29,19,23,25
RIML,15,16,20,26,30
RIML,16,27,21,17,31
RIML,17,18,16,30,28
RIML,18,31,17,19,29
RIML,19,20,22,24,26
RIML,20,25,23,21,27
RIML,21,26,24,38,36
RIML,22,39,25,27,37
RIML,23,28,30,32,34
RIML,24,33,31,29,35
RIML,25,30,26,36,32
RIML,26,37,27,31,33
RIML,27,24,28,34,38
RIML,28,35,29,25,39
RIML,29,38,34,44,40
RIML,30,45,35,39,41
RIML,31,32,36,42,46
RIML,32,43,37,33,47
RIML,33,34,32,46,44
RIML,34,47,33,35,45
RIML,35,36,38,40,42
RIML,36,41,39,37,43
RIML,37,42,40,54,52
RIML,38,55,41,43,53
RIML,39,44,46,48,50
RIML,40,49,47,45,51
RIML,41,46,42,52,48
RIML,42,53,43,47,49
RIML,43,40,44,50,54
RIML,44,51,45,41,55
RIML,45,54,50,60,56
RIML,46,61,51,55,57
RIML,47,48,52,58,62
RIML,48,59,53,49,63
RIML,49,50,48,62,60
RIML,50,63,49,51,61
RIML,51,52,54,56,58
RIML,52,57,55,53,59
RIML,53,67,66,58,56
RIML,54,67,57,59,66
RIML,55,60,62,64,65
RIML,56,64,63,61,65
RIML,57,62,58,66,64
RIML,58,66,59,63,64
RIML,59,56,60,65,67
RIML,60,65,61,57,67
RIML,61,10,69,68,8
RIML,62,12,70,71,14
RIML,63,14,71,69,10
RIML,64,8,68,70,12
RIML,65,68,69,71,70
RIML,66,9,72,73,11
RIML,67,15,75,74,13
RIML,68,11,73,75,15
RIML,69,13,74,72,9
RIML,70,72,77,76,73
RIML,71,75,78,79,74
RIML,72,73,76,78,75
RIML,73,74,79,77,72
RIML,74,77,80,81,76
RIML,75,78,82,83,79
RIML,76,79,83,80,77
RIML,77,80,85,84,81
RIML,78,82,86,87,83
RIML,79,81,84,86,82
RIML,80,83,87,85,80
RIML,81,85,88,89,84
RIML,82,86,90,91,87
RIML,83,87,91,88,85
RIML,84,88,92,93,89
RIML,85,90,95,94,91
RIML,86,89,93,95,90
RIML,87,91,94,92,88
RIML,88,92,96,97,93
RIML,89,95,99,98,94
RIML,90,93,97,99,95
RIML,91,94,98,96,92
RIML,92,96,100,101,97
RIML,93,99,103,102,98
RIML,94,97,101,103,99
RIML,95,98,102,100,96
RIML,96,100,105,104,101
RIML,97,103,107,106,102
RIML,98,101,104,107,103
RIML,99,102,106,105,100
RIML,100,105,108,109,104
RIML,101,107,111,110,106
RIML,102,104,109,111,107
RIML,103,106,110,108,105
RIML,104,3,7,112,114
RIML,105,4,0,115,113
RIML,106,7,4,113,112
RIML,107,0,3,114,115
RIML,108,115,114,117,116
RIML,109,112,113,118,119
RIML,110,113,115,116,118
RIML,111,114,112,119,117
RIML,112,116,117,120,121
RIML,113,119,118,122,123
RIML,114,118,116,121,122
RIML,115,117,119,123,120
RIML,116,121,120,110,111
RIML,117,123,122,109,108
RIML,118,122,121,111,109
RIML,119,120,123,108,110
RIML,120,90,124,125,89
RIML,121,86,126,124,90
RIML,122,89,125,127,84
RIML,123,84,127,126,86
RIML,124,127,128,129,126
RIML,125,125,130,128,127
RIML,126,126,129,131,124
RIML,127,124,131,130,125
RIML,128,131,132,133,130
RIML,129,129,134,132,131
RIML,130,130,133,135,128
RIML,131,128,135,134,129
RIML,132,135,133,132,134
RIML,133,82,136,137,81
RIML,134,78,138,136,82
RIML,135,81,137,139,76
RIML,136,76,139,138,78
RIML,137,139,140,141,138
RIML,138,137,142,140,139
RIML,139,138,141,143,136
RIML,140,136,143,142,137
RIML,141,143,144,145,142
RIML,142,141,146,144,143
RIML,143,142,145,147,140
RIML,144,140,147,146,141
RIML,145,147,145,144,146
RIMR,0,0,1,3,2
RIMR,1,1,0,7,6
RIMR,2,0,2,5,7
RIMR,3,3,1,6,4
RIMR,4,2,3,4,5
RIMR,5,5,4,11,10
RIMR,6,4,6,9,11
RIMR,7,7,5,10,8
RIMR,8,6,7,8,9
RIMR,9,9,8,71,69
RIMR,10,8,10,66,71
RIMR,11,11,9,69,65
RIMR,12,10,11,65,66
RIMR,13,15,14,12,13
RIMR,14,13,12,19,18
RIMR,15,12,14,17,19
RIMR,16,15,13,18,16
RIMR,17,14,15,16,17
RIMR,18,17,16,23,22
RIMR,19,16,18,21,23
RIMR,20,19,17,22,20
RIMR,21,18,19,20,21
RIMR,22,21,20,63,61
RIMR,23,20,22,58,63
RIMR,24,23,21,61,57
RIMR,25,22,23,57,58
RIMR,26,39,24,27,37
RIMR,27,36,26,25,38
RIMR,28,38,25,24,39
RIMR,29,37,27,26,36
RIMR,30,24,28,30,27
RIMR,31,26,31,29,25
RIMR,32,25,29,28,24
RIMR,33,27,30,31,26
RIMR,34,28,35,33,30
RIMR,35,31,32,34,29
RIMR,36,29,34,35,28
RIMR,37,30,33,32,31
RIMR,38,33,144,147,32
RIMR,39,34,143,140,35
RIMR,40,32,147,143,34
RIMR,41,35,140,144,33
RIMR,42,39,37,41,42
RIMR,43,36,38,43,40
RIMR,44,37,36,40,41
RIMR,45,38,39,42,43
RIMR,46,42,41,45,47
RIMR,47,40,43,46,44
RIMR,48,41,40,44,45
RIMR,49,43,42,47,46
RIMR,50,47,45,49,51
RIMR,51,44,46,50,48
RIMR,52,45,44,48,49
RIMR,53,46,47,51,50
RIMR,54,51,49,53,55
RIMR,55,48,50,54,52
RIMR,56,49,48,52,53
RIMR,57,50,51,55,54
RIMR,58,55,53,56,59
RIMR,59,52,54,58,57
RIMR,60,53,52,57,56
RIMR,61,54,55,59,58
RIMR,62,59,56,60,62
RIMR,63,56,57,61,60
RIMR,64,58,59,62,63
RIMR,65,62,60,64,67
RIMR,66,61,63,66,65
RIMR,67,60,61,65,64
RIMR,68,63,62,67,66
RIMR,69,67,64,68,70
RIMR,70,64,65,69,68
RIMR,71,66,67,70,71
RIMR,72,70,68,73,75
RIMR,73,69,71,74,72
RIMR,74,68,69,72,73
RIMR,75,71,70,75,74
RIMR,76,75,73,134,138
RIMR,77,72,74,136,132
RIMR,78,73,72,132,134
RIMR,79,74,75,138,136
RIMR,80,76,78,79,77
RIMR,81,77,79,139,135
RIMR,82,78,76,133,137
RIMR,83,76,77,135,133
RIMR,84,79,78,137,139
RIMR,85,90,86,82,80
RIMR,86,82,87,91,80
RIMR,87,84,88,81,83
RIMR,88,81,89,85,83
RIMR,89,86,84,83,82
RIMR,90,83,85,87,82
RIMR,91,88,90,80,81
RIMR,92,89,81,80,91
RIMR,93,94,92,90,88
RIMR,94,91,93,95,89
RIMR,95,96,98,84,86
RIMR,96,85,99,97,87
RIMR,97,98,94,88,84
RIMR,98,89,95,99,85
RIMR,99,92,96,86,90
RIMR,100,87,97,93,91
RIMR,101,106,102,96,92
RIMR,102,97,103,107,93
RIMR,103,100,104,94,98
RIMR,104,95,105,101,99
RIMR,105,102,100,98,96
RIMR,106,99,101,103,97
RIMR,107,104,106,92,94
RIMR,108,93,107,105,95
RIMR,109,110,108,106,104
RIMR,110,107,109,111,105
RIMR,111,112,114,100,102
RIMR,112,101,115,113,103
RIMR,113,114,110,104,100
RIMR,114,105,111,115,101
RIMR,115,108,112,102,106
RIMR,116,103,113,109,107
RIMR,117,122,118,112,108
RIMR,118,113,119,123,109
RIMR,119,116,120,110,114
RIMR,120,111,121,117,115
RIMR,121,118,116,114,112
RIMR,122,115,117,119,113
RIMR,123,120,122,108,110
RIMR,124,109,123,121,111
RIMR,125,126,124,122,120
RIMR,126,123,125,127,121
RIMR,127,128,130,116,118
RIMR,128,117,131,129,119
RIMR,129,130,126,120,116
RIMR,130,121,127,131,117
RIMR,131,124,128,118,122
RIMR,132,119,129,125,123
RIMR,133,138,134,128,124
RIMR,134,129,135,139,125
RIMR,135,132,136,126,130
RIMR,136,127,137,133,131
RIMR,137,134,132,130,128
RIMR,138,131,133,135,129
RIMR,139,136,138,124,126
RIMR,140,125,139,137,127
RIMR,141,140,141,145,144
RIMR,142,141,142,146,145
RIMR,143,142,143,147,146
RIMR,144,141,140,143,142
RIMR,145,145,146,147,144
RIR,0,6,4,10,8
RIR,1,11,5,7,9
RIR,2,0,2,12,14
RIR,3,13,3,1,15
RIR,4,4,0,14,10
RIR,5,15,1,5,11
RIR,6,2,6,8,12
RIR,7,9,7,3,13
RIR,8,12,8,22,18
RIR,9,23,9,13,19
RIR,10,10,14,16,20
RIR,11,17,15,11,21
RIR,12,14,12,18,16
RIR,13,19,13,15,17
RIR,14,8,10,20,22
RIR,15,21,11,9,23
RIR,16,22,20,26,24
RIR,17,27,21,23,25
RIR,18,16,18,28,30
RIR,19,29,19,17,31
RIR,20,20,16,30,26
RIR,21,31,17,21,27
RIR,22,18,22,24,28
RIR,23,25,23,19,29
RIR,24,28,24,38,34
RIR,25,39,25,29,35
RIR,26,26,30,32,36
RIR,27,33,31,27,37
RIR,28,30,28,34,32
RIR,29,35,29,31,33
RIR,30,24,26,36,38
RIR,31,37,27,25,39
RIR,32,38,36,42,40
RIR,33,43,37,39,41
RIR,34,32,34,44,46
RIR,35,45,35,33,47
RIR,36,36,32,46,42
RIR,37,47,33,37,43
RIR,38,34,38,40,44
RIR,39,41,39,35,45
RIR,40,44,40,54,50
RIR,41,55,41,45,51
RIR,42,42,46,48,52
RIR,43,49,47,43,53
RIR,44,46,44,50,48
RIR,45,51,45,47,49
RIR,46,40,42,52,54
RIR,47,53,43,41,55
RIR,48,57,53,55,56
RIR,49,58,51,49,59
RIR,50,59,49,53,57
RIR,51,56,55,51,58
RIR,52,62,61,60,63
RIR,53,60,61,65,64
RIR,54,61,62,66,65
RIR,55,62,63,67,66
RIR,56,63,60,64,67
RIR,57,3,7,69,68
RIR,58,5,1,70,71
RIR,59,1,3,68,70
RIR,60,7,5,71,69
RIR,61,69,71,70,68
RIR,62,6,2,72,73
RIR,63,0,4,75,74
RIR,64,2,0,74,72
RIR,65,4,6,73,75
RIR,66,73,72,74,75
RIR,67,52,76,77,54
RIR,68,76,57,56,77
RIR,69,50,78,79,48
RIR,70,78,58,59,79
RIR,71,48,79,76,52
RIR,72,79,59,57,76
RIR,73,54,77,78,50
RIR,74,78,77,81,80
RIR,75,58,78,80,82
RIR,76,77,56,83,81
RIR,77,56,58,82,83
RIR,78,80,81,84,85
RIR,79,82,80,85,86
RIR,80,81,83,87,84
RIR,81,83,82,86,87
RIR,82,85,84,88,89
RIR,83,86,85,89,90
RIR,84,84,87,91,88
RIR,85,87,86,90,91
RIR,86,89,88,92,93
RIR,87,90,89,93,94
RIR,88,88,91,95,92
RIR,89,91,90,94,95
RIR,90,93,92,105,106
RIR,91,94,93,106,96
RIR,92,92,95,107,105
RIR,93,95,94,96,107
RIR,94,64,100,97,67
RIR,95,67,97,98,66
RIR,96,66,98,99,65
RIR,97,65,99,100,64
RIR,98,99,102,101,100
RIR,99,98,103,102,99
RIR,100,97,104,103,98
RIR,101,100,101,104,97
RIR,102,102,106,105,101
RIR,103,103,96,106,102
RIR,104,104,107,96,103
RIR,105,101,105,107,104
Seam_Cells_Left,0,0,3,2,1
Seam_Cells_Left,1,2,5,6,1
Seam_Cells_Left,2,7,0,1,6
Seam_Cells_Left,3,0,7,4,3
Seam_Cells_Left,4,3,4,5,2
Seam_Cells_Left,5,4,11,10,5
Seam_Cells_Left,6,7,8,11,4
Seam_Cells_Left,7,6,9,8,7
Seam_Cells_Left,8,5,10,9,6
Seam_Cells_Left,9,10,13,14,9
Seam_Cells_Left,10,9,14,15,8
Seam_Cells_Left,11,8,15,12,11
Seam_Cells_Left,12,11,12,13,10
Seam_Cells_Left,13,12,23,22,13
Seam_Cells_Left,14,15,20,23,12
Seam_Cells_Left,15,14,21,20,15
Seam_Cells_Left,16,13,22,21,14
Seam_Cells_Left,17,21,22,18,16
Seam_Cells_Left,18,16,18,25,26
Seam_Cells_Left,19,20,21,16,17
Seam_Cells_Left,20,17,16,26,27
Seam_Cells_Left,21,23,20,17,19
Seam_Cells_Left,22,19,17,27,24
Seam_Cells_Left,23,22,23,19,18
Seam_Cells_Left,24,18,19,24,25
Seam_Cells_Left,25,24,31,30,25
Seam_Cells_Left,26,27,28,31,24
Seam_Cells_Left,27,26,29,28,27
Seam_Cells_Left,28,25,30,29,26
Seam_Cells_Left,29,30,33,34,29
Seam_Cells_Left,30,29,34,35,28
Seam_Cells_Left,31,28,35,32,31
Seam_Cells_Left,32,31,32,33,30
Seam_Cells_Left,33,32,39,38,33
Seam_Cells_Left,34,35,36,39,32
Seam_Cells_Left,35,34,37,36,35
Seam_Cells_Left,36,33,38,37,34
Seam_Cells_Left,37,38,41,42,37
Seam_Cells_Left,38,37,42,43,36
Seam_Cells_Left,39,36,43,40,39
Seam_Cells_Left,40,39,40,41,38
Seam_Cells_Left,41,40,47,46,41
Seam_Cells_Left,42,43,44,47,40
Seam_Cells_Left,43,42,45,44,43
Seam_Cells_Left,44,41,46,45,42
Seam_Cells_Left,45,46,49,50,45
Seam_Cells_Left,46,45,50,51,44
Seam_Cells_Left,47,44,51,48,47
Seam_Cells_Left,48,47,48,49,46
Seam_Cells_Left,49,48,55,54,49
Seam_Cells_Left,50,51,52,55,48
Seam_Cells_Left,51,50,53,52,51
Seam_Cells_Left,52,49,54,53,50
Seam_Cells_Left,53,54,57,58,53
Seam_Cells_Left,54,53,58,59,52
Seam_Cells_Left,55,52,59,56,55
Seam_Cells_Left,56,55,56,57,54
Seam_Cells_Left,57,56,63,62,57
Seam_Cells_Left,58,59,60,63,56
Seam_Cells_Left,59,58,61,60,59
Seam_Cells_Left,60,57,62,61,58
Seam_Cells_Left,61,62,65,66,61
Seam_Cells_Left,62,61,66,67,60
Seam_Cells_Left,63,60,67,64,63
Seam_Cells_Left,64,63,64,65,62
Seam_Cells_Left,65,64,71,70,65
Seam_Cells_Left,66,67,68,71,64
Seam_Cells_Left,67,66,69,68,67
Seam_Cells_Left,68,65,70,69,66
Seam_Cells_Left,69,70,73,74,69
Seam_Cells_Left,70,69,74,75,68
Seam_Cells_Left,71,68,75,72,71
Seam_Cells_Left,72,71,72,73,70
Seam_Cells_Left,73,72,79,78,73
Seam_Cells_Left,74,75,76,79,72
Seam_Cells_Left,75,74,77,76,75
Seam_Cells_Left,76,73,78,77,74
Seam_Cells_Left,77,78,81,82,77
Seam_Cells_Left,78,77,82,83,76
Seam_Cells_Left,79,76,83,80,79
Seam_Cells_Left,80,79,80,81,78
Seam_Cells_Left,81,80,87,86,81
Seam_Cells_Left,82,83,84,87,80
Seam_Cells_Left,83,82,85,84,83
Seam_Cells_Left,84,81,86,85,82
Seam_Cells_Left,85,86,89,90,85
Seam_Cells_Left,86,85,90,91,84
Seam_Cells_Left,87,84,91,88,87
Seam_Cells_Left,88,87,88,89,86
Seam_Cells_Left,89,88,95,94,89
Seam_Cells_Left,90,91,92,95,88
Seam_Cells_Left,91,90,93,92,91
Seam_Cells_Left,92,89,94,93,90
Seam_Cells_Left,93,94,97,98,93
Seam_Cells_Left,94,93,98,99,92
Seam_Cells_Left,95,92,99,96,95
Seam_Cells_Left,96,95,96,97,94
Seam_Cells_Left,97,96,103,102,97
Seam_Cells_Left,98,99,100,103,96
Seam_Cells_Left,99,98,101,100,99
Seam_Cells_Left,100,97,102,101,98
Seam_Cells_Left,101,102,105,106,101
Seam_Cells_Left,102,101,106,107,100
Seam_Cells_Left,103,100,107,104,103
Seam_Cells_Left,104,103,104,105,102
Seam_Cells_Left,105,104,111,110,105
Seam_Cells_Left,106,107,108,111,104
Seam_Cells_Left,107,106,109,108,107
Seam_Cells_Left,108,105,110,109,106
Seam_Cells_Left,109,110,113,114,109
Seam_Cells_Left,110,109,114,115,108
Seam_Cells_Left,111,108,115,112,111
Seam_Cells_Left,112,111,112,113,110
Seam_Cells_Left,113,112,119,118,113
Seam_Cells_Left,114,115,116,119,112
Seam_Cells_Left,115,114,117,116,115
Seam_Cells_Left,116,113,118,117,114
Seam_Cells_Left,117,118,121,122,117
Seam_Cells_Left,118,117,122,123,116
Seam_Cells_Left,119,116,123,120,119
Seam_Cells_Left,120,119,120,121,118
Seam_Cells_Left,121,120,127,126,121
Seam_Cells_Left,122,123,124,127,120
Seam_Cells_Left,123,122,125,124,123
Seam_Cells_Left,124,121,126,125,122
Seam_Cells_Left,125,126,129,130,125
Seam_Cells_Left,126,125,130,131,124
Seam_Cells_Left,127,124,131,128,127
Seam_Cells_Left,128,127,128,129,126
Seam_Cells_Left,129,128,135,134,129
Seam_Cells_Left,130,131,132,135,128
Seam_Cells_Left,131,130,133,132,131
Seam_Cells_Left,132,129,134,133,130
Seam_Cells_Left,133,134,137,138,133
Seam_Cells_Left,134,133,138,139,132
Seam_Cells_Left,135,132,139,136,135
Seam_Cells_Left,136,135,136,137,134
Seam_Cells_Left,137,136,143,142,137
Seam_Cells_Left,138,139,140,143,136
Seam_Cells_Left,139,138,141,140,139
Seam_Cells_Left,140,137,142,141,138
Seam_Cells_Left,141,142,145,146,141
Seam_Cells_Left,142,141,146,147,140
Seam_Cells_Left,143,140,147,144,143
Seam_Cells_Left,144,143,144,145,142
Seam_Cells_Left,145,144,151,150,145
Seam_Cells_Left,146,147,148,151,144
Seam_Cells_Left,147,146,149,148,147
Seam_Cells_Left,148,145,150,149,146
Seam_Cells_Left,149,150,153,154,149
Seam_Cells_Left,150,149,154,155,148
Seam_Cells_Left,151,148,155,152,151
Seam_Cells_Left,152,151,152,153,150
Seam_Cells_Left,153,152,159,158,153
Seam_Cells_Left,154,155,156,159,152
Seam_Cells_Left,155,154,157,156,155
Seam_Cells_Left,156,153,158,157,154
Seam_Cells_Left,157,158,161,162,157
Seam_Cells_Left,158,157,162,163,156
Seam_Cells_Left,159,156,163,160,159
Seam_Cells_Left,160,159,160,161,158
Seam_Cells_Left,161,160,167,166,161
Seam_Cells_Left,162,163,164,167,160
Seam_Cells_Left,163,162,165,164,163
Seam_Cells_Left,164,161,166,165,162
Seam_Cells_Left,165,166,169,170,165
Seam_Cells_Left,166,165,170,171,164
Seam_Cells_Left,167,164,171,168,167
Seam_Cells_Left,168,167,168,169,166
Seam_Cells_Left,169,168,175,174,169
Seam_Cells_Left,170,171,172,175,168
Seam_Cells_Left,171,170,173,172,171
Seam_Cells_Left,172,169,174,173,170
Seam_Cells_Left,173,174,177,178,173
Seam_Cells_Left,174,173,178,179,172
Seam_Cells_Left,175,172,179,176,175
Seam_Cells_Left,176,175,176,177,174
Seam_Cells_Left,177,176,183,182,177
Seam_Cells_Left,178,179,180,183,176
Seam_Cells_Left,179,178,181,180,179
Seam_Cells_Left,180,177,182,181,178
Seam_Cells_Left,181,182,185,186,181
Seam_Cells_Left,182,181,186,187,180
Seam_Cells_Left,183,180,187,184,183
Seam_Cells_Left,184,183,184,185,182
Seam_Cells_Left,185,184,191,190,185
Seam_Cells_Left,186,187,188,191,184
Seam_Cells_Left,187,186,189,188,187
Seam_Cells_Left,188,185,190,189,186
Seam_Cells_Left,189,190,193,194,189
Seam_Cells_Left,190,189,194,195,188
Seam_Cells_Left,191,188,195,192,191
Seam_Cells_Left,192,191,192,193,190
Seam_Cells_Left,193,192,199,198,193
Seam_Cells_Left,194,195,196,199,192
Seam_Cells_Left,195,194,197,196,195
Seam_Cells_Left,196,193,198,197,194
Seam_Cells_Left,197,198,201,202,197
Seam_Cells_Left,198,197,202,203,196
Seam_Cells_Left,199,196,203,200,199
Seam_Cells_Left,200,199,200,201,198
Seam_Cells_Left,201,200,207,206,201
Seam_Cells_Left,202,203,204,207,200
Seam_Cells_Left,203,202,205,204,203
Seam_Cells_Left,204,201,206,205,202
Seam_Cells_Left,205,206,209,210,205
Seam_Cells_Left,206,205,210,211,204
Seam_Cells_Left,207,204,211,208,207
Seam_Cells_Left,208,207,208,209,206
Seam_Cells_Left,209,208,215,214,209
Seam_Cells_Left,210,211,212,215,208
Seam_Cells_Left,211,210,213,212,211
Seam_Cells_Left,212,209,214,213,210
Seam_Cells_Left,213,214,217,218,213
Seam_Cells_Left,214,213,218,219,212
Seam_Cells_Left,215,212,219,216,215
Seam_Cells_Left,216,215,216,217,214
Seam_Cells_Left,217,216,223,222,217
Seam_Cells_Left,218,219,220,223,216
Seam_Cells_Left,219,218,221,220,219
Seam_Cells_Left,220,217,222,221,218
Seam_Cells_Left,221,222,225,226,221
Seam_Cells_Left,222,221,226,227,220
Seam_Cells_Left,223,220,227,224,223
Seam_Cells_Left,224,223,224,225,222
Seam_Cells_Left,225,224,231,230,225
Seam_Cells_Left,226,227,228,231,224
Seam_Cells_Left,227,226,229,228,227
Seam_Cells_Left,228,225,230,229,226
Seam_Cells_Left,229,230,233,234,229
Seam_Cells_Left,230,229,234,235,228
Seam_Cells_Left,231,228,235,232,231
Seam_Cells_Left,232,231,232,233,230
Seam_Cells_Left,233,232,239,238,233
Seam_Cells_Left,234,235,236,239,232
Seam_Cells_Left,235,234,237,236,235
Seam_Cells_Left,236,233,238,237,234
Seam_Cells_Left,237,238,241,242,237
Seam_Cells_Left,238,237,242,243,236
Seam_Cells_Left,239,236,243,240,239
Seam_Cells_Left,240,239,240,241,238
Seam_Cells_Left,241,240,247,246,241
Seam_Cells_Left,242,243,244,247,240
Seam_Cells_Left,243,242,245,244,243
Seam_Cells_Left,244,241,246,245,242
Seam_Cells_Left,245,246,249,250,245
Seam_Cells_Left,246,245,250,251,244
Seam_Cells_Left,247,244,251,248,247
Seam_Cells_Left,248,247,248,249,246
Seam_Cells_Left,249,248,255,254,249
Seam_Cells_Left,250,251,252,255,248
Seam_Cells_Left,251,250,253,252,251
Seam_Cells_Left,252,249,254,253,250
Seam_Cells_Left,253,254,257,258,253
Seam_Cells_Left,254,253,258,259,252
Seam_Cells_Left,255,252,259,256,255
Seam_Cells_Left,256,255,256,257,254
Seam_Cells_Left,257,256,263,262,257
Seam_Cells_Left,258,259,260,263,256
Seam_Cells_Left,259,258,261,260,259
Seam_Cells_Left,260,257,262,261,258
Seam_Cells_Left,261,262,265,266,261
Seam_Cells_Left,262,261,266,267,260
Seam_Cells_Left,263,260,267,264,263
Seam_Cells_Left,264,263,264,265,262
Seam_Cells_Left,265,264,271,270,265
Seam_Cells_Left,266,267,268,271,264
Seam_Cells_Left,267,266,269,268,267
Seam_Cells_Left,268,265,270,269,266
Seam_Cells_Left,269,270,273,274,269
Seam_Cells_Left,270,269,274,275,268
Seam_Cells_Left,271,268,275,272,271
Seam_Cells_Left,272,271,272,273,270
Seam_Cells_Left,273,272,279,278,273
Seam_Cells_Left,274,275,276,279,272
Seam_Cells_Left,275,274,277,276,275
Seam_Cells_Left,276,273,278,277,274
Seam_Cells_Left,277,278,281,282,277
Seam_Cells_Left,278,277,282,283,276
Seam_Cells_Left,279,276,283,280,279
Seam_Cells_Left,280,279,280,281,278
Seam_Cells_Left,281,280,287,286,281
Seam_Cells_Left,282,283,284,287,280
Seam_Cells_Left,283,282,285,284,283
Seam_Cells_Left,284,281,286,285,282
Seam_Cells_Left,285,286,289,290,285
Seam_Cells_Left,286,285,290,291,284
Seam_Cells_Left,287,284,291,288,287
Seam_Cells_Left,288,287,288,289,286
Seam_Cells_Left,289,288,295,294,289
Seam_Cells_Left,290,291,292,295,288
Seam_Cells_Left,291,290,293,292,291
Seam_Cells_Left,292,289,294,293,290
Seam_Cells_Left,293,294,297,298,293
Seam_Cells_Left,294,293,298,299,292
Seam_Cells_Left,295,292,299,296,295
Seam_Cells_Left,296,295,296,297,294
Seam_Cells_Left,297,296,303,302,297
Seam_Cells_Left,298,299,300,303,296
Seam_Cells_Left,299,298,301,300,299
Seam_Cells_Left,300,297,302,301,298
Seam_Cells_Left,301,302,305,306,301
Seam_Cells_Left,302,301,306,307,300
Seam_Cells_Left,303,300,307,304,303
Seam_Cells_Left,304,303,304,305,302
Seam_Cells_Left,305,304,311,310,305
Seam_Cells_Left,306,307,308,311,304
Seam_Cells_Left,307,306,309,308,307
Seam_Cells_Left,308,305,310,309,306
Seam_Cells_Left,309,310,313,314,309
Seam_Cells_Left,310,309,314,315,308
Seam_Cells_Left,311,308,315,312,311
Seam_Cells_Left,312,311,312,313,310
Seam_Cells_Left,313,312,319,318,313
Seam_Cells_Left,314,315,316,319,312
Seam_Cells_Left,315,314,317,316,315
Seam_Cells_Left,316,313,318,317,314
Seam_Cells_Left,317,318,321,322,317
Seam_Cells_Left,318,317,322,323,316
Seam_Cells_Left,319,316,323,320,319
Seam_Cells_Left,320,319,320,321,318
Seam_Cells_Left,321,320,327,326,321
Seam_Cells_Left,322,323,324,327,320
Seam_Cells_Left,323,322,325,324,323
Seam_Cells_Left,324,321,326,325,322
Seam_Cells_Left,325,326,329,330,325
Seam_Cells_Left,326,325,330,331,324
Seam_Cells_Left,327,324,331,328,327
Seam_Cells_Left,328,327,328,329,326
Seam_Cells_Left,329,328,335,334,329
Seam_Cells_Left,330,331,332,335,328
Seam_Cells_Left,331,330,333,332,331
Seam_Cells_Left,332,329,334,333,330
Seam_Cells_Left,333,334,337,338,333
Seam_Cells_Left,334,333,338,339,332
Seam_Cells_Left,335,332,339,336,335
Seam_Cells_Left,336,335,336,337,334
Seam_Cells_Left,337,336,343,342,337
Seam_Cells_Left,338,339,340,343,336
Seam_Cells_Left,339,338,341,340,339
Seam_Cells_Left,340,337,342,341,338
Seam_Cells_Left,341,342,345,346,341
Seam_Cells_Left,342,341,346,347,340
Seam_Cells_Left,343,340,347,344,343
Seam_Cells_Left,344,343,344,345,342
Seam_Cells_Left,345,345,344,347,346
Seam_Cells_Right,0,0,3,2,1
Seam_Cells_Right,1,2,3,4,5
Seam_Cells_Right,2,3,0,7,4
Seam_Cells_Right,3,0,1,6,7
Seam_Cells_Right,4,1,2,5,6
Seam_Cells_Right,5,6,5,10,9
Seam_Cells_Right,6,7,6,9,8
Seam_Cells_Right,7,4,7,8,11
Seam_Cells_Right,8,5,4,11,10
Seam_Cells_Right,9,10,11,12,13
Seam_Cells_Right,10,11,8,15,12
Seam_Cells_Right,11,8,9,14,15
Seam_Cells_Right,12,9,10,13,14
Seam_Cells_Right,13,14,13,18,17
Seam_Cells_Right,14,15,14,17,16
Seam_Cells_Right,15,12,15,16,19
Seam_Cells_Right,16,13,12,19,18
Seam_Cells_Right,17,18,19,20,21
Seam_Cells_Right,18,19,16,23,20
Seam_Cells_Right,19,16,17,22,23
Seam_Cells_Right,20,17,18,21,22
Seam_Cells_Right,21,22,21,26,25
Seam_Cells_Right,22,23,22,25,24
Seam_Cells_Right,23,20,23,24,27
Seam_Cells_Right,24,21,20,27,26
Seam_Cells_Right,25,26,27,28,29
Seam_Cells_Right,26,27,24,31,28
Seam_Cells_Right,27,24,25,30,31
Seam_Cells_Right,28,25,26,29,30
Seam_Cells_Right,29,30,29,34,33
Seam_Cells_Right,30,31,30,33,32
Seam_Cells_Right,31,28,31,32,35
Seam_Cells_Right,32,29,28,35,34
Seam_Cells_Right,33,34,35,36,37
Seam_Cells_Right,34,35,32,39,36
Seam_Cells_Right,35,32,33,38,39
Seam_Cells_Right,36,33,34,37,38
Seam_Cells_Right,37,38,37,42,41
Seam_Cells_Right,38,39,38,41,40
Seam_Cells_Right,39,36,39,40,43
Seam_Cells_Right,40,37,36,43,42
Seam_Cells_Right,41,42,43,44,45
Seam_Cells_Right,42,43,40,47,44
Seam_Cells_Right,43,40,41,46,47
Seam_Cells_Right,44,41,42,45,46
Seam_Cells_Right,45,46,45,50,49
Seam_Cells_Right,46,47,46,49,48
Seam_Cells_Right,47,44,47,48,51
Seam_Cells_Right,48,45,44,51,50
Seam_Cells_Right,49,50,51,52,53
Seam_Cells_Right,50,51,48,55,52
Seam_Cells_Right,51,48,49,54,55
Seam_Cells_Right,52,49,50,53,54
Seam_Cells_Right,53,54,53,58,57
Seam_Cells_Right,54,55,54,57,56
Seam_Cells_Right,55,52,55,56,59
Seam_Cells_Right,56,53,52,59,58
Seam_Cells_Right,57,58,59,60,61
Seam_Cells_Right,58,59,56,63,60
Seam_Cells_Right,59,56,57,62,63
Seam_Cells_Right,60,57,58,61,62
Seam_Cells_Right,61,62,61,66,65
Seam_Cells_Right,62,63,62,65,64
Seam_Cells_Right,63,60,63,64,67
Seam_Cells_Right,64,61,60,67,66
Seam_Cells_Right,65,66,67,68,69
Seam_Cells_Right,66,67,64,71,68
Seam_Cells_Right,67,64,65,70,71
Seam_Cells_Right,68,65,66,69,70
Seam_Cells_Right,69,70,69,74,73
Seam_Cells_Right,70,71,70,73,72
Seam_Cells_Right,71,68,71,72,75
Seam_Cells_Right,72,69,68,75,74
Seam_Cells_Right,73,74,75,76,77
Seam_Cells_Right,74,75,72,79,76
Seam_Cells_Right,75,72,73,78,79
Seam_Cells_Right,76,73,74,77,78
Seam_Cells_Right,77,78,77,82,81
Seam_Cells_Right,78,79,78,81,80
Seam_Cells_Right,79,76,79,80,83
Seam_Cells_Right,80,77,76,83,82
Seam_Cells_Right,81,82,83,84,85
Seam_Cells_Right,82,83,80,87,84
Seam_Cells_Right,83,80,81,86,87
Seam_Cells_Right,84,81,82,85,86
Seam_Cells_Right,85,86,85,90,89
Seam_Cells_Right,86,87,86,89,88
Seam_Cells_Right,87,84,87,88,91
Seam_Cells_Right,88,85,84,91,90
Seam_Cells_Right,89,90,91,92,93
Seam_Cells_Right,90,91,88,95,92
Seam_Cells_Right,91,88,89,94,95
Seam_Cells_Right,92,89,90,93,94
Seam_Cells_Right,93,94,93,98,97
Seam_Cells_Right,94,95,94,97,96
Seam_Cells_Right,95,92,95,96,99
Seam_Cells_Right,96,93,92,99,98
Seam_Cells_Right,97,98,99,100,101
Seam_Cells_Right,98,99,96,103,100
Seam_Cells_Right,99,96,97,102,103
Seam_Cells_Right,100,97,98,101,102
Seam_Cells_Right,101,102,101,106,105
Seam_Cells_Right,102,103,102,105,104
Seam_Cells_Right,103,100,103,104,107
Seam_Cells_Right,104,101,100,107,106
Seam_Cells_Right,105,106,107,108,109
Seam_Cells_Right,106,107,104,111,108
Seam_Cells_Right,107,104,105,110,111
Seam_Cells_Right,108,105,106,109,110
Seam_Cells_Right,109,110,109,114,113
Seam_Cells_Right,110,111,110,113,112
Seam_Cells_Right,111,108,111,112,115
Seam_Cells_Right,112,109,108,115,114
Seam_Cells_Right,113,114,115,116,117
Seam_Cells_Right,114,115,112,119,116
Seam_Cells_Right,115,112,113,118,119
Seam_Cells_Right,116,113,114,117,118
Seam_Cells_Right,117,118,117,122,121
Seam_Cells_Right,118,119,118,121,120
Seam_Cells_Right,119,116,119,120,123
Seam_Cells_Right,120,117,116,123,122
Seam_Cells_Right,121,122,123,124,125
Seam_Cells_Right,122,123,120,127,124
Seam_Cells_Right,123,120,121,126,127
Seam_Cells_Right,124,121,122,125,126
Seam_Cells_Right,125,126,125,130,129
Seam_Cells_Right,126,127,126,129,128
Seam_Cells_Right,127,124,127,128,131
Seam_Cells_Right,128,125,124,131,130
Seam_Cells_Right,129,130,131,132,133
Seam_Cells_Right,130,131,128,135,132
Seam_Cells_Right,131,128,129,134,135
Seam_Cells_Right,132,129,130,133,134
Seam_Cells_Right,133,134,133,138,137
Seam_Cells_Right,134,135,134,137,136
Seam_Cells_Right,135,132,135,136,139
Seam_Cells_Right,136,133,132,139,138
Seam_Cells_Right,137,138,139,140,141
Seam_Cells_Right,138,139,136,143,140
Seam_Cells_Right,139,136,137,142,143
Seam_Cells_Right,140,137,138,141,142
Seam_Cells_Right,141,142,141,146,145
Seam_Cells_Right,142,143,142,145,144
Seam_Cells_Right,143,140,143,144,147
Seam_Cells_Right,144,141,140,147,146
Seam_Cells_Right,145,146,147,148,149
Seam_Cells_Right,146,147,144,151,148
Seam_Cells_Right,147,144,145,150,151
Seam_Cells_Right,148,145,146,149,150
Seam_Cells_Right,149,150,149,154,153
Seam_Cells_Right,150,151,150,153,152
Seam_Cells_Right,151,148,151,152,155
Seam_Cells_Right,152,149,148,155,154
Seam_Cells_Right,153,154,155,156,157
Seam_Cells_Right,154,155,152,159,156
Seam_Cells_Right,155,152,153,158,159
Seam_Cells_Right,156,153,154,157,158
Seam_Cells_Right,157,158,157,162,161
Seam_Cells_Right,158,159,158,161,160
Seam_Cells_Right,159,156,159,160,163
Seam_Cells_Right,160,157,156,163,162
Seam_Cells_Right,161,162,163,164,165
Seam_Cells_Right,162,163,160,167,164
Seam_Cells_Right,163,160,161,166,167
Seam_Cells_Right,164,161,162,165,166
Seam_Cells_Right,165,166,165,170,169
Seam_Cells_Right,166,167,166,169,168
Seam_Cells_Right,167,164,167,168,171
Seam_Cells_Right,168,165,164,171,170
Seam_Cells_Right,169,170,171,172,173
Seam_Cells_Right,170,171,168,175,172
Seam_Cells_Right,171,168,169,174,175
Seam_Cells_Right,172,169,170,173,174
Seam_Cells_Right,173,174,173,178,177
Seam_Cells_Right,174,175,174,177,176
Seam_Cells_Right,175,172,175,176,179
Seam_Cells_Right,176,173,172,179,178
Seam_Cells_Right,177,178,179,180,181
Seam_Cells_Right,178,179,176,183,180
Seam_Cells_Right,179,176,177,182,183
Seam_Cells_Right,180,177,178,181,182
Seam_Cells_Right,181,182,181,186,185
Seam_Cells_Right,182,183,182,185,184
Seam_Cells_Right,183,180,183,184,187
Seam_Cells_Right,184,181,180,187,186
Seam_Cells_Right,185,186,187,188,189
Seam_Cells_Right,186,187,184,191,188
Seam_Cells_Right,187,184,185,190,191
Seam_Cells_Right,188,185,186,189,190
Seam_Cells_Right,189,190,189,194,193
Seam_Cells_Right,190,191,190,193,192
Seam_Cells_Right,191,188,191,192,195
Seam_Cells_Right,192,189,188,195,194
Seam_Cells_Right,193,194,195,196,197
Seam_Cells_Right,194,195,192,199,196
Seam_Cells_Right,195,192,193,198,199
Seam_Cells_Right,196,193,194,197,198
Seam_Cells_Right,197,198,197,202,201
Seam_Cells_Right,198,199,198,201,200
Seam_Cells_Right,199,196,199,200,203
Seam_Cells_Right,200,197,196,203,202
Seam_Cells_Right,201,202,203,204,205
Seam_Cells_Right,202,203,200,207,204
Seam_Cells_Right,203,200,201,206,207
Seam_Cells_Right,204,201,202,205,206
Seam_Cells_Right,205,206,205,210,209
Seam_Cells_Right,206,207,206,209,208
Seam_Cells_Right,207,204,207,208,211
Seam_Cells_Right,208,205,204,211,210
Seam_Cells_Right,209,210,211,212,213
Seam_Cells_Right,210,211,208,215,212
Seam_Cells_Right,211,208,209,214,215
Seam_Cells_Right,212,209,210,213,214
Seam_Cells_Right,213,214,213,218,217
Seam_Cells_Right,214,215,214,217,216
Seam_Cells_Right,215,212,215,216,219
Seam_Cells_Right,216,213,212,219,218
Seam_Cells_Right,217,218,219,220,221
Seam_Cells_Right,218,219,216,223,220
Seam_Cells_Right,219,216,217,222,223
Seam_Cells_Right,220,217,218,221,222
Seam_Cells_Right,221,222,221,226,225
Seam_Cells_Right,222,223,222,225,224
Seam_Cells_Right,223,220,223,224,227
Seam_Cells_Right,224,221,220,227,226
Seam_Cells_Right,225,226,227,228,229
Seam_Cells_Right,226,227,224,231,228
Seam_Cells_Right,227,224,225,230,231
Seam_Cells_Right,228,225,226,229,230
Seam_Cells_Right,229,230,229,234,233
Seam_Cells_Right,230,231,230,233,232
Seam_Cells_Right,231,228,231,232,235
Seam_Cells_Right,232,229,228,235,234
Seam_Cells_Right,233,234,235,236,237
Seam_Cells_Right,234,235,232,239,236
Seam_Cells_Right,235,232,233,238,239
Seam_Cells_Right,236,233,234,237,238
Seam_Cells_Right,237,238,237,242,241
Seam_Cells_Right,238,239,238,241,240
Seam_Cells_Right,239,236,239,240,243
Seam_Cells_Right,240,237,236,243,242
Seam_Cells_Right,241,242,243,244,245
Seam_Cells_Right,242,243,240,247,244
Seam_Cells_Right,243,240,241,246,247
Seam_Cells_Right,244,241,242,245,246
Seam_Cells_Right,245,246,245,250,249
Seam_Cells_Right,246,247,246,249,248
Seam_Cells_Right,247,244,247,248,251
Seam_Cells_Right,248,245,244,251,250
Seam_Cells_Right,249,250,251,252,253
Seam_Cells_Right,250,251,248,255,252
Seam_Cells_Right,251,248,249,254,255
Seam_Cells_Right,252,249,250,253,254
Seam_Cells_Right,253,254,253,258,257
Seam_Cells_Right,254,255,254,257,256
Seam_Cells_Right,255,252,255,256,259
Seam_Cells_Right,256,253,252,259,258
Seam_Cells_Right,257,258,259,260,261
Seam_Cells_Right,258,259,256,263,260
Seam_Cells_Right,259,256,257,262,263
Seam_Cells_Right,260,257,258,261,262
Seam_Cells_Right,261,262,261,266,265
Seam_Cells_Right,262,263,262,265,264
Seam_Cells_Right,263,260,263,264,267
Seam_Cells_Right,264,261,260,267,266
Seam_Cells_Right,265,266,267,268,269
Seam_Cells_Right,266,267,264,271,268
Seam_Cells_Right,267,264,265,270,271
Seam_Cells_Right,268,265,266,269,270
Seam_Cells_Right,269,270,269,274,273
Seam_Cells_Right,270,271,270,273,272
Seam_Cells_Right,271,268,271,272,275
Seam_Cells_Right,272,269,268,275,274
Seam_Cells_Right,273,274,275,276,277
Seam_Cells_Right,274,275,272,279,276
Seam_Cells_Right,275,272,273,278,279
Seam_Cells_Right,276,273,274,277,278
Seam_Cells_Right,277,278,277,282,281
Seam_Cells_Right,278,279,278,281,280
Seam_Cells_Right,279,276,279,280,283
Seam_Cells_Right,280,277,276,283,282
Seam_Cells_Right,281,282,283,284,285
Seam_Cells_Right,282,283,280,287,284
Seam_Cells_Right,283,280,281,286,287
Seam_Cells_Right,284,281,282,285,286
Seam_Cells_Right,285,286,285,290,289
Seam_Cells_Right,286,287,286,289,288
Seam_Cells_Right,287,284,287,288,291
Seam_Cells_Right,288,285,284,291,290
Seam_Cells_Right,289,290,291,292,293
Seam_Cells_Right,290,291,288,295,292
Seam_Cells_Right,291,288,289,294,295
Seam_Cells_Right,292,289,290,293,294
Seam_Cells_Right,293,294,293,298,297
Seam_Cells_Right,294,295,294,297,296
Seam_Cells_Right,295,292,295,296,299
Seam_Cells_Right,296,293,292,299,298
Seam_Cells_Right,297,298,299,300,301
Seam_Cells_Right,298,299,296,303,300
Seam_Cells_Right,299,296,297,302,303
Seam_Cells_Right,300,297,298,301,302
Seam_Cells_Right,301,302,301,306,305
Seam_Cells_Right,302,303,302,305,304
Seam_Cells_Right,303,300,303,304,307
Seam_Cells_Right,304,301,300,307,306
Seam_Cells_Right,305,306,307,308,309
Seam_Cells_Right,306,307,304,311,308
Seam_Cells_Right,307,304,305,310,311
Seam_Cells_Right,308,305,306,309,310
Seam_Cells_Right,309,310,309,314,313
Seam_Cells_Right,310,311,310,313,312
Seam_Cells_Right,311,308,311,312,315
Seam_Cells_Right,312,309,308,315,314
Seam_Cells_Right,313,314,315,316,317
Seam_Cells_Right,314,315,312,319,316
Seam_Cells_Right,315,312,313,318,319
Seam_Cells_Right,316,313,314,317,318
Seam_Cells_Right,317,318,317,322,321
Seam_Cells_Right,318,319,318,321,320
Seam_Cells_Right,319,316,319,320,323
Seam_Cells_Right,320,317,316,323,322
Seam_Cells_Right,321,323,328,329,322
Seam_Cells_Right,322,328,324,325,329
Seam_Cells_Right,323,320,330,328,323
Seam_Cells_Right,324,330,327,324,328
Seam_Cells_Right,325,321,331,330,320
Seam_Cells_Right,326,331,326,327,330
Seam_Cells_Right,327,322,329,331,321
Seam_Cells_Right,328,329,325,326,331
Seam_Cells_Right,329,326,325,334,333
Seam_Cells_Right,330,327,326,333,332
Seam_Cells_Right,331,324,327,332,335
Seam_Cells_Right,332,325,324,335,334
Seam_Cells_Right,333,334,335,336,337
Seam_Cells_Right,334,335,332,339,336
Seam_Cells_Right,335,332,333,338,339
Seam_Cells_Right,336,333,334,337,338
Seam_Cells_Right,337,338,337,342,341
Seam_Cells_Right,338,339,338,341,340
Seam_Cells_Right,339,336,339,340,343
Seam_Cells_Right,340,337,336,343,342
Seam_Cells_Right,341,342,343,344,345
Seam_Cells_Right,342,343,340,347,344
Seam_Cells_Right,343,340,341,346,347
Seam_Cells_Right,344,341,342,345,346
Seam_Cells_Right,345,345,344,347,346
VC4,0,0,4,6,2
VC4,1,7,5,1,3
VC4,2,2,6,8,10
VC4,3,9,7,3,11
VC4,4,10,8,14,12
VC4,5,15,9,11,13
VC4,6,17,0,2,16
VC4,7,3,1,17,16
VC4,8,4,19,18,6
VC4,9,18,19,5,7
VC4,10,0,17,19,4
VC4,11,19,17,1,5
VC4,12,6,18,20,8
VC4,13,20,18,7,9
VC4,14,16,2,10,21
VC4,15,11,3,16,21
VC4,16,21,10,12,22
VC4,17,13,11,21,22
VC4,18,8,20,23,14
VC4,19,23,20,9,15
VC4,20,23,22,26,24
VC4,21,27,22,23,25
VC4,22,14,23,24,28
VC4,23,25,23,15,29
VC4,24,22,12,30,26
VC4,25,31,13,22,27
VC4,26,12,14,28,30
VC4,27,29,15,13,31
VC4,28,30,28,34,32
VC4,29,35,29,31,33
VC4,30,26,30,32,36
VC4,31,33,31,27,37
VC4,32,28,24,38,34
VC4,33,39,25,29,35
VC4,34,24,26,36,38
VC4,35,37,27,25,39
VC4,36,38,36,42,40
VC4,37,43,37,39,41
VC4,38,34,38,40,44
VC4,39,41,39,35,45
VC4,40,36,32,46,42
VC4,41,47,33,37,43
VC4,42,32,34,44,46
VC4,43,45,35,33,47
VC4,44,46,44,50,48
VC4,45,51,45,47,49
VC4,46,40,42,52,54
VC4,47,53,43,41,55
VC4,48,54,52,58,56
VC4,49,59,53,55,57
VC4,50,50,54,56,60
VC4,51,57,55,51,61
VC4,52,52,48,62,58
VC4,53,63,49,53,59
VC4,54,48,50,60,62
VC4,55,61,51,49,63
VC4,56,62,60,66,64
VC4,57,67,61,63,65
VC4,58,58,62,64,68
VC4,59,65,63,59,69
VC4,60,60,56,70,66
VC4,61,71,57,61,67
VC4,62,56,58,68,70
VC4,63,69,59,57,71
VC4,64,66,70,68,64
VC4,65,69,71,67,65
VC4,66,54,50,74,72
VC4,67,75,51,55,73
VC4,68,40,54,72,78
VC4,69,73,55,41,79
VC4,70,50,44,76,74
VC4,71,77,45,51,75
VC4,72,44,40,78,76
VC4,73,79,41,45,77
VC4,74,76,78,80,82
VC4,75,81,79,77,83
VC4,76,74,76,82,84
VC4,77,83,77,75,85
VC4,78,78,72,86,80
VC4,79,87,73,79,81
VC4,80,72,74,84,86
VC4,81,85,75,73,87
VC4,82,86,84,90,88
VC4,83,91,85,87,89
VC4,84,80,86,88,94
VC4,85,89,87,81,95
VC4,86,84,82,92,90
VC4,87,93,83,85,91
VC4,88,82,80,94,92
VC4,89,95,81,83,93
VC4,90,92,94,88,90
VC4,91,89,95,93,91
VC4,92,52,42,102,96
VC4,93,103,43,53,97
VC4,94,48,52,96,98
VC4,95,97,53,49,99
VC4,96,46,48,98,100
VC4,97,99,49,47,101
VC4,98,42,46,100,102
VC4,99,101,47,43,103
VC4,100,102,100,106,104
VC4,101,107,101,103,105
VC4,102,100,98,108,106
VC4,103,109,99,101,107
VC4,104,98,96,110,108
VC4,105,111,97,99,109
VC4,106,96,102,104,110
VC4,107,105,103,97,111
VC4,108,110,104,118,112
VC4,109,119,105,111,113
VC4,110,108,110,112,114
VC4,111,113,111,109,115
VC4,112,106,108,114,116
VC4,113,115,109,107,117
VC4,114,104,106,116,118
VC4,115,117,107,105,119
VC4,116,118,116,114,112
VC4,117,115,117,119,113
VC5,0,0,4,6,2
VC5,1,7,5,1,3
VC5,2,2,6,8,10
VC5,3,9,7,3,11
VC5,4,10,8,14,12
VC5,5,15,9,11,13
VC5,6,17,0,2,16
VC5,7,3,1,17,16
VC5,8,4,19,18,6
VC5,9,18,19,5,7
VC5,10,0,17,19,4
VC5,11,19,17,1,5
VC5,12,6,18,20,8
VC5,13,20,18,7,9
VC5,14,16,2,10,21
VC5,15,11,3,16,21
VC5,16,21,10,12,22
VC5,17,13,11,21,22
VC5,18,8,20,23,14
VC5,19,23,20,9,15
VC5,20,23,22,26,24
VC5,21,27,22,23,25
VC5,22,14,23,24,28
VC5,23,25,23,15,29
VC5,24,22,12,30,26
VC5,25,31,13,22,27
VC5,26,12,14,28,30
VC5,27,29,15,13,31
VC5,28,30,28,34,32
VC5,29,35,29,31,33
VC5,30,26,30,32,36
VC5,31,33,31,27,37
VC5,32,28,24,38,34
VC5,33,39,25,29,35
VC5,34,24,26,36,38
VC5,35,37,27,25,39
VC5,36,38,36,42,40
VC5,37,43,37,39,41
VC5,38,34,38,40,44
VC5,39,41,39,35,45
VC5,40,36,32,46,42
VC5,41,47,33,37,43
VC5,42,32,34,44,46
VC5,43,45,35,33,47
VC5,44,46,44,50,48
VC5,45,51,45,47,49
VC5,46,40,42,52,54
VC5,47,53,43,41,55
VC5,48,54,52,58,56
VC5,49,59,53,55,57
VC5,50,50,54,56,60
VC5,51,57,55,51,61
VC5,52,52,48,62,58
VC5,53,63,49,53,59
VC5,54,48,50,60,62
VC5,55,61,51,49,63
VC5,56,62,60,66,64
VC5,57,67,61,63,65
VC5,58,58,62,64,68
VC5,59,65,63,59,69
VC5,60,60,56,70,66
VC5,61,71,57,61,67
VC5,62,56,58,68,70
VC5,63,69,59,57,71
VC5,64,66,70,68,64
VC5,65,69,71,67,65
VC5,66,54,50,74,72
VC5,67,75,51,55,73
VC5,68,40,54,72,78
VC5,69,73,55,41,79
VC5,70,50,44,76,74
VC5,71,77,45,51,75
VC5,72,44,40,78,76
VC5,73,79,41,45,77
VC5,74,76,78,80,82
VC5,75,81,79,77,83
VC5,76,74,76,82,84
VC5,77,83,77,75,85
VC5,78,78,72,86,80
VC5,79,87,73,79,81
VC5,80,72,74,84,86
VC5,81,85,75,73,87
VC5,82,86,84,90,88
VC5,83,91,85,87,89
VC5,84,80,86,88,94
VC5,85,89,87,81,95
VC5,86,84,82,92,90
VC5,87,93,83,85,91
VC5,88,82,80,94,92
VC5,89,95,81,83,93
VC5,90,92,94,88,90
VC5,91,89,95,93,91
VC5,92,52,42,102,96
VC5,93,103,43,53,97
VC5,94,48,52,96,98
VC5,95,97,53,49,99
VC5,96,46,48,98,100
VC5,97,99,49,47,101
VC5,98,42,46,100,102
VC5,99,101,47,43,103
VC5,100,102,100,106,104
VC5,101,107,101,103,105
VC5,102,100,98,108,106
VC5,103,109,99,101,107
VC5,104,98,96,110,108
VC5,105,111,97,99,109
VC5,106,96,102,104,110
VC5,107,105,103,97,111
VC5,108,110,104,118,112
VC5,109,119,105,111,113
VC5,110,108,110,112,114
VC5,111,113,111,109,115
VC5,112,106,108,114,116
VC5,113,115,109,107,117
VC5,114,104,106,116,118
VC5,115,117,107,105,119
VC5,116,118,116,114,112
VC5,117,115,117,119,113
