genotype,date,recording_id,forward_run_speed_mm_s,reversal_rate_per_min,pirouette_rate_per_min
N2,20260122,N2##20260122,0.2091,0.0000,0.0000
N2,20260122,N2##20260122,0.2372,1.9544,0.9772
N2,20260122,N2##20260122,0.2092,0.0000,0.0000
N2,20260122,N2##20260122,0.1030,0.0000,2.4490
N2,20260122,N2##20260122,0.2404,0.0000,0.0000
N2,20260122,N2##20260122,0.2078,0.0000,0.0000
N2,20260122,N2##20260122,0.1801,1.6086,1.6086
N2,20260122,N2##20260122,0.2136,0.0000,0.0000
N2,20260122,N2##20260122,0.1464,0.0000,3.8217
N2,20260122,N2##20260122,0.1867,0.0000,0.0000
N2,20260122,N2##20260122,0.2164,0.0000,0.0000
N2,20260122,N2##20260122,0.2498,0.0000,0.0000
N2,20260122,N2##20260122,0.2068,0.0000,0.0000
N2,20260122,N2##20260122,0.2551,0.0000,0.0000
N2,20260122,N2##20260122,0.2910,0.0000,0.0000
N2,20260122,N2##20260122,0.2732,0.0000,0.0000
N2,20260122,N2##20260122,0.1191,0.0000,0.0000
N2,20260122,N2##20260122,0.2817,0.0000,0.0000
N2,20260122,N2##20260122,0.1750,0.0000,0.0000
N2,20260122,N2##20260122,0.2404,0.0000,0.0000
N2,20260122,N2##20260122,0.2290,0.0000,0.0000
N2,20260122,N2##20260122,0.2999,0.0000,0.0000
N2,20260122,N2##20260122,0.2259,0.0000,0.0000
N2,20260122,N2##20260122,0.2443,0.0000,0.0000
N2,20260122,N2##20260122,0.2305,4.1958,2.0979
N2,20260122,N2##20260122,0.2648,0.0000,0.0000
N2,20260122,N2##20260122,0.1947,0.0000,0.0000
N2,20260122,N2##20260122,0.1940,0.0000,0.0000
N2,20260122,N2##20260122,0.2162,0.0000,0.0000
N2,20260122,N2##20260122,0.2272,0.0000,0.0000
N2,20260122,N2##20260122,0.2634,0.0000,0.0000
N2,20260122,N2##20260122,0.1567,0.0000,1.7391
N2,20260122,N2##20260122,0.1860,0.0000,0.0000
N2,20260122,N2##20260122,0.2376,0.0000,0.0000
N2,20260122,N2##20260122,0.1467,0.0000,0.0000
N2,20260122,N2##20260122,0.2070,0.0000,0.0000
N2,20260122,N2##20260122,0.3262,0.0000,0.0000
N2,20260122,N2##20260122,0.2982,0.0000,0.0000
N2,20260122,N2##20260122,0.2808,0.0000,0.0000
N2,20260122,N2##20260122,0.1874,0.0000,0.0000
N2,20260122,N2##20260122,0.2275,1.5267,0.0000
N2,20260122,N2##20260122,0.2555,0.0000,0.0000
N2,20260122,N2##20260122,0.2569,1.5464,0.0000
N2,20260122,N2##20260122,0.2387,0.0000,0.0000
N2,20260122,N2##20260122,0.2681,0.0000,0.0000
N2,20260122,N2##20260122,0.2153,0.0000,0.9901
N2,20260122,N2##20260122,0.2286,0.0000,0.0000
N2,20260122,N2##20260122,0.2310,0.0000,0.0000
N2,20260122,N2##20260122,0.2319,0.0000,0.0000
N2,20260122,N2##20260122,0.2404,0.0000,0.0000
N2,20260122,N2##20260122,0.2396,0.0000,0.0000
N2,20260122,N2##20260122,0.2667,0.0000,0.0000
N2,20260122,N2##20260122,0.2297,12.5000,0.0000
N2,20260122,N2##20260122,0.2321,0.0000,0.0000
N2,20260122,N2##20260122,0.2196,0.0000,0.0000
N2,20260122,N2##20260122,0.1907,0.0000,0.8152
N2,20260122,N2##20260122,0.1450,0.0000,0.0000
N2,20260122,N2##20260122,0.2596,1.0657,1.0657
N2,20260122,N2##20260122,0.2194,3.6364,0.0000
N2,20260122,N2##20260122,0.2307,8.1081,0.0000
N2,20260122,N2##20260122,0.2384,0.0000,0.0000
N2,20260122,N2##20260122,0.1204,20.6897,20.6897
N2,20260122,N2##20260122,0.1433,0.0000,1.2807
N2,20260122,N2##20260122,0.2857,0.0000,0.0000
N2,20260122,N2##20260122,0.2440,0.0000,0.0000
N2,20260122,N2##20260122,0.1789,0.0000,1.1976
N2,20260122,N2##20260122,0.1921,0.0000,0.0000
N2,20260122,N2##20260122,0.2043,0.0000,8.2192
N2,20260122,N2##20260122,0.2752,0.0000,0.0000
N2,20260122,N2##20260122,0.1564,0.0000,4.2857
N2,20260122,N2##20260122,0.2621,0.0000,0.0000
N2,20260122,N2##20260122,0.2624,0.0000,0.0000
N2,20260122,N2##20260122,0.2841,0.0000,0.0000
N2,20260122,N2##20260122,0.2681,0.0000,0.0000
N2,20260122,N2##20260122,0.2493,0.0000,2.2305
N2,20260122,N2##20260122,0.2279,0.0000,0.0000
N2,20260122,N2##20260122,0.2164,0.0000,1.5345
N2,20260122,N2##20260122,0.2327,0.0000,1.4742
N2,20260122,N2##20260122,0.1870,0.0000,0.0000
N2,20260122,N2##20260122,0.2661,0.0000,0.0000
N2,20260122,N2##20260122,0.2452,0.0000,0.0000
N2,20260122,N2##20260122,0.2997,0.0000,0.0000
N2,20260122,N2##20260122,0.1918,0.0000,0.0000
N2,20260122,N2##20260122,0.2995,0.0000,0.0000
N2,20260122,N2##20260122,0.2338,0.0000,2.2556
N2,20260122,N2##20260122,0.1826,0.0000,0.0000
N2,20260122,N2##20260122,0.2463,0.0000,0.0000
N2,20260122,N2##20260122,0.2409,0.0000,0.0000
N2,20260122,N2##20260122,0.2442,0.0000,0.0000
N2,20260122,N2##20260122,0.2052,0.0000,0.0000
N2,20260122,N2##20260122,0.1950,0.0000,0.0000
N2,20260123,N2##20260123,0.2158,0.0000,0.0000
N2,20260123,N2##20260123,0.0640,0.8103,1.2154
N2,20260123,N2##20260123,0.2073,0.0000,0.0000
N2,20260123,N2##20260123,0.2347,1.7045,1.7045
N2,20260123,N2##20260123,0.2329,0.0000,0.0000
N2,20260123,N2##20260123,0.2402,0.0000,0.0000
N2,20260123,N2##20260123,0.2209,0.0000,0.0000
N2,20260123,N2##20260123,0.2372,0.0000,0.0000
N2,20260123,N2##20260123,0.2057,0.0000,0.0000
N2,20260123,N2##20260123,0.2334,0.0000,0.0000
N2,20260123,N2##20260123,0.1693,0.0000,0.0000
N2,20260123,N2##20260123,0.1469,0.0000,0.0000
N2,20260123,N2##20260123,0.2342,0.8119,0.8119
N2,20260123,N2##20260123,0.1890,0.0000,0.0000
N2,20260123,N2##20260123,0.2137,0.0000,0.0000
N2,20260123,N2##20260123,0.2116,0.0000,0.0000
N2,20260123,N2##20260123,0.2516,1.5758,0.7879
N2,20260123,N2##20260123,0.1615,0.0000,0.0000
N2,20260123,N2##20260123,0.1869,1.4279,0.5712
N2,20260123,N2##20260123,0.2318,0.0000,0.0000
N2,20260123,N2##20260123,0.2122,0.0000,0.0000
N2,20260123,N2##20260123,0.1875,0.0000,0.0000
N2,20260123,N2##20260123,0.2451,0.0000,0.0000
N2,20260123,N2##20260123,0.2350,4.4944,1.1236
N2,20260123,N2##20260123,0.2054,0.0000,0.0000
N2,20260123,N2##20260123,0.2436,3.9735,0.0000
N2,20260123,N2##20260123,0.2101,1.7094,1.7094
N2,20260123,N2##20260123,0.2033,0.0000,0.0000
N2,20260123,N2##20260123,0.2060,0.0000,0.0000
N2,20260123,N2##20260123,0.2477,0.0000,0.0000
N2,20260123,N2##20260123,0.1820,0.9804,2.4510
N2,20260123,N2##20260123,0.2144,0.0000,0.0000
N2,20260123,N2##20260123,0.2634,0.0000,0.0000
N2,20260123,N2##20260123,0.2378,3.6364,3.6364
N2,20260123,N2##20260123,0.1382,0.0000,5.5046
N2,20260123,N2##20260123,0.2046,0.0000,0.0000
N2,20260123,N2##20260123,0.2068,2.0478,0.0000
N2,20260123,N2##20260123,0.2414,0.0000,0.0000
N2,20260123,N2##20260123,0.2502,0.0000,0.0000
N2,20260123,N2##20260123,0.2158,0.0000,0.0000
N2,20260123,N2##20260123,0.1623,0.0000,1.0067
N2,20260123,N2##20260123,0.2547,1.0435,1.0435
N2,20260123,N2##20260123,0.2692,1.4151,1.4151
N2,20260123,N2##20260123,0.2245,0.0000,0.0000
N2,20260123,N2##20260123,0.1856,0.0000,0.0000
N2,20260123,N2##20260123,0.2238,0.0000,0.0000
N2,20260123,N2##20260123,0.1956,0.0000,0.0000
N2,20260124,N2##20260124,0.2249,0.0000,0.0000
N2,20260124,N2##20260124,0.2153,0.0000,0.0000
N2,20260124,N2##20260124,0.1839,0.0000,0.0000
N2,20260124,N2##20260124,0.1895,0.0000,0.0000
N2,20260124,N2##20260124,0.1942,0.0000,0.0000
N2,20260124,N2##20260124,0.1800,0.0000,0.0000
N2,20260124,N2##20260124,0.2189,0.0000,0.0000
N2,20260124,N2##20260124,0.2067,0.0000,1.0118
N2,20260124,N2##20260124,0.2259,0.0000,0.0000
N2,20260124,N2##20260124,0.1693,0.0000,0.0000
N2,20260124,N2##20260124,0.2468,2.3392,2.3392
N2,20260124,N2##20260124,0.2302,0.0000,0.0000
N2,20260124,N2##20260124,0.2438,0.0000,0.0000
N2,20260124,N2##20260124,0.2460,0.0000,0.0000
N2,20260124,N2##20260124,0.1710,0.0000,0.0000
N2,20260124,N2##20260124,0.1514,0.0000,0.0000
N2,20260124,N2##20260124,0.1882,0.0000,0.6780
N2,20260124,N2##20260124,0.1736,0.0000,0.0000
N2,20260124,N2##20260124,0.2002,0.0000,0.0000
N2,20260124,N2##20260124,0.1644,0.0000,0.0000
N2,20260124,N2##20260124,0.2243,0.0000,0.0000
N2,20260124,N2##20260124,0.2144,0.0000,0.0000
N2,20260124,N2##20260124,0.1863,0.0000,0.0000
N2,20260124,N2##20260124,0.2199,0.0000,0.0000
N2,20260124,N2##20260124,0.1637,0.0000,3.3520
N2,20260124,N2##20260124,0.1869,0.0000,0.0000
N2,20260124,N2##20260124,0.1702,0.0000,0.0000
N2,20260124,N2##20260124,0.2196,0.0000,0.0000
N2,20260124,N2##20260124,0.1779,0.8798,2.6393
N2,20260124,N2##20260124,0.1721,0.0000,0.0000
N2,20260124,N2##20260124,0.2201,0.0000,0.0000
N2,20260124,N2##20260124,0.1498,0.0000,0.0000
N2,20260124,N2##20260124,0.1845,0.0000,3.2787
N2,20260124,N2##20260124,0.1234,0.0000,0.0000
N2,20260124,N2##20260124,0.1452,0.0000,0.0000
N2,20260124,N2##20260124,0.2046,0.0000,0.0000
N2,20260124,N2##20260124,0.1958,0.0000,0.0000
N2,20260124,N2##20260124,0.2448,5.1282,2.5641
N2,20260124,N2##20260124,0.1234,0.0000,9.0909
N2,20260124,N2##20260124,0.1513,0.0000,5.6604
N2,20260124,N2##20260124,0.1814,0.0000,0.0000
N2,20260124,N2##20260124,0.1744,0.0000,0.0000
N2,20260124,N2##20260124,0.1212,0.0000,0.0000
N2,20260124,N2##20260124,0.1254,0.0000,19.3548
N2,20260124,N2##20260124,0.1385,0.0000,0.0000
N2,20260124,N2##20260124,0.2378,0.0000,0.0000
N2,20260124,N2##20260124,0.2024,0.0000,0.0000
N2,20260124,N2##20260124,0.1860,0.0000,0.0000
N2,20260124,N2##20260124,0.1836,0.0000,0.0000
N2,20260124,N2##20260124,0.2438,0.0000,7.2727
N2,20260124,N2##20260124,0.1763,0.0000,0.0000
N2,20260124,N2##20260124,0.2250,0.0000,12.5000
N2,20260124,N2##20260124,0.1531,0.0000,0.0000
N2,20260124,N2##20260124,0.1650,0.0000,0.0000
N2,20260124,N2##20260124,0.1830,4.2857,4.2857
N2,20260124,N2##20260124,0.1298,0.0000,0.0000
N2,20260124,N2##20260124,0.1491,0.0000,0.7407
N2,20260124,N2##20260124,0.1555,0.0000,0.0000
N2,20260124,N2##20260124,0.1105,0.0000,0.0000
N2,20260124,N2##20260124,0.0598,4.0268,4.0268
N2,20260124,N2##20260124,0.2068,0.0000,0.0000
N2,20260124,N2##20260124,0.1295,0.0000,7.8534
N2,20260124,N2##20260124,0.1760,9.2879,3.7152
N2,20260124,N2##20260124,0.2050,0.0000,0.0000
N2,20260124,N2##20260124,0.1912,0.0000,0.0000
N2,20260124,N2##20260124,0.1563,0.0000,0.0000
N2,20260124,N2##20260124,0.2397,0.0000,0.0000
N2,20260124,N2##20260124,0.1737,0.0000,0.0000
N2,20260124,N2##20260124,0.1309,0.0000,4.3165
N2,20260124,N2##20260124,0.1610,0.0000,0.0000
N2,20260124,N2##20260124,0.1264,0.0000,0.0000
N2,20260124,N2##20260124,0.1971,1.6129,1.6129
N2,20260124,N2##20260124,0.1251,4.5045,3.6036
N2,20260124,N2##20260124,0.2478,0.0000,0.0000
N2,20260124,N2##20260124,0.1389,0.0000,0.0000
N2,20260124,N2##20260124,0.1745,0.0000,0.0000
N2,20260124,N2##20260124,0.1914,0.0000,0.0000
N2,20260124,N2##20260124,0.2295,0.0000,0.0000
N2,20260124,N2##20260124,0.1171,0.0000,0.0000
N2,20260124,N2##20260124,0.1546,0.0000,0.0000
N2,20260124,N2##20260124,0.1652,0.0000,4.4776
N2,20260124,N2##20260124,0.2118,0.0000,0.0000
N2,20260124,N2##20260124,0.2323,0.0000,0.0000
N2,20260124,N2##20260124,0.1700,0.0000,10.1695
N2,20260129,N2##20260129,0.1837,0.0000,0.0000
N2,20260129,N2##20260129,0.1476,0.8837,0.0000
N2,20260129,N2##20260129,0.1598,0.0000,0.0000
N2,20260129,N2##20260129,0.1482,2.3762,2.3762
N2,20260129,N2##20260129,0.1591,0.0000,0.0000
N2,20260129,N2##20260129,0.1534,0.3606,0.7212
N2,20260129,N2##20260129,0.1281,6.0262,3.9301
N2,20260129,N2##20260129,0.1650,0.0000,0.0000
N2,20260129,N2##20260129,0.1789,0.0000,0.0000
N2,20260129,N2##20260129,0.1547,0.0000,0.0000
N2,20260129,N2##20260129,0.1679,0.0000,0.0000
N2,20260129,N2##20260129,0.1307,0.0000,0.0000
N2,20260129,N2##20260129,0.1683,0.0000,0.0000
N2,20260129,N2##20260129,0.2405,0.7692,0.0000
N2,20260129,N2##20260129,,13.7931,8.6207
N2,20260129,N2##20260129,0.1659,0.0000,0.0000
N2,20260129,N2##20260129,0.1729,0.0000,0.0000
N2,20260129,N2##20260129,0.1329,0.0000,0.0000
N2,20260129,N2##20260129,0.1130,0.0000,0.0000
N2,20260129,N2##20260129,0.1584,0.0000,0.0000
N2,20260129,N2##20260129,0.1357,0.0000,0.0000
N2,20260129,N2##20260129,0.1209,0.6030,0.0000
N2,20260129,N2##20260129,0.0751,8.1335,0.9385
N2,20260129,N2##20260129,0.1607,5.0000,10.0000
N2,20260129,N2##20260129,0.1878,1.5248,0.3812
N2,20260129,N2##20260129,0.1429,0.0000,3.3040
N2,20260129,N2##20260129,0.2215,1.4797,0.7398
N2,20260129,N2##20260129,0.1470,0.6030,0.0000
N2,20260129,N2##20260129,0.1613,0.0000,0.3582
N2,20260129,N2##20260129,0.1750,0.0000,0.7634
N2,20260129,N2##20260129,0.0943,1.9868,1.9868
N2,20260129,N2##20260129,0.1281,0.0000,1.5894
N2,20260129,N2##20260129,0.1559,0.0000,0.9146
N2,20260129,N2##20260129,0.1730,0.8772,0.8772
N2,20260129,N2##20260129,0.1011,4.6332,2.3166
N2,20260129,N2##20260129,0.2356,2.5862,0.0000
N2,20260129,N2##20260129,0.1153,0.0000,0.0000
N2,20260129,N2##20260129,0.1625,0.0000,0.0000
N2,20260129,N2##20260129,0.1033,0.0000,0.0000
N2,20260129,N2##20260129,0.1644,0.0000,0.0000
N2,20260129,N2##20260129,0.1410,1.3889,2.7778
N2,20260129,N2##20260129,0.1705,0.0000,0.0000
N2,20260129,N2##20260129,0.1799,0.0000,0.0000
N2,20260129,N2##20260129,0.2203,0.0000,0.0000
N2,20260129,N2##20260129,0.1599,0.7989,1.5979
N2,20260129,N2##20260129,0.1597,0.0000,0.0000
N2,20260129,N2##20260129,0.1338,0.9934,0.0000
N2,20260129,N2##20260129,0.2213,0.0000,0.0000
N2,20260129,N2##20260129,0.2402,0.0000,0.0000
N2,20260129,N2##20260129,0.0782,0.0000,0.0000
N2,20260129,N2##20260129,0.1860,0.0000,0.0000
N2,20260129,N2##20260129,0.2010,7.1429,3.5714
N2,20260129,N2##20260129,0.1540,2.0979,2.0979
N2,20260129,N2##20260129,0.1490,0.0000,0.0000
N2,20260129,N2##20260129,0.2360,0.0000,0.0000
N2,20260129,N2##20260129,0.1888,0.0000,0.0000
N2,20260129,N2##20260129,0.0769,6.2500,0.0000
N2,20260129,N2##20260129,0.1312,0.0000,2.7088
N2,20260129,N2##20260129,0.0664,0.0000,0.0000
N2,20260129,N2##20260129,0.1626,0.0000,0.0000
N2,20260129,N2##20260129,0.1373,0.0000,0.0000
N2,20260129,N2##20260129,0.1029,0.0000,0.0000
N2,20260129,N2##20260129,0.1049,0.0000,0.0000
N2,20260129,N2##20260129,0.1779,0.0000,0.0000
N2,20260202,N2##20260202,0.1616,0.0000,0.0000
N2,20260202,N2##20260202,0.1384,21.4286,0.0000
N2,20260202,N2##20260202,0.1873,0.0000,0.9231
N2,20260202,N2##20260202,0.1233,0.0000,0.0000
N2,20260202,N2##20260202,0.1830,0.0000,0.0000
N2,20260202,N2##20260202,0.1752,0.6073,1.2146
N2,20260202,N2##20260202,0.1777,0.0000,0.0000
N2,20260202,N2##20260202,0.1931,0.0000,0.0000
N2,20260202,N2##20260202,0.1700,0.0000,0.0000
N2,20260202,N2##20260202,0.1668,0.0000,0.0000
N2,20260202,N2##20260202,0.1939,0.0000,0.0000
N2,20260202,N2##20260202,0.0912,1.9544,2.6059
N2,20260202,N2##20260202,0.0848,0.0000,0.0000
N2,20260202,N2##20260202,0.2041,0.0000,0.0000
N2,20260202,N2##20260202,0.1825,3.0038,1.5019
N2,20260202,N2##20260202,0.1687,1.2987,0.0000
N2,20260202,N2##20260202,0.1924,0.0000,0.0000
N2,20260202,N2##20260202,0.1613,0.0000,0.0000
N2,20260202,N2##20260202,0.1227,0.0000,0.0000
N2,20260202,N2##20260202,0.1726,0.0000,0.0000
N2,20260202,N2##20260202,0.1571,4.1379,2.0690
N2,20260202,N2##20260202,0.1733,0.0000,0.0000
N2,20260202,N2##20260202,0.1497,0.4348,0.0000
N2,20260202,N2##20260202,0.1682,0.0000,0.0000
N2,20260202,N2##20260202,0.1614,0.0000,0.8276
N2,20260202,N2##20260202,0.1453,0.0000,0.8753
N2,20260202,N2##20260202,0.1343,0.0000,0.0000
N2,20260202,N2##20260202,0.1778,1.0135,0.5068
N2,20260202,N2##20260202,0.1683,0.0000,0.0000
N2,20260202,N2##20260202,0.1536,0.0000,0.0000
N2,20260202,N2##20260202,0.1436,3.1915,3.1915
N2,20260202,N2##20260202,0.1068,0.0000,0.0000
N2,20260202,N2##20260202,0.1778,2.5263,0.0000
N2,20260202,N2##20260202,0.1947,0.0000,0.0000
N2,20260202,N2##20260202,0.2230,0.0000,0.0000
N2,20260202,N2##20260202,0.1562,0.0000,0.0000
N2,20260202,N2##20260202,0.1953,0.0000,0.0000
N2,20260202,N2##20260202,0.1311,1.8576,1.8576
N2,20260202,N2##20260202,0.1639,1.8576,1.8576
N2,20260202,N2##20260202,0.1435,0.0000,0.0000
N2,20260202,N2##20260202,0.1281,0.0000,0.0000
N2,20260202,N2##20260202,0.0800,0.0000,0.0000
N2,20260202,N2##20260202,0.1782,3.8298,3.8298
N2,20260202,N2##20260202,0.2301,0.0000,0.0000
N2,20260202,N2##20260202,0.1631,0.0000,0.0000
N2,20260202,N2##20260202,0.1413,2.5834,3.2293
N2,20260202,N2##20260202,0.1791,0.0000,0.0000
N2,20260202,N2##20260202,0.1194,0.6572,1.3143
N2,20260202,N2##20260202,0.1338,0.0000,8.0000
N2,20260202,N2##20260202,0.1171,0.0000,0.0000
N2,20260202,N2##20260202,0.2008,0.0000,0.0000
N2,20260202,N2##20260202,0.1044,0.0000,0.0000
N2,20260202,N2##20260202,0.1739,1.0670,1.0670
N2,20260202,N2##20260202,0.1453,0.0000,0.0000
N2,20260202,N2##20260202,0.1388,0.0000,0.0000
N2,20260202,N2##20260202,0.1352,0.0000,0.0000
N2,20260202,N2##20260202,0.1389,0.0000,0.0000
N2,20260202,N2##20260202,0.1249,0.0000,0.0000
N2,20260202,N2##20260202,0.1436,0.0000,0.0000
N2,20260202,N2##20260202,0.2160,0.0000,5.5046
N2,20260202,N2##20260202,0.2051,2.5862,2.5862
N2,20260202,N2##20260202,0.1948,0.0000,0.0000
N2,20260202,N2##20260202,0.0930,0.0000,5.1392
N2,20260202,N2##20260202,0.0792,1.3793,4.8276
N2,20260202,N2##20260202,0.1764,0.0000,0.0000
N2,20260202,N2##20260202,0.1579,4.4832,2.2416
N2,20260202,N2##20260202,0.1224,0.0000,0.0000
N2,20260202,N2##20260202,0.1614,4.8000,0.0000
N2,20260202,N2##20260202,0.1524,0.0000,0.0000
N2,20260202,N2##20260202,0.0834,0.0000,11.5068
N2,20260202,N2##20260202,0.1720,0.0000,0.0000
N2,20260202,N2##20260202,0.2115,0.0000,0.0000
N2,20260202,N2##20260202,0.1124,0.0000,0.0000
N2,20260202,N2##20260202,0.1354,0.0000,0.0000
N2,20260202,N2##20260202,0.1468,1.0033,1.5050
N2,20260202,N2##20260202,0.1789,0.0000,0.0000
N2,20260202,N2##20260202,0.1677,0.0000,0.0000
N2,20260202,N2##20260202,0.1891,0.0000,0.0000
N2,20260202,N2##20260202,0.1583,0.0000,3.9474
N2,20260202,N2##20260202,0.1958,3.5503,7.1006
N2,20260202,N2##20260202,0.2287,0.0000,0.0000
N2,20260202,N2##20260202,0.1309,0.0000,0.0000
N2,20260202,N2##20260202,0.0935,0.0000,2.5451
N2,20260202,N2##20260202,0.1005,0.0000,0.0000
N2,20260202,N2##20260202,0.1747,0.0000,0.0000
N2,20260202,N2##20260202,0.1796,2.2305,0.7435
N2,20260202,N2##20260202,0.1216,0.0000,1.3921
N2,20260202,N2##20260202,0.1574,0.0000,0.0000
N2,20260202,N2##20260202,0.0873,0.0000,0.0000
N2,20260202,N2##20260202,0.1379,0.0000,0.0000
N2,20260202,N2##20260202,0.1963,0.0000,0.7802
N2,20260202,N2##20260202,0.1739,0.0000,1.3333
N2,20260202,N2##20260202,0.1218,1.6997,0.8499
N2,20260202,N2##20260202,0.2149,0.0000,0.0000
N2,20260202,N2##20260202,0.1560,0.0000,0.0000
N2,20260202,N2##20260202,0.1793,0.0000,0.0000
N2,20260202,N2##20260202,0.2225,2.9221,1.9481
N2,20260202,N2##20260202,0.1576,10.1695,0.0000
N2,20260202,N2##20260202,0.1190,0.0000,0.0000
N2,20260202,N2##20260202,0.1852,0.0000,0.0000
N2,20260202,N2##20260202,0.1490,0.0000,3.6810
N2,20260202,N2##20260202,0.1574,0.0000,0.0000
N2,20260202,N2##20260202,0.1302,1.1385,0.0000
N2,20260202,N2##20260202,0.0808,1.5306,0.0000
N2,20260202,N2##20260202,0.2000,0.0000,0.0000
N2,20260202,N2##20260202,0.1761,3.0151,3.0151
N2,20260202,N2##20260202,0.1303,0.0000,0.0000
N2,20260202,N2##20260202,0.1009,2.4590,0.0000
N2,20260202,N2##20260202,0.1790,0.0000,1.7391
N2,20260202,N2##20260202,0.1782,0.0000,3.6810
N2,20260202,N2##20260202,0.1874,0.0000,0.0000
N2,20260202,N2##20260202,0.1017,0.0000,0.0000
N2,20260202,N2##20260202,0.1174,0.0000,0.0000
N2,20260202,N2##20260202,0.1351,0.0000,0.0000
N2,20260202,N2##20260202,0.1415,0.0000,2.7273
N2,20260202,N2##20260202,0.1533,0.0000,0.0000
N2,20260202,N2##20260202,0.1470,0.0000,0.0000
N2,20260202,N2##20260202,0.0706,0.0000,0.0000
N2,20260202,N2##20260202,0.1357,0.0000,0.0000
N2,20260202,N2##20260202,0.1752,0.0000,0.0000
N2,20260202,N2##20260202,0.1524,0.0000,0.0000
N2,20260203,N2##20260203,0.1657,0.0000,0.0000
N2,20260203,N2##20260203,0.0868,0.9662,5.7971
N2,20260203,N2##20260203,0.2289,0.0000,0.8186
N2,20260203,N2##20260203,0.2065,0.0000,0.0000
N2,20260203,N2##20260203,0.1876,0.0000,0.0000
N2,20260203,N2##20260203,0.1919,0.0000,0.0000
N2,20260203,N2##20260203,0.1856,4.6875,4.6875
N2,20260203,N2##20260203,0.1815,2.3226,1.5484
N2,20260203,N2##20260203,0.2089,1.1204,1.6807
N2,20260203,N2##20260203,0.1354,1.9934,2.9900
N2,20260203,N2##20260203,0.1869,0.0000,0.0000
N2,20260203,N2##20260203,0.1852,0.0000,0.0000
N2,20260203,N2##20260203,0.1424,0.0000,0.0000
N2,20260203,N2##20260203,0.2134,0.0000,0.0000
N2,20260203,N2##20260203,0.2203,0.0000,0.0000
N2,20260203,N2##20260203,0.2385,0.0000,0.0000
N2,20260203,N2##20260203,0.1788,0.0000,0.0000
N2,20260203,N2##20260203,0.1838,5.5046,2.7523
N2,20260203,N2##20260203,0.1840,0.0000,0.0000
N2,20260203,N2##20260203,0.2290,0.0000,0.7203
N2,20260203,N2##20260203,0.2394,0.0000,0.0000
N2,20260203,N2##20260203,0.1804,0.0000,0.0000
N2,20260203,N2##20260203,0.2194,0.0000,0.0000
N2,20260203,N2##20260203,0.1900,0.0000,0.0000
N2,20260203,N2##20260203,0.2440,0.0000,0.0000
N2,20260203,N2##20260203,0.1501,0.0000,0.0000
N2,20260203,N2##20260203,0.1981,0.0000,0.0000
N2,20260203,N2##20260203,0.2235,0.0000,0.0000
N2,20260203,N2##20260203,0.1195,0.0000,0.0000
N2,20260203,N2##20260203,0.1638,0.0000,0.0000
N2,20260203,N2##20260203,0.2484,0.0000,0.0000
N2,20260203,N2##20260203,0.2125,0.0000,0.0000
N2,20260203,N2##20260203,0.1833,0.3356,0.3356
N2,20260203,N2##20260203,0.2060,0.0000,0.0000
N2,20260203,N2##20260203,0.1725,1.4888,1.4888
N2,20260203,N2##20260203,0.2039,0.0000,0.0000
N2,20260203,N2##20260203,0.1610,1.2552,1.2552
N2,20260203,N2##20260203,0.1587,3.8544,5.1392
N2,20260203,N2##20260203,0.1251,2.8526,1.9017
N2,20260203,N2##20260203,0.1962,2.4845,3.7267
N2,20260203,N2##20260203,0.2244,2.1871,2.1871
N2,20260203,N2##20260203,0.1452,0.0000,0.0000
N2,20260203,N2##20260203,0.1852,1.2397,0.0000
N2,20260203,N2##20260203,0.1619,0.0000,0.0000
N2,20260203,N2##20260203,0.2228,0.0000,0.0000
N2,20260203,N2##20260203,0.1839,0.0000,0.0000
N2,20260203,N2##20260203,0.1730,0.0000,0.0000
N2,20260203,N2##20260203,0.1798,0.0000,1.1511
N2,20260203,N2##20260203,0.2085,0.0000,0.0000
N2,20260203,N2##20260203,0.1922,0.0000,0.0000
N2,20260203,N2##20260203,0.1991,5.7692,0.0000
N2,20260203,N2##20260203,0.2361,2.3622,1.1811
N2,20260203,N2##20260203,0.1942,0.0000,0.0000
N2,20260203,N2##20260203,0.1595,2.2222,2.2222
N2,20260203,N2##20260203,0.2134,15.3846,0.0000
N2,20260203,N2##20260203,0.2067,0.0000,0.0000
N2,20260203,N2##20260203,0.1627,0.6861,1.3722
N2,20260203,N2##20260203,0.2131,0.0000,0.0000
N2,20260203,N2##20260203,0.1337,6.0000,6.0000
N2,20260203,N2##20260203,0.2264,0.0000,0.0000
N2,20260203,N2##20260203,0.1186,0.0000,0.0000
N2,20260203,N2##20260203,0.1792,1.5544,0.0000
N2,20260203,N2##20260203,0.1663,4.1379,8.2759
N2,20260203,N2##20260203,0.1315,0.0000,0.0000
N2,20260203,N2##20260203,0.1438,1.0976,0.3659
N2,20260203,N2##20260203,0.2696,8.6957,8.6957
N2,20260203,N2##20260203,0.1936,0.0000,0.0000
N2,20260203,N2##20260203,0.1205,0.0000,8.4507
N2,20260203,N2##20260203,0.1650,1.6086,0.0000
N2,20260203,N2##20260203,0.2022,4.4776,6.7164
N2,20260203,N2##20260203,0.2055,0.0000,0.0000
N2,20260203,N2##20260203,0.2235,0.0000,0.0000
N2,20260203,N2##20260203,0.2043,0.0000,0.0000
N2,20260203,N2##20260203,0.1989,0.0000,0.0000
N2,20260203,N2##20260203,0.2164,0.0000,0.0000
N2,20260203,N2##20260203,0.1417,6.5217,0.0000
N2,20260203,N2##20260203,0.1995,0.0000,0.0000
N2,20260203,N2##20260203,0.2404,0.0000,0.0000
N2,20260203,N2##20260203,0.2153,0.0000,0.0000
N2,20260203,N2##20260203,0.1394,4.2017,3.3613
N2,20260203,N2##20260203,0.2287,0.0000,0.0000
N2,20260203,N2##20260203,0.1827,0.0000,0.0000
N2,20260203,N2##20260203,0.1678,2.3483,4.1096
N2,20260203,N2##20260203,0.2132,0.0000,0.0000
N2,20260203,N2##20260203,0.2394,0.0000,0.0000
N2,20260203,N2##20260203,0.1899,0.0000,0.0000
N2,20260203,N2##20260203,0.1964,0.0000,0.0000
N2,20260203,N2##20260203,0.1316,0.0000,0.0000
N2,20260203,N2##20260203,0.1449,0.0000,0.0000
N2,20260203,N2##20260203,0.2013,0.0000,0.0000
N2,20260203,N2##20260203,0.1354,0.0000,0.0000
N2,20260203,N2##20260203,0.1634,4.0541,4.0541
N2,20260203,N2##20260203,0.2461,6.1538,3.0769
N2,20260203,N2##20260203,0.1787,2.0690,0.0000
N2,20260203,N2##20260203,0.1826,0.0000,2.2140
N2,20260203,N2##20260203,0.1738,0.0000,0.0000
N2,20260203,N2##20260203,0.1922,0.0000,0.0000
N2,20260203,N2##20260203,0.1691,0.0000,0.0000
N2,20260203,N2##20260203,0.1738,0.0000,0.0000
N2,20260203,N2##20260203,0.1186,2.7027,5.4054
N2,20260203,N2##20260203,0.2035,1.2245,1.2245
N2,20260203,N2##20260203,0.2212,0.6390,0.6390
N2,20260203,N2##20260203,0.1822,1.6760,3.3520
N2,20260203,N2##20260203,0.1462,0.0000,0.0000
N2,20260203,N2##20260203,0.1567,0.0000,0.0000
N2,20260203,N2##20260203,0.1934,0.0000,0.0000
N2,20260203,N2##20260203,0.1955,0.0000,0.0000
N2,20260203,N2##20260203,0.1902,2.6946,2.6946
N2,20260203,N2##20260203,0.1460,0.0000,0.0000
N2,20260203,N2##20260203,0.1524,2.6786,0.0000
N2,20260203,N2##20260203,0.1441,0.0000,0.0000
N2,20260203,N2##20260203,0.2280,0.0000,0.0000
N2,20260203,N2##20260203,0.2229,0.0000,0.0000
N2,20260203,N2##20260203,0.2090,1.5038,1.5038
N2,20260203,N2##20260203,0.2293,1.7291,0.0000
N2,20260203,N2##20260203,0.1368,0.0000,0.0000
N2,20260203,N2##20260203,0.1881,9.5238,6.3492
N2,20260203,N2##20260203,0.2149,0.0000,0.0000
N2,20260203,N2##20260203,0.1695,0.0000,1.8519
N2,20260203,N2##20260203,0.2153,0.0000,0.0000
N2,20260203,N2##20260203,0.1913,3.7383,2.8037
N2,20260203,N2##20260203,0.1938,0.0000,0.0000
N2,20260203,N2##20260203,0.1985,0.0000,0.0000
N2,20260203,N2##20260203,0.1759,2.6201,0.0000
N2,20260203,N2##20260203,0.1889,1.7341,1.7341
N2,20260203,N2##20260203,0.1473,0.0000,0.0000
N2,20260203,N2##20260203,0.2159,0.0000,0.0000
N2,20260203,N2##20260203,0.1334,0.0000,0.0000
N2,20260203,N2##20260203,0.1814,0.0000,0.0000
N2,20260203,N2##20260203,0.1790,0.0000,0.0000
N2,20260203,N2##20260203,0.0852,10.6918,1.8868
N2,20260203,N2##20260203,0.1963,0.0000,0.0000
N2,20260203,N2##20260203,0.1271,1.2876,0.0000
N2,20260203,N2##20260203,0.1544,0.0000,0.0000
N2,20260203,N2##20260203,0.1613,0.0000,2.6608
N2,20260203,N2##20260203,0.1943,0.0000,0.0000
N2,20260203,N2##20260203,0.1719,1.5190,0.0000
N2,20260203,N2##20260203,0.1227,0.0000,0.0000
N2,20260203,N2##20260203,0.2244,0.0000,0.0000
N2,20260203,N2##20260203,0.1889,0.0000,0.0000
N2,20260203,N2##20260203,0.1991,0.0000,0.0000
N2,20260203,N2##20260203,0.2006,2.4291,1.2146
N2,20260203,N2##20260203,0.2246,0.0000,0.0000
N2,20260203,N2##20260203,0.1864,1.5544,1.5544
N2,20260203,N2##20260203,0.1793,0.0000,0.0000
N2,20260203,N2##20260203,0.1315,7.2874,12.1457
N2,20260203,N2##20260203,0.1586,0.0000,6.5217
N2,20260203,N2##20260203,0.1631,0.0000,0.0000
N2,20260203,N2##20260203,0.2107,0.0000,0.0000
N2,20260203,N2##20260203,0.2293,0.0000,0.0000
N2,20260203,N2##20260203,0.1895,0.0000,0.0000
N2,20260203,N2##20260203,0.1967,1.8321,0.9160
N2,20260203,N2##20260203,0.1617,0.0000,0.0000
N2,20260203,N2##20260203,0.1455,0.0000,8.2192
N2,20260203,N2##20260203,0.2133,4.8780,0.0000
N2,20260203,N2##20260203,0.1763,0.0000,0.0000
N2,20260203,N2##20260203,0.1298,3.1915,3.1915
N2,20260203,N2##20260203,0.1327,5.3333,5.3333
N2,20260203,N2##20260203,0.1641,0.0000,0.0000
N2,20260203,N2##20260203,0.1975,0.0000,0.0000
N2,20260203,N2##20260203,0.1562,0.0000,1.5190
N2,20260203,N2##20260203,0.1916,3.4985,5.2478
N2,20260203,N2##20260203,0.1917,0.0000,0.0000
N2,20260203,N2##20260203,0.1917,0.0000,0.0000
N2,20260203,N2##20260203,0.1903,0.0000,1.6349
N2,20260203,N2##20260203,0.2152,0.0000,0.0000
N2,20260203,N2##20260203,0.1727,3.5503,3.5503
N2,20260203,N2##20260203,,0.0000,24.0000
N2,20260203,N2##20260203,0.1866,0.0000,0.0000
N2,20260203,N2##20260203,0.2154,0.0000,0.0000
N2,20260203,N2##20260203,0.1786,2.0979,6.2937
N2,20260203,N2##20260203,0.1983,0.0000,0.0000
N2,20260203,N2##20260203,0.1940,0.0000,0.0000
N2,20260203,N2##20260203,0.1456,0.0000,0.0000
N2,20260203,N2##20260203,0.2499,0.0000,0.0000
N2,20260203,N2##20260203,0.2161,0.0000,0.0000
N2,20260203,N2##20260203,0.1626,0.0000,0.0000
N2,20260203,N2##20260203,0.1792,0.0000,0.0000
N2,20260203,N2##20260203,0.1240,0.0000,0.0000
N2,20260203,N2##20260203,0.1835,0.0000,0.0000
N2,20260203,N2##20260203,0.1762,0.0000,0.0000
N2,20260203,N2##20260203,0.1866,0.0000,0.0000
N2,20260203,N2##20260203,0.1498,0.0000,6.4516
N2,20260203,N2##20260203,0.1980,0.0000,0.0000
N2,20260203,N2##20260203,0.1655,0.0000,0.0000
N2,20260203,N2##20260203,0.1391,0.0000,0.0000
N2,20260203,N2##20260203,0.1146,8.4507,0.0000
N2,20260203,N2##20260203,0.1469,0.0000,0.0000
N2,20260204,N2##20260204,0.1345,0.0000,0.0000
N2,20260204,N2##20260204,0.1343,1.0345,0.0000
N2,20260204,N2##20260204,0.1611,0.0000,0.0000
N2,20260204,N2##20260204,0.1305,0.0000,0.0000
N2,20260204,N2##20260204,0.1367,0.0000,0.0000
N2,20260204,N2##20260204,0.1631,1.9512,0.0000
N2,20260204,N2##20260204,0.1476,0.0000,0.0000
N2,20260204,N2##20260204,0.1438,0.0000,0.0000
N2,20260204,N2##20260204,0.1494,0.0000,0.0000
N2,20260204,N2##20260204,0.1319,0.0000,0.0000
N2,20260204,N2##20260204,0.1066,8.5106,4.2553
N2,20260204,N2##20260204,0.1598,1.1085,0.8314
N2,20260204,N2##20260204,0.1660,0.0000,0.0000
N2,20260204,N2##20260204,0.1410,0.0000,0.0000
N2,20260204,N2##20260204,0.1401,0.0000,1.5013
N2,20260204,N2##20260204,0.1402,0.7389,2.2167
N2,20260204,N2##20260204,0.1482,0.0000,0.0000
N2,20260204,N2##20260204,0.1369,2.7523,2.7523
N2,20260204,N2##20260204,0.1163,14.2857,0.0000
N2,20260204,N2##20260204,0.1418,0.0000,0.0000
N2,20260204,N2##20260204,0.1542,1.1650,1.7476
N2,20260204,N2##20260204,0.1444,27.9070,0.0000
N2,20260204,N2##20260204,0.1214,8.2192,0.0000
N2,20260204,N2##20260204,0.1381,0.0000,0.0000
N2,20260204,N2##20260204,0.1434,1.6224,1.3520
N2,20260204,N2##20260204,0.1562,0.0000,0.0000
N2,20260204,N2##20260204,0.1388,0.0000,0.0000
N2,20260204,N2##20260204,0.1315,4.1096,0.0000
N2,20260204,N2##20260204,0.1588,0.0000,0.0000
N2,20260204,N2##20260204,,24.0000,0.0000
N2,20260204,N2##20260204,0.1287,0.0000,0.0000
N2,20260204,N2##20260204,0.1475,4.8000,4.8000
N2,20260204,N2##20260204,0.1493,6.4516,1.6129
N2,20260204,N2##20260204,0.1717,4.6948,0.9390
N2,20260204,N2##20260204,0.1455,2.0202,2.0202
N2,20260204,N2##20260204,0.1418,0.0000,0.0000
N2,20260204,N2##20260204,0.1794,1.2739,1.2739
N2,20260204,N2##20260204,0.1636,3.6199,0.9050
N2,20260204,N2##20260204,0.1301,4.3636,2.1818
N2,20260204,N2##20260204,0.0418,23.0769,0.0000
N2,20260204,N2##20260204,,23.0769,23.0769
N2,20260204,N2##20260204,0.1352,1.5484,0.0000
N2,20260204,N2##20260204,0.1626,0.0000,0.0000
N2,20260204,N2##20260204,0.1456,0.6985,1.3970
N2,20260204,N2##20260204,0.1241,0.0000,0.0000
N2,20260204,N2##20260204,0.1580,0.0000,0.0000
N2,20260204,N2##20260204,0.1696,0.0000,0.0000
N2,20260204,N2##20260204,0.1613,0.0000,0.0000
N2,20260204,N2##20260204,0.1691,0.0000,5.3097
N2,20260204,N2##20260204,0.1667,1.9815,1.5852
N2,20260204,N2##20260204,0.1341,1.2195,1.2195
N2,20260204,N2##20260204,0.1304,4.1667,0.0000
N2,20260204,N2##20260204,0.1577,3.8647,1.9324
N2,20260204,N2##20260204,0.1757,8.2192,8.2192
N2,20260204,N2##20260204,0.1589,0.0000,1.9802
N2,20260204,N2##20260204,0.1499,0.0000,0.0000
N2,20260204,N2##20260204,0.1455,0.0000,0.0000
N2,20260204,N2##20260204,0.1483,0.0000,0.0000
N2,20260204,N2##20260204,0.1498,1.9672,0.0000
N2,20260204,N2##20260204,0.1758,2.0761,0.0000
N2,20260204,N2##20260204,0.1064,8.3565,1.6713
N2,20260204,N2##20260204,0.1541,0.0000,0.5515
N2,20260204,N2##20260204,0.1489,0.0000,0.0000
N2,20260204,N2##20260204,0.1338,0.0000,0.0000
N2,20260204,N2##20260204,0.1496,0.0000,0.0000
N2,20260204,N2##20260204,0.1241,0.0000,0.0000
N2,20260204,N2##20260204,0.1661,1.5831,3.1662
N2,20260204,N2##20260204,0.1344,0.0000,13.0435
N2,20260204,N2##20260204,0.1260,13.0435,0.0000
N2,20260204,N2##20260204,0.1258,1.7442,3.4884
N2,20260204,N2##20260204,0.1373,0.0000,0.0000
N2,20260204,N2##20260204,0.1490,0.0000,0.0000
N2,20260204,N2##20260204,0.1638,0.0000,0.0000
N2,20260204,N2##20260204,0.1539,0.0000,0.0000
N2,20260204,N2##20260204,0.1277,0.0000,0.0000
N2,20260204,N2##20260204,0.1584,0.8982,0.8982
N2,20260204,N2##20260204,0.1555,0.0000,0.0000
N2,20260204,N2##20260204,0.1362,0.0000,12.0805
N2,20260204,N2##20260204,0.1559,3.6036,3.6036
N2,20260204,N2##20260204,0.1566,0.0000,0.0000
N2,20260204,N2##20260204,0.1568,0.0000,0.0000
N2,20260204,N2##20260204,0.1863,0.0000,3.2609
N2,20260204,N2##20260204,0.1360,0.0000,0.6608
N2,20260204,N2##20260204,0.1360,2.2388,0.0000
N2,20260204,N2##20260204,0.1202,1.8809,3.7618
N2,20260204,N2##20260204,0.2021,0.0000,0.0000
N2,20260204,N2##20260204,0.1407,0.0000,0.0000
N2,20260204,N2##20260204,0.1485,0.0000,0.0000
N2,20260204,N2##20260204,0.1550,2.5614,0.6403
N2,20260204,N2##20260204,0.1549,0.0000,0.0000
N2,20260204,N2##20260204,0.1592,6.3158,3.1579
N2,20260204,N2##20260204,0.1578,0.0000,0.0000
N2,20260204,N2##20260204,0.1575,0.0000,0.0000
N2,20260204,N2##20260204,0.1478,0.0000,0.0000
N2,20260204,N2##20260204,0.1423,3.1414,3.1414
N2,20260204,N2##20260204,0.1501,0.0000,0.0000
N2,20260204,N2##20260204,0.1425,3.1250,0.0000
N2,20260204,N2##20260204,0.1391,0.5753,1.1505
N2,20260204,N2##20260204,0.1728,0.0000,0.0000
N2,20260204,N2##20260204,0.1318,0.0000,0.0000
N2,20260204,N2##20260204,0.1480,2.7027,2.7027
N2,20260204,N2##20260204,0.1138,2.1164,2.1164
N2,20260204,N2##20260204,0.1386,3.1250,0.6250
N2,20260204,N2##20260204,0.1590,0.0000,3.9130
N2,20260204,N2##20260204,0.1262,0.7212,7.9327
N2,20260204,N2##20260204,0.1530,0.0000,0.0000
N2,20260204,N2##20260204,0.1319,0.0000,3.7975
N2,20260204,N2##20260204,0.1741,0.0000,1.7094
N2,20260204,N2##20260204,0.1557,2.3438,0.0000
N2,20260204,N2##20260204,0.1627,2.0202,2.0202
N2,20260204,N2##20260204,0.1416,3.7267,0.0000
N2,20260204,N2##20260204,0.1476,0.0000,0.0000
N2,20260204,N2##20260204,0.1668,0.0000,0.0000
N2,20260204,N2##20260204,0.1413,3.6735,3.6735
N2,20260204,N2##20260204,0.1345,0.0000,0.0000
N2,20260204,N2##20260204,0.1783,0.7426,0.7426
N2,20260204,N2##20260204,0.1720,0.0000,0.0000
N2,20260204,N2##20260204,0.1517,1.8987,1.8987
N2,20260204,N2##20260204,0.1555,0.8141,0.0000
N2,20260204,N2##20260204,0.1473,0.0000,0.0000
N2,20260204,N2##20260204,0.1462,0.0000,0.0000
N2,20260204,N2##20260204,0.1189,9.9448,3.3149
N2,20260204,N2##20260204,0.1124,3.3149,3.3149
N2,20260204,N2##20260204,0.1429,0.0000,0.0000
N2,20260204,N2##20260204,0.1558,1.7070,0.8535
N2,20260204,N2##20260204,0.1714,0.0000,0.0000
N2,20260204,N2##20260204,0.1212,2.4948,2.4948
N2,20260204,N2##20260204,0.1561,0.0000,0.0000
N2,20260204,N2##20260204,0.1386,0.0000,0.0000
N2,20260204,N2##20260204,0.1710,0.0000,0.0000
N2,20260204,N2##20260204,0.1877,0.0000,0.0000
N2,20260204,N2##20260204,0.1461,0.0000,0.0000
N2,20260204,N2##20260204,0.1730,0.0000,0.0000
N2,20260204,N2##20260204,0.1606,3.1579,3.1579
N2,20260204,N2##20260204,0.1449,0.0000,0.0000
N2,20260204,N2##20260204,0.1805,0.7168,0.7168
N2,20260204,N2##20260204,0.1363,4.8387,9.6774
N2,20260204,N2##20260204,0.1523,0.0000,0.0000
N2,20260204,N2##20260204,0.1358,0.0000,0.0000
N2,20260204,N2##20260204,0.1415,7.8947,0.0000
N2,20260204,N2##20260204,0.1470,1.9324,0.9662
N2,20260204,N2##20260204,0.1273,0.0000,0.0000
N2,20260204,N2##20260204,0.1138,0.0000,7.8947
N2,20260204,N2##20260204,0.1389,1.7964,0.0000
N2,20260204,N2##20260204,0.1489,2.4291,1.6194
N2,20260204,N2##20260204,0.1358,6.3158,3.1579
N2,20260204,N2##20260204,0.1874,0.0000,0.0000
N2,20260204,N2##20260204,0.1633,0.0000,0.0000
N2,20260204,N2##20260204,0.1709,0.0000,0.0000
N2,20260204,N2##20260204,0.1382,0.0000,0.0000
N2,20260204,N2##20260204,0.1521,2.2901,0.7634
N2,20260204,N2##20260204,0.1506,0.0000,0.0000
N2,20260204,N2##20260204,0.1442,4.0268,0.0000
N2,20260204,N2##20260204,0.1336,0.0000,0.0000
N2,20260204,N2##20260204,0.1548,0.0000,0.0000
N2,20260204,N2##20260204,0.1600,0.0000,0.0000
N2,20260204,N2##20260204,0.1524,4.9793,4.9793
N2,20260204,N2##20260204,0.1320,0.0000,0.0000
N2,20260204,N2##20260204,0.1242,5.6426,3.7618
N2,20260204,N2##20260204,0.1445,0.0000,0.0000
N2,20260204,N2##20260204,0.1462,4.0886,1.0221
N2,20260204,N2##20260204,0.1613,0.0000,0.0000
N2,20260204,N2##20260204,0.1445,0.0000,0.0000
N2,20260204,N2##20260204,0.1175,0.0000,0.0000
N2,20260204,N2##20260204,0.1729,3.1524,0.0000
N2,20260204,N2##20260204,0.1010,0.0000,0.0000
N2,20260204,N2##20260204,0.1459,0.0000,0.0000
N2,20260204,N2##20260204,0.1310,2.2901,1.1450
N2,20260204,N2##20260204,0.1496,0.0000,0.0000
N2,20260204,N2##20260204,0.1908,0.0000,1.5228
N2,20260204,N2##20260204,0.1437,2.4291,1.2146
N2,20260204,N2##20260204,0.1369,6.7669,2.2556
N2,20260204,N2##20260204,0.1086,0.0000,0.0000
N2,20260204,N2##20260204,0.1557,0.0000,0.0000
N2,20260204,N2##20260204,0.1633,0.0000,0.0000
N2,20260204,N2##20260204,0.1652,0.0000,0.0000
N2,20260204,N2##20260204,0.1533,0.0000,0.0000
N2,20260204,N2##20260204,0.1322,0.0000,0.0000
N2,20260204,N2##20260204,0.1429,0.0000,0.0000
N2,20260204,N2##20260204,0.1512,0.0000,0.0000
N2,20260204,N2##20260204,0.1593,0.0000,0.0000
N2,20260204,N2##20260204,0.1379,0.0000,0.0000
N2,20260204,N2##20260204,0.1691,0.0000,0.0000
N2,20260204,N2##20260204,0.1458,0.0000,0.0000
N2,20260204,N2##20260204,0.1797,3.2432,0.0000
N2,20260204,N2##20260204,0.1448,0.0000,0.0000
N2,20260204,N2##20260204,0.1587,5.6338,5.6338
N2,20260204,N2##20260204,0.1105,0.0000,0.0000
N2,20260204,N2##20260204,0.1398,1.6043,0.0000
N2,20260204,N2##20260204,0.1609,0.0000,0.0000
N2,20260204,N2##20260204,0.1606,0.0000,0.0000
N2,20260204,N2##20260204,0.1442,2.1978,0.0000
N2,20260204,N2##20260204,0.1497,0.0000,0.0000
N2,20260204,N2##20260204,0.1365,3.1414,0.0000
N2,20260204,N2##20260204,0.1408,8.3333,2.7778
N2,20260204,N2##20260204,0.1425,0.0000,0.0000
N2,20260204,N2##20260204,0.1825,0.0000,0.0000
N2,20260204,N2##20260204,0.1722,3.2967,0.0000
N2,20260204,N2##20260204,0.1402,0.0000,0.0000
N2,20260204,N2##20260204,0.1519,4.0268,0.0000
N2,20260204,N2##20260204,0.1676,0.0000,0.0000
N2,20260204,N2##20260204,0.1683,0.0000,0.0000
N2,20260204,N2##20260204,0.1116,0.0000,0.0000
N2,20260204,N2##20260204,0.1776,0.0000,0.0000
N2,20260204,N2##20260204,0.1357,0.0000,0.0000
N2,20260204,N2##20260204,0.1879,0.0000,0.0000
N2,20260205,N2##20260205,0.1373,1.2987,0.0000
N2,20260205,N2##20260205,0.1385,0.0000,0.0000
N2,20260205,N2##20260205,0.2209,0.0000,0.0000
N2,20260205,N2##20260205,0.1540,0.0000,0.0000
N2,20260205,N2##20260205,0.1895,1.7442,1.0465
N2,20260205,N2##20260205,0.0586,6.2946,3.2732
N2,20260205,N2##20260205,0.2103,0.0000,0.0000
N2,20260205,N2##20260205,0.1588,1.9502,0.0000
N2,20260205,N2##20260205,0.1439,0.0000,0.9885
N2,20260205,N2##20260205,0.1911,0.0000,0.0000
N2,20260205,N2##20260205,0.1458,0.6154,0.0000
N2,20260205,N2##20260205,0.1146,1.4599,0.0000
N2,20260205,N2##20260205,0.1763,0.0000,0.0000
N2,20260205,N2##20260205,0.1580,0.0000,0.8734
N2,20260205,N2##20260205,0.2439,0.0000,0.0000
N2,20260205,N2##20260205,0.1384,0.0000,0.0000
N2,20260205,N2##20260205,0.2034,5.6075,5.6075
N2,20260205,N2##20260205,0.1367,0.0000,2.0236
N2,20260205,N2##20260205,0.0955,0.0000,0.0000
N2,20260205,N2##20260205,0.1530,1.5267,1.5267
N2,20260205,N2##20260205,0.1884,0.0000,5.2174
N2,20260205,N2##20260205,0.1780,0.0000,0.0000
N2,20260205,N2##20260205,0.1744,0.0000,0.0000
N2,20260205,N2##20260205,0.1240,4.5113,0.0000
N2,20260205,N2##20260205,0.1311,0.0000,0.0000
N2,20260205,N2##20260205,0.1577,0.0000,0.0000
N2,20260205,N2##20260205,0.1327,6.6667,0.0000
N2,20260205,N2##20260205,0.2123,1.9544,1.9544
N2,20260205,N2##20260205,0.1385,1.3970,0.0000
N2,20260205,N2##20260205,0.1674,0.0000,0.0000
N2,20260205,N2##20260205,0.1603,0.0000,0.0000
N2,20260205,N2##20260205,0.1449,0.0000,0.0000
N2,20260205,N2##20260205,0.1999,0.0000,0.0000
N2,20260205,N2##20260205,0.1282,0.0000,0.0000
N2,20260205,N2##20260205,0.1469,0.0000,0.0000
N2,20260205,N2##20260205,0.1436,4.5627,2.2814
N2,20260205,N2##20260205,0.1439,0.0000,0.0000
N2,20260205,N2##20260205,0.2187,0.0000,0.0000
N2,20260205,N2##20260205,0.2309,0.0000,0.0000
N2,20260205,N2##20260205,0.1716,0.0000,0.9539
N2,20260205,N2##20260205,0.2155,0.0000,0.0000
N2,20260205,N2##20260205,0.2152,0.0000,14.6341
N2,20260205,N2##20260205,0.1861,0.0000,0.0000
N2,20260205,N2##20260205,0.1268,0.0000,0.0000
N2,20260205,N2##20260205,0.1818,0.0000,0.0000
N2,20260205,N2##20260205,0.1370,0.0000,0.0000
N2,20260205,N2##20260205,0.1634,0.0000,0.0000
N2,20260205,N2##20260205,0.2223,0.0000,0.0000
N2,20260205,N2##20260205,0.2189,0.0000,0.0000
N2,20260205,N2##20260205,0.1850,0.0000,0.0000
N2,20260205,N2##20260205,0.2642,0.0000,0.0000
N2,20260205,N2##20260205,0.1753,0.0000,0.0000
N2,20260205,N2##20260205,0.2309,0.0000,0.0000
N2,20260205,N2##20260205,0.1190,0.0000,0.0000
N2,20260205,N2##20260205,0.2178,0.0000,0.0000
N2,20260205,N2##20260205,0.1417,0.0000,0.0000
N2,20260205,N2##20260205,0.2139,0.0000,0.0000
N2,20260205,N2##20260205,0.1617,0.0000,0.0000
N2,20260205,N2##20260205,0.1921,0.0000,0.0000
N2,20260205,N2##20260205,0.2034,0.0000,0.0000
N2,20260205,N2##20260205,0.1373,3.3088,0.0000
N2,20260205,N2##20260205,0.1732,0.0000,0.0000
N2,20260205,N2##20260205,0.2398,0.0000,0.0000
N2,20260205,N2##20260205,0.1758,0.0000,0.0000
N2,20260205,N2##20260205,0.1842,0.0000,0.0000
N2,20260205,N2##20260205,0.2451,0.0000,0.0000
N2,20260205,N2##20260205,0.1334,0.0000,0.0000
N2,20260205,N2##20260205,0.1468,0.0000,0.0000
N2,20260205,N2##20260205,0.1742,0.0000,0.0000
N2,20260205,N2##20260205,0.1803,0.0000,0.0000
N2,20260205,N2##20260205,0.2161,7.4380,4.9587
N2,20260205,N2##20260205,0.0499,0.0000,0.0000
N2,20260205,N2##20260205,0.2117,5.6075,0.0000
N2,20260205,N2##20260205,0.1711,0.0000,0.0000
N2,20260205,N2##20260205,0.2575,0.0000,0.0000
N2,20260205,N2##20260205,0.2291,0.0000,0.0000
N2,20260205,N2##20260205,0.1937,4.0541,4.0541
N2,20260205,N2##20260205,0.1383,0.0000,0.0000
N2,20260205,N2##20260205,0.1816,0.0000,0.0000
N2,20260205,N2##20260205,0.1286,0.0000,0.0000
N2,20260205,N2##20260205,0.1991,0.0000,0.0000
N2,20260205,N2##20260205,0.1548,0.0000,0.0000
N2,20260206,N2##20260206,0.0949,0.0000,1.4458
N2,20260206,N2##20260206,0.1394,1.0753,0.0000
N2,20260206,N2##20260206,0.1348,0.0000,0.0000
N2,20260206,N2##20260206,0.1514,0.0000,0.0000
N2,20260206,N2##20260206,0.1681,0.0000,0.0000
N2,20260206,N2##20260206,0.1293,0.0000,0.0000
N2,20260206,N2##20260206,0.1198,0.0000,0.0000
N2,20260206,N2##20260206,0.1241,0.0000,0.0000
N2,20260206,N2##20260206,0.1272,0.0000,0.0000
N2,20260206,N2##20260206,0.1164,2.8939,1.9293
N2,20260206,N2##20260206,0.1202,0.0000,0.0000
N2,20260206,N2##20260206,0.1130,0.0000,0.0000
N2,20260206,N2##20260206,0.1592,0.0000,0.0000
N2,20260206,N2##20260206,0.1434,0.0000,0.0000
N2,20260206,N2##20260206,0.1455,0.0000,0.0000
N2,20260206,N2##20260206,0.1208,0.0000,4.3796
N2,20260206,N2##20260206,0.1237,0.0000,8.4507
N2,20260206,N2##20260206,0.1599,0.0000,0.0000
N2,20260206,N2##20260206,0.1256,0.9188,0.9188
N2,20260206,N2##20260206,0.1336,0.0000,0.0000
N2,20260206,N2##20260206,0.1201,0.0000,0.0000
N2,20260206,N2##20260206,0.1591,0.0000,0.0000
N2,20260206,N2##20260206,0.1504,0.0000,0.0000
N2,20260206,N2##20260206,0.1488,0.0000,1.8868
N2,20260206,N2##20260206,0.1266,0.6842,1.3683
N2,20260206,N2##20260206,0.1157,0.0000,0.0000
N2,20260206,N2##20260206,0.1104,7.6923,3.8462
N2,20260206,N2##20260206,0.1340,0.0000,0.0000
N2,20260206,N2##20260206,0.1483,0.0000,0.0000
N2,20260206,N2##20260206,0.0834,0.0000,0.0000
N2,20260206,N2##20260206,0.1303,0.0000,0.0000
N2,20260206,N2##20260206,0.1374,0.0000,0.0000
N2,20260206,N2##20260206,0.1352,0.0000,0.0000
N2,20260206,N2##20260206,0.1112,0.0000,3.9474
N2,20260206,N2##20260206,0.1414,0.0000,0.0000
N2,20260206,N2##20260206,0.1241,0.0000,0.0000
N2,20260206,N2##20260206,0.1207,0.0000,0.0000
N2,20260206,N2##20260206,0.1491,0.0000,0.0000
N2,20260206,N2##20260206,0.1409,0.0000,0.0000
N2,20260206,N2##20260206,0.0960,0.0000,0.7916
N2,20260206,N2##20260206,0.1364,0.0000,0.0000
N2,20260206,N2##20260206,0.1627,0.0000,0.0000
N2,20260206,N2##20260206,0.1629,0.0000,0.0000
N2,20260206,N2##20260206,0.1455,0.0000,0.0000
N2,20260206,N2##20260206,0.0835,0.0000,0.0000
N2,20260206,N2##20260206,0.1235,0.0000,0.0000
N2,20260206,N2##20260206,0.1278,0.0000,3.5503
N2,20260206,N2##20260206,0.1222,0.0000,0.0000
N2,20260206,N2##20260206,0.1241,0.0000,0.0000
N2,20260206,N2##20260206,0.1314,3.7325,2.7994
N2,20260206,N2##20260206,0.1566,0.0000,0.0000
N2,20260206,N2##20260206,0.1105,0.0000,2.2959
N2,20260206,N2##20260206,0.1474,1.9576,0.0000
N2,20260206,N2##20260206,0.0993,4.0724,0.0000
N2,20260206,N2##20260206,0.1520,5.4054,1.8018
N2,20260206,N2##20260206,0.1075,0.0000,0.0000
N2,20260206,N2##20260206,0.1322,0.0000,0.0000
N2,20260206,N2##20260206,0.1117,0.0000,0.0000
N2,20260206,N2##20260206,0.1237,0.0000,0.0000
N2,20260206,N2##20260206,0.1277,0.0000,4.2254
N2,20260206,N2##20260206,0.0985,0.0000,0.0000
N2,20260206,N2##20260206,0.1066,0.0000,0.0000
N2,20260206,N2##20260206,0.0897,0.0000,0.0000
N2,20260206,N2##20260206,0.1217,0.0000,0.0000
N2,20260206,N2##20260206,0.1324,0.0000,0.0000
N2,20260206,N2##20260206,0.1259,0.0000,0.0000
N2,20260206,N2##20260206,0.1602,0.0000,0.0000
N2,20260206,N2##20260206,0.1241,0.0000,0.0000
N2,20260206,N2##20260206,0.1784,0.0000,0.0000
N2,20260206,N2##20260206,0.0801,0.0000,0.0000
N2,20260206,N2##20260206,0.1113,0.0000,0.0000
N2,20260206,N2##20260206,0.1121,0.0000,15.1899
N2,20260206,N2##20260206,0.1103,1.5686,0.7843
N2,20260206,N2##20260206,0.1221,0.0000,0.0000
N2,20260206,N2##20260206,0.1295,2.9851,0.0000
N2,20260206,N2##20260206,0.1066,0.0000,0.0000
N2,20260206,N2##20260206,0.1151,0.0000,0.0000
N2,20260206,N2##20260206,0.1170,0.0000,0.0000
N2,20260206,N2##20260206,0.1037,10.5263,5.2632
N2,20260206,N2##20260206,0.1297,0.0000,0.8333
N2,20260206,N2##20260206,0.0970,0.0000,0.0000
N2,20260206,N2##20260206,0.1140,0.0000,0.0000
N2,20260206,N2##20260206,0.0788,7.4689,4.9793
N2,20260206,N2##20260206,0.1144,0.0000,7.0588
N2,20260206,N2##20260206,0.1252,1.8927,3.7855
N2,20260206,N2##20260206,0.1645,0.7151,0.7151
N2,20260206,N2##20260206,0.1074,0.0000,0.0000
N2,20260206,N2##20260206,0.1123,0.0000,0.0000
N2,20260206,N2##20260206,0.0888,0.0000,0.0000
N2,20260206,N2##20260206,0.1537,0.0000,0.0000
N2,20260206,N2##20260206,0.1698,0.0000,0.0000
N2,20260206,N2##20260206,0.0330,15.7895,0.0000
N2,20260206,N2##20260206,0.1341,0.0000,0.0000
N2,20260206,N2##20260206,0.1368,0.0000,0.0000
N2,20260206,N2##20260206,0.0971,7.1429,3.5714
N2,20260206,N2##20260206,0.1003,18.1818,0.0000
N2,20260206,N2##20260206,0.1100,4.3165,0.0000
N2,20260206,N2##20260206,0.1255,0.0000,0.0000
N2,20260206,N2##20260206,0.1295,0.0000,0.0000
N2,20260206,N2##20260206,0.1266,17.1429,0.0000
N2,20260206,N2##20260206,0.1275,0.0000,0.0000
N2,20260206,N2##20260206,0.0919,0.0000,0.0000
N2,20260206,N2##20260206,0.1150,0.0000,0.0000
N2,20260206,N2##20260206,0.1171,0.0000,0.0000
N2,20260206,N2##20260206,0.1558,0.0000,0.0000
N2,20260206,N2##20260206,0.1451,19.0476,9.5238
N2,20260206,N2##20260206,0.0834,0.0000,0.0000
N2,20260206,N2##20260206,0.1098,3.9735,0.0000
N2,20260206,N2##20260206,0.1590,3.7975,3.7975
N2,20260206,N2##20260206,0.1394,8.1633,6.1224
N2,20260206,N2##20260206,0.1743,5.6604,5.6604
N2,20260206,N2##20260206,0.1109,8.6957,0.0000
N2,20260206,N2##20260206,0.1186,4.1096,0.0000
N2,20260206,N2##20260206,0.1476,0.0000,0.0000
N2,20260206,N2##20260206,0.0821,0.0000,0.0000
N2,20260206,N2##20260206,0.1153,0.0000,0.0000
N2,20260206,N2##20260206,0.0922,6.6298,6.6298
N2,20260206,N2##20260206,0.1529,0.0000,0.0000
N2,20260206,N2##20260206,0.1123,0.0000,0.0000
N2,20260206,N2##20260206,0.0896,7.5949,3.7975
N2,20260206,N2##20260206,0.1343,1.7804,1.7804
N2,20260206,N2##20260206,0.0951,0.0000,0.0000
N2,20260206,N2##20260206,0.1011,7.3171,4.8780
N2,20260206,N2##20260206,0.1072,0.0000,0.0000
N2,20260206,N2##20260206,0.1032,0.0000,0.0000
N2,20260206,N2##20260206,0.1598,12.7660,12.7660
N2,20260206,N2##20260206,0.1274,1.9934,0.9967
N2,20260206,N2##20260206,0.1158,0.0000,0.0000
N2,20260206,N2##20260206,0.1602,0.0000,0.0000
N2,20260206,N2##20260206,0.1180,0.0000,0.0000
N2,20260206,N2##20260206,0.0753,0.0000,0.0000
N2,20260206,N2##20260206,0.1549,2.3346,4.6693
N2,20260206,N2##20260206,0.0874,0.0000,0.0000
N2,20260206,N2##20260206,0.1045,0.0000,0.0000
N2,20260206,N2##20260206,0.1302,0.0000,0.0000
N2,20260206,N2##20260206,0.1306,0.8837,0.8837
N2,20260206,N2##20260206,0.1234,2.7778,2.7778
N2,20260206,N2##20260206,0.1548,2.5641,0.0000
N2,20260206,N2##20260206,0.0907,0.0000,0.0000
N2,20260206,N2##20260206,0.1066,0.0000,4.3796
N2,20260206,N2##20260206,0.1397,0.0000,0.0000
N2,20260206,N2##20260206,0.1435,2.6966,2.2472
N2,20260206,N2##20260206,0.1253,4.1096,0.0000
N2,20260206,N2##20260206,0.1732,7.1429,4.7619
N2,20260206,N2##20260206,0.1784,0.0000,0.0000
N2,20260206,N2##20260206,0.1076,3.8055,3.8055
N2,20260206,N2##20260206,0.1004,1.2270,2.4540
N2,20260206,N2##20260206,0.1074,4.4444,4.4444
N2,20260206,N2##20260206,0.1128,15.1261,5.0420
N2,20260206,N2##20260206,0.1408,0.0000,0.0000
N2,20260206,N2##20260206,0.1031,0.0000,0.0000
N2,20260206,N2##20260206,0.0988,0.0000,0.0000
N2,20260206,N2##20260206,0.1228,0.0000,0.0000
N2,20260206,N2##20260206,0.1006,8.0000,0.0000
N2,20260206,N2##20260206,0.0994,0.0000,0.0000
N2,20260206,N2##20260206,0.1285,5.4545,6.8182
N2,20260206,N2##20260206,0.1436,0.0000,0.0000
N2,20260206,N2##20260206,0.1546,0.0000,0.0000
N2,20260206,N2##20260206,0.1054,0.0000,0.0000
N2,20260206,N2##20260206,0.0874,0.0000,0.0000
N2,20260206,N2##20260206,0.1435,0.0000,0.0000
N2,20260206,N2##20260206,0.1852,0.0000,0.0000
N2,20260206,N2##20260206,0.1096,0.0000,0.0000
N2,20260206,N2##20260206,0.1095,12.5000,12.5000
N2,20260206,N2##20260206,0.1378,0.0000,0.0000
N2,20260206,N2##20260206,0.0582,2.6432,5.2863
N2,20260206,N2##20260206,0.1222,6.4865,6.4865
N2,20260206,N2##20260206,,0.0000,20.0000
N2,20260206,N2##20260206,0.1347,2.4000,4.8000
N2,20260206,N2##20260206,0.1353,5.3571,0.0000
N2,20260206,N2##20260206,0.1149,0.0000,0.0000
N2,20260206,N2##20260206,0.1415,0.0000,0.0000
N2,20260206,N2##20260206,0.1604,8.2949,2.7650
N2,20260206,N2##20260206,0.1175,0.0000,0.0000
N2,20260206,N2##20260206,0.0989,0.0000,0.0000
N2,20260206,N2##20260206,0.1730,0.0000,0.0000
N2,20260206,N2##20260206,0.1227,0.0000,0.0000
N2,20260206,N2##20260206,0.1315,0.0000,10.7143
N2,20260206,N2##20260206,0.0776,0.0000,18.7500
N2,20260206,N2##20260206,0.1289,13.9535,0.0000
N2,20260206,N2##20260206,0.1057,0.0000,3.4783
N2,20260206,N2##20260206,0.1548,0.0000,1.7341
N2,20260206,N2##20260206,0.0953,0.0000,0.0000
N2,20260206,N2##20260206,0.1121,10.0000,0.0000
N2,20260206,N2##20260206,0.1505,1.0929,0.0000
N2,20260206,N2##20260206,0.1501,0.0000,0.0000
N2,20260206,N2##20260206,0.1190,0.0000,0.0000
N2,20260206,N2##20260206,0.1372,0.0000,0.0000
N2,20260206,N2##20260206,0.1066,0.0000,0.0000
N2,20260206,N2##20260206,0.0891,0.0000,0.0000
N2,20260206,N2##20260206,0.1382,6.8182,0.0000
N2,20260206,N2##20260206,0.0804,0.0000,0.0000
N2,20260206,N2##20260206,0.1257,6.5934,0.0000
N2,20260206,N2##20260206,0.1690,5.0420,5.0420
N2,20260206,N2##20260206,0.1448,0.0000,0.0000
N2,20260206,N2##20260206,0.1327,0.0000,0.0000
N2,20260206,N2##20260206,0.1768,0.0000,0.0000
N2,20260206,N2##20260206,0.0580,7.4074,7.4074
N2,20260206,N2##20260206,0.1286,0.0000,0.0000
N2,20260206,N2##20260206,0.1119,7.5000,0.0000
N2,20260206,N2##20260206,0.0661,7.5000,15.0000
N2,20260206,N2##20260206,0.1527,0.0000,0.0000
N2,20260206,N2##20260206,0.0533,0.0000,18.1818
N2,20260206,N2##20260206,0.1078,3.0000,6.0000
N2,20260206,N2##20260206,0.1357,0.0000,0.0000
N2,20260206,N2##20260206,0.0680,0.0000,0.0000
N2,20260206,N2##20260206,0.1017,8.5714,0.0000
N2,20260206,N2##20260206,0.1130,1.6000,0.0000
N2,20260206,N2##20260206,0.1460,0.0000,0.0000
N2,20260206,N2##20260206,0.1058,6.1224,3.0612
N2,20260206,N2##20260206,0.1267,6.2338,3.1169
N2,20260206,N2##20260206,0.1175,0.0000,0.0000
N2,20260206,N2##20260206,0.1480,0.0000,12.0000
N2,20260206,N2##20260206,0.1245,0.0000,0.0000
N2,20260206,N2##20260206,0.1412,0.0000,0.0000
N2,20260206,N2##20260206,0.1596,0.0000,0.0000
N2,20260206,N2##20260206,0.0858,0.0000,0.0000
N2,20260206,N2##20260206,0.1414,0.0000,0.0000
N2,20260206,N2##20260206,0.1424,0.0000,0.0000
N2,20260206,N2##20260206,0.1608,2.9703,2.9703
N2,20260206,N2##20260206,0.1303,1.4423,0.7212
N2,20260206,N2##20260206,0.1369,0.0000,0.0000
N2,20260206,N2##20260206,0.1590,2.7907,4.1860
N2,20260206,N2##20260206,0.1380,4.0134,6.0201
N2,20260206,N2##20260206,0.1508,7.7922,0.0000
N2,20260206,N2##20260206,0.1590,0.0000,0.0000
N2,20260206,N2##20260206,0.0733,0.0000,0.0000
N2,20260206,N2##20260206,0.1205,2.4793,2.4793
N2,20260206,N2##20260206,0.1373,0.0000,0.0000
N2,20260206,N2##20260206,0.1369,0.0000,0.0000
N2,20260206,N2##20260206,0.1200,9.6774,0.0000
N2,20260206,N2##20260206,0.0881,2.4896,2.4896
N2,20260206,N2##20260206,0.1036,7.5472,0.0000
N2,20260206,N2##20260206,0.1408,0.0000,0.0000
N2,20260206,N2##20260206,0.1587,0.0000,0.0000
N2,20260206,N2##20260206,0.1088,0.0000,0.0000
N2,20260206,N2##20260206,0.1443,0.0000,0.0000
N2,20260206,N2##20260206,0.0671,14.1176,0.0000
N2,20260206,N2##20260206,0.1293,3.1858,2.1239
N2,20260206,N2##20260206,0.0652,0.0000,0.0000
N2,20260206,N2##20260206,0.1570,0.0000,0.0000
N2,20260206,N2##20260206,0.1309,0.0000,0.0000
N2,20260206,N2##20260206,0.1143,2.9268,0.0000
N2,20260206,N2##20260206,0.1417,13.0435,0.0000
N2,20260206,N2##20260206,0.0906,9.5238,0.0000
N2,20260206,N2##20260206,0.1245,0.0000,0.0000
N2,20260206,N2##20260206,0.1344,0.0000,0.0000
N2,20260206,N2##20260206,0.1074,0.0000,0.0000
N2,20260206,N2##20260206,0.1232,0.0000,1.4670
N2,20260206,N2##20260206,0.0982,0.0000,0.0000
N2,20260206,N2##20260206,0.1480,0.0000,0.0000
N2,20260206,N2##20260206,0.1079,0.0000,0.0000
N2,20260206,N2##20260206,,20.0000,20.0000
N2,20260206,N2##20260206,0.1376,0.0000,0.0000
N2,20260206,N2##20260206,0.1719,0.0000,0.0000
N2,20260206,N2##20260206,0.1246,4.1379,4.1379
N2,20260206,N2##20260206,0.1775,0.0000,0.0000
N2,20260206,N2##20260206,0.0917,1.9169,0.0000
N2,20260206,N2##20260206,0.1529,0.0000,0.0000
N2,20260206,N2##20260206,0.1275,0.0000,0.0000
N2,20260206,N2##20260206,,15.0000,15.0000
N2,20260206,N2##20260206,0.0521,0.0000,0.0000
N2,20260206,N2##20260206,0.1037,13.7405,0.0000
N2,20260206,N2##20260206,0.1207,3.2172,1.6086
N2,20260206,N2##20260206,0.0487,14.4578,14.4578
N2,20260206,N2##20260206,0.1655,10.3448,10.3448
N2,20260206,N2##20260206,0.1471,0.0000,0.0000
N2,20260206,N2##20260206,0.1263,1.6620,1.6620
N2,20260206,N2##20260206,0.1435,1.1450,1.1450
N2,20260206,N2##20260206,0.1464,0.0000,0.0000
N2,20260206,N2##20260206,0.1234,0.0000,1.9868
N2,20260206,N2##20260206,0.1400,0.0000,0.0000
N2,20260206,N2##20260206,0.1071,0.0000,0.0000
N2,20260206,N2##20260206,0.1036,0.0000,0.0000
N2,20260206,N2##20260206,0.0882,4.2857,0.0000
N2,20260206,N2##20260206,0.1203,23.0769,0.0000
N2,20260206,N2##20260206,0.1642,0.0000,0.0000
N2,20260206,N2##20260206,0.1220,0.0000,0.0000
N2,20260206,N2##20260206,0.0932,4.7120,3.1414
N2,20260206,N2##20260206,0.1470,0.0000,0.0000
N2,20260206,N2##20260206,0.1522,4.4444,0.0000
N2,20260206,N2##20260206,0.0622,3.9216,0.0000
N2,20260206,N2##20260206,0.1479,5.5046,3.6697
N2,20260206,N2##20260206,0.0639,0.0000,0.0000
N2,20260206,N2##20260206,0.0686,0.0000,0.0000
N2,20260206,N2##20260206,0.1253,18.7500,0.0000
N2,20260206,N2##20260206,0.1667,0.0000,0.0000
N2,20260206,N2##20260206,0.1555,1.7094,0.0000
N2,20260206,N2##20260206,0.1162,4.1096,0.0000
N2,20260206,N2##20260206,0.1479,0.0000,0.0000
N2,20260206,N2##20260206,0.1231,2.4490,4.8980
N2,20260206,N2##20260206,0.1318,1.6997,3.3994
N2,20260206,N2##20260206,0.1376,0.0000,0.0000
N2,20260206,N2##20260206,0.0928,6.3830,2.1277
N2,20260206,N2##20260206,0.1293,0.0000,0.0000
N2,20260206,N2##20260206,0.1466,0.0000,0.0000
N2,20260206,N2##20260206,0.0824,6.4516,0.0000
N2,20260206,N2##20260206,0.0924,3.8710,0.0000
N2,20260206,N2##20260206,0.1348,0.0000,0.0000
N2,20260206,N2##20260206,0.0980,0.0000,0.0000
N2,20260206,N2##20260206,0.1238,1.9231,0.0000
N2,20260206,N2##20260206,0.1073,0.0000,0.0000
N2,20260206,N2##20260206,,12.7660,0.0000
N2,20260206,N2##20260206,0.1070,6.1224,3.0612
N2,20260206,N2##20260206,0.0642,0.0000,0.0000
N2,20260206,N2##20260206,0.1503,12.5000,0.0000
N2,20260206,N2##20260206,0.1232,0.0000,0.0000
N2,20260206,N2##20260206,0.1439,0.0000,0.0000
N2,20260206,N2##20260206,0.1444,0.0000,0.0000
N2,20260206,N2##20260206,0.0716,15.3846,0.0000
N2,20260206,N2##20260206,0.1104,0.0000,0.0000
N2,20260206,N2##20260206,0.1697,0.0000,0.0000
N2,20260206,N2##20260206,0.0997,11.3208,0.0000
N2,20260206,N2##20260206,0.1415,0.0000,0.0000
N2,20260206,N2##20260206,0.1242,0.0000,0.0000
N2,20260206,N2##20260206,0.1265,0.0000,0.0000
N2,20260206,N2##20260206,0.1305,0.0000,0.0000
N2,20260206,N2##20260206,0.0789,11.2150,0.0000
N2,20260206,N2##20260206,0.1705,0.0000,0.0000
N2,20260206,N2##20260206,0.1187,3.8710,0.0000
N2,20260206,N2##20260206,0.1329,0.0000,0.0000
N2,20260206,N2##20260206,0.1484,0.0000,0.0000
N2,20260206,N2##20260206,0.0537,0.0000,0.0000
N2,20260206,N2##20260206,0.1654,0.0000,0.0000
N2,20260206,N2##20260206,0.1209,0.0000,0.0000
N2,20260206,N2##20260206,0.1148,8.5714,0.0000
N2,20260206,N2##20260206,0.0768,0.0000,0.0000
N2,20260206,N2##20260206,0.1501,0.0000,0.0000
N2,20260206,N2##20260206,0.1239,0.0000,0.0000
N2,20260206,N2##20260206,0.1233,0.0000,0.0000
N2,20260206,N2##20260206,0.1403,5.7143,0.0000
N2,20260206,N2##20260206,0.0994,0.0000,0.0000
N2,20260206,N2##20260206,0.0511,17.6471,0.0000
N2,20260206,N2##20260206,0.1288,0.0000,0.0000
N2,20260206,N2##20260206,0.0885,6.8182,0.0000
N2,20260206,N2##20260206,0.1491,0.0000,0.0000
N2,20260206,N2##20260206,0.1375,11.3208,11.3208
N2,20260206,N2##20260206,0.1091,0.0000,0.0000
N2,20260206,N2##20260206,0.1429,0.0000,0.0000
N2,20260206,N2##20260206,0.0922,0.0000,0.0000
N2,20260207,N2##20260207,0.1555,0.9063,0.9063
N2,20260207,N2##20260207,0.1635,0.0000,0.0000
N2,20260207,N2##20260207,0.1533,0.0000,0.0000
N2,20260207,N2##20260207,0.1645,0.0000,0.0000
N2,20260207,N2##20260207,0.1677,0.0000,0.0000
N2,20260207,N2##20260207,0.1690,0.0000,0.0000
N2,20260207,N2##20260207,0.1559,0.0000,0.0000
N2,20260207,N2##20260207,0.1764,1.1257,0.0000
N2,20260207,N2##20260207,0.1652,0.0000,0.0000
N2,20260207,N2##20260207,0.1179,0.0000,0.0000
N2,20260207,N2##20260207,0.1816,0.0000,0.0000
N2,20260207,N2##20260207,0.1694,0.0000,0.0000
N2,20260207,N2##20260207,0.0535,0.8837,0.0000
N2,20260207,N2##20260207,0.1772,0.0000,0.0000
N2,20260207,N2##20260207,0.1695,0.0000,0.0000
N2,20260207,N2##20260207,0.1532,0.0000,0.0000
N2,20260207,N2##20260207,0.1849,0.0000,0.0000
N2,20260207,N2##20260207,0.1684,0.0000,0.8523
N2,20260207,N2##20260207,0.1297,1.7442,1.1628
N2,20260207,N2##20260207,0.1679,1.5464,2.3196
N2,20260207,N2##20260207,0.0995,4.7695,2.8617
N2,20260207,N2##20260207,0.1621,0.0000,0.0000
N2,20260207,N2##20260207,0.1314,0.0000,2.3715
N2,20260207,N2##20260207,0.1587,0.0000,0.0000
N2,20260207,N2##20260207,0.1693,2.6087,0.0000
N2,20260207,N2##20260207,0.1747,0.0000,0.0000
N2,20260207,N2##20260207,0.1619,0.0000,0.0000
N2,20260207,N2##20260207,0.1765,0.0000,0.0000
N2,20260207,N2##20260207,0.1415,0.0000,0.0000
N2,20260207,N2##20260207,0.1081,0.0000,0.0000
N2,20260207,N2##20260207,0.1637,0.0000,0.0000
N2,20260207,N2##20260207,0.1744,0.0000,0.0000
N2,20260207,N2##20260207,0.1714,0.0000,0.0000
N2,20260207,N2##20260207,0.1378,0.0000,0.0000
N2,20260207,N2##20260207,0.1715,0.0000,1.0899
N2,20260207,N2##20260207,0.0773,2.2263,1.1132
N2,20260207,N2##20260207,0.1567,0.0000,0.0000
N2,20260207,N2##20260207,0.1472,0.0000,0.0000
N2,20260207,N2##20260207,0.1859,0.0000,0.0000
N2,20260207,N2##20260207,0.1331,3.7578,6.2630
N2,20260207,N2##20260207,0.1569,1.0601,3.1802
N2,20260207,N2##20260207,0.1391,0.0000,0.0000
N2,20260207,N2##20260207,0.1355,0.0000,0.0000
N2,20260207,N2##20260207,0.1777,0.0000,0.5333
N2,20260207,N2##20260207,0.1589,0.0000,0.0000
N2,20260207,N2##20260207,0.1744,0.0000,0.0000
N2,20260207,N2##20260207,0.1389,0.0000,0.0000
N2,20260207,N2##20260207,0.1649,0.0000,0.0000
N2,20260207,N2##20260207,0.1617,0.0000,0.0000
N2,20260207,N2##20260207,0.1503,0.0000,0.0000
N2,20260207,N2##20260207,0.1627,0.0000,0.0000
N2,20260207,N2##20260207,0.1371,0.0000,0.0000
N2,20260207,N2##20260207,0.1711,0.0000,0.0000
N2,20260207,N2##20260207,0.1528,0.5639,0.5639
N2,20260207,N2##20260207,0.1166,0.0000,0.0000
N2,20260207,N2##20260207,0.1248,0.0000,0.0000
N2,20260207,N2##20260207,0.1455,0.0000,0.0000
N2,20260207,N2##20260207,0.1715,0.0000,0.0000
N2,20260207,N2##20260207,0.1292,15.5844,0.0000
N2,20260207,N2##20260207,0.1342,0.0000,4.4776
N2,20260207,N2##20260207,0.1508,7.2581,1.2097
N2,20260207,N2##20260207,0.1709,0.0000,0.0000
N2,20260207,N2##20260207,0.1400,0.0000,0.0000
N2,20260207,N2##20260207,0.1257,0.0000,0.0000
N2,20260207,N2##20260207,0.1595,0.0000,0.0000
N2,20260207,N2##20260207,0.1100,0.0000,0.0000
N2,20260207,N2##20260207,0.1728,3.2787,3.2787
N2,20260207,N2##20260207,0.1531,0.0000,0.0000
N2,20260207,N2##20260207,0.1749,0.0000,0.0000
N2,20260207,N2##20260207,0.1633,5.2632,2.6316
N2,20260207,N2##20260207,0.1593,5.0251,3.0151
N2,20260207,N2##20260207,0.1308,0.0000,0.3517
N2,20260207,N2##20260207,0.1091,0.0000,0.0000
N2,20260207,N2##20260207,0.1508,0.0000,0.0000
N2,20260207,N2##20260207,0.1505,0.0000,0.0000
N2,20260207,N2##20260207,0.1188,0.0000,0.0000
N2,20260207,N2##20260207,0.1386,3.5928,0.0000
N2,20260207,N2##20260207,0.1630,0.0000,0.0000
N2,20260207,N2##20260207,0.1613,1.1439,1.1439
N2,20260207,N2##20260207,0.1567,3.5982,2.6987
N2,20260207,N2##20260207,0.1739,0.0000,0.0000
N2,20260207,N2##20260207,0.1788,4.1379,0.0000
N2,20260207,N2##20260207,0.1563,0.0000,0.0000
N2,20260207,N2##20260207,0.1626,4.4776,0.0000
N2,20260207,N2##20260207,0.1053,0.0000,0.0000
N2,20260207,N2##20260207,0.1709,0.0000,0.0000
N2,20260207,N2##20260207,0.0921,0.0000,0.0000
N2,20260207,N2##20260207,0.1087,0.0000,0.0000
N2,20260207,N2##20260207,0.1726,0.0000,0.0000
N2,20260207,N2##20260207,0.1179,0.0000,0.0000
N2,20260207,N2##20260207,0.1582,0.0000,6.8966
N2,20260207,N2##20260207,0.0911,14.2857,0.0000
N2,20260207,N2##20260207,0.1820,0.0000,0.0000
N2,20260207,N2##20260207,0.1335,0.0000,0.0000
N2,20260207,N2##20260207,0.1658,0.0000,0.0000
N2,20260207,N2##20260207,0.1950,5.0934,4.0747
N2,20260207,N2##20260207,0.1893,1.4286,1.4286
N2,20260207,N2##20260207,0.1475,0.0000,0.0000
N2,20260207,N2##20260207,0.1292,0.0000,0.0000
N2,20260207,N2##20260207,0.1561,0.0000,0.0000
N2,20260207,N2##20260207,0.1456,1.3043,0.6522
N2,20260207,N2##20260207,0.1116,2.6786,5.3571
N2,20260207,N2##20260207,0.1460,0.0000,0.0000
N2,20260207,N2##20260207,0.1281,1.9293,0.0000
N2,20260207,N2##20260207,0.1178,0.0000,0.0000
N2,20260207,N2##20260207,0.1632,0.0000,0.0000
N2,20260207,N2##20260207,0.1613,1.7857,1.7857
N2,20260207,N2##20260207,0.1549,0.0000,0.0000
N2,20260207,N2##20260207,0.1886,0.0000,0.0000
N2,20260207,N2##20260207,0.1640,7.1090,4.2654
N2,20260207,N2##20260207,0.1239,0.0000,0.0000
N2,20260207,N2##20260207,0.1815,0.5226,0.0000
N2,20260207,N2##20260207,0.1473,6.5934,0.0000
N2,20260207,N2##20260207,0.1032,0.0000,0.0000
N2,20260207,N2##20260207,0.1705,0.0000,0.0000
N2,20260207,N2##20260207,0.1687,8.9219,8.9219
N2,20260207,N2##20260207,0.1459,0.0000,0.0000
N2,20260207,N2##20260207,0.1572,0.0000,0.0000
N2,20260207,N2##20260207,0.1907,0.0000,0.0000
N2,20260207,N2##20260207,0.1587,0.0000,0.0000
N2,20260207,N2##20260207,0.1633,0.0000,0.0000
N2,20260207,N2##20260207,0.1381,0.9639,1.4458
N2,20260207,N2##20260207,0.1142,0.0000,0.0000
N2,20260207,N2##20260207,0.1548,6.1856,4.6392
N2,20260207,N2##20260207,0.1578,0.0000,0.0000
N2,20260207,N2##20260207,0.1491,3.5294,0.0000
N2,20260207,N2##20260207,0.1286,0.0000,0.0000
N2,20260207,N2##20260207,0.1088,0.0000,0.0000
N2,20260207,N2##20260207,0.2027,2.7335,1.3667
N2,20260207,N2##20260207,0.1591,0.0000,0.0000
N2,20260207,N2##20260207,0.1499,0.0000,0.0000
N2,20260207,N2##20260207,0.1787,0.0000,0.0000
N2,20260207,N2##20260207,0.1575,0.0000,0.0000
N2,20260207,N2##20260207,0.1717,0.0000,0.0000
N2,20260207,N2##20260207,0.1271,0.6237,1.8711
N2,20260207,N2##20260207,0.1580,0.0000,0.0000
N2,20260207,N2##20260207,0.1757,3.5294,2.3529
N2,20260207,N2##20260207,0.1530,0.0000,0.0000
N2,20260207,N2##20260207,0.1749,0.0000,0.0000
N2,20260207,N2##20260207,0.1825,0.6006,0.0000
N2,20260207,N2##20260207,0.0562,1.2500,1.2500
N2,20260207,N2##20260207,0.1569,0.0000,0.0000
N2,20260207,N2##20260207,0.1785,0.0000,0.0000
N2,20260207,N2##20260207,0.1633,0.0000,0.0000
N2,20260207,N2##20260207,0.1637,0.0000,0.0000
N2,20260207,N2##20260207,0.1620,0.0000,0.0000
N2,20260207,N2##20260207,0.1757,0.0000,0.0000
N2,20260207,N2##20260207,0.1565,0.0000,0.0000
N2,20260207,N2##20260207,0.1413,3.7500,3.7500
N2,20260207,N2##20260207,0.1455,0.0000,0.0000
N2,20260207,N2##20260207,0.1776,0.0000,0.0000
N2,20260207,N2##20260207,0.1202,0.0000,0.0000
N2,20260207,N2##20260207,0.1622,6.1314,3.5036
N2,20260207,N2##20260207,0.1145,0.0000,0.0000
N2,20260207,N2##20260207,0.1824,0.0000,0.0000
N2,20260207,N2##20260207,0.1807,2.2059,2.2059
N2,20260207,N2##20260207,0.1794,0.0000,0.0000
N2,20260207,N2##20260207,0.1856,0.0000,0.0000
N2,20260207,N2##20260207,0.1726,0.0000,0.0000
N2,20260207,N2##20260207,0.1780,0.0000,0.0000
N2,20260207,N2##20260207,0.1884,3.1579,3.1579
N2,20260207,N2##20260207,0.1461,0.0000,2.3166
N2,20260207,N2##20260207,0.1147,0.0000,0.9662
N2,20260207,N2##20260207,0.1769,0.0000,0.0000
N2,20260207,N2##20260207,0.1356,0.0000,0.0000
N2,20260207,N2##20260207,0.1594,0.0000,0.0000
N2,20260207,N2##20260207,0.1582,0.0000,0.0000
N2,20260207,N2##20260207,0.1878,0.0000,0.0000
N2,20260207,N2##20260207,0.1498,1.6260,1.6260
N2,20260207,N2##20260207,,24.0000,0.0000
N2,20260207,N2##20260207,0.1974,0.0000,0.0000
N2,20260207,N2##20260207,0.1841,0.0000,0.0000
N2,20260207,N2##20260207,0.1956,0.0000,0.0000
N2,20260207,N2##20260207,0.1435,3.1414,3.1414
N2,20260207,N2##20260207,0.1797,4.1237,2.0619
N2,20260207,N2##20260207,0.1285,3.4884,3.4884
N2,20260207,N2##20260207,0.1922,0.0000,0.0000
N2,20260207,N2##20260207,0.1876,0.0000,0.0000
N2,20260207,N2##20260207,0.1249,0.0000,0.0000
N2,20260207,N2##20260207,0.1965,0.0000,0.0000
N2,20260207,N2##20260207,0.1588,0.0000,0.0000
N2,20260207,N2##20260207,0.1760,0.0000,0.0000
N2,20260207,N2##20260207,0.1225,0.0000,0.0000
N2,20260207,N2##20260207,0.1870,0.0000,0.0000
N2,20260207,N2##20260207,0.1854,0.0000,0.0000
N2,20260207,N2##20260207,0.1838,0.0000,0.0000
N2,20260207,N2##20260207,0.1174,0.0000,0.0000
N2,20260207,N2##20260207,0.1597,0.0000,0.0000
N2,20260207,N2##20260207,0.1769,0.0000,0.0000
N2,20260207,N2##20260207,0.1315,0.0000,0.0000
N2,20260207,N2##20260207,0.1863,0.0000,0.0000
N2,20260207,N2##20260207,0.1677,0.0000,0.0000
N2,20260207,N2##20260207,0.1540,0.0000,0.0000
N2,20260207,N2##20260207,0.1857,0.0000,0.0000
N2,20260207,N2##20260207,0.1671,0.0000,0.0000
N2,20260207,N2##20260207,0.1606,0.0000,0.0000
N2,20260207,N2##20260207,0.0709,0.0000,0.0000
N2,20260207,N2##20260207,0.1411,0.0000,0.0000
N2,20260207,N2##20260207,0.1444,0.0000,0.0000
N2,20260207,N2##20260207,0.1343,0.0000,0.0000
N2,20260207,N2##20260207,0.1965,0.0000,0.0000
N2,20260207,N2##20260207,0.1573,0.0000,0.0000
N2,20260207,N2##20260207,0.1692,0.0000,0.0000
N2,20260207,N2##20260207,0.1060,0.0000,0.0000
N2,20260207,N2##20260207,0.1540,0.0000,0.0000
N2,20260207,N2##20260207,0.1545,0.0000,0.0000
N2,20260207,N2##20260207,0.1839,0.0000,0.0000
N2,20260207,N2##20260207,0.1819,0.0000,0.0000
N2,20260209,N2##20260209,0.1618,0.0000,0.0000
N2,20260209,N2##20260209,0.1822,0.0000,0.0000
N2,20260209,N2##20260209,0.1735,0.0000,0.0000
N2,20260209,N2##20260209,0.1845,0.0000,0.0000
N2,20260209,N2##20260209,0.1825,0.0000,0.0000
N2,20260209,N2##20260209,0.1643,0.0000,0.0000
N2,20260209,N2##20260209,0.1215,0.0000,0.0000
N2,20260209,N2##20260209,0.1500,0.0000,0.0000
N2,20260209,N2##20260209,0.1759,0.0000,0.0000
N2,20260209,N2##20260209,0.0872,0.0000,3.2787
N2,20260209,N2##20260209,0.1796,0.0000,0.0000
N2,20260209,N2##20260209,0.1472,0.0000,0.0000
N2,20260209,N2##20260209,0.1567,0.0000,0.0000
N2,20260209,N2##20260209,0.1607,0.0000,0.0000
N2,20260209,N2##20260209,0.1079,0.0000,0.0000
N2,20260209,N2##20260209,0.1224,0.0000,0.0000
N2,20260209,N2##20260209,0.1243,6.7797,6.7797
N2,20260209,N2##20260209,0.1809,0.0000,0.0000
N2,20260209,N2##20260209,0.1733,0.0000,1.0676
N2,20260209,N2##20260209,0.1516,0.0000,0.0000
N2,20260209,N2##20260209,0.1470,0.0000,0.0000
N2,20260209,N2##20260209,0.1368,0.0000,0.0000
N2,20260209,N2##20260209,0.1607,0.0000,0.0000
N2,20260209,N2##20260209,0.1858,0.0000,0.0000
N2,20260209,N2##20260209,0.1648,0.7326,2.1978
N2,20260209,N2##20260209,0.1524,0.0000,0.0000
N2,20260209,N2##20260209,0.1512,0.0000,8.7805
N2,20260209,N2##20260209,0.1492,0.9098,0.0000
N2,20260209,N2##20260209,0.1571,1.7110,0.5703
N2,20260209,N2##20260209,0.1628,0.0000,0.0000
N2,20260209,N2##20260209,0.1599,0.0000,0.0000
N2,20260209,N2##20260209,0.0941,5.4645,3.2787
N2,20260209,N2##20260209,0.1925,0.0000,0.0000
N2,20260209,N2##20260209,0.1219,0.0000,0.0000
N2,20260209,N2##20260209,0.1012,0.0000,0.0000
N2,20260209,N2##20260209,0.1461,0.0000,0.0000
N2,20260209,N2##20260209,0.1351,3.1088,2.3316
N2,20260209,N2##20260209,0.1753,0.0000,0.0000
N2,20260209,N2##20260209,0.1245,0.0000,0.0000
N2,20260209,N2##20260209,0.1692,1.1583,0.0000
N2,20260209,N2##20260209,0.1428,5.2993,3.5329
N2,20260209,N2##20260209,0.1728,0.0000,0.0000
N2,20260209,N2##20260209,0.1624,0.0000,0.0000
N2,20260209,N2##20260209,0.1740,0.0000,0.0000
N2,20260209,N2##20260209,0.1336,0.0000,0.0000
N2,20260209,N2##20260209,0.1215,5.5814,2.7907
N2,20260209,N2##20260209,0.0913,0.0000,0.0000
N2,20260209,N2##20260209,0.1357,0.0000,0.0000
N2,20260209,N2##20260209,0.1469,0.0000,0.0000
N2,20260209,N2##20260209,0.1743,0.0000,0.0000
N2,20260209,N2##20260209,0.1006,0.0000,2.5000
N2,20260209,N2##20260209,0.1465,0.0000,0.0000
N2,20260209,N2##20260209,0.1522,0.0000,0.0000
N2,20260209,N2##20260209,0.1555,0.0000,17.3913
N2,20260209,N2##20260209,0.0860,0.0000,9.8361
N2,20260209,N2##20260209,0.1297,0.0000,11.6505
N2,20260209,N2##20260209,0.1101,0.0000,0.0000
N2,20260209,N2##20260209,0.1250,0.0000,0.0000
N2,20260209,N2##20260209,0.0838,0.0000,9.8361
N2,20260209,N2##20260209,0.1661,0.0000,0.0000
N2,20260209,N2##20260209,0.1974,0.0000,0.0000
N2,20260209,N2##20260209,0.0884,0.6283,0.0000
N2,20260209,N2##20260209,0.1614,3.0380,1.5190
N2,20260209,N2##20260209,0.1621,0.0000,0.0000
N2,20260209,N2##20260209,0.1588,0.0000,2.1978
N2,20260209,N2##20260209,0.1378,3.1414,6.2827
N2,20260209,N2##20260209,0.1656,0.0000,0.0000
N2,20260209,N2##20260209,0.1423,0.0000,0.0000
N2,20260209,N2##20260209,0.1547,0.0000,0.0000
N2,20260209,N2##20260209,0.1011,0.0000,0.0000
N2,20260209,N2##20260209,0.1551,0.0000,0.0000
N2,20260209,N2##20260209,0.1746,0.0000,0.0000
N2,20260209,N2##20260209,0.1409,0.0000,0.0000
N2,20260209,N2##20260209,0.1760,0.0000,0.0000
N2,20260209,N2##20260209,0.1478,0.0000,0.0000
N2,20260209,N2##20260209,0.1591,0.0000,0.0000
N2,20260209,N2##20260209,0.1587,10.9091,0.0000
N2,20260209,N2##20260209,0.1816,2.5316,2.5316
N2,20260209,N2##20260209,0.1543,3.2345,0.0000
N2,20260209,N2##20260209,0.1806,0.0000,0.0000
N2,20260209,N2##20260209,0.0856,0.0000,0.0000
N2,20260209,N2##20260209,0.1391,0.0000,0.0000
N2,20260209,N2##20260209,0.1297,0.0000,0.0000
N2,20260209,N2##20260209,0.1162,0.0000,0.0000
N2,20260209,N2##20260209,0.1124,0.0000,10.5263
N2,20260209,N2##20260209,0.1363,0.0000,0.0000
N2,20260209,N2##20260209,0.1492,0.0000,0.0000
N2,20260209,N2##20260209,0.1521,4.4776,13.4328
N2,20260209,N2##20260209,0.0868,7.0588,7.0588
N2,20260209,N2##20260209,0.1566,0.0000,0.0000
N2,20260209,N2##20260209,0.1340,0.0000,6.7797
N2,20260209,N2##20260209,0.1820,0.0000,0.0000
N2,20260209,N2##20260209,0.1272,0.0000,0.0000
N2,20260209,N2##20260209,0.1189,0.0000,0.0000
N2,20260209,N2##20260209,0.1319,0.0000,0.0000
N2,20260209,N2##20260209,0.1918,0.0000,0.0000
N2,20260209,N2##20260209,0.1713,0.0000,0.0000
N2,20260209,N2##20260209,0.1878,0.0000,0.0000
N2,20260209,N2##20260209,0.1498,0.0000,0.0000
N2,20260209,N2##20260209,0.1339,0.0000,0.0000
N2,20260209,N2##20260209,0.1594,0.0000,0.0000
N2,20260209,N2##20260209,0.0907,5.7692,2.8846
N2,20260209,N2##20260209,0.1689,0.0000,0.0000
N2,20260209,N2##20260209,0.1493,1.4599,0.0000
N2,20260209,N2##20260209,0.1524,0.0000,0.0000
N2,20260209,N2##20260209,0.1234,0.0000,0.0000
N2,20260209,N2##20260209,0.0806,0.0000,0.0000
N2,20260209,N2##20260209,0.2101,0.0000,0.0000
N2,20260209,N2##20260209,0.1658,0.0000,0.0000
N2,20260209,N2##20260209,0.1345,0.0000,0.0000
N2,20260209,N2##20260209,0.1682,0.0000,0.0000
N2,20260209,N2##20260209,0.1488,0.0000,0.0000
N2,20260209,N2##20260209,0.1663,6.3158,3.1579
N2,20260209,N2##20260209,0.1522,0.0000,0.0000
N2,20260209,N2##20260209,0.1548,2.4590,4.9180
N2,20260209,N2##20260209,0.0883,0.0000,0.0000
N2,20260209,N2##20260209,0.0900,13.0435,13.0435
N2,20260209,N2##20260209,0.1441,5.5814,2.7907
N2,20260209,N2##20260209,0.1166,0.0000,0.0000
N2,20260209,N2##20260209,0.1738,0.0000,0.0000
N2,20260209,N2##20260209,0.1642,0.6961,2.7842
N2,20260209,N2##20260209,0.1612,2.3438,2.3438
N2,20260209,N2##20260209,0.1445,0.0000,0.0000
N2,20260209,N2##20260209,0.1548,0.0000,0.0000
N2,20260209,N2##20260209,0.1752,2.9126,2.9126
N2,20260209,N2##20260209,0.1387,0.0000,0.0000
N2,20260209,N2##20260209,0.1005,0.0000,0.0000
N2,20260209,N2##20260209,0.0501,12.9032,0.0000
N2,20260209,N2##20260209,0.1745,0.0000,0.0000
N2,20260209,N2##20260209,0.1039,4.8387,0.0000
N2,20260209,N2##20260209,0.1585,0.0000,0.0000
N2,20260209,N2##20260209,0.1263,4.1958,12.5874
N2,20260209,N2##20260209,0.1598,1.1257,3.3771
N2,20260209,N2##20260209,0.1812,0.0000,0.0000
N2,20260209,N2##20260209,0.1708,0.0000,0.0000
N2,20260209,N2##20260209,0.1411,0.0000,0.0000
N2,20260209,N2##20260209,0.1429,0.0000,0.0000
N2,20260209,N2##20260209,0.1561,0.0000,0.0000
N2,20260209,N2##20260209,0.1402,0.0000,0.0000
N2,20260209,N2##20260209,0.1800,0.0000,0.0000
N2,20260209,N2##20260209,0.1081,0.0000,4.2553
N2,20260209,N2##20260209,0.1559,0.0000,0.0000
N2,20260209,N2##20260209,0.1537,1.7964,1.7964
N2,20260209,N2##20260209,0.0521,0.0000,0.0000
N2,20260209,N2##20260209,0.1736,10.1695,0.0000
N2,20260209,N2##20260209,0.1506,0.0000,4.4118
N2,20260209,N2##20260209,0.1459,0.0000,0.0000
N2,20260209,N2##20260209,0.1368,7.4074,0.0000
N2,20260209,N2##20260209,0.1876,1.5789,0.7895
N2,20260209,N2##20260209,0.1117,1.0545,0.0000
N2,20260209,N2##20260209,0.0948,0.0000,8.1081
N2,20260209,N2##20260209,0.1850,0.0000,0.0000
N2,20260209,N2##20260209,0.1635,4.6875,0.0000
N2,20260209,N2##20260209,0.1620,0.0000,0.0000
N2,20260209,N2##20260209,0.1638,0.0000,0.0000
N2,20260209,N2##20260209,0.1439,0.0000,0.0000
N2,20260209,N2##20260209,0.0813,11.7647,23.5294
N2,20260209,N2##20260209,0.1298,0.0000,0.0000
N2,20260209,N2##20260209,0.1421,0.0000,0.0000
N2,20260209,N2##20260209,0.1906,0.0000,0.0000
N2,20260209,N2##20260209,,10.8108,5.4054
N2,20260209,N2##20260209,0.1904,0.0000,0.0000
N2,20260209,N2##20260209,0.1242,1.4235,1.4235
N2,20260209,N2##20260209,0.1397,0.0000,0.0000
N2,20260209,N2##20260209,0.1544,1.4833,0.7417
N2,20260209,N2##20260209,0.1418,0.0000,0.0000
N2,20260209,N2##20260209,0.2052,0.0000,0.0000
N2,20260209,N2##20260209,0.1888,0.0000,0.0000
N2,20260209,N2##20260209,0.1650,0.0000,1.8018
N2,20260209,N2##20260209,0.1277,0.0000,0.0000
N2,20260209,N2##20260209,0.1756,0.0000,0.0000
N2,20260209,N2##20260209,0.1737,0.0000,0.0000
N2,20260209,N2##20260209,0.1754,0.0000,2.1016
N2,20260209,N2##20260209,0.1076,0.0000,0.0000
N2,20260209,N2##20260209,0.1160,0.0000,0.0000
N2,20260209,N2##20260209,0.1361,0.0000,0.0000
N2,20260209,N2##20260209,0.1452,1.3636,5.4545
N2,20260209,N2##20260209,0.1620,0.0000,0.0000
N2,20260209,N2##20260209,0.1533,0.0000,0.0000
N2,20260209,N2##20260209,0.1895,0.0000,0.0000
N2,20260209,N2##20260209,0.1918,3.4091,4.2614
N2,20260209,N2##20260209,0.1246,0.0000,0.0000
N2,20260209,N2##20260209,0.1509,0.0000,0.0000
N2,20260209,N2##20260209,0.1468,0.0000,0.0000
N2,20260209,N2##20260209,0.1500,0.0000,0.0000
N2,20260209,N2##20260209,0.1979,0.0000,0.0000
N2,20260209,N2##20260209,0.1393,3.5156,1.1719
N2,20260209,N2##20260209,0.1575,0.0000,0.0000
N2,20260209,N2##20260209,0.0541,0.0000,0.0000
N2,20260209,N2##20260209,0.0506,7.4074,0.0000
N2,20260209,N2##20260209,0.0771,20.6897,0.0000
N2,20260209,N2##20260209,0.1819,3.5928,3.5928
N2,20260209,N2##20260209,0.1388,3.4221,0.0000
N2,20260209,N2##20260209,0.1652,0.0000,0.0000
N2,20260209,N2##20260209,0.1910,0.0000,0.0000
N2,20260209,N2##20260209,0.1597,0.0000,0.0000
N2,20260209,N2##20260209,0.1145,5.7143,5.7143
N2,20260209,N2##20260209,0.1305,0.0000,0.0000
N2,20260209,N2##20260209,0.1503,0.0000,0.0000
N2,20260209,N2##20260209,0.1561,0.0000,0.0000
N2,20260209,N2##20260209,0.1436,0.0000,10.0000
N2,20260209,N2##20260209,0.1463,0.0000,0.0000
N2,20260209,N2##20260209,0.1803,0.0000,0.0000
N2,20260209,N2##20260209,0.1173,0.0000,0.0000
N2,20260209,N2##20260209,0.1551,0.0000,0.0000
N2,20260209,N2##20260209,0.1254,0.0000,0.0000
N2,20260209,N2##20260209,0.1589,0.0000,0.0000
N2,20260209,N2##20260209,0.1650,0.0000,0.0000
N2,20260209,N2##20260209,0.1805,0.0000,0.0000
N2,20260209,N2##20260209,0.1588,0.0000,0.0000
N2,20260209,N2##20260209,0.1795,0.0000,0.0000
N2,20260209,N2##20260209,0.1712,0.0000,0.0000
N2,20260209,N2##20260209,0.1205,0.0000,0.0000
N2,20260209,N2##20260209,0.1739,0.0000,0.0000
N2,20260209,N2##20260209,0.1729,3.1250,0.0000
N2,20260209,N2##20260209,0.1467,6.2500,3.1250
N2,20260209,N2##20260209,0.1141,0.0000,0.0000
N2,20260209,N2##20260209,0.1436,0.0000,3.1414
N2,20260209,N2##20260209,,44.4444,0.0000
N2,20260209,N2##20260209,0.1725,0.0000,0.0000
N2,20260209,N2##20260209,0.1686,11.7647,11.7647
N2,20260209,N2##20260209,0.2162,0.0000,0.0000
N2,20260209,N2##20260209,0.1632,0.0000,0.0000
N2,20260209,N2##20260209,0.1104,0.0000,0.0000
N2,20260209,N2##20260209,0.1585,0.0000,0.0000
N2,20260209,N2##20260209,0.1147,0.0000,0.0000
N2,20260209,N2##20260209,0.1475,0.0000,0.0000
N2,20260209,N2##20260209,0.1668,0.0000,0.0000
N2,20260209,N2##20260209,0.1435,0.0000,0.0000
N2,20260209,N2##20260209,0.1687,0.0000,0.0000
N2,20260210,N2##20260210,0.1685,2.5210,0.0000
N2,20260210,N2##20260210,0.0911,0.9139,0.0000
N2,20260210,N2##20260210,0.1312,0.4190,0.4190
N2,20260210,N2##20260210,0.1699,1.0999,0.5500
N2,20260210,N2##20260210,0.1631,0.0000,1.3552
N2,20260210,N2##20260210,0.1743,0.9331,0.0000
N2,20260210,N2##20260210,0.1422,0.0000,0.0000
N2,20260210,N2##20260210,0.1601,0.0000,0.0000
N2,20260210,N2##20260210,0.2010,0.0000,0.0000
N2,20260210,N2##20260210,0.1630,5.4711,5.4711
N2,20260210,N2##20260210,0.1623,0.0000,0.0000
N2,20260210,N2##20260210,0.0632,6.5000,4.7500
N2,20260210,N2##20260210,0.1640,0.0000,0.0000
N2,20260210,N2##20260210,0.1681,0.0000,0.0000
N2,20260210,N2##20260210,0.1470,0.4996,0.9992
N2,20260210,N2##20260210,0.1585,0.0000,0.0000
N2,20260210,N2##20260210,0.1901,1.2146,0.0000
N2,20260210,N2##20260210,0.1295,2.0000,0.0000
N2,20260210,N2##20260210,0.1756,0.0000,0.0000
N2,20260210,N2##20260210,0.1797,0.0000,0.0000
N2,20260210,N2##20260210,0.1726,0.0000,0.0000
N2,20260210,N2##20260210,0.1623,0.0000,0.0000
N2,20260210,N2##20260210,0.1729,0.0000,0.0000
N2,20260210,N2##20260210,0.1861,0.0000,0.0000
N2,20260210,N2##20260210,0.1368,4.0268,2.0134
N2,20260210,N2##20260210,0.1652,0.8547,0.8547
N2,20260210,N2##20260210,0.1258,0.6098,0.0000
N2,20260210,N2##20260210,0.1844,0.0000,1.7241
N2,20260210,N2##20260210,0.1492,0.0000,0.0000
N2,20260210,N2##20260210,0.1537,0.7772,3.8860
N2,20260210,N2##20260210,0.1730,0.0000,1.3129
N2,20260210,N2##20260210,0.1772,2.1127,6.3380
N2,20260210,N2##20260210,0.1851,0.0000,0.0000
N2,20260210,N2##20260210,0.1495,2.0045,2.0045
N2,20260210,N2##20260210,0.1713,1.5544,3.1088
N2,20260210,N2##20260210,0.1753,0.7371,0.0000
N2,20260210,N2##20260210,0.1619,4.5662,2.7397
N2,20260210,N2##20260210,0.1752,5.8632,0.9772
N2,20260210,N2##20260210,0.1749,1.6360,1.2270
N2,20260210,N2##20260210,0.1429,0.0000,0.0000
N2,20260210,N2##20260210,0.1869,2.1127,1.0563
N2,20260210,N2##20260210,0.1583,0.0000,0.0000
N2,20260210,N2##20260210,0.1697,0.0000,0.0000
N2,20260210,N2##20260210,0.1919,1.7493,0.8746
N2,20260210,N2##20260210,0.1611,5.0420,0.0000
N2,20260210,N2##20260210,0.1705,0.8922,1.3383
N2,20260210,N2##20260210,0.1516,0.0000,0.0000
N2,20260210,N2##20260210,0.1722,0.0000,0.0000
N2,20260210,N2##20260210,0.1939,0.0000,0.0000
N2,20260210,N2##20260210,0.1393,2.3715,2.3715
N2,20260210,N2##20260210,0.1780,1.6173,1.6173
N2,20260210,N2##20260210,0.1791,0.0000,0.0000
N2,20260210,N2##20260210,0.1697,0.0000,0.0000
N2,20260210,N2##20260210,0.1823,0.0000,0.0000
N2,20260210,N2##20260210,0.1744,2.6930,1.0772
N2,20260210,N2##20260210,0.1693,1.1173,2.7933
N2,20260210,N2##20260210,0.1838,1.8045,0.9023
N2,20260210,N2##20260210,0.0497,16.7702,0.0000
N2,20260210,N2##20260210,0.1833,0.0000,1.7078
N2,20260210,N2##20260210,0.1833,0.0000,0.0000
N2,20260210,N2##20260210,0.1627,2.4267,0.6067
N2,20260210,N2##20260210,0.1435,3.9474,0.0000
N2,20260210,N2##20260210,0.1742,3.6810,2.4540
N2,20260210,N2##20260210,0.1817,0.0000,0.0000
N2,20260210,N2##20260210,0.1292,0.0000,0.0000
N2,20260210,N2##20260210,0.1961,7.8947,7.8947
N2,20260210,N2##20260210,0.0983,1.8127,1.8127
N2,20260210,N2##20260210,0.1852,5.1788,3.6991
N2,20260210,N2##20260210,0.1713,0.0000,0.0000
N2,20260210,N2##20260210,0.1914,2.2528,1.5019
N2,20260210,N2##20260210,0.1524,0.0000,0.0000
N2,20260210,N2##20260210,0.1577,0.0000,0.0000
N2,20260210,N2##20260210,0.1668,0.0000,2.2814
N2,20260210,N2##20260210,0.1685,0.0000,0.0000
N2,20260210,N2##20260210,0.1672,0.0000,0.0000
N2,20260210,N2##20260210,0.0825,0.0000,8.5714
N2,20260210,N2##20260210,0.1587,2.8986,1.4493
N2,20260210,N2##20260210,0.1673,0.0000,0.0000
N2,20260210,N2##20260210,0.1793,0.8219,0.8219
N2,20260210,N2##20260210,0.1453,3.5294,1.7647
N2,20260210,N2##20260210,0.1969,0.0000,0.0000
N2,20260210,N2##20260210,,18.7500,0.0000
N2,20260210,N2##20260210,0.1562,0.0000,0.0000
N2,20260210,N2##20260210,0.1804,0.0000,0.0000
N2,20260210,N2##20260210,0.1213,0.0000,0.0000
N2,20260210,N2##20260210,0.1604,0.0000,0.0000
N2,20260210,N2##20260210,0.0770,1.9355,1.9355
N2,20260210,N2##20260210,0.1590,0.0000,0.0000
N2,20260210,N2##20260210,0.1431,1.5075,0.0000
N2,20260210,N2##20260210,0.1934,0.0000,0.0000
N2,20260210,N2##20260210,0.1678,0.0000,0.0000
N2,20260210,N2##20260210,0.1967,1.6854,1.6854
N2,20260210,N2##20260210,0.0592,8.2192,0.0000
N2,20260210,N2##20260210,0.2023,0.0000,0.0000
N2,20260210,N2##20260210,0.1834,0.0000,0.0000
N2,20260210,N2##20260210,0.1170,0.0000,0.0000
N2,20260210,N2##20260210,0.2040,0.0000,0.0000
N2,20260210,N2##20260210,0.1729,0.0000,0.0000
N2,20260210,N2##20260210,0.1412,0.0000,0.0000
N2,20260210,N2##20260210,0.1532,0.0000,0.0000
N2,20260210,N2##20260210,0.1846,0.0000,0.0000
N2,20260210,N2##20260210,0.1675,7.6923,0.0000
N2,20260211,N2##20260211,0.1743,0.0000,0.0000
N2,20260211,N2##20260211,0.2317,0.0000,0.0000
N2,20260211,N2##20260211,0.1695,0.0000,0.0000
N2,20260211,N2##20260211,0.1238,0.0000,0.0000
N2,20260211,N2##20260211,0.1658,0.5008,0.0000
N2,20260211,N2##20260211,0.0985,0.5025,0.0000
N2,20260211,N2##20260211,0.1712,0.0000,0.0000
N2,20260211,N2##20260211,0.0603,2.4691,0.0000
N2,20260211,N2##20260211,0.0817,0.0000,9.5000
N2,20260211,N2##20260211,0.1701,0.0000,0.0000
N2,20260211,N2##20260211,0.2083,0.0000,0.0000
N2,20260211,N2##20260211,0.1827,0.0000,0.0000
N2,20260211,N2##20260211,0.1270,0.0000,0.0000
N2,20260211,N2##20260211,0.1550,0.0000,0.5882
N2,20260211,N2##20260211,0.1580,0.0000,0.0000
N2,20260211,N2##20260211,0.1215,0.0000,0.0000
N2,20260211,N2##20260211,0.1777,0.0000,0.0000
N2,20260211,N2##20260211,0.2100,0.0000,0.0000
N2,20260211,N2##20260211,0.1095,0.0000,0.0000
N2,20260211,N2##20260211,0.1582,0.0000,0.0000
N2,20260211,N2##20260211,0.0753,33.3333,0.0000
N2,20260211,N2##20260211,0.2188,0.0000,8.9552
N2,20260211,N2##20260211,0.1013,1.0101,1.0101
N2,20260211,N2##20260211,0.0915,0.3656,0.3656
N2,20260211,N2##20260211,0.1216,0.0000,0.0000
N2,20260211,N2##20260211,0.1779,0.0000,0.0000
N2,20260211,N2##20260211,0.1617,0.0000,0.5376
N2,20260211,N2##20260211,0.1121,0.0000,0.0000
N2,20260211,N2##20260211,0.1505,0.0000,0.0000
N2,20260211,N2##20260211,0.1883,0.0000,0.0000
N2,20260211,N2##20260211,0.1926,1.5228,0.0000
N2,20260211,N2##20260211,0.1442,0.0000,0.0000
N2,20260211,N2##20260211,0.1892,0.0000,0.0000
N2,20260211,N2##20260211,0.1026,10.7143,0.0000
N2,20260211,N2##20260211,0.1675,0.0000,1.0989
N2,20260211,N2##20260211,0.1650,0.0000,0.0000
N2,20260211,N2##20260211,0.0985,0.0000,0.0000
N2,20260211,N2##20260211,0.1868,0.0000,0.0000
N2,20260211,N2##20260211,0.1129,0.0000,0.0000
N2,20260211,N2##20260211,0.1607,0.0000,0.0000
N2,20260217,N2##20260217,0.1876,0.0000,0.0000
N2,20260217,N2##20260217,0.1136,0.0000,0.0000
N2,20260217,N2##20260217,0.1957,0.0000,0.0000
N2,20260217,N2##20260217,0.1736,0.0000,0.0000
N2,20260217,N2##20260217,0.1022,0.0000,11.0092
N2,20260217,N2##20260217,0.1562,0.0000,0.0000
N2,20260217,N2##20260217,0.1278,0.0000,0.0000
N2,20260217,N2##20260217,0.1122,0.0000,0.8032
N2,20260217,N2##20260217,0.1876,0.0000,0.0000
N2,20260217,N2##20260217,0.1795,0.0000,0.0000
N2,20260217,N2##20260217,0.0962,0.0000,3.5294
N2,20260217,N2##20260217,0.1313,3.5294,0.0000
N2,20260217,N2##20260217,0.1531,0.0000,0.0000
N2,20260217,N2##20260217,0.1653,0.0000,0.0000
N2,20260217,N2##20260217,0.1911,0.0000,0.0000
N2,20260217,N2##20260217,0.1329,0.0000,0.0000
N2,20260217,N2##20260217,0.1504,1.7647,0.0000
N2,20260217,N2##20260217,0.1167,0.0000,0.0000
N2,20260217,N2##20260217,0.1345,5.6075,2.8037
N2,20260217,N2##20260217,0.1688,0.0000,0.0000
N2,20260217,N2##20260217,0.1066,4.3478,4.3478
N2,20260217,N2##20260217,0.1614,0.0000,0.0000
N2,20260217,N2##20260217,0.1637,1.3793,2.7586
N2,20260217,N2##20260217,0.1758,0.0000,0.0000
N2,20260217,N2##20260217,0.1480,0.0000,0.0000
N2,20260217,N2##20260217,0.1615,0.0000,2.0000
N2,20260217,N2##20260217,0.1692,0.0000,0.0000
N2,20260217,N2##20260217,0.1515,0.0000,1.1650
N2,20260217,N2##20260217,0.1249,0.0000,15.5844
N2,20260217,N2##20260217,0.1583,0.0000,0.0000
N2,20260217,N2##20260217,0.1914,2.2059,0.0000
N2,20260217,N2##20260217,0.1391,0.0000,0.0000
N2,20260217,N2##20260217,0.1575,0.0000,1.4563
N2,20260217,N2##20260217,0.1553,0.0000,0.0000
N2,20260217,N2##20260217,0.1456,0.0000,0.0000
N2,20260217,N2##20260217,0.1735,0.0000,0.0000
N2,20260217,N2##20260217,0.1284,0.0000,0.0000
N2,20260217,N2##20260217,0.1505,0.0000,0.0000
N2,20260217,N2##20260217,0.1385,0.0000,0.0000
N2,20260217,N2##20260217,0.1547,0.0000,0.0000
N2,20260217,N2##20260217,0.1608,6.2827,3.1414
N2,20260217,N2##20260217,0.1172,0.0000,10.1695
N2,20260217,N2##20260217,0.1579,0.0000,0.0000
N2,20260217,N2##20260217,0.0960,1.0336,0.5168
N2,20260217,N2##20260217,0.1815,0.0000,0.0000
N2,20260217,N2##20260217,0.1127,10.0000,3.3333
N2,20260217,N2##20260217,0.1780,0.0000,0.0000
N2,20260217,N2##20260217,0.1717,0.8247,0.4124
N2,20260217,N2##20260217,0.1597,0.0000,0.0000
N2,20260217,N2##20260217,0.1173,0.0000,0.0000
N2,20260217,N2##20260217,0.1805,2.1583,2.1583
N2,20260217,N2##20260217,0.1462,2.4291,0.0000
N2,20260217,N2##20260217,0.1651,0.0000,0.0000
N2,20260217,N2##20260217,0.1590,0.0000,0.0000
N2,20260217,N2##20260217,0.1397,1.5666,3.1332
N2,20260217,N2##20260217,0.1277,0.0000,0.0000
N2,20260217,N2##20260217,0.1196,0.0000,0.0000
N2,20260217,N2##20260217,0.2094,7.3171,0.0000
N2,20260217,N2##20260217,0.1434,1.6438,1.6438
N2,20260217,N2##20260217,0.1579,0.0000,0.0000
N2,20260217,N2##20260217,0.1727,1.9544,1.9544
N2,20260217,N2##20260217,0.1675,0.0000,0.0000
N2,20260217,N2##20260217,0.1508,0.0000,0.0000
N2,20260217,N2##20260217,0.1900,0.0000,0.0000
N2,20260217,N2##20260217,0.1467,0.0000,1.0619
N2,20260217,N2##20260217,0.1629,0.0000,0.0000
N2,20260217,N2##20260217,0.1256,0.0000,0.0000
N2,20260217,N2##20260217,0.1570,10.9091,5.4545
N2,20260217,N2##20260217,0.0962,0.0000,0.0000
N2,20260217,N2##20260217,0.1065,0.0000,0.0000
N2,20260217,N2##20260217,0.1626,0.0000,0.0000
N2,20260217,N2##20260217,0.1734,0.0000,0.0000
N2,20260217,N2##20260217,0.1662,0.0000,0.0000
N2,20260217,N2##20260217,0.2368,0.0000,0.0000
N2,20260217,N2##20260217,0.1538,0.0000,0.0000
N2,20260217,N2##20260217,0.1761,0.0000,0.0000
N2,20260217,N2##20260217,0.1936,0.0000,0.0000
N2,20260217,N2##20260217,0.0937,4.4444,4.4444
N2,20260217,N2##20260217,0.1883,4.6154,4.6154
N2,20260217,N2##20260217,0.1493,0.0000,0.0000
N2,20260217,N2##20260217,0.1399,0.0000,0.0000
N2,20260217,N2##20260217,0.0787,0.0000,9.8361
N2,20260217,N2##20260217,0.1031,2.9268,4.3902
N2,20260217,N2##20260217,0.1757,0.0000,0.0000
N2,20260217,N2##20260217,0.1584,11.3208,11.3208
N2,20260217,N2##20260217,0.1302,0.0000,0.0000
N2,20260217,N2##20260217,0.1759,0.0000,0.0000
N2,20260217,N2##20260217,0.1255,0.0000,0.0000
N2,20260217,N2##20260217,0.1660,0.0000,0.0000
N2,20260217,N2##20260217,0.1037,0.0000,0.0000
N2,20260217,N2##20260217,0.1821,0.0000,0.0000
N2,20260217,N2##20260217,0.1420,0.0000,0.0000
N2,20260217,N2##20260217,0.0959,8.9552,17.9104
N2,20260217,N2##20260217,0.1799,0.0000,0.0000
N2,20260217,N2##20260217,0.1676,0.7160,0.7160
N2,20260217,N2##20260217,0.1728,0.0000,0.0000
N2,20260217,N2##20260217,0.1571,0.0000,1.4516
N2,20260217,N2##20260217,0.1869,0.0000,0.0000
N2,20260217,N2##20260217,0.1010,6.5934,13.1868
N2,20260217,N2##20260217,0.1327,0.0000,0.0000
N2,20260217,N2##20260217,0.1669,0.0000,0.0000
N2,20260217,N2##20260217,0.1492,1.1429,0.0000
N2,20260217,N2##20260217,0.1781,7.5949,0.0000
N2,20260217,N2##20260217,0.1595,0.0000,0.0000
N2,20260217,N2##20260217,0.1340,0.0000,0.0000
N2,20260217,N2##20260217,0.1518,2.2059,2.2059
N2,20260217,N2##20260217,0.1237,17.6471,0.0000
N2,20260217,N2##20260217,0.1463,0.0000,0.0000
N2,20260217,N2##20260217,0.1902,0.0000,2.7397
N2,20260217,N2##20260217,0.1812,0.0000,0.0000
N2,20260217,N2##20260217,0.1655,0.0000,2.5974
N2,20260217,N2##20260217,0.1354,0.0000,0.0000
N2,20260217,N2##20260217,0.1589,0.0000,3.0769
N2,20260217,N2##20260217,0.1008,0.0000,0.0000
N2,20260217,N2##20260217,0.0964,0.0000,0.0000
N2,20260217,N2##20260217,0.1196,19.2000,0.0000
N2,20260217,N2##20260217,0.1818,0.0000,0.0000
N2,20260217,N2##20260217,0.1740,0.0000,0.5391
N2,20260217,N2##20260217,0.1423,0.0000,0.0000
N2,20260217,N2##20260217,0.1558,0.0000,0.0000
N2,20260217,N2##20260217,0.1508,0.0000,0.0000
N2,20260217,N2##20260217,0.1616,2.9126,1.4563
N2,20260217,N2##20260217,0.0977,0.0000,0.0000
N2,20260217,N2##20260217,0.1391,1.7751,0.0000
N2,20260217,N2##20260217,0.1818,0.0000,0.0000
N2,20260217,N2##20260217,0.0794,13.0435,6.5217
N2,20260217,N2##20260217,0.1578,0.0000,0.0000
N2,20260217,N2##20260217,0.1342,0.0000,0.0000
N2,20260217,N2##20260217,0.1544,5.8366,3.5019
N2,20260217,N2##20260217,0.1674,0.0000,0.0000
N2,20260217,N2##20260217,0.1234,0.0000,0.0000
N2,20260217,N2##20260217,0.1705,0.0000,0.0000
N2,20260217,N2##20260217,0.1773,1.6173,1.6173
N2,20260217,N2##20260217,0.1793,0.5362,0.5362
N2,20260217,N2##20260217,0.1182,0.5623,0.5623
N2,20260217,N2##20260217,0.1111,1.4925,0.0000
N2,20260217,N2##20260217,0.0547,20.0000,0.0000
N2,20260217,N2##20260217,0.1653,2.5424,1.6949
N2,20260217,N2##20260217,0.1397,0.0000,0.0000
N2,20260217,N2##20260217,0.1535,0.5245,0.0000
N2,20260217,N2##20260217,0.1740,0.9585,1.9169
N2,20260217,N2##20260217,0.1253,0.0000,0.0000
N2,20260217,N2##20260217,0.1564,0.0000,0.0000
N2,20260217,N2##20260217,0.1597,4.2705,2.1352
N2,20260217,N2##20260217,0.1533,0.0000,0.0000
N2,20260217,N2##20260217,0.1024,8.9552,0.0000
N2,20260217,N2##20260217,0.1555,0.0000,0.0000
N2,20260217,N2##20260217,0.1444,0.0000,0.0000
N2,20260217,N2##20260217,0.1929,0.0000,0.0000
N2,20260217,N2##20260217,0.2378,0.0000,0.0000
N2,20260217,N2##20260217,0.1102,0.0000,0.0000
N2,20260217,N2##20260217,0.1620,0.0000,0.8646
N2,20260217,N2##20260217,0.2169,9.3750,9.3750
N2,20260217,N2##20260217,0.1825,0.0000,0.0000
N2,20260217,N2##20260217,0.1804,1.1881,1.1881
N2,20260217,N2##20260217,0.1836,0.0000,0.5941
N2,20260217,N2##20260217,0.1586,0.0000,0.0000
N2,20260217,N2##20260217,0.1580,0.0000,0.0000
N2,20260217,N2##20260217,0.1608,0.0000,0.0000
N2,20260217,N2##20260217,0.1804,0.0000,0.0000
N2,20260217,N2##20260217,0.1913,0.0000,0.0000
N2,20260217,N2##20260217,0.1649,0.0000,0.0000
N2,20260217,N2##20260217,0.1169,0.0000,5.3571
N2,20260217,N2##20260217,0.1011,0.0000,0.0000
N2,20260217,N2##20260217,0.1476,0.0000,0.0000
N2,20260217,N2##20260217,0.1654,1.9802,0.0000
N2,20260217,N2##20260217,0.1701,0.0000,0.0000
N2,20260217,N2##20260217,0.2218,0.0000,0.0000
N2,20260217,N2##20260217,0.1668,0.0000,0.0000
N2,20260217,N2##20260217,0.1873,0.7802,0.7802
N2,20260217,N2##20260217,0.1931,0.0000,0.0000
N2,20260217,N2##20260217,0.2144,0.0000,0.0000
N2,20260217,N2##20260217,0.1755,0.0000,0.8000
N2,20260217,N2##20260217,0.1752,0.0000,0.0000
N2,20260217,N2##20260217,0.1155,0.0000,0.0000
N2,20260217,N2##20260217,0.1883,0.0000,0.0000
N2,20260217,N2##20260217,0.1198,0.0000,0.0000
N2,20260217,N2##20260217,0.1809,0.0000,0.0000
N2,20260217,N2##20260217,0.1743,0.0000,0.0000
N2,20260217,N2##20260217,0.1705,0.0000,0.0000
N2,20260217,N2##20260217,0.1745,0.0000,0.0000
N2,20260217,N2##20260217,0.1641,2.8302,2.8302
N2,20260217,N2##20260217,0.2024,0.0000,0.0000
N2,20260217,N2##20260217,0.1661,0.0000,0.0000
N2,20260217,N2##20260217,0.1663,0.9419,1.8838
N2,20260217,N2##20260217,0.1169,0.0000,0.0000
N2,20260217,N2##20260217,0.1641,0.0000,0.0000
N2,20260217,N2##20260217,0.2126,0.0000,0.0000
N2,20260217,N2##20260217,0.1612,0.0000,0.0000
N2,20260217,N2##20260217,0.1698,0.0000,0.0000
N2,20260217,N2##20260217,0.1439,0.0000,0.0000
N2,20260217,N2##20260217,0.1784,1.2793,1.2793
N2,20260217,N2##20260217,0.0887,0.0000,0.0000
N2,20260217,N2##20260217,0.2446,13.9535,13.9535
N2,20260217,N2##20260217,0.1947,0.0000,0.0000
N2,20260217,N2##20260217,0.1538,0.0000,0.0000
N2,20260217,N2##20260217,0.1802,0.0000,0.0000
N2,20260217,N2##20260217,0.1711,0.0000,0.0000
N2,20260217,N2##20260217,0.0937,8.2192,0.0000
N2,20260217,N2##20260217,0.1767,0.0000,0.0000
N2,20260217,N2##20260217,0.2013,10.0000,3.3333
N2,20260217,N2##20260217,0.1840,0.0000,0.0000
N2,20260217,N2##20260217,0.1897,0.0000,0.0000
N2,20260217,N2##20260217,0.1809,0.0000,0.0000
N2,20260217,N2##20260217,0.1853,0.0000,0.0000
N2,20260217,N2##20260217,0.1656,0.0000,0.0000
N2,20260217,N2##20260217,0.1410,7.3171,7.3171
N2,20260217,N2##20260217,0.1802,0.0000,0.0000
N2,20260217,N2##20260217,0.1921,0.0000,0.0000
N2,20260217,N2##20260217,0.1872,0.0000,0.0000
N2,20260217,N2##20260217,0.1508,0.0000,0.0000
N2,20260217,N2##20260217,0.1406,0.0000,0.0000
N2,20260217,N2##20260217,0.1028,0.0000,0.0000
N2,20260217,N2##20260217,0.1692,0.0000,0.0000
N2,20260217,N2##20260217,0.1779,0.0000,0.0000
N2,20260217,N2##20260217,0.1541,0.0000,0.0000
N2,20260217,N2##20260217,0.2425,0.0000,8.8235
N2,20260217,N2##20260217,0.1940,0.0000,0.0000
N2,20260217,N2##20260217,0.1846,0.0000,0.0000
N2,20260217,N2##20260217,0.1959,0.0000,10.1695
N2,20260217,N2##20260217,0.1828,0.0000,0.0000
N2,20260217,N2##20260217,0.2052,0.0000,0.0000
N2,20260217,N2##20260217,0.1543,0.0000,0.0000
N2,20260217,N2##20260217,0.1339,0.0000,0.0000
N2,20260217,N2##20260217,0.1252,0.0000,0.0000
N2,20260217,N2##20260217,0.2184,0.0000,0.0000
N2,20260217,N2##20260217,0.1288,0.0000,0.0000
N2,20260217,N2##20260217,0.1834,0.0000,0.0000
N2,20260218,N2##20260218,0.1140,0.0000,0.0000
N2,20260218,N2##20260218,0.1471,4.4776,0.0000
N2,20260218,N2##20260218,0.1980,0.0000,0.0000
N2,20260218,N2##20260218,0.1590,2.5424,5.0847
N2,20260218,N2##20260218,0.1011,0.0000,9.6774
N2,20260218,N2##20260218,0.1471,7.8947,11.8421
N2,20260218,N2##20260218,0.1535,0.0000,0.0000
N2,20260218,N2##20260218,0.1885,2.6786,0.8929
N2,20260218,N2##20260218,0.1679,0.0000,0.0000
N2,20260218,N2##20260218,0.1997,0.0000,0.0000
N2,20260218,N2##20260218,0.2234,0.0000,0.0000
N2,20260218,N2##20260218,0.1400,2.2642,2.2642
N2,20260218,N2##20260218,0.1604,0.0000,4.6392
N2,20260218,N2##20260218,0.0751,4.0541,5.4054
N2,20260218,N2##20260218,0.1611,10.1695,0.0000
N2,20260218,N2##20260218,0.1747,3.6474,3.6474
N2,20260218,N2##20260218,0.0714,0.0000,0.0000
N2,20260218,N2##20260218,0.1218,0.0000,0.0000
N2,20260218,N2##20260218,0.2100,0.0000,0.0000
N2,20260218,N2##20260218,0.1681,2.0690,4.1379
N2,20260218,N2##20260218,0.1720,0.0000,0.0000
N2,20260218,N2##20260218,0.1789,5.8824,5.8824
N2,20260218,N2##20260218,0.1755,0.0000,0.0000
N2,20260218,N2##20260218,0.1932,0.0000,0.0000
N2,20260218,N2##20260218,0.1075,0.0000,0.0000
N2,20260218,N2##20260218,0.1583,0.0000,3.1414
N2,20260218,N2##20260218,0.1458,0.0000,1.0929
N2,20260218,N2##20260218,0.1677,0.0000,0.0000
N2,20260218,N2##20260218,0.0920,0.0000,0.0000
N2,20260218,N2##20260218,0.1932,1.1952,2.3904
N2,20260218,N2##20260218,0.1414,0.0000,0.0000
N2,20260218,N2##20260218,0.0869,0.0000,0.8982
N2,20260218,N2##20260218,0.1512,0.0000,4.7619
N2,20260218,N2##20260218,0.1718,0.0000,0.0000
N2,20260218,N2##20260218,0.1577,0.0000,0.0000
N2,20260218,N2##20260218,0.2252,2.1661,2.1661
N2,20260218,N2##20260218,0.1228,0.0000,0.0000
N2,20260218,N2##20260218,0.1639,0.0000,14.6341
N2,20260218,N2##20260218,0.0835,0.0000,0.0000
N2,20260218,N2##20260218,0.1935,1.5345,3.0691
N2,20260218,N2##20260218,0.1772,0.0000,0.0000
N2,20260218,N2##20260218,0.1924,0.0000,0.0000
N2,20260218,N2##20260218,0.1671,12.5000,0.0000
N2,20260218,N2##20260218,0.1681,0.0000,0.0000
N2,20260218,N2##20260218,0.1072,0.0000,0.0000
N2,20260218,N2##20260218,0.1160,0.0000,0.0000
N2,20260218,N2##20260218,0.1869,0.0000,0.0000
N2,20260218,N2##20260218,0.2051,2.8986,1.9324
N2,20260218,N2##20260218,0.1428,0.0000,0.0000
N2,20260218,N2##20260218,0.1819,0.0000,0.0000
N2,20260218,N2##20260218,0.1986,2.3166,2.3166
N2,20260218,N2##20260218,0.1859,0.0000,0.0000
N2,20260218,N2##20260218,0.1294,0.0000,0.0000
N2,20260218,N2##20260218,0.1775,0.0000,0.0000
N2,20260218,N2##20260218,0.1494,0.0000,0.0000
N2,20260218,N2##20260218,0.1724,0.0000,0.0000
N2,20260218,N2##20260218,0.0941,0.0000,0.0000
N2,20260218,N2##20260218,0.1839,0.0000,0.0000
N2,20260218,N2##20260218,0.1683,0.0000,0.0000
N2,20260218,N2##20260218,0.2090,3.4582,1.7291
N2,20260218,N2##20260218,0.1515,0.0000,0.0000
N2,20260218,N2##20260218,0.1740,0.0000,0.0000
N2,20260218,N2##20260218,0.1270,0.0000,0.0000
N2,20260218,N2##20260218,0.1710,0.0000,1.9608
N2,20260218,N2##20260218,0.2176,0.0000,0.0000
N2,20260218,N2##20260218,0.1434,0.0000,0.0000
N2,20260218,N2##20260218,0.1258,0.0000,0.0000
N2,20260218,N2##20260218,0.1231,3.5587,4.9822
N2,20260218,N2##20260218,0.1676,0.0000,0.0000
N2,20260218,N2##20260218,0.1398,0.0000,0.0000
N2,20260218,N2##20260218,0.1555,0.0000,0.0000
N2,20260218,N2##20260218,0.1983,0.0000,0.0000
N2,20260218,N2##20260218,0.1606,0.0000,0.0000
N2,20260218,N2##20260218,0.1069,0.0000,0.0000
N2,20260218,N2##20260218,0.1586,2.3166,0.0000
N2,20260218,N2##20260218,0.1987,1.5584,0.0000
N2,20260218,N2##20260218,0.1773,10.9091,10.9091
N2,20260218,N2##20260218,0.1562,7.9470,3.9735
N2,20260218,N2##20260218,0.1931,0.0000,1.6000
N2,20260218,N2##20260218,0.1843,0.0000,0.0000
N2,20260218,N2##20260218,0.2017,0.0000,0.0000
N2,20260218,N2##20260218,0.1406,0.0000,0.0000
N2,20260218,N2##20260218,0.1429,0.0000,0.0000
N2,20260218,N2##20260218,0.0949,0.0000,0.0000
N2,20260218,N2##20260218,0.0968,0.0000,0.0000
N2,20260218,N2##20260218,0.2013,0.0000,0.0000
N2,20260218,N2##20260218,0.1446,0.0000,0.0000
N2,20260218,N2##20260218,0.1470,0.0000,0.0000
N2,20260218,N2##20260218,0.1590,4.0724,0.0000
N2,20260218,N2##20260218,0.1065,0.0000,0.0000
N2,20260218,N2##20260218,0.1654,2.1277,4.2553
N2,20260218,N2##20260218,0.1621,4.4944,2.2472
N2,20260218,N2##20260218,0.1387,0.0000,0.0000
N2,20260218,N2##20260218,0.2288,2.2727,6.8182
N2,20260218,N2##20260218,0.1317,2.4000,0.0000
N2,20260218,N2##20260218,0.1593,0.0000,0.0000
N2,20260218,N2##20260218,0.1653,0.0000,0.0000
N2,20260218,N2##20260218,0.1542,0.0000,0.0000
N2,20260218,N2##20260218,0.1439,0.0000,0.0000
N2,20260218,N2##20260218,0.1537,0.0000,0.0000
N2,20260218,N2##20260218,0.1893,2.3786,2.3786
N2,20260218,N2##20260218,0.0621,5.4795,0.0000
N2,20260218,N2##20260218,0.2053,0.0000,0.0000
N2,20260218,N2##20260218,0.1763,1.6327,1.6327
N2,20260218,N2##20260218,0.1004,0.0000,11.3208
N2,20260218,N2##20260218,0.1893,0.0000,1.1605
N2,20260218,N2##20260218,0.1830,0.0000,0.0000
N2,20260218,N2##20260218,0.1380,0.0000,0.0000
N2,20260218,N2##20260218,0.1484,0.0000,0.0000
N2,20260218,N2##20260218,0.1228,0.0000,0.0000
N2,20260218,N2##20260218,0.1383,0.0000,0.0000
N2,20260218,N2##20260218,0.1656,0.0000,0.0000
N2,20260218,N2##20260218,0.1550,0.0000,0.0000
N2,20260218,N2##20260218,0.1767,0.0000,0.0000
N2,20260218,N2##20260218,0.2063,0.0000,0.0000
N2,20260218,N2##20260218,0.1511,0.0000,0.0000
N2,20260218,N2##20260218,0.1566,0.0000,0.0000
N2,20260218,N2##20260218,0.1760,0.0000,2.7027
N2,20260218,N2##20260218,0.1245,0.0000,0.0000
N2,20260218,N2##20260218,0.1581,5.5300,2.7650
N2,20260218,N2##20260218,0.1757,0.0000,0.0000
N2,20260218,N2##20260218,0.1585,0.0000,0.0000
N2,20260218,N2##20260218,0.1351,7.5000,0.0000
N2,20260218,N2##20260218,0.1510,16.6667,0.0000
N2,20260218,N2##20260218,0.2233,0.0000,0.0000
N2,20260218,N2##20260218,0.0650,7.9576,0.0000
N2,20260218,N2##20260218,0.1674,0.0000,0.0000
N2,20260218,N2##20260218,0.1790,0.0000,0.0000
N2,20260218,N2##20260218,0.2102,0.0000,4.4444
N2,20260218,N2##20260218,0.1430,0.0000,0.0000
N2,20260218,N2##20260218,0.0698,0.0000,0.0000
N2,20260218,N2##20260218,0.1765,0.0000,0.0000
N2,20260218,N2##20260218,0.1653,0.0000,0.0000
N2,20260218,N2##20260218,0.1357,0.0000,21.4286
N2,20260218,N2##20260218,0.1488,10.0000,0.0000
N2,20260218,N2##20260218,0.1028,0.0000,0.0000
N2,20260218,N2##20260218,0.1947,0.6417,1.2834
N2,20260218,N2##20260218,0.1883,0.0000,0.0000
N2,20260218,N2##20260218,0.2302,0.0000,0.0000
N2,20260218,N2##20260218,0.1998,0.0000,0.0000
N2,20260218,N2##20260218,0.1592,0.0000,0.0000
N2,20260218,N2##20260218,0.1024,0.0000,2.9340
N2,20260218,N2##20260218,0.1461,0.0000,0.0000
N2,20260218,N2##20260218,0.1642,0.0000,0.0000
N2,20260218,N2##20260218,0.1791,0.0000,0.0000
N2,20260218,N2##20260218,0.1557,0.0000,0.0000
N2,20260218,N2##20260218,0.0990,0.0000,0.0000
N2,20260218,N2##20260218,0.1201,14.6341,0.0000
N2,20260218,N2##20260218,0.1953,0.0000,0.8011
N2,20260218,N2##20260218,0.2151,1.7391,1.7391
N2,20260218,N2##20260218,0.0893,0.0000,0.0000
N2,20260218,N2##20260218,0.1687,0.0000,0.0000
N2,20260218,N2##20260218,0.1635,0.0000,0.0000
N2,20260218,N2##20260218,0.1855,0.0000,0.0000
N2,20260218,N2##20260218,0.1387,0.0000,0.0000
N2,20260218,N2##20260218,0.1604,0.0000,0.0000
N2,20260218,N2##20260218,0.1389,0.0000,0.0000
N2,20260218,N2##20260218,0.0975,0.0000,0.0000
N2,20260218,N2##20260218,0.1728,0.0000,1.0471
N2,20260218,N2##20260218,0.1652,5.7325,5.7325
N2,20260218,N2##20260218,0.1796,0.0000,0.0000
N2,20260218,N2##20260218,0.1749,0.0000,0.0000
N2,20260218,N2##20260218,0.1697,3.2907,5.4845
N2,20260218,N2##20260218,0.1861,8.3333,0.0000
N2,20260218,N2##20260218,0.2014,0.0000,0.0000
N2,20260218,N2##20260218,0.1110,0.0000,0.0000
N2,20260218,N2##20260218,0.1807,0.0000,0.0000
N2,20260218,N2##20260218,0.0971,0.0000,0.8989
N2,20260218,N2##20260218,0.0445,0.0000,0.0000
N2,20260218,N2##20260218,0.1669,0.0000,0.0000
N2,20260218,N2##20260218,0.1022,0.0000,0.0000
N2,20260218,N2##20260218,0.1182,17.6471,0.0000
N2,20260218,N2##20260218,0.1904,0.0000,0.0000
N2,20260218,N2##20260218,0.0973,0.0000,0.0000
N2,20260218,N2##20260218,0.1241,0.0000,0.0000
N2,20260218,N2##20260218,0.1315,0.0000,0.0000
N2,20260218,N2##20260218,0.0950,0.0000,0.0000
N2,20260218,N2##20260218,0.1715,1.4599,1.4599
N2,20260218,N2##20260218,0.1328,9.3750,0.0000
N2,20260218,N2##20260218,0.1816,18.1818,0.0000
N2,20260218,N2##20260218,0.0922,4.1026,1.0256
N2,20260218,N2##20260218,0.1295,0.0000,0.0000
N2,20260218,N2##20260218,0.1392,0.0000,0.0000
N2,20260218,N2##20260218,0.1646,0.0000,0.0000
N2,20260218,N2##20260218,0.1529,0.0000,7.0588
N2,20260218,N2##20260218,0.1781,1.4851,0.0000
N2,20260218,N2##20260218,0.1373,0.0000,0.0000
N2,20260218,N2##20260218,0.1420,0.0000,0.0000
N2,20260218,N2##20260218,0.1561,2.5263,1.2632
N2,20260218,N2##20260218,0.1533,0.0000,0.0000
N2,20260218,N2##20260218,0.2042,0.0000,0.0000
N2,20260218,N2##20260218,0.1504,1.0563,0.0000
N2,20260218,N2##20260218,0.1816,0.0000,0.0000
N2,20260218,N2##20260218,0.1518,0.0000,0.0000
N2,20260218,N2##20260218,0.1819,0.0000,0.0000
N2,20260218,N2##20260218,0.1493,0.0000,0.0000
N2,20260218,N2##20260218,0.1797,0.0000,0.0000
N2,20260218,N2##20260218,0.2124,0.0000,0.0000
N2,20260218,N2##20260218,0.0473,0.0000,0.0000
N2,20260218,N2##20260218,0.1842,3.2653,4.0816
N2,20260218,N2##20260218,0.1773,2.5641,2.5641
N2,20260218,N2##20260218,0.1838,0.0000,0.0000
N2,20260218,N2##20260218,0.1798,0.0000,0.0000
N2,20260218,N2##20260218,0.1225,0.0000,2.8846
N2,20260218,N2##20260218,0.1852,0.0000,0.0000
N2,20260218,N2##20260218,0.1702,0.0000,0.0000
N2,20260218,N2##20260218,0.1062,0.0000,0.0000
N2,20260218,N2##20260218,0.1615,0.0000,0.0000
N2,20260218,N2##20260218,0.1586,0.0000,0.0000
N2,20260218,N2##20260218,0.0909,0.0000,10.0000
N2,20260218,N2##20260218,0.1850,0.0000,0.0000
N2,20260218,N2##20260218,0.1456,3.2787,3.2787
N2,20260218,N2##20260218,0.1586,2.7523,0.0000
N2,20260218,N2##20260218,0.1929,5.1282,2.0513
N2,20260218,N2##20260218,0.1950,2.5532,2.5532
N2,20260218,N2##20260218,0.2166,0.0000,0.0000
N2,20260218,N2##20260218,0.2103,0.0000,0.0000
N2,20260218,N2##20260218,0.0868,0.0000,0.0000
N2,20260218,N2##20260218,0.0859,17.6471,8.8235
N2,20260218,N2##20260218,0.1843,0.0000,0.0000
N2,20260218,N2##20260218,0.1641,0.0000,0.0000
N2,20260218,N2##20260218,0.1845,0.0000,0.0000
N2,20260218,N2##20260218,0.1086,2.6201,1.3100
N2,20260218,N2##20260218,0.1334,5.1173,6.3966
N2,20260218,N2##20260218,0.1658,0.0000,0.0000
N2,20260218,N2##20260218,0.0573,9.5238,0.0000
N2,20260218,N2##20260218,0.1841,0.7624,1.5248
N2,20260218,N2##20260218,0.2117,0.0000,0.0000
N2,20260218,N2##20260218,0.1949,0.0000,0.0000
N2,20260218,N2##20260218,0.1953,0.0000,0.0000
N2,20260218,N2##20260218,0.1721,0.0000,0.0000
N2,20260218,N2##20260218,0.1604,0.0000,0.0000
N2,20260218,N2##20260218,0.1663,0.0000,0.0000
N2,20260218,N2##20260218,0.1671,0.0000,0.0000
N2,20260218,N2##20260218,0.1706,0.0000,0.0000
N2,20260218,N2##20260218,0.1855,0.0000,0.0000
N2,20260218,N2##20260218,0.1583,0.0000,0.0000
N2,20260218,N2##20260218,0.1425,1.5152,0.0000
N2,20260218,N2##20260218,0.1927,0.0000,0.0000
N2,20260218,N2##20260218,0.1378,0.0000,0.0000
N2,20260218,N2##20260218,0.1752,0.0000,0.0000
N2,20260218,N2##20260218,0.0892,1.6260,3.2520
N2,20260218,N2##20260218,0.2073,0.0000,0.0000
N2,20260218,N2##20260218,0.1934,0.0000,0.0000
N2,20260218,N2##20260218,0.1437,0.0000,2.1352
N2,20260218,N2##20260218,0.1464,0.0000,0.0000
N2,20260218,N2##20260218,0.1834,1.8018,0.0000
N2,20260218,N2##20260218,0.1281,0.0000,0.0000
N2,20260218,N2##20260218,0.1649,0.0000,5.0000
N2,20260218,N2##20260218,0.0968,0.0000,0.0000
N2,20260218,N2##20260218,0.1846,0.0000,0.0000
N2,20260218,N2##20260218,0.1477,0.0000,0.0000
N2,20260218,N2##20260218,0.1657,0.0000,0.0000
N2,20260218,N2##20260218,0.1788,0.0000,0.0000
N2,20260218,N2##20260218,0.1838,4.1096,4.1096
N2,20260218,N2##20260218,0.1071,0.0000,0.0000
N2,20260218,N2##20260218,0.1797,2.2814,2.2814
N2,20260218,N2##20260218,0.1698,0.0000,0.0000
N2,20260218,N2##20260218,0.1576,0.0000,0.0000
N2,20260218,N2##20260218,0.1413,0.0000,0.0000
N2,20260218,N2##20260218,0.1946,0.0000,0.0000
N2,20260218,N2##20260218,0.1566,0.0000,0.0000
N2,20260218,N2##20260218,0.1848,0.0000,0.0000
N2,20260218,N2##20260218,0.2051,0.0000,0.0000
N2,20260218,N2##20260218,0.0952,0.0000,0.0000
N2,20260218,N2##20260218,0.1847,0.0000,0.0000
N2,20260218,N2##20260218,0.0647,9.6774,0.0000
N2,20260218,N2##20260218,0.1137,0.0000,0.0000
N2,20260218,N2##20260218,0.1571,0.0000,0.0000
N2,20260218,N2##20260218,0.1541,0.0000,0.0000
N2,20260218,N2##20260218,0.1892,0.0000,0.0000
N2,20260218,N2##20260218,0.2077,0.0000,0.0000
N2,20260218,N2##20260218,0.1777,1.4286,1.4286
N2,20260218,N2##20260218,0.1437,1.4423,0.0000
N2,20260218,N2##20260218,0.1523,0.0000,0.0000
N2,20260218,N2##20260218,0.1763,0.0000,0.0000
N2,20260218,N2##20260218,0.1978,0.0000,1.7751
N2,20260218,N2##20260218,0.1080,4.0956,8.1911
N2,20260218,N2##20260218,0.1423,0.0000,0.0000
N2,20260218,N2##20260218,0.1584,0.0000,0.0000
N2,20260218,N2##20260218,0.1357,0.0000,3.8710
N2,20260218,N2##20260218,0.2050,0.0000,0.0000
N2,20260218,N2##20260218,0.1879,0.0000,0.0000
N2,20260218,N2##20260218,0.1797,0.0000,1.8927
N2,20260218,N2##20260218,0.1261,0.0000,0.0000
N2,20260218,N2##20260218,0.1717,0.0000,0.0000
N2,20260218,N2##20260218,0.1250,0.0000,0.0000
N2,20260218,N2##20260218,0.1557,1.8072,1.8072
N2,20260218,N2##20260218,0.1106,0.0000,1.7964
N2,20260218,N2##20260218,0.0985,10.5263,0.0000
N2,20260218,N2##20260218,0.1910,2.5974,2.5974
N2,20260218,N2##20260218,0.1560,0.0000,0.0000
N2,20260218,N2##20260218,0.1579,0.0000,0.0000
N2,20260218,N2##20260218,0.1893,0.0000,0.0000
N2,20260218,N2##20260218,0.1872,0.0000,0.0000
N2,20260218,N2##20260218,0.1826,0.0000,0.0000
N2,20260218,N2##20260218,0.2206,3.9474,3.9474
N2,20260218,N2##20260218,0.1452,2.5532,5.1064
N2,20260218,N2##20260218,0.1563,5.0633,2.5316
N2,20260218,N2##20260218,0.1446,2.5316,5.0633
N2,20260218,N2##20260218,0.1470,0.0000,16.4384
N2,20260218,N2##20260218,0.2126,2.9412,0.0000
N2,20260218,N2##20260218,0.1595,0.0000,0.0000
N2,20260218,N2##20260218,0.1932,0.0000,4.5802
N2,20260218,N2##20260218,0.1899,0.0000,0.0000
N2,20260218,N2##20260218,0.1810,0.0000,4.9180
N2,20260218,N2##20260218,0.1713,0.0000,0.0000
N2,20260218,N2##20260218,0.1028,10.7143,0.0000
N2,20260218,N2##20260218,0.1650,0.0000,0.0000
N2,20260218,N2##20260218,0.1873,0.0000,0.0000
N2,20260218,N2##20260218,0.1467,0.0000,0.0000
N2,20260218,N2##20260218,0.1629,0.0000,0.0000
N2,20260218,N2##20260218,0.1317,9.5238,0.0000
N2,20260219,N2##20260219,0.1361,1.7964,2.3952
N2,20260219,N2##20260219,0.1636,0.0000,0.0000
N2,20260219,N2##20260219,0.1349,1.8349,1.8349
N2,20260219,N2##20260219,0.0924,2.5000,2.2500
N2,20260219,N2##20260219,0.1288,0.5997,4.1979
N2,20260219,N2##20260219,0.1235,4.2857,6.4286
N2,20260219,N2##20260219,0.1298,0.0000,0.0000
N2,20260219,N2##20260219,0.1411,0.0000,0.0000
N2,20260219,N2##20260219,0.1309,2.2578,2.5400
N2,20260219,N2##20260219,0.1637,0.0000,0.7435
N2,20260219,N2##20260219,0.1257,0.0000,2.6201
N2,20260219,N2##20260219,0.1581,0.9259,1.8519
N2,20260219,N2##20260219,0.1272,0.9820,1.4730
N2,20260219,N2##20260219,0.1129,2.2556,2.2556
N2,20260219,N2##20260219,0.1493,0.0000,0.0000
N2,20260219,N2##20260219,0.1339,0.0000,0.0000
N2,20260219,N2##20260219,0.1881,0.0000,0.0000
N2,20260219,N2##20260219,0.0791,2.7027,5.4054
N2,20260219,N2##20260219,0.1304,3.3149,1.1050
N2,20260219,N2##20260219,0.0527,26.6667,0.0000
N2,20260219,N2##20260219,0.1515,0.0000,0.0000
N2,20260219,N2##20260219,0.0913,2.8409,1.9886
N2,20260219,N2##20260219,0.1672,0.0000,23.0769
N2,20260219,N2##20260219,0.0490,12.0000,0.0000
N2,20260219,N2##20260219,0.1010,0.0000,0.0000
N2,20260219,N2##20260219,0.0993,0.0000,0.0000
N2,20260219,N2##20260219,0.1263,0.0000,0.0000
N2,20260219,N2##20260219,0.0647,0.0000,0.0000
N2,20260219,N2##20260219,0.1488,0.0000,0.0000
N2,20260219,N2##20260219,,0.0000,0.0000
N2,20260219,N2##20260219,0.1236,0.0000,0.0000
N2,20260219,N2##20260219,0.1313,0.0000,3.7500
N2,20260219,N2##20260219,0.1339,0.0000,0.0000
N2,20260219,N2##20260219,0.0944,0.0000,0.0000
N2,20260219,N2##20260219,0.1792,0.0000,0.0000
N2,20260219,N2##20260219,0.1623,0.0000,0.0000
N2,20260219,N2##20260219,0.1236,5.7034,0.0000
N2,20260219,N2##20260219,0.0773,8.4243,2.8081
N2,20260219,N2##20260219,0.1487,1.0221,1.0221
N2,20260219,N2##20260219,0.1170,0.0000,0.0000
N2,20260219,N2##20260219,0.1084,3.5857,2.3904
N2,20260219,N2##20260219,0.1126,0.0000,0.0000
N2,20260219,N2##20260219,0.1294,0.0000,0.0000
N2,20260219,N2##20260219,0.1300,0.0000,0.0000
N2,20260219,N2##20260219,0.1277,11.5385,5.7692
N2,20260219,N2##20260219,0.1585,4.4118,4.4118
N2,20260219,N2##20260219,0.0959,0.0000,0.0000
N2,20260219,N2##20260219,0.1143,0.0000,0.0000
N2,20260219,N2##20260219,0.1318,0.0000,0.0000
N2,20260219,N2##20260219,0.1323,0.0000,0.0000
N2,20260219,N2##20260219,0.0423,16.2162,0.0000
N2,20260219,N2##20260219,0.1292,0.0000,0.0000
N2,20260219,N2##20260219,0.0857,0.0000,0.0000
N2,20260219,N2##20260219,0.1196,0.0000,0.0000
N2,20260219,N2##20260219,0.1399,7.6110,5.0740
N2,20260219,N2##20260219,0.1074,0.0000,0.0000
N2,20260219,N2##20260219,0.1516,4.4118,0.0000
N2,20260219,N2##20260219,0.1771,2.6201,2.6201
N2,20260219,N2##20260219,0.1117,7.0588,7.0588
N2,20260219,N2##20260219,0.1429,0.0000,0.0000
N2,20260219,N2##20260219,0.0870,0.0000,0.0000
N2,20260219,N2##20260219,0.1175,0.0000,0.0000
N2,20260219,N2##20260219,0.2094,3.2374,3.2374
N2,20260219,N2##20260219,0.1255,1.6575,1.6575
N2,20260219,N2##20260219,0.1533,0.0000,6.1538
N2,20260219,N2##20260219,0.1499,0.0000,0.0000
N2,20260219,N2##20260219,0.1555,0.0000,0.0000
N2,20260219,N2##20260219,0.1447,0.0000,0.0000
N2,20260219,N2##20260219,0.1346,0.0000,0.0000
N2,20260219,N2##20260219,0.1027,1.6438,0.0000
N2,20260219,N2##20260219,0.2013,2.5210,2.5210
N2,20260219,N2##20260219,0.1364,0.0000,0.0000
N2,20260219,N2##20260219,0.0866,0.0000,0.0000
N2,20260219,N2##20260219,0.1225,0.0000,0.0000
N2,20260219,N2##20260219,0.1628,0.7472,0.7472
N2,20260219,N2##20260219,,21.4286,21.4286
N2,20260219,N2##20260219,0.0894,0.0000,0.0000
N2,20260219,N2##20260219,0.0970,0.0000,13.9535
N2,20260219,N2##20260219,0.2442,0.0000,13.9535
N2,20260219,N2##20260219,0.1136,0.0000,18.7500
N2,20260219,N2##20260219,0.1404,0.8798,2.6393
N2,20260219,N2##20260219,0.0650,3.5821,0.0000
N2,20260219,N2##20260219,0.1665,0.0000,0.0000
N2,20260219,N2##20260219,0.1340,0.0000,0.0000
N2,20260219,N2##20260219,0.0677,7.3260,0.0000
N2,20260219,N2##20260219,0.1500,0.0000,0.0000
N2,20260219,N2##20260219,0.1109,3.8023,3.0418
N2,20260219,N2##20260219,0.2249,8.9552,17.9104
N2,20260219,N2##20260219,0.1526,0.0000,0.0000
N2,20260219,N2##20260219,0.1579,0.0000,1.2097
N2,20260219,N2##20260219,0.1016,7.8947,0.0000
N2,20260219,N2##20260219,0.1626,12.3711,6.1856
N2,20260219,N2##20260219,0.1639,4.4944,4.4944
N2,20260219,N2##20260219,0.1361,0.0000,0.0000
N2,20260219,N2##20260219,,0.0000,13.9535
N2,20260219,N2##20260219,0.1460,0.0000,2.5532
N2,20260219,N2##20260219,0.1522,0.0000,0.0000
N2,20260219,N2##20260219,0.1574,2.4194,0.0000
N2,20260219,N2##20260219,0.1577,0.0000,0.0000
N2,20260219,N2##20260219,0.1351,0.0000,0.0000
N2,20260219,N2##20260219,0.2094,0.0000,0.0000
N2,20260219,N2##20260219,0.1412,0.0000,4.9689
N2,20260219,N2##20260219,0.1623,7.5949,0.0000
N2,20260219,N2##20260219,0.1029,0.0000,24.0000
N2,20260219,N2##20260219,0.1830,1.5113,1.5113
N2,20260219,N2##20260219,0.1173,0.0000,11.7647
N2,20260219,N2##20260219,0.0626,8.4507,8.4507
N2,20260219,N2##20260219,0.1806,1.9672,0.0000
N2,20260219,N2##20260219,0.1462,2.1127,0.0000
N2,20260219,N2##20260219,0.1276,0.0000,0.0000
N2,20260219,N2##20260219,0.2011,0.0000,0.0000
N2,20260219,N2##20260219,,23.0769,0.0000
N2,20260219,N2##20260219,0.1510,0.0000,0.0000
N2,20260219,N2##20260219,0.1593,0.0000,0.0000
N2,20260219,N2##20260219,0.1016,8.7591,4.3796
N2,20260219,N2##20260219,0.1790,0.0000,0.0000
N2,20260219,N2##20260219,0.1502,0.0000,0.0000
N2,20260219,N2##20260219,0.2064,0.0000,0.0000
N2,20260219,N2##20260219,0.0674,6.7039,0.0000
N2,20260219,N2##20260219,0.1482,0.0000,0.0000
N2,20260219,N2##20260219,0.0737,0.0000,0.0000
N2,20260219,N2##20260219,0.1919,0.0000,0.0000
N2,20260219,N2##20260219,0.1453,0.0000,0.0000
N2,20260219,N2##20260219,0.0759,0.0000,0.0000
N2,20260221,N2##20260221,0.1955,0.0000,0.0000
N2,20260221,N2##20260221,0.1990,0.3523,0.0000
N2,20260221,N2##20260221,0.1755,0.0000,0.0000
N2,20260221,N2##20260221,0.1515,0.0000,0.0000
N2,20260221,N2##20260221,,0.0000,5.2174
N2,20260221,N2##20260221,,23.0769,46.1538
N2,20260221,N2##20260221,0.1313,0.0000,0.0000
N2,20260221,N2##20260221,0.1312,0.0000,0.0000
N2,20260221,N2##20260221,0.1595,0.0000,0.0000
N2,20260221,N2##20260221,0.1752,0.0000,0.0000
N2,20260221,N2##20260221,0.1252,0.0000,0.0000
N2,20260221,N2##20260221,0.1755,1.1450,0.0000
N2,20260221,N2##20260221,0.2117,0.0000,0.0000
N2,20260221,N2##20260221,0.1599,0.0000,0.0000
N2,20260221,N2##20260221,0.1973,0.0000,0.0000
N2,20260221,N2##20260221,0.1855,0.0000,0.8163
N2,20260221,N2##20260221,0.1862,0.0000,0.0000
N2,20260221,N2##20260221,0.1659,1.1009,0.0000
N2,20260221,N2##20260221,0.2017,0.5859,0.5859
N2,20260221,N2##20260221,0.0523,0.0000,0.0000
N2,20260221,N2##20260221,0.1834,0.0000,0.0000
N2,20260221,N2##20260221,0.1466,0.0000,0.0000
N2,20260221,N2##20260221,0.1965,0.9404,2.8213
N2,20260221,N2##20260221,0.0617,0.0000,0.0000
N2,20260221,N2##20260221,0.0657,2.3715,4.7431
N2,20260221,N2##20260221,0.0760,4.8096,1.2024
N2,20260221,N2##20260221,0.1283,0.0000,10.6509
N2,20260221,N2##20260221,0.1282,2.5105,0.0000
N2,20260221,N2##20260221,0.1995,0.0000,0.0000
N2,20260221,N2##20260221,0.0711,0.0000,0.0000
N2,20260221,N2##20260221,0.1492,0.0000,0.0000
N2,20260221,N2##20260221,0.0578,0.0000,0.0000
N2,20260221,N2##20260221,0.1162,0.0000,0.0000
N2,20260222,N2##20260222,0.1776,0.0000,0.0000
N2,20260222,N2##20260222,0.1427,0.0000,0.0000
N2,20260222,N2##20260222,0.1556,0.0000,0.0000
N2,20260222,N2##20260222,0.1495,0.0000,0.7742
N2,20260222,N2##20260222,0.1806,0.0000,0.0000
N2,20260222,N2##20260222,0.1753,0.0000,0.0000
N2,20260222,N2##20260222,0.1085,2.5000,1.7500
N2,20260222,N2##20260222,0.1480,0.0000,0.0000
N2,20260222,N2##20260222,0.0569,5.6027,4.5840
N2,20260222,N2##20260222,0.1854,0.0000,0.0000
N2,20260222,N2##20260222,0.1622,0.0000,0.0000
N2,20260222,N2##20260222,0.1725,0.0000,0.0000
N2,20260222,N2##20260222,0.1295,0.6787,1.0181
N2,20260222,N2##20260222,0.1516,0.0000,0.0000
N2,20260222,N2##20260222,0.1689,0.0000,0.0000
N2,20260222,N2##20260222,0.1618,1.7544,1.7544
N2,20260222,N2##20260222,0.1664,0.0000,0.0000
N2,20260222,N2##20260222,0.1447,0.0000,0.0000
N2,20260222,N2##20260222,0.1651,0.8475,1.6949
N2,20260222,N2##20260222,0.1330,0.0000,0.0000
N2,20260222,N2##20260222,0.1588,0.0000,0.0000
N2,20260222,N2##20260222,0.1779,0.0000,0.0000
N2,20260222,N2##20260222,0.1665,0.0000,0.0000
N2,20260222,N2##20260222,0.1609,0.0000,0.0000
N2,20260222,N2##20260222,0.1555,0.0000,0.0000
N2,20260222,N2##20260222,0.1180,0.6148,0.6148
N2,20260222,N2##20260222,0.1044,0.0000,0.0000
N2,20260222,N2##20260222,0.1331,3.5088,0.0000
N2,20260222,N2##20260222,0.1328,0.0000,0.0000
N2,20260222,N2##20260222,0.1451,0.0000,0.0000
N2,20260222,N2##20260222,0.1070,0.0000,0.0000
N2,20260222,N2##20260222,0.1195,0.0000,0.0000
N2,20260222,N2##20260222,0.1281,2.6946,0.8982
N2,20260222,N2##20260222,0.1921,0.0000,0.9836
N2,20260222,N2##20260222,0.1883,0.0000,0.0000
N2,20260222,N2##20260222,0.1632,0.5000,2.0000
N2,20260222,N2##20260222,0.1458,0.0000,0.0000
N2,20260222,N2##20260222,0.0874,0.0000,0.0000
N2,20260222,N2##20260222,0.1782,1.7143,0.0000
N2,20260222,N2##20260222,0.1337,0.0000,0.0000
N2,20260222,N2##20260222,0.1758,0.0000,0.0000
N2,20260222,N2##20260222,0.1488,0.0000,0.0000
N2,20260222,N2##20260222,0.1497,0.0000,0.0000
N2,20260222,N2##20260222,0.1303,0.0000,0.0000
N2,20260222,N2##20260222,0.1383,2.5532,10.2128
N2,20260222,N2##20260222,0.1305,1.7143,5.1429
N2,20260222,N2##20260222,0.1390,0.0000,0.0000
N2,20260222,N2##20260222,0.1810,0.0000,0.0000
N2,20260222,N2##20260222,0.1262,5.9406,0.0000
N2,20260222,N2##20260222,0.1359,0.0000,2.4691
N2,20260222,N2##20260222,0.0621,9.7519,2.5663
N2,20260222,N2##20260222,0.1726,0.0000,1.9544
N2,20260222,N2##20260222,0.1556,0.9804,1.9608
N2,20260222,N2##20260222,0.1650,0.0000,0.0000
N2,20260222,N2##20260222,0.1880,0.0000,0.0000
N2,20260222,N2##20260222,0.0981,0.0000,0.0000
N2,20260222,N2##20260222,0.1321,0.0000,6.0606
N2,20260222,N2##20260222,0.1718,0.0000,0.0000
N2,20260222,N2##20260222,0.1606,0.0000,0.0000
N2,20260222,N2##20260222,0.1206,0.0000,0.0000
N2,20260222,N2##20260222,0.1407,3.5377,1.4151
N2,20260222,N2##20260222,0.1361,0.0000,0.0000
N2,20260222,N2##20260222,0.1075,0.0000,0.0000
N2,20260222,N2##20260222,0.1641,0.0000,1.4286
N2,20260222,N2##20260222,0.1702,0.0000,0.0000
N2,20260222,N2##20260222,0.0622,13.6157,1.8154
N2,20260222,N2##20260222,0.1801,1.6973,0.8487
N2,20260222,N2##20260222,0.1415,0.0000,0.0000
N2,20260222,N2##20260222,0.1416,0.0000,1.3043
N2,20260222,N2##20260222,0.1252,4.1667,2.0833
N2,20260222,N2##20260222,0.1374,2.6471,0.8824
N2,20260222,N2##20260222,0.1223,0.0000,0.0000
N2,20260222,N2##20260222,0.1278,0.9509,0.9509
N2,20260222,N2##20260222,0.1377,0.0000,8.4507
N2,20260222,N2##20260222,0.1586,2.4440,0.0000
N2,20260222,N2##20260222,0.1566,0.0000,0.0000
N2,20260222,N2##20260222,0.1234,0.0000,0.0000
N2,20260222,N2##20260222,0.1525,0.0000,0.0000
N2,20260222,N2##20260222,0.1863,0.0000,0.0000
N2,20260222,N2##20260222,0.1893,2.8846,2.8846
N2,20260222,N2##20260222,0.1299,0.0000,0.0000
N2,20260222,N2##20260222,0.1332,1.3187,1.3187
N2,20260222,N2##20260222,0.1659,0.0000,0.0000
N2,20260222,N2##20260222,0.1507,0.0000,0.0000
N2,20260222,N2##20260222,0.1869,0.0000,0.0000
N2,20260222,N2##20260222,0.1598,0.0000,0.0000
N2,20260222,N2##20260222,0.1359,0.0000,1.5385
N2,20260222,N2##20260222,0.1597,0.0000,0.0000
N2,20260222,N2##20260222,0.1654,0.0000,0.0000
N2,20260222,N2##20260222,0.1554,0.0000,0.0000
N2,20260222,N2##20260222,0.0978,0.0000,2.4096
N2,20260222,N2##20260222,0.1755,0.0000,0.0000
N2,20260222,N2##20260222,0.1384,0.0000,0.0000
N2,20260222,N2##20260222,0.2005,0.0000,0.0000
N2,20260222,N2##20260222,0.1838,0.0000,0.0000
N2,20260222,N2##20260222,0.1368,0.0000,0.0000
N2,20260222,N2##20260222,0.1258,0.0000,0.0000
N2,20260222,N2##20260222,0.1572,0.0000,0.0000
N2,20260222,N2##20260222,0.1228,0.0000,0.0000
N2,20260222,N2##20260222,0.1199,0.0000,0.0000
N2,20260222,N2##20260222,0.2068,0.0000,0.0000
N2,20260222,N2##20260222,0.1347,0.0000,0.0000
N2,20260222,N2##20260222,0.1430,0.0000,0.0000
N2,20260222,N2##20260222,0.1425,0.0000,0.0000
N2,20260224,N2##20260224,0.1247,0.0000,0.0000
N2,20260224,N2##20260224,0.1476,0.0000,0.0000
N2,20260224,N2##20260224,0.1199,1.9324,11.5942
N2,20260224,N2##20260224,0.1696,0.0000,2.6846
N2,20260224,N2##20260224,0.1456,0.0000,2.5000
N2,20260224,N2##20260224,0.1721,0.0000,0.0000
N2,20260224,N2##20260224,0.1945,0.0000,0.0000
N2,20260224,N2##20260224,0.1602,1.0204,0.0000
N2,20260224,N2##20260224,0.1782,0.0000,0.0000
N2,20260224,N2##20260224,0.1469,3.0769,0.0000
N2,20260224,N2##20260224,0.0882,0.0000,11.0599
N2,20260224,N2##20260224,0.1683,0.0000,0.0000
N2,20260224,N2##20260224,0.1733,0.0000,0.0000
N2,20260224,N2##20260224,0.1957,0.0000,0.0000
N2,20260224,N2##20260224,0.1695,0.0000,0.0000
N2,20260224,N2##20260224,0.1347,0.0000,0.0000
N2,20260224,N2##20260224,0.1358,3.8462,0.0000
N2,20260224,N2##20260224,0.0940,0.0000,0.0000
N2,20260224,N2##20260224,0.1360,0.0000,0.0000
N2,20260224,N2##20260224,0.1572,1.0929,0.0000
N2,20260224,N2##20260224,0.1132,0.0000,0.0000
N2,20260224,N2##20260224,0.1232,0.0000,15.7895
N2,20260224,N2##20260224,0.1336,0.0000,0.0000
N2,20260224,N2##20260224,0.1765,0.0000,0.0000
N2,20260224,N2##20260224,0.1522,0.0000,1.6644
N2,20260224,N2##20260224,0.0752,1.7893,0.5964
N2,20260224,N2##20260224,0.1672,0.0000,0.0000
N2,20260224,N2##20260224,0.1928,0.0000,0.0000
N2,20260224,N2##20260224,0.1702,0.0000,0.0000
N2,20260224,N2##20260224,0.1288,1.0733,2.1467
N2,20260224,N2##20260224,0.1815,0.0000,0.0000
N2,20260224,N2##20260224,0.1572,0.0000,0.0000
N2,20260224,N2##20260224,0.1372,2.4390,0.0000
N2,20260224,N2##20260224,0.1633,0.0000,0.0000
N2,20260224,N2##20260224,0.1346,0.0000,0.0000
N2,20260224,N2##20260224,0.1673,10.7143,0.0000
N2,20260224,N2##20260224,0.1763,0.0000,1.6667
N2,20260224,N2##20260224,0.1558,0.0000,0.0000
N2,20260224,N2##20260224,0.1307,1.3953,0.0000
N2,20260224,N2##20260224,0.1684,0.0000,0.0000
N2,20260224,N2##20260224,0.0963,10.0000,10.0000
N2,20260224,N2##20260224,0.1737,0.0000,0.0000
N2,20260224,N2##20260224,0.1184,0.0000,8.6957
N2,20260224,N2##20260224,0.1371,3.9301,0.0000
N2,20260224,N2##20260224,0.1433,3.1088,0.0000
N2,20260224,N2##20260224,0.1409,0.0000,0.0000
N2,20260224,N2##20260224,0.1133,0.0000,4.9046
N2,20260224,N2##20260224,0.1759,2.1739,1.6304
N2,20260224,N2##20260224,0.1633,0.0000,0.0000
N2,20260224,N2##20260224,0.1514,0.0000,2.0134
N2,20260224,N2##20260224,0.1061,3.5503,0.0000
N2,20260224,N2##20260224,0.1750,0.0000,0.0000
N2,20260224,N2##20260224,0.2332,0.0000,0.0000
N2,20260224,N2##20260224,0.1846,3.8380,2.5586
N2,20260224,N2##20260224,0.0649,17.0160,5.9186
N2,20260224,N2##20260224,0.1415,1.6393,0.0000
N2,20260224,N2##20260224,0.1817,0.0000,0.0000
N2,20260224,N2##20260224,0.1375,0.0000,6.9767
N2,20260224,N2##20260224,0.1845,1.6713,2.5070
N2,20260224,N2##20260224,0.1488,0.0000,0.0000
N2,20260224,N2##20260224,0.1478,0.0000,0.0000
N2,20260224,N2##20260224,0.1956,0.0000,1.7699
N2,20260224,N2##20260224,0.1640,0.0000,0.0000
N2,20260224,N2##20260224,0.1787,0.0000,0.0000
N2,20260224,N2##20260224,0.1368,0.0000,0.0000
N2,20260224,N2##20260224,0.1677,0.0000,0.0000
N2,20260224,N2##20260224,0.1591,0.0000,4.6875
N2,20260224,N2##20260224,0.1976,0.0000,0.0000
N2,20260224,N2##20260224,0.1207,4.3956,0.0000
N2,20260224,N2##20260224,0.1623,0.0000,0.0000
N2,20260224,N2##20260224,0.1506,0.0000,0.0000
N2,20260224,N2##20260224,0.1578,0.0000,0.0000
N2,20260224,N2##20260224,0.0781,3.3241,0.0000
N2,20260224,N2##20260224,0.1534,0.0000,0.0000
N2,20260224,N2##20260224,0.1309,0.0000,0.0000
N2,20260224,N2##20260224,0.1420,17.1429,0.0000
N2,20260224,N2##20260224,0.1586,5.0505,0.0000
N2,20260224,N2##20260224,0.1231,4.2857,0.0000
N2,20260224,N2##20260224,0.1331,6.0302,9.0452
N2,20260224,N2##20260224,0.1587,4.3636,1.0909
N2,20260224,N2##20260224,0.1621,0.0000,0.0000
N2,20260224,N2##20260224,0.1564,0.0000,0.0000
N2,20260224,N2##20260224,0.1172,0.0000,0.0000
N2,20260224,N2##20260224,0.1214,6.8702,0.0000
N2,20260224,N2##20260224,0.1494,0.0000,0.0000
N2,20260224,N2##20260224,0.1011,1.1834,8.2840
N2,20260224,N2##20260224,0.1248,0.0000,0.0000
N2,20260224,N2##20260224,0.2102,12.0000,0.0000
N2,20260224,N2##20260224,0.1158,0.0000,8.1081
N2,20260224,N2##20260224,0.1767,0.0000,0.0000
N2,20260224,N2##20260224,0.1548,0.0000,1.5345
N2,20260224,N2##20260224,0.1899,0.0000,0.0000
N2,20260224,N2##20260224,0.1201,4.4610,0.0000
N2,20260224,N2##20260224,0.1682,5.7416,5.7416
N2,20260224,N2##20260224,0.1468,0.0000,0.0000
N2,20260224,N2##20260224,0.1467,0.0000,4.2857
N2,20260224,N2##20260224,0.1553,0.0000,0.0000
N2,20260224,N2##20260224,0.1142,0.0000,0.0000
N2,20260224,N2##20260224,,18.1818,0.0000
N2,20260224,N2##20260224,0.1943,0.0000,0.0000
N2,20260224,N2##20260224,0.1744,4.0000,0.0000
N2,20260224,N2##20260224,0.1587,6.8966,0.0000
N2,20260224,N2##20260224,0.1927,4.4776,0.8955
N2,20260224,N2##20260224,0.1107,0.0000,0.0000
N2,20260224,N2##20260224,0.1550,0.0000,0.0000
N2,20260224,N2##20260224,0.1425,4.0404,2.0202
N2,20260224,N2##20260224,0.1377,3.3613,1.6807
N2,20260224,N2##20260224,0.1338,0.0000,0.0000
N2,20260224,N2##20260224,0.1646,0.0000,0.0000
N2,20260224,N2##20260224,0.0700,11.2150,5.6075
N2,20260224,N2##20260224,0.1909,0.0000,0.0000
N2,20260224,N2##20260224,0.1177,10.7143,0.0000
N2,20260224,N2##20260224,0.1323,2.7429,1.3714
N2,20260224,N2##20260224,0.1382,0.0000,0.0000
N2,20260224,N2##20260224,0.1222,0.0000,20.0000
N2,20260224,N2##20260224,0.1651,0.0000,0.0000
N2,20260224,N2##20260224,0.1229,0.0000,0.0000
N2,20260224,N2##20260224,0.1724,0.0000,0.0000
N2,20260224,N2##20260224,0.1218,6.7416,1.9262
N2,20260224,N2##20260224,,41.3793,0.0000
N2,20260224,N2##20260224,0.1518,0.0000,0.0000
N2,20260224,N2##20260224,0.1847,24.0000,0.0000
N2,20260224,N2##20260224,0.2073,0.0000,0.0000
N2,20260224,N2##20260224,0.2125,0.0000,0.0000
N2,20260224,N2##20260224,0.0928,0.0000,0.0000
N2,20260224,N2##20260224,0.1210,0.0000,4.2105
N2,20260224,N2##20260224,0.0466,25.4417,0.0000
N2,20260224,N2##20260224,0.1505,0.0000,0.0000
N2,20260224,N2##20260224,0.1952,0.0000,0.0000
N2,20260224,N2##20260224,0.1072,18.9474,6.3158
N2,20260224,N2##20260224,0.1657,0.0000,0.0000
N2,20260224,N2##20260224,0.1129,7.7419,3.8710
N2,20260224,N2##20260224,0.1071,14.6341,0.0000
N2,20260224,N2##20260224,,9.8361,0.0000
N2,20260224,N2##20260224,0.1548,0.0000,5.2174
N2,20260224,N2##20260224,0.0798,4.3165,4.3165
N2,20260224,N2##20260224,0.1326,0.0000,2.9703
N2,20260224,N2##20260224,0.2679,0.0000,0.0000
N2,20260224,N2##20260224,0.1308,1.4833,1.4833
N2,20260224,N2##20260224,0.1747,2.8169,1.4085
N2,20260224,N2##20260224,0.0643,5.1813,1.0363
N2,20260224,N2##20260224,0.0621,0.0000,0.0000
N2,20260224,N2##20260224,0.1579,0.0000,0.0000
N2,20260224,N2##20260224,0.1407,0.0000,1.9355
N2,20260224,N2##20260224,0.1393,0.0000,0.7989
N2,20260224,N2##20260224,0.1654,0.0000,1.1858
N2,20260224,N2##20260224,0.1400,13.2492,1.8927
N2,20260224,N2##20260224,0.1734,2.0339,0.0000
N2,20260224,N2##20260224,0.1518,0.0000,0.0000
N2,20260224,N2##20260224,0.1737,2.5052,4.3841
N2,20260224,N2##20260224,0.1774,0.0000,0.0000
N2,20260224,N2##20260224,0.1727,1.6304,1.6304
N2,20260224,N2##20260224,0.1110,20.0000,0.0000
N2,20260224,N2##20260224,0.1546,0.0000,0.0000
N2,20260224,N2##20260224,0.1407,0.0000,0.0000
N2,20260224,N2##20260224,0.1891,0.0000,15.0000
N2,20260224,N2##20260224,0.1217,23.0769,0.0000
N2,20260224,N2##20260224,0.1711,0.0000,0.0000
N2,20260224,N2##20260224,0.1376,3.6072,1.2024
N2,20260224,N2##20260224,0.1418,0.0000,12.7660
N2,20260224,N2##20260224,0.0891,11.3208,0.0000
N2,20260224,N2##20260224,,12.5000,0.0000
N2,20260224,N2##20260224,0.1691,0.0000,0.0000
N2,20260224,N2##20260224,0.1365,1.0399,4.1594
N2,20260224,N2##20260224,0.1570,0.0000,1.4118
N2,20260224,N2##20260224,0.0930,5.9238,5.9238
N2,20260224,N2##20260224,0.1075,0.0000,0.0000
N2,20260224,N2##20260224,0.0501,24.0000,0.0000
N2,20260224,N2##20260224,0.0823,0.0000,0.0000
N2,20260224,N2##20260224,0.1316,0.0000,3.9735
N2,20260224,N2##20260224,0.1588,0.0000,0.0000
N2,20260224,N2##20260224,0.0610,0.0000,0.0000
N2,20260224,N2##20260224,0.0557,6.2176,6.2176
N2,20260224,N2##20260224,0.1015,0.0000,10.5263
N2,20260224,N2##20260224,0.1463,7.2727,10.9091
N2,20260224,N2##20260224,0.1826,0.0000,0.0000
N2,20260224,N2##20260224,0.1661,0.9202,0.0000
N2,20260224,N2##20260224,0.1559,0.0000,0.0000
N2,20260224,N2##20260224,0.1478,0.0000,0.0000
N2,20260224,N2##20260224,0.1591,9.6774,9.6774
N2,20260224,N2##20260224,0.1538,4.2857,0.0000
N2,20260224,N2##20260224,0.1441,16.2162,16.2162
N2,20260224,N2##20260224,0.1930,0.0000,0.0000
N2,20260224,N2##20260224,0.1424,11.1111,0.0000
N2,20260224,N2##20260224,0.1232,0.0000,17.6471
N2,20260224,N2##20260224,0.1205,8.2051,3.0769
N2,20260224,N2##20260224,0.1059,12.7119,0.0000
N2,20260224,N2##20260224,0.1190,4.7244,4.7244
N2,20260224,N2##20260224,0.1478,0.0000,2.3166
N2,20260224,N2##20260224,0.1229,9.5238,0.0000
N2,20260224,N2##20260224,0.1461,3.1746,3.1746
N2,20260224,N2##20260224,0.1409,0.0000,0.0000
N2,20260224,N2##20260224,0.0302,9.0909,9.0909
N2,20260224,N2##20260224,0.1154,0.0000,10.1695
N2,20260224,N2##20260224,0.0893,4.9383,0.0000
N2,20260224,N2##20260224,0.1309,9.3750,0.0000
N2,20260224,N2##20260224,0.1454,0.0000,0.0000
N2,20260224,N2##20260224,0.1349,0.0000,0.0000
N2,20260224,N2##20260224,0.1924,0.0000,2.5263
N2,20260224,N2##20260224,0.1368,6.2827,6.2827
N2,20260224,N2##20260224,0.0568,6.6667,3.3333
N2,20260224,N2##20260224,0.1679,6.9767,10.4651
N2,20260224,N2##20260224,0.0826,11.3208,5.6604
N2,20260224,N2##20260224,0.1569,6.0606,0.0000
N2,20260224,N2##20260224,0.1433,2.6432,5.2863
N2,20260224,N2##20260224,0.1494,1.4925,0.0000
N2,20260224,N2##20260224,0.1203,0.0000,0.0000
N2,20260224,N2##20260224,0.1460,3.0769,1.5385
N2,20260224,N2##20260224,0.0980,6.6667,0.0000
N2,20260224,N2##20260224,0.1636,0.0000,0.0000
N2,20260224,N2##20260224,0.1619,0.0000,0.0000
N2,20260224,N2##20260224,0.1785,0.0000,6.9767
N2,20260224,N2##20260224,0.2264,9.6774,9.6774
N2,20260224,N2##20260224,0.1775,0.0000,0.0000
N2,20260224,N2##20260224,0.1716,0.0000,15.3846
N2,20260224,N2##20260224,0.1694,4.8387,7.2581
N2,20260224,N2##20260224,0.1264,0.0000,8.1081
N2,20260224,N2##20260224,0.1648,7.4534,3.7267
N2,20260224,N2##20260224,0.2191,7.4074,7.4074
N2,20260224,N2##20260224,0.1292,2.6201,2.6201
N2,20260224,N2##20260224,0.1880,7.6923,3.8462
N2,20260224,N2##20260224,0.1889,0.0000,0.0000
N2,20260224,N2##20260224,0.1416,0.0000,0.0000
N2,20260224,N2##20260224,0.1926,6.3492,6.3492
N2,20260224,N2##20260224,0.1298,0.0000,0.0000
N2,20260224,N2##20260224,0.1900,0.0000,0.0000
N2,20260224,N2##20260224,0.1583,0.0000,5.6338
N2,20260224,N2##20260224,0.0946,0.0000,2.9851
N2,20260224,N2##20260224,0.1630,0.0000,0.0000
N2,20260224,N2##20260224,0.0881,0.0000,0.0000
N2,20260224,N2##20260224,0.0928,13.9535,0.0000
N2,20260224,N2##20260224,0.1605,4.5802,4.5802
N2,20260224,N2##20260224,0.1531,4.4776,0.0000
N2,20260224,N2##20260224,0.0989,9.0909,0.0000
N2,20260224,N2##20260224,0.1238,0.0000,0.0000
N2,20260224,N2##20260224,,20.6897,0.0000
N2,20260224,N2##20260224,,20.6897,0.0000
N2,20260224,N2##20260224,0.1437,17.8218,0.0000
N2,20260224,N2##20260224,0.2207,0.0000,0.0000
N2,20260224,N2##20260224,0.1240,0.0000,0.0000
N2,20260224,N2##20260224,0.1163,0.0000,0.0000
N2,20260224,N2##20260224,0.0796,0.0000,0.0000
N2,20260224,N2##20260224,0.2099,0.0000,0.0000
N2,20260224,N2##20260224,,17.6471,17.6471
N2,20260225,N2##20260225,0.1642,0.0000,0.0000
N2,20260225,N2##20260225,0.0847,3.1056,2.4845
N2,20260225,N2##20260225,0.1959,2.0339,0.0000
N2,20260225,N2##20260225,0.1772,0.0000,0.0000
N2,20260225,N2##20260225,0.1957,0.0000,0.0000
N2,20260225,N2##20260225,0.1661,3.8660,1.5464
N2,20260225,N2##20260225,0.1828,0.0000,0.0000
N2,20260225,N2##20260225,0.1521,0.0000,0.0000
N2,20260225,N2##20260225,0.1675,3.0000,0.0000
N2,20260225,N2##20260225,0.0827,0.2500,0.0000
N2,20260225,N2##20260225,0.1846,2.4048,1.2024
N2,20260225,N2##20260225,0.1537,1.1788,0.0000
N2,20260225,N2##20260225,0.1677,0.0000,0.0000
N2,20260225,N2##20260225,0.1781,0.0000,0.0000
N2,20260225,N2##20260225,0.2039,1.8727,0.7491
N2,20260225,N2##20260225,0.1595,0.0000,0.0000
N2,20260225,N2##20260225,0.1827,0.4983,0.0000
N2,20260225,N2##20260225,0.2140,0.0000,0.6593
N2,20260225,N2##20260225,0.1573,0.0000,0.0000
N2,20260225,N2##20260225,0.1758,0.0000,0.0000
N2,20260225,N2##20260225,0.1735,0.0000,0.0000
N2,20260225,N2##20260225,0.1826,0.8942,0.0000
N2,20260225,N2##20260225,0.1428,0.0000,0.0000
N2,20260225,N2##20260225,0.1979,0.0000,0.0000
N2,20260225,N2##20260225,0.1381,0.0000,0.0000
N2,20260225,N2##20260225,0.1601,0.0000,1.0345
N2,20260225,N2##20260225,0.2216,0.0000,0.0000
N2,20260225,N2##20260225,0.1821,0.0000,0.0000
N2,20260225,N2##20260225,0.1339,8.0357,0.0000
N2,20260225,N2##20260225,0.1894,1.6304,0.0000
N2,20260225,N2##20260225,0.1908,0.0000,0.0000
N2,20260225,N2##20260225,0.1528,0.0000,0.0000
N2,20260225,N2##20260225,0.1777,0.0000,0.0000
N2,20260225,N2##20260225,0.1929,0.0000,0.0000
N2,20260225,N2##20260225,0.1737,0.0000,0.0000
N2,20260225,N2##20260225,0.1691,0.0000,0.0000
N2,20260225,N2##20260225,0.2104,0.0000,0.0000
N2,20260225,N2##20260225,0.1785,0.0000,0.0000
N2,20260225,N2##20260225,0.2105,0.0000,0.0000
N2,20260225,N2##20260225,0.1615,0.0000,0.0000
N2,20260225,N2##20260225,0.1545,0.0000,0.0000
N2,20260225,N2##20260225,0.1458,0.0000,0.8253
N2,20260225,N2##20260225,0.1692,0.0000,0.0000
N2,20260225,N2##20260225,0.1635,0.0000,0.0000
N2,20260225,N2##20260225,0.1947,0.0000,0.0000
N2,20260225,N2##20260225,0.1452,0.0000,0.0000
N2,20260225,N2##20260225,0.1383,0.0000,6.8182
N2,20260225,N2##20260225,0.1578,0.0000,0.0000
N2,20260225,N2##20260225,0.2105,0.0000,0.0000
N2,20260225,N2##20260225,0.1790,3.7296,2.3310
N2,20260225,N2##20260225,0.1554,0.0000,0.0000
N2,20260225,N2##20260225,0.1544,0.0000,0.0000
N2,20260225,N2##20260225,0.1690,4.2553,2.8369
N2,20260225,N2##20260225,0.1575,0.0000,0.0000
N2,20260225,N2##20260225,0.1897,3.5156,1.1719
N2,20260225,N2##20260225,0.2037,1.8809,0.9404
N2,20260225,N2##20260225,0.1495,0.0000,0.0000
N2,20260225,N2##20260225,0.1777,3.3994,3.3994
N2,20260225,N2##20260225,0.1650,0.0000,0.0000
N2,20260225,N2##20260225,0.0530,2.0339,0.0000
N2,20260225,N2##20260225,0.1815,0.0000,0.0000
N2,20260225,N2##20260225,0.1766,1.3937,0.6969
N2,20260225,N2##20260225,0.1866,0.0000,0.0000
N2,20260225,N2##20260225,0.1585,0.0000,0.0000
N2,20260225,N2##20260225,0.1459,0.0000,0.0000
N2,20260225,N2##20260225,0.1482,0.0000,0.0000
N2,20260225,N2##20260225,0.2030,0.0000,0.0000
N2,20260225,N2##20260225,0.1619,2.0202,2.0202
N2,20260225,N2##20260225,0.1860,0.0000,0.0000
N2,20260225,N2##20260225,0.1281,0.0000,0.0000
N2,20260225,N2##20260225,0.1743,0.0000,0.0000
N2,20260225,N2##20260225,0.1319,4.2553,2.1277
N2,20260225,N2##20260225,0.1772,0.0000,0.0000
N2,20260225,N2##20260225,0.1856,0.0000,0.0000
N2,20260225,N2##20260225,0.0785,3.1390,2.6906
N2,20260225,N2##20260225,0.1501,0.0000,0.0000
N2,20260225,N2##20260225,0.1856,0.0000,0.0000
N2,20260225,N2##20260225,0.1714,3.6408,2.1845
N2,20260225,N2##20260225,0.1843,0.0000,0.4823
N2,20260225,N2##20260225,0.1750,0.0000,0.0000
N2,20260225,N2##20260225,0.1719,3.4582,1.7291
N2,20260225,N2##20260225,0.1589,0.0000,0.0000
N2,20260225,N2##20260225,0.0840,19.3548,0.0000
N2,20260225,N2##20260225,0.1807,0.0000,0.0000
N2,20260225,N2##20260225,0.1918,0.0000,0.0000
N2,20260225,N2##20260225,0.1534,0.0000,6.2500
N2,20260225,N2##20260225,0.1734,0.0000,0.0000
N2,20260225,N2##20260225,0.1419,0.0000,0.0000
N2,20260225,N2##20260225,0.1565,0.0000,0.0000
N2,20260225,N2##20260225,0.1482,0.0000,0.0000
N2,20260225,N2##20260225,0.1583,0.0000,0.0000
N2,20260225,N2##20260225,0.1510,0.0000,0.0000
N2,20260225,N2##20260225,0.1324,4.3165,0.0000
N2,20260225,N2##20260225,0.1041,0.0000,0.9820
N2,20260225,N2##20260225,0.1698,0.0000,0.0000
N2,20260225,N2##20260225,0.1709,0.0000,0.0000
N2,20260225,N2##20260225,0.1636,0.0000,9.2308
N2,20260225,N2##20260225,0.1904,0.6322,0.0000
N2,20260225,N2##20260225,0.1985,1.2712,0.0000
N2,20260225,N2##20260225,0.1712,0.0000,0.0000
N2,20260225,N2##20260225,0.1412,0.0000,0.0000
N2,20260225,N2##20260225,0.1437,0.0000,0.0000
N2,20260225,N2##20260225,0.2011,0.0000,0.0000
N2,20260225,N2##20260225,0.2123,0.0000,0.0000
N2,20260225,N2##20260225,0.1640,0.0000,0.0000
N2,20260225,N2##20260225,0.1750,0.0000,0.0000
N2,20260225,N2##20260225,0.1851,0.0000,0.0000
N2,20260225,N2##20260225,0.1622,0.0000,0.0000
N2,20260225,N2##20260225,0.1432,5.0633,5.0633
N2,20260225,N2##20260225,0.1586,0.0000,0.0000
N2,20260225,N2##20260225,0.1685,2.8302,0.0000
N2,20260225,N2##20260225,0.1757,0.0000,0.0000
N2,20260225,N2##20260225,0.1675,0.0000,0.0000
N2,20260225,N2##20260225,0.1672,0.0000,0.0000
N2,20260225,N2##20260225,0.1933,0.0000,0.0000
N2,20260225,N2##20260225,0.1385,0.0000,0.0000
N2,20260225,N2##20260225,0.2166,0.0000,0.0000
N2,20260225,N2##20260225,0.1426,3.2086,0.0000
N2,20260225,N2##20260225,0.1808,0.0000,0.0000
N2,20260225,N2##20260225,0.1706,0.0000,0.0000
N2,20260225,N2##20260225,0.1495,0.0000,0.0000
N2,20260225,N2##20260225,0.1361,0.0000,0.0000
N2,20260225,N2##20260225,0.1628,2.2901,0.0000
N2,20260225,N2##20260225,0.1898,0.0000,0.9419
N2,20260225,N2##20260225,0.1892,0.0000,0.0000
N2,20260225,N2##20260225,0.1942,2.2305,2.2305
N2,20260225,N2##20260225,0.1822,0.0000,0.0000
N2,20260225,N2##20260225,0.2327,2.7397,2.7397
N2,20260225,N2##20260225,0.1932,0.0000,0.0000
N2,20260225,N2##20260225,0.1640,0.0000,0.0000
N2,20260225,N2##20260225,0.1467,2.0339,2.0339
N2,20260225,N2##20260225,0.1836,0.0000,0.0000
N2,20260225,N2##20260225,0.1944,0.0000,0.0000
N2,20260225,N2##20260225,0.2056,0.0000,0.0000
N2,20260225,N2##20260225,0.1604,0.0000,1.6484
N2,20260225,N2##20260225,0.1800,0.0000,1.4388
N2,20260225,N2##20260225,0.1426,0.0000,0.0000
N2,20260225,N2##20260225,0.1515,0.0000,0.0000
N2,20260225,N2##20260225,0.1989,2.8103,1.4052
N2,20260225,N2##20260225,0.1754,1.4742,1.4742
N2,20260225,N2##20260225,0.1807,0.0000,0.0000
N2,20260225,N2##20260225,0.1703,0.0000,0.0000
N2,20260225,N2##20260225,0.1569,0.0000,0.0000
N2,20260225,N2##20260225,0.1966,0.0000,0.0000
N2,20260225,N2##20260225,0.1325,10.3448,0.0000
N2,20260225,N2##20260225,0.2327,0.0000,0.0000
N2,20260225,N2##20260225,0.1978,0.0000,0.0000
N2,20260225,N2##20260225,0.1739,0.0000,1.7595
N2,20260225,N2##20260225,0.1682,0.0000,0.0000
N2,20260225,N2##20260225,0.1883,0.0000,0.0000
N2,20260225,N2##20260225,0.1839,1.9934,0.0000
N2,20260225,N2##20260225,0.1673,0.0000,0.0000
N2,20260225,N2##20260225,0.1771,0.0000,0.0000
N2,20260225,N2##20260225,0.1305,0.0000,0.0000
N2,20260225,N2##20260225,0.2001,0.0000,0.0000
N2,20260225,N2##20260225,0.1775,0.0000,2.5105
N2,20260225,N2##20260225,0.2018,0.0000,0.0000
N2,20260225,N2##20260225,0.1793,0.0000,0.0000
N2,20260225,N2##20260225,0.1739,0.0000,0.0000
N2,20260225,N2##20260225,0.1318,0.0000,0.0000
N2,20260225,N2##20260225,0.1570,0.0000,0.0000
N2,20260225,N2##20260225,0.1370,0.0000,0.0000
N2,20260225,N2##20260225,0.1765,0.0000,0.0000
N2,20260225,N2##20260225,0.1846,0.0000,0.0000
N2,20260225,N2##20260225,0.1745,0.0000,0.0000
N2,20260225,N2##20260225,0.1263,12.0000,12.0000
N2,20260225,N2##20260225,0.1467,0.0000,0.0000
N2,20260225,N2##20260225,0.2071,0.0000,0.0000
N2,20260225,N2##20260225,0.1947,0.0000,0.0000
N2,20260225,N2##20260225,0.0843,23.0769,0.0000
N2,20260227,N2##20260227,0.1362,0.0000,0.0000
N2,20260227,N2##20260227,0.1691,4.3165,2.1583
N2,20260227,N2##20260227,0.1692,0.0000,0.9449
N2,20260227,N2##20260227,0.1077,0.0000,0.0000
N2,20260227,N2##20260227,0.1851,0.0000,0.0000
N2,20260227,N2##20260227,0.1256,2.8275,2.8275
N2,20260227,N2##20260227,0.0952,2.5316,0.0000
N2,20260227,N2##20260227,0.1740,1.4963,1.1970
N2,20260227,N2##20260227,0.1879,1.1450,1.1450
N2,20260227,N2##20260227,0.1707,1.5584,0.0000
N2,20260227,N2##20260227,0.2174,9.7561,4.8780
N2,20260227,N2##20260227,0.1434,0.0000,0.0000
N2,20260227,N2##20260227,0.1715,5.2275,1.7425
N2,20260227,N2##20260227,0.1798,0.0000,3.4682
N2,20260227,N2##20260227,0.1089,0.0000,0.0000
N2,20260227,N2##20260227,0.2182,2.1911,1.0956
N2,20260227,N2##20260227,0.0843,5.0992,10.1983
N2,20260227,N2##20260227,0.1732,0.6696,0.0000
N2,20260227,N2##20260227,0.1851,0.0000,0.0000
N2,20260227,N2##20260227,0.1566,0.0000,0.0000
N2,20260227,N2##20260227,0.1412,0.7018,0.0000
N2,20260227,N2##20260227,0.1943,3.8400,1.9200
N2,20260227,N2##20260227,0.1462,0.9005,0.6003
N2,20260227,N2##20260227,0.1752,0.0000,1.1356
N2,20260227,N2##20260227,0.1622,6.4171,3.2086
N2,20260227,N2##20260227,0.1439,0.0000,0.0000
N2,20260227,N2##20260227,0.1992,2.4032,1.6021
N2,20260227,N2##20260227,0.1390,0.0000,2.1978
N2,20260227,N2##20260227,0.0859,2.1127,0.0000
N2,20260227,N2##20260227,0.2042,3.4059,1.7029
N2,20260227,N2##20260227,0.1159,3.0706,3.0706
N2,20260227,N2##20260227,0.1693,2.1818,2.1818
N2,20260227,N2##20260227,0.1190,1.5000,1.5000
N2,20260227,N2##20260227,0.1498,0.0000,0.0000
N2,20260227,N2##20260227,0.2043,2.6354,3.5139
N2,20260227,N2##20260227,0.1762,6.8182,0.0000
N2,20260227,N2##20260227,0.1813,0.0000,0.0000
N2,20260227,N2##20260227,0.1076,0.0000,6.1224
N2,20260227,N2##20260227,0.2011,0.0000,0.0000
N2,20260227,N2##20260227,0.1217,0.0000,0.0000
N2,20260227,N2##20260227,0.1437,0.0000,0.0000
N2,20260227,N2##20260227,0.1251,4.2989,3.0706
N2,20260227,N2##20260227,0.1701,0.0000,7.6923
N2,20260227,N2##20260227,0.1128,0.0000,0.0000
N2,20260227,N2##20260227,0.1911,0.0000,2.8037
N2,20260227,N2##20260227,0.1853,0.0000,0.0000
N2,20260227,N2##20260227,0.1306,2.3715,2.3715
N2,20260227,N2##20260227,0.1156,0.0000,0.0000
N2,20260227,N2##20260227,0.1516,0.0000,0.0000
N2,20260227,N2##20260227,0.0983,0.0000,0.0000
N2,20260227,N2##20260227,0.0730,3.3520,0.5587
N2,20260227,N2##20260227,0.2039,3.5294,1.1765
N2,20260227,N2##20260227,0.1571,0.0000,0.0000
N2,20260227,N2##20260227,0.2371,2.6667,0.8889
N2,20260227,N2##20260227,0.1785,0.0000,0.0000
N2,20260227,N2##20260227,0.1079,0.0000,0.0000
N2,20260227,N2##20260227,0.2121,2.4615,0.6154
N2,20260227,N2##20260227,0.2087,0.0000,0.0000
N2,20260227,N2##20260227,0.1795,5.1724,0.0000
N2,20260227,N2##20260227,0.1974,0.0000,0.0000
N2,20260227,N2##20260227,0.1351,0.0000,3.0303
N2,20260227,N2##20260227,0.1780,0.0000,1.0582
N2,20260227,N2##20260227,0.1797,0.0000,2.4194
N2,20260227,N2##20260227,0.1907,0.0000,0.0000
N2,20260227,N2##20260227,0.2212,0.0000,4.6512
N2,20260227,N2##20260227,0.1693,0.0000,0.0000
N2,20260227,N2##20260227,0.1561,0.0000,0.0000
N2,20260227,N2##20260227,0.1820,0.0000,0.0000
N2,20260227,N2##20260227,0.2161,0.0000,0.0000
N2,20260227,N2##20260227,0.1924,0.0000,0.0000
N2,20260227,N2##20260227,0.1713,3.8217,5.7325
N2,20260227,N2##20260227,0.1546,0.0000,1.9169
N2,20260227,N2##20260227,0.1140,16.2162,0.0000
N2,20260227,N2##20260227,0.1358,0.0000,0.0000
N2,20260227,N2##20260227,0.2329,1.9672,0.9836
N2,20260227,N2##20260227,0.1456,0.0000,0.0000
N2,20260227,N2##20260227,0.1902,4.2857,8.5714
N2,20260227,N2##20260227,0.0758,0.0000,0.0000
N2,20260227,N2##20260227,0.2142,0.0000,0.0000
N2,20260227,N2##20260227,0.2138,0.0000,0.0000
N2,20260227,N2##20260227,0.1365,6.1224,12.2449
N2,20260227,N2##20260227,0.2003,0.0000,6.1856
N2,20260227,N2##20260227,0.1771,0.0000,0.0000
N2,20260227,N2##20260227,0.2096,0.0000,0.0000
N2,20260227,N2##20260227,0.1744,0.0000,0.0000
N2,20260227,N2##20260227,0.2037,0.0000,0.0000
N2,20260227,N2##20260227,0.0619,1.6620,3.3241
N2,20260227,N2##20260227,0.1669,0.0000,0.0000
N2,20260227,N2##20260227,0.1833,0.0000,0.0000
N2,20260227,N2##20260227,0.1950,0.0000,0.0000
N2,20260227,N2##20260227,0.2144,0.0000,0.0000
N2,20260227,N2##20260227,0.0892,0.0000,0.0000
N2,20260227,N2##20260227,0.1576,0.0000,0.0000
N2,20260227,N2##20260227,0.2464,2.6549,0.0000
N2,20260227,N2##20260227,0.1197,0.0000,0.0000
N2,20260227,N2##20260227,0.1756,0.0000,0.0000
N2,20260227,N2##20260227,0.1618,0.0000,0.0000
N2,20260227,N2##20260227,0.1435,0.0000,0.0000
N2,20260227,N2##20260227,0.0497,4.5113,9.0226
N2,20260227,N2##20260227,0.1551,0.0000,8.0000
N2,20260227,N2##20260227,0.1719,0.0000,0.0000
N2,20260227,N2##20260227,0.2253,0.0000,0.0000
N2,20260227,N2##20260227,0.1350,0.0000,0.0000
N2,20260227,N2##20260227,0.1750,0.0000,0.0000
N2,20260306,N2##20260306,0.1150,1.9178,1.9178
N2,20260306,N2##20260306,0.1909,13.0435,13.0435
N2,20260306,N2##20260306,0.1186,8.1081,0.0000
N2,20260306,N2##20260306,0.0961,4.5113,3.7594
N2,20260306,N2##20260306,0.1545,3.6364,5.4545
N2,20260306,N2##20260306,0.1927,5.0786,3.6276
N2,20260306,N2##20260306,0.1882,7.0866,2.3622
N2,20260306,N2##20260306,0.1578,0.0000,0.0000
N2,20260306,N2##20260306,0.1760,0.0000,0.0000
N2,20260306,N2##20260306,0.1723,0.0000,0.0000
N2,20260306,N2##20260306,0.1938,2.2959,1.5306
N2,20260306,N2##20260306,,0.0000,15.3846
N2,20260306,N2##20260306,0.1392,0.0000,10.8108
N2,20260306,N2##20260306,0.1427,0.0000,0.0000
N2,20260306,N2##20260306,0.1413,0.0000,0.0000
N2,20260306,N2##20260306,0.0790,11.7647,11.7647
N2,20260306,N2##20260306,0.1475,5.5556,11.1111
N2,20260306,N2##20260306,0.1441,1.6238,2.4357
N2,20260306,N2##20260306,0.0985,0.0000,22.2222
N2,20260306,N2##20260306,,20.0000,40.0000
N2,20260306,N2##20260306,0.1801,0.0000,1.1928
N2,20260306,N2##20260306,0.1444,0.0000,0.0000
N2,20260306,N2##20260306,,20.0000,0.0000
N2,20260306,N2##20260306,0.1124,0.0000,0.0000
N2,20260306,N2##20260306,0.1361,0.0000,13.6364
N2,20260306,N2##20260306,0.1635,2.4948,3.1185
N2,20260306,N2##20260306,0.1561,0.0000,0.0000
N2,20260306,N2##20260306,,0.0000,8.8235
N2,20260306,N2##20260306,0.1732,0.0000,0.0000
N2,20260306,N2##20260306,0.1516,2.6608,1.3304
N2,20260306,N2##20260306,0.0619,22.2222,0.0000
N2,20260306,N2##20260306,0.1129,0.0000,37.5000
N2,20260306,N2##20260306,0.1679,0.0000,0.0000
N2,20260306,N2##20260306,0.1706,0.0000,0.0000
N2,20260306,N2##20260306,,15.3846,15.3846
N2,20260306,N2##20260306,0.1939,0.0000,0.0000
N2,20260306,N2##20260306,0.1657,0.0000,3.0303
N2,20260306,N2##20260306,0.1461,0.0000,3.2967
N2,20260306,N2##20260306,0.1561,0.0000,0.0000
N2,20260306,N2##20260306,0.1767,0.0000,10.3448
N2,20260306,N2##20260306,0.1842,0.0000,0.0000
N2,20260306,N2##20260306,0.1546,0.0000,0.0000
N2,20260306,N2##20260306,0.1272,16.2162,0.0000
N2,20260306,N2##20260306,0.1301,15.0000,15.0000
N2,20260306,N2##20260306,0.1495,0.0000,18.7500
N2,20260306,N2##20260306,0.1062,0.0000,7.6923
N2,20260306,N2##20260306,0.1435,6.1069,3.0534
N2,20260306,N2##20260306,0.1718,0.0000,0.0000
N2,20260306,N2##20260306,0.1559,0.0000,0.0000
N2,20260306,N2##20260306,,0.0000,18.1818
N2,20260306,N2##20260306,0.1461,4.1379,4.1379
N2,20260306,N2##20260306,0.1077,2.2727,2.2727
N2,20260306,N2##20260306,0.1008,0.0000,23.0769
N2,20260306,N2##20260306,0.1127,0.0000,23.0769
N2,20260306,N2##20260306,0.1028,2.9851,5.9701
N2,20260306,N2##20260306,0.0881,48.0000,0.0000
N2,20260306,N2##20260306,0.0726,0.0000,19.3548
N2,20260306,N2##20260306,0.1370,0.0000,8.3333
N2,20260306,N2##20260306,0.1685,0.0000,9.0909
N2,20260306,N2##20260306,0.0978,5.8824,5.8824
N2,20260306,N2##20260306,0.1743,0.0000,0.0000
N2,20260306,N2##20260306,0.1746,3.0151,3.0151
N2,20260306,N2##20260306,0.1525,0.0000,0.0000
N2,20260306,N2##20260306,0.1765,0.0000,0.0000
N2,20260306,N2##20260306,0.1325,1.7822,3.5644
N2,20260306,N2##20260306,0.1655,5.5556,0.0000
N2,20260306,N2##20260306,0.1285,0.0000,4.5802
N2,20260306,N2##20260306,0.1753,0.0000,0.7557
N2,20260306,N2##20260306,0.1640,0.0000,0.0000
N2,20260306,N2##20260306,0.1221,0.0000,0.0000
N2,20260306,N2##20260306,0.1303,0.0000,23.0769
N2,20260306,N2##20260306,0.1693,0.0000,0.0000
N2,20260306,N2##20260306,0.1690,0.0000,0.0000
N2,20260306,N2##20260306,0.0668,16.6667,16.6667
N2,20260306,N2##20260306,0.1974,0.0000,0.0000
N2,20260306,N2##20260306,0.1760,0.0000,0.0000
N2,20260306,N2##20260306,0.1605,0.0000,0.0000
N2,20260306,N2##20260306,0.2043,0.0000,0.0000
N2,20260306,N2##20260306,0.1635,0.0000,0.0000
N2,20260306,N2##20260306,0.1679,0.0000,0.0000
N2,20260306,N2##20260306,0.1352,0.0000,0.0000
N2,20260307,N2##20260307,0.1373,1.9108,1.9108
N2,20260307,N2##20260307,0.2008,3.9012,7.8023
N2,20260307,N2##20260307,0.1398,0.0000,0.0000
N2,20260307,N2##20260307,0.0831,0.7823,3.1291
N2,20260307,N2##20260307,0.1740,0.0000,1.8634
N2,20260307,N2##20260307,0.1323,0.0000,0.0000
N2,20260307,N2##20260307,0.1061,0.0000,24.4898
N2,20260307,N2##20260307,0.1484,0.0000,7.5472
N2,20260307,N2##20260307,0.1698,0.0000,7.7922
N2,20260307,N2##20260307,0.1556,15.0000,15.0000
N2,20260307,N2##20260307,0.1597,11.3208,5.6604
N2,20260307,N2##20260307,0.0849,0.0000,5.5814
N2,20260307,N2##20260307,0.1743,0.0000,0.0000
N2,20260307,N2##20260307,0.1158,0.0000,42.8571
N2,20260307,N2##20260307,0.0673,0.0000,17.6471
N2,20260307,N2##20260307,0.1413,0.0000,0.0000
N2,20260307,N2##20260307,0.1842,0.0000,5.3097
N2,20260307,N2##20260307,0.1720,0.0000,12.2449
N2,20260307,N2##20260307,0.1303,9.5238,9.5238
N2,20260307,N2##20260307,,0.0000,23.0769
N2,20260307,N2##20260307,0.1196,0.0000,0.0000
N2,20260307,N2##20260307,0.1282,0.0000,0.0000
N2,20260307,N2##20260307,0.0851,0.0000,42.8571
N2,20260307,N2##20260307,0.1480,0.0000,0.0000
N2,20260307,N2##20260307,0.1735,0.0000,0.0000
N2,20260307,N2##20260307,0.2024,10.1695,0.0000
N2,20260307,N2##20260307,0.1740,8.8235,0.0000
N2,20260307,N2##20260307,0.0917,4.8000,14.4000
N2,20260307,N2##20260307,0.1502,0.0000,17.6471
N2,20260307,N2##20260307,0.1890,0.0000,16.2162
N2,20260307,N2##20260307,0.1862,0.0000,25.0000
N2,20260307,N2##20260307,0.1620,0.0000,7.1429
N2,20260307,N2##20260307,0.1692,0.0000,2.9412
N2,20260307,N2##20260307,0.2071,0.0000,0.0000
N2,20260307,N2##20260307,0.1365,0.0000,0.0000
N2,20260307,N2##20260307,0.2145,0.0000,0.0000
N2,20260307,N2##20260307,0.1292,0.0000,0.0000
N2,20260307,N2##20260307,0.1377,0.0000,0.0000
N2,20260307,N2##20260307,0.0897,1.7045,5.9659
N2,20260307,N2##20260307,0.1778,3.0928,0.0000
N2,20260307,N2##20260307,0.1315,0.0000,22.2222
N2,20260307,N2##20260307,0.2016,2.2222,0.0000
N2,20260307,N2##20260307,0.1159,3.3520,2.3943
N2,20260307,N2##20260307,0.1176,0.0000,0.0000
N2,20260307,N2##20260307,0.1148,0.0000,25.5319
N2,20260307,N2##20260307,0.0595,6.6667,4.4444
N2,20260307,N2##20260307,0.0527,5.8394,0.0000
N2,20260307,N2##20260307,0.1689,0.0000,12.0000
N2,20260307,N2##20260307,0.0920,2.5532,7.6596
N2,20260307,N2##20260307,0.1619,0.0000,8.9552
N2,20260307,N2##20260307,0.1187,0.0000,0.0000
N2,20260307,N2##20260307,0.0556,6.6667,0.0000
N2,20260307,N2##20260307,,0.0000,20.0000
N2,20260307,N2##20260307,0.1785,0.0000,22.3881
N2,20260307,N2##20260307,0.0818,0.0000,0.0000
N2,20260307,N2##20260307,0.0394,0.0000,0.0000
N2,20260307,N2##20260307,0.0919,0.0000,12.4567
N2,20260307,N2##20260307,0.0503,14.6640,0.0000
N2,20260307,N2##20260307,0.1772,0.0000,0.0000
N2,20260307,N2##20260307,0.0416,0.0000,0.0000
N2,20260307,N2##20260307,0.0487,9.5238,0.0000
N2,20260307,N2##20260307,0.1945,0.0000,0.0000
N2,20260307,N2##20260307,0.0735,0.0000,0.0000
N2,20260307,N2##20260307,0.0790,0.0000,0.0000
N2,20260307,N2##20260307,0.0512,0.0000,0.0000
N2,20260307,N2##20260307,0.0983,0.0000,0.0000
N2,20260307,N2##20260307,0.1856,0.0000,0.0000
N2,20260307,N2##20260307,0.1555,0.0000,0.0000
T10C6.6,20260126,T10C6.6##20260126,0.1167,2.6345,2.9638
T10C6.6,20260126,T10C6.6##20260126,0.0937,0.0000,0.0000
T10C6.6,20260126,T10C6.6##20260126,0.1128,0.0000,0.0000
T10C6.6,20260126,T10C6.6##20260126,0.1413,0.0000,2.5424
T10C6.6,20260126,T10C6.6##20260126,0.1429,0.0000,0.0000
T10C6.6,20260126,T10C6.6##20260126,0.0882,0.0000,0.0000
T10C6.6,20260126,T10C6.6##20260126,0.0916,0.0000,5.9333
T10C6.6,20260126,T10C6.6##20260126,0.1168,0.0000,0.9023
T10C6.6,20260126,T10C6.6##20260126,0.0852,0.0000,1.4347
T10C6.6,20260126,T10C6.6##20260126,0.1148,0.0000,0.0000
T10C6.6,20260126,T10C6.6##20260126,0.1429,0.0000,0.0000
T10C6.6,20260126,T10C6.6##20260126,0.1127,0.0000,0.0000
T10C6.6,20260126,T10C6.6##20260126,0.0864,1.4269,0.7134
T10C6.6,20260126,T10C6.6##20260126,0.1174,0.0000,0.0000
T10C6.6,20260126,T10C6.6##20260126,0.0941,0.3322,0.3322
T10C6.6,20260126,T10C6.6##20260126,0.1286,1.3889,1.3889
T10C6.6,20260126,T10C6.6##20260126,0.1394,0.0000,0.0000
T10C6.6,20260126,T10C6.6##20260126,0.1364,5.9603,13.9073
T10C6.6,20260126,T10C6.6##20260126,0.0891,0.0000,2.8731
T10C6.6,20260126,T10C6.6##20260126,0.1371,0.0000,0.0000
T10C6.6,20260126,T10C6.6##20260126,0.1142,0.0000,0.9231
T10C6.6,20260126,T10C6.6##20260126,0.0978,0.0000,0.0000
T10C6.6,20260126,T10C6.6##20260126,0.1337,19.3548,19.3548
T10C6.6,20260126,T10C6.6##20260126,0.0686,3.6238,5.1769
T10C6.6,20260126,T10C6.6##20260126,0.0913,0.0000,19.7802
T10C6.6,20260126,T10C6.6##20260126,0.1187,0.0000,0.0000
T10C6.6,20260126,T10C6.6##20260126,0.1215,0.0000,0.6356
T10C6.6,20260126,T10C6.6##20260126,0.1284,0.0000,0.8929
T10C6.6,20260126,T10C6.6##20260126,0.1142,0.0000,0.0000
T10C6.6,20260126,T10C6.6##20260126,0.0727,0.0000,10.5263
T10C6.6,20260126,T10C6.6##20260126,0.1035,0.0000,1.5625
T10C6.6,20260126,T10C6.6##20260126,0.0820,4.8193,2.4096
T10C6.6,20260126,T10C6.6##20260126,0.1125,0.0000,0.0000
T10C6.6,20260126,T10C6.6##20260126,0.1057,0.0000,0.0000
T10C6.6,20260126,T10C6.6##20260126,0.1460,0.0000,0.0000
T10C6.6,20260126,T10C6.6##20260126,0.1235,0.0000,0.0000
T10C6.6,20260126,T10C6.6##20260126,0.0984,0.0000,0.0000
T10C6.6,20260126,T10C6.6##20260126,0.1007,0.0000,0.0000
T10C6.6,20260128,T10C6.6##20260128,0.0710,2.2514,6.7542
T10C6.6,20260128,T10C6.6##20260128,0.0535,0.0000,0.0000
T10C6.6,20260128,T10C6.6##20260128,0.0654,0.7712,6.9409
T10C6.6,20260128,T10C6.6##20260128,0.0724,3.5928,4.7904
T10C6.6,20260128,T10C6.6##20260128,0.0761,0.5004,6.2552
T10C6.6,20260128,T10C6.6##20260128,0.0840,0.0000,4.9383
T10C6.6,20260128,T10C6.6##20260128,0.0878,0.0000,13.8249
T10C6.6,20260128,T10C6.6##20260128,0.0533,4.1635,4.6261
T10C6.6,20260128,T10C6.6##20260128,0.0673,0.0000,0.0000
T10C6.6,20260128,T10C6.6##20260128,0.0807,0.0000,20.0000
T10C6.6,20260128,T10C6.6##20260128,0.0852,0.0000,10.5978
T10C6.6,20260128,T10C6.6##20260128,0.0727,0.0000,7.5949
T10C6.6,20260128,T10C6.6##20260128,0.0660,0.0000,9.3385
T10C6.6,20260128,T10C6.6##20260128,0.0642,0.5076,3.5533
T10C6.6,20260128,T10C6.6##20260128,0.0729,0.0000,18.4615
T10C6.6,20260128,T10C6.6##20260128,0.0831,0.6818,11.5909
T10C6.6,20260128,T10C6.6##20260128,0.0698,2.1248,13.0146
T10C6.6,20260128,T10C6.6##20260128,0.0750,0.7299,2.9197
T10C6.6,20260128,T10C6.6##20260128,0.0997,5.5556,0.0000
T10C6.6,20260128,T10C6.6##20260128,0.0655,0.0000,46.1538
T10C6.6,20260128,T10C6.6##20260128,0.0862,0.0000,12.1827
T10C6.6,20260128,T10C6.6##20260128,0.0771,0.0000,15.4506
T10C6.6,20260128,T10C6.6##20260128,0.0638,3.7975,0.9494
T10C6.6,20260128,T10C6.6##20260128,0.0630,0.0000,20.0000
T10C6.6,20260128,T10C6.6##20260128,0.0602,0.0000,0.0000
T10C6.6,20260128,T10C6.6##20260128,0.0656,0.0000,0.0000
T10C6.6,20260128,T10C6.6##20260128,0.0630,2.4077,2.4077
T10C6.6,20260128,T10C6.6##20260128,0.1063,0.0000,26.0870
T10C6.6,20260128,T10C6.6##20260128,0.0821,2.8481,7.5949
T10C6.6,20260128,T10C6.6##20260128,0.0462,0.0000,9.0909
T10C6.6,20260128,T10C6.6##20260128,0.0445,0.0000,18.7500
T10C6.6,20260128,T10C6.6##20260128,0.0932,0.0000,0.0000
T10C6.6,20260128,T10C6.6##20260128,0.0933,0.0000,1.7673
T10C6.6,20260128,T10C6.6##20260128,0.0606,2.3810,0.0000
T10C6.6,20260128,T10C6.6##20260128,0.0471,7.3171,0.0000
T10C6.6,20260128,T10C6.6##20260128,0.1011,0.0000,0.0000
T10C6.6,20260128,T10C6.6##20260128,0.0651,0.0000,0.0000
T10C6.6,20260128,T10C6.6##20260128,0.0680,0.0000,46.1538
T10C6.6,20260128,T10C6.6##20260128,0.0655,8.8235,0.0000
T10C6.6,20260128,T10C6.6##20260128,,20.6897,0.0000
T10C6.6,20260128,T10C6.6##20260128,0.0795,0.0000,10.4046
T10C6.6,20260128,T10C6.6##20260128,0.0840,0.0000,0.0000
T10C6.6,20260128,T10C6.6##20260128,0.0909,0.0000,19.6721
T10C6.6,20260128,T10C6.6##20260128,0.0646,4.6012,0.9202
T10C6.6,20260128,T10C6.6##20260128,0.0515,0.0000,0.0000
T10C6.6,20260128,T10C6.6##20260128,0.0855,0.0000,0.0000
T10C6.6,20260128,T10C6.6##20260128,0.0901,0.0000,13.3333
T10C6.6,20260128,T10C6.6##20260128,0.0738,0.0000,0.0000
T10C6.6,20260128,T10C6.6##20260128,0.0842,0.0000,18.4615
T10C6.6,20260128,T10C6.6##20260128,0.0431,0.0000,0.0000
T10C6.6,20260128,T10C6.6##20260128,0.0704,0.0000,0.0000
T10C6.6,20260128,T10C6.6##20260128,0.0582,3.2200,3.2200
T10C6.6,20260128,T10C6.6##20260128,0.0724,0.0000,17.3077
T10C6.6,20260128,T10C6.6##20260128,0.0830,0.0000,0.0000
T10C6.6,20260128,T10C6.6##20260128,0.0806,0.7538,0.0000
T10C6.6,20260128,T10C6.6##20260128,0.0984,0.0000,14.7541
T10C6.6,20260128,T10C6.6##20260128,0.0632,2.7397,5.4795
T10C6.6,20260128,T10C6.6##20260128,0.0995,0.0000,0.0000
T10C6.6,20260128,T10C6.6##20260128,0.0684,0.0000,0.0000
T10C6.6,20260128,T10C6.6##20260128,0.0731,7.6070,0.0000
T10C6.6,20260128,T10C6.6##20260128,0.0613,0.0000,1.7192
T10C6.6,20260128,T10C6.6##20260128,0.0771,0.0000,0.0000
T10C6.6,20260128,T10C6.6##20260128,0.0792,0.0000,23.0769
T10C6.6,20260128,T10C6.6##20260128,0.0886,0.0000,1.9544
T10C6.6,20260128,T10C6.6##20260128,0.0627,0.0000,0.0000
T10C6.6,20260128,T10C6.6##20260128,0.0425,0.0000,18.1818
T10C6.6,20260128,T10C6.6##20260128,0.0811,0.0000,12.1324
T10C6.6,20260128,T10C6.6##20260128,0.0745,0.0000,1.4981
T10C6.6,20260128,T10C6.6##20260128,0.0875,0.0000,26.0870
T10C6.6,20260128,T10C6.6##20260128,0.1024,0.0000,35.2941
T10C6.6,20260128,T10C6.6##20260128,0.0653,0.0000,0.0000
T10C6.6,20260128,T10C6.6##20260128,0.0959,0.0000,21.6867
T10C6.6,20260128,T10C6.6##20260128,0.0830,0.0000,18.7500
T10C6.6,20260128,T10C6.6##20260128,0.0421,0.0000,20.6897
T10C6.6,20260128,T10C6.6##20260128,0.0975,13.6364,13.6364
T10C6.6,20260128,T10C6.6##20260128,0.0917,5.7143,5.7143
T10C6.6,20260128,T10C6.6##20260128,0.0679,0.0000,5.3097
T10C6.6,20260128,T10C6.6##20260128,0.0811,0.0000,35.2941
T10C6.6,20260128,T10C6.6##20260128,0.0804,0.0000,13.0435
T10C6.6,20260128,T10C6.6##20260128,0.0761,0.0000,38.2979
T10C6.6,20260128,T10C6.6##20260128,0.1015,0.0000,24.6575
T10C6.6,20260128,T10C6.6##20260128,0.0819,4.3902,4.3902
T10C6.6,20260128,T10C6.6##20260128,0.0920,0.0000,1.4184
T10C6.6,20260128,T10C6.6##20260128,0.0804,3.0928,12.3711
T10C6.6,20260128,T10C6.6##20260128,0.0713,13.2353,4.4118
T10C6.6,20260128,T10C6.6##20260128,0.0867,0.0000,10.2564
T10C6.6,20260128,T10C6.6##20260128,0.0680,0.0000,1.6484
T10C6.6,20260128,T10C6.6##20260128,0.0985,0.0000,4.9180
T10C6.6,20260128,T10C6.6##20260128,0.0713,0.0000,11.9403
T10C6.6,20260128,T10C6.6##20260128,0.0538,0.0000,5.5300
T10C6.6,20260128,T10C6.6##20260128,0.0832,0.0000,6.5217
T10C6.6,20260128,T10C6.6##20260128,0.1145,0.0000,12.1212
T10C6.6,20260128,T10C6.6##20260128,0.0707,8.3333,0.0000
T10C6.6,20260129,T10C6.6##20260129,0.0708,0.0000,2.1505
T10C6.6,20260129,T10C6.6##20260129,0.0761,0.0000,9.4340
T10C6.6,20260129,T10C6.6##20260129,0.0456,6.6105,2.3331
T10C6.6,20260129,T10C6.6##20260129,0.0722,0.0000,0.0000
T10C6.6,20260129,T10C6.6##20260129,0.0768,0.0000,0.0000
T10C6.6,20260129,T10C6.6##20260129,0.0783,0.0000,0.0000
T10C6.6,20260129,T10C6.6##20260129,0.2125,0.0000,0.0000
T10C6.6,20260129,T10C6.6##20260129,0.1012,0.0000,0.0000
T10C6.6,20260129,T10C6.6##20260129,0.0558,4.0878,6.8130
T10C6.6,20260129,T10C6.6##20260129,0.0793,0.9494,2.8481
T10C6.6,20260129,T10C6.6##20260129,0.1386,0.0000,0.0000
T10C6.6,20260129,T10C6.6##20260129,0.1042,0.0000,0.0000
T10C6.6,20260129,T10C6.6##20260129,0.0562,4.5802,2.2901
T10C6.6,20260129,T10C6.6##20260129,0.0556,0.0000,0.0000
T10C6.6,20260129,T10C6.6##20260129,0.1562,0.0000,0.0000
T10C6.6,20260129,T10C6.6##20260129,0.1066,0.0000,3.6145
T10C6.6,20260129,T10C6.6##20260129,0.0924,0.0000,0.0000
T10C6.6,20260129,T10C6.6##20260129,0.0846,0.0000,0.0000
T10C6.6,20260129,T10C6.6##20260129,0.1004,0.0000,0.0000
T10C6.6,20260129,T10C6.6##20260129,0.1144,0.0000,4.4776
T10C6.6,20260129,T10C6.6##20260129,0.1120,0.0000,0.0000
T10C6.6,20260129,T10C6.6##20260129,0.0487,9.0909,0.0000
T10C6.6,20260129,T10C6.6##20260129,0.0777,0.4258,0.4258
T10C6.6,20260129,T10C6.6##20260129,0.0851,0.4644,3.7152
T10C6.6,20260129,T10C6.6##20260129,0.0688,0.0000,0.0000
T10C6.6,20260129,T10C6.6##20260129,0.1210,0.0000,0.0000
T10C6.6,20260129,T10C6.6##20260129,0.0744,1.9108,3.8217
T10C6.6,20260129,T10C6.6##20260129,0.1273,0.0000,0.0000
T10C6.6,20260129,T10C6.6##20260129,0.1337,0.0000,0.0000
T10C6.6,20260129,T10C6.6##20260129,0.1108,0.0000,0.0000
T10C6.6,20260129,T10C6.6##20260129,0.0773,0.0000,0.0000
T10C6.6,20260129,T10C6.6##20260129,0.1252,0.0000,0.0000
T10C6.6,20260129,T10C6.6##20260129,0.0844,3.9604,3.9604
T10C6.6,20260129,T10C6.6##20260129,0.0999,2.2901,0.0000
T10C6.6,20260129,T10C6.6##20260129,0.0784,4.1958,4.1958
T10C6.6,20260129,T10C6.6##20260129,0.0525,9.9896,0.6243
T10C6.6,20260129,T10C6.6##20260129,0.1861,0.0000,0.0000
T10C6.6,20260129,T10C6.6##20260129,0.0539,0.0000,6.0000
T10C6.6,20260129,T10C6.6##20260129,0.0823,0.0000,0.0000
T10C6.6,20260129,T10C6.6##20260129,0.1584,0.0000,3.7037
T10C6.6,20260129,T10C6.6##20260129,0.1283,0.0000,0.0000
T10C6.6,20260129,T10C6.6##20260129,0.0896,0.0000,0.0000
T10C6.6,20260129,T10C6.6##20260129,0.1010,0.0000,5.5046
T10C6.6,20260129,T10C6.6##20260129,0.0609,6.2593,1.7884
T10C6.6,20260129,T10C6.6##20260129,0.1521,0.0000,0.0000
T10C6.6,20260129,T10C6.6##20260129,0.0930,0.0000,2.0408
T10C6.6,20260129,T10C6.6##20260129,0.0601,12.2449,0.0000
T10C6.6,20260129,T10C6.6##20260129,0.1072,0.0000,14.6341
T10C6.6,20260129,T10C6.6##20260129,0.0644,0.0000,18.4615
T10C6.6,20260129,T10C6.6##20260129,0.1052,0.0000,0.0000
T10C6.6,20260129,T10C6.6##20260129,0.0684,0.0000,0.0000
T10C6.6,20260129,T10C6.6##20260129,0.1357,0.0000,0.0000
T10C6.6,20260129,T10C6.6##20260129,0.0781,0.0000,0.0000
T10C6.6,20260129,T10C6.6##20260129,0.1158,0.0000,0.0000
T10C6.6,20260129,T10C6.6##20260129,0.0807,0.0000,2.7778
T10C6.6,20260129,T10C6.6##20260129,0.0489,5.5556,0.0000
T10C6.6,20260129,T10C6.6##20260129,0.0988,0.0000,0.0000
T10C6.6,20260129,T10C6.6##20260129,0.0821,0.0000,15.5844
TO5A1.5,20260123,TO5A1.5##20260123,0.1359,0.0000,0.0000
TO5A1.5,20260123,TO5A1.5##20260123,0.1377,0.0000,0.0000
TO5A1.5,20260123,TO5A1.5##20260123,0.1423,1.1605,0.0000
TO5A1.5,20260123,TO5A1.5##20260123,0.1432,2.4896,4.9793
TO5A1.5,20260123,TO5A1.5##20260123,0.1495,0.0000,0.0000
TO5A1.5,20260123,TO5A1.5##20260123,0.1206,0.8962,1.3443
TO5A1.5,20260123,TO5A1.5##20260123,0.1449,0.0000,0.0000
TO5A1.5,20260123,TO5A1.5##20260123,0.1194,0.0000,0.0000
TO5A1.5,20260123,TO5A1.5##20260123,0.0953,0.0000,5.8366
TO5A1.5,20260123,TO5A1.5##20260123,0.1072,0.0000,0.0000
TO5A1.5,20260123,TO5A1.5##20260123,0.1669,0.0000,0.0000
TO5A1.5,20260123,TO5A1.5##20260123,0.1844,0.0000,0.0000
TO5A1.5,20260123,TO5A1.5##20260123,0.1140,0.0000,0.0000
TO5A1.5,20260123,TO5A1.5##20260123,0.1177,0.0000,0.9202
TO5A1.5,20260123,TO5A1.5##20260123,0.1158,0.0000,0.0000
TO5A1.5,20260123,TO5A1.5##20260123,0.1162,0.0000,0.0000
TO5A1.5,20260123,TO5A1.5##20260123,0.1376,0.0000,1.7341
TO5A1.5,20260123,TO5A1.5##20260123,0.0782,2.7088,13.5440
TO5A1.5,20260123,TO5A1.5##20260123,0.0854,0.0000,8.2305
TO5A1.5,20260123,TO5A1.5##20260123,0.1392,0.0000,0.0000
TO5A1.5,20260123,TO5A1.5##20260123,0.1296,0.0000,0.0000
TO5A1.5,20260123,TO5A1.5##20260123,0.1038,0.0000,0.0000
TO5A1.5,20260123,TO5A1.5##20260123,0.1010,0.0000,0.0000
TO5A1.5,20260123,TO5A1.5##20260123,0.1542,0.0000,0.0000
TO5A1.5,20260123,TO5A1.5##20260123,0.1044,0.0000,1.3986
TO5A1.5,20260123,TO5A1.5##20260123,0.1581,0.0000,0.0000
TO5A1.5,20260123,TO5A1.5##20260123,0.1160,0.9494,0.0000
TO5A1.5,20260123,TO5A1.5##20260123,0.1352,0.0000,0.0000
TO5A1.5,20260123,TO5A1.5##20260123,0.1111,0.0000,1.6997
TO5A1.5,20260123,TO5A1.5##20260123,0.1343,0.0000,0.0000
TO5A1.5,20260123,TO5A1.5##20260123,0.0857,0.0000,7.0588
TO5A1.5,20260123,TO5A1.5##20260123,0.1585,0.0000,0.0000
TO5A1.5,20260123,TO5A1.5##20260123,0.1567,0.0000,1.2552
TO5A1.5,20260123,TO5A1.5##20260123,0.1232,0.0000,1.4168
TO5A1.5,20260123,TO5A1.5##20260123,0.0580,0.0000,0.0000
TO5A1.5,20260123,TO5A1.5##20260123,0.1373,0.0000,0.0000
TO5A1.5,20260123,TO5A1.5##20260123,0.0870,1.0830,1.0830
TO5A1.5,20260123,TO5A1.5##20260123,0.1148,0.0000,0.0000
TO5A1.5,20260123,TO5A1.5##20260123,0.1540,0.0000,0.0000
TO5A1.5,20260123,TO5A1.5##20260123,0.1419,0.0000,0.0000
TO5A1.5,20260123,TO5A1.5##20260123,0.1023,0.0000,5.9553
TO5A1.5,20260123,TO5A1.5##20260123,0.1535,0.0000,0.0000
TO5A1.5,20260123,TO5A1.5##20260123,0.1175,0.0000,0.0000
TO5A1.5,20260123,TO5A1.5##20260123,0.1480,0.0000,0.0000
TO5A1.5,20260123,TO5A1.5##20260123,0.1412,0.0000,0.0000
TO5A1.5,20260123,TO5A1.5##20260123,0.1015,0.0000,0.0000
TO5A1.5,20260123,TO5A1.5##20260123,0.1409,0.0000,4.2105
TO5A1.5,20260123,TO5A1.5##20260123,0.1042,0.0000,0.0000
TO5A1.5,20260123,TO5A1.5##20260123,0.1226,0.0000,2.8754
TO5A1.5,20260123,TO5A1.5##20260123,0.1358,0.0000,0.0000
TO5A1.5,20260123,TO5A1.5##20260123,0.1366,1.2474,1.8711
TO5A1.5,20260123,TO5A1.5##20260123,0.1251,0.0000,0.0000
TO5A1.5,20260123,TO5A1.5##20260123,0.1358,0.0000,0.0000
TO5A1.5,20260123,TO5A1.5##20260123,0.1324,0.0000,0.0000
TO5A1.5,20260123,TO5A1.5##20260123,0.1124,0.0000,3.7975
TO5A1.5,20260123,TO5A1.5##20260123,0.1368,0.0000,0.0000
TO5A1.5,20260123,TO5A1.5##20260123,0.1131,0.0000,0.0000
TO5A1.5,20260123,TO5A1.5##20260123,0.1589,0.0000,0.0000
TO5A1.5,20260123,TO5A1.5##20260123,0.1489,0.0000,0.0000
TO5A1.5,20260123,TO5A1.5##20260123,0.1276,0.0000,0.0000
TO5A1.5,20260123,TO5A1.5##20260123,0.1264,0.0000,0.0000
TO5A1.5,20260123,TO5A1.5##20260123,0.1147,0.0000,1.8018
TO5A1.5,20260123,TO5A1.5##20260123,0.0920,0.0000,9.7990
TO5A1.5,20260123,TO5A1.5##20260123,0.0783,0.7864,3.1455
TO5A1.5,20260123,TO5A1.5##20260123,0.1520,0.0000,0.0000
TO5A1.5,20260123,TO5A1.5##20260123,0.1358,0.0000,0.0000
TO5A1.5,20260123,TO5A1.5##20260123,0.0774,1.1050,3.3149
TO5A1.5,20260123,TO5A1.5##20260123,0.1624,0.0000,0.0000
TO5A1.5,20260123,TO5A1.5##20260123,0.1542,0.0000,0.0000
TO5A1.5,20260123,TO5A1.5##20260123,0.1607,0.0000,2.5532
TO5A1.5,20260123,TO5A1.5##20260123,0.1305,0.0000,0.0000
TO5A1.5,20260123,TO5A1.5##20260123,0.1541,0.0000,0.0000
TO5A1.5,20260123,TO5A1.5##20260123,0.1195,0.0000,0.0000
TO5A1.5,20260123,TO5A1.5##20260123,0.0986,0.0000,7.6271
TO5A1.5,20260123,TO5A1.5##20260123,0.1845,0.0000,0.0000
TO5A1.5,20260123,TO5A1.5##20260123,0.1548,0.0000,0.0000
TO5A1.5,20260123,TO5A1.5##20260123,0.1230,0.0000,0.0000
TO5A1.5,20260123,TO5A1.5##20260123,0.1488,0.0000,0.0000
TO5A1.5,20260123,TO5A1.5##20260123,0.0933,0.0000,0.0000
TO5A1.5,20260124,TO5A1.5##20260124,0.1305,0.0000,0.0000
TO5A1.5,20260124,TO5A1.5##20260124,0.1241,0.0000,0.0000
TO5A1.5,20260124,TO5A1.5##20260124,0.0882,0.0000,0.0000
TO5A1.5,20260124,TO5A1.5##20260124,0.1296,8.6957,0.0000
TO5A1.5,20260124,TO5A1.5##20260124,0.0680,1.7751,17.7515
TO5A1.5,20260124,TO5A1.5##20260124,0.1253,2.5063,2.0050
TO5A1.5,20260124,TO5A1.5##20260124,0.1271,0.7737,1.1605
TO5A1.5,20260124,TO5A1.5##20260124,0.1398,0.0000,0.0000
TO5A1.5,20260124,TO5A1.5##20260124,0.1818,0.0000,0.0000
TO5A1.5,20260124,TO5A1.5##20260124,0.1001,1.3575,0.6787
TO5A1.5,20260124,TO5A1.5##20260124,0.1389,4.4510,3.5608
TO5A1.5,20260124,TO5A1.5##20260124,0.1312,0.0000,0.0000
TO5A1.5,20260124,TO5A1.5##20260124,0.1179,0.0000,2.0408
TO5A1.5,20260124,TO5A1.5##20260124,0.0772,4.4444,4.4444
TO5A1.5,20260124,TO5A1.5##20260124,0.0748,3.2086,4.8128
TO5A1.5,20260124,TO5A1.5##20260124,0.1299,0.0000,0.0000
TO5A1.5,20260124,TO5A1.5##20260124,0.1713,0.0000,0.0000
TO5A1.5,20260124,TO5A1.5##20260124,0.0696,1.6901,5.0704
TO5A1.5,20260124,TO5A1.5##20260124,0.1691,0.0000,0.0000
TO5A1.5,20260124,TO5A1.5##20260124,0.0598,1.4706,11.7647
TO5A1.5,20260124,TO5A1.5##20260124,0.1130,0.0000,0.4691
TO5A1.5,20260124,TO5A1.5##20260124,,0.0000,14.2857
TO5A1.5,20260124,TO5A1.5##20260124,0.1119,0.0000,0.0000
TO5A1.5,20260124,TO5A1.5##20260124,0.1718,0.0000,0.0000
TO5A1.5,20260124,TO5A1.5##20260124,0.1457,0.0000,6.4865
TO5A1.5,20260124,TO5A1.5##20260124,0.1492,0.0000,0.0000
TO5A1.5,20260124,TO5A1.5##20260124,0.0719,2.2018,2.2018
TO5A1.5,20260124,TO5A1.5##20260124,0.1216,3.2407,1.8519
TO5A1.5,20260124,TO5A1.5##20260124,0.1382,0.0000,1.6129
TO5A1.5,20260124,TO5A1.5##20260124,0.1090,1.1385,2.2770
TO5A1.5,20260124,TO5A1.5##20260124,0.1394,0.0000,0.0000
TO5A1.5,20260124,TO5A1.5##20260124,0.1087,0.0000,0.9202
TO5A1.5,20260124,TO5A1.5##20260124,0.0635,1.1166,10.4218
TO5A1.5,20260124,TO5A1.5##20260124,0.0939,3.3962,2.2642
TO5A1.5,20260124,TO5A1.5##20260124,0.0792,6.5934,1.8838
TO5A1.5,20260124,TO5A1.5##20260124,,0.0000,15.7895
TO5A1.5,20260124,TO5A1.5##20260124,0.0889,2.8818,1.7291
TO5A1.5,20260124,TO5A1.5##20260124,0.1143,0.0000,0.0000
TO5A1.5,20260124,TO5A1.5##20260124,0.1000,1.0187,4.5840
TO5A1.5,20260124,TO5A1.5##20260124,0.1362,0.0000,0.9901
TO5A1.5,20260124,TO5A1.5##20260124,0.0929,5.9289,3.5573
TO5A1.5,20260124,TO5A1.5##20260124,0.0867,0.0000,2.3904
TO5A1.5,20260124,TO5A1.5##20260124,0.1562,0.0000,0.0000
TO5A1.5,20260124,TO5A1.5##20260124,0.0702,0.0000,0.0000
TO5A1.5,20260124,TO5A1.5##20260124,0.1165,0.0000,0.7026
TO5A1.5,20260124,TO5A1.5##20260124,0.0553,0.0000,0.0000
TO5A1.5,20260124,TO5A1.5##20260124,0.1137,3.9823,1.3274
TO5A1.5,20260124,TO5A1.5##20260124,0.1091,0.0000,0.0000
TO5A1.5,20260124,TO5A1.5##20260124,0.1586,0.0000,0.0000
TO5A1.5,20260124,TO5A1.5##20260124,0.1189,0.0000,2.3256
TO5A1.5,20260124,TO5A1.5##20260124,,0.0000,20.6897
TO5A1.5,20260124,TO5A1.5##20260124,0.1077,4.4118,2.2059
TO5A1.5,20260124,TO5A1.5##20260124,0.1225,0.0000,3.1169
TO5A1.5,20260124,TO5A1.5##20260124,0.1595,0.0000,0.0000
TO5A1.5,20260124,TO5A1.5##20260124,0.0838,0.0000,3.2609
TO5A1.5,20260124,TO5A1.5##20260124,0.1305,0.0000,0.0000
TO5A1.5,20260124,TO5A1.5##20260124,0.1044,0.0000,0.0000
TO5A1.5,20260124,TO5A1.5##20260124,0.0703,0.0000,0.0000
TO5A1.5,20260124,TO5A1.5##20260124,0.1223,0.0000,0.0000
TO5A1.5,20260124,TO5A1.5##20260124,0.0852,3.4884,0.0000
TO5A1.5,20260124,TO5A1.5##20260124,0.0870,0.0000,0.0000
TO5A1.5,20260124,TO5A1.5##20260124,0.0728,7.1429,0.0000
TO5A1.5,20260124,TO5A1.5##20260124,0.1062,7.1429,0.0000
TO5A1.5,20260124,TO5A1.5##20260124,0.0354,0.0000,19.3548
TO5A1.5,20260124,TO5A1.5##20260124,0.1087,9.6774,9.6774
TO5A1.5,20260127,TO5A1.5##20260127,0.1472,0.0000,0.9740
TO5A1.5,20260127,TO5A1.5##20260127,0.1101,0.0000,0.0000
TO5A1.5,20260127,TO5A1.5##20260127,0.1320,0.0000,0.0000
TO5A1.5,20260127,TO5A1.5##20260127,0.0898,0.0000,0.0000
TO5A1.5,20260127,TO5A1.5##20260127,0.1087,2.7810,0.6952
TO5A1.5,20260127,TO5A1.5##20260127,0.0905,0.0000,0.0000
TO5A1.5,20260127,TO5A1.5##20260127,0.1512,0.0000,0.0000
TO5A1.5,20260127,TO5A1.5##20260127,0.1473,0.0000,0.0000
TO5A1.5,20260127,TO5A1.5##20260127,0.1356,0.0000,0.0000
TO5A1.5,20260127,TO5A1.5##20260127,0.1293,0.0000,1.1257
TO5A1.5,20260127,TO5A1.5##20260127,0.1537,0.0000,1.6901
TO5A1.5,20260127,TO5A1.5##20260127,0.1458,3.5714,3.5714
TO5A1.5,20260127,TO5A1.5##20260127,0.0981,0.0000,0.0000
TO5A1.5,20260127,TO5A1.5##20260127,0.1156,0.0000,0.0000
TO5A1.5,20260127,TO5A1.5##20260127,0.1392,0.0000,0.6410
TO5A1.5,20260127,TO5A1.5##20260127,0.1333,0.0000,0.0000
TO5A1.5,20260127,TO5A1.5##20260127,0.0833,0.0000,0.0000
TO5A1.5,20260127,TO5A1.5##20260127,0.1099,7.0258,5.6206
TO5A1.5,20260127,TO5A1.5##20260127,0.1094,0.0000,0.0000
TO5A1.5,20260127,TO5A1.5##20260127,0.1344,0.0000,0.0000
TO5A1.5,20260127,TO5A1.5##20260127,0.1364,0.0000,17.6471
TO5A1.5,20260127,TO5A1.5##20260127,0.0980,0.0000,14.6341
TO5A1.5,20260127,TO5A1.5##20260127,0.0995,0.0000,0.0000
TO5A1.5,20260127,TO5A1.5##20260127,0.1719,2.7907,1.3953
TO5A1.5,20260127,TO5A1.5##20260127,0.1518,0.0000,0.0000
TO5A1.5,20260127,TO5A1.5##20260127,0.0646,0.0000,14.8148
TO5A1.5,20260127,TO5A1.5##20260127,0.0614,0.0000,0.0000
TO5A1.5,20260127,TO5A1.5##20260127,0.1509,0.0000,0.0000
TO5A1.5,20260127,TO5A1.5##20260127,0.1066,5.1282,0.0000
TO5A1.5,20260127,TO5A1.5##20260127,0.1076,0.0000,0.0000
TO5A1.5,20260127,TO5A1.5##20260127,0.1573,0.0000,0.0000
TO5A1.5,20260127,TO5A1.5##20260127,0.1279,0.0000,4.8193
TO5A1.5,20260127,TO5A1.5##20260127,0.0870,0.0000,0.0000
TO5A1.5,20260127,TO5A1.5##20260127,0.1397,1.2848,0.0000
TO5A1.5,20260127,TO5A1.5##20260127,0.1306,1.9672,3.9344
TO5A1.5,20260127,TO5A1.5##20260127,0.1538,0.0000,0.0000
TO5A1.5,20260127,TO5A1.5##20260127,0.1174,0.5587,0.0000
TO5A1.5,20260127,TO5A1.5##20260127,0.0885,0.0000,0.0000
TO5A1.5,20260127,TO5A1.5##20260127,0.1044,0.0000,0.0000
TO5A1.5,20260127,TO5A1.5##20260127,0.0977,0.0000,0.0000
TO5A1.5,20260127,TO5A1.5##20260127,0.1329,0.0000,0.0000
TO5A1.5,20260127,TO5A1.5##20260127,0.1210,4.8077,0.9615
TO5A1.5,20260127,TO5A1.5##20260127,0.1165,0.0000,0.0000
TO5A1.5,20260127,TO5A1.5##20260127,0.1305,0.0000,0.0000
TO5A1.5,20260127,TO5A1.5##20260127,0.0617,8.5714,0.0000
TO5A1.5,20260127,TO5A1.5##20260127,0.2705,7.3171,7.3171
TO5A1.5,20260127,TO5A1.5##20260127,0.1108,1.3129,5.2516
TO5A1.5,20260127,TO5A1.5##20260127,0.0904,0.0000,0.0000
TO5A1.5,20260127,TO5A1.5##20260127,0.0715,5.2863,0.0000
TO5A1.5,20260127,TO5A1.5##20260127,0.1190,0.0000,0.0000
TO5A1.5,20260127,TO5A1.5##20260127,0.1284,0.0000,0.0000
TO5A1.5,20260127,TO5A1.5##20260127,0.1293,7.1429,3.5714
TO5A1.5,20260127,TO5A1.5##20260127,0.1692,0.0000,0.0000
TO5A1.5,20260127,TO5A1.5##20260127,0.2117,0.0000,0.0000
TO5A1.5,20260127,TO5A1.5##20260127,0.1791,0.0000,0.0000
TO5A1.5,20260127,TO5A1.5##20260127,0.1050,0.0000,0.0000
TO5A1.5,20260127,TO5A1.5##20260127,0.1649,16.2162,0.0000
TO5A1.5,20260127,TO5A1.5##20260127,0.2102,0.0000,0.0000
TO5A1.5,20260127,TO5A1.5##20260127,0.1030,0.0000,0.0000
TO5A1.5,20260127,TO5A1.5##20260127,0.1361,0.0000,0.0000
TO5A1.5,20260127,TO5A1.5##20260127,0.1265,0.0000,1.4286
TO5A1.5,20260127,TO5A1.5##20260127,0.2138,0.0000,0.0000
TO5A1.5,20260127,TO5A1.5##20260127,0.0938,3.9474,3.9474
TO5A1.5,20260127,TO5A1.5##20260127,0.1366,0.0000,0.0000
TO5A1.5,20260127,TO5A1.5##20260127,0.1359,0.0000,0.0000
TO5A1.5,20260127,TO5A1.5##20260127,0.1304,0.0000,0.0000
TO5A1.5,20260127,TO5A1.5##20260127,0.1912,0.0000,0.0000
TO5A1.5,20260127,TO5A1.5##20260127,0.1236,0.0000,0.0000
TO5A1.5,20260127,TO5A1.5##20260127,0.1699,0.0000,0.0000
TO5A1.5,20260127,TO5A1.5##20260127,0.1094,0.0000,0.0000
TO5A1.5,20260127,TO5A1.5##20260127,0.1351,0.0000,0.0000
TO5A1.5,20260127,TO5A1.5##20260127,0.1916,2.7586,0.0000
TO5A1.5,20260127,TO5A1.5##20260127,0.0821,0.0000,0.0000
TO5A1.5,20260127,TO5A1.5##20260127,0.1537,0.0000,0.0000
TO5A1.5,20260127,TO5A1.5##20260127,0.2040,0.0000,0.0000
TO5A1.5,20260127,TO5A1.5##20260127,0.1446,0.0000,0.0000
bas-1,20260206,bas-1##20260206,0.0632,0.0000,0.0000
bas-1,20260206,bas-1##20260206,0.1068,0.0000,0.0000
bas-1,20260206,bas-1##20260206,0.1157,0.0000,0.0000
bas-1,20260206,bas-1##20260206,0.1626,3.5714,3.5714
bas-1,20260206,bas-1##20260206,0.1242,0.0000,0.0000
bas-1,20260206,bas-1##20260206,0.1402,0.0000,0.0000
bas-1,20260206,bas-1##20260206,0.1682,0.0000,0.0000
bas-1,20260206,bas-1##20260206,0.1532,0.0000,0.0000
bas-1,20260206,bas-1##20260206,0.1580,0.0000,0.0000
bas-1,20260206,bas-1##20260206,0.1911,0.0000,0.0000
bas-1,20260206,bas-1##20260206,0.1469,0.0000,0.0000
bas-1,20260206,bas-1##20260206,0.1630,0.0000,0.0000
bas-1,20260206,bas-1##20260206,0.1226,0.0000,2.1858
bas-1,20260206,bas-1##20260206,0.1735,0.0000,0.0000
bas-1,20260206,bas-1##20260206,0.1422,0.0000,0.0000
bas-1,20260206,bas-1##20260206,0.1817,0.0000,0.0000
bas-1,20260206,bas-1##20260206,0.1414,0.0000,0.0000
bas-1,20260206,bas-1##20260206,0.1727,0.0000,0.0000
bas-1,20260206,bas-1##20260206,,37.5000,0.0000
bas-1,20260206,bas-1##20260206,0.1178,0.0000,0.3202
bas-1,20260206,bas-1##20260206,0.1650,0.0000,0.0000
bas-1,20260206,bas-1##20260206,0.1318,1.8072,0.9036
bas-1,20260206,bas-1##20260206,0.1589,0.0000,0.0000
bas-1,20260206,bas-1##20260206,0.1207,0.0000,0.0000
bas-1,20260206,bas-1##20260206,0.0996,0.0000,0.0000
bas-1,20260206,bas-1##20260206,0.1298,0.0000,0.0000
bas-1,20260206,bas-1##20260206,0.1417,0.0000,0.0000
bas-1,20260206,bas-1##20260206,0.1434,0.3831,0.0000
bas-1,20260206,bas-1##20260206,0.1398,0.0000,0.0000
bas-1,20260206,bas-1##20260206,0.1628,0.0000,0.0000
bas-1,20260206,bas-1##20260206,0.1876,0.0000,0.0000
bas-1,20260206,bas-1##20260206,0.0944,4.1451,1.0363
bas-1,20260206,bas-1##20260206,0.1193,0.9317,0.0000
bas-1,20260206,bas-1##20260206,0.1655,1.9481,1.9481
bas-1,20260206,bas-1##20260206,0.1469,0.4498,0.8996
bas-1,20260206,bas-1##20260206,0.1309,0.0000,0.0000
bas-1,20260206,bas-1##20260206,0.1775,0.0000,0.0000
bas-1,20260206,bas-1##20260206,0.1238,1.9154,0.9577
bas-1,20260206,bas-1##20260206,0.1092,0.0000,0.0000
bas-1,20260206,bas-1##20260206,0.1403,0.0000,0.0000
bas-1,20260206,bas-1##20260206,0.1153,0.0000,0.0000
bas-1,20260206,bas-1##20260206,0.1511,0.0000,0.0000
bas-1,20260206,bas-1##20260206,0.1225,0.0000,0.0000
bas-1,20260206,bas-1##20260206,0.1345,0.0000,0.0000
bas-1,20260206,bas-1##20260206,0.1341,0.0000,0.0000
bas-1,20260206,bas-1##20260206,0.1572,0.0000,0.0000
bas-1,20260206,bas-1##20260206,0.1890,0.0000,0.0000
bas-1,20260206,bas-1##20260206,0.1386,0.0000,0.9868
bas-1,20260206,bas-1##20260206,0.1078,2.0067,0.0000
bas-1,20260206,bas-1##20260206,0.0925,0.0000,0.0000
bas-1,20260206,bas-1##20260206,0.1722,0.0000,0.0000
bas-1,20260206,bas-1##20260206,0.1309,0.0000,0.0000
bas-1,20260206,bas-1##20260206,0.1765,0.0000,0.0000
bas-1,20260206,bas-1##20260206,0.1342,0.0000,0.0000
bas-1,20260206,bas-1##20260206,0.1893,0.0000,0.0000
bas-1,20260206,bas-1##20260206,0.1386,2.4540,2.4540
bas-1,20260206,bas-1##20260206,0.1629,0.0000,0.0000
bas-1,20260206,bas-1##20260206,0.1661,1.4371,0.0000
bas-1,20260206,bas-1##20260206,0.1625,0.0000,0.0000
bas-1,20260206,bas-1##20260206,0.1254,0.0000,0.0000
bas-1,20260206,bas-1##20260206,0.1444,0.0000,0.0000
bas-1,20260206,bas-1##20260206,0.0403,0.0000,1.7647
bas-1,20260206,bas-1##20260206,0.1055,0.0000,1.1628
bas-1,20260206,bas-1##20260206,0.1671,0.0000,0.0000
bas-1,20260206,bas-1##20260206,0.1547,0.0000,0.0000
bas-1,20260206,bas-1##20260206,0.1328,0.0000,0.0000
bas-1,20260206,bas-1##20260206,0.0870,0.0000,0.0000
bas-1,20260206,bas-1##20260206,0.1534,0.0000,0.0000
bas-1,20260206,bas-1##20260206,0.1195,0.0000,0.0000
bas-1,20260206,bas-1##20260206,0.1464,0.0000,0.0000
bas-1,20260206,bas-1##20260206,0.1364,0.0000,0.0000
bas-1,20260206,bas-1##20260206,0.1181,0.0000,0.0000
bas-1,20260206,bas-1##20260206,0.1436,0.0000,6.2500
bas-1,20260206,bas-1##20260206,0.1565,0.0000,0.0000
bas-1,20260206,bas-1##20260206,0.1382,0.0000,0.0000
bas-1,20260206,bas-1##20260206,0.1198,0.0000,0.0000
bas-1,20260206,bas-1##20260206,0.1189,4.1667,0.0000
bas-1,20260206,bas-1##20260206,0.1234,0.0000,0.0000
bas-1,20260206,bas-1##20260206,0.1570,0.0000,0.0000
bas-1,20260206,bas-1##20260206,0.1082,0.0000,0.0000
bas-1,20260206,bas-1##20260206,0.0971,0.0000,0.0000
bas-1,20260209,bas-1##20260209,0.1190,0.0000,0.0000
bas-1,20260209,bas-1##20260209,0.1074,0.0000,0.0000
bas-1,20260209,bas-1##20260209,0.1296,0.0000,0.0000
bas-1,20260209,bas-1##20260209,0.1599,0.5199,0.5199
bas-1,20260209,bas-1##20260209,0.1183,0.0000,0.0000
bas-1,20260209,bas-1##20260209,0.1150,0.0000,0.0000
bas-1,20260209,bas-1##20260209,0.1153,0.0000,0.0000
bas-1,20260209,bas-1##20260209,0.0885,0.5038,0.0000
bas-1,20260209,bas-1##20260209,0.1252,0.0000,0.0000
bas-1,20260209,bas-1##20260209,0.1228,0.0000,0.0000
bas-1,20260209,bas-1##20260209,0.1022,8.0000,0.0000
bas-1,20260209,bas-1##20260209,,0.0000,19.3548
bas-1,20260209,bas-1##20260209,0.1524,0.0000,0.0000
bas-1,20260209,bas-1##20260209,0.1273,0.0000,13.4831
bas-1,20260209,bas-1##20260209,0.1527,2.4490,0.0000
bas-1,20260209,bas-1##20260209,0.1259,0.0000,0.0000
bas-1,20260209,bas-1##20260209,0.1193,0.0000,0.0000
bas-1,20260209,bas-1##20260209,0.1321,0.0000,0.0000
bas-1,20260209,bas-1##20260209,0.1092,0.0000,0.0000
bas-1,20260209,bas-1##20260209,0.1117,0.0000,0.0000
bas-1,20260209,bas-1##20260209,0.0501,0.0000,0.0000
bas-1,20260209,bas-1##20260209,0.1361,0.0000,0.0000
bas-1,20260209,bas-1##20260209,0.1289,0.0000,0.0000
bas-1,20260209,bas-1##20260209,0.1394,0.0000,0.0000
bas-1,20260209,bas-1##20260209,0.1796,0.0000,0.0000
bas-1,20260209,bas-1##20260209,0.1496,0.0000,0.0000
bas-1,20260209,bas-1##20260209,0.1130,0.0000,0.0000
bas-1,20260209,bas-1##20260209,0.1248,7.6923,15.3846
bas-1,20260209,bas-1##20260209,0.1127,0.0000,0.0000
bas-1,20260209,bas-1##20260209,0.0991,0.0000,0.0000
bas-1,20260209,bas-1##20260209,0.1571,0.0000,0.0000
bas-1,20260209,bas-1##20260209,0.1509,0.0000,1.0638
bas-1,20260209,bas-1##20260209,0.1299,0.0000,0.0000
bas-1,20260209,bas-1##20260209,0.1287,0.0000,2.6201
bas-1,20260209,bas-1##20260209,0.1438,0.0000,0.0000
bas-1,20260209,bas-1##20260209,0.1072,0.0000,0.0000
bas-1,20260209,bas-1##20260209,0.1468,0.0000,0.0000
bas-1,20260209,bas-1##20260209,0.1431,0.0000,0.0000
bas-1,20260209,bas-1##20260209,0.1104,0.0000,0.0000
bas-1,20260209,bas-1##20260209,0.1409,0.0000,0.0000
bas-1,20260209,bas-1##20260209,0.0715,0.0000,8.3333
bas-1,20260209,bas-1##20260209,0.1382,0.0000,0.0000
bas-1,20260209,bas-1##20260209,0.1577,0.0000,0.0000
bas-1,20260209,bas-1##20260209,0.1174,0.0000,0.0000
bas-1,20260209,bas-1##20260209,0.1337,0.0000,1.0733
bas-1,20260209,bas-1##20260209,0.1181,0.0000,0.0000
bas-1,20260209,bas-1##20260209,0.1610,0.0000,0.0000
bas-1,20260209,bas-1##20260209,0.1202,0.0000,0.0000
bas-1,20260209,bas-1##20260209,0.0889,5.4945,0.0000
bas-1,20260209,bas-1##20260209,0.1162,2.2727,0.0000
bas-1,20260209,bas-1##20260209,0.1297,2.3256,2.3256
bas-1,20260209,bas-1##20260209,0.1232,0.0000,0.0000
bas-1,20260209,bas-1##20260209,0.1418,0.0000,0.0000
bas-1,20260209,bas-1##20260209,0.1304,0.0000,0.0000
bas-1,20260209,bas-1##20260209,0.1026,0.0000,0.0000
bas-1,20260209,bas-1##20260209,0.1541,0.0000,0.0000
bas-1,20260209,bas-1##20260209,0.1321,0.0000,0.0000
bas-1,20260209,bas-1##20260209,0.1337,0.0000,0.0000
bas-1,20260209,bas-1##20260209,0.1285,0.0000,0.0000
bas-1,20260209,bas-1##20260209,0.1466,0.0000,0.0000
bas-1,20260209,bas-1##20260209,0.1190,0.0000,0.0000
bas-1,20260209,bas-1##20260209,0.1262,0.0000,0.0000
bas-1,20260209,bas-1##20260209,0.1651,0.0000,0.0000
bas-1,20260209,bas-1##20260209,0.0357,0.0000,0.0000
bas-1,20260209,bas-1##20260209,0.1040,0.0000,0.0000
bas-1,20260209,bas-1##20260209,0.1456,0.0000,0.0000
bas-1,20260209,bas-1##20260209,0.1364,0.0000,1.7518
bas-1,20260209,bas-1##20260209,0.1389,0.0000,0.0000
bas-1,20260209,bas-1##20260209,0.1290,0.0000,0.0000
bas-1,20260209,bas-1##20260209,0.1557,0.0000,0.0000
bas-1,20260209,bas-1##20260209,0.1232,0.0000,0.0000
bas-1,20260209,bas-1##20260209,0.1268,1.5707,0.0000
bas-1,20260209,bas-1##20260209,0.1178,0.0000,0.0000
bas-1,20260209,bas-1##20260209,0.1427,0.0000,0.0000
bas-1,20260209,bas-1##20260209,0.1708,0.0000,0.0000
bas-1,20260209,bas-1##20260209,0.1442,0.9852,0.0000
bas-1,20260209,bas-1##20260209,0.1408,0.0000,0.0000
bas-1,20260209,bas-1##20260209,0.1182,0.0000,0.0000
bas-1,20260209,bas-1##20260209,0.1224,0.0000,0.0000
bas-1,20260209,bas-1##20260209,0.1382,0.0000,0.0000
bas-1,20260209,bas-1##20260209,0.1346,0.0000,0.0000
bas-1,20260209,bas-1##20260209,0.0779,1.7510,0.0000
bas-1,20260209,bas-1##20260209,0.1240,0.0000,0.0000
bas-1,20260209,bas-1##20260209,0.0953,3.7037,0.0000
bas-1,20260209,bas-1##20260209,0.1502,0.0000,0.0000
bas-1,20260209,bas-1##20260209,0.1584,0.0000,0.0000
bas-1,20260209,bas-1##20260209,0.1366,0.0000,0.0000
bas-1,20260209,bas-1##20260209,0.0450,4.8780,0.0000
bas-1,20260209,bas-1##20260209,0.1606,0.0000,0.0000
bas-1,20260209,bas-1##20260209,0.1465,0.0000,0.0000
bas-1,20260209,bas-1##20260209,0.1273,0.0000,0.0000
bas-1,20260209,bas-1##20260209,0.1545,0.0000,0.0000
bas-1,20260209,bas-1##20260209,0.1512,0.0000,0.0000
bas-1,20260209,bas-1##20260209,0.1080,0.0000,0.0000
bas-1,20260209,bas-1##20260209,0.1285,0.0000,0.0000
bas-1,20260209,bas-1##20260209,0.1048,7.7922,0.0000
bas-1,20260209,bas-1##20260209,0.2105,0.0000,0.0000
bas-1,20260209,bas-1##20260209,0.0676,11.7647,0.0000
bas-1,20260209,bas-1##20260209,0.1585,0.0000,0.0000
bas-1,20260209,bas-1##20260209,0.1323,0.0000,0.0000
bas-1,20260209,bas-1##20260209,0.1331,0.0000,0.0000
bas-1,20260209,bas-1##20260209,0.1400,0.0000,0.0000
bas-1,20260209,bas-1##20260209,0.1548,0.0000,0.0000
bas-1,20260209,bas-1##20260209,0.1683,2.1176,0.7059
bas-1,20260209,bas-1##20260209,0.0903,0.0000,0.0000
bas-1,20260209,bas-1##20260209,0.1235,0.0000,0.0000
bas-1,20260209,bas-1##20260209,0.1179,0.0000,0.0000
bas-1,20260209,bas-1##20260209,0.1474,0.0000,0.0000
bas-1,20260209,bas-1##20260209,0.1534,0.6936,0.0000
bas-1,20260209,bas-1##20260209,0.0866,3.3898,8.4746
bas-1,20260209,bas-1##20260209,0.0989,0.0000,0.0000
bas-1,20260209,bas-1##20260209,0.1371,0.0000,8.2192
bas-1,20260209,bas-1##20260209,0.1272,0.0000,0.0000
bas-1,20260209,bas-1##20260209,0.1406,0.0000,0.0000
bas-1,20260209,bas-1##20260209,0.0609,0.0000,4.8780
bas-1,20260209,bas-1##20260209,0.1301,0.0000,0.0000
bas-1,20260209,bas-1##20260209,0.1122,0.0000,0.0000
bas-1,20260209,bas-1##20260209,0.1271,0.0000,0.0000
bas-1,20260209,bas-1##20260209,0.1541,0.0000,0.0000
bas-1,20260209,bas-1##20260209,0.1192,0.0000,0.0000
bas-1,20260209,bas-1##20260209,0.0760,0.0000,0.0000
bas-1,20260209,bas-1##20260209,0.1619,0.0000,0.0000
bas-1,20260209,bas-1##20260209,0.1249,0.0000,0.0000
bas-1,20260209,bas-1##20260209,0.1194,0.0000,0.0000
bas-1,20260209,bas-1##20260209,0.1200,3.7736,0.0000
bas-1,20260209,bas-1##20260209,0.0859,0.0000,0.0000
bas-1,20260209,bas-1##20260209,0.0913,0.0000,0.0000
bas-1,20260209,bas-1##20260209,0.1420,0.0000,0.0000
bas-1,20260209,bas-1##20260209,0.1289,0.0000,0.0000
bas-1,20260209,bas-1##20260209,0.1497,0.0000,0.0000
bas-1,20260209,bas-1##20260209,0.0922,0.0000,0.0000
bas-1,20260209,bas-1##20260209,0.1304,0.0000,0.0000
bas-1,20260209,bas-1##20260209,0.1310,0.0000,0.0000
bas-1,20260209,bas-1##20260209,0.1646,4.9383,2.4691
bas-1,20260209,bas-1##20260209,0.1102,0.0000,0.0000
bas-1,20260209,bas-1##20260209,0.1589,0.0000,0.0000
bas-1,20260209,bas-1##20260209,0.1339,0.0000,0.0000
bas-1,20260209,bas-1##20260209,0.1111,3.4884,0.0000
bas-1,20260209,bas-1##20260209,0.1619,0.0000,0.0000
bas-1,20260209,bas-1##20260209,0.1472,0.0000,0.0000
bas-1,20260209,bas-1##20260209,0.1428,0.0000,0.0000
bas-1,20260209,bas-1##20260209,0.1163,0.0000,0.0000
bas-1,20260209,bas-1##20260209,0.1008,0.0000,0.0000
bas-1,20260209,bas-1##20260209,0.1233,0.0000,2.2727
bas-1,20260209,bas-1##20260209,0.0943,0.0000,5.1064
bas-1,20260209,bas-1##20260209,0.1291,1.5190,1.5190
bas-1,20260209,bas-1##20260209,0.1186,0.0000,0.0000
bas-1,20260209,bas-1##20260209,0.1356,0.0000,2.2472
bas-1,20260209,bas-1##20260209,0.1319,0.0000,0.0000
bas-1,20260209,bas-1##20260209,0.1596,0.0000,0.0000
bas-1,20260209,bas-1##20260209,0.1073,0.0000,0.0000
bas-1,20260209,bas-1##20260209,0.1190,0.0000,5.8824
bas-1,20260209,bas-1##20260209,0.1396,2.0979,2.0979
bas-1,20260209,bas-1##20260209,0.1393,0.0000,0.0000
bas-1,20260209,bas-1##20260209,0.1260,0.0000,0.0000
bas-1,20260209,bas-1##20260209,0.1355,0.0000,0.0000
bas-1,20260209,bas-1##20260209,0.1565,0.0000,0.0000
bas-1,20260209,bas-1##20260209,0.1148,0.0000,0.0000
bas-1,20260209,bas-1##20260209,0.1607,0.0000,0.0000
bas-1,20260209,bas-1##20260209,0.1327,0.0000,0.0000
bas-1,20260209,bas-1##20260209,0.1660,0.0000,0.0000
bas-1,20260209,bas-1##20260209,0.1460,0.0000,0.0000
bas-1,20260209,bas-1##20260209,0.1534,0.0000,0.0000
bas-1,20260209,bas-1##20260209,0.1471,0.0000,0.0000
bas-1,20260209,bas-1##20260209,0.1205,0.0000,0.0000
bas-1,20260209,bas-1##20260209,0.1977,0.0000,0.0000
bas-1,20260209,bas-1##20260209,0.1587,0.0000,0.0000
bas-1,20260209,bas-1##20260209,0.1128,0.0000,0.0000
bas-1,20260209,bas-1##20260209,0.0966,18.1818,18.1818
bas-1,20260209,bas-1##20260209,0.1469,0.0000,0.0000
bas-1,20260209,bas-1##20260209,0.1264,0.0000,0.0000
bas-1,20260209,bas-1##20260209,0.1498,0.0000,0.0000
bas-1,20260209,bas-1##20260209,0.1360,0.0000,0.0000
bas-1,20260209,bas-1##20260209,0.1310,0.0000,0.0000
bas-1,20260209,bas-1##20260209,0.1243,0.0000,0.0000
bas-1,20260209,bas-1##20260209,0.1617,0.0000,0.0000
bas-1,20260209,bas-1##20260209,0.1347,0.0000,0.0000
bas-1,20260209,bas-1##20260209,0.1470,0.0000,0.0000
bas-1,20260209,bas-1##20260209,0.1250,0.0000,0.0000
bas-1,20260209,bas-1##20260209,0.1478,0.0000,0.0000
bas-1,20260209,bas-1##20260209,0.1034,0.0000,0.0000
bas-1,20260209,bas-1##20260209,0.1356,0.0000,0.0000
bas-1,20260209,bas-1##20260209,0.1167,0.0000,31.5789
bas-1,20260209,bas-1##20260209,0.1282,0.0000,0.0000
bas-1,20260209,bas-1##20260209,0.1415,0.0000,0.0000
bas-1,20260209,bas-1##20260209,0.1552,0.0000,0.0000
bas-1,20260209,bas-1##20260209,0.1572,0.0000,0.0000
bas-1,20260209,bas-1##20260209,0.1343,0.0000,0.0000
bas-1,20260209,bas-1##20260209,0.0939,0.0000,0.0000
bas-1,20260209,bas-1##20260209,0.1469,0.0000,0.0000
bas-1,20260209,bas-1##20260209,0.1506,0.0000,0.0000
bas-1,20260209,bas-1##20260209,0.1563,0.0000,0.0000
bas-1,20260209,bas-1##20260209,0.1780,0.0000,0.0000
bas-1,20260209,bas-1##20260209,0.1388,0.0000,0.0000
bas-1,20260209,bas-1##20260209,0.0872,0.0000,0.0000
bas-1,20260209,bas-1##20260209,0.1210,0.0000,0.0000
bas-1,20260209,bas-1##20260209,0.1448,11.4286,5.7143
bas-1,20260209,bas-1##20260209,0.1299,0.0000,0.0000
bas-1,20260209,bas-1##20260209,0.1185,0.0000,0.0000
bas-1,20260209,bas-1##20260209,0.1581,0.0000,0.0000
bas-1,20260209,bas-1##20260209,0.1495,0.0000,0.0000
bas-1,20260209,bas-1##20260209,0.1323,0.0000,0.0000
bas-1,20260209,bas-1##20260209,0.1351,0.0000,0.0000
bas-1,20260209,bas-1##20260209,0.1158,0.0000,0.0000
bas-1,20260209,bas-1##20260209,0.1685,0.0000,0.0000
bas-1,20260209,bas-1##20260209,0.1552,0.0000,0.0000
bas-1,20260209,bas-1##20260209,0.1324,0.0000,0.0000
bas-1,20260209,bas-1##20260209,0.1655,0.0000,0.0000
bas-1,20260209,bas-1##20260209,0.0850,11.5385,0.0000
bas-1,20260209,bas-1##20260209,0.1933,0.0000,0.0000
bas-1,20260209,bas-1##20260209,0.0950,0.0000,0.0000
bas-1,20260306,bas-1##20260306,0.0763,0.0000,8.2811
bas-1,20260306,bas-1##20260306,0.1056,0.3191,0.0000
bas-1,20260306,bas-1##20260306,0.1697,0.0000,0.0000
bas-1,20260306,bas-1##20260306,0.1421,0.0000,0.0000
bas-1,20260306,bas-1##20260306,0.0993,5.8205,3.3953
bas-1,20260306,bas-1##20260306,0.0987,3.3946,1.6973
bas-1,20260306,bas-1##20260306,0.1264,0.0000,0.2500
bas-1,20260306,bas-1##20260306,0.0960,0.0000,1.5345
bas-1,20260306,bas-1##20260306,0.1193,4.2857,5.7143
bas-1,20260306,bas-1##20260306,0.1052,0.0000,0.0000
bas-1,20260306,bas-1##20260306,0.1307,1.2672,0.0000
bas-1,20260306,bas-1##20260306,0.0761,6.7196,1.6799
bas-1,20260306,bas-1##20260306,0.0894,4.2553,0.8511
bas-1,20260306,bas-1##20260306,0.1152,3.1953,2.4852
bas-1,20260306,bas-1##20260306,0.1185,0.0000,1.8692
bas-1,20260306,bas-1##20260306,0.1052,3.1304,2.0870
bas-1,20260306,bas-1##20260306,0.0957,1.6000,5.6000
bas-1,20260306,bas-1##20260306,0.0891,2.8800,4.8000
bas-1,20260306,bas-1##20260306,0.0964,0.5374,0.2687
bas-1,20260306,bas-1##20260306,0.1164,0.6303,0.6303
bas-1,20260306,bas-1##20260306,0.0882,0.0000,14.0625
bas-1,20260306,bas-1##20260306,0.1393,1.5544,3.1088
bas-1,20260306,bas-1##20260306,0.1108,0.0000,8.6331
bas-1,20260306,bas-1##20260306,0.0667,0.0000,0.0000
bas-1,20260306,bas-1##20260306,0.1153,2.2039,8.2645
bas-1,20260306,bas-1##20260306,0.1247,0.0000,3.5573
bas-1,20260306,bas-1##20260306,0.0489,0.4902,1.4706
bas-1,20260306,bas-1##20260306,0.1298,0.0000,3.8217
bas-1,20260306,bas-1##20260306,0.1176,0.0000,6.5934
bas-1,20260306,bas-1##20260306,0.0913,0.0000,3.0303
bas-1,20260306,bas-1##20260306,0.1227,0.0000,0.0000
bas-1,20260306,bas-1##20260306,0.0866,0.0000,0.7853
bas-1,20260306,bas-1##20260306,0.0875,3.6072,0.6012
bas-1,20260306,bas-1##20260306,0.1134,2.3873,5.1724
bas-1,20260306,bas-1##20260306,0.0807,0.0000,6.9231
bas-1,20260306,bas-1##20260306,0.0789,5.0597,6.3247
bas-1,20260306,bas-1##20260306,0.0624,3.1157,8.4570
bas-1,20260306,bas-1##20260306,0.1320,0.0000,0.0000
bas-1,20260306,bas-1##20260306,0.0986,0.0000,4.2857
bas-1,20260306,bas-1##20260306,0.1061,8.7805,4.8780
bas-1,20260306,bas-1##20260306,0.1126,7.3620,25.7669
bas-1,20260306,bas-1##20260306,0.0956,2.8986,8.6957
bas-1,20260306,bas-1##20260306,0.0995,8.4507,5.6338
bas-1,20260306,bas-1##20260306,0.1304,0.0000,0.0000
bas-1,20260306,bas-1##20260306,0.1080,2.7523,3.6697
bas-1,20260306,bas-1##20260306,0.1180,1.0204,0.0000
bas-1,20260306,bas-1##20260306,0.0926,4.2105,1.0526
bas-1,20260306,bas-1##20260306,0.1075,0.0000,0.0000
bas-1,20260306,bas-1##20260306,0.0989,7.3469,2.4490
bas-1,20260306,bas-1##20260306,0.1153,0.0000,0.0000
bas-1,20260306,bas-1##20260306,0.1292,0.0000,0.0000
bas-1,20260306,bas-1##20260306,0.1194,0.0000,0.0000
bas-1,20260311,bas-1##20260311,0.0744,1.4118,14.1176
bas-1,20260311,bas-1##20260311,0.1124,6.6176,9.9265
bas-1,20260311,bas-1##20260311,0.0877,21.4286,21.4286
bas-1,20260311,bas-1##20260311,0.0692,3.3708,0.0000
bas-1,20260311,bas-1##20260311,0.1253,2.0478,4.0956
bas-1,20260311,bas-1##20260311,0.0692,0.0000,5.0000
bas-1,20260311,bas-1##20260311,0.1202,2.7397,2.7397
bas-1,20260311,bas-1##20260311,0.0942,3.6585,10.9756
bas-1,20260311,bas-1##20260311,0.1297,0.0000,0.0000
bas-1,20260311,bas-1##20260311,0.1273,0.0000,0.0000
bas-1,20260311,bas-1##20260311,0.1210,0.0000,3.3708
bas-1,20260311,bas-1##20260311,0.1107,1.9293,6.7524
bas-1,20260311,bas-1##20260311,0.0704,0.0000,10.9091
bas-1,20260311,bas-1##20260311,0.0860,6.7416,6.7416
bas-1,20260311,bas-1##20260311,0.1306,3.2609,4.3478
bas-1,20260311,bas-1##20260311,0.1109,0.0000,0.0000
bas-1,20260311,bas-1##20260311,0.1032,4.2553,17.0213
bas-1,20260311,bas-1##20260311,0.1214,0.0000,11.7647
bas-1,20260311,bas-1##20260311,0.1172,0.0000,2.9268
bas-1,20260311,bas-1##20260311,0.0952,0.0000,5.6338
bas-1,20260311,bas-1##20260311,0.1191,0.0000,0.0000
bas-1,20260311,bas-1##20260311,0.0520,1.9334,1.9334
bas-1,20260311,bas-1##20260311,0.0672,0.0000,15.5844
bas-1,20260311,bas-1##20260311,0.1026,3.5088,3.5088
bas-1,20260311,bas-1##20260311,0.1140,0.0000,4.9689
bas-1,20260311,bas-1##20260311,0.1141,1.2097,2.4194
bas-1,20260311,bas-1##20260311,0.1248,0.0000,0.0000
bas-1,20260311,bas-1##20260311,0.1216,0.0000,0.9009
bas-1,20260311,bas-1##20260311,0.1260,0.0000,7.7922
bas-1,20260311,bas-1##20260311,0.1089,0.0000,20.5714
bas-1,20260311,bas-1##20260311,0.1014,0.0000,4.4118
bas-1,20260311,bas-1##20260311,0.1416,0.0000,0.0000
bas-1,20260311,bas-1##20260311,0.1113,0.0000,23.6220
bas-1,20260311,bas-1##20260311,0.0902,0.0000,0.0000
bas-1,20260311,bas-1##20260311,0.1374,0.0000,2.4896
bas-1,20260311,bas-1##20260311,0.1134,4.6512,0.0000
bas-1,20260311,bas-1##20260311,0.0969,0.0000,0.0000
bas-1,20260311,bas-1##20260311,0.0997,0.0000,11.5385
bas-1,20260311,bas-1##20260311,0.1220,3.5088,3.5088
bas-1,20260311,bas-1##20260311,0.0743,11.5385,0.0000
bas-1,20260311,bas-1##20260311,0.1283,0.0000,8.3916
bas-1,20260311,bas-1##20260311,0.1237,0.0000,0.0000
bas-1,20260311,bas-1##20260311,0.0974,0.0000,0.0000
bas-1,20260311,bas-1##20260311,0.1005,0.0000,10.5263
bas-1,20260311,bas-1##20260311,0.0936,13.3333,0.0000
bas-1,20260311,bas-1##20260311,0.1182,10.4348,15.6522
bas-1,20260311,bas-1##20260311,0.0775,0.0000,0.0000
bas-1,20260311,bas-1##20260311,0.1002,0.0000,3.3898
bas-1,20260311,bas-1##20260311,0.0899,0.0000,0.0000
bas-1,20260311,bas-1##20260311,0.0940,6.7068,3.0954
bas-1,20260311,bas-1##20260311,0.0903,6.5934,0.0000
bas-1,20260311,bas-1##20260311,0.0995,0.0000,0.0000
bas-1,20260311,bas-1##20260311,0.1165,0.0000,5.9701
bas-1,20260311,bas-1##20260311,0.1093,0.0000,5.1724
bas-1,20260311,bas-1##20260311,0.1048,0.0000,0.0000
bas-1,20260311,bas-1##20260311,0.1132,0.0000,0.0000
bas-1,20260311,bas-1##20260311,0.1102,13.9535,0.0000
bas-1,20260311,bas-1##20260311,0.1090,0.0000,11.9403
bas-1,20260311,bas-1##20260311,0.1021,0.0000,0.0000
bas-1,20260311,bas-1##20260311,0.1339,0.0000,0.0000
bas-1,20260311,bas-1##20260311,0.1270,3.1008,1.5504
bas-1,20260311,bas-1##20260311,0.0828,0.0000,0.0000
bas-1,20260311,bas-1##20260311,0.1100,0.0000,0.0000
bas-1,20260311,bas-1##20260311,0.0881,0.0000,16.8224
bas-1,20260311,bas-1##20260311,0.1132,0.0000,0.0000
bas-1,20260311,bas-1##20260311,0.0683,0.0000,11.5016
bas-1,20260311,bas-1##20260311,0.0515,0.0000,0.0000
bas-1,20260311,bas-1##20260311,0.1252,0.0000,0.0000
bas-1,20260311,bas-1##20260311,0.1176,0.0000,4.7431
bas-1,20260311,bas-1##20260311,0.1042,0.0000,9.0909
bas-1,20260311,bas-1##20260311,0.1260,2.6667,0.0000
bas-1,20260311,bas-1##20260311,0.1537,0.0000,0.0000
bas-1,20260311,bas-1##20260311,0.0886,5.8252,23.3010
bas-1,20260311,bas-1##20260311,0.1099,0.0000,0.0000
bas-1,20260311,bas-1##20260311,0.1245,0.0000,0.0000
bas-1,20260311,bas-1##20260311,0.1241,6.8182,6.8182
bas-1,20260311,bas-1##20260311,0.1378,0.0000,12.5000
bas-1,20260311,bas-1##20260311,0.0907,0.0000,10.3448
bas-1,20260311,bas-1##20260311,0.1323,0.0000,0.0000
bas-1+cest-2.1,20260202,bas-1+cest-2.1##20260202,0.0940,0.0000,0.0000
bas-1+cest-2.1,20260202,bas-1+cest-2.1##20260202,0.1129,0.0000,0.0000
bas-1+cest-2.1,20260202,bas-1+cest-2.1##20260202,0.1157,0.0000,0.0000
bas-1+cest-2.1,20260202,bas-1+cest-2.1##20260202,0.1149,7.2874,2.4291
bas-1+cest-2.1,20260202,bas-1+cest-2.1##20260202,0.1116,0.0000,0.0000
bas-1+cest-2.1,20260202,bas-1+cest-2.1##20260202,0.1436,2.3591,2.3591
bas-1+cest-2.1,20260202,bas-1+cest-2.1##20260202,0.1131,0.8208,0.0000
bas-1+cest-2.1,20260202,bas-1+cest-2.1##20260202,0.1327,2.8222,1.6933
bas-1+cest-2.1,20260202,bas-1+cest-2.1##20260202,0.1043,0.0000,0.0000
bas-1+cest-2.1,20260202,bas-1+cest-2.1##20260202,0.1467,0.0000,0.0000
bas-1+cest-2.1,20260202,bas-1+cest-2.1##20260202,0.0524,0.0000,0.0000
bas-1+cest-2.1,20260202,bas-1+cest-2.1##20260202,0.1554,0.0000,0.0000
bas-1+cest-2.1,20260202,bas-1+cest-2.1##20260202,0.1162,0.0000,0.0000
bas-1+cest-2.1,20260202,bas-1+cest-2.1##20260202,0.1366,0.0000,0.0000
bas-1+cest-2.1,20260202,bas-1+cest-2.1##20260202,0.1185,0.0000,0.0000
bas-1+cest-2.1,20260202,bas-1+cest-2.1##20260202,0.1105,0.0000,0.0000
bas-1+cest-2.1,20260202,bas-1+cest-2.1##20260202,0.1043,0.6501,0.0000
bas-1+cest-2.1,20260202,bas-1+cest-2.1##20260202,0.1356,0.0000,0.0000
bas-1+cest-2.1,20260202,bas-1+cest-2.1##20260202,0.1104,0.0000,0.0000
bas-1+cest-2.1,20260202,bas-1+cest-2.1##20260202,0.0988,0.0000,0.0000
bas-1+cest-2.1,20260202,bas-1+cest-2.1##20260202,0.0749,0.0000,6.5217
bas-1+cest-2.1,20260202,bas-1+cest-2.1##20260202,0.1344,0.0000,0.0000
bas-1+cest-2.1,20260202,bas-1+cest-2.1##20260202,0.0837,0.0000,0.0000
bas-1+cest-2.1,20260202,bas-1+cest-2.1##20260202,0.0821,0.6764,0.0000
bas-1+cest-2.1,20260202,bas-1+cest-2.1##20260202,0.1476,0.0000,0.0000
bas-1+cest-2.1,20260202,bas-1+cest-2.1##20260202,0.0999,5.6604,1.8868
bas-1+cest-2.1,20260202,bas-1+cest-2.1##20260202,0.0908,0.0000,0.0000
bas-1+cest-2.1,20260202,bas-1+cest-2.1##20260202,0.1014,0.0000,0.0000
bas-1+cest-2.1,20260202,bas-1+cest-2.1##20260202,0.1373,0.0000,0.0000
bas-1+cest-2.1,20260202,bas-1+cest-2.1##20260202,0.1103,0.0000,13.3333
bas-1+cest-2.1,20260202,bas-1+cest-2.1##20260202,0.1350,0.0000,2.5000
bas-1+cest-2.1,20260202,bas-1+cest-2.1##20260202,0.1134,4.9180,2.4590
bas-1+cest-2.1,20260202,bas-1+cest-2.1##20260202,0.0939,3.3561,0.7458
bas-1+cest-2.1,20260202,bas-1+cest-2.1##20260202,0.1129,0.0000,0.0000
bas-1+cest-2.1,20260202,bas-1+cest-2.1##20260202,,21.4286,21.4286
bas-1+cest-2.1,20260202,bas-1+cest-2.1##20260202,0.0886,0.0000,0.0000
bas-1+cest-2.1,20260202,bas-1+cest-2.1##20260202,0.0769,0.0000,0.0000
bas-1+cest-2.1,20260202,bas-1+cest-2.1##20260202,0.1694,0.0000,0.0000
bas-1+cest-2.1,20260202,bas-1+cest-2.1##20260202,0.1005,0.0000,0.0000
bas-1+cest-2.1,20260202,bas-1+cest-2.1##20260202,0.1804,3.0612,3.0612
bas-1+cest-2.1,20260202,bas-1+cest-2.1##20260202,0.0895,1.1194,0.0000
bas-1+cest-2.1,20260202,bas-1+cest-2.1##20260202,0.1429,0.0000,1.6807
bas-1+cest-2.1,20260202,bas-1+cest-2.1##20260202,0.1495,1.4963,0.0000
bas-1+cest-2.1,20260202,bas-1+cest-2.1##20260202,0.1634,4.5802,0.0000
bas-1+cest-2.1,20260202,bas-1+cest-2.1##20260202,,13.3333,0.0000
bas-1+cest-2.1,20260202,bas-1+cest-2.1##20260202,0.0438,18.1818,0.0000
bas-1+cest-2.1,20260202,bas-1+cest-2.1##20260202,0.1128,0.4563,0.0000
bas-1+cest-2.1,20260202,bas-1+cest-2.1##20260202,0.1102,4.9180,0.0000
bas-1+cest-2.1,20260202,bas-1+cest-2.1##20260202,0.1378,1.5113,3.0227
bas-1+cest-2.1,20260202,bas-1+cest-2.1##20260202,0.0781,20.6897,0.0000
bas-1+cest-2.1,20260202,bas-1+cest-2.1##20260202,0.1142,0.0000,0.0000
bas-1+cest-2.1,20260202,bas-1+cest-2.1##20260202,0.1233,2.2727,0.0000
bas-1+cest-2.1,20260202,bas-1+cest-2.1##20260202,0.1013,0.0000,0.0000
bas-1+cest-2.1,20260202,bas-1+cest-2.1##20260202,0.0550,0.0000,42.8571
bas-1+cest-2.1,20260202,bas-1+cest-2.1##20260202,0.0540,0.0000,0.0000
bas-1+cest-2.1,20260202,bas-1+cest-2.1##20260202,0.1794,0.0000,0.0000
bas-1+cest-2.1,20260202,bas-1+cest-2.1##20260202,0.0944,0.0000,0.0000
bas-1+cest-2.1,20260202,bas-1+cest-2.1##20260202,0.0823,10.4218,0.0000
bas-1+cest-2.1,20260202,bas-1+cest-2.1##20260202,0.0811,0.0000,0.0000
bas-1+cest-2.1,20260202,bas-1+cest-2.1##20260202,0.1269,0.0000,0.0000
bas-1+cest-2.1,20260202,bas-1+cest-2.1##20260202,0.1096,6.0302,6.0302
bas-1+cest-2.1,20260202,bas-1+cest-2.1##20260202,0.0844,0.0000,19.3548
bas-1+cest-2.1,20260202,bas-1+cest-2.1##20260202,0.0687,19.3548,0.0000
bas-1+cest-2.1,20260202,bas-1+cest-2.1##20260202,0.1804,8.5714,0.0000
bas-1+cest-2.1,20260202,bas-1+cest-2.1##20260202,0.1169,0.0000,0.0000
bas-1+cest-2.1,20260202,bas-1+cest-2.1##20260202,0.1156,0.0000,0.0000
bas-1+cest-2.1,20260202,bas-1+cest-2.1##20260202,0.1709,0.0000,0.0000
bas-1+cest-2.1,20260202,bas-1+cest-2.1##20260202,0.1084,0.0000,3.8961
bas-1+cest-2.1,20260202,bas-1+cest-2.1##20260202,0.1221,0.0000,0.0000
bas-1+cest-2.1,20260202,bas-1+cest-2.1##20260202,0.1370,0.0000,0.0000
bas-1+cest-2.1,20260202,bas-1+cest-2.1##20260202,0.0813,2.4465,0.0000
bas-1+cest-2.1,20260202,bas-1+cest-2.1##20260202,0.2371,11.7647,11.7647
bas-1+cest-2.1,20260202,bas-1+cest-2.1##20260202,0.0840,2.3077,2.3077
bas-1+cest-2.1,20260202,bas-1+cest-2.1##20260202,0.1616,0.0000,0.0000
bas-1+cest-2.1,20260202,bas-1+cest-2.1##20260202,0.1203,0.0000,0.0000
bas-1+cest-2.1,20260202,bas-1+cest-2.1##20260202,0.0933,5.0847,0.0000
bas-1+cest-2.1,20260202,bas-1+cest-2.1##20260202,0.1328,0.0000,0.0000
bas-1+cest-2.1,20260202,bas-1+cest-2.1##20260202,0.0937,0.0000,0.0000
bas-1+cest-2.1,20260202,bas-1+cest-2.1##20260202,0.1064,0.0000,0.0000
bas-1+cest-2.1,20260202,bas-1+cest-2.1##20260202,0.1434,0.0000,0.0000
bas-1+cest-2.1,20260202,bas-1+cest-2.1##20260202,0.1118,0.0000,0.0000
bas-1+cest-2.1,20260202,bas-1+cest-2.1##20260202,0.1119,4.9587,0.0000
bas-1+cest-2.1,20260202,bas-1+cest-2.1##20260202,0.0635,0.0000,21.0526
bas-1+cest-2.1,20260202,bas-1+cest-2.1##20260202,0.1440,6.5217,6.5217
bas-1+cest-2.1,20260202,bas-1+cest-2.1##20260202,0.1544,4.0816,0.0000
bas-1+cest-2.1,20260202,bas-1+cest-2.1##20260202,0.1266,4.4944,4.4944
bas-1+cest-2.1,20260202,bas-1+cest-2.1##20260202,0.1063,4.5369,1.1342
bas-1+cest-2.1,20260202,bas-1+cest-2.1##20260202,0.1188,0.0000,0.0000
bas-1+cest-2.1,20260202,bas-1+cest-2.1##20260202,0.1666,0.0000,0.0000
bas-1+cest-2.1,20260202,bas-1+cest-2.1##20260202,0.1272,0.0000,0.0000
bas-1+cest-2.1,20260202,bas-1+cest-2.1##20260202,,0.0000,20.0000
bas-1+cest-2.1,20260202,bas-1+cest-2.1##20260202,0.1538,0.0000,0.0000
bas-1+cest-2.1,20260202,bas-1+cest-2.1##20260202,0.0424,11.8421,0.0000
bas-1+cest-2.1,20260202,bas-1+cest-2.1##20260202,0.1436,0.0000,0.0000
bas-1+cest-2.1,20260202,bas-1+cest-2.1##20260202,0.1653,0.0000,0.0000
bas-1+cest-2.1,20260202,bas-1+cest-2.1##20260202,0.1530,0.0000,0.0000
bas-1+cest-2.1,20260202,bas-1+cest-2.1##20260202,0.1040,8.8235,26.4706
bas-1+cest-2.1,20260202,bas-1+cest-2.1##20260202,0.1568,0.0000,0.0000
bas-1+cest-2.1,20260202,bas-1+cest-2.1##20260202,0.1483,0.0000,8.3333
bas-1+cest-2.1,20260202,bas-1+cest-2.1##20260202,0.0955,0.0000,0.0000
bas-1+cest-2.1,20260202,bas-1+cest-2.1##20260202,0.2054,7.2289,7.2289
bas-1+cest-2.1,20260202,bas-1+cest-2.1##20260202,0.1407,0.0000,0.0000
bas-1+cest-2.1,20260202,bas-1+cest-2.1##20260202,0.1407,13.9535,0.0000
bas-1+cest-2.1,20260202,bas-1+cest-2.1##20260202,0.1624,2.0690,0.0000
bas-1+cest-2.1,20260202,bas-1+cest-2.1##20260202,0.1722,7.4074,7.4074
bas-1+cest-2.1,20260202,bas-1+cest-2.1##20260202,0.1191,0.0000,6.4865
bas-1+cest-2.1,20260202,bas-1+cest-2.1##20260202,0.1716,9.3750,9.3750
bas-1+cest-2.1,20260202,bas-1+cest-2.1##20260202,,24.4898,0.0000
bas-1+cest-2.1,20260202,bas-1+cest-2.1##20260202,0.1157,0.0000,0.0000
bas-1+cest-2.1,20260202,bas-1+cest-2.1##20260202,0.1780,0.0000,15.0000
bas-1+cest-2.1,20260202,bas-1+cest-2.1##20260202,0.1571,5.6075,0.0000
bas-1+cest-2.1,20260202,bas-1+cest-2.1##20260202,0.1827,0.0000,0.0000
bas-1+cest-2.1,20260202,bas-1+cest-2.1##20260202,0.1347,0.0000,0.0000
bas-1+cest-2.1,20260202,bas-1+cest-2.1##20260202,0.1305,0.0000,0.0000
bas-1+cest-2.1,20260202,bas-1+cest-2.1##20260202,0.1303,0.0000,0.0000
bas-1+cest-2.1,20260202,bas-1+cest-2.1##20260202,0.1033,4.1522,6.2284
bas-1+cest-2.1,20260202,bas-1+cest-2.1##20260202,0.1631,0.0000,0.0000
bas-1+cest-2.1,20260202,bas-1+cest-2.1##20260202,0.1228,0.0000,0.0000
bas-1+cest-2.1,20260202,bas-1+cest-2.1##20260202,0.1879,4.1096,8.2192
bas-1+cest-2.1,20260202,bas-1+cest-2.1##20260202,0.1107,2.7397,0.0000
bas-1+cest-2.1,20260202,bas-1+cest-2.1##20260202,0.1798,7.5949,0.0000
bas-1+cest-2.1,20260202,bas-1+cest-2.1##20260202,0.1995,0.0000,22.2222
bas-1+cest-2.1,20260202,bas-1+cest-2.1##20260202,0.1128,11.8812,0.0000
bas-1+cest-2.1,20260202,bas-1+cest-2.1##20260202,,15.7895,15.7895
bas-1+cest-2.1,20260202,bas-1+cest-2.1##20260202,0.0528,22.2222,0.0000
bas-1+cest-2.1,20260202,bas-1+cest-2.1##20260202,0.1491,0.0000,8.3333
bas-1+cest-2.1,20260202,bas-1+cest-2.1##20260202,0.0910,0.0000,0.0000
bas-1+cest-2.1,20260202,bas-1+cest-2.1##20260202,0.1168,24.0000,0.0000
bas-1+cest-2.1,20260202,bas-1+cest-2.1##20260202,0.0566,0.0000,0.0000
bas-1+cest-2.1,20260203,bas-1+cest-2.1##20260203,0.2133,0.0000,0.0000
bas-1+cest-2.1,20260203,bas-1+cest-2.1##20260203,0.1685,0.8547,0.0000
bas-1+cest-2.1,20260203,bas-1+cest-2.1##20260203,0.1559,1.8127,0.0000
bas-1+cest-2.1,20260203,bas-1+cest-2.1##20260203,0.0586,12.4204,1.9108
bas-1+cest-2.1,20260203,bas-1+cest-2.1##20260203,0.1868,0.0000,0.0000
bas-1+cest-2.1,20260203,bas-1+cest-2.1##20260203,0.1647,0.0000,0.0000
bas-1+cest-2.1,20260203,bas-1+cest-2.1##20260203,0.1878,0.0000,0.0000
bas-1+cest-2.1,20260203,bas-1+cest-2.1##20260203,0.2139,0.0000,0.0000
bas-1+cest-2.1,20260203,bas-1+cest-2.1##20260203,0.1608,0.0000,0.0000
bas-1+cest-2.1,20260203,bas-1+cest-2.1##20260203,0.1846,0.0000,0.0000
bas-1+cest-2.1,20260203,bas-1+cest-2.1##20260203,0.1939,0.0000,1.4354
bas-1+cest-2.1,20260203,bas-1+cest-2.1##20260203,0.1921,0.0000,0.0000
bas-1+cest-2.1,20260203,bas-1+cest-2.1##20260203,0.1853,0.0000,0.0000
bas-1+cest-2.1,20260203,bas-1+cest-2.1##20260203,0.1263,0.0000,0.0000
bas-1+cest-2.1,20260203,bas-1+cest-2.1##20260203,0.1853,0.0000,0.0000
bas-1+cest-2.1,20260203,bas-1+cest-2.1##20260203,0.1861,2.7650,0.0000
bas-1+cest-2.1,20260203,bas-1+cest-2.1##20260203,0.1444,0.0000,0.0000
bas-1+cest-2.1,20260203,bas-1+cest-2.1##20260203,0.1711,4.0134,0.0000
bas-1+cest-2.1,20260203,bas-1+cest-2.1##20260203,0.1705,0.0000,0.0000
bas-1+cest-2.1,20260203,bas-1+cest-2.1##20260203,0.1304,0.0000,0.0000
bas-1+cest-2.1,20260203,bas-1+cest-2.1##20260203,0.1038,0.0000,4.5455
bas-1+cest-2.1,20260203,bas-1+cest-2.1##20260203,0.1081,0.0000,0.0000
bas-1+cest-2.1,20260203,bas-1+cest-2.1##20260203,0.1967,0.0000,0.0000
bas-1+cest-2.1,20260203,bas-1+cest-2.1##20260203,0.2053,0.0000,0.0000
bas-1+cest-2.1,20260203,bas-1+cest-2.1##20260203,0.1760,1.0601,1.0601
bas-1+cest-2.1,20260203,bas-1+cest-2.1##20260203,0.1685,0.0000,0.0000
bas-1+cest-2.1,20260203,bas-1+cest-2.1##20260203,0.1496,17.1429,0.0000
bas-1+cest-2.1,20260203,bas-1+cest-2.1##20260203,0.1955,0.0000,0.0000
bas-1+cest-2.1,20260203,bas-1+cest-2.1##20260203,0.1832,0.0000,0.0000
bas-1+cest-2.1,20260203,bas-1+cest-2.1##20260203,0.1489,0.0000,0.0000
bas-1+cest-2.1,20260203,bas-1+cest-2.1##20260203,0.1396,0.0000,0.0000
bas-1+cest-2.1,20260203,bas-1+cest-2.1##20260203,0.1802,0.0000,0.0000
bas-1+cest-2.1,20260203,bas-1+cest-2.1##20260203,0.2127,0.0000,0.0000
bas-1+cest-2.1,20260203,bas-1+cest-2.1##20260203,0.1665,0.0000,0.0000
bas-1+cest-2.1,20260203,bas-1+cest-2.1##20260203,0.1327,0.0000,0.7009
bas-1+cest-2.1,20260203,bas-1+cest-2.1##20260203,0.1361,0.0000,0.0000
bas-1+cest-2.1,20260203,bas-1+cest-2.1##20260203,0.2129,0.0000,0.0000
bas-1+cest-2.1,20260203,bas-1+cest-2.1##20260203,0.1227,0.0000,12.7660
bas-1+cest-2.1,20260203,bas-1+cest-2.1##20260203,0.1386,0.0000,0.0000
bas-1+cest-2.1,20260203,bas-1+cest-2.1##20260203,0.1772,0.0000,1.8692
bas-1+cest-2.1,20260203,bas-1+cest-2.1##20260203,0.2401,0.0000,0.0000
bas-1+cest-2.1,20260203,bas-1+cest-2.1##20260203,0.1710,0.0000,0.0000
bas-1+cest-2.1,20260203,bas-1+cest-2.1##20260203,0.2014,3.2086,2.7502
bas-1+cest-2.1,20260203,bas-1+cest-2.1##20260203,0.0962,3.2159,0.9188
bas-1+cest-2.1,20260203,bas-1+cest-2.1##20260203,0.1383,0.0000,0.0000
bas-1+cest-2.1,20260203,bas-1+cest-2.1##20260203,0.1830,1.0508,0.0000
bas-1+cest-2.1,20260203,bas-1+cest-2.1##20260203,0.1898,0.0000,0.0000
bas-1+cest-2.1,20260203,bas-1+cest-2.1##20260203,0.1959,0.0000,0.0000
bas-1+cest-2.1,20260203,bas-1+cest-2.1##20260203,0.1463,0.0000,0.0000
bas-1+cest-2.1,20260203,bas-1+cest-2.1##20260203,0.1682,0.0000,0.0000
bas-1+cest-2.1,20260203,bas-1+cest-2.1##20260203,0.1962,0.0000,6.2500
bas-1+cest-2.1,20260203,bas-1+cest-2.1##20260203,0.1987,0.0000,0.0000
bas-1+cest-2.1,20260203,bas-1+cest-2.1##20260203,0.0618,9.3664,2.2039
bas-1+cest-2.1,20260203,bas-1+cest-2.1##20260203,0.1774,0.0000,0.0000
bas-1+cest-2.1,20260203,bas-1+cest-2.1##20260203,0.1476,0.0000,0.0000
bas-1+cest-2.1,20260203,bas-1+cest-2.1##20260203,0.1190,0.0000,0.0000
bas-1+cest-2.1,20260203,bas-1+cest-2.1##20260203,0.2040,0.0000,0.0000
bas-1+cest-2.1,20260203,bas-1+cest-2.1##20260203,0.1513,0.0000,0.0000
bas-1+cest-2.1,20260203,bas-1+cest-2.1##20260203,0.0716,0.0000,0.0000
bas-1+cest-2.1,20260203,bas-1+cest-2.1##20260203,0.1643,0.0000,0.0000
bas-1+cest-2.1,20260203,bas-1+cest-2.1##20260203,0.1459,0.0000,0.0000
bas-1+cest-2.1,20260203,bas-1+cest-2.1##20260203,0.1381,0.0000,6.6667
bas-1+cest-2.1,20260205,bas-1+cest-2.1##20260205,0.0843,5.6946,1.5531
bas-1+cest-2.1,20260205,bas-1+cest-2.1##20260205,0.0490,14.5455,0.0000
bas-1+cest-2.1,20260205,bas-1+cest-2.1##20260205,0.0537,0.0000,0.0000
bas-1+cest-2.1,20260205,bas-1+cest-2.1##20260205,0.0875,0.5150,0.0000
bas-1+cest-2.1,20260205,bas-1+cest-2.1##20260205,0.0837,0.0000,0.0000
bas-1+cest-2.1,20260205,bas-1+cest-2.1##20260205,0.0317,0.0000,0.0000
bas-1+cest-2.1,20260205,bas-1+cest-2.1##20260205,0.0761,5.7065,2.4457
bas-1+cest-2.1,20260205,bas-1+cest-2.1##20260205,0.1211,4.0268,4.0268
bas-1+cest-2.1,20260205,bas-1+cest-2.1##20260205,0.0927,0.6424,0.0000
bas-1+cest-2.1,20260205,bas-1+cest-2.1##20260205,0.1401,0.8234,0.5489
bas-1+cest-2.1,20260205,bas-1+cest-2.1##20260205,0.0514,0.0000,0.0000
bas-1+cest-2.1,20260205,bas-1+cest-2.1##20260205,0.1606,0.0000,0.0000
bas-1+cest-2.1,20260205,bas-1+cest-2.1##20260205,0.1140,2.1651,0.8119
bas-1+cest-2.1,20260205,bas-1+cest-2.1##20260205,0.1281,2.1978,0.0000
bas-1+cest-2.1,20260205,bas-1+cest-2.1##20260205,0.1035,1.6349,0.0000
bas-1+cest-2.1,20260205,bas-1+cest-2.1##20260205,0.1231,0.9912,1.3216
bas-1+cest-2.1,20260205,bas-1+cest-2.1##20260205,0.0792,6.2407,0.8915
bas-1+cest-2.1,20260205,bas-1+cest-2.1##20260205,0.0673,8.0685,3.6675
bas-1+cest-2.1,20260205,bas-1+cest-2.1##20260205,0.0895,2.1157,2.9619
bas-1+cest-2.1,20260205,bas-1+cest-2.1##20260205,0.1600,0.0000,0.0000
bas-1+cest-2.1,20260205,bas-1+cest-2.1##20260205,0.1668,0.0000,0.0000
bas-1+cest-2.1,20260205,bas-1+cest-2.1##20260205,0.1177,0.0000,0.0000
bas-1+cest-2.1,20260205,bas-1+cest-2.1##20260205,0.1045,0.9181,0.0000
bas-1+cest-2.1,20260205,bas-1+cest-2.1##20260205,0.1616,0.0000,0.0000
bas-1+cest-2.1,20260205,bas-1+cest-2.1##20260205,0.0966,0.0000,0.0000
bas-1+cest-2.1,20260205,bas-1+cest-2.1##20260205,0.1241,0.0000,0.0000
bas-1+cest-2.1,20260205,bas-1+cest-2.1##20260205,0.0832,0.0000,0.0000
bas-1+cest-2.1,20260205,bas-1+cest-2.1##20260205,0.0758,0.0000,0.0000
bas-1+cest-2.1,20260205,bas-1+cest-2.1##20260205,0.0865,0.0000,0.0000
bas-1+cest-2.1,20260205,bas-1+cest-2.1##20260205,0.0919,0.5051,0.5051
bas-1+cest-2.1,20260205,bas-1+cest-2.1##20260205,0.0974,0.0000,0.0000
bas-1+cest-2.1,20260205,bas-1+cest-2.1##20260205,0.0843,3.4833,0.8708
bas-1+cest-2.1,20260205,bas-1+cest-2.1##20260205,0.0752,0.0000,0.0000
bas-1+cest-2.1,20260205,bas-1+cest-2.1##20260205,0.1160,0.0000,0.0000
bas-1+cest-2.1,20260205,bas-1+cest-2.1##20260205,0.0661,0.0000,0.0000
bas-1+cest-2.1,20260205,bas-1+cest-2.1##20260205,0.1321,0.0000,0.0000
bas-1+cest-2.1,20260205,bas-1+cest-2.1##20260205,0.1054,0.5013,0.0000
bas-1+cest-2.1,20260205,bas-1+cest-2.1##20260205,0.0811,3.7618,0.0000
bas-1+cest-2.1,20260205,bas-1+cest-2.1##20260205,0.1247,5.8252,0.0000
bas-1+cest-2.1,20260205,bas-1+cest-2.1##20260205,0.1017,2.8800,1.9200
bas-1+cest-2.1,20260205,bas-1+cest-2.1##20260205,0.1540,0.0000,0.0000
bas-1+cest-2.1,20260205,bas-1+cest-2.1##20260205,0.1009,0.0000,0.0000
bas-1+cest-2.1,20260205,bas-1+cest-2.1##20260205,0.0895,0.0000,0.0000
bas-1+cest-2.1,20260205,bas-1+cest-2.1##20260205,0.1409,0.0000,0.0000
bas-1+cest-2.1,20260205,bas-1+cest-2.1##20260205,0.1151,1.3905,1.3905
bas-1+cest-2.1,20260205,bas-1+cest-2.1##20260205,0.1547,0.0000,0.0000
bas-1+cest-2.1,20260205,bas-1+cest-2.1##20260205,0.0797,0.0000,0.0000
bas-1+cest-2.1,20260205,bas-1+cest-2.1##20260205,0.0992,0.0000,0.0000
bas-1+cest-2.1,20260205,bas-1+cest-2.1##20260205,0.0555,8.1847,3.1480
bas-1+cest-2.1,20260205,bas-1+cest-2.1##20260205,0.1353,0.0000,0.0000
bas-1+cest-2.1,20260205,bas-1+cest-2.1##20260205,0.0834,0.0000,0.0000
bas-1+cest-2.1,20260205,bas-1+cest-2.1##20260205,0.1614,0.0000,0.0000
bas-1+cest-2.1,20260205,bas-1+cest-2.1##20260205,0.1307,0.0000,0.0000
bas-1+cest-2.1,20260205,bas-1+cest-2.1##20260205,0.1176,0.7075,0.0000
bas-1+cest-2.1,20260205,bas-1+cest-2.1##20260205,0.1459,7.7922,0.0000
bas-1+cest-2.1,20260205,bas-1+cest-2.1##20260205,0.1435,0.0000,0.0000
bas-1+cest-2.1,20260205,bas-1+cest-2.1##20260205,0.1013,1.5748,1.5748
bas-1+cest-2.1,20260205,bas-1+cest-2.1##20260205,0.1768,0.0000,0.0000
bas-1+cest-2.1,20260205,bas-1+cest-2.1##20260205,0.0984,0.0000,0.0000
bas-1+cest-2.1,20260205,bas-1+cest-2.1##20260205,0.1293,0.0000,0.0000
bas-1+cest-2.1,20260205,bas-1+cest-2.1##20260205,0.0922,1.0791,1.0791
bas-1+cest-2.1,20260205,bas-1+cest-2.1##20260205,0.0714,0.0000,0.0000
bas-1+cest-2.1,20260205,bas-1+cest-2.1##20260205,0.1257,0.0000,0.0000
bas-1+cest-2.1,20260205,bas-1+cest-2.1##20260205,0.0768,5.8027,2.3211
bas-1+cest-2.1,20260205,bas-1+cest-2.1##20260205,0.0872,4.2105,0.0000
bas-1+cest-2.1,20260205,bas-1+cest-2.1##20260205,0.0749,1.7493,0.0000
bas-1+cest-2.1,20260205,bas-1+cest-2.1##20260205,,0.0000,13.0435
bas-1+cest-2.1,20260205,bas-1+cest-2.1##20260205,0.0941,0.0000,0.0000
bas-1+cest-2.1,20260205,bas-1+cest-2.1##20260205,0.1369,0.0000,0.0000
bas-1+cest-2.1,20260205,bas-1+cest-2.1##20260205,0.1165,0.0000,0.0000
bas-1+cest-2.1,20260205,bas-1+cest-2.1##20260205,0.0914,0.0000,0.0000
bas-1+cest-2.1,20260205,bas-1+cest-2.1##20260205,0.0917,0.0000,0.0000
bas-1+cest-2.1,20260205,bas-1+cest-2.1##20260205,0.1232,0.0000,0.0000
bas-1+cest-2.1,20260205,bas-1+cest-2.1##20260205,0.1185,8.0000,8.0000
bas-1+cest-2.1,20260205,bas-1+cest-2.1##20260205,0.0944,0.0000,0.0000
bas-1+cest-2.1,20260205,bas-1+cest-2.1##20260205,0.1441,0.0000,0.0000
cat-1,20260122,cat-1##20260122,0.2288,0.0000,0.0000
cat-1,20260122,cat-1##20260122,0.0915,0.0000,0.0000
cat-1,20260122,cat-1##20260122,0.2077,0.0000,0.0000
cat-1,20260122,cat-1##20260122,0.1390,0.0000,0.0000
cat-1,20260122,cat-1##20260122,0.1842,0.0000,0.0000
cat-1,20260122,cat-1##20260122,0.1896,0.0000,0.0000
cat-1,20260122,cat-1##20260122,0.1770,0.0000,0.0000
cat-1,20260122,cat-1##20260122,0.1969,0.6276,0.6276
cat-1,20260122,cat-1##20260122,0.2135,0.0000,0.0000
cat-1,20260122,cat-1##20260122,0.2121,0.0000,0.0000
cat-1,20260122,cat-1##20260122,0.2120,0.0000,0.0000
cat-1,20260122,cat-1##20260122,0.1971,0.0000,0.0000
cat-1,20260122,cat-1##20260122,0.2284,0.0000,0.0000
cat-1,20260122,cat-1##20260122,0.2121,0.0000,0.0000
cat-1,20260122,cat-1##20260122,0.1676,0.0000,0.0000
cat-1,20260122,cat-1##20260122,0.1782,0.0000,0.0000
cat-1,20260122,cat-1##20260122,0.1836,0.0000,0.0000
cat-1,20260122,cat-1##20260122,0.2113,0.0000,0.0000
cat-1,20260122,cat-1##20260122,0.2385,0.0000,0.0000
cat-1,20260122,cat-1##20260122,0.1878,0.4591,0.4591
cat-1,20260122,cat-1##20260122,0.1852,2.8169,0.0000
cat-1,20260122,cat-1##20260122,0.1402,0.0000,0.0000
cat-1,20260122,cat-1##20260122,0.1652,0.0000,0.0000
cat-1,20260122,cat-1##20260122,0.1935,0.0000,0.0000
cat-1,20260122,cat-1##20260122,0.0645,1.8947,2.5263
cat-1,20260122,cat-1##20260122,0.1483,0.0000,0.0000
cat-1,20260122,cat-1##20260122,0.2451,2.0654,2.0654
cat-1,20260122,cat-1##20260122,0.1636,1.8433,1.8433
cat-1,20260122,cat-1##20260122,0.1878,0.0000,0.0000
cat-1,20260122,cat-1##20260122,0.1641,0.8163,0.4082
cat-1,20260122,cat-1##20260122,0.1675,0.0000,6.8182
cat-1,20260122,cat-1##20260122,0.2088,0.0000,0.0000
cat-1,20260122,cat-1##20260122,0.2381,0.4532,0.0000
cat-1,20260122,cat-1##20260122,0.2056,0.0000,0.0000
cat-1,20260122,cat-1##20260122,0.2079,0.0000,0.0000
cat-1,20260122,cat-1##20260122,0.1920,0.0000,0.5618
cat-1,20260122,cat-1##20260122,0.1880,0.0000,0.0000
cat-1,20260122,cat-1##20260122,0.1471,0.0000,0.0000
cat-1,20260122,cat-1##20260122,0.1688,0.6135,1.2270
cat-1,20260122,cat-1##20260122,,8.1081,16.2162
cat-1,20260122,cat-1##20260122,0.2294,0.0000,0.0000
cat-1,20260122,cat-1##20260122,0.1604,0.0000,0.0000
cat-1,20260122,cat-1##20260122,0.1953,0.0000,0.0000
cat-1,20260122,cat-1##20260122,0.1816,2.3653,0.0000
cat-1,20260122,cat-1##20260122,0.1317,0.0000,0.0000
cat-1,20260122,cat-1##20260122,0.1792,0.0000,0.0000
cat-1,20260122,cat-1##20260122,0.0805,0.0000,0.0000
cat-1,20260122,cat-1##20260122,0.0742,0.0000,0.0000
cat-1,20260122,cat-1##20260122,0.1483,7.7922,0.0000
cat-1,20260122,cat-1##20260122,0.0370,0.0000,0.0000
cat-1,20260122,cat-1##20260122,0.1342,2.1583,0.0000
cat-1,20260122,cat-1##20260122,0.1591,0.0000,2.9268
cat-1,20260123,cat-1##20260123,0.2512,0.0000,0.0000
cat-1,20260123,cat-1##20260123,0.2033,0.0000,0.0000
cat-1,20260123,cat-1##20260123,0.1968,0.0000,0.0000
cat-1,20260123,cat-1##20260123,0.1975,2.8346,3.7795
cat-1,20260123,cat-1##20260123,0.2357,0.0000,0.0000
cat-1,20260123,cat-1##20260123,0.2264,0.0000,0.0000
cat-1,20260123,cat-1##20260123,0.1941,1.0435,0.5217
cat-1,20260123,cat-1##20260123,0.2439,1.1550,2.8874
cat-1,20260123,cat-1##20260123,0.2359,0.0000,0.0000
cat-1,20260123,cat-1##20260123,0.0542,4.0000,2.5000
cat-1,20260123,cat-1##20260123,0.1736,0.0000,0.0000
cat-1,20260123,cat-1##20260123,0.2326,0.0000,0.0000
cat-1,20260123,cat-1##20260123,0.2315,0.0000,1.9293
cat-1,20260123,cat-1##20260123,0.2397,0.0000,0.0000
cat-1,20260123,cat-1##20260123,0.2313,0.0000,0.0000
cat-1,20260123,cat-1##20260123,0.2074,3.9344,1.9672
cat-1,20260123,cat-1##20260123,0.2650,0.0000,0.0000
cat-1,20260123,cat-1##20260123,0.1917,0.0000,0.0000
cat-1,20260123,cat-1##20260123,0.1509,8.0000,8.0000
cat-1,20260123,cat-1##20260123,0.1484,0.0000,0.0000
cat-1,20260123,cat-1##20260123,0.2098,0.0000,0.0000
cat-1,20260123,cat-1##20260123,0.1755,4.5455,4.5455
cat-1,20260123,cat-1##20260123,0.2317,0.0000,0.0000
cat-1,20260123,cat-1##20260123,0.2229,0.0000,0.0000
cat-1,20260123,cat-1##20260123,0.2810,0.0000,0.0000
cat-1,20260123,cat-1##20260123,0.1907,1.4563,0.0000
cat-1,20260123,cat-1##20260123,0.2125,0.0000,0.0000
cat-1,20260123,cat-1##20260123,0.2158,1.8828,0.0000
cat-1,20260123,cat-1##20260123,0.2053,0.0000,0.0000
cat-1,20260123,cat-1##20260123,0.1781,0.0000,0.0000
cat-1,20260123,cat-1##20260123,0.2244,0.0000,0.0000
cat-1,20260123,cat-1##20260123,0.1844,2.0882,1.3921
cat-1,20260123,cat-1##20260123,0.2362,0.0000,0.0000
cat-1,20260123,cat-1##20260123,0.1516,0.0000,0.0000
cat-1,20260123,cat-1##20260123,0.2237,0.0000,0.9346
cat-1,20260123,cat-1##20260123,0.2398,1.5873,1.5873
cat-1,20260123,cat-1##20260123,0.1848,0.0000,0.0000
cat-1,20260123,cat-1##20260123,0.2101,1.0714,1.0714
cat-1,20260123,cat-1##20260123,0.2171,0.0000,0.0000
cat-1,20260123,cat-1##20260123,0.2175,0.0000,0.0000
cat-1,20260123,cat-1##20260123,0.2407,0.0000,0.0000
cat-1,20260123,cat-1##20260123,0.1699,0.9036,0.3012
cat-1,20260123,cat-1##20260123,0.1205,2.8846,0.0000
cat-1,20260123,cat-1##20260123,0.2586,0.0000,0.0000
cat-1,20260123,cat-1##20260123,0.1991,3.8961,2.5974
cat-1,20260123,cat-1##20260123,0.2225,1.3575,0.0000
cat-1,20260123,cat-1##20260123,0.2542,0.0000,0.0000
cat-1,20260123,cat-1##20260123,0.1941,0.0000,0.0000
cat-1,20260123,cat-1##20260123,0.2044,0.9885,0.0000
cat-1,20260123,cat-1##20260123,0.2082,1.0526,3.1579
cat-1,20260123,cat-1##20260123,0.2174,0.0000,0.0000
cat-1,20260123,cat-1##20260123,0.2076,1.9093,1.4320
cat-1,20260123,cat-1##20260123,0.2149,0.0000,2.0906
cat-1,20260123,cat-1##20260123,0.2418,0.0000,0.0000
cat-1,20260123,cat-1##20260123,0.1274,2.4590,4.9180
cat-1,20260123,cat-1##20260123,0.2336,0.0000,0.0000
cat-1,20260123,cat-1##20260123,0.2447,2.3841,1.5894
cat-1,20260123,cat-1##20260123,0.1983,0.0000,0.0000
cat-1,20260123,cat-1##20260123,0.2337,2.1898,4.3796
cat-1,20260123,cat-1##20260123,0.2049,0.0000,1.4218
cat-1,20260123,cat-1##20260123,0.2208,0.0000,0.0000
cat-1,20260123,cat-1##20260123,0.2268,0.0000,0.0000
cat-1,20260123,cat-1##20260123,0.2162,0.0000,0.0000
cat-1,20260123,cat-1##20260123,0.2426,0.0000,0.0000
cat-1,20260123,cat-1##20260123,0.1507,0.0000,0.0000
cat-1,20260123,cat-1##20260123,0.1971,3.2498,0.8125
cat-1,20260123,cat-1##20260123,0.1950,0.0000,0.0000
cat-1,20260123,cat-1##20260123,0.2244,0.0000,0.0000
cat-1,20260123,cat-1##20260123,0.2529,0.0000,0.0000
cat-1,20260123,cat-1##20260123,0.2181,1.1561,0.0000
cat-1,20260123,cat-1##20260123,0.1728,3.1873,1.5936
cat-1,20260123,cat-1##20260123,0.2146,0.7812,0.7812
cat-1,20260123,cat-1##20260123,0.2253,0.0000,0.0000
cat-1,20260123,cat-1##20260123,0.2559,0.0000,0.0000
cat-1,20260123,cat-1##20260123,0.2012,0.0000,0.5742
cat-1,20260123,cat-1##20260123,0.2302,0.0000,0.0000
cat-1,20260123,cat-1##20260123,0.2291,1.1928,0.0000
cat-1,20260123,cat-1##20260123,0.1996,0.0000,0.0000
cat-1,20260123,cat-1##20260123,0.0599,10.0000,0.0000
cat-1,20260123,cat-1##20260123,0.2159,0.0000,0.0000
cat-1,20260123,cat-1##20260123,0.1301,1.1673,0.0000
cat-1,20260123,cat-1##20260123,0.1985,0.0000,0.0000
cat-1,20260123,cat-1##20260123,0.1610,0.0000,1.9108
cat-1,20260123,cat-1##20260123,0.2244,1.3667,1.3667
cat-1,20260123,cat-1##20260123,0.2260,0.0000,0.5888
cat-1,20260123,cat-1##20260123,0.1824,0.0000,0.0000
cat-1,20260123,cat-1##20260123,0.1786,0.0000,0.0000
cat-1,20260123,cat-1##20260123,0.2051,1.1742,2.3483
cat-1,20260123,cat-1##20260123,0.2270,0.6283,0.6283
cat-1,20260123,cat-1##20260123,0.0749,0.0000,9.8361
cat-1,20260123,cat-1##20260123,0.2182,0.0000,0.0000
cat-1,20260123,cat-1##20260123,0.1988,0.0000,0.0000
cat-1,20260123,cat-1##20260123,0.1965,0.0000,0.0000
cat-1,20260123,cat-1##20260123,0.2589,0.8785,0.8785
cat-1,20260123,cat-1##20260123,0.1081,4.3924,4.3924
cat-1,20260123,cat-1##20260123,0.1634,0.0000,0.0000
cat-1,20260123,cat-1##20260123,0.2585,1.0949,1.0949
cat-1,20260123,cat-1##20260123,0.1194,0.0000,2.1818
cat-1,20260123,cat-1##20260123,0.1970,0.0000,0.0000
cat-1,20260123,cat-1##20260123,0.2035,0.0000,0.0000
cat-1,20260123,cat-1##20260123,0.2616,0.0000,0.0000
cat-1,20260123,cat-1##20260123,0.0443,0.0000,0.0000
cat-1,20260123,cat-1##20260123,0.2108,0.0000,0.0000
cat-1,20260123,cat-1##20260123,0.2501,2.2472,4.4944
cat-1,20260123,cat-1##20260123,0.2169,0.0000,0.0000
cat-1,20260123,cat-1##20260123,0.3049,0.0000,0.0000
cat-1,20260123,cat-1##20260123,0.2164,1.6620,1.6620
cat-1,20260123,cat-1##20260123,0.2409,0.0000,0.0000
cat-1,20260123,cat-1##20260123,0.2538,4.6154,0.0000
cat-1,20260123,cat-1##20260123,0.2149,0.0000,0.0000
cat-1,20260123,cat-1##20260123,0.2021,0.0000,0.0000
cat-1,20260123,cat-1##20260123,0.2095,0.0000,0.0000
cat-1,20260123,cat-1##20260123,0.0545,7.5000,0.0000
cat-1,20260124,cat-1##20260124,0.1865,2.1779,0.0000
cat-1,20260124,cat-1##20260124,0.1509,0.0000,2.9703
cat-1,20260124,cat-1##20260124,0.2641,0.0000,0.0000
cat-1,20260124,cat-1##20260124,0.2285,0.0000,0.0000
cat-1,20260124,cat-1##20260124,0.1945,0.0000,0.0000
cat-1,20260124,cat-1##20260124,0.1680,0.0000,1.0280
cat-1,20260124,cat-1##20260124,0.2028,0.0000,0.0000
cat-1,20260124,cat-1##20260124,0.1822,0.0000,0.0000
cat-1,20260124,cat-1##20260124,0.1908,0.0000,0.0000
cat-1,20260124,cat-1##20260124,0.2149,0.0000,0.0000
cat-1,20260124,cat-1##20260124,0.2065,0.0000,0.0000
cat-1,20260124,cat-1##20260124,0.2048,0.0000,0.0000
cat-1,20260124,cat-1##20260124,0.2557,0.0000,0.0000
cat-1,20260124,cat-1##20260124,0.2147,0.0000,0.0000
cat-1,20260124,cat-1##20260124,0.1445,0.5098,0.5098
cat-1,20260124,cat-1##20260124,0.1515,0.0000,0.0000
cat-1,20260124,cat-1##20260124,0.1774,0.0000,0.0000
cat-1,20260124,cat-1##20260124,0.1743,0.0000,1.8927
cat-1,20260124,cat-1##20260124,0.1773,0.0000,0.0000
cat-1,20260124,cat-1##20260124,0.2149,0.0000,0.0000
cat-1,20260124,cat-1##20260124,0.1738,0.0000,0.0000
cat-1,20260124,cat-1##20260124,0.1806,0.0000,0.0000
cat-1,20260124,cat-1##20260124,0.1847,0.0000,0.0000
cat-1,20260124,cat-1##20260124,0.1897,0.0000,0.0000
cat-1,20260124,cat-1##20260124,0.1294,0.0000,0.0000
cat-1,20260124,cat-1##20260124,0.2209,0.0000,0.0000
cat-1,20260124,cat-1##20260124,0.1193,0.0000,8.3333
cat-1,20260124,cat-1##20260124,0.1421,0.8639,0.0000
cat-1,20260124,cat-1##20260124,0.1295,0.0000,0.4135
cat-1,20260124,cat-1##20260124,0.1859,1.1976,2.3952
cat-1,20260124,cat-1##20260124,0.2194,0.0000,0.0000
cat-1,20260124,cat-1##20260124,0.1823,2.7088,1.3544
cat-1,20260124,cat-1##20260124,0.1870,0.0000,0.0000
cat-1,20260124,cat-1##20260124,0.1167,0.0000,0.0000
cat-1,20260124,cat-1##20260124,0.1550,0.0000,0.3132
cat-1,20260124,cat-1##20260124,0.1873,0.0000,0.0000
cat-1,20260124,cat-1##20260124,0.1715,0.0000,0.0000
cat-1,20260124,cat-1##20260124,0.1843,2.6471,0.8824
cat-1,20260124,cat-1##20260124,0.1748,0.0000,0.0000
cat-1,20260124,cat-1##20260124,0.1701,0.0000,0.0000
cat-1,20260124,cat-1##20260124,0.1368,0.0000,0.0000
cat-1,20260124,cat-1##20260124,0.2256,0.0000,0.0000
cat-1,20260124,cat-1##20260124,0.1909,5.0633,5.0633
cat-1,20260124,cat-1##20260124,0.2276,0.0000,0.0000
cat-1,20260124,cat-1##20260124,0.1894,0.0000,0.0000
cat-1,20260124,cat-1##20260124,0.1901,0.0000,2.2140
cat-1,20260124,cat-1##20260124,0.1998,0.0000,0.0000
cat-1,20260124,cat-1##20260124,0.1485,0.0000,0.0000
cat-1,20260124,cat-1##20260124,0.1555,0.8451,0.0000
cat-1,20260124,cat-1##20260124,0.1643,2.6667,4.0000
cat-1,20260124,cat-1##20260124,0.1248,0.6006,0.0000
cat-1,20260124,cat-1##20260124,0.1634,1.0490,2.0979
cat-1,20260124,cat-1##20260124,0.1278,0.0000,13.4831
cat-1,20260124,cat-1##20260124,0.1908,0.0000,0.0000
cat-1,20260124,cat-1##20260124,0.0797,0.0000,0.0000
cat-1,20260124,cat-1##20260124,0.2115,0.7682,1.5365
cat-1,20260124,cat-1##20260124,0.1912,0.5329,0.0000
cat-1,20260124,cat-1##20260124,0.1886,0.0000,0.0000
cat-1,20260124,cat-1##20260124,0.2088,0.0000,0.0000
cat-1,20260124,cat-1##20260124,0.1475,1.5267,1.5267
cat-1,20260124,cat-1##20260124,0.1985,0.0000,0.0000
cat-1,20260124,cat-1##20260124,0.1225,0.0000,1.4151
cat-1,20260124,cat-1##20260124,0.1942,0.0000,3.8217
cat-1,20260124,cat-1##20260124,0.1818,1.5748,1.5748
cat-1,20260124,cat-1##20260124,0.2028,0.0000,0.0000
cat-1,20260124,cat-1##20260124,0.2352,0.0000,0.0000
cat-1,20260124,cat-1##20260124,0.1661,2.0979,0.0000
cat-1,20260124,cat-1##20260124,0.2262,0.0000,0.0000
cat-1,20260124,cat-1##20260124,0.2137,0.0000,0.0000
cat-1,20260124,cat-1##20260124,0.1514,1.3043,3.9130
cat-1,20260124,cat-1##20260124,0.1247,0.0000,0.0000
cat-1,20260124,cat-1##20260124,0.1812,0.0000,0.0000
cat-1,20260124,cat-1##20260124,0.1299,3.2520,1.6260
cat-1,20260124,cat-1##20260124,0.1645,0.0000,0.0000
cat-1,20260124,cat-1##20260124,0.1893,0.0000,0.0000
cat-1,20260124,cat-1##20260124,0.1906,0.0000,0.0000
cat-1,20260124,cat-1##20260124,0.1702,0.0000,0.0000
cat-1,20260124,cat-1##20260124,0.1688,2.4793,4.9587
cat-1,20260124,cat-1##20260124,0.1791,0.0000,0.0000
cat-1,20260124,cat-1##20260124,0.2062,0.0000,0.0000
cat-1,20260124,cat-1##20260124,0.1182,1.4218,0.0000
cat-1,20260124,cat-1##20260124,0.1831,0.0000,0.0000
cat-1,20260124,cat-1##20260124,0.2645,0.0000,0.0000
cat-1,20260124,cat-1##20260124,0.2090,0.0000,0.0000
cat-1,20260124,cat-1##20260124,0.2173,0.0000,0.0000
cat-1,20260124,cat-1##20260124,0.2142,0.0000,0.0000
cat-1,20260124,cat-1##20260124,0.1774,2.7650,5.5300
cat-1,20260124,cat-1##20260124,0.1659,0.0000,0.0000
cat-1,20260124,cat-1##20260124,0.1985,0.0000,0.0000
cat-1,20260124,cat-1##20260124,0.1317,0.0000,0.0000
cat-1,20260124,cat-1##20260124,0.1992,0.0000,0.0000
cat-1,20260124,cat-1##20260124,0.2062,0.0000,0.0000
cat-1,20260124,cat-1##20260124,0.1810,0.0000,0.0000
cat-1,20260124,cat-1##20260124,0.2066,0.0000,0.0000
cat-1,20260124,cat-1##20260124,0.1785,0.0000,0.0000
cat-1,20260124,cat-1##20260124,0.1777,0.0000,0.0000
cat-1,20260124,cat-1##20260124,0.2048,0.0000,0.0000
cest-1.2,20260126,cest-1.2##20260126,0.1953,4.8387,4.8387
cest-1.2,20260126,cest-1.2##20260126,0.1893,0.0000,0.8108
cest-1.2,20260126,cest-1.2##20260126,0.1751,0.0000,3.5714
cest-1.2,20260126,cest-1.2##20260126,0.1473,0.0000,0.0000
cest-1.2,20260126,cest-1.2##20260126,0.1346,0.0000,0.0000
cest-1.2,20260126,cest-1.2##20260126,0.1131,0.0000,0.0000
cest-1.2,20260126,cest-1.2##20260126,0.2125,0.0000,0.0000
cest-1.2,20260126,cest-1.2##20260126,0.1929,0.7732,0.7732
cest-1.2,20260126,cest-1.2##20260126,0.2241,1.1788,2.3576
cest-1.2,20260126,cest-1.2##20260126,0.0688,12.2553,1.7872
cest-1.2,20260126,cest-1.2##20260126,,24.0000,48.0000
cest-1.2,20260126,cest-1.2##20260126,0.1627,0.0000,0.0000
cest-1.2,20260126,cest-1.2##20260126,0.2199,0.0000,0.0000
cest-1.2,20260126,cest-1.2##20260126,0.1753,0.0000,0.0000
cest-1.2,20260126,cest-1.2##20260126,0.1323,0.0000,6.9798
cest-1.2,20260126,cest-1.2##20260126,0.1729,0.0000,0.0000
cest-1.2,20260126,cest-1.2##20260126,0.1731,0.0000,0.0000
cest-1.2,20260126,cest-1.2##20260126,0.1839,0.0000,0.0000
cest-1.2,20260126,cest-1.2##20260126,0.0920,0.0000,8.1081
cest-1.2,20260126,cest-1.2##20260126,0.2072,0.0000,0.0000
cest-1.2,20260126,cest-1.2##20260126,0.1459,0.0000,13.1387
cest-1.2,20260126,cest-1.2##20260126,0.1531,0.0000,0.0000
cest-1.2,20260126,cest-1.2##20260126,0.1927,0.0000,4.4776
cest-1.2,20260126,cest-1.2##20260126,0.1782,0.0000,0.0000
cest-1.2,20260126,cest-1.2##20260126,0.1231,0.0000,0.0000
cest-1.2,20260126,cest-1.2##20260126,0.1379,0.0000,0.0000
cest-1.2,20260126,cest-1.2##20260126,0.1628,0.0000,0.0000
cest-1.2,20260126,cest-1.2##20260126,0.1454,0.0000,0.0000
cest-1.2,20260126,cest-1.2##20260126,0.0845,0.0000,17.6471
cest-1.2,20260126,cest-1.2##20260126,0.2202,0.0000,9.5238
cest-1.2,20260126,cest-1.2##20260126,0.1380,0.0000,0.0000
cest-1.2,20260126,cest-1.2##20260126,0.1433,0.0000,0.0000
cest-1.2,20260126,cest-1.2##20260126,0.1898,2.4096,4.8193
cest-1.2,20260126,cest-1.2##20260126,0.1059,0.0000,12.2449
cest-1.2,20260126,cest-1.2##20260126,0.1833,0.0000,0.0000
cest-1.2,20260126,cest-1.2##20260126,0.1848,0.0000,0.0000
cest-1.2,20260126,cest-1.2##20260126,0.1674,0.0000,0.0000
cest-1.2,20260126,cest-1.2##20260126,0.2018,0.0000,0.0000
cest-1.2,20260126,cest-1.2##20260126,0.1786,0.0000,5.7143
cest-1.2,20260126,cest-1.2##20260126,0.1774,0.0000,0.0000
cest-1.2,20260126,cest-1.2##20260126,0.2238,0.0000,0.0000
cest-1.2,20260126,cest-1.2##20260126,0.1656,0.0000,0.0000
cest-1.2,20260126,cest-1.2##20260126,0.1309,0.0000,0.0000
cest-1.2,20260126,cest-1.2##20260126,0.2260,0.0000,0.0000
cest-1.2,20260126,cest-1.2##20260126,0.1531,0.0000,0.0000
cest-1.2,20260126,cest-1.2##20260126,0.1305,0.0000,0.0000
cest-1.2,20260126,cest-1.2##20260126,0.1834,0.0000,1.3274
cest-1.2,20260126,cest-1.2##20260126,0.1890,0.0000,0.0000
cest-1.2,20260126,cest-1.2##20260126,0.1122,0.0000,15.7895
cest-1.2,20260126,cest-1.2##20260126,0.2249,0.0000,0.0000
cest-1.2,20260126,cest-1.2##20260126,0.1834,0.0000,0.0000
cest-1.2,20260126,cest-1.2##20260126,0.1016,0.0000,0.0000
cest-1.2,20260126,cest-1.2##20260126,0.1694,0.0000,0.0000
cest-1.2,20260126,cest-1.2##20260126,0.1832,0.0000,0.0000
cest-1.2,20260126,cest-1.2##20260126,0.1861,0.0000,0.0000
cest-1.2,20260126,cest-1.2##20260126,0.1989,0.0000,0.0000
cest-1.2,20260126,cest-1.2##20260126,0.1542,0.0000,0.0000
cest-1.2,20260126,cest-1.2##20260126,0.1358,1.0110,2.5274
cest-1.2,20260126,cest-1.2##20260126,0.2001,0.0000,0.0000
cest-1.2,20260126,cest-1.2##20260126,0.1396,2.7149,8.1448
cest-1.2,20260126,cest-1.2##20260126,0.1047,0.0000,0.0000
cest-1.2,20260126,cest-1.2##20260126,0.1927,0.0000,0.0000
cest-1.2,20260126,cest-1.2##20260126,0.1888,0.0000,0.0000
cest-1.2,20260126,cest-1.2##20260126,0.0962,0.0000,0.0000
cest-1.2,20260126,cest-1.2##20260126,0.1784,0.0000,0.0000
cest-1.2,20260126,cest-1.2##20260126,0.1810,0.0000,0.0000
cest-1.2,20260126,cest-1.2##20260126,0.1581,0.0000,0.0000
cest-1.2,20260126,cest-1.2##20260126,0.1470,0.0000,0.0000
cest-1.2,20260126,cest-1.2##20260126,0.1678,0.0000,0.0000
cest-1.2,20260126,cest-1.2##20260126,0.1207,0.0000,0.0000
cest-1.2,20260126,cest-1.2##20260126,0.1859,0.0000,0.0000
cest-1.2,20260126,cest-1.2##20260126,0.1854,0.0000,0.0000
cest-1.2,20260126,cest-1.2##20260126,0.1993,0.0000,6.0606
cest-1.2,20260126,cest-1.2##20260126,0.1689,0.0000,0.0000
cest-1.2,20260126,cest-1.2##20260126,0.1332,0.0000,0.0000
cest-1.2,20260126,cest-1.2##20260126,0.1497,0.0000,0.0000
cest-1.2,20260126,cest-1.2##20260126,0.1499,0.0000,0.0000
cest-1.2,20260126,cest-1.2##20260126,0.2046,0.0000,0.0000
cest-1.2,20260126,cest-1.2##20260126,0.2269,0.0000,0.0000
cest-1.2,20260126,cest-1.2##20260126,0.1174,0.0000,0.0000
cest-1.2,20260126,cest-1.2##20260126,0.2001,0.0000,0.0000
cest-1.2,20260126,cest-1.2##20260126,0.1532,0.0000,0.0000
cest-1.2,20260126,cest-1.2##20260126,0.2210,4.8780,4.8780
cest-1.2,20260126,cest-1.2##20260126,0.1476,0.0000,0.0000
cest-1.2,20260126,cest-1.2##20260126,0.1676,0.0000,0.0000
cest-1.2,20260126,cest-1.2##20260126,0.1041,0.0000,11.5385
cest-1.2,20260126,cest-1.2##20260126,0.1143,6.3158,6.3158
cest-1.2,20260126,cest-1.2##20260126,0.1739,0.0000,1.3730
cest-1.2,20260126,cest-1.2##20260126,0.1533,0.0000,0.0000
cest-1.2,20260126,cest-1.2##20260126,0.1488,0.0000,0.0000
cest-1.2,20260126,cest-1.2##20260126,0.2276,0.0000,0.0000
cest-1.2,20260126,cest-1.2##20260126,0.1200,6.5217,6.5217
cest-1.2,20260126,cest-1.2##20260126,0.1505,0.0000,0.0000
cest-1.2,20260126,cest-1.2##20260126,0.1292,0.0000,0.0000
cest-1.2,20260126,cest-1.2##20260126,0.1828,0.0000,2.3810
cest-1.2,20260126,cest-1.2##20260126,0.1763,0.0000,5.4054
cest-1.2,20260126,cest-1.2##20260126,0.2255,0.0000,5.5556
cest-1.2,20260126,cest-1.2##20260126,0.0915,0.0000,0.0000
cest-1.2,20260126,cest-1.2##20260126,0.1325,0.0000,0.0000
cest-1.2,20260127,cest-1.2##20260127,0.1098,0.0000,0.0000
cest-1.2,20260127,cest-1.2##20260127,0.1523,0.6079,0.6079
cest-1.2,20260127,cest-1.2##20260127,0.1472,0.0000,0.0000
cest-1.2,20260127,cest-1.2##20260127,0.1997,0.0000,0.0000
cest-1.2,20260127,cest-1.2##20260127,0.1298,2.1622,1.0811
cest-1.2,20260127,cest-1.2##20260127,0.0813,1.8538,0.0000
cest-1.2,20260127,cest-1.2##20260127,0.1356,0.0000,0.0000
cest-1.2,20260127,cest-1.2##20260127,0.1405,1.4328,1.4328
cest-1.2,20260127,cest-1.2##20260127,0.1328,0.0000,0.0000
cest-1.2,20260127,cest-1.2##20260127,0.1487,0.0000,0.0000
cest-1.2,20260127,cest-1.2##20260127,0.1523,0.0000,0.0000
cest-1.2,20260127,cest-1.2##20260127,0.1396,0.7757,2.3271
cest-1.2,20260127,cest-1.2##20260127,0.0616,7.1090,1.4218
cest-1.2,20260127,cest-1.2##20260127,0.0946,0.0000,19.2308
cest-1.2,20260127,cest-1.2##20260127,0.1613,0.0000,1.9672
cest-1.2,20260127,cest-1.2##20260127,0.1744,0.0000,0.0000
cest-1.2,20260127,cest-1.2##20260127,0.0925,0.0000,0.0000
cest-1.2,20260127,cest-1.2##20260127,0.1194,0.0000,0.0000
cest-1.2,20260127,cest-1.2##20260127,0.1508,1.9313,1.2876
cest-1.2,20260127,cest-1.2##20260127,0.0839,14.0078,0.0000
cest-1.2,20260127,cest-1.2##20260127,0.1406,0.0000,0.4559
cest-1.2,20260127,cest-1.2##20260127,0.1434,0.0000,0.0000
cest-1.2,20260127,cest-1.2##20260127,0.0619,11.1111,3.7037
cest-1.2,20260127,cest-1.2##20260127,0.1567,2.6115,1.3058
cest-1.2,20260127,cest-1.2##20260127,0.1528,3.5928,1.7964
cest-1.2,20260127,cest-1.2##20260127,0.1269,0.0000,0.0000
cest-1.2,20260127,cest-1.2##20260127,0.1332,0.0000,0.0000
cest-1.2,20260127,cest-1.2##20260127,0.1400,0.0000,1.5873
cest-1.2,20260127,cest-1.2##20260127,0.0755,0.0000,0.0000
cest-1.2,20260127,cest-1.2##20260127,0.1736,0.0000,2.4624
cest-1.2,20260127,cest-1.2##20260127,0.1413,2.4624,0.8208
cest-1.2,20260127,cest-1.2##20260127,0.1484,0.0000,1.0850
cest-1.2,20260127,cest-1.2##20260127,0.0882,9.6774,9.6774
cest-1.2,20260127,cest-1.2##20260127,0.0601,10.7143,2.1429
cest-1.2,20260127,cest-1.2##20260127,0.1347,0.0000,0.0000
cest-1.2,20260127,cest-1.2##20260127,0.1562,0.0000,0.0000
cest-1.2,20260127,cest-1.2##20260127,0.1431,4.3011,2.1505
cest-1.2,20260127,cest-1.2##20260127,0.1888,0.0000,0.0000
cest-1.2,20260127,cest-1.2##20260127,,24.0000,12.0000
cest-1.2,20260127,cest-1.2##20260127,0.1626,0.0000,0.0000
cest-1.2,20260127,cest-1.2##20260127,0.0888,0.0000,0.0000
cest-1.2,20260128,cest-1.2##20260128,0.1209,0.0000,0.0000
cest-1.2,20260128,cest-1.2##20260128,0.1272,1.9672,0.0000
cest-1.2,20260128,cest-1.2##20260128,0.1564,0.0000,0.0000
cest-1.2,20260128,cest-1.2##20260128,0.1589,0.0000,0.0000
cest-1.2,20260128,cest-1.2##20260128,0.1425,0.0000,0.0000
cest-1.2,20260128,cest-1.2##20260128,0.0568,0.0000,2.5105
cest-1.2,20260128,cest-1.2##20260128,0.1624,1.6854,0.0000
cest-1.2,20260128,cest-1.2##20260128,0.1894,0.0000,0.0000
cest-1.2,20260128,cest-1.2##20260128,0.1602,0.0000,0.0000
cest-1.2,20260128,cest-1.2##20260128,0.1559,3.6254,0.0000
cest-1.2,20260128,cest-1.2##20260128,0.1998,0.0000,0.0000
cest-1.2,20260128,cest-1.2##20260128,0.1860,0.0000,0.0000
cest-1.2,20260128,cest-1.2##20260128,0.1781,0.0000,0.0000
cest-1.2,20260128,cest-1.2##20260128,0.1175,0.0000,0.0000
cest-1.2,20260128,cest-1.2##20260128,0.1021,4.6154,4.6154
cest-1.2,20260128,cest-1.2##20260128,0.1857,2.6374,1.3187
cest-1.2,20260128,cest-1.2##20260128,0.1488,5.5046,11.0092
cest-1.2,20260128,cest-1.2##20260128,0.1676,0.8559,1.7118
cest-1.2,20260128,cest-1.2##20260128,0.1384,0.0000,0.0000
cest-1.2,20260128,cest-1.2##20260128,0.1489,0.0000,0.0000
cest-1.2,20260128,cest-1.2##20260128,0.1528,0.0000,0.0000
cest-1.2,20260128,cest-1.2##20260128,0.1898,2.2936,1.3761
cest-1.2,20260128,cest-1.2##20260128,0.1419,0.0000,0.0000
cest-1.2,20260128,cest-1.2##20260128,0.1658,1.7951,2.2438
cest-1.2,20260128,cest-1.2##20260128,0.1095,1.8634,0.0000
cest-1.2,20260128,cest-1.2##20260128,0.1458,0.0000,0.0000
cest-1.2,20260128,cest-1.2##20260128,0.1603,0.0000,0.0000
cest-1.2,20260128,cest-1.2##20260128,0.0964,0.0000,0.0000
cest-1.2,20260128,cest-1.2##20260128,0.1768,0.0000,0.0000
cest-1.2,20260128,cest-1.2##20260128,0.1719,0.7186,1.4371
cest-1.2,20260128,cest-1.2##20260128,0.0842,0.0000,0.0000
cest-1.2,20260128,cest-1.2##20260128,0.0850,0.0000,0.0000
cest-1.2,20260128,cest-1.2##20260128,0.1229,0.0000,0.0000
cest-1.2,20260128,cest-1.2##20260128,0.1464,9.9174,0.0000
cest-1.2,20260128,cest-1.2##20260128,0.1162,0.0000,0.0000
cest-1.2,20260128,cest-1.2##20260128,0.1380,1.3493,2.6987
cest-1.2,20260128,cest-1.2##20260128,0.1626,0.0000,0.0000
cest-1.2,20260128,cest-1.2##20260128,0.0988,0.0000,0.0000
cest-1.2,20260128,cest-1.2##20260128,0.1280,2.8346,0.0000
cest-1.2,20260128,cest-1.2##20260128,0.1342,1.8127,0.0000
cest-1.2,20260128,cest-1.2##20260128,0.1576,1.9841,1.5873
cest-1.2,20260128,cest-1.2##20260128,0.0995,0.0000,5.5046
cest-1.2,20260128,cest-1.2##20260128,0.1663,3.8136,1.2712
cest-1.2,20260128,cest-1.2##20260128,0.1040,0.0000,0.0000
cest-1.2,20260128,cest-1.2##20260128,0.1604,0.0000,0.0000
cest-1.2,20260128,cest-1.2##20260128,0.1444,0.0000,0.0000
cest-1.2,20260128,cest-1.2##20260128,0.0546,0.0000,5.4545
cest-1.2,20260128,cest-1.2##20260128,0.1732,0.0000,0.0000
cest-1.2,20260128,cest-1.2##20260128,0.1412,0.0000,0.0000
cest-1.2,20260128,cest-1.2##20260128,,17.6471,35.2941
cest-1.2,20260128,cest-1.2##20260128,0.1243,2.0979,2.0979
cest-1.2,20260128,cest-1.2##20260128,0.1521,0.0000,0.0000
cest-1.2,20260128,cest-1.2##20260128,0.1904,1.2346,1.2346
cest-1.2,20260128,cest-1.2##20260128,0.1331,0.0000,0.0000
cest-1.2,20260128,cest-1.2##20260128,0.1291,0.0000,0.0000
cest-1.2,20260128,cest-1.2##20260128,0.1666,0.0000,0.0000
cest-1.2,20260128,cest-1.2##20260128,0.1036,0.0000,0.0000
cest-1.2,20260128,cest-1.2##20260128,0.1345,0.0000,0.0000
cest-1.2,20260128,cest-1.2##20260128,0.1570,1.0017,0.0000
cest-1.2,20260128,cest-1.2##20260128,0.2096,0.0000,0.0000
cest-1.2,20260128,cest-1.2##20260128,0.1115,0.0000,0.0000
cest-1.2,20260128,cest-1.2##20260128,0.1133,0.0000,7.2289
cest-1.2,20260128,cest-1.2##20260128,0.1794,0.0000,0.0000
cest-1.2,20260128,cest-1.2##20260128,0.1172,0.0000,5.3715
cest-1.2,20260128,cest-1.2##20260128,0.1841,0.0000,0.0000
cest-1.2,20260128,cest-1.2##20260128,0.1352,0.0000,0.0000
cest-1.2,20260128,cest-1.2##20260128,0.0501,0.0000,2.0339
cest-1.2,20260128,cest-1.2##20260128,0.1289,1.2658,0.0000
cest-1.2,20260128,cest-1.2##20260128,0.1725,1.2903,0.0000
cest-1.2,20260128,cest-1.2##20260128,0.1412,0.0000,3.0691
cest-1.2,20260128,cest-1.2##20260128,0.1761,0.0000,0.0000
cest-1.2,20260128,cest-1.2##20260128,0.1524,4.0541,0.0000
cest-1.2,20260128,cest-1.2##20260128,0.1716,2.9412,2.9412
cest-1.2,20260128,cest-1.2##20260128,0.1402,0.0000,0.0000
cest-1.2,20260128,cest-1.2##20260128,0.1763,1.9417,0.0000
cest-1.2,20260128,cest-1.2##20260128,0.1171,1.8018,1.2012
cest-1.2,20260128,cest-1.2##20260128,0.1487,1.5686,4.7059
cest-1.2,20260128,cest-1.2##20260128,0.1888,0.0000,0.0000
cest-1.2,20260128,cest-1.2##20260128,0.1565,1.3230,0.6615
cest-1.2,20260128,cest-1.2##20260128,0.1596,0.0000,0.0000
cest-1.2,20260128,cest-1.2##20260128,0.1791,2.7675,0.5535
cest-1.2,20260128,cest-1.2##20260128,0.1245,0.0000,0.0000
cest-1.2,20260128,cest-1.2##20260128,0.1032,0.0000,26.6667
cest-1.2,20260128,cest-1.2##20260128,0.1690,0.0000,0.0000
cest-1.2,20260128,cest-1.2##20260128,0.1655,0.0000,0.0000
cest-1.2,20260128,cest-1.2##20260128,0.1703,0.0000,0.0000
cest-1.2,20260128,cest-1.2##20260128,0.1310,1.2024,4.8096
cest-1.2,20260128,cest-1.2##20260128,0.1437,0.0000,0.0000
cest-1.2,20260128,cest-1.2##20260128,0.1325,1.7274,0.0000
cest-1.2,20260128,cest-1.2##20260128,0.1345,0.0000,0.0000
cest-1.2,20260128,cest-1.2##20260128,0.1516,1.4963,2.9925
cest-1.2,20260128,cest-1.2##20260128,0.1261,0.0000,0.0000
cest-1.2,20260128,cest-1.2##20260128,0.0554,0.0000,0.0000
cest-1.2,20260128,cest-1.2##20260128,0.2167,1.0969,0.0000
cest-1.2,20260128,cest-1.2##20260128,0.1421,0.0000,19.3548
cest-1.2,20260128,cest-1.2##20260128,0.1361,0.0000,0.0000
cest-1.2,20260128,cest-1.2##20260128,0.0786,0.0000,0.0000
cest-1.2,20260128,cest-1.2##20260128,0.1870,0.0000,0.0000
cest-1.2,20260128,cest-1.2##20260128,0.1014,0.0000,0.0000
cest-1.2,20260128,cest-1.2##20260128,0.1704,13.1868,6.5934
cest-1.2,20260128,cest-1.2##20260128,0.1792,0.0000,0.0000
cest-1.2,20260128,cest-1.2##20260128,0.1779,2.8169,2.8169
cest-1.2,20260128,cest-1.2##20260128,0.1600,0.0000,0.0000
cest-1.2,20260128,cest-1.2##20260128,0.1685,0.0000,0.0000
cest-1.2,20260128,cest-1.2##20260128,0.1119,0.0000,0.0000
cest-1.2,20260128,cest-1.2##20260128,0.1351,1.3793,0.0000
cest-1.2,20260128,cest-1.2##20260128,0.1454,2.1448,2.1448
cest-1.2,20260128,cest-1.2##20260128,0.1356,0.0000,0.0000
cest-1.2,20260128,cest-1.2##20260128,0.1532,6.3830,0.0000
cest-1.2,20260128,cest-1.2##20260128,0.1628,0.0000,3.5503
cest-1.2,20260128,cest-1.2##20260128,0.1549,0.0000,0.0000
cest-1.2,20260128,cest-1.2##20260128,0.1403,9.1255,9.1255
cest-1.2,20260128,cest-1.2##20260128,0.1508,0.0000,0.0000
cest-1.2,20260128,cest-1.2##20260128,0.1691,0.0000,0.0000
cest-1.2,20260128,cest-1.2##20260128,0.1825,0.0000,0.0000
cest-1.2,20260128,cest-1.2##20260128,0.1400,3.2907,2.1938
cest-1.2,20260128,cest-1.2##20260128,0.1566,0.0000,0.0000
cest-1.2,20260128,cest-1.2##20260128,0.1307,1.5424,0.0000
cest-1.2,20260128,cest-1.2##20260128,0.1681,2.2670,1.5113
cest-1.2,20260128,cest-1.2##20260128,0.1807,0.0000,0.0000
cest-1.2,20260128,cest-1.2##20260128,0.1684,0.6410,0.6410
cest-1.2,20260128,cest-1.2##20260128,0.1358,0.0000,0.0000
cest-1.2,20260128,cest-1.2##20260128,0.1991,1.3245,1.3245
cest-1.2,20260128,cest-1.2##20260128,0.1548,0.7362,0.0000
cest-1.2,20260128,cest-1.2##20260128,0.1504,3.1579,0.0000
cest-1.2,20260128,cest-1.2##20260128,0.1952,0.0000,0.0000
cest-1.2,20260128,cest-1.2##20260128,0.1733,3.9823,5.3097
cest-1.2,20260128,cest-1.2##20260128,0.1645,1.2397,0.0000
cest-1.2,20260128,cest-1.2##20260128,0.1492,0.0000,0.0000
cest-1.2,20260128,cest-1.2##20260128,0.1060,0.0000,0.0000
cest-1.2,20260128,cest-1.2##20260128,0.1310,0.0000,0.0000
cest-1.2,20260128,cest-1.2##20260128,0.1431,0.0000,0.0000
cest-1.2,20260128,cest-1.2##20260128,0.1277,0.0000,2.7650
cest-1.2,20260128,cest-1.2##20260128,0.1505,0.0000,0.8487
cest-1.2,20260128,cest-1.2##20260128,0.1796,0.0000,0.0000
cest-1.2,20260128,cest-1.2##20260128,0.1064,0.0000,0.0000
cest-1.2,20260128,cest-1.2##20260128,0.1291,0.0000,1.2270
cest-1.2,20260128,cest-1.2##20260128,0.1054,0.0000,6.7039
cest-1.2,20260128,cest-1.2##20260128,0.1340,0.0000,0.0000
cest-1.2,20260128,cest-1.2##20260128,0.1569,0.0000,0.0000
cest-1.2,20260128,cest-1.2##20260128,0.2147,0.0000,0.0000
cest-1.2,20260128,cest-1.2##20260128,0.1251,3.1414,6.2827
cest-1.2,20260128,cest-1.2##20260128,0.1810,3.4783,0.0000
cest-1.2,20260128,cest-1.2##20260128,0.1418,1.8490,3.6980
cest-1.2,20260128,cest-1.2##20260128,0.1478,1.9576,1.9576
cest-1.2,20260128,cest-1.2##20260128,0.1083,0.0000,0.0000
cest-1.2,20260128,cest-1.2##20260128,0.1556,0.0000,0.0000
cest-1.2,20260128,cest-1.2##20260128,0.1448,0.0000,0.0000
cest-1.2,20260128,cest-1.2##20260128,0.1288,0.0000,0.0000
cest-1.2,20260128,cest-1.2##20260128,0.1327,0.0000,0.0000
cest-1.2,20260128,cest-1.2##20260128,0.1192,0.0000,0.0000
cest-1.2,20260128,cest-1.2##20260128,0.1140,0.0000,0.0000
cest-1.2,20260128,cest-1.2##20260128,0.1107,0.0000,0.0000
cest-1.2,20260128,cest-1.2##20260128,0.1168,0.0000,0.0000
cest-1.2,20260128,cest-1.2##20260128,0.1972,0.0000,0.0000
cest-1.2,20260128,cest-1.2##20260128,0.1580,0.0000,1.7442
cest-1.2,20260128,cest-1.2##20260128,0.1390,0.0000,0.0000
cest-1.2,20260128,cest-1.2##20260128,0.1747,0.0000,0.0000
cest-1.2,20260128,cest-1.2##20260128,0.1386,0.0000,0.0000
cest-1.2,20260128,cest-1.2##20260128,0.1851,6.4000,6.4000
cest-1.2,20260128,cest-1.2##20260128,0.1826,4.3011,2.1505
cest-1.2,20260128,cest-1.2##20260128,0.1649,9.5238,0.0000
cest-1.2,20260128,cest-1.2##20260128,0.1123,10.7143,0.0000
cest-1.2,20260128,cest-1.2##20260128,0.1981,0.0000,0.0000
cest-1.2,20260128,cest-1.2##20260128,0.1781,0.0000,0.0000
cest-1.2,20260128,cest-1.2##20260128,0.1919,1.9048,1.9048
cest-1.2,20260128,cest-1.2##20260128,0.1059,9.6774,0.0000
cest-1.2,20260128,cest-1.2##20260128,0.1611,2.0408,6.1224
cest-1.2,20260128,cest-1.2##20260128,0.1001,1.9293,1.9293
cest-1.2,20260128,cest-1.2##20260128,0.1521,0.0000,0.0000
cest-1.2,20260128,cest-1.2##20260128,0.1329,5.8065,1.9355
cest-1.2,20260128,cest-1.2##20260128,0.1692,2.3166,2.3166
cest-1.2,20260128,cest-1.2##20260128,0.1394,0.0000,0.0000
cest-1.2,20260128,cest-1.2##20260128,0.1077,0.0000,0.0000
cest-1.2,20260128,cest-1.2##20260128,0.1104,0.0000,0.0000
cest-1.2,20260128,cest-1.2##20260128,0.2040,0.0000,0.0000
cest-1.2,20260128,cest-1.2##20260128,0.1359,3.8710,3.8710
cest-1.2,20260128,cest-1.2##20260128,0.1823,0.0000,0.0000
cest-1.2,20260128,cest-1.2##20260128,0.1667,0.0000,0.0000
cest-1.2,20260128,cest-1.2##20260128,0.1870,0.0000,0.0000
cest-1.2,20260128,cest-1.2##20260128,0.1844,0.0000,4.1096
cest-1.2,20260128,cest-1.2##20260128,0.1364,7.0588,0.0000
cest-1.2,20260128,cest-1.2##20260128,0.1543,0.0000,0.0000
cest-1.2,20260128,cest-1.2##20260128,0.1693,7.1429,0.0000
cest-1.2,20260128,cest-1.2##20260128,0.1792,0.0000,0.0000
cest-1.2,20260128,cest-1.2##20260128,0.1926,0.0000,0.0000
cest-1.2,20260128,cest-1.2##20260128,0.1467,0.0000,0.0000
cest-1.2,20260128,cest-1.2##20260128,0.1452,0.0000,0.0000
cest-1.2,20260128,cest-1.2##20260128,0.1347,0.0000,0.0000
cest-1.2,20260128,cest-1.2##20260128,0.1369,0.0000,0.0000
cest-1.2,20260128,cest-1.2##20260128,0.1478,0.0000,0.0000
cest-2.1,20260122,cest-2.1##20260122,0.0649,3.3206,2.0434
cest-2.1,20260122,cest-2.1##20260122,0.2648,0.0000,0.0000
cest-2.1,20260122,cest-2.1##20260122,0.1574,5.3892,5.3892
cest-2.1,20260122,cest-2.1##20260122,0.2525,5.6075,0.0000
cest-2.1,20260122,cest-2.1##20260122,0.2180,0.0000,0.0000
cest-2.1,20260122,cest-2.1##20260122,0.1857,0.0000,0.0000
cest-2.1,20260122,cest-2.1##20260122,0.2345,1.3575,2.0362
cest-2.1,20260122,cest-2.1##20260122,0.2237,3.5191,3.5191
cest-2.1,20260122,cest-2.1##20260122,0.2043,2.0443,1.0221
cest-2.1,20260122,cest-2.1##20260122,0.2152,0.0000,3.7037
cest-2.1,20260122,cest-2.1##20260122,0.1093,4.5802,18.3206
cest-2.1,20260122,cest-2.1##20260122,0.2221,3.8462,1.9231
cest-2.1,20260122,cest-2.1##20260122,0.2085,0.0000,0.0000
cest-2.1,20260122,cest-2.1##20260122,0.1901,0.0000,0.0000
cest-2.1,20260122,cest-2.1##20260122,0.1804,0.0000,0.0000
cest-2.1,20260122,cest-2.1##20260122,0.1252,0.0000,0.0000
cest-2.1,20260122,cest-2.1##20260122,0.2502,0.0000,0.0000
cest-2.1,20260122,cest-2.1##20260122,0.1863,0.0000,0.0000
cest-2.1,20260122,cest-2.1##20260122,0.2154,0.0000,0.0000
cest-2.1,20260122,cest-2.1##20260122,0.0826,13.3333,13.3333
cest-2.1,20260122,cest-2.1##20260122,0.2703,2.6087,2.6087
cest-2.1,20260122,cest-2.1##20260122,0.2447,1.9481,1.9481
cest-2.1,20260122,cest-2.1##20260122,0.1611,0.0000,0.0000
cest-2.1,20260122,cest-2.1##20260122,0.2712,0.0000,0.0000
cest-2.1,20260122,cest-2.1##20260122,0.2083,0.0000,3.1579
cest-2.1,20260122,cest-2.1##20260122,0.2647,0.6110,0.6110
cest-2.1,20260122,cest-2.1##20260122,0.2113,2.2556,2.2556
cest-2.1,20260122,cest-2.1##20260122,0.1335,4.9587,29.7521
cest-2.1,20260122,cest-2.1##20260122,0.2411,0.0000,0.0000
cest-2.1,20260122,cest-2.1##20260122,0.2778,0.0000,0.0000
cest-2.1,20260122,cest-2.1##20260122,0.2269,0.0000,3.5928
cest-2.1,20260122,cest-2.1##20260122,0.2468,0.0000,0.0000
cest-2.1,20260122,cest-2.1##20260122,0.2303,1.1472,1.1472
cest-2.1,20260122,cest-2.1##20260122,0.2662,0.0000,0.0000
cest-2.1,20260122,cest-2.1##20260122,0.1298,0.0000,0.0000
cest-2.1,20260122,cest-2.1##20260122,0.1631,5.6075,2.8037
cest-2.1,20260122,cest-2.1##20260122,0.2371,0.8935,0.8935
cest-2.1,20260122,cest-2.1##20260122,0.2395,1.4581,1.4581
cest-2.1,20260122,cest-2.1##20260122,0.2728,1.6807,0.8403
cest-2.1,20260122,cest-2.1##20260122,0.1755,1.2320,1.2320
cest-2.1,20260122,cest-2.1##20260122,0.2492,0.0000,0.0000
cest-2.1,20260122,cest-2.1##20260122,0.2378,0.0000,1.0101
cest-2.1,20260122,cest-2.1##20260122,0.2029,0.0000,0.0000
cest-2.1,20260122,cest-2.1##20260122,0.2676,0.0000,0.0000
cest-2.1,20260122,cest-2.1##20260122,0.2508,3.5714,3.5714
cest-2.1,20260122,cest-2.1##20260122,0.2554,0.0000,0.0000
cest-2.1,20260122,cest-2.1##20260122,0.2074,3.3028,5.5046
cest-2.1,20260122,cest-2.1##20260122,0.2014,0.0000,0.0000
cest-2.1,20260122,cest-2.1##20260122,0.2444,0.0000,0.0000
cest-2.1,20260122,cest-2.1##20260122,0.1954,0.0000,0.0000
cest-2.1,20260122,cest-2.1##20260122,0.2285,2.3747,0.0000
cest-2.1,20260122,cest-2.1##20260122,0.2628,0.0000,0.0000
cest-2.1,20260122,cest-2.1##20260122,0.1065,20.0000,20.0000
cest-2.1,20260122,cest-2.1##20260122,0.2529,0.0000,0.0000
cest-2.1,20260122,cest-2.1##20260122,0.2223,0.0000,0.0000
cest-2.1,20260122,cest-2.1##20260122,0.2108,2.8571,1.4286
cest-2.1,20260122,cest-2.1##20260122,0.2508,0.9509,0.0000
cest-2.1,20260122,cest-2.1##20260122,0.2071,0.0000,0.0000
cest-2.1,20260122,cest-2.1##20260122,0.1494,1.3636,2.7273
cest-2.1,20260122,cest-2.1##20260122,0.2767,0.0000,0.0000
cest-2.1,20260122,cest-2.1##20260122,0.0551,0.0000,24.0000
cest-2.1,20260122,cest-2.1##20260122,0.1826,1.9672,0.0000
cest-2.1,20260122,cest-2.1##20260122,0.2339,0.0000,0.0000
cest-2.1,20260122,cest-2.1##20260122,0.2347,0.9479,1.8957
cest-2.1,20260122,cest-2.1##20260122,0.2384,0.0000,0.0000
cest-2.1,20260122,cest-2.1##20260122,0.2174,1.6575,1.6575
cest-2.1,20260122,cest-2.1##20260122,0.2098,0.0000,0.0000
cest-2.1,20260122,cest-2.1##20260122,0.2252,0.0000,0.0000
cest-2.1,20260122,cest-2.1##20260122,0.2282,0.0000,0.0000
cest-2.1,20260122,cest-2.1##20260122,0.1628,0.0000,0.0000
cest-2.1,20260122,cest-2.1##20260122,0.1944,0.0000,10.0000
cest-2.1,20260122,cest-2.1##20260122,0.1920,0.0000,0.0000
cest-2.1,20260122,cest-2.1##20260122,0.1293,0.0000,0.0000
cest-2.1,20260122,cest-2.1##20260122,0.2196,0.0000,0.0000
cest-2.1,20260122,cest-2.1##20260122,,22.2222,22.2222
cest-2.1,20260122,cest-2.1##20260122,0.1935,2.0067,0.0000
cest-2.1,20260122,cest-2.1##20260122,0.1274,0.0000,0.0000
cest-2.1,20260122,cest-2.1##20260122,0.2562,0.0000,4.1522
cest-2.1,20260122,cest-2.1##20260122,0.2348,0.6904,0.6904
cest-2.1,20260122,cest-2.1##20260122,0.2393,0.0000,0.0000
cest-2.1,20260122,cest-2.1##20260122,0.2227,0.0000,0.0000
cest-2.1,20260122,cest-2.1##20260122,0.1239,0.0000,0.0000
cest-2.1,20260122,cest-2.1##20260122,0.2456,0.0000,0.0000
cest-2.1,20260122,cest-2.1##20260122,0.1479,3.0457,9.1371
cest-2.1,20260122,cest-2.1##20260122,0.2372,2.5641,2.5641
cest-2.1,20260122,cest-2.1##20260122,0.1822,0.0000,0.0000
cest-2.1,20260122,cest-2.1##20260122,0.2272,1.5748,1.5748
cest-2.1,20260122,cest-2.1##20260122,0.1424,0.0000,18.7500
cest-2.1,20260122,cest-2.1##20260122,0.2013,1.0545,0.0000
cest-2.1,20260122,cest-2.1##20260122,0.2057,0.0000,2.1352
cest-2.1,20260122,cest-2.1##20260122,0.1914,2.8986,2.8986
cest-2.1,20260122,cest-2.1##20260122,0.2391,0.0000,0.0000
cest-2.1,20260122,cest-2.1##20260122,0.1928,0.0000,0.0000
cest-2.1,20260122,cest-2.1##20260122,0.2361,2.1583,2.1583
cest-2.1,20260122,cest-2.1##20260122,0.2163,0.0000,0.0000
cest-2.1,20260122,cest-2.1##20260122,,24.0000,24.0000
cest-2.1,20260122,cest-2.1##20260122,0.1270,0.0000,0.0000
cest-2.1,20260122,cest-2.1##20260122,0.2960,8.8235,8.8235
cest-2.1,20260122,cest-2.1##20260122,0.2745,0.0000,0.0000
cest-2.1,20260122,cest-2.1##20260122,0.1797,0.0000,0.0000
cest-2.1,20260122,cest-2.1##20260122,0.2349,0.0000,0.0000
cest-2.1,20260122,cest-2.1##20260122,0.2016,7.4074,14.8148
cest-2.1,20260122,cest-2.1##20260122,0.2388,0.0000,0.0000
cest-2.1,20260122,cest-2.1##20260122,0.1934,1.2245,2.4490
cest-2.1,20260122,cest-2.1##20260122,0.1708,0.0000,0.9967
cest-2.1,20260122,cest-2.1##20260122,0.1965,2.0725,3.1088
cest-2.1,20260122,cest-2.1##20260122,0.2375,3.1088,4.1451
cest-2.1,20260122,cest-2.1##20260122,,20.0000,40.0000
cest-2.1,20260122,cest-2.1##20260122,0.2511,1.2072,0.0000
cest-2.1,20260122,cest-2.1##20260122,0.1144,5.3097,5.3097
cest-2.1,20260122,cest-2.1##20260122,0.2331,0.0000,0.0000
cest-2.1,20260122,cest-2.1##20260122,0.2072,1.2793,2.5586
cest-2.1,20260122,cest-2.1##20260122,0.2876,0.0000,11.8812
cest-2.1,20260122,cest-2.1##20260122,0.2188,0.0000,0.0000
cest-2.1,20260122,cest-2.1##20260122,0.1733,0.0000,0.0000
cest-2.1,20260122,cest-2.1##20260122,0.2743,0.0000,0.0000
cest-2.1,20260122,cest-2.1##20260122,0.2598,0.0000,0.0000
cest-2.1,20260122,cest-2.1##20260122,0.2047,0.0000,0.0000
cest-2.1,20260122,cest-2.1##20260122,0.1772,2.2989,2.2989
cest-2.1,20260122,cest-2.1##20260122,0.2410,0.0000,0.0000
cest-2.1,20260122,cest-2.1##20260122,0.2779,1.7647,0.0000
cest-2.1,20260122,cest-2.1##20260122,0.1432,0.0000,0.0000
cest-2.1,20260122,cest-2.1##20260122,0.2302,0.0000,0.0000
cest-2.1,20260122,cest-2.1##20260122,0.1494,0.0000,0.0000
cest-2.1,20260122,cest-2.1##20260122,0.2040,0.0000,4.7244
cest-2.1,20260122,cest-2.1##20260122,0.2110,0.0000,0.0000
cest-2.1,20260122,cest-2.1##20260122,0.2031,6.3830,6.3830
cest-2.1,20260123,cest-2.1##20260123,0.1575,0.0000,0.0000
cest-2.1,20260123,cest-2.1##20260123,0.2441,0.0000,0.0000
cest-2.1,20260123,cest-2.1##20260123,0.1859,0.0000,0.0000
cest-2.1,20260123,cest-2.1##20260123,0.1823,0.0000,0.0000
cest-2.1,20260123,cest-2.1##20260123,0.1685,0.0000,0.0000
cest-2.1,20260123,cest-2.1##20260123,0.2094,0.0000,0.0000
cest-2.1,20260123,cest-2.1##20260123,0.2036,0.0000,0.0000
cest-2.1,20260123,cest-2.1##20260123,0.1653,0.0000,0.0000
cest-2.1,20260123,cest-2.1##20260123,0.2234,0.0000,0.0000
cest-2.1,20260123,cest-2.1##20260123,0.1695,0.0000,0.0000
cest-2.1,20260123,cest-2.1##20260123,0.1885,0.0000,0.0000
cest-2.1,20260123,cest-2.1##20260123,0.2308,0.0000,0.0000
cest-2.1,20260123,cest-2.1##20260123,0.2024,0.7884,0.0000
cest-2.1,20260123,cest-2.1##20260123,0.1627,0.0000,0.0000
cest-2.1,20260123,cest-2.1##20260123,0.1796,0.6936,0.0000
cest-2.1,20260123,cest-2.1##20260123,0.2175,1.1152,0.0000
cest-2.1,20260123,cest-2.1##20260123,0.1502,0.4577,0.0000
cest-2.1,20260123,cest-2.1##20260123,0.1672,0.0000,0.0000
cest-2.1,20260123,cest-2.1##20260123,0.2168,1.0610,0.5305
cest-2.1,20260123,cest-2.1##20260123,0.1733,0.0000,0.0000
cest-2.1,20260123,cest-2.1##20260123,0.1577,0.0000,8.6957
cest-2.1,20260123,cest-2.1##20260123,0.1941,0.0000,0.0000
cest-2.1,20260123,cest-2.1##20260123,0.1209,0.0000,0.0000
cest-2.1,20260123,cest-2.1##20260123,0.1968,0.0000,0.3519
cest-2.1,20260123,cest-2.1##20260123,0.1740,0.0000,0.0000
cest-2.1,20260123,cest-2.1##20260123,0.1689,0.0000,0.0000
cest-2.1,20260123,cest-2.1##20260123,0.1581,0.0000,0.0000
cest-2.1,20260123,cest-2.1##20260123,0.1657,0.4906,0.4906
cest-2.1,20260123,cest-2.1##20260123,0.1699,0.0000,0.0000
cest-2.1,20260123,cest-2.1##20260123,0.1812,0.0000,0.0000
cest-2.1,20260123,cest-2.1##20260123,0.2042,0.0000,0.0000
cest-2.1,20260123,cest-2.1##20260123,0.2005,0.0000,0.0000
cest-2.1,20260123,cest-2.1##20260123,0.1907,0.0000,0.0000
cest-2.1,20260123,cest-2.1##20260123,0.2025,0.0000,0.0000
cest-2.1,20260123,cest-2.1##20260123,0.1436,0.0000,2.4590
cest-2.1,20260123,cest-2.1##20260123,0.2238,0.0000,0.0000
cest-2.1,20260123,cest-2.1##20260123,0.1525,0.0000,0.0000
cest-2.1,20260123,cest-2.1##20260123,0.1937,0.0000,0.0000
cest-2.1,20260123,cest-2.1##20260123,0.1434,8.2192,0.0000
cest-2.1,20260123,cest-2.1##20260123,0.1645,0.0000,0.0000
cest-2.1,20260123,cest-2.1##20260123,0.1749,0.0000,0.0000
cest-2.1,20260123,cest-2.1##20260123,0.1724,1.0879,0.5440
cest-2.1,20260123,cest-2.1##20260123,0.1666,0.0000,2.6786
cest-2.1,20260123,cest-2.1##20260123,0.1797,1.6620,1.6620
cest-2.1,20260123,cest-2.1##20260123,0.1768,0.0000,0.0000
cest-2.1,20260123,cest-2.1##20260123,0.1898,2.1053,2.1053
cest-2.1,20260123,cest-2.1##20260123,0.0569,4.5702,1.9587
cest-2.1,20260123,cest-2.1##20260123,0.1435,0.0000,0.0000
cest-2.1,20260123,cest-2.1##20260123,0.1523,0.0000,1.3857
cest-2.1,20260123,cest-2.1##20260123,0.1997,0.0000,0.0000
cest-2.1,20260123,cest-2.1##20260123,0.1705,0.0000,1.5666
cest-2.1,20260123,cest-2.1##20260123,0.1662,0.0000,0.0000
cest-2.1,20260123,cest-2.1##20260123,0.2090,0.0000,0.0000
cest-2.1,20260123,cest-2.1##20260123,0.1365,0.0000,0.0000
cest-2.1,20260123,cest-2.1##20260123,0.1696,0.0000,0.0000
cest-2.1,20260123,cest-2.1##20260123,0.2269,0.9600,1.9200
cest-2.1,20260123,cest-2.1##20260123,0.1737,0.0000,0.0000
cest-2.1,20260123,cest-2.1##20260123,0.1635,0.0000,0.0000
cest-2.1,20260123,cest-2.1##20260123,0.2047,0.0000,0.0000
cest-2.1,20260123,cest-2.1##20260123,0.1683,0.0000,3.2086
cest-2.1,20260123,cest-2.1##20260123,0.1794,0.0000,0.0000
cest-2.1,20260123,cest-2.1##20260123,0.1724,0.0000,0.0000
cest-2.1,20260123,cest-2.1##20260123,0.1101,0.0000,0.0000
cest-2.1,20260123,cest-2.1##20260123,0.1211,0.0000,0.0000
cest-2.1,20260123,cest-2.1##20260123,0.1701,2.1127,0.0000
cest-2.1,20260123,cest-2.1##20260123,0.2015,0.0000,0.0000
cest-2.1,20260123,cest-2.1##20260123,0.1851,0.0000,3.0928
cest-2.1,20260123,cest-2.1##20260123,0.1855,0.0000,0.0000
cest-2.1,20260123,cest-2.1##20260123,0.1479,0.0000,5.8442
cest-2.1,20260123,cest-2.1##20260123,0.1288,0.0000,5.8442
cest-2.1,20260123,cest-2.1##20260123,0.1781,0.0000,0.0000
cest-2.1,20260123,cest-2.1##20260123,0.1302,3.5714,3.5714
cest-2.1,20260123,cest-2.1##20260123,0.1917,0.0000,0.0000
cest-2.1,20260124,cest-2.1##20260124,0.1705,0.0000,0.0000
cest-2.1,20260124,cest-2.1##20260124,0.1476,0.0000,23.0769
cest-2.1,20260124,cest-2.1##20260124,0.1876,0.0000,0.0000
cest-2.1,20260124,cest-2.1##20260124,0.0747,0.0000,2.2140
cest-2.1,20260124,cest-2.1##20260124,0.2373,3.5714,0.0000
cest-2.1,20260124,cest-2.1##20260124,0.1697,0.0000,2.5862
cest-2.1,20260124,cest-2.1##20260124,0.2290,0.0000,0.0000
cest-2.1,20260124,cest-2.1##20260124,0.1640,0.0000,0.0000
cest-2.1,20260124,cest-2.1##20260124,0.0538,0.0000,0.0000
cest-2.1,20260124,cest-2.1##20260124,0.1622,0.0000,1.5915
cest-2.1,20260124,cest-2.1##20260124,0.1766,0.0000,0.0000
cest-2.1,20260124,cest-2.1##20260124,0.1740,0.0000,0.0000
cest-2.1,20260124,cest-2.1##20260124,0.0874,0.0000,0.0000
cest-2.1,20260124,cest-2.1##20260124,0.1715,0.0000,0.0000
cest-2.1,20260124,cest-2.1##20260124,0.1784,0.0000,0.0000
cest-2.1,20260124,cest-2.1##20260124,0.2052,0.0000,0.0000
cest-2.1,20260124,cest-2.1##20260124,0.1630,0.0000,0.0000
cest-2.1,20260124,cest-2.1##20260124,0.1857,0.0000,0.0000
cest-2.1,20260124,cest-2.1##20260124,0.1730,0.0000,0.0000
cest-2.1,20260124,cest-2.1##20260124,0.1750,0.0000,0.0000
cest-2.1,20260124,cest-2.1##20260124,0.1797,0.0000,0.0000
cest-2.1,20260124,cest-2.1##20260124,0.1569,0.0000,0.0000
cest-2.1,20260124,cest-2.1##20260124,0.1706,0.0000,0.0000
cest-2.1,20260124,cest-2.1##20260124,0.1281,0.0000,0.0000
cest-2.1,20260124,cest-2.1##20260124,0.1696,0.0000,2.6087
cest-2.1,20260124,cest-2.1##20260124,0.1635,0.0000,0.0000
cest-2.1,20260124,cest-2.1##20260124,0.1391,0.0000,0.0000
cest-2.1,20260124,cest-2.1##20260124,0.1457,0.0000,0.0000
cest-2.1,20260124,cest-2.1##20260124,0.1696,0.0000,0.0000
cest-2.1,20260124,cest-2.1##20260124,0.1320,0.0000,0.0000
cest-2.1,20260124,cest-2.1##20260124,0.1723,0.0000,0.0000
cest-2.1,20260124,cest-2.1##20260124,0.1604,0.0000,0.0000
cest-2.1,20260124,cest-2.1##20260124,0.1902,0.0000,0.0000
cest-2.1,20260124,cest-2.1##20260124,0.2315,0.0000,0.0000
cest-2.1,20260124,cest-2.1##20260124,0.1749,0.0000,0.0000
cest-2.1,20260124,cest-2.1##20260124,0.1393,0.0000,0.0000
cest-2.1,20260124,cest-2.1##20260124,0.1366,4.9180,0.0000
cest-2.1,20260124,cest-2.1##20260124,0.1012,13.0435,0.0000
cest-2.1,20260124,cest-2.1##20260124,0.1617,0.0000,0.0000
cest-2.1,20260124,cest-2.1##20260124,0.2028,0.0000,0.0000
cest-2.1,20260124,cest-2.1##20260124,0.1134,0.0000,0.0000
cest-2.1,20260124,cest-2.1##20260124,0.1461,0.0000,0.0000
cest-2.1,20260124,cest-2.1##20260124,0.1064,21.4286,0.0000
cest-2.1,20260124,cest-2.1##20260124,0.1190,0.0000,0.0000
cest-2.1,20260124,cest-2.1##20260124,0.1878,0.6977,0.0000
cest-2.1,20260124,cest-2.1##20260124,0.2034,0.0000,0.0000
cest-2.1,20260124,cest-2.1##20260124,0.1606,0.0000,0.0000
cest-2.1,20260124,cest-2.1##20260124,0.1664,0.0000,0.0000
cest-2.1,20260124,cest-2.1##20260124,0.1711,0.0000,0.0000
cest-2.1,20260124,cest-2.1##20260124,0.1646,0.0000,0.0000
cest-2.1,20260124,cest-2.1##20260124,0.1506,0.0000,0.0000
cest-2.1,20260124,cest-2.1##20260124,0.1773,0.0000,0.0000
cest-2.1,20260124,cest-2.1##20260124,0.1748,0.8299,1.6598
cest-2.1,20260124,cest-2.1##20260124,0.1743,0.0000,7.1429
cest-2.1,20260124,cest-2.1##20260124,0.1384,0.0000,0.0000
cest-2.1,20260124,cest-2.1##20260124,0.1757,0.0000,0.0000
cest-2.1,20260124,cest-2.1##20260124,0.1125,19.3548,0.0000
cest-2.1,20260124,cest-2.1##20260124,0.1624,0.0000,0.0000
cest-2.1,20260124,cest-2.1##20260124,0.1845,0.0000,0.0000
cest-2.1,20260124,cest-2.1##20260124,0.2101,0.0000,0.0000
cest-2.1,20260124,cest-2.1##20260124,0.1756,0.0000,6.0403
cest-2.1,20260124,cest-2.1##20260124,0.1168,0.0000,0.0000
cest-2.1,20260124,cest-2.1##20260124,0.1684,0.0000,0.0000
cest-2.1,20260124,cest-2.1##20260124,0.1704,0.0000,0.0000
cest-2.1,20260124,cest-2.1##20260124,0.1495,2.0548,4.1096
cest-2.1,20260124,cest-2.1##20260124,0.1407,0.0000,0.0000
cest-2.1,20260124,cest-2.1##20260124,0.1414,0.0000,0.0000
cest-2.1,20260124,cest-2.1##20260124,0.1481,0.0000,0.0000
cest-2.1,20260124,cest-2.1##20260124,0.1522,0.0000,0.0000
cest-2.1,20260124,cest-2.1##20260124,0.1370,0.0000,0.0000
cest-2.1,20260124,cest-2.1##20260124,0.1193,0.0000,0.0000
cest-2.1,20260124,cest-2.1##20260124,0.1659,0.0000,0.0000
cest-2.1,20260124,cest-2.1##20260124,0.1669,0.0000,0.0000
cest-2.1,20260124,cest-2.1##20260124,0.0923,0.0000,0.0000
cest-2.1,20260124,cest-2.1##20260124,0.1543,0.0000,0.0000
cest-2.1,20260124,cest-2.1##20260124,0.1879,0.0000,0.0000
cest-2.1,20260124,cest-2.1##20260124,0.1726,0.0000,0.0000
cest-2.1,20260124,cest-2.1##20260124,0.1775,0.6842,0.0000
cest-2.1,20260124,cest-2.1##20260124,0.1598,0.0000,0.0000
cest-2.1,20260124,cest-2.1##20260124,0.1990,0.0000,0.0000
cest-2.1,20260124,cest-2.1##20260124,0.1569,0.0000,1.3453
cest-2.1,20260124,cest-2.1##20260124,0.1497,0.0000,0.0000
cest-2.1,20260124,cest-2.1##20260124,0.1334,0.0000,0.0000
cest-2.1,20260124,cest-2.1##20260124,0.1241,0.0000,0.0000
cest-2.1,20260124,cest-2.1##20260124,0.1505,0.0000,0.0000
cest-2.1,20260124,cest-2.1##20260124,0.1552,0.0000,0.0000
cest-2.1,20260124,cest-2.1##20260124,0.1813,0.0000,0.0000
cest-2.1,20260124,cest-2.1##20260124,0.1804,0.8487,1.6973
cest-2.1,20260124,cest-2.1##20260124,0.1689,0.0000,0.0000
cest-2.1,20260124,cest-2.1##20260124,0.1170,0.0000,0.0000
cest-2.1,20260124,cest-2.1##20260124,0.2081,2.0000,4.0000
cest-2.1,20260124,cest-2.1##20260124,0.0667,2.7487,0.3927
cest-2.1,20260124,cest-2.1##20260124,0.1671,2.1858,3.2787
cest-2.1,20260124,cest-2.1##20260124,0.1621,0.0000,0.0000
cest-2.1,20260124,cest-2.1##20260124,0.1595,0.0000,0.0000
cest-2.1,20260124,cest-2.1##20260124,0.1753,0.0000,0.0000
cest-2.1,20260124,cest-2.1##20260124,0.1954,0.0000,0.0000
cest-2.1,20260124,cest-2.1##20260124,0.0442,0.0000,0.0000
cest-2.1,20260124,cest-2.1##20260124,0.1783,0.0000,0.0000
cest-2.1,20260124,cest-2.1##20260124,0.1456,0.0000,0.0000
cest-2.1,20260124,cest-2.1##20260124,0.0834,0.0000,0.0000
cest-2.1,20260124,cest-2.1##20260124,0.1774,0.0000,0.0000
cest-2.1,20260124,cest-2.1##20260124,0.1333,0.0000,0.0000
cest-2.1,20260124,cest-2.1##20260124,0.1785,0.0000,0.0000
cest-2.1,20260124,cest-2.1##20260124,0.0931,0.0000,0.0000
cest-2.1,20260124,cest-2.1##20260124,0.1445,0.0000,0.0000
cest-2.1,20260124,cest-2.1##20260124,0.1502,0.0000,0.0000
cest-2.1,20260124,cest-2.1##20260124,0.1550,0.4673,1.4019
cest-2.1,20260124,cest-2.1##20260124,0.1643,0.0000,0.0000
cest-2.1,20260124,cest-2.1##20260124,0.1406,0.0000,0.0000
cest-2.1,20260124,cest-2.1##20260124,0.1403,0.0000,4.0268
cest-2.1,20260124,cest-2.1##20260124,0.1890,0.0000,0.0000
cest-2.1,20260124,cest-2.1##20260124,0.1499,0.0000,0.0000
cest-2.1,20260124,cest-2.1##20260124,0.1749,0.0000,0.0000
cest-2.1,20260124,cest-2.1##20260124,0.1719,0.0000,0.0000
cest-2.1,20260124,cest-2.1##20260124,0.0633,1.8605,0.0000
cest-2.1,20260124,cest-2.1##20260124,0.1536,0.0000,6.3158
cest-2.1,20260124,cest-2.1##20260124,0.1595,0.0000,0.0000
cest-2.1,20260124,cest-2.1##20260124,0.1263,0.0000,0.0000
cest-2.1,20260124,cest-2.1##20260124,0.2221,0.0000,0.0000
cest-2.1,20260124,cest-2.1##20260124,0.1187,0.0000,0.0000
cest-2.1,20260124,cest-2.1##20260124,0.1628,0.0000,0.0000
cest-2.1,20260124,cest-2.1##20260124,0.1525,0.0000,0.0000
cest-2.1,20260124,cest-2.1##20260124,0.0668,6.5217,0.0000
cest-2.1,20260124,cest-2.1##20260124,0.1518,0.0000,0.0000
cest-2.1,20260124,cest-2.1##20260124,0.1217,0.0000,0.0000
cest-2.1,20260124,cest-2.1##20260124,0.1543,2.8846,5.7692
cest-2.1,20260124,cest-2.1##20260124,0.2263,4.7244,4.7244
cest-2.1,20260124,cest-2.1##20260124,0.1547,0.0000,8.3333
cest-2.1,20260124,cest-2.1##20260124,0.1464,0.0000,0.0000
cest-2.1,20260124,cest-2.1##20260124,0.0612,1.3761,0.0000
cest-2.1,20260124,cest-2.1##20260124,0.1042,0.0000,0.0000
cest-2.1,20260124,cest-2.1##20260124,0.1390,0.0000,0.0000
cest-2.1,20260124,cest-2.1##20260124,0.1340,0.0000,3.1250
cest-2.1,20260124,cest-2.1##20260124,0.1185,9.6774,0.0000
cest-2.1,20260124,cest-2.1##20260124,0.1490,0.0000,0.0000
cest-2.1,20260124,cest-2.1##20260124,0.0925,0.0000,0.0000
cest-2.1,20260124,cest-2.1##20260124,0.0537,0.0000,0.0000
cest-2.1,20260124,cest-2.1##20260124,0.1600,0.0000,0.0000
cest-2.1,20260124,cest-2.1##20260124,0.2243,0.0000,3.5088
cest-2.1,20260124,cest-2.1##20260124,0.1762,0.0000,0.0000
cest-2.1,20260124,cest-2.1##20260124,0.1405,0.0000,0.0000
cest2.1 + tbh-1,20260122,cest2.1 + tbh-1##20260122,0.0679,0.0000,0.0000
cest2.1 + tbh-1,20260122,cest2.1 + tbh-1##20260122,0.2061,0.0000,0.0000
cest2.1 + tbh-1,20260122,cest2.1 + tbh-1##20260122,0.2686,0.0000,0.0000
cest2.1 + tbh-1,20260122,cest2.1 + tbh-1##20260122,0.2494,0.0000,0.0000
cest2.1 + tbh-1,20260122,cest2.1 + tbh-1##20260122,0.2052,0.0000,0.9724
cest2.1 + tbh-1,20260122,cest2.1 + tbh-1##20260122,0.1335,0.0000,2.2059
cest2.1 + tbh-1,20260122,cest2.1 + tbh-1##20260122,0.1919,0.0000,0.0000
cest2.1 + tbh-1,20260122,cest2.1 + tbh-1##20260122,0.1817,0.0000,0.0000
cest2.1 + tbh-1,20260122,cest2.1 + tbh-1##20260122,0.2414,0.7796,0.5197
cest2.1 + tbh-1,20260122,cest2.1 + tbh-1##20260122,0.1901,0.0000,0.0000
cest2.1 + tbh-1,20260122,cest2.1 + tbh-1##20260122,0.2226,0.5195,0.5195
cest2.1 + tbh-1,20260122,cest2.1 + tbh-1##20260122,0.2183,0.0000,0.0000
cest2.1 + tbh-1,20260122,cest2.1 + tbh-1##20260122,0.2514,0.0000,0.0000
cest2.1 + tbh-1,20260122,cest2.1 + tbh-1##20260122,0.1204,0.0000,0.0000
cest2.1 + tbh-1,20260122,cest2.1 + tbh-1##20260122,0.2132,0.0000,0.0000
cest2.1 + tbh-1,20260122,cest2.1 + tbh-1##20260122,0.1673,0.6830,1.0245
cest2.1 + tbh-1,20260122,cest2.1 + tbh-1##20260122,0.1786,0.8753,2.1882
cest2.1 + tbh-1,20260122,cest2.1 + tbh-1##20260122,0.1919,0.0000,0.3417
cest2.1 + tbh-1,20260122,cest2.1 + tbh-1##20260122,0.2177,0.0000,0.0000
cest2.1 + tbh-1,20260122,cest2.1 + tbh-1##20260122,0.1729,0.0000,0.5401
cest2.1 + tbh-1,20260122,cest2.1 + tbh-1##20260122,0.2249,0.0000,0.9346
cest2.1 + tbh-1,20260122,cest2.1 + tbh-1##20260122,0.2279,1.5152,2.2727
cest2.1 + tbh-1,20260122,cest2.1 + tbh-1##20260122,0.2251,0.0000,0.0000
cest2.1 + tbh-1,20260123,cest2.1 + tbh-1##20260123,0.2319,1.6260,3.2520
cest2.1 + tbh-1,20260123,cest2.1 + tbh-1##20260123,0.2011,0.0000,0.0000
cest2.1 + tbh-1,20260123,cest2.1 + tbh-1##20260123,0.1839,0.0000,0.0000
cest2.1 + tbh-1,20260123,cest2.1 + tbh-1##20260123,0.1562,0.0000,0.0000
cest2.1 + tbh-1,20260123,cest2.1 + tbh-1##20260123,0.1759,0.0000,0.0000
cest2.1 + tbh-1,20260123,cest2.1 + tbh-1##20260123,0.0779,11.0429,18.4049
cest2.1 + tbh-1,20260123,cest2.1 + tbh-1##20260123,0.1622,0.0000,0.0000
cest2.1 + tbh-1,20260123,cest2.1 + tbh-1##20260123,0.1837,0.0000,0.0000
cest2.1 + tbh-1,20260123,cest2.1 + tbh-1##20260123,0.1127,0.0000,0.0000
cest2.1 + tbh-1,20260123,cest2.1 + tbh-1##20260123,0.0476,7.2683,1.8171
cest2.1 + tbh-1,20260123,cest2.1 + tbh-1##20260123,0.2848,0.0000,0.0000
cest2.1 + tbh-1,20260123,cest2.1 + tbh-1##20260123,0.2131,1.6575,0.0000
cest2.1 + tbh-1,20260123,cest2.1 + tbh-1##20260123,0.2538,1.6854,1.6854
cest2.1 + tbh-1,20260123,cest2.1 + tbh-1##20260123,0.1844,0.7389,0.0000
cest2.1 + tbh-1,20260123,cest2.1 + tbh-1##20260123,0.1955,0.9917,1.9835
cest2.1 + tbh-1,20260123,cest2.1 + tbh-1##20260123,0.1054,7.0039,4.6693
cest2.1 + tbh-1,20260123,cest2.1 + tbh-1##20260123,0.0801,0.0000,0.0000
cest2.1 + tbh-1,20260123,cest2.1 + tbh-1##20260123,0.1567,0.0000,1.3158
cest2.1 + tbh-1,20260123,cest2.1 + tbh-1##20260123,0.2008,0.0000,0.0000
cest2.1 + tbh-1,20260123,cest2.1 + tbh-1##20260123,0.2748,0.0000,0.0000
cest2.1 + tbh-1,20260123,cest2.1 + tbh-1##20260123,0.2219,0.0000,0.0000
cest2.1 + tbh-1,20260123,cest2.1 + tbh-1##20260123,0.1628,0.0000,0.0000
cest2.1 + tbh-1,20260123,cest2.1 + tbh-1##20260123,0.2042,0.7034,0.7034
cest2.1 + tbh-1,20260123,cest2.1 + tbh-1##20260123,0.1680,0.0000,0.0000
cest2.1 + tbh-1,20260123,cest2.1 + tbh-1##20260123,0.1478,0.0000,0.0000
cest2.1 + tbh-1,20260123,cest2.1 + tbh-1##20260123,0.1609,0.0000,0.0000
cest2.1 + tbh-1,20260123,cest2.1 + tbh-1##20260123,0.1690,2.1053,2.1053
cest2.1 + tbh-1,20260123,cest2.1 + tbh-1##20260123,0.2390,0.0000,0.0000
cest2.1 + tbh-1,20260123,cest2.1 + tbh-1##20260123,0.0635,8.5714,17.1429
cest2.1 + tbh-1,20260123,cest2.1 + tbh-1##20260123,0.0758,18.1818,36.3636
cest2.1 + tbh-1,20260123,cest2.1 + tbh-1##20260123,0.1873,0.0000,0.0000
cest2.1 + tbh-1,20260123,cest2.1 + tbh-1##20260123,0.1960,0.0000,0.0000
cest2.1 + tbh-1,20260123,cest2.1 + tbh-1##20260123,0.1015,0.0000,16.2162
cest2.1 + tbh-1,20260123,cest2.1 + tbh-1##20260123,0.1107,16.2162,0.0000
cest2.1 + tbh-1,20260123,cest2.1 + tbh-1##20260123,0.2467,0.0000,0.0000
cest2.1 + tbh-1,20260123,cest2.1 + tbh-1##20260123,0.0688,0.0000,0.0000
cest2.1 + tbh-1,20260123,cest2.1 + tbh-1##20260123,0.0636,0.0000,19.0202
cest2.1 + tbh-1,20260123,cest2.1 + tbh-1##20260123,0.1636,0.0000,0.0000
cest2.1 + tbh-1,20260123,cest2.1 + tbh-1##20260123,0.2484,0.0000,0.0000
cest2.1 + tbh-1,20260123,cest2.1 + tbh-1##20260123,0.1639,0.0000,0.0000
cest2.1 + tbh-1,20260123,cest2.1 + tbh-1##20260123,0.2105,0.0000,0.0000
cest2.1 + tbh-1,20260123,cest2.1 + tbh-1##20260123,0.0503,0.0000,0.0000
cest2.1 + tbh-1,20260123,cest2.1 + tbh-1##20260123,0.1778,2.7397,0.0000
cest2.1 + tbh-1,20260123,cest2.1 + tbh-1##20260123,0.2186,0.0000,0.0000
cest2.1 + tbh-1,20260123,cest2.1 + tbh-1##20260123,0.1334,15.0000,0.0000
cest2.1 + tbh-1,20260123,cest2.1 + tbh-1##20260123,0.1710,3.0000,0.0000
cest2.1 + tbh-1,20260123,cest2.1 + tbh-1##20260123,0.1617,0.0000,0.0000
cest2.1 + tbh-1,20260123,cest2.1 + tbh-1##20260123,0.1676,0.0000,0.0000
cest2.1 + tbh-1,20260123,cest2.1 + tbh-1##20260123,0.1023,0.0000,0.0000
cest2.1 + tbh-1,20260123,cest2.1 + tbh-1##20260123,0.2172,1.8036,3.0060
cest2.1 + tbh-1,20260123,cest2.1 + tbh-1##20260123,0.2045,0.0000,0.0000
cest2.1 + tbh-1,20260123,cest2.1 + tbh-1##20260123,0.2105,0.0000,0.0000
cest2.1 + tbh-1,20260123,cest2.1 + tbh-1##20260123,0.1470,0.0000,1.3423
cest2.1 + tbh-1,20260123,cest2.1 + tbh-1##20260123,0.2148,0.0000,0.0000
cest2.1 + tbh-1,20260123,cest2.1 + tbh-1##20260123,0.1753,0.0000,0.0000
cest2.1 + tbh-1,20260123,cest2.1 + tbh-1##20260123,0.1758,0.0000,0.0000
cest2.1 + tbh-1,20260123,cest2.1 + tbh-1##20260123,0.1913,2.3238,2.3238
cest2.1 + tbh-1,20260123,cest2.1 + tbh-1##20260123,0.1900,1.2857,1.7143
cest2.1 + tbh-1,20260123,cest2.1 + tbh-1##20260123,0.2454,0.0000,0.0000
cest2.1 + tbh-1,20260123,cest2.1 + tbh-1##20260123,0.1930,1.1688,1.9481
cest2.1 + tbh-1,20260123,cest2.1 + tbh-1##20260123,0.1786,0.0000,0.0000
cest2.1 + tbh-1,20260123,cest2.1 + tbh-1##20260123,0.2160,4.1002,2.0501
cest2.1 + tbh-1,20260123,cest2.1 + tbh-1##20260123,0.1726,0.0000,0.0000
cest2.1 + tbh-1,20260123,cest2.1 + tbh-1##20260123,0.2075,1.0638,1.0638
cest2.1 + tbh-1,20260123,cest2.1 + tbh-1##20260123,0.1844,0.0000,0.0000
cest2.1 + tbh-1,20260123,cest2.1 + tbh-1##20260123,0.1893,0.0000,0.0000
cest2.1 + tbh-1,20260123,cest2.1 + tbh-1##20260123,0.1879,0.0000,0.0000
cest2.1 + tbh-1,20260123,cest2.1 + tbh-1##20260123,0.0842,0.0000,42.8571
cest2.1 + tbh-1,20260123,cest2.1 + tbh-1##20260123,0.2005,0.0000,0.9569
cest2.1 + tbh-1,20260123,cest2.1 + tbh-1##20260123,0.1517,1.7291,0.8646
cest2.1 + tbh-1,20260123,cest2.1 + tbh-1##20260123,0.1680,1.4938,0.9959
cest2.1 + tbh-1,20260123,cest2.1 + tbh-1##20260123,0.0570,0.0000,12.2449
cest2.1 + tbh-1,20260123,cest2.1 + tbh-1##20260123,0.1218,0.0000,0.0000
cest2.1 + tbh-1,20260123,cest2.1 + tbh-1##20260123,0.1565,0.0000,0.0000
cest2.1 + tbh-1,20260123,cest2.1 + tbh-1##20260123,0.1821,0.0000,0.0000
cest2.1 + tbh-1,20260123,cest2.1 + tbh-1##20260123,0.2545,0.0000,1.9017
cest2.1 + tbh-1,20260123,cest2.1 + tbh-1##20260123,0.0597,4.7059,4.7059
cest2.1 + tbh-1,20260123,cest2.1 + tbh-1##20260123,0.1781,0.0000,0.0000
cest2.1 + tbh-1,20260123,cest2.1 + tbh-1##20260123,0.2280,0.0000,0.0000
cest2.1 + tbh-1,20260123,cest2.1 + tbh-1##20260123,0.2352,0.0000,1.3453
cest2.1 + tbh-1,20260123,cest2.1 + tbh-1##20260123,0.2431,0.0000,0.0000
cest2.1 + tbh-1,20260123,cest2.1 + tbh-1##20260123,0.1593,0.0000,0.0000
cest2.1 + tbh-1,20260123,cest2.1 + tbh-1##20260123,0.2030,0.0000,0.0000
cest2.1 + tbh-1,20260123,cest2.1 + tbh-1##20260123,0.1986,0.5376,1.6129
cest2.1 + tbh-1,20260123,cest2.1 + tbh-1##20260123,0.2087,0.0000,0.0000
cest2.1 + tbh-1,20260123,cest2.1 + tbh-1##20260123,0.1755,0.0000,0.0000
cest2.1 + tbh-1,20260123,cest2.1 + tbh-1##20260123,0.1476,0.0000,0.0000
cest2.1 + tbh-1,20260123,cest2.1 + tbh-1##20260123,0.1811,0.0000,0.0000
cest2.1 + tbh-1,20260123,cest2.1 + tbh-1##20260123,0.1953,0.0000,0.0000
cest2.1 + tbh-1,20260123,cest2.1 + tbh-1##20260123,0.2315,0.0000,0.0000
cest2.1 + tbh-1,20260123,cest2.1 + tbh-1##20260123,0.1965,0.0000,0.0000
cest2.1 + tbh-1,20260123,cest2.1 + tbh-1##20260123,0.1499,0.0000,11.6505
cest2.1 + tbh-1,20260123,cest2.1 + tbh-1##20260123,0.1341,0.0000,0.0000
cest2.1 + tbh-1,20260123,cest2.1 + tbh-1##20260123,0.0991,0.0000,0.0000
cest2.1 + tbh-1,20260123,cest2.1 + tbh-1##20260123,0.1926,0.0000,0.0000
cest2.1 + tbh-1,20260123,cest2.1 + tbh-1##20260123,0.0649,2.5210,0.0000
cest2.1 + tbh-1,20260123,cest2.1 + tbh-1##20260123,0.2538,0.0000,0.0000
cest2.1 + tbh-1,20260123,cest2.1 + tbh-1##20260123,0.1237,0.0000,0.0000
cest2.1 + tbh-1,20260123,cest2.1 + tbh-1##20260123,0.1699,0.0000,0.0000
cest2.1 + tbh-1,20260123,cest2.1 + tbh-1##20260123,0.1736,0.0000,2.9412
cest2.1 + tbh-1,20260123,cest2.1 + tbh-1##20260123,0.0618,0.0000,0.0000
cest2.1 + tbh-1,20260123,cest2.1 + tbh-1##20260123,0.1991,0.0000,1.4888
cest2.1 + tbh-1,20260123,cest2.1 + tbh-1##20260123,0.1783,0.0000,2.2059
cest2.1 + tbh-1,20260123,cest2.1 + tbh-1##20260123,0.2420,0.0000,0.0000
cest2.1 + tbh-1,20260123,cest2.1 + tbh-1##20260123,0.1685,0.9119,0.9119
cest2.1 + tbh-1,20260123,cest2.1 + tbh-1##20260123,0.1829,1.3857,0.0000
cest2.1 + tbh-1,20260123,cest2.1 + tbh-1##20260123,0.1685,1.5748,3.1496
cest2.1 + tbh-1,20260123,cest2.1 + tbh-1##20260123,0.1664,0.0000,0.0000
cest2.1 + tbh-1,20260123,cest2.1 + tbh-1##20260123,0.1536,0.0000,0.0000
cest2.1 + tbh-1,20260123,cest2.1 + tbh-1##20260123,0.1654,1.5873,1.5873
cest2.1 + tbh-1,20260123,cest2.1 + tbh-1##20260123,0.0549,2.4390,2.4390
cest2.1 + tbh-1,20260123,cest2.1 + tbh-1##20260123,0.1779,0.0000,0.0000
cest2.1 + tbh-1,20260123,cest2.1 + tbh-1##20260123,0.1953,0.0000,0.0000
cest2.1 + tbh-1,20260123,cest2.1 + tbh-1##20260123,0.2163,0.0000,0.0000
cest2.1 + tbh-1,20260123,cest2.1 + tbh-1##20260123,0.2119,0.0000,0.0000
cest2.1 + tbh-1,20260123,cest2.1 + tbh-1##20260123,0.0728,2.1978,0.0000
cest2.1 + tbh-1,20260123,cest2.1 + tbh-1##20260123,0.1667,1.0909,0.0000
cest2.1 + tbh-1,20260123,cest2.1 + tbh-1##20260123,0.1685,0.0000,2.4691
cest2.1 + tbh-1,20260123,cest2.1 + tbh-1##20260123,0.2079,0.0000,0.0000
cest2.1 + tbh-1,20260123,cest2.1 + tbh-1##20260123,0.1808,0.0000,0.0000
cest2.1 + tbh-1,20260123,cest2.1 + tbh-1##20260123,0.1650,0.0000,0.0000
cest2.1 + tbh-1,20260123,cest2.1 + tbh-1##20260123,0.2299,6.7416,6.7416
cest2.1 + tbh-1,20260123,cest2.1 + tbh-1##20260123,0.2402,0.0000,0.0000
cest2.1 + tbh-1,20260123,cest2.1 + tbh-1##20260123,,0.0000,24.0000
cest2.1 + tbh-1,20260123,cest2.1 + tbh-1##20260123,0.1709,0.0000,0.0000
cest2.1 + tbh-1,20260123,cest2.1 + tbh-1##20260123,0.0554,1.7391,1.7391
cest2.1 + tbh-1,20260123,cest2.1 + tbh-1##20260123,0.1685,0.0000,0.0000
cest2.1 + tbh-1,20260123,cest2.1 + tbh-1##20260123,,24.0000,0.0000
cest2.1 + tbh-1,20260123,cest2.1 + tbh-1##20260123,0.1992,0.0000,0.0000
cest2.1 + tbh-1,20260123,cest2.1 + tbh-1##20260123,0.1959,0.0000,0.0000
cest2.1 + tbh-1,20260123,cest2.1 + tbh-1##20260123,0.2376,0.0000,0.0000
cest2.1 + tbh-1,20260123,cest2.1 + tbh-1##20260123,0.2042,0.0000,0.0000
cest2.1 + tbh-1,20260123,cest2.1 + tbh-1##20260123,0.2091,0.0000,0.0000
cest2.1 + tbh-1,20260123,cest2.1 + tbh-1##20260123,0.1646,0.0000,0.0000
cest2.1 + tbh-1,20260123,cest2.1 + tbh-1##20260123,0.2597,0.0000,0.0000
cest2.1 + tbh-1,20260123,cest2.1 + tbh-1##20260123,0.0616,0.0000,0.0000
cest2.1 + tbh-1,20260123,cest2.1 + tbh-1##20260123,0.1744,5.1502,2.5751
cest2.1 + tbh-1,20260123,cest2.1 + tbh-1##20260123,0.0535,2.5641,15.3846
cest2.1 + tbh-1,20260123,cest2.1 + tbh-1##20260123,0.2206,0.0000,0.0000
cest2.1 + tbh-1,20260123,cest2.1 + tbh-1##20260123,0.1856,0.0000,0.0000
cest2.1 + tbh-1,20260123,cest2.1 + tbh-1##20260123,0.1502,2.6316,0.0000
cest2.1 + tbh-1,20260123,cest2.1 + tbh-1##20260123,0.2301,0.0000,0.0000
cest2.1 + tbh-1,20260123,cest2.1 + tbh-1##20260123,0.2543,0.0000,0.0000
cest2.1 + tbh-1,20260123,cest2.1 + tbh-1##20260123,0.1625,0.0000,0.0000
cest2.1 + tbh-1,20260123,cest2.1 + tbh-1##20260123,0.2171,0.0000,0.0000
cest2.1 + tbh-1,20260123,cest2.1 + tbh-1##20260123,0.1545,3.4091,3.4091
cest2.1 + tbh-1,20260123,cest2.1 + tbh-1##20260123,0.1974,0.0000,0.0000
cest2.1 + tbh-1,20260123,cest2.1 + tbh-1##20260123,0.1497,0.0000,0.0000
cest2.1 + tbh-1,20260123,cest2.1 + tbh-1##20260123,0.0559,0.0000,27.5862
cest2.1 + tbh-1,20260123,cest2.1 + tbh-1##20260123,0.1881,0.0000,0.0000
cest2.1 + tbh-1,20260123,cest2.1 + tbh-1##20260123,0.2213,0.0000,8.0000
cest2.1 + tbh-1,20260123,cest2.1 + tbh-1##20260123,0.2730,0.0000,0.0000
cest2.1 + tbh-1,20260123,cest2.1 + tbh-1##20260123,0.1411,0.0000,0.0000
cest2.1 + tbh-1,20260124,cest2.1 + tbh-1##20260124,0.2149,0.0000,0.0000
cest2.1 + tbh-1,20260124,cest2.1 + tbh-1##20260124,0.2016,0.0000,0.0000
cest2.1 + tbh-1,20260124,cest2.1 + tbh-1##20260124,0.1982,0.0000,0.0000
cest2.1 + tbh-1,20260124,cest2.1 + tbh-1##20260124,0.2286,0.0000,0.0000
cest2.1 + tbh-1,20260124,cest2.1 + tbh-1##20260124,0.2325,0.0000,0.0000
cest2.1 + tbh-1,20260124,cest2.1 + tbh-1##20260124,0.2293,0.0000,0.0000
cest2.1 + tbh-1,20260124,cest2.1 + tbh-1##20260124,0.2007,0.5917,0.5917
cest2.1 + tbh-1,20260124,cest2.1 + tbh-1##20260124,0.2119,0.0000,0.0000
cest2.1 + tbh-1,20260124,cest2.1 + tbh-1##20260124,0.1634,0.0000,0.0000
cest2.1 + tbh-1,20260124,cest2.1 + tbh-1##20260124,0.1592,0.3517,0.3517
cest2.1 + tbh-1,20260124,cest2.1 + tbh-1##20260124,0.1811,0.0000,0.0000
cest2.1 + tbh-1,20260124,cest2.1 + tbh-1##20260124,0.1786,0.0000,0.0000
cest2.1 + tbh-1,20260124,cest2.1 + tbh-1##20260124,0.1912,0.0000,0.0000
cest2.1 + tbh-1,20260124,cest2.1 + tbh-1##20260124,0.0980,1.5625,6.2500
cest2.1 + tbh-1,20260124,cest2.1 + tbh-1##20260124,0.2139,0.0000,0.0000
cest2.1 + tbh-1,20260124,cest2.1 + tbh-1##20260124,0.1766,0.0000,0.0000
cest2.1 + tbh-1,20260124,cest2.1 + tbh-1##20260124,0.1872,0.0000,0.0000
cest2.1 + tbh-1,20260124,cest2.1 + tbh-1##20260124,0.2450,0.0000,0.0000
cest2.1 + tbh-1,20260124,cest2.1 + tbh-1##20260124,0.2144,0.0000,0.0000
cest2.1 + tbh-1,20260124,cest2.1 + tbh-1##20260124,0.2233,0.0000,0.0000
cest2.1 + tbh-1,20260124,cest2.1 + tbh-1##20260124,0.0639,6.0914,0.0000
cest2.1 + tbh-1,20260124,cest2.1 + tbh-1##20260124,0.1302,0.0000,0.0000
cest2.1 + tbh-1,20260124,cest2.1 + tbh-1##20260124,0.1632,0.0000,0.0000
cest2.1 + tbh-1,20260124,cest2.1 + tbh-1##20260124,0.2029,0.0000,0.0000
cest2.1 + tbh-1,20260124,cest2.1 + tbh-1##20260124,0.1593,0.7802,0.0000
cest2.1 + tbh-1,20260124,cest2.1 + tbh-1##20260124,0.1427,0.0000,0.0000
cest2.1 + tbh-1,20260124,cest2.1 + tbh-1##20260124,0.1798,0.0000,0.0000
cest2.1 + tbh-1,20260124,cest2.1 + tbh-1##20260124,0.0562,0.0000,2.3077
cest2.1 + tbh-1,20260124,cest2.1 + tbh-1##20260124,0.2278,0.0000,0.0000
cest2.1 + tbh-1,20260124,cest2.1 + tbh-1##20260124,0.2022,0.0000,0.0000
cest2.1 + tbh-1,20260124,cest2.1 + tbh-1##20260124,0.1898,0.0000,0.4428
cest2.1 + tbh-1,20260124,cest2.1 + tbh-1##20260124,0.1880,0.0000,0.0000
cest2.1 + tbh-1,20260124,cest2.1 + tbh-1##20260124,0.1110,0.0000,0.0000
cest2.1 + tbh-1,20260124,cest2.1 + tbh-1##20260124,0.1404,0.0000,0.0000
cest2.1 + tbh-1,20260124,cest2.1 + tbh-1##20260124,0.2535,0.0000,0.0000
cest2.1 + tbh-1,20260124,cest2.1 + tbh-1##20260124,0.1600,0.0000,0.0000
cest2.1 + tbh-1,20260124,cest2.1 + tbh-1##20260124,0.1659,0.0000,0.0000
cest2.1 + tbh-1,20260124,cest2.1 + tbh-1##20260124,0.2037,0.0000,0.0000
cest2.1 + tbh-1,20260124,cest2.1 + tbh-1##20260124,0.1758,0.0000,0.7772
cest2.1 + tbh-1,20260124,cest2.1 + tbh-1##20260124,0.1997,0.0000,0.0000
cest2.1 + tbh-1,20260124,cest2.1 + tbh-1##20260124,0.1769,0.0000,0.0000
cest2.1 + tbh-1,20260124,cest2.1 + tbh-1##20260124,0.1744,0.0000,0.0000
cest2.1 + tbh-1,20260124,cest2.1 + tbh-1##20260124,0.1808,0.0000,0.0000
cest2.1 + tbh-1,20260124,cest2.1 + tbh-1##20260124,0.1590,0.0000,0.0000
cest2.1 + tbh-1,20260124,cest2.1 + tbh-1##20260124,0.2022,0.0000,0.0000
cest2.1 + tbh-1,20260124,cest2.1 + tbh-1##20260124,0.1857,0.0000,0.0000
cest2.1 + tbh-1,20260124,cest2.1 + tbh-1##20260124,0.1752,0.0000,0.9693
cest2.1 + tbh-1,20260124,cest2.1 + tbh-1##20260124,0.1043,0.0000,0.0000
cest2.1 + tbh-1,20260124,cest2.1 + tbh-1##20260124,0.2216,0.0000,0.0000
cest2.1 + tbh-1,20260124,cest2.1 + tbh-1##20260124,0.1865,0.0000,0.0000
cest2.1 + tbh-1,20260124,cest2.1 + tbh-1##20260124,0.1474,0.0000,0.0000
cest2.1 + tbh-1,20260124,cest2.1 + tbh-1##20260124,0.1903,0.0000,0.0000
cest2.1 + tbh-1,20260124,cest2.1 + tbh-1##20260124,0.2160,0.0000,0.0000
cest2.1 + tbh-1,20260124,cest2.1 + tbh-1##20260124,0.2059,4.7544,6.6561
cest2.1 + tbh-1,20260124,cest2.1 + tbh-1##20260124,0.1940,0.0000,0.0000
cest2.1 + tbh-1,20260124,cest2.1 + tbh-1##20260124,0.1956,0.0000,0.0000
cest2.1 + tbh-1,20260124,cest2.1 + tbh-1##20260124,0.2077,0.0000,0.0000
cest2.1 + tbh-1,20260124,cest2.1 + tbh-1##20260124,0.1953,0.0000,0.0000
cest2.1 + tbh-1,20260124,cest2.1 + tbh-1##20260124,0.2101,0.0000,0.0000
cest2.1 + tbh-1,20260124,cest2.1 + tbh-1##20260124,0.1777,2.2578,1.1289
cest2.1 + tbh-1,20260124,cest2.1 + tbh-1##20260124,0.0880,3.9216,0.0000
cest2.1 + tbh-1,20260124,cest2.1 + tbh-1##20260124,0.2002,0.0000,0.0000
cest2.1 + tbh-1,20260124,cest2.1 + tbh-1##20260124,0.1568,8.4507,0.0000
cest2.1 + tbh-1,20260124,cest2.1 + tbh-1##20260124,0.1424,0.0000,0.0000
cest2.1 + tbh-1,20260124,cest2.1 + tbh-1##20260124,0.1243,4.5802,0.0000
cest2.1 + tbh-1,20260124,cest2.1 + tbh-1##20260124,0.1109,10.7143,0.0000
cest2.1 + tbh-1,20260124,cest2.1 + tbh-1##20260124,0.2003,0.8683,1.7366
cest2.1 + tbh-1,20260124,cest2.1 + tbh-1##20260124,0.0846,2.4457,2.4457
cest2.1 + tbh-1,20260124,cest2.1 + tbh-1##20260124,0.1653,0.0000,0.0000
cest2.1 + tbh-1,20260124,cest2.1 + tbh-1##20260124,0.1225,0.5587,1.1173
cest2.1 + tbh-1,20260124,cest2.1 + tbh-1##20260124,0.2026,1.2474,0.6237
cest2.1 + tbh-1,20260124,cest2.1 + tbh-1##20260124,0.1550,0.0000,0.0000
cest2.1 + tbh-1,20260124,cest2.1 + tbh-1##20260124,0.1407,0.0000,0.0000
cest2.1 + tbh-1,20260124,cest2.1 + tbh-1##20260124,0.1583,0.0000,0.0000
cest2.1 + tbh-1,20260124,cest2.1 + tbh-1##20260124,0.1420,0.0000,1.2526
cest2.1 + tbh-1,20260124,cest2.1 + tbh-1##20260124,0.1471,3.7975,3.7975
cest2.1 + tbh-1,20260124,cest2.1 + tbh-1##20260124,0.2174,0.0000,0.0000
cest2.1 + tbh-1,20260124,cest2.1 + tbh-1##20260124,0.0595,5.0505,0.5051
cest2.1 + tbh-1,20260124,cest2.1 + tbh-1##20260124,0.1933,0.0000,0.0000
cest2.1 + tbh-1,20260124,cest2.1 + tbh-1##20260124,0.1808,0.0000,0.0000
cest2.1 + tbh-1,20260124,cest2.1 + tbh-1##20260124,0.1900,1.2384,2.4768
cest2.1 + tbh-1,20260124,cest2.1 + tbh-1##20260124,0.1434,0.0000,0.0000
cest2.1 + tbh-1,20260124,cest2.1 + tbh-1##20260124,0.1956,0.0000,12.3711
cest2.1 + tbh-1,20260124,cest2.1 + tbh-1##20260124,0.1323,0.0000,0.0000
cest2.1 + tbh-1,20260124,cest2.1 + tbh-1##20260124,0.2131,1.1374,1.1374
cest2.1 + tbh-1,20260124,cest2.1 + tbh-1##20260124,0.1542,0.0000,0.0000
cest2.1 + tbh-1,20260124,cest2.1 + tbh-1##20260124,0.1625,0.0000,0.0000
cest2.1 + tbh-1,20260124,cest2.1 + tbh-1##20260124,0.1630,0.0000,0.0000
cest2.1 + tbh-1,20260124,cest2.1 + tbh-1##20260124,0.1568,0.0000,0.0000
cest2.1 + tbh-1,20260124,cest2.1 + tbh-1##20260124,0.1984,0.0000,0.0000
cest2.1 + tbh-1,20260124,cest2.1 + tbh-1##20260124,0.0859,4.9342,2.9605
cest2.1 + tbh-1,20260124,cest2.1 + tbh-1##20260124,0.1547,0.0000,0.0000
cest2.1 + tbh-1,20260124,cest2.1 + tbh-1##20260124,0.1379,0.0000,3.1662
cest2.1 + tbh-1,20260124,cest2.1 + tbh-1##20260124,0.2201,0.0000,0.0000
cest2.1 + tbh-1,20260124,cest2.1 + tbh-1##20260124,0.1526,0.0000,1.2270
cest2.1 + tbh-1,20260124,cest2.1 + tbh-1##20260124,0.2050,0.0000,0.0000
cest2.1 + tbh-1,20260124,cest2.1 + tbh-1##20260124,,24.0000,0.0000
cest2.1 + tbh-1,20260124,cest2.1 + tbh-1##20260124,0.1809,0.0000,0.0000
cest2.1 + tbh-1,20260124,cest2.1 + tbh-1##20260124,0.2324,0.0000,0.0000
cest2.1 + tbh-1,20260124,cest2.1 + tbh-1##20260124,0.1677,0.0000,0.0000
cest2.1 + tbh-1,20260124,cest2.1 + tbh-1##20260124,0.1592,3.6290,1.2097
cest2.1 + tbh-1,20260124,cest2.1 + tbh-1##20260124,0.1996,0.0000,0.0000
cest2.1 + tbh-1,20260124,cest2.1 + tbh-1##20260124,0.2301,7.2289,7.2289
cest2.1 + tbh-1,20260124,cest2.1 + tbh-1##20260124,0.1680,0.0000,0.0000
cest2.1 + tbh-1,20260124,cest2.1 + tbh-1##20260124,0.1788,0.0000,0.0000
cest2.1 + tbh-1,20260124,cest2.1 + tbh-1##20260124,0.1583,0.0000,0.0000
cest2.1 + tbh-1,20260124,cest2.1 + tbh-1##20260124,0.1405,0.0000,0.0000
cest2.1 + tbh-1,20260124,cest2.1 + tbh-1##20260124,0.1602,2.4291,1.2146
cest2.1 + tbh-1,20260124,cest2.1 + tbh-1##20260124,0.1974,0.0000,0.0000
cest2.1 + tbh-1,20260124,cest2.1 + tbh-1##20260124,0.1775,0.5051,1.0101
cest2.1 + tbh-1,20260124,cest2.1 + tbh-1##20260124,0.2143,0.0000,0.0000
cest2.1 + tbh-1,20260124,cest2.1 + tbh-1##20260124,0.1585,0.0000,1.7391
cest2.1 + tbh-1,20260124,cest2.1 + tbh-1##20260124,0.0592,9.9174,4.9587
cest2.1 + tbh-1,20260124,cest2.1 + tbh-1##20260124,0.1720,0.0000,0.0000
cest2.1 + tbh-1,20260124,cest2.1 + tbh-1##20260124,0.1883,0.0000,0.0000
cest2.1 + tbh-1,20260124,cest2.1 + tbh-1##20260124,0.1508,1.9481,0.0000
cest2.1 + tbh-1,20260124,cest2.1 + tbh-1##20260124,0.1725,0.0000,0.9539
cest2.1 + tbh-1,20260124,cest2.1 + tbh-1##20260124,0.1356,0.0000,0.0000
cest2.1 + tbh-1,20260124,cest2.1 + tbh-1##20260124,0.1428,0.0000,0.0000
cest2.1 + tbh-1,20260124,cest2.1 + tbh-1##20260124,0.1896,0.0000,2.0513
cest2.1 + tbh-1,20260124,cest2.1 + tbh-1##20260124,0.2193,0.0000,0.0000
cest2.1 + tbh-1,20260124,cest2.1 + tbh-1##20260124,0.1793,0.0000,0.0000
cest2.1 + tbh-1,20260124,cest2.1 + tbh-1##20260124,0.1553,0.0000,0.0000
cest2.1 + tbh-1,20260124,cest2.1 + tbh-1##20260124,0.1566,6.1856,0.0000
cest2.1 + tbh-1,20260124,cest2.1 + tbh-1##20260124,0.1726,0.0000,0.0000
cest2.1 + tbh-1,20260124,cest2.1 + tbh-1##20260124,0.1915,0.0000,0.0000
cest2.1 + tbh-1,20260124,cest2.1 + tbh-1##20260124,0.1203,2.1127,1.4085
cest2.1 + tbh-1,20260124,cest2.1 + tbh-1##20260124,0.1968,1.4440,1.4440
cest2.1 + tbh-1,20260124,cest2.1 + tbh-1##20260124,0.2120,0.0000,0.0000
cest2.1 + tbh-1,20260124,cest2.1 + tbh-1##20260124,0.0769,0.0000,0.0000
cest2.1 + tbh-1,20260124,cest2.1 + tbh-1##20260124,0.2252,0.0000,0.0000
cest2.1 + tbh-1,20260124,cest2.1 + tbh-1##20260124,0.2027,0.0000,0.0000
cest2.1 + tbh-1,20260124,cest2.1 + tbh-1##20260124,0.1911,0.0000,0.0000
cest2.1 + tbh-1,20260124,cest2.1 + tbh-1##20260124,0.1963,0.0000,0.0000
cest2.1 + tbh-1,20260124,cest2.1 + tbh-1##20260124,0.2107,2.0654,1.0327
cest2.1 + tbh-1,20260124,cest2.1 + tbh-1##20260124,0.2073,1.5564,0.7782
cest2.1 + tbh-1,20260124,cest2.1 + tbh-1##20260124,0.1633,0.0000,0.0000
cest2.1 + tbh-1,20260124,cest2.1 + tbh-1##20260124,0.1935,0.0000,1.8868
cest2.1 + tbh-1,20260124,cest2.1 + tbh-1##20260124,0.1644,0.0000,0.0000
cest2.1 + tbh-1,20260124,cest2.1 + tbh-1##20260124,0.1753,0.0000,0.0000
cest2.1 + tbh-1,20260124,cest2.1 + tbh-1##20260124,0.1268,0.0000,0.0000
cest2.1 + tbh-1,20260124,cest2.1 + tbh-1##20260124,0.2062,0.8253,0.8253
cest2.1 + tbh-1,20260124,cest2.1 + tbh-1##20260124,0.1265,0.0000,0.0000
cest2.1 + tbh-1,20260124,cest2.1 + tbh-1##20260124,0.1970,0.0000,0.0000
cest2.1 + tbh-1,20260124,cest2.1 + tbh-1##20260124,0.1743,3.7267,1.8634
cest2.1 + tbh-1,20260124,cest2.1 + tbh-1##20260124,0.1910,0.0000,0.0000
cest2.1 + tbh-1,20260124,cest2.1 + tbh-1##20260124,0.1660,0.0000,0.0000
cest2.1 + tbh-1,20260124,cest2.1 + tbh-1##20260124,0.1788,0.0000,0.0000
cest2.1 + tbh-1,20260124,cest2.1 + tbh-1##20260124,0.1727,0.0000,0.0000
cest2.1 + tbh-1,20260124,cest2.1 + tbh-1##20260124,0.0724,2.9752,0.9917
cest2.1 + tbh-1,20260124,cest2.1 + tbh-1##20260124,0.1618,0.0000,0.0000
cest2.1 + tbh-1,20260124,cest2.1 + tbh-1##20260124,0.1714,0.0000,0.0000
cest2.1 + tbh-1,20260124,cest2.1 + tbh-1##20260124,0.1740,0.0000,0.0000
cest2.1 + tbh-1,20260124,cest2.1 + tbh-1##20260124,0.1685,0.0000,0.0000
cest2.1 + tbh-1,20260124,cest2.1 + tbh-1##20260124,0.1636,0.0000,0.0000
cest2.1 + tbh-1,20260124,cest2.1 + tbh-1##20260124,0.2024,0.0000,0.0000
cest2.1 + tbh-1,20260124,cest2.1 + tbh-1##20260124,0.1293,0.0000,0.0000
cest2.1 + tbh-1,20260124,cest2.1 + tbh-1##20260124,0.0812,0.0000,0.0000
cest2.1 + tbh-1,20260124,cest2.1 + tbh-1##20260124,0.1639,0.0000,0.0000
cest2.1 + tbh-1,20260124,cest2.1 + tbh-1##20260124,0.1727,0.0000,0.0000
cest2.1 + tbh-1,20260124,cest2.1 + tbh-1##20260124,0.1784,1.4252,1.4252
cest2.1 + tbh-1,20260124,cest2.1 + tbh-1##20260124,0.0607,9.2784,3.0928
cest2.1 + tbh-1,20260124,cest2.1 + tbh-1##20260124,0.0566,1.6620,1.6620
cest2.1 + tbh-1,20260124,cest2.1 + tbh-1##20260124,0.2081,1.4634,2.9268
cest2.1 + tbh-1,20260124,cest2.1 + tbh-1##20260124,0.1591,0.0000,0.0000
cest2.1 + tbh-1,20260124,cest2.1 + tbh-1##20260124,0.2028,0.0000,2.9557
cest2.1 + tbh-1,20260124,cest2.1 + tbh-1##20260124,0.1813,0.0000,4.1667
cest2.1 + tbh-1,20260124,cest2.1 + tbh-1##20260124,0.2121,0.0000,0.0000
cest2.1 + tbh-1,20260124,cest2.1 + tbh-1##20260124,0.1921,0.0000,0.0000
cest2.1 + tbh-1,20260124,cest2.1 + tbh-1##20260124,0.1508,0.0000,0.0000
cest2.1 + tbh-1,20260124,cest2.1 + tbh-1##20260124,0.1629,0.0000,0.0000
cest2.1 + tbh-1,20260124,cest2.1 + tbh-1##20260124,0.1400,0.0000,0.0000
cest2.1 + tbh-1,20260124,cest2.1 + tbh-1##20260124,0.1402,0.0000,0.0000
cest2.1 + tbh-1,20260124,cest2.1 + tbh-1##20260124,0.1865,0.0000,0.0000
cest2.1 + tbh-1,20260124,cest2.1 + tbh-1##20260124,0.1910,0.0000,0.0000
ctg-1,20260202,ctg-1##20260202,0.1181,0.0000,0.0000
ctg-1,20260202,ctg-1##20260202,0.1660,0.0000,0.0000
ctg-1,20260202,ctg-1##20260202,0.1395,0.0000,0.0000
ctg-1,20260202,ctg-1##20260202,0.0740,0.0000,24.0000
ctg-1,20260202,ctg-1##20260202,0.1456,0.0000,1.1811
ctg-1,20260202,ctg-1##20260202,0.1452,2.6997,3.3746
ctg-1,20260202,ctg-1##20260202,0.1187,1.2605,5.0420
ctg-1,20260202,ctg-1##20260202,0.1664,1.3921,0.6961
ctg-1,20260202,ctg-1##20260202,0.1515,0.0000,0.0000
ctg-1,20260202,ctg-1##20260202,0.1399,2.3301,1.1650
ctg-1,20260202,ctg-1##20260202,0.0968,2.5210,1.2605
ctg-1,20260202,ctg-1##20260202,0.1244,0.0000,0.0000
ctg-1,20260202,ctg-1##20260202,0.1260,0.0000,1.5385
ctg-1,20260202,ctg-1##20260202,0.1516,0.0000,1.5385
ctg-1,20260202,ctg-1##20260202,0.1255,0.6723,2.6891
ctg-1,20260202,ctg-1##20260202,0.0534,12.2449,0.0000
ctg-1,20260202,ctg-1##20260202,0.0872,0.0000,7.6271
ctg-1,20260202,ctg-1##20260202,0.1264,0.0000,0.9412
ctg-1,20260202,ctg-1##20260202,0.1214,0.0000,0.0000
ctg-1,20260202,ctg-1##20260202,0.1224,0.0000,0.0000
ctg-1,20260202,ctg-1##20260202,0.0881,3.6810,6.1350
ctg-1,20260202,ctg-1##20260202,0.1432,0.5164,1.0327
ctg-1,20260202,ctg-1##20260202,0.1219,5.4422,4.0816
ctg-1,20260202,ctg-1##20260202,0.1427,0.0000,0.0000
ctg-1,20260202,ctg-1##20260202,0.1394,2.2901,3.8168
ctg-1,20260202,ctg-1##20260202,0.1339,2.1314,1.0657
ctg-1,20260202,ctg-1##20260202,0.1252,1.7682,1.7682
ctg-1,20260202,ctg-1##20260202,0.0537,0.0000,0.0000
ctg-1,20260202,ctg-1##20260202,0.1596,0.0000,0.0000
ctg-1,20260202,ctg-1##20260202,0.1341,0.0000,0.4789
ctg-1,20260202,ctg-1##20260202,0.1553,1.4599,2.1898
ctg-1,20260202,ctg-1##20260202,0.1239,1.8127,0.0000
ctg-1,20260202,ctg-1##20260202,0.1221,1.0619,2.1239
ctg-1,20260202,ctg-1##20260202,0.1328,1.2371,1.2371
ctg-1,20260202,ctg-1##20260202,0.1416,0.0000,1.2712
ctg-1,20260202,ctg-1##20260202,0.1190,0.0000,1.4634
ctg-1,20260202,ctg-1##20260202,0.1436,6.8966,3.4483
ctg-1,20260202,ctg-1##20260202,0.1006,0.0000,2.3392
ctg-1,20260202,ctg-1##20260202,0.1438,15.0000,0.0000
ctg-1,20260202,ctg-1##20260202,,13.3333,0.0000
ctg-1,20260202,ctg-1##20260202,0.0385,17.1429,0.0000
ctg-1,20260202,ctg-1##20260202,,0.0000,0.0000
ctg-1,20260202,ctg-1##20260202,0.1482,0.0000,0.0000
ctg-1,20260202,ctg-1##20260202,0.1105,2.1152,1.4101
ctg-1,20260202,ctg-1##20260202,0.1262,2.4291,2.4291
ctg-1,20260202,ctg-1##20260202,0.1579,9.8361,0.0000
ctg-1,20260202,ctg-1##20260202,0.1304,1.0239,0.0000
ctg-1,20260202,ctg-1##20260202,0.1116,0.0000,4.2857
ctg-1,20260202,ctg-1##20260202,0.1540,0.9317,0.4658
ctg-1,20260202,ctg-1##20260202,0.0966,26.6667,0.0000
ctg-1,20260202,ctg-1##20260202,0.0840,10.7143,0.0000
ctg-1,20260202,ctg-1##20260202,0.0922,0.0000,0.0000
ctg-1,20260202,ctg-1##20260202,0.1353,12.2449,0.0000
ctg-1,20260202,ctg-1##20260202,,13.0435,0.0000
ctg-1,20260202,ctg-1##20260202,0.1836,0.0000,6.3830
ctg-1,20260202,ctg-1##20260202,0.1221,4.9281,4.9281
ctg-1,20260202,ctg-1##20260202,0.1407,0.0000,0.0000
ctg-1,20260202,ctg-1##20260202,0.1475,0.0000,0.0000
ctg-1,20260202,ctg-1##20260202,0.1680,0.0000,0.0000
ctg-1,20260202,ctg-1##20260202,0.1350,2.3622,3.5433
ctg-1,20260202,ctg-1##20260202,0.1078,4.5455,0.0000
ctg-1,20260202,ctg-1##20260202,0.1621,0.0000,0.0000
ctg-1,20260202,ctg-1##20260202,0.1352,1.1385,3.9848
ctg-1,20260202,ctg-1##20260202,0.0787,0.0000,0.0000
ctg-1,20260202,ctg-1##20260202,,6.3830,0.0000
ctg-1,20260202,ctg-1##20260202,0.1457,0.0000,0.0000
ctg-1,20260202,ctg-1##20260202,0.1670,0.0000,0.0000
ctg-1,20260202,ctg-1##20260202,0.1306,0.0000,0.0000
ctg-1,20260202,ctg-1##20260202,0.0821,5.1852,2.2222
ctg-1,20260202,ctg-1##20260202,0.0645,2.1687,0.7229
ctg-1,20260202,ctg-1##20260202,0.1190,0.0000,0.0000
ctg-1,20260202,ctg-1##20260202,0.1558,1.0050,1.0050
ctg-1,20260202,ctg-1##20260202,0.1863,2.7439,2.7439
ctg-1,20260202,ctg-1##20260202,0.1323,0.0000,1.5789
ctg-1,20260202,ctg-1##20260202,0.1323,1.8576,3.7152
ctg-1,20260202,ctg-1##20260202,0.1530,0.0000,0.0000
ctg-1,20260202,ctg-1##20260202,0.1282,0.0000,0.0000
ctg-1,20260202,ctg-1##20260202,0.1274,0.0000,0.0000
ctg-1,20260202,ctg-1##20260202,0.1120,0.0000,0.0000
ctg-1,20260202,ctg-1##20260202,0.1383,0.0000,0.0000
ctg-1,20260202,ctg-1##20260202,0.1326,0.0000,0.0000
ctg-1,20260202,ctg-1##20260202,0.1324,0.0000,4.7244
ctg-1,20260202,ctg-1##20260202,0.1471,0.0000,0.0000
ctg-1,20260202,ctg-1##20260202,0.1248,0.0000,4.0909
ctg-1,20260202,ctg-1##20260202,0.1395,4.0909,4.0909
ctg-1,20260202,ctg-1##20260202,0.1509,2.9557,0.0000
ctg-1,20260202,ctg-1##20260202,0.1552,0.0000,0.0000
ctg-1,20260202,ctg-1##20260202,0.1242,0.0000,0.0000
ctg-1,20260202,ctg-1##20260202,0.1187,0.0000,3.4783
ctg-1,20260202,ctg-1##20260202,0.1462,0.0000,0.0000
ctg-1,20260202,ctg-1##20260202,0.1384,2.7027,0.0000
ctg-1,20260202,ctg-1##20260202,0.1263,6.2500,18.7500
ctg-1,20260202,ctg-1##20260202,0.1317,2.7149,2.7149
ctg-1,20260202,ctg-1##20260202,0.1288,0.0000,0.0000
ctg-1,20260202,ctg-1##20260202,0.1912,0.0000,0.0000
ctg-1,20260202,ctg-1##20260202,0.0445,0.0000,0.0000
ctg-1,20260202,ctg-1##20260202,0.1680,0.0000,0.0000
ctg-1,20260202,ctg-1##20260202,0.1232,0.0000,0.0000
ctg-1,20260202,ctg-1##20260202,0.1425,0.0000,0.0000
ctg-1,20260202,ctg-1##20260202,0.0908,0.0000,0.0000
ctg-1,20260202,ctg-1##20260202,0.1278,0.0000,11.1111
ctg-1,20260202,ctg-1##20260202,0.1442,0.0000,0.0000
ctg-1,20260202,ctg-1##20260202,0.1257,0.0000,0.0000
ctg-1,20260202,ctg-1##20260202,0.0679,18.7500,0.0000
ctg-1,20260205,ctg-1##20260205,0.1261,1.7026,0.6810
ctg-1,20260205,ctg-1##20260205,0.0723,0.0000,0.0000
ctg-1,20260205,ctg-1##20260205,0.1070,0.9772,0.4886
ctg-1,20260205,ctg-1##20260205,0.1157,0.0000,5.2174
ctg-1,20260205,ctg-1##20260205,0.1184,1.7094,0.0000
ctg-1,20260205,ctg-1##20260205,0.1075,0.6659,1.3319
ctg-1,20260205,ctg-1##20260205,0.1191,0.0000,0.0000
ctg-1,20260205,ctg-1##20260205,0.1331,0.0000,0.0000
ctg-1,20260205,ctg-1##20260205,0.1034,0.7051,2.8202
ctg-1,20260205,ctg-1##20260205,0.1135,0.0000,1.3423
ctg-1,20260205,ctg-1##20260205,0.1130,0.0000,0.0000
ctg-1,20260205,ctg-1##20260205,0.0763,0.0000,0.0000
ctg-1,20260205,ctg-1##20260205,0.1128,0.0000,22.2222
ctg-1,20260205,ctg-1##20260205,0.1108,0.8333,1.6667
ctg-1,20260205,ctg-1##20260205,0.0757,0.0000,0.0000
ctg-1,20260205,ctg-1##20260205,0.1103,0.0000,0.0000
ctg-1,20260205,ctg-1##20260205,0.1215,0.0000,1.5915
ctg-1,20260205,ctg-1##20260205,0.0982,5.0314,8.8050
ctg-1,20260205,ctg-1##20260205,0.0973,0.0000,2.5424
ctg-1,20260205,ctg-1##20260205,0.1088,0.0000,16.9811
ctg-1,20260205,ctg-1##20260205,0.0979,0.0000,10.9091
ctg-1,20260205,ctg-1##20260205,0.1320,0.0000,0.0000
ctg-1,20260205,ctg-1##20260205,0.1172,0.0000,2.1201
ctg-1,20260205,ctg-1##20260205,0.0942,3.5260,0.0000
ctg-1,20260205,ctg-1##20260205,0.1266,0.0000,3.1524
ctg-1,20260205,ctg-1##20260205,0.1149,0.8721,4.3605
ctg-1,20260205,ctg-1##20260205,0.0564,12.5000,0.0000
ctg-1,20260205,ctg-1##20260205,0.1256,2.5052,0.0000
ctg-1,20260205,ctg-1##20260205,0.0882,0.0000,0.0000
ctg-1,20260205,ctg-1##20260205,0.1210,0.0000,0.7472
ctg-1,20260205,ctg-1##20260205,0.1245,0.0000,0.0000
ctg-1,20260205,ctg-1##20260205,0.1570,0.0000,0.0000
ctg-1,20260205,ctg-1##20260205,0.1274,0.0000,0.0000
ctg-1,20260205,ctg-1##20260205,0.1096,0.0000,0.0000
ctg-1,20260205,ctg-1##20260205,0.0659,6.5455,2.1818
ctg-1,20260205,ctg-1##20260205,0.1360,0.0000,0.0000
ctg-1,20260205,ctg-1##20260205,0.0937,0.0000,0.0000
ctg-1,20260205,ctg-1##20260205,0.0901,0.0000,20.6897
ctg-1,20260205,ctg-1##20260205,0.1783,0.0000,0.0000
ctg-1,20260205,ctg-1##20260205,0.1145,0.0000,1.8987
ctg-1,20260205,ctg-1##20260205,0.0755,0.0000,0.0000
ctg-1,20260205,ctg-1##20260205,0.1398,0.0000,0.0000
ctg-1,20260205,ctg-1##20260205,0.1076,1.2712,5.0847
ctg-1,20260205,ctg-1##20260205,0.0938,3.9216,0.0000
ctg-1,20260205,ctg-1##20260205,0.0865,6.1224,0.0000
ctg-1,20260205,ctg-1##20260205,0.1066,0.7895,0.0000
ctg-1,20260205,ctg-1##20260205,0.1224,4.7745,4.7745
ctg-1,20260205,ctg-1##20260205,0.1192,0.0000,0.0000
ctg-1,20260205,ctg-1##20260205,0.1081,1.3043,1.3043
ctg-1,20260205,ctg-1##20260205,0.1353,0.0000,2.2059
ctg-1,20260205,ctg-1##20260205,0.1022,6.0606,15.1515
ctg-1,20260205,ctg-1##20260205,0.0790,0.0000,11.1111
ctg-1,20260205,ctg-1##20260205,0.1140,0.8439,2.5316
ctg-1,20260205,ctg-1##20260205,0.1388,0.0000,0.0000
ctg-1,20260205,ctg-1##20260205,0.1325,0.9132,1.8265
ctg-1,20260205,ctg-1##20260205,0.0559,12.0603,0.0000
ctg-1,20260205,ctg-1##20260205,0.1142,0.0000,0.0000
ctg-1,20260205,ctg-1##20260205,0.1036,5.4745,3.2847
ctg-1,20260205,ctg-1##20260205,0.1239,3.7152,0.0000
ctg-1,20260205,ctg-1##20260205,0.0852,2.9851,0.0000
ctg-1,20260205,ctg-1##20260205,0.1136,0.0000,0.0000
ctg-1,20260205,ctg-1##20260205,0.1005,4.2629,2.1314
ctg-1,20260205,ctg-1##20260205,0.1584,0.0000,0.0000
ctg-1,20260205,ctg-1##20260205,0.1205,0.0000,0.0000
ctg-1,20260205,ctg-1##20260205,0.1290,0.0000,0.0000
ctg-1,20260205,ctg-1##20260205,0.0926,1.9293,1.9293
ctg-1,20260205,ctg-1##20260205,0.1223,4.2857,0.0000
ctg-1,20260205,ctg-1##20260205,0.1111,0.0000,0.0000
ctg-1,20260205,ctg-1##20260205,0.1132,2.9508,2.9508
ctg-1,20260205,ctg-1##20260205,0.1388,2.7714,2.7714
ctg-1,20260205,ctg-1##20260205,0.1110,3.5294,3.5294
ctg-1,20260205,ctg-1##20260205,0.1181,1.8032,2.2539
ctg-1,20260205,ctg-1##20260205,0.1081,0.0000,0.0000
ctg-1,20260205,ctg-1##20260205,0.0510,0.0000,7.7922
ctg-1,20260205,ctg-1##20260205,0.0924,6.5217,6.5217
ctg-1,20260205,ctg-1##20260205,0.1198,7.4534,7.4534
ctg-1,20260205,ctg-1##20260205,0.1451,0.7916,1.5831
ctg-1,20260205,ctg-1##20260205,0.1514,0.0000,0.0000
ctg-1,20260205,ctg-1##20260205,0.0790,7.8947,7.8947
ctg-1,20260205,ctg-1##20260205,0.0788,0.0000,0.0000
ctg-1,20260205,ctg-1##20260205,0.0992,0.9302,3.7209
ctg-1,20260205,ctg-1##20260205,0.0458,0.0000,0.0000
ctg-1,20260205,ctg-1##20260205,0.0860,0.0000,12.0000
ctg-1,20260205,ctg-1##20260205,0.1354,0.0000,0.6122
ctg-1,20260205,ctg-1##20260205,0.1003,0.0000,0.0000
ctg-1,20260205,ctg-1##20260205,0.1085,1.6620,0.5540
ctg-1,20260205,ctg-1##20260205,0.1194,0.0000,0.0000
ctg-1,20260205,ctg-1##20260205,0.1134,0.0000,0.5714
ctg-1,20260205,ctg-1##20260205,0.0932,11.0092,11.0092
ctg-1,20260205,ctg-1##20260205,0.1380,0.0000,0.0000
ctg-1,20260205,ctg-1##20260205,0.1258,0.0000,0.0000
ctg-1,20260205,ctg-1##20260205,0.0762,0.0000,0.0000
ctg-1,20260205,ctg-1##20260205,0.1050,0.0000,1.5748
ctg-1,20260205,ctg-1##20260205,0.1461,0.0000,0.0000
ctg-1,20260205,ctg-1##20260205,0.0854,0.0000,0.0000
ctg-1,20260205,ctg-1##20260205,0.1279,0.0000,0.0000
ctg-1,20260205,ctg-1##20260205,0.1196,0.0000,0.0000
ctg-1,20260205,ctg-1##20260205,0.1220,3.9046,3.9046
ctg-1,20260205,ctg-1##20260205,0.1393,0.0000,1.3544
ctg-1,20260205,ctg-1##20260205,0.0985,1.1881,2.9703
ctg-1,20260205,ctg-1##20260205,0.1237,0.0000,0.0000
ctg-1,20260205,ctg-1##20260205,0.1433,9.5238,4.7619
ctg-1,20260205,ctg-1##20260205,0.1024,3.0457,0.0000
ctg-1,20260205,ctg-1##20260205,0.0741,0.0000,0.0000
ctg-1,20260205,ctg-1##20260205,0.1004,0.0000,0.0000
ctg-1,20260205,ctg-1##20260205,0.1103,0.0000,1.2618
ctg-1,20260205,ctg-1##20260205,0.1150,0.0000,5.0000
ctg-1,20260205,ctg-1##20260205,0.0845,0.0000,0.0000
ctg-1,20260205,ctg-1##20260205,0.1418,0.0000,0.0000
ctg-1,20260205,ctg-1##20260205,0.1447,0.0000,0.0000
ctg-1,20260205,ctg-1##20260205,0.1332,2.2556,2.2556
ctg-1,20260205,ctg-1##20260205,0.0821,0.0000,0.0000
ctg-1,20260205,ctg-1##20260205,0.1180,0.0000,0.0000
ctg-1,20260205,ctg-1##20260205,0.1081,1.0889,4.3557
ctg-1,20260205,ctg-1##20260205,0.1199,2.0979,6.2937
ctg-1,20260205,ctg-1##20260205,0.0919,6.7039,3.3520
ctg-1,20260205,ctg-1##20260205,0.1074,0.0000,0.0000
ctg-1,20260205,ctg-1##20260205,0.1322,0.0000,0.0000
ctg-1,20260205,ctg-1##20260205,0.1234,0.0000,0.0000
ctg-1,20260205,ctg-1##20260205,0.1216,0.0000,0.0000
ctg-1,20260205,ctg-1##20260205,0.0660,0.0000,0.0000
ctg-1,20260205,ctg-1##20260205,0.1003,0.0000,0.0000
ctg-1,20260205,ctg-1##20260205,0.1194,2.5862,1.2931
ctg-1,20260205,ctg-1##20260205,0.0608,6.8966,6.8966
ctg-1,20260205,ctg-1##20260205,0.0672,9.6000,0.0000
ctg-1,20260205,ctg-1##20260205,0.1493,0.0000,0.0000
ctg-1,20260205,ctg-1##20260205,0.1359,0.0000,0.0000
ctg-1,20260205,ctg-1##20260205,0.1114,0.0000,0.0000
ctg-1,20260205,ctg-1##20260205,0.1252,0.0000,0.0000
ctg-1,20260205,ctg-1##20260205,0.1588,2.0833,2.0833
ctg-1,20260205,ctg-1##20260205,0.1161,5.4054,0.0000
ctg-1,20260205,ctg-1##20260205,0.1045,4.4776,4.4776
ctg-1,20260205,ctg-1##20260205,0.1301,4.2254,4.2254
ctg-1,20260205,ctg-1##20260205,0.0956,7.4844,4.9896
ctg-1,20260205,ctg-1##20260205,0.0883,0.0000,0.0000
ctg-1,20260205,ctg-1##20260205,0.1350,0.0000,0.0000
ctg-1,20260205,ctg-1##20260205,0.1602,0.0000,0.0000
ctg-1,20260205,ctg-1##20260205,0.1199,0.0000,0.0000
ctg-1,20260205,ctg-1##20260205,0.1198,9.3458,5.6075
ctg-1,20260205,ctg-1##20260205,0.0927,8.3333,16.6667
ctg-1,20260205,ctg-1##20260205,0.1458,0.0000,0.0000
ctg-1,20260205,ctg-1##20260205,0.1339,0.0000,4.1002
ctg-1,20260205,ctg-1##20260205,0.1198,7.2289,4.8193
ctg-1,20260205,ctg-1##20260205,0.1324,16.2162,16.2162
ctg-1,20260205,ctg-1##20260205,0.1638,0.0000,0.0000
ctg-1,20260205,ctg-1##20260205,0.1397,0.0000,0.0000
ctg-1,20260205,ctg-1##20260205,0.1594,0.0000,0.0000
ctg-1,20260205,ctg-1##20260205,0.1419,0.0000,3.7500
ctg-1,20260205,ctg-1##20260205,0.1385,0.0000,3.9474
ctg-1,20260205,ctg-1##20260205,0.1181,0.0000,0.0000
ctg-1,20260205,ctg-1##20260205,0.1367,0.0000,0.0000
ctg-1,20260205,ctg-1##20260205,0.1257,0.0000,0.0000
ctg-1,20260205,ctg-1##20260205,0.1390,2.8708,5.7416
ctg-1,20260205,ctg-1##20260205,0.0835,0.0000,0.0000
ctg-1,20260205,ctg-1##20260205,0.1549,0.0000,0.0000
ctg-1,20260205,ctg-1##20260205,0.1382,0.0000,0.0000
ctg-1,20260205,ctg-1##20260205,0.1397,0.0000,0.0000
ctg-1,20260205,ctg-1##20260205,0.1234,0.0000,0.0000
ctg-1,20260205,ctg-1##20260205,0.0814,4.4118,0.0000
ctg-1,20260205,ctg-1##20260205,0.1410,6.0606,6.0606
ctg-1,20260205,ctg-1##20260205,0.1367,0.0000,0.0000
ctg-1,20260205,ctg-1##20260205,0.1414,0.0000,0.0000
ctg-1,20260205,ctg-1##20260205,0.1488,0.0000,0.0000
ctg-1,20260205,ctg-1##20260205,0.1117,0.0000,12.3711
ctg-1,20260205,ctg-1##20260205,0.1040,0.0000,0.0000
ctg-1,20260205,ctg-1##20260205,0.1474,0.0000,0.0000
ctg-1,20260205,ctg-1##20260205,0.1517,0.0000,0.0000
ctg-1,20260205,ctg-1##20260205,0.1153,0.0000,0.0000
ctg-1,20260205,ctg-1##20260205,0.1239,0.0000,0.0000
ctg-1,20260205,ctg-1##20260205,0.1445,0.0000,0.0000
ctg-1,20260206,ctg-1##20260206,0.1350,1.8987,0.0000
ctg-1,20260206,ctg-1##20260206,0.1297,0.0000,0.0000
ctg-1,20260206,ctg-1##20260206,0.1170,0.0000,0.0000
ctg-1,20260206,ctg-1##20260206,0.1146,6.9767,0.0000
ctg-1,20260206,ctg-1##20260206,0.1554,0.0000,0.0000
ctg-1,20260206,ctg-1##20260206,0.1033,1.2526,0.0000
ctg-1,20260206,ctg-1##20260206,0.1476,0.0000,6.5217
ctg-1,20260206,ctg-1##20260206,0.1325,0.0000,1.9481
ctg-1,20260206,ctg-1##20260206,0.0985,2.2167,0.0000
ctg-1,20260206,ctg-1##20260206,0.1195,0.0000,0.0000
ctg-1,20260206,ctg-1##20260206,0.1079,0.0000,0.0000
ctg-1,20260206,ctg-1##20260206,0.1472,0.0000,0.0000
ctg-1,20260206,ctg-1##20260206,0.0941,0.0000,0.0000
ctg-1,20260206,ctg-1##20260206,,23.0769,0.0000
ctg-1,20260206,ctg-1##20260206,0.1671,2.2181,2.2181
ctg-1,20260206,ctg-1##20260206,0.1640,0.0000,0.0000
ctg-1,20260206,ctg-1##20260206,0.1361,0.0000,1.4019
ctg-1,20260206,ctg-1##20260206,0.1358,0.0000,0.0000
ctg-1,20260206,ctg-1##20260206,0.1457,0.0000,0.0000
ctg-1,20260206,ctg-1##20260206,0.1535,0.8798,0.8798
ctg-1,20260206,ctg-1##20260206,0.1189,0.0000,0.0000
ctg-1,20260206,ctg-1##20260206,0.1399,0.0000,0.0000
ctg-1,20260206,ctg-1##20260206,0.1280,3.7975,0.0000
ctg-1,20260206,ctg-1##20260206,0.1448,0.0000,0.0000
ctg-1,20260206,ctg-1##20260206,0.1455,0.0000,0.0000
ctg-1,20260206,ctg-1##20260206,0.1112,0.0000,0.0000
ctg-1,20260206,ctg-1##20260206,0.0612,0.0000,0.0000
ctg-1,20260206,ctg-1##20260206,0.1036,0.0000,0.0000
ctg-1,20260206,ctg-1##20260206,0.1383,0.0000,0.0000
ctg-1,20260206,ctg-1##20260206,0.1284,0.0000,0.0000
ctg-1,20260206,ctg-1##20260206,0.1319,0.0000,2.2727
ctg-1,20260206,ctg-1##20260206,0.1224,15.0000,15.0000
ctg-1,20260206,ctg-1##20260206,0.1266,0.0000,0.0000
ctg-1,20260206,ctg-1##20260206,0.1396,0.0000,0.9959
ctg-1,20260206,ctg-1##20260206,0.0981,0.0000,0.0000
ctg-1,20260206,ctg-1##20260206,0.1467,1.6129,1.6129
ctg-1,20260206,ctg-1##20260206,0.1344,0.0000,0.0000
ctg-1,20260206,ctg-1##20260206,0.1538,0.0000,0.0000
ctg-1,20260206,ctg-1##20260206,0.1248,0.0000,0.0000
ctg-1,20260206,ctg-1##20260206,0.1670,0.0000,0.0000
ctg-1,20260206,ctg-1##20260206,0.1387,0.0000,0.0000
ctg-1,20260206,ctg-1##20260206,0.1718,0.0000,0.0000
ctg-1,20260206,ctg-1##20260206,0.1087,0.0000,0.0000
ctg-1,20260206,ctg-1##20260206,0.1295,0.0000,0.0000
ctg-1,20260206,ctg-1##20260206,0.1159,0.0000,0.0000
ctg-1,20260206,ctg-1##20260206,0.1386,1.1173,0.0000
ctg-1,20260206,ctg-1##20260206,0.1370,2.0443,1.0221
ctg-1,20260206,ctg-1##20260206,0.1195,0.0000,0.0000
ctg-1,20260206,ctg-1##20260206,0.1341,0.0000,0.0000
ctg-1,20260206,ctg-1##20260206,0.0863,0.0000,0.0000
ctg-1,20260206,ctg-1##20260206,0.0964,0.0000,0.0000
ctg-1,20260206,ctg-1##20260206,0.1176,2.5751,0.0000
ctg-1,20260206,ctg-1##20260206,0.0901,0.0000,0.0000
ctg-1,20260206,ctg-1##20260206,0.0795,0.9375,0.9375
ctg-1,20260206,ctg-1##20260206,0.1077,0.0000,0.0000
ctg-1,20260206,ctg-1##20260206,0.0575,0.0000,2.5478
ctg-1,20260206,ctg-1##20260206,0.0826,0.0000,5.0000
ctg-1,20260206,ctg-1##20260206,0.1003,0.0000,0.0000
ctg-1,20260206,ctg-1##20260206,0.1139,0.0000,0.0000
ctg-1,20260206,ctg-1##20260206,0.1416,0.0000,0.0000
ctg-1,20260206,ctg-1##20260206,0.1096,0.0000,4.2135
ctg-1,20260206,ctg-1##20260206,0.1188,0.0000,0.0000
ctg-1,20260206,ctg-1##20260206,0.1201,2.1077,1.4052
ctg-1,20260206,ctg-1##20260206,0.1229,0.0000,0.0000
ctg-1,20260206,ctg-1##20260206,0.1368,0.0000,4.9451
ctg-1,20260206,ctg-1##20260206,0.1472,0.0000,0.0000
ctg-1,20260206,ctg-1##20260206,0.1041,0.0000,0.0000
ctg-1,20260206,ctg-1##20260206,0.1013,1.1976,0.0000
ctg-1,20260206,ctg-1##20260206,0.0805,0.0000,0.0000
ctg-1,20260206,ctg-1##20260206,0.1571,0.0000,0.0000
ctg-1,20260206,ctg-1##20260206,0.1443,0.0000,0.0000
ctg-1,20260206,ctg-1##20260206,0.1682,0.0000,0.0000
ctg-1,20260206,ctg-1##20260206,0.1410,0.0000,0.0000
ctg-1,20260206,ctg-1##20260206,0.0994,0.0000,2.8846
ctg-1,20260206,ctg-1##20260206,0.1392,0.0000,1.6690
ctg-1,20260206,ctg-1##20260206,0.1418,0.0000,0.0000
ctg-1,20260206,ctg-1##20260206,0.1369,0.0000,0.0000
ctg-1,20260206,ctg-1##20260206,0.1118,0.0000,0.0000
ctg-1,20260206,ctg-1##20260206,0.1379,2.3952,2.3952
ctg-1,20260206,ctg-1##20260206,0.1350,0.0000,0.0000
ctg-1,20260206,ctg-1##20260206,0.1108,0.0000,0.0000
ctg-1,20260206,ctg-1##20260206,0.1486,4.8387,0.0000
ctg-1,20260206,ctg-1##20260206,0.1197,0.0000,0.0000
ctg-1,20260206,ctg-1##20260206,0.1283,0.0000,2.1739
ctg-1,20260206,ctg-1##20260206,0.1067,0.0000,0.0000
ctg-1,20260206,ctg-1##20260206,0.1229,0.0000,5.0740
ctg-1,20260206,ctg-1##20260206,0.1243,5.3973,0.0000
ctg-1,20260206,ctg-1##20260206,0.1509,0.0000,0.0000
ctg-1,20260206,ctg-1##20260206,0.1240,1.3544,1.3544
ctg-1,20260206,ctg-1##20260206,0.1094,5.9739,0.7467
ctg-1,20260206,ctg-1##20260206,0.1516,0.0000,0.0000
ctg-1,20260206,ctg-1##20260206,0.1319,0.0000,0.0000
ctg-1,20260206,ctg-1##20260206,0.1404,0.0000,0.0000
ctg-1,20260206,ctg-1##20260206,0.1432,0.0000,0.0000
ctg-1,20260206,ctg-1##20260206,0.1286,0.0000,0.7712
ctg-1,20260206,ctg-1##20260206,0.1243,0.0000,0.0000
ctg-1,20260206,ctg-1##20260206,0.0725,5.2632,0.0000
ctg-1,20260206,ctg-1##20260206,0.1079,0.0000,0.5988
ctg-1,20260206,ctg-1##20260206,0.1336,0.0000,15.7895
ctg-1,20260206,ctg-1##20260206,0.1347,0.0000,9.0909
ctg-1,20260206,ctg-1##20260206,0.1215,0.0000,0.7380
ctg-1,20260206,ctg-1##20260206,0.1467,0.0000,0.0000
ctg-1,20260206,ctg-1##20260206,0.1112,0.0000,0.0000
ctg-1,20260206,ctg-1##20260206,0.1385,1.9129,1.9129
ctg-1,20260206,ctg-1##20260206,0.0864,3.3994,3.3994
ctg-1,20260206,ctg-1##20260206,0.1408,1.0545,2.6362
ctg-1,20260206,ctg-1##20260206,0.1565,0.0000,0.0000
ctg-1,20260206,ctg-1##20260206,0.0781,3.4562,0.0000
ctg-1,20260206,ctg-1##20260206,0.0890,0.0000,6.9231
ctg-1,20260206,ctg-1##20260206,0.1346,1.9481,1.9481
ctg-1,20260206,ctg-1##20260206,0.1448,0.0000,0.0000
ctg-1,20260206,ctg-1##20260206,0.1011,0.0000,0.0000
ctg-1,20260206,ctg-1##20260206,0.1337,0.0000,0.0000
ctg-1,20260206,ctg-1##20260206,0.0841,0.0000,0.0000
ctg-1,20260206,ctg-1##20260206,0.1463,0.0000,2.4390
ctg-1,20260206,ctg-1##20260206,0.1265,0.0000,0.0000
ctg-1,20260206,ctg-1##20260206,0.0998,0.0000,0.0000
ctg-1,20260206,ctg-1##20260206,0.1419,0.0000,0.0000
ctg-1,20260206,ctg-1##20260206,0.1030,0.0000,0.0000
ctg-1,20260206,ctg-1##20260206,0.1356,1.7595,5.2786
ctg-1,20260206,ctg-1##20260206,0.1121,0.0000,3.0848
ctg-1,20260206,ctg-1##20260206,0.1114,0.0000,0.0000
ctg-1,20260206,ctg-1##20260206,0.1340,0.0000,0.0000
ctg-1,20260206,ctg-1##20260206,0.1413,0.0000,0.0000
ctg-1,20260206,ctg-1##20260206,0.1127,0.0000,0.0000
ctg-1,20260206,ctg-1##20260206,0.1349,0.0000,0.0000
ctg-1,20260206,ctg-1##20260206,0.1249,0.0000,2.4540
ctg-1,20260206,ctg-1##20260206,0.1223,0.0000,0.0000
ctg-1,20260206,ctg-1##20260206,0.1089,0.0000,0.0000
ctg-1,20260206,ctg-1##20260206,0.0973,0.0000,0.0000
ctg-1,20260206,ctg-1##20260206,0.1620,0.0000,0.0000
ctg-1,20260206,ctg-1##20260206,0.0828,0.0000,5.1136
ctg-1,20260206,ctg-1##20260206,0.1041,3.0573,3.8217
ctg-1,20260206,ctg-1##20260206,0.0946,0.0000,0.0000
ctg-1,20260206,ctg-1##20260206,0.0791,0.0000,18.3673
ctg-1,20260206,ctg-1##20260206,0.1204,0.6969,2.0906
ctg-1,20260206,ctg-1##20260206,0.1419,0.0000,0.0000
ctg-1,20260206,ctg-1##20260206,0.1223,2.8846,5.7692
ctg-1,20260206,ctg-1##20260206,0.0738,0.0000,2.8846
ctg-1,20260206,ctg-1##20260206,0.0875,0.0000,0.0000
ctg-1,20260206,ctg-1##20260206,0.1031,0.0000,0.0000
ctg-1,20260206,ctg-1##20260206,0.1183,0.0000,0.0000
ctg-1,20260206,ctg-1##20260206,0.1485,2.5532,1.2766
ctg-1,20260206,ctg-1##20260206,0.1514,0.0000,0.0000
ctg-1,20260206,ctg-1##20260206,0.1328,0.0000,0.0000
ctg-1,20260206,ctg-1##20260206,0.1324,0.0000,0.0000
ctg-1,20260206,ctg-1##20260206,0.0987,0.0000,0.0000
ctg-1,20260206,ctg-1##20260206,0.1604,0.0000,0.0000
ctg-1,20260206,ctg-1##20260206,0.1132,1.3857,6.9284
ctg-1,20260206,ctg-1##20260206,0.1020,0.0000,2.7149
ctg-1,20260206,ctg-1##20260206,0.1333,0.0000,2.0339
ctg-1,20260206,ctg-1##20260206,0.1345,0.0000,10.1695
ctg-1,20260206,ctg-1##20260206,0.1299,0.0000,0.0000
ctg-1,20260206,ctg-1##20260206,0.0979,0.0000,0.0000
ctg-1,20260206,ctg-1##20260206,0.1323,0.0000,1.0989
ctg-1,20260206,ctg-1##20260206,0.1116,0.0000,0.0000
ctg-1,20260206,ctg-1##20260206,0.0538,3.3333,0.0000
ctg-1,20260206,ctg-1##20260206,0.0754,0.0000,4.1096
ctg-1,20260206,ctg-1##20260206,0.1566,2.2770,1.1385
ctg-1,20260206,ctg-1##20260206,0.1269,0.0000,0.0000
ctg-1,20260206,ctg-1##20260206,0.1302,0.0000,2.4341
ctg-1,20260206,ctg-1##20260206,0.1043,0.0000,0.0000
ctg-1,20260206,ctg-1##20260206,0.1046,0.0000,0.0000
ctg-1,20260206,ctg-1##20260206,0.1183,0.0000,0.0000
ctg-1,20260206,ctg-1##20260206,0.0971,0.0000,0.0000
ctg-1,20260206,ctg-1##20260206,0.1530,0.0000,0.0000
ctg-1,20260206,ctg-1##20260206,0.0752,0.0000,0.0000
ctg-1,20260206,ctg-1##20260206,0.1145,0.0000,0.0000
ctg-1,20260206,ctg-1##20260206,0.1395,0.0000,1.6807
ctg-1,20260206,ctg-1##20260206,0.1036,0.0000,0.0000
ctg-1,20260206,ctg-1##20260206,0.1255,0.0000,1.7192
ctg-1,20260206,ctg-1##20260206,0.1252,0.0000,0.0000
ctg-1,20260206,ctg-1##20260206,0.1173,0.0000,0.0000
ctg-1,20260206,ctg-1##20260206,0.1381,0.0000,0.0000
ctg-1,20260206,ctg-1##20260206,0.1202,0.0000,0.0000
ctg-1,20260206,ctg-1##20260206,0.0677,0.0000,3.6585
ctg-1,20260206,ctg-1##20260206,0.1190,0.0000,0.0000
ctg-1,20260206,ctg-1##20260206,0.1334,0.0000,0.0000
ctg-1,20260206,ctg-1##20260206,0.1121,0.0000,5.3333
ctg-1,20260206,ctg-1##20260206,0.1347,0.0000,0.0000
ctg-1,20260206,ctg-1##20260206,0.1201,0.0000,0.0000
ctg-1,20260206,ctg-1##20260206,0.1002,0.0000,0.0000
ctg-1,20260206,ctg-1##20260206,0.1268,3.0612,6.1224
ctg-1,20260206,ctg-1##20260206,0.1322,0.0000,0.0000
ctg-1,20260206,ctg-1##20260206,0.0816,0.0000,0.0000
ctg-1,20260206,ctg-1##20260206,0.1402,0.0000,0.0000
ctg-1,20260206,ctg-1##20260206,0.1244,0.0000,0.0000
ctg-1,20260206,ctg-1##20260206,0.1046,0.0000,0.0000
ctg-1,20260206,ctg-1##20260206,0.1312,0.0000,0.0000
ctg-1,20260206,ctg-1##20260206,0.0955,0.0000,0.0000
ctg-1,20260206,ctg-1##20260206,0.1255,0.0000,0.0000
ctg-1,20260206,ctg-1##20260206,0.0793,0.0000,0.0000
fcmt-1,20260122,fcmt-1##20260122,0.1439,0.0000,0.0000
fcmt-1,20260122,fcmt-1##20260122,0.1685,0.0000,0.0000
fcmt-1,20260122,fcmt-1##20260122,0.2042,0.0000,0.0000
fcmt-1,20260122,fcmt-1##20260122,0.1470,0.0000,0.0000
fcmt-1,20260122,fcmt-1##20260122,0.1777,1.4790,0.9860
fcmt-1,20260122,fcmt-1##20260122,0.1764,0.0000,0.0000
fcmt-1,20260122,fcmt-1##20260122,0.1612,0.0000,0.0000
fcmt-1,20260122,fcmt-1##20260122,0.2267,0.0000,0.0000
fcmt-1,20260122,fcmt-1##20260122,0.1743,0.0000,0.0000
fcmt-1,20260122,fcmt-1##20260122,0.1357,0.0000,0.0000
fcmt-1,20260122,fcmt-1##20260122,0.1571,7.1429,0.0000
fcmt-1,20260122,fcmt-1##20260122,0.1743,0.0000,0.0000
fcmt-1,20260122,fcmt-1##20260122,0.1903,0.0000,0.0000
fcmt-1,20260122,fcmt-1##20260122,0.1253,24.0000,24.0000
fcmt-1,20260122,fcmt-1##20260122,0.1596,0.0000,0.0000
fcmt-1,20260122,fcmt-1##20260122,0.1263,0.0000,2.0713
fcmt-1,20260122,fcmt-1##20260122,0.1794,0.0000,0.0000
fcmt-1,20260122,fcmt-1##20260122,0.1469,0.0000,0.0000
fcmt-1,20260122,fcmt-1##20260122,0.1218,0.0000,0.0000
fcmt-1,20260122,fcmt-1##20260122,0.1761,0.0000,0.0000
fcmt-1,20260122,fcmt-1##20260122,0.1784,0.0000,0.0000
fcmt-1,20260122,fcmt-1##20260122,0.1953,0.9132,1.3699
fcmt-1,20260122,fcmt-1##20260122,0.1482,1.3793,0.0000
fcmt-1,20260122,fcmt-1##20260122,0.1349,0.0000,0.0000
fcmt-1,20260122,fcmt-1##20260122,0.1751,0.0000,0.0000
fcmt-1,20260122,fcmt-1##20260122,0.1428,0.0000,0.0000
fcmt-1,20260122,fcmt-1##20260122,0.1514,0.0000,0.0000
fcmt-1,20260122,fcmt-1##20260122,0.1350,0.0000,2.4793
fcmt-1,20260122,fcmt-1##20260122,0.2064,0.0000,1.8809
fcmt-1,20260122,fcmt-1##20260122,0.1357,1.4502,3.2628
fcmt-1,20260122,fcmt-1##20260122,0.1346,0.0000,0.0000
fcmt-1,20260122,fcmt-1##20260122,0.1819,0.0000,6.1856
fcmt-1,20260122,fcmt-1##20260122,0.1383,0.0000,0.0000
fcmt-1,20260122,fcmt-1##20260122,0.1387,1.0969,1.0969
fcmt-1,20260122,fcmt-1##20260122,0.2029,0.0000,0.0000
fcmt-1,20260122,fcmt-1##20260122,0.1605,0.0000,0.0000
fcmt-1,20260122,fcmt-1##20260122,0.1786,0.0000,0.0000
fcmt-1,20260122,fcmt-1##20260122,0.1230,0.0000,0.0000
fcmt-1,20260122,fcmt-1##20260122,0.1592,0.4792,0.9585
fcmt-1,20260122,fcmt-1##20260122,0.1364,0.0000,0.0000
fcmt-1,20260122,fcmt-1##20260122,0.1353,0.0000,3.2143
fcmt-1,20260122,fcmt-1##20260122,0.1348,1.6143,1.6143
fcmt-1,20260122,fcmt-1##20260122,0.1576,0.0000,1.1173
fcmt-1,20260122,fcmt-1##20260122,0.2017,0.7092,0.7092
fcmt-1,20260122,fcmt-1##20260122,0.1693,0.0000,1.2848
fcmt-1,20260122,fcmt-1##20260122,0.1314,2.7778,5.5556
fcmt-1,20260122,fcmt-1##20260122,0.1599,2.5641,2.5641
fcmt-1,20260122,fcmt-1##20260122,0.1244,0.0000,0.0000
fcmt-1,20260122,fcmt-1##20260122,0.1509,0.0000,0.0000
fcmt-1,20260122,fcmt-1##20260122,0.1526,0.0000,0.0000
fcmt-1,20260122,fcmt-1##20260122,0.1857,0.0000,1.7094
fcmt-1,20260122,fcmt-1##20260122,0.1861,0.0000,0.0000
fcmt-1,20260122,fcmt-1##20260122,0.1526,0.0000,3.0928
fcmt-1,20260122,fcmt-1##20260122,0.1381,0.0000,5.1724
fcmt-1,20260122,fcmt-1##20260122,0.1937,0.0000,0.0000
fcmt-1,20260122,fcmt-1##20260122,0.1570,0.0000,0.0000
fcmt-1,20260122,fcmt-1##20260122,0.1306,0.0000,0.0000
fcmt-1,20260122,fcmt-1##20260122,0.1348,1.3245,5.2980
fcmt-1,20260122,fcmt-1##20260122,0.1150,0.0000,1.3761
fcmt-1,20260122,fcmt-1##20260122,0.1686,4.2755,4.2755
fcmt-1,20260122,fcmt-1##20260122,0.1792,0.0000,0.0000
fcmt-1,20260123,fcmt-1##20260123,0.1401,0.0000,0.0000
fcmt-1,20260123,fcmt-1##20260123,0.2080,1.6736,3.3473
fcmt-1,20260123,fcmt-1##20260123,0.0782,3.2189,0.6438
fcmt-1,20260123,fcmt-1##20260123,0.1584,0.7979,0.0000
fcmt-1,20260123,fcmt-1##20260123,0.1764,1.4388,0.7194
fcmt-1,20260123,fcmt-1##20260123,0.1584,1.0536,2.1071
fcmt-1,20260123,fcmt-1##20260123,0.1558,0.0000,0.0000
fcmt-1,20260123,fcmt-1##20260123,0.1847,0.0000,0.0000
fcmt-1,20260123,fcmt-1##20260123,0.1649,0.0000,0.0000
fcmt-1,20260123,fcmt-1##20260123,0.1585,0.0000,0.0000
fcmt-1,20260123,fcmt-1##20260123,0.1476,4.8780,2.4390
fcmt-1,20260123,fcmt-1##20260123,0.1579,0.0000,2.5253
fcmt-1,20260123,fcmt-1##20260123,0.2205,1.3393,1.3393
fcmt-1,20260123,fcmt-1##20260123,0.1491,0.0000,0.0000
fcmt-1,20260123,fcmt-1##20260123,0.1309,0.0000,0.0000
fcmt-1,20260123,fcmt-1##20260123,0.1423,0.0000,0.0000
fcmt-1,20260123,fcmt-1##20260123,0.1799,3.6036,1.8018
fcmt-1,20260123,fcmt-1##20260123,0.0514,0.0000,0.0000
fcmt-1,20260123,fcmt-1##20260123,0.1409,0.0000,2.5370
fcmt-1,20260123,fcmt-1##20260123,0.1964,0.0000,0.0000
fcmt-1,20260123,fcmt-1##20260123,0.2313,0.0000,0.0000
fcmt-1,20260123,fcmt-1##20260123,0.1330,0.0000,1.1385
fcmt-1,20260123,fcmt-1##20260123,0.0815,3.7975,0.0000
fcmt-1,20260123,fcmt-1##20260123,0.1987,0.0000,0.0000
fcmt-1,20260123,fcmt-1##20260123,0.1291,2.3622,2.3622
fcmt-1,20260123,fcmt-1##20260123,0.1742,0.7916,0.7916
fcmt-1,20260123,fcmt-1##20260123,0.1597,0.0000,0.8075
fcmt-1,20260123,fcmt-1##20260123,0.1342,0.0000,0.6630
fcmt-1,20260123,fcmt-1##20260123,0.1365,0.0000,1.2903
fcmt-1,20260123,fcmt-1##20260123,0.1492,0.0000,0.0000
fcmt-1,20260123,fcmt-1##20260123,0.1243,0.0000,0.0000
fcmt-1,20260123,fcmt-1##20260123,0.1819,0.0000,0.0000
fcmt-1,20260123,fcmt-1##20260123,0.0908,0.0000,0.0000
fcmt-1,20260123,fcmt-1##20260123,0.1475,0.0000,0.0000
fcmt-1,20260123,fcmt-1##20260123,0.1274,0.0000,0.8021
fcmt-1,20260123,fcmt-1##20260123,0.2063,0.0000,0.0000
fcmt-1,20260123,fcmt-1##20260123,0.2046,0.0000,0.0000
fcmt-1,20260123,fcmt-1##20260123,0.1385,0.0000,0.9174
fcmt-1,20260123,fcmt-1##20260123,0.1416,0.0000,0.0000
fcmt-1,20260123,fcmt-1##20260123,0.1373,2.6354,1.7570
fcmt-1,20260123,fcmt-1##20260123,0.1334,0.9788,1.9576
fcmt-1,20260123,fcmt-1##20260123,0.1704,0.0000,0.0000
fcmt-1,20260123,fcmt-1##20260123,0.1894,2.2642,2.2642
fcmt-1,20260123,fcmt-1##20260123,0.1396,0.0000,0.0000
fcmt-1,20260123,fcmt-1##20260123,0.1699,2.7088,2.7088
fcmt-1,20260123,fcmt-1##20260123,0.1584,0.0000,0.0000
fcmt-1,20260123,fcmt-1##20260123,0.1111,0.0000,4.1570
fcmt-1,20260123,fcmt-1##20260123,0.1261,1.5584,4.6753
fcmt-1,20260123,fcmt-1##20260123,0.1359,0.0000,0.0000
fcmt-1,20260123,fcmt-1##20260123,0.1417,0.0000,0.0000
fcmt-1,20260123,fcmt-1##20260123,0.1837,0.0000,0.0000
fcmt-1,20260123,fcmt-1##20260123,0.1422,0.0000,0.0000
fcmt-1,20260123,fcmt-1##20260123,0.0906,0.0000,0.0000
fcmt-1,20260123,fcmt-1##20260123,0.1945,0.0000,4.1667
fcmt-1,20260123,fcmt-1##20260123,0.1696,0.0000,0.0000
fcmt-1,20260123,fcmt-1##20260123,0.1521,0.0000,0.0000
fcmt-1,20260124,fcmt-1##20260124,0.1128,1.2500,2.5000
fcmt-1,20260124,fcmt-1##20260124,0.1450,2.0501,0.6834
fcmt-1,20260124,fcmt-1##20260124,0.1365,1.7045,3.4091
fcmt-1,20260124,fcmt-1##20260124,0.0681,2.3099,6.9297
fcmt-1,20260124,fcmt-1##20260124,0.1462,0.0000,0.0000
fcmt-1,20260124,fcmt-1##20260124,0.1461,1.3333,0.0000
fcmt-1,20260124,fcmt-1##20260124,0.1022,4.0000,3.5000
fcmt-1,20260124,fcmt-1##20260124,0.1531,0.0000,0.0000
fcmt-1,20260124,fcmt-1##20260124,0.1981,0.0000,0.0000
fcmt-1,20260124,fcmt-1##20260124,0.0957,4.6352,3.6052
fcmt-1,20260124,fcmt-1##20260124,0.1397,0.0000,0.0000
fcmt-1,20260124,fcmt-1##20260124,0.0965,0.0000,0.0000
fcmt-1,20260124,fcmt-1##20260124,0.1402,1.0695,0.7130
fcmt-1,20260124,fcmt-1##20260124,0.0971,0.0000,0.0000
fcmt-1,20260124,fcmt-1##20260124,0.0818,0.0000,7.1429
fcmt-1,20260124,fcmt-1##20260124,0.1799,0.0000,0.0000
fcmt-1,20260124,fcmt-1##20260124,0.1345,0.0000,1.1111
fcmt-1,20260124,fcmt-1##20260124,0.1413,0.0000,2.3904
fcmt-1,20260124,fcmt-1##20260124,0.1776,0.0000,0.0000
fcmt-1,20260124,fcmt-1##20260124,0.0887,18.7500,0.0000
fcmt-1,20260124,fcmt-1##20260124,0.1631,0.0000,1.2270
fcmt-1,20260124,fcmt-1##20260124,0.0817,0.0000,0.0000
fcmt-1,20260124,fcmt-1##20260124,0.1239,0.0000,0.0000
fcmt-1,20260124,fcmt-1##20260124,0.1261,2.0548,2.0548
fcmt-1,20260124,fcmt-1##20260124,0.1691,0.0000,0.0000
fcmt-1,20260124,fcmt-1##20260124,0.1500,0.0000,0.0000
fcmt-1,20260124,fcmt-1##20260124,0.1353,0.0000,0.0000
fcmt-1,20260124,fcmt-1##20260124,0.1792,0.0000,0.0000
fcmt-1,20260124,fcmt-1##20260124,0.1367,1.6173,3.2345
fcmt-1,20260124,fcmt-1##20260124,0.0933,0.0000,6.4748
fcmt-1,20260124,fcmt-1##20260124,0.1401,0.0000,0.0000
fcmt-1,20260124,fcmt-1##20260124,0.1715,0.0000,0.0000
fcmt-1,20260124,fcmt-1##20260124,0.1062,2.9557,5.9113
fcmt-1,20260124,fcmt-1##20260124,0.1555,2.2018,1.1009
fcmt-1,20260124,fcmt-1##20260124,0.0930,3.5225,5.2838
fcmt-1,20260124,fcmt-1##20260124,0.1093,0.0000,17.8439
fcmt-1,20260124,fcmt-1##20260124,0.0893,0.0000,4.4888
fcmt-1,20260124,fcmt-1##20260124,0.1232,1.2959,1.2959
fcmt-1,20260124,fcmt-1##20260124,0.1275,0.0000,3.5982
fcmt-1,20260124,fcmt-1##20260124,0.1076,0.0000,0.0000
fcmt-1,20260124,fcmt-1##20260124,0.1505,1.9934,1.3289
fcmt-1,20260124,fcmt-1##20260124,0.1552,0.0000,0.0000
fcmt-1,20260124,fcmt-1##20260124,0.1431,0.0000,0.0000
fcmt-1,20260124,fcmt-1##20260124,0.1095,0.0000,0.0000
fcmt-1,20260124,fcmt-1##20260124,0.1582,0.0000,4.4118
fcmt-1,20260124,fcmt-1##20260124,0.1645,0.0000,0.0000
fcmt-1,20260124,fcmt-1##20260124,0.0923,0.0000,0.0000
fcmt-1,20260124,fcmt-1##20260124,0.1129,0.0000,0.0000
fcmt-1,20260124,fcmt-1##20260124,0.1108,0.0000,0.0000
fcmt-1,20260124,fcmt-1##20260124,0.1246,0.0000,0.0000
fcmt-1,20260124,fcmt-1##20260124,0.1182,0.0000,0.0000
fcmt-1,20260124,fcmt-1##20260124,0.1107,1.2632,2.5263
fcmt-1,20260124,fcmt-1##20260124,0.1517,2.6906,1.3453
fcmt-1,20260124,fcmt-1##20260124,0.1169,0.0000,3.7037
fcmt-1,20260124,fcmt-1##20260124,0.1717,0.0000,0.0000
fcmt-1,20260124,fcmt-1##20260124,0.1027,0.0000,0.0000
fcmt-1,20260124,fcmt-1##20260124,0.1024,0.0000,0.0000
fcmt-1,20260124,fcmt-1##20260124,0.1644,0.0000,0.0000
fcmt-1,20260124,fcmt-1##20260124,0.1782,0.0000,0.0000
fcmt-1,20260124,fcmt-1##20260124,0.1233,0.0000,0.0000
fcmt-1,20260124,fcmt-1##20260124,0.1234,0.0000,0.4612
fcmt-1,20260124,fcmt-1##20260124,0.1180,0.0000,0.0000
fcmt-1,20260124,fcmt-1##20260124,0.1430,0.0000,2.5343
fcmt-1,20260124,fcmt-1##20260124,0.0903,0.0000,0.0000
fcmt-1,20260124,fcmt-1##20260124,0.1540,0.0000,0.0000
fcmt-1,20260124,fcmt-1##20260124,0.0671,8.2474,4.1237
fcmt-1,20260124,fcmt-1##20260124,0.0619,4.1475,4.1475
fcmt-1,20260124,fcmt-1##20260124,0.0852,0.0000,0.0000
fcmt-1,20260124,fcmt-1##20260124,0.1158,1.0471,2.0942
fcmt-1,20260124,fcmt-1##20260124,0.1285,0.0000,8.6957
fcmt-1,20260124,fcmt-1##20260124,0.1685,0.0000,0.0000
fcmt-1,20260124,fcmt-1##20260124,0.1487,0.0000,1.9293
fcmt-1,20260124,fcmt-1##20260124,0.1537,1.5326,0.7663
fcmt-1,20260124,fcmt-1##20260124,0.1218,0.6623,3.9735
fcmt-1,20260124,fcmt-1##20260124,0.1171,0.0000,6.3158
fcmt-1,20260124,fcmt-1##20260124,0.1124,0.0000,34.2857
fcmt-1,20260124,fcmt-1##20260124,0.1155,0.0000,4.7619
fcmt-1,20260124,fcmt-1##20260124,0.1723,0.0000,0.0000
fcmt-1,20260124,fcmt-1##20260124,0.0493,16.6667,0.0000
fcmt-1,20260124,fcmt-1##20260124,,0.0000,22.2222
fcmt-1,20260124,fcmt-1##20260124,0.1409,0.0000,0.0000
fcmt-1,20260124,fcmt-1##20260124,0.1085,0.0000,0.0000
fcmt-1,20260124,fcmt-1##20260124,0.1823,0.0000,0.0000
fcmt-1,20260124,fcmt-1##20260124,0.1271,0.0000,1.8868
fcmt-1,20260124,fcmt-1##20260124,0.1566,0.7472,1.4944
fcmt-1,20260124,fcmt-1##20260124,0.1506,2.1352,3.5587
fcmt-1,20260124,fcmt-1##20260124,0.1018,0.0000,0.0000
fcmt-1,20260124,fcmt-1##20260124,0.1510,0.0000,0.7653
fcmt-1,20260124,fcmt-1##20260124,0.0896,0.0000,3.5714
fcmt-1,20260124,fcmt-1##20260124,0.1415,0.0000,0.8439
fcmt-1,20260124,fcmt-1##20260124,0.1325,0.0000,0.0000
fcmt-1,20260124,fcmt-1##20260124,0.1241,2.0548,1.0274
fcmt-1,20260124,fcmt-1##20260124,0.1428,0.0000,0.0000
fcmt-1,20260124,fcmt-1##20260124,0.1173,0.0000,2.5316
fcmt-1,20260124,fcmt-1##20260124,0.1376,0.0000,3.0612
fcmt-1,20260124,fcmt-1##20260124,0.1617,0.0000,0.0000
fcmt-1,20260124,fcmt-1##20260124,0.1195,0.0000,0.0000
fcmt-1,20260124,fcmt-1##20260124,0.0855,0.0000,9.7297
fcmt-1,20260124,fcmt-1##20260124,0.1254,3.1662,3.1662
fcmt-1,20260124,fcmt-1##20260124,0.0700,8.1081,32.4324
fcmt-1,20260124,fcmt-1##20260124,0.1752,5.2632,0.0000
fcmt-1,20260124,fcmt-1##20260124,0.1284,0.0000,0.0000
gba-4,20260126,gba-4##20260126,0.1089,0.0000,0.0000
gba-4,20260126,gba-4##20260126,0.1179,1.0256,1.5385
gba-4,20260126,gba-4##20260126,0.1623,0.0000,0.0000
gba-4,20260126,gba-4##20260126,0.1732,0.0000,0.0000
gba-4,20260126,gba-4##20260126,0.1112,0.7190,0.3595
gba-4,20260126,gba-4##20260126,0.0901,1.7341,1.7341
gba-4,20260126,gba-4##20260126,0.1232,2.0017,1.7515
gba-4,20260126,gba-4##20260126,0.1110,0.8054,0.8054
gba-4,20260126,gba-4##20260126,0.1016,1.6620,1.6620
gba-4,20260126,gba-4##20260126,0.0673,0.5550,0.0000
gba-4,20260126,gba-4##20260126,0.1609,0.0000,0.0000
gba-4,20260126,gba-4##20260126,0.1174,0.0000,0.9831
gba-4,20260126,gba-4##20260126,0.1608,3.0612,0.0000
gba-4,20260126,gba-4##20260126,0.1531,0.0000,0.0000
gba-4,20260126,gba-4##20260126,0.1292,0.0000,0.0000
gba-4,20260126,gba-4##20260126,0.0861,0.5543,1.3857
gba-4,20260126,gba-4##20260126,0.1178,3.7975,2.5316
gba-4,20260126,gba-4##20260126,0.1452,0.8547,0.0000
gba-4,20260126,gba-4##20260126,0.1446,0.0000,0.0000
gba-4,20260126,gba-4##20260126,0.0983,1.2295,0.0000
gba-4,20260126,gba-4##20260126,0.1672,0.0000,0.0000
gba-4,20260126,gba-4##20260126,0.1257,0.0000,0.0000
gba-4,20260126,gba-4##20260126,0.1200,0.0000,0.0000
gba-4,20260126,gba-4##20260126,0.0971,4.1667,0.0000
gba-4,20260126,gba-4##20260126,0.1002,2.1978,0.0000
gba-4,20260126,gba-4##20260126,0.1674,0.0000,0.0000
gba-4,20260126,gba-4##20260126,0.1021,0.0000,0.0000
gba-4,20260126,gba-4##20260126,0.0908,0.0000,0.0000
gba-4,20260126,gba-4##20260126,0.1347,0.0000,1.3667
gba-4,20260126,gba-4##20260126,0.1144,7.1856,7.1856
gba-4,20260126,gba-4##20260126,0.0898,1.7699,1.7699
gba-4,20260126,gba-4##20260126,0.1076,0.0000,0.0000
gba-4,20260126,gba-4##20260126,0.1785,0.0000,0.0000
gba-4,20260126,gba-4##20260126,0.1497,0.0000,4.0956
gba-4,20260126,gba-4##20260126,0.1029,0.0000,4.7619
gba-4,20260126,gba-4##20260126,0.1235,0.0000,0.0000
gba-4,20260126,gba-4##20260126,0.0694,2.9484,4.4226
gba-4,20260126,gba-4##20260126,0.1207,0.0000,0.0000
gba-4,20260126,gba-4##20260126,0.1136,0.0000,0.0000
gba-4,20260126,gba-4##20260126,0.0783,0.0000,12.4138
gba-4,20260126,gba-4##20260126,0.0998,0.0000,2.9557
gba-4,20260126,gba-4##20260126,0.0950,1.4778,0.0000
gba-4,20260126,gba-4##20260126,0.1091,6.9767,2.3256
gba-4,20260126,gba-4##20260126,0.1134,0.0000,0.0000
gba-4,20260126,gba-4##20260126,0.1003,0.0000,0.0000
gba-4,20260127,gba-4##20260127,0.1062,5.6604,0.7075
gba-4,20260127,gba-4##20260127,0.2046,0.0000,0.0000
gba-4,20260127,gba-4##20260127,0.1929,0.0000,0.0000
gba-4,20260127,gba-4##20260127,0.1970,0.0000,0.0000
gba-4,20260127,gba-4##20260127,0.0526,4.3321,0.7220
gba-4,20260127,gba-4##20260127,0.1799,0.0000,0.0000
gba-4,20260127,gba-4##20260127,0.1772,0.0000,0.0000
gba-4,20260127,gba-4##20260127,0.1669,0.0000,0.0000
gba-4,20260127,gba-4##20260127,0.2043,0.0000,0.0000
gba-4,20260127,gba-4##20260127,0.1848,0.0000,0.0000
gba-4,20260127,gba-4##20260127,0.1870,0.0000,0.0000
gba-4,20260127,gba-4##20260127,0.1909,0.0000,0.0000
gba-4,20260127,gba-4##20260127,0.1622,0.0000,0.0000
gba-4,20260127,gba-4##20260127,0.1725,0.0000,0.0000
gba-4,20260127,gba-4##20260127,0.0702,7.4896,0.0000
gba-4,20260127,gba-4##20260127,0.1578,0.0000,0.6376
gba-4,20260127,gba-4##20260127,0.1598,0.0000,0.0000
gba-4,20260127,gba-4##20260127,0.1584,0.0000,0.0000
gba-4,20260127,gba-4##20260127,0.2107,0.0000,0.0000
gba-4,20260127,gba-4##20260127,0.1689,0.0000,0.0000
gba-4,20260127,gba-4##20260127,0.1642,0.0000,0.0000
gba-4,20260127,gba-4##20260127,0.1498,0.0000,0.0000
gba-4,20260127,gba-4##20260127,0.1348,0.0000,3.1291
gba-4,20260127,gba-4##20260127,0.2203,0.0000,0.0000
gba-4,20260127,gba-4##20260127,0.1737,0.0000,0.0000
gba-4,20260127,gba-4##20260127,0.1589,0.0000,0.0000
gba-4,20260127,gba-4##20260127,0.1508,0.0000,0.0000
gba-4,20260127,gba-4##20260127,0.1975,0.0000,0.0000
gba-4,20260127,gba-4##20260127,0.1720,1.8809,3.7618
gba-4,20260127,gba-4##20260127,0.1487,0.0000,0.0000
gba-4,20260127,gba-4##20260127,0.1683,0.0000,0.0000
gba-4,20260127,gba-4##20260127,0.1378,0.0000,0.0000
gba-4,20260127,gba-4##20260127,0.1670,1.0471,0.0000
gba-4,20260127,gba-4##20260127,0.1967,0.0000,0.0000
gba-4,20260127,gba-4##20260127,0.1720,0.0000,0.0000
gba-4,20260127,gba-4##20260127,0.1446,0.0000,0.0000
gba-4,20260127,gba-4##20260127,0.1865,0.8751,0.8751
gba-4,20260127,gba-4##20260127,0.1532,7.1006,3.5503
gba-4,20260127,gba-4##20260127,0.1845,0.0000,0.0000
gba-4,20260127,gba-4##20260127,0.1740,0.0000,0.0000
gba-4,20260127,gba-4##20260127,0.1468,0.0000,0.0000
gba-4,20260127,gba-4##20260127,0.1673,0.6160,0.9240
gba-4,20260127,gba-4##20260127,0.1724,0.0000,0.0000
gba-4,20260127,gba-4##20260127,0.1832,0.0000,0.0000
gba-4,20260127,gba-4##20260127,0.1695,0.0000,0.0000
gba-4,20260127,gba-4##20260127,0.1585,0.0000,0.0000
gba-4,20260127,gba-4##20260127,0.1399,3.3520,0.0000
gba-4,20260127,gba-4##20260127,0.1853,0.9967,1.3289
gba-4,20260127,gba-4##20260127,0.1801,0.0000,0.0000
gba-4,20260127,gba-4##20260127,0.2007,2.1429,0.0000
gba-4,20260127,gba-4##20260127,0.0728,17.1429,0.0000
gba-4,20260127,gba-4##20260127,0.1361,1.6925,1.6925
gba-4,20260127,gba-4##20260127,0.1891,0.0000,0.0000
gba-4,20260127,gba-4##20260127,0.1540,0.0000,0.0000
gba-4,20260127,gba-4##20260127,0.1250,0.0000,0.0000
gba-4,20260127,gba-4##20260127,0.1956,0.0000,0.0000
gba-4,20260127,gba-4##20260127,0.1351,0.0000,0.0000
gba-4,20260127,gba-4##20260127,0.0909,0.0000,0.0000
gba-4,20260127,gba-4##20260127,0.1880,0.0000,0.0000
gba-4,20260127,gba-4##20260127,0.1816,0.0000,0.0000
gba-4,20260127,gba-4##20260127,0.1459,0.0000,0.0000
gba-4,20260127,gba-4##20260127,0.1528,0.0000,0.0000
gba-4,20260127,gba-4##20260127,0.1760,0.8830,0.0000
gba-4,20260127,gba-4##20260127,0.1862,1.2834,0.0000
gba-4,20260127,gba-4##20260127,0.1113,2.2831,1.3699
gba-4,20260127,gba-4##20260127,0.1993,2.4896,0.0000
gba-4,20260127,gba-4##20260127,0.1515,0.0000,0.0000
gba-4,20260127,gba-4##20260127,0.1165,6.8376,6.8376
gba-4,20260127,gba-4##20260127,0.1432,0.0000,0.0000
gba-4,20260127,gba-4##20260127,0.1853,0.0000,0.0000
gba-4,20260127,gba-4##20260127,0.2079,0.0000,0.0000
gba-4,20260127,gba-4##20260127,0.1755,7.7586,5.1724
gba-4,20260127,gba-4##20260127,0.1778,0.0000,4.6332
gba-4,20260127,gba-4##20260127,0.1423,0.0000,0.0000
gba-4,20260127,gba-4##20260127,0.1661,0.0000,0.0000
gba-4,20260127,gba-4##20260127,0.1122,0.0000,0.0000
gba-4,20260127,gba-4##20260127,0.1264,0.0000,7.1642
gba-4,20260127,gba-4##20260127,0.1884,0.0000,0.0000
gba-4,20260127,gba-4##20260127,0.1545,0.0000,0.0000
gba-4,20260127,gba-4##20260127,0.1827,0.0000,0.0000
gba-4,20260127,gba-4##20260127,0.1725,3.6364,3.6364
gba-4,20260127,gba-4##20260127,0.1967,0.0000,0.0000
gba-4,20260127,gba-4##20260127,0.1661,0.0000,0.0000
gba-4,20260127,gba-4##20260127,0.1601,0.0000,0.0000
gba-4,20260127,gba-4##20260127,0.1379,0.0000,3.0151
gba-4,20260127,gba-4##20260127,0.1418,0.0000,0.0000
gba-4,20260127,gba-4##20260127,0.0957,0.0000,0.0000
gba-4,20260127,gba-4##20260127,0.1172,15.7895,15.7895
gba-4,20260128,gba-4##20260128,0.1403,0.0000,0.0000
gba-4,20260128,gba-4##20260128,0.1793,0.0000,0.6795
gba-4,20260128,gba-4##20260128,0.1686,0.0000,0.0000
gba-4,20260128,gba-4##20260128,0.1652,1.2987,0.0000
gba-4,20260128,gba-4##20260128,0.0827,0.0000,3.7267
gba-4,20260128,gba-4##20260128,0.1681,0.0000,0.0000
gba-4,20260128,gba-4##20260128,0.1917,0.0000,0.0000
gba-4,20260128,gba-4##20260128,0.1698,0.5581,0.5581
gba-4,20260128,gba-4##20260128,0.1814,0.0000,0.0000
gba-4,20260128,gba-4##20260128,0.1424,0.0000,0.0000
gba-4,20260128,gba-4##20260128,0.1913,0.0000,0.0000
gba-4,20260128,gba-4##20260128,0.1656,0.0000,0.0000
gba-4,20260128,gba-4##20260128,0.2105,8.0000,8.0000
gba-4,20260128,gba-4##20260128,0.1498,0.0000,0.0000
gba-4,20260128,gba-4##20260128,0.1477,0.0000,0.0000
gba-4,20260128,gba-4##20260128,0.1519,0.0000,0.0000
gba-4,20260128,gba-4##20260128,0.1776,0.0000,0.0000
gba-4,20260128,gba-4##20260128,0.1765,1.6260,0.5420
gba-4,20260128,gba-4##20260128,0.1562,0.0000,0.0000
gba-4,20260128,gba-4##20260128,0.1519,0.0000,0.0000
gba-4,20260128,gba-4##20260128,0.1439,0.0000,0.0000
gba-4,20260128,gba-4##20260128,0.1578,0.0000,0.0000
gba-4,20260128,gba-4##20260128,0.1473,0.0000,0.0000
gba-4,20260128,gba-4##20260128,0.1299,0.0000,0.0000
gba-4,20260128,gba-4##20260128,0.1592,0.0000,0.0000
gba-4,20260128,gba-4##20260128,0.2045,0.0000,0.0000
gba-4,20260128,gba-4##20260128,0.1590,0.0000,0.0000
gba-4,20260128,gba-4##20260128,0.1553,0.0000,0.0000
gba-4,20260128,gba-4##20260128,0.1805,0.0000,0.0000
gba-4,20260128,gba-4##20260128,0.1562,0.0000,0.0000
gba-4,20260128,gba-4##20260128,0.1580,0.0000,0.0000
gba-4,20260128,gba-4##20260128,0.1408,0.0000,0.0000
gba-4,20260128,gba-4##20260128,0.1888,0.0000,0.0000
gba-4,20260128,gba-4##20260128,0.1645,0.0000,0.0000
gba-4,20260128,gba-4##20260128,0.1582,0.0000,0.0000
gba-4,20260128,gba-4##20260128,0.1752,1.5693,1.5693
gba-4,20260128,gba-4##20260128,0.1403,2.2181,3.3272
gba-4,20260128,gba-4##20260128,0.1923,0.0000,0.0000
gba-4,20260128,gba-4##20260128,0.1452,0.0000,0.0000
gba-4,20260128,gba-4##20260128,0.1552,0.0000,0.0000
gba-4,20260128,gba-4##20260128,0.1660,2.2305,2.2305
gba-4,20260128,gba-4##20260128,0.1789,0.0000,0.0000
gba-4,20260128,gba-4##20260128,0.1476,0.0000,0.0000
gba-4,20260128,gba-4##20260128,0.1452,1.0526,1.0526
gba-4,20260128,gba-4##20260128,0.1684,0.0000,0.0000
gba-4,20260128,gba-4##20260128,0.1620,0.0000,0.0000
gba-4,20260128,gba-4##20260128,0.1560,0.0000,0.0000
gba-4,20260128,gba-4##20260128,0.1551,0.0000,0.0000
gba-4,20260128,gba-4##20260128,0.1650,5.5556,0.0000
gba-4,20260128,gba-4##20260128,0.1608,0.0000,0.0000
gba-4,20260128,gba-4##20260128,0.1498,0.0000,0.0000
gba-4,20260128,gba-4##20260128,0.1817,0.0000,0.0000
gba-4,20260128,gba-4##20260128,0.1949,0.0000,0.0000
gba-4,20260128,gba-4##20260128,0.1453,0.0000,0.0000
gba-4,20260128,gba-4##20260128,0.1646,0.0000,0.0000
gba-4,20260128,gba-4##20260128,0.0934,2.4896,4.9793
gba-4,20260128,gba-4##20260128,0.1770,0.0000,0.8065
gba-4,20260128,gba-4##20260128,0.1591,1.4730,2.9460
gba-4,20260128,gba-4##20260128,0.1685,0.0000,0.0000
gba-4,20260128,gba-4##20260128,0.1407,2.3033,0.0000
gba-4,20260128,gba-4##20260128,0.1549,0.0000,0.0000
gba-4,20260128,gba-4##20260128,0.1686,1.3158,1.9737
gba-4,20260128,gba-4##20260128,0.1522,0.0000,0.0000
gba-4,20260128,gba-4##20260128,0.1503,0.0000,0.0000
gba-4,20260128,gba-4##20260128,0.1387,0.0000,0.0000
gba-4,20260128,gba-4##20260128,0.1575,0.0000,0.0000
gba-4,20260128,gba-4##20260128,0.1874,0.0000,0.0000
gba-4,20260128,gba-4##20260128,0.1537,0.0000,0.0000
gba-4,20260128,gba-4##20260128,0.1407,0.0000,6.0000
gba-4,20260128,gba-4##20260128,0.1560,0.0000,2.7523
gba-4,20260128,gba-4##20260128,0.0467,14.2857,0.0000
gba-4,20260128,gba-4##20260128,0.1589,1.2048,2.4096
gba-4,20260128,gba-4##20260128,0.1769,0.0000,0.0000
gba-4,20260128,gba-4##20260128,0.1789,0.0000,0.0000
gba-4,20260128,gba-4##20260128,0.1254,0.0000,0.0000
gba-4,20260128,gba-4##20260128,0.1262,0.0000,0.0000
gba-4,20260128,gba-4##20260128,0.1332,0.0000,0.0000
gba-4,20260128,gba-4##20260128,0.1678,0.0000,0.0000
gba-4,20260128,gba-4##20260128,0.1115,0.0000,0.0000
gba-4,20260128,gba-4##20260128,0.1621,0.0000,0.0000
gba-4,20260128,gba-4##20260128,0.1506,0.0000,0.0000
gba-4,20260128,gba-4##20260128,0.1510,0.0000,0.7595
gba-4,20260128,gba-4##20260128,0.1440,0.0000,0.0000
gba-4,20260128,gba-4##20260128,0.1579,0.0000,0.0000
gba-4,20260128,gba-4##20260128,0.1432,0.0000,0.0000
gba-4,20260128,gba-4##20260128,0.1856,0.0000,0.0000
gba-4,20260128,gba-4##20260128,0.1780,0.9901,0.9901
gba-4,20260128,gba-4##20260128,0.1032,6.1856,0.0000
gba-4,20260128,gba-4##20260128,0.1326,0.0000,0.0000
gba-4,20260128,gba-4##20260128,0.1659,0.0000,0.0000
gba-4,20260128,gba-4##20260128,0.1711,0.0000,0.0000
gba-4,20260128,gba-4##20260128,0.1667,0.0000,0.0000
gba-4,20260128,gba-4##20260128,0.1825,0.0000,0.0000
gba-4,20260128,gba-4##20260128,0.1345,0.0000,0.0000
gba-4,20260128,gba-4##20260128,0.1591,1.1429,0.0000
gba-4,20260128,gba-4##20260128,0.2136,2.4793,2.4793
gba-4,20260128,gba-4##20260128,0.2279,9.5238,9.5238
gba-4,20260128,gba-4##20260128,0.1786,0.0000,0.0000
gba-4,20260128,gba-4##20260128,0.1493,0.0000,0.0000
gba-4,20260128,gba-4##20260128,0.1651,0.0000,0.0000
gba-4,20260128,gba-4##20260128,0.1499,0.0000,0.0000
gba-4,20260128,gba-4##20260128,0.2003,0.0000,0.0000
gba-4,20260128,gba-4##20260128,0.1697,0.0000,2.6490
gba-4,20260128,gba-4##20260128,0.1400,0.0000,0.0000
gba-4,20260128,gba-4##20260128,0.1332,0.0000,0.0000
gba-4,20260128,gba-4##20260128,0.1650,0.0000,0.0000
gba-4,20260128,gba-4##20260128,0.2041,0.0000,0.0000
gba-4,20260128,gba-4##20260128,0.1536,0.0000,0.0000
gba-4,20260128,gba-4##20260128,0.1494,0.0000,0.0000
gba-4,20260128,gba-4##20260128,0.1817,0.0000,0.0000
gba-4,20260128,gba-4##20260128,0.1731,0.0000,0.0000
gba-4,20260128,gba-4##20260128,0.1678,0.0000,0.0000
gba-4,20260128,gba-4##20260128,0.1425,0.0000,0.0000
gba-4,20260128,gba-4##20260128,0.1984,0.0000,0.0000
gba-4,20260128,gba-4##20260128,0.1716,1.5190,0.0000
gba-4,20260128,gba-4##20260128,0.1341,0.0000,0.0000
gba-4,20260128,gba-4##20260128,0.1419,0.0000,0.0000
gba-4,20260128,gba-4##20260128,0.1639,0.0000,1.1834
gba-4,20260128,gba-4##20260128,0.1604,0.0000,0.0000
gba-4,20260128,gba-4##20260128,0.1433,0.0000,0.0000
gba-4,20260128,gba-4##20260128,0.1366,0.0000,0.0000
gba-4,20260128,gba-4##20260128,0.1099,0.0000,0.0000
gba-4,20260128,gba-4##20260128,0.1529,0.0000,0.0000
gba-4,20260128,gba-4##20260128,0.1745,0.0000,0.0000
gba-4,20260128,gba-4##20260128,0.1659,0.0000,0.0000
gba-4,20260128,gba-4##20260128,0.1554,0.0000,0.0000
gba-4,20260128,gba-4##20260128,0.1949,0.0000,0.0000
gba-4,20260128,gba-4##20260128,0.1603,0.0000,0.0000
gba-4,20260128,gba-4##20260128,0.1312,0.0000,0.0000
gba-4,20260128,gba-4##20260128,0.1923,0.0000,0.0000
gba-4,20260128,gba-4##20260128,0.1853,3.5928,3.5928
gba-4,20260128,gba-4##20260128,0.1378,0.0000,0.0000
gba-4,20260128,gba-4##20260128,0.1609,3.6585,0.0000
gba-4,20260128,gba-4##20260128,0.1824,0.0000,0.0000
gba-4,20260128,gba-4##20260128,0.2109,0.0000,4.6154
gba-4,20260128,gba-4##20260128,0.1398,0.0000,0.0000
gba-4,20260128,gba-4##20260128,0.1261,0.0000,0.0000
gba-4,20260128,gba-4##20260128,0.1452,0.0000,0.0000
gba-4,20260128,gba-4##20260128,0.1778,0.0000,0.0000
glo-1,20260126,glo-1##20260126,0.1939,0.6969,0.0000
glo-1,20260126,glo-1##20260126,0.1863,2.1567,0.8627
glo-1,20260126,glo-1##20260126,0.1790,0.0000,0.0000
glo-1,20260126,glo-1##20260126,0.1090,0.0000,0.0000
glo-1,20260126,glo-1##20260126,0.1234,0.0000,0.0000
glo-1,20260126,glo-1##20260126,0.1493,0.0000,0.0000
glo-1,20260126,glo-1##20260126,0.1082,0.4373,1.7493
glo-1,20260126,glo-1##20260126,0.1797,1.4243,1.0682
glo-1,20260126,glo-1##20260126,0.1792,0.0000,0.0000
glo-1,20260126,glo-1##20260126,0.1918,0.0000,0.0000
glo-1,20260126,glo-1##20260126,0.1350,0.0000,1.9934
glo-1,20260126,glo-1##20260126,0.1226,3.8462,0.0000
glo-1,20260126,glo-1##20260126,0.1614,0.0000,0.0000
glo-1,20260126,glo-1##20260126,0.1769,0.3945,0.3945
glo-1,20260126,glo-1##20260126,0.1868,0.0000,0.0000
glo-1,20260126,glo-1##20260126,0.1810,0.7282,0.7282
glo-1,20260126,glo-1##20260126,0.2595,19.3548,0.0000
glo-1,20260126,glo-1##20260126,0.1373,0.0000,0.0000
glo-1,20260126,glo-1##20260126,0.1185,0.0000,2.9412
glo-1,20260126,glo-1##20260126,0.1082,0.0000,0.0000
glo-1,20260126,glo-1##20260126,0.1689,0.0000,0.0000
glo-1,20260126,glo-1##20260126,0.1835,5.5300,5.5300
glo-1,20260126,glo-1##20260126,0.1846,0.0000,0.0000
glo-1,20260126,glo-1##20260126,0.1175,0.0000,0.0000
glo-1,20260126,glo-1##20260126,0.1933,0.0000,0.0000
glo-1,20260126,glo-1##20260126,0.1401,0.0000,0.0000
glo-1,20260126,glo-1##20260126,0.0770,0.0000,0.0000
glo-1,20260126,glo-1##20260126,0.1321,0.0000,0.0000
glo-1,20260126,glo-1##20260126,0.1177,0.0000,0.0000
glo-1,20260126,glo-1##20260126,,24.0000,0.0000
glo-1,20260126,glo-1##20260126,0.1308,0.0000,0.0000
glo-1,20260126,glo-1##20260126,0.2091,0.0000,10.7143
glo-1,20260126,glo-1##20260126,0.1728,0.0000,0.0000
glo-1,20260126,glo-1##20260126,0.1191,0.0000,0.0000
glo-1,20260126,glo-1##20260126,0.1159,0.0000,0.0000
glo-1,20260126,glo-1##20260126,0.1868,0.0000,0.0000
glo-1,20260126,glo-1##20260126,0.1860,0.0000,0.0000
glo-1,20260126,glo-1##20260126,0.1197,0.0000,0.0000
glo-1,20260126,glo-1##20260126,0.1064,7.8431,0.0000
glo-1,20260126,glo-1##20260126,0.1746,0.0000,0.0000
glo-1,20260126,glo-1##20260126,0.0945,5.0633,2.5316
glo-1,20260126,glo-1##20260126,0.2026,0.0000,1.6304
glo-1,20260126,glo-1##20260126,0.1621,0.0000,8.4507
glo-1,20260126,glo-1##20260126,0.1347,0.0000,0.0000
glo-1,20260126,glo-1##20260126,0.1342,0.0000,0.0000
glo-1,20260126,glo-1##20260126,0.1378,0.0000,0.0000
glo-1,20260126,glo-1##20260126,0.1641,0.0000,0.0000
glo-1,20260126,glo-1##20260126,0.1456,0.0000,1.7192
glo-1,20260126,glo-1##20260126,0.1240,1.0545,2.1090
glo-1,20260126,glo-1##20260126,0.1689,0.0000,0.0000
glo-1,20260126,glo-1##20260126,0.1052,0.0000,3.1008
glo-1,20260126,glo-1##20260126,0.1571,0.0000,0.0000
glo-1,20260126,glo-1##20260126,0.1492,1.9386,0.9693
glo-1,20260126,glo-1##20260126,0.1040,0.0000,1.8868
glo-1,20260126,glo-1##20260126,0.0948,0.0000,0.0000
glo-1,20260127,glo-1##20260127,0.1481,0.0000,0.0000
glo-1,20260127,glo-1##20260127,0.1967,0.0000,0.0000
glo-1,20260127,glo-1##20260127,0.1792,0.0000,0.0000
glo-1,20260127,glo-1##20260127,0.1273,1.0830,3.2491
glo-1,20260127,glo-1##20260127,0.1939,0.0000,0.0000
glo-1,20260127,glo-1##20260127,0.1934,0.0000,0.0000
glo-1,20260127,glo-1##20260127,0.1348,0.0000,4.8980
glo-1,20260127,glo-1##20260127,0.2062,0.0000,0.0000
glo-1,20260127,glo-1##20260127,0.1578,1.6544,0.0000
glo-1,20260127,glo-1##20260127,0.1736,0.0000,0.0000
glo-1,20260127,glo-1##20260127,0.1695,1.7371,1.0423
glo-1,20260127,glo-1##20260127,0.1116,0.0000,0.0000
glo-1,20260127,glo-1##20260127,0.1522,0.0000,0.0000
glo-1,20260127,glo-1##20260127,0.1677,0.5650,0.5650
glo-1,20260127,glo-1##20260127,0.2075,0.0000,0.0000
glo-1,20260127,glo-1##20260127,0.0898,0.0000,11.1801
glo-1,20260127,glo-1##20260127,0.2455,0.0000,0.0000
glo-1,20260127,glo-1##20260127,0.1799,0.0000,0.0000
glo-1,20260127,glo-1##20260127,0.1474,0.0000,0.0000
glo-1,20260128,glo-1##20260128,0.0847,1.0084,0.0000
glo-1,20260128,glo-1##20260128,0.1160,0.0000,4.5802
glo-1,20260128,glo-1##20260128,0.1475,0.0000,0.0000
glo-1,20260128,glo-1##20260128,0.1549,0.0000,0.0000
glo-1,20260128,glo-1##20260128,0.1209,0.0000,0.0000
glo-1,20260128,glo-1##20260128,0.1796,0.0000,0.0000
glo-1,20260128,glo-1##20260128,0.1353,1.2537,2.0059
glo-1,20260128,glo-1##20260128,0.1524,0.0000,0.0000
glo-1,20260128,glo-1##20260128,0.1163,0.0000,0.0000
glo-1,20260128,glo-1##20260128,0.1861,0.0000,0.0000
glo-1,20260128,glo-1##20260128,0.1526,0.0000,0.0000
glo-1,20260128,glo-1##20260128,0.1514,0.0000,0.0000
glo-1,20260128,glo-1##20260128,0.1339,0.0000,0.0000
glo-1,20260128,glo-1##20260128,0.1253,0.0000,0.0000
glo-1,20260128,glo-1##20260128,0.0868,0.0000,2.6966
glo-1,20260128,glo-1##20260128,0.0984,0.0000,0.0000
glo-1,20260128,glo-1##20260128,0.1447,0.0000,0.0000
glo-1,20260128,glo-1##20260128,0.2278,0.0000,0.0000
glo-1,20260128,glo-1##20260128,0.1345,0.0000,2.4440
glo-1,20260128,glo-1##20260128,0.1697,0.0000,0.0000
glo-1,20260128,glo-1##20260128,0.1330,0.0000,0.0000
glo-1,20260128,glo-1##20260128,0.1158,0.0000,0.0000
glo-1,20260128,glo-1##20260128,0.1133,0.0000,0.0000
glo-1,20260128,glo-1##20260128,0.1839,0.0000,0.0000
glo-1,20260128,glo-1##20260128,0.1377,2.1661,4.3321
glo-1,20260128,glo-1##20260128,0.1754,0.0000,0.0000
glo-1,20260128,glo-1##20260128,0.0962,3.4091,0.0000
glo-1,20260128,glo-1##20260128,0.1628,0.4992,1.4975
glo-1,20260128,glo-1##20260128,0.0745,0.0000,0.0000
glo-1,20260128,glo-1##20260128,0.1202,0.0000,3.0691
glo-1,20260128,glo-1##20260128,0.0946,0.0000,0.0000
glo-1,20260128,glo-1##20260128,0.1243,0.0000,0.8392
glo-1,20260128,glo-1##20260128,0.1205,1.1673,1.1673
glo-1,20260128,glo-1##20260128,0.1449,0.0000,0.0000
glo-1,20260128,glo-1##20260128,0.1128,0.0000,6.7416
glo-1,20260128,glo-1##20260128,0.1587,0.0000,0.0000
glo-1,20260128,glo-1##20260128,0.1173,0.0000,6.4516
glo-1,20260128,glo-1##20260128,0.1486,0.0000,0.0000
glo-1,20260128,glo-1##20260128,0.0758,12.0000,12.0000
mec-10,20260217,mec-10##20260217,,0.0000,23.0769
mec-10,20260217,mec-10##20260217,0.1310,0.0000,0.0000
mec-10,20260217,mec-10##20260217,0.1299,2.1090,1.0545
mec-10,20260217,mec-10##20260217,0.1072,7.5949,0.0000
mec-10,20260217,mec-10##20260217,0.1006,3.1830,2.3873
mec-10,20260217,mec-10##20260217,0.1477,0.0000,0.9709
mec-10,20260217,mec-10##20260217,0.1421,1.5385,0.0000
mec-10,20260217,mec-10##20260217,0.0702,0.0000,0.0000
mec-10,20260217,mec-10##20260217,0.1164,0.0000,1.0785
mec-10,20260217,mec-10##20260217,0.1442,1.5831,0.0000
mec-10,20260217,mec-10##20260217,0.1446,0.0000,0.0000
mec-10,20260217,mec-10##20260217,0.1238,3.3058,0.0000
mec-10,20260217,mec-10##20260217,0.0745,0.0000,0.0000
mec-10,20260217,mec-10##20260217,0.1434,0.0000,1.8293
mec-10,20260217,mec-10##20260217,0.1137,1.3015,1.3015
mec-10,20260217,mec-10##20260217,0.1230,0.0000,0.0000
mec-10,20260217,mec-10##20260217,0.1230,0.0000,2.8972
mec-10,20260217,mec-10##20260217,0.1146,0.6764,2.7057
mec-10,20260217,mec-10##20260217,0.1038,0.5923,0.0000
mec-10,20260217,mec-10##20260217,0.1321,0.0000,0.0000
mec-10,20260217,mec-10##20260217,0.1386,0.0000,0.0000
mec-10,20260217,mec-10##20260217,0.1515,1.0545,1.0545
mec-10,20260217,mec-10##20260217,0.1722,1.7341,0.0000
mec-10,20260217,mec-10##20260217,0.1388,0.0000,1.7143
mec-10,20260217,mec-10##20260217,0.1214,0.0000,2.6786
mec-10,20260217,mec-10##20260217,0.0661,1.9481,0.0000
mec-10,20260217,mec-10##20260217,0.1393,2.9268,0.0000
mec-10,20260217,mec-10##20260217,0.0872,0.9516,0.0000
mec-10,20260217,mec-10##20260217,0.1178,0.0000,0.0000
mec-10,20260217,mec-10##20260217,0.0774,3.0822,4.1096
mec-10,20260217,mec-10##20260217,0.1152,0.0000,0.0000
mec-10,20260217,mec-10##20260217,0.1018,0.0000,0.0000
mec-10,20260217,mec-10##20260217,0.1421,0.0000,6.8182
mec-10,20260217,mec-10##20260217,0.1298,0.0000,2.0134
mec-10,20260217,mec-10##20260217,0.1053,0.0000,0.0000
mec-10,20260217,mec-10##20260217,0.1421,9.6774,9.6774
mec-10,20260217,mec-10##20260217,0.1477,0.0000,0.0000
mec-10,20260217,mec-10##20260217,0.1080,0.7843,7.0588
mec-10,20260217,mec-10##20260217,0.1141,0.0000,0.8658
mec-10,20260217,mec-10##20260217,0.0420,23.0769,0.0000
mec-10,20260217,mec-10##20260217,0.0909,0.0000,0.0000
mec-10,20260217,mec-10##20260217,0.1436,0.0000,0.0000
mec-10,20260217,mec-10##20260217,0.1223,3.4483,0.0000
mec-10,20260217,mec-10##20260217,0.1051,2.3107,2.3107
mec-10,20260217,mec-10##20260217,0.1410,0.0000,1.0110
mec-10,20260217,mec-10##20260217,,0.0000,0.0000
mec-10,20260217,mec-10##20260217,0.1382,1.2739,1.2739
mec-10,20260217,mec-10##20260217,0.1312,3.0496,3.0496
mec-10,20260217,mec-10##20260217,0.1520,2.0033,1.0017
mec-10,20260217,mec-10##20260217,0.1479,0.8547,2.5641
mec-10,20260217,mec-10##20260217,0.1743,0.0000,0.0000
mec-10,20260217,mec-10##20260217,0.1391,2.8986,2.8986
mec-10,20260217,mec-10##20260217,0.1434,2.3715,4.7431
mec-10,20260217,mec-10##20260217,0.0881,0.0000,0.0000
mec-10,20260217,mec-10##20260217,0.0579,0.0000,0.0000
mec-10,20260217,mec-10##20260217,0.0508,5.3571,0.7653
mec-10,20260217,mec-10##20260217,0.1114,2.7027,8.1081
mec-10,20260217,mec-10##20260217,0.1074,0.0000,0.0000
mec-10,20260217,mec-10##20260217,0.0471,0.0000,0.0000
mec-10,20260217,mec-10##20260217,0.1918,7.2289,7.2289
mec-10,20260217,mec-10##20260217,0.1366,0.0000,1.2024
mec-10,20260217,mec-10##20260217,0.1201,5.4054,0.0000
mec-10,20260217,mec-10##20260217,0.1259,0.0000,2.5862
mec-10,20260217,mec-10##20260217,0.1026,0.0000,12.2449
mec-10,20260217,mec-10##20260217,0.0685,0.0000,0.0000
mec-10,20260217,mec-10##20260217,0.0612,1.5831,4.7493
mec-10,20260217,mec-10##20260217,0.0619,0.0000,0.0000
mec-10,20260217,mec-10##20260217,0.1457,0.0000,1.0017
mec-10,20260217,mec-10##20260217,0.0814,0.0000,0.0000
mec-10,20260217,mec-10##20260217,0.1744,0.0000,0.0000
mec-10,20260217,mec-10##20260217,0.1127,0.8658,2.5974
mec-10,20260217,mec-10##20260217,0.1177,0.0000,1.7647
mec-10,20260217,mec-10##20260217,0.1289,0.0000,0.0000
mec-10,20260217,mec-10##20260217,0.1306,0.0000,0.0000
mec-10,20260217,mec-10##20260217,0.1557,0.0000,0.0000
mec-10,20260217,mec-10##20260217,0.1251,0.0000,0.0000
mec-10,20260217,mec-10##20260217,0.1500,0.0000,0.0000
mec-10,20260217,mec-10##20260217,0.1092,0.0000,0.0000
mec-10,20260217,mec-10##20260217,0.1400,0.0000,2.8708
mec-10,20260217,mec-10##20260217,0.1148,12.7660,0.0000
mec-10,20260217,mec-10##20260217,0.1548,1.6349,0.0000
mec-10,20260217,mec-10##20260217,0.1145,0.0000,1.3889
mec-10,20260217,mec-10##20260217,0.1258,0.0000,6.1069
mec-10,20260217,mec-10##20260217,0.0722,4.8518,3.2345
mec-10,20260217,mec-10##20260217,0.0674,0.0000,0.0000
mec-10,20260217,mec-10##20260217,0.1459,0.0000,0.0000
mec-10,20260217,mec-10##20260217,0.0486,0.0000,0.0000
mec-10,20260217,mec-10##20260217,0.1351,0.0000,1.9417
mec-10,20260217,mec-10##20260217,0.1082,0.0000,0.0000
mec-10,20260217,mec-10##20260217,0.1306,0.0000,3.9216
mec-10,20260217,mec-10##20260217,0.1317,0.0000,0.0000
mec-10,20260217,mec-10##20260217,,17.1429,0.0000
mec-10,20260217,mec-10##20260217,0.1683,5.6075,0.0000
mec-10,20260217,mec-10##20260217,0.0709,5.3097,2.6549
mec-10,20260217,mec-10##20260217,0.1132,0.0000,0.0000
mec-10,20260217,mec-10##20260217,0.0662,0.0000,0.0000
mec-10,20260217,mec-10##20260217,0.0502,0.0000,0.0000
mec-10,20260217,mec-10##20260217,0.1194,0.0000,0.0000
mec-10,20260217,mec-10##20260217,0.1241,0.0000,0.0000
mec-10,20260217,mec-10##20260217,0.1374,0.0000,0.0000
mec-10,20260217,mec-10##20260217,0.1531,0.0000,0.0000
mec-10,20260217,mec-10##20260217,0.1380,0.0000,0.0000
mec-10,20260217,mec-10##20260217,0.0929,0.0000,0.0000
mec-10,20260217,mec-10##20260217,0.1180,0.0000,0.0000
mec-10,20260217,mec-10##20260217,0.1377,0.0000,0.0000
mec-10,20260217,mec-10##20260217,0.0868,0.0000,0.0000
mec-10,20260218,mec-10##20260218,0.1486,0.0000,0.0000
mec-10,20260218,mec-10##20260218,0.1475,0.4950,0.9901
mec-10,20260218,mec-10##20260218,0.1008,3.5503,4.7337
mec-10,20260218,mec-10##20260218,0.1376,0.0000,0.0000
mec-10,20260218,mec-10##20260218,0.1334,0.4525,0.0000
mec-10,20260218,mec-10##20260218,0.0636,3.8462,0.0000
mec-10,20260218,mec-10##20260218,0.1141,0.0000,0.8627
mec-10,20260218,mec-10##20260218,0.1364,0.2516,0.5031
mec-10,20260218,mec-10##20260218,0.1720,0.0000,0.4781
mec-10,20260218,mec-10##20260218,0.0989,4.7493,1.5831
mec-10,20260218,mec-10##20260218,0.1468,0.0000,0.0000
mec-10,20260218,mec-10##20260218,0.1345,0.0000,0.0000
mec-10,20260218,mec-10##20260218,0.1230,0.0000,0.0000
mec-10,20260218,mec-10##20260218,0.1148,0.0000,3.7267
mec-10,20260218,mec-10##20260218,0.1100,9.6000,4.8000
mec-10,20260218,mec-10##20260218,0.1529,0.0000,0.0000
mec-10,20260218,mec-10##20260218,0.1358,0.0000,1.8127
mec-10,20260218,mec-10##20260218,0.1042,0.0000,4.2155
mec-10,20260218,mec-10##20260218,0.0705,0.0000,8.6643
mec-10,20260218,mec-10##20260218,0.1112,0.6024,0.0000
mec-10,20260218,mec-10##20260218,0.1640,0.0000,0.0000
mec-10,20260218,mec-10##20260218,0.1345,0.0000,5.7143
mec-10,20260218,mec-10##20260218,0.0511,3.5538,4.4423
mec-10,20260218,mec-10##20260218,0.1060,0.0000,3.4682
mec-10,20260218,mec-10##20260218,0.1286,2.1978,8.0586
mec-10,20260218,mec-10##20260218,0.0853,0.6579,0.6579
mec-10,20260218,mec-10##20260218,0.1191,0.8596,0.8596
mec-10,20260218,mec-10##20260218,0.1528,1.2780,1.9169
mec-10,20260218,mec-10##20260218,0.0726,0.0000,7.0588
mec-10,20260218,mec-10##20260218,0.1639,1.5228,0.7614
mec-10,20260218,mec-10##20260218,0.1222,0.0000,0.0000
mec-10,20260218,mec-10##20260218,0.1300,0.0000,3.4716
mec-10,20260218,mec-10##20260218,0.1155,0.0000,2.6115
mec-10,20260218,mec-10##20260218,0.0807,4.0956,4.0956
mec-10,20260218,mec-10##20260218,0.1689,0.7742,0.0000
mec-10,20260218,mec-10##20260218,0.1558,0.0000,0.0000
mec-10,20260218,mec-10##20260218,0.1384,0.8824,0.0000
mec-10,20260218,mec-10##20260218,0.1348,0.0000,0.0000
mec-10,20260218,mec-10##20260218,0.0968,0.0000,0.0000
mec-10,20260218,mec-10##20260218,0.1545,2.2642,0.0000
mec-10,20260218,mec-10##20260218,0.0763,0.0000,24.0000
mec-10,20260218,mec-10##20260218,0.1625,0.0000,0.0000
mec-10,20260218,mec-10##20260218,0.1274,0.0000,1.1439
mec-10,20260218,mec-10##20260218,0.1415,2.5696,1.2848
mec-10,20260218,mec-10##20260218,0.0911,0.0000,0.0000
mec-10,20260218,mec-10##20260218,0.0650,0.0000,0.0000
mec-10,20260218,mec-10##20260218,0.1287,0.0000,0.0000
mec-10,20260218,mec-10##20260218,0.1575,1.2158,0.6079
mec-10,20260218,mec-10##20260218,0.1403,0.0000,0.6098
mec-10,20260218,mec-10##20260218,0.1124,0.0000,0.0000
mec-10,20260218,mec-10##20260218,0.1030,0.0000,0.0000
mec-10,20260218,mec-10##20260218,0.1786,0.0000,1.6043
mec-10,20260218,mec-10##20260218,0.1445,0.0000,0.7732
mec-10,20260218,mec-10##20260218,0.1191,1.5584,1.5584
mec-10,20260218,mec-10##20260218,0.1270,1.5789,1.5789
mec-10,20260218,mec-10##20260218,0.1029,0.0000,0.0000
mec-10,20260218,mec-10##20260218,0.1027,0.0000,0.0000
mec-10,20260218,mec-10##20260218,0.1331,0.0000,0.0000
mec-10,20260218,mec-10##20260218,0.1160,2.1505,0.0000
mec-10,20260218,mec-10##20260218,0.1944,0.0000,0.0000
mec-10,20260218,mec-10##20260218,0.1396,0.0000,0.0000
mec-10,20260218,mec-10##20260218,0.1606,0.0000,0.0000
mec-10,20260218,mec-10##20260218,0.1084,0.0000,0.0000
mec-10,20260221,mec-10##20260221,0.1547,1.8072,0.0000
mec-10,20260221,mec-10##20260221,0.1963,0.0000,0.0000
mec-10,20260221,mec-10##20260221,0.1556,3.5874,0.0000
mec-10,20260221,mec-10##20260221,0.1295,9.7561,0.0000
mec-10,20260221,mec-10##20260221,0.1677,0.0000,3.6145
mec-10,20260221,mec-10##20260221,0.1150,4.7809,2.3904
mec-10,20260221,mec-10##20260221,0.1327,0.0000,9.4241
mec-10,20260221,mec-10##20260221,0.1614,0.0000,0.0000
mec-10,20260221,mec-10##20260221,0.1821,0.0000,1.0490
mec-10,20260221,mec-10##20260221,0.1049,0.0000,4.8000
mec-10,20260221,mec-10##20260221,0.1304,1.2121,3.6364
mec-10,20260221,mec-10##20260221,0.1484,1.3341,1.6676
mec-10,20260221,mec-10##20260221,0.1854,2.1739,1.4493
mec-10,20260221,mec-10##20260221,0.0647,15.5963,5.5046
mec-10,20260221,mec-10##20260221,0.1097,0.0000,0.0000
mec-10,20260221,mec-10##20260221,0.1494,0.0000,0.0000
mec-10,20260221,mec-10##20260221,0.1454,0.0000,0.0000
mec-10,20260221,mec-10##20260221,0.0594,1.7699,0.0000
mec-10,20260221,mec-10##20260221,0.0720,0.0000,0.0000
mec-10,20260221,mec-10##20260221,0.1473,0.9063,2.7190
mec-10,20260221,mec-10##20260221,0.0715,0.0000,0.0000
mec-10,20260221,mec-10##20260221,0.0831,2.2059,6.6176
mec-10,20260221,mec-10##20260221,0.1379,8.2192,1.0274
mec-10,20260221,mec-10##20260221,0.1672,0.0000,2.1053
mec-10,20260221,mec-10##20260221,0.1179,0.0000,0.0000
mec-10,20260221,mec-10##20260221,0.1210,4.1096,4.1096
mec-10,20260221,mec-10##20260221,0.1753,0.0000,0.0000
mec-10,20260221,mec-10##20260221,0.1503,1.8127,0.0000
mec-10,20260221,mec-10##20260221,0.1221,3.6511,4.8682
mec-10,20260221,mec-10##20260221,0.0995,14.1818,3.2727
mec-10,20260221,mec-10##20260221,0.0799,3.6885,4.9180
mec-10,20260221,mec-10##20260221,0.1288,5.7508,2.8754
mec-10,20260221,mec-10##20260221,0.1531,3.6810,0.0000
mec-10,20260221,mec-10##20260221,0.1048,0.0000,4.6512
mec-10,20260221,mec-10##20260221,0.0759,0.0000,4.5056
mec-10,20260221,mec-10##20260221,0.1690,0.0000,1.9386
mec-10,20260221,mec-10##20260221,0.1594,2.6906,0.0000
mec-10,20260221,mec-10##20260221,0.1365,0.0000,6.7669
mec-10,20260221,mec-10##20260221,0.1378,0.0000,0.0000
mec-10,20260221,mec-10##20260221,0.1436,0.0000,0.0000
mec-10,20260221,mec-10##20260221,0.1039,1.4052,1.4052
mec-10,20260221,mec-10##20260221,0.1338,1.3986,1.3986
mec-10,20260221,mec-10##20260221,0.1858,2.0408,0.0000
mec-10,20260221,mec-10##20260221,0.1556,3.5928,0.0000
mec-10,20260221,mec-10##20260221,0.1507,0.0000,3.2374
mec-10,20260221,mec-10##20260221,0.1736,5.9603,3.9735
mec-10,20260221,mec-10##20260221,0.1303,0.0000,0.0000
mec-10,20260221,mec-10##20260221,0.1829,0.0000,0.0000
mec-10,20260221,mec-10##20260221,0.1434,0.0000,0.0000
mec-10,20260221,mec-10##20260221,0.1406,0.0000,4.0268
mec-10,20260221,mec-10##20260221,0.1487,0.0000,4.4037
mec-10,20260221,mec-10##20260221,0.0561,2.4725,0.0000
mec-10,20260221,mec-10##20260221,0.1525,0.0000,0.0000
mec-10,20260221,mec-10##20260221,0.1215,0.0000,0.0000
mec-10,20260221,mec-10##20260221,0.1334,11.1111,11.1111
mec-10,20260221,mec-10##20260221,0.0466,5.0955,3.8217
mec-10,20260221,mec-10##20260221,0.1693,6.1224,0.0000
mec-10,20260221,mec-10##20260221,0.1162,2.0833,2.0833
mec-10,20260221,mec-10##20260221,0.1426,0.0000,0.0000
mec-10,20260221,mec-10##20260221,0.1526,0.0000,1.7518
mec-10,20260221,mec-10##20260221,0.1113,0.0000,13.6364
mec-10,20260221,mec-10##20260221,0.0478,4.5802,0.0000
mec-10,20260221,mec-10##20260221,0.0774,0.0000,4.3796
mec-10,20260221,mec-10##20260221,0.0419,7.1713,0.0000
mec-10,20260221,mec-10##20260221,0.1387,0.0000,0.0000
mec-10,20260221,mec-10##20260221,0.1885,0.0000,0.0000
mec-10,20260221,mec-10##20260221,0.0431,2.8708,2.8708
mec-10,20260221,mec-10##20260221,0.1426,3.0457,10.1523
mec-10,20260221,mec-10##20260221,0.1544,0.0000,1.9108
mec-10,20260221,mec-10##20260221,0.0429,16.6667,16.6667
mec-10,20260221,mec-10##20260221,0.1605,0.0000,0.0000
mec-10,20260221,mec-10##20260221,0.1598,0.0000,0.0000
mec-10,20260221,mec-10##20260221,0.1018,2.4742,1.6495
mec-10,20260221,mec-10##20260221,0.1817,0.0000,0.0000
mec-10,20260221,mec-10##20260221,0.1181,4.9587,9.9174
mec-10,20260221,mec-10##20260221,0.1662,0.0000,0.0000
mec-10,20260221,mec-10##20260221,0.1556,0.0000,0.0000
mec-10,20260221,mec-10##20260221,0.0753,1.9934,3.9867
mec-10,20260221,mec-10##20260221,0.1232,2.5641,6.4103
mec-10,20260221,mec-10##20260221,0.1004,11.8227,0.0000
mec-10,20260221,mec-10##20260221,0.1292,6.8571,0.0000
mec-10,20260221,mec-10##20260221,0.1393,0.0000,0.0000
mec-10,20260221,mec-10##20260221,0.1540,0.0000,0.0000
mec-10,20260221,mec-10##20260221,0.1558,0.3781,0.3781
mec-10,20260221,mec-10##20260221,0.1123,3.0612,0.0000
mec-10,20260221,mec-10##20260221,0.1170,1.4528,2.9056
mec-10,20260221,mec-10##20260221,0.0538,6.0000,24.0000
mec-10,20260221,mec-10##20260221,0.1720,0.0000,0.0000
mec-10,20260221,mec-10##20260221,0.1178,3.0875,2.0583
mec-10,20260221,mec-10##20260221,0.1171,0.0000,0.0000
mec-10,20260221,mec-10##20260221,0.1872,0.0000,0.0000
mec-10,20260221,mec-10##20260221,0.1819,0.0000,0.0000
mec-10,20260221,mec-10##20260221,0.1735,0.0000,1.7804
mec-10,20260221,mec-10##20260221,0.1005,0.0000,0.0000
mec-10,20260221,mec-10##20260221,0.1613,0.0000,0.0000
mec-10,20260221,mec-10##20260221,0.1637,0.0000,0.0000
mec-10,20260221,mec-10##20260221,0.1789,0.0000,0.0000
mec-10,20260221,mec-10##20260221,0.0883,0.0000,0.0000
mec-10,20260221,mec-10##20260221,0.1737,1.5385,0.0000
mec-10,20260221,mec-10##20260221,0.1155,5.5556,5.5556
mec-10,20260221,mec-10##20260221,0.0799,1.6698,2.2263
mec-10,20260221,mec-10##20260221,0.1550,2.1978,0.0000
mec-10,20260221,mec-10##20260221,0.1393,3.2609,7.6087
mec-10,20260221,mec-10##20260221,0.1512,2.1201,1.0601
mec-10,20260221,mec-10##20260221,0.1168,0.0000,0.0000
mec-10,20260221,mec-10##20260221,0.1456,0.0000,0.0000
mec-10,20260221,mec-10##20260221,0.1197,17.1429,0.0000
mec-10,20260221,mec-10##20260221,0.1348,0.0000,0.0000
mec-10,20260221,mec-10##20260221,0.1738,3.1915,0.0000
mec-10,20260221,mec-10##20260221,0.1573,0.0000,2.6846
mec-10,20260221,mec-10##20260221,0.1670,0.4438,1.3314
mec-10,20260221,mec-10##20260221,0.1588,0.0000,0.0000
mec-10,20260221,mec-10##20260221,0.0768,10.0418,5.0209
mec-10,20260221,mec-10##20260221,0.0769,13.2196,0.4264
mec-10,20260221,mec-10##20260221,0.1308,0.0000,0.0000
mec-10,20260221,mec-10##20260221,0.1201,1.5190,0.0000
mec-10,20260221,mec-10##20260221,0.1771,0.0000,0.0000
mec-10,20260221,mec-10##20260221,0.1504,2.0906,4.1812
mec-10,20260221,mec-10##20260221,0.0791,0.0000,2.9703
mec-10,20260221,mec-10##20260221,0.1607,0.0000,0.0000
mec-10,20260221,mec-10##20260221,0.1504,0.0000,0.5797
mec-10,20260221,mec-10##20260221,0.1360,0.0000,2.4096
mec-10,20260221,mec-10##20260221,0.1490,0.0000,0.0000
mec-10,20260221,mec-10##20260221,0.0888,5.9801,1.9934
mec-10,20260221,mec-10##20260221,0.1684,0.0000,0.0000
mec-10,20260221,mec-10##20260221,0.0829,0.0000,0.0000
mec-10,20260221,mec-10##20260221,0.0805,0.0000,9.0909
mec-10,20260221,mec-10##20260221,0.1444,0.0000,4.8780
mec-10,20260221,mec-10##20260221,0.2236,0.0000,0.0000
mec-10,20260221,mec-10##20260221,0.1395,12.5000,0.0000
mec-10,20260221,mec-10##20260221,0.1674,3.3058,0.0000
mec-10,20260221,mec-10##20260221,0.1208,0.0000,3.1746
mec-10,20260221,mec-10##20260221,0.0673,3.4483,0.0000
mec-10,20260221,mec-10##20260221,0.1522,0.0000,0.0000
mec-10,20260221,mec-10##20260221,0.1016,5.1546,0.0000
mec-10,20260221,mec-10##20260221,0.1454,0.0000,0.0000
mec-10,20260221,mec-10##20260221,0.1759,5.4054,0.0000
mec-10,20260221,mec-10##20260221,0.1224,0.0000,5.2174
mec-10,20260221,mec-10##20260221,0.0619,0.0000,15.8730
mec-10,20260221,mec-10##20260221,0.1333,0.0000,0.0000
mec-10,20260221,mec-10##20260221,0.1308,0.0000,0.0000
mec-10,20260221,mec-10##20260221,0.1741,0.0000,1.5873
mec-10,20260221,mec-10##20260221,0.1434,0.0000,0.0000
mec-10,20260221,mec-10##20260221,0.1500,0.0000,0.0000
mec-10,20260221,mec-10##20260221,0.1298,0.0000,0.0000
mec-10,20260221,mec-10##20260221,0.1466,0.0000,0.0000
mec-10,20260221,mec-10##20260221,0.1479,21.4286,0.0000
mec-10,20260221,mec-10##20260221,0.1507,0.0000,1.4706
mec-10,20260221,mec-10##20260221,0.1594,1.1765,0.0000
mec-10,20260221,mec-10##20260221,0.1424,0.0000,0.0000
mec-10,20260221,mec-10##20260221,0.1822,0.0000,0.0000
mec-10,20260221,mec-10##20260221,0.0957,0.0000,0.0000
mec-10,20260221,mec-10##20260221,0.1564,0.0000,0.0000
mec-10,20260221,mec-10##20260221,0.1460,0.0000,0.0000
mec-10,20260221,mec-10##20260221,0.1652,1.0657,0.0000
mec-10,20260221,mec-10##20260221,0.1296,0.0000,0.0000
mec-10,20260221,mec-10##20260221,0.1149,2.6087,5.2174
mec-10,20260221,mec-10##20260221,0.1722,0.0000,0.0000
mec-10,20260221,mec-10##20260221,0.0649,0.0000,0.0000
mec-10,20260221,mec-10##20260221,0.1766,0.0000,0.0000
mec-10,20260221,mec-10##20260221,0.1513,0.0000,0.0000
mec-10,20260221,mec-10##20260221,0.1392,0.0000,0.0000
mec-10,20260221,mec-10##20260221,0.1243,0.0000,4.5113
mec-10,20260221,mec-10##20260221,0.1505,0.0000,0.0000
mec-10,20260221,mec-10##20260221,0.1502,0.0000,0.0000
mec-10,20260221,mec-10##20260221,0.1357,0.0000,0.0000
mec-10,20260221,mec-10##20260221,,0.0000,0.0000
mec-10,20260221,mec-10##20260221,0.0562,8.8710,8.8710
mec-10,20260221,mec-10##20260221,0.1589,0.0000,0.0000
mec-10,20260221,mec-10##20260221,0.0710,0.0000,12.2449
mec-10,20260221,mec-10##20260221,0.2338,15.0000,0.0000
mec-10,20260221,mec-10##20260221,0.1219,0.0000,0.0000
mec-10,20260221,mec-10##20260221,0.1166,0.0000,0.0000
mec-10,20260221,mec-10##20260221,0.0549,14.2857,0.0000
mec-10,20260221,mec-10##20260221,0.1271,1.3636,8.1818
mec-10,20260221,mec-10##20260221,0.1387,0.0000,0.0000
mec-10,20260221,mec-10##20260221,0.1051,0.0000,2.8169
mec-10,20260221,mec-10##20260221,0.1312,1.3857,2.7714
mec-10,20260221,mec-10##20260221,0.0707,10.6509,0.0000
mec-10,20260221,mec-10##20260221,0.1028,0.0000,23.0769
mec-10,20260221,mec-10##20260221,0.1008,11.4943,0.0000
mec-10,20260221,mec-10##20260221,0.1445,0.0000,0.0000
mec-10,20260221,mec-10##20260221,0.1685,0.8208,1.6416
mec-10,20260221,mec-10##20260221,0.1157,0.0000,0.0000
mec-10,20260221,mec-10##20260221,0.0595,5.5046,0.0000
mec-10,20260221,mec-10##20260221,0.0804,11.7293,5.4135
mec-10,20260221,mec-10##20260221,0.0744,4.3165,8.6331
mec-10,20260221,mec-10##20260221,0.1541,1.4218,1.4218
mec-10,20260221,mec-10##20260221,0.1514,1.3825,1.3825
mec-10,20260221,mec-10##20260221,0.1598,0.0000,0.0000
mec-10,20260221,mec-10##20260221,0.1286,0.0000,0.0000
mec-10,20260221,mec-10##20260221,0.2034,0.0000,0.0000
mec-10,20260221,mec-10##20260221,0.0744,0.0000,0.0000
mec-10,20260221,mec-10##20260221,0.0528,0.0000,5.4795
mec-10,20260221,mec-10##20260221,0.1659,3.9604,3.9604
mec-10,20260221,mec-10##20260221,0.0602,8.1191,0.8119
mec-10,20260221,mec-10##20260221,0.1477,0.0000,0.0000
mec-10,20260221,mec-10##20260221,0.0883,9.6774,2.4194
mec-10,20260221,mec-10##20260221,0.0745,0.0000,0.0000
mec-10,20260221,mec-10##20260221,0.0571,18.6047,4.6512
mec-10,20260221,mec-10##20260221,0.1455,0.0000,0.0000
mec-10,20260221,mec-10##20260221,0.1997,0.0000,0.0000
mec-10,20260221,mec-10##20260221,0.1539,0.0000,0.0000
mec-10,20260221,mec-10##20260221,0.1170,0.0000,0.0000
mec-10,20260221,mec-10##20260221,0.1297,5.1724,4.1379
mec-10,20260221,mec-10##20260221,0.1714,0.0000,0.0000
mec-10,20260221,mec-10##20260221,0.1813,3.6145,7.2289
mec-10,20260221,mec-10##20260221,0.1187,0.0000,0.0000
mec-10,20260221,mec-10##20260221,0.1249,0.0000,0.0000
mec-10,20260221,mec-10##20260221,0.0549,0.0000,0.0000
mec-10,20260221,mec-10##20260221,0.1534,0.0000,0.0000
mec-10,20260221,mec-10##20260221,0.1602,0.0000,1.2552
mec-10,20260221,mec-10##20260221,0.0944,9.0226,4.5113
mec-10,20260221,mec-10##20260221,0.1376,0.0000,7.6923
mec-10,20260221,mec-10##20260221,0.1293,0.0000,0.0000
mec-10,20260221,mec-10##20260221,0.1765,0.0000,0.0000
mec-10,20260221,mec-10##20260221,0.1672,0.0000,0.0000
mec-10,20260221,mec-10##20260221,0.1060,10.0000,10.0000
mec-10,20260221,mec-10##20260221,0.1902,0.0000,1.1450
mec-10,20260221,mec-10##20260221,0.1527,0.0000,0.0000
mec-10,20260221,mec-10##20260221,0.1458,0.0000,0.0000
mec-10,20260221,mec-10##20260221,0.1018,3.7037,0.0000
mec-10,20260221,mec-10##20260221,0.1558,0.0000,20.6897
mec-10,20260221,mec-10##20260221,0.0988,12.0000,0.0000
mec-10,20260221,mec-10##20260221,0.1333,0.0000,0.0000
mec-10,20260221,mec-10##20260221,0.1781,0.0000,0.0000
mec-10,20260221,mec-10##20260221,0.1812,0.0000,0.0000
mec-10,20260221,mec-10##20260221,0.0416,15.8940,0.0000
mec-10,20260221,mec-10##20260221,0.0951,0.0000,0.0000
mec-10,20260221,mec-10##20260221,0.1286,0.0000,7.5949
mec-10,20260221,mec-10##20260221,0.1402,0.0000,0.0000
mec-10,20260221,mec-10##20260221,0.1484,0.0000,0.0000
mec-10,20260221,mec-10##20260221,0.1535,1.5152,0.0000
mec-10,20260221,mec-10##20260221,0.0533,15.5294,0.0000
mec-10,20260221,mec-10##20260221,0.1499,0.0000,0.0000
mec-10,20260221,mec-10##20260221,0.0514,0.0000,0.0000
mec-10,20260221,mec-10##20260221,0.1321,0.0000,0.0000
mec-10,20260221,mec-10##20260221,0.1044,2.2989,0.0000
mec-10,20260221,mec-10##20260221,0.1476,0.0000,6.5217
mec-10,20260221,mec-10##20260221,0.1040,0.0000,3.1250
mec-10,20260221,mec-10##20260221,0.1332,0.0000,0.0000
mec-10,20260221,mec-10##20260221,0.1867,4.6632,3.1088
mec-10,20260221,mec-10##20260221,0.0950,6.5217,8.1522
mec-10,20260221,mec-10##20260221,0.1614,11.1111,0.0000
mec-10,20260221,mec-10##20260221,0.1408,1.4388,4.3165
mec-10,20260221,mec-10##20260221,0.1352,11.7647,4.7059
mec-10,20260221,mec-10##20260221,0.1093,0.0000,0.0000
mec-10,20260221,mec-10##20260221,0.1519,0.0000,2.9703
mec-10,20260221,mec-10##20260221,0.1941,0.0000,0.0000
mec-10,20260221,mec-10##20260221,0.1673,7.8947,7.8947
mec-10,20260221,mec-10##20260221,0.1767,0.0000,0.0000
mec-10,20260221,mec-10##20260221,0.1154,0.0000,12.3711
mec-10,20260221,mec-10##20260221,0.1212,0.0000,0.0000
mec-10,20260221,mec-10##20260221,0.1539,0.0000,0.0000
mec-10,20260221,mec-10##20260221,0.1283,0.0000,5.3412
mec-10,20260221,mec-10##20260221,0.1450,5.8252,0.0000
mec-10,20260221,mec-10##20260221,0.1532,0.0000,0.0000
mec-10,20260221,mec-10##20260221,0.0696,1.6260,6.5041
mec-10,20260221,mec-10##20260221,0.1410,0.0000,0.0000
mec-10,20260221,mec-10##20260221,0.1870,0.0000,0.0000
mec-10,20260221,mec-10##20260221,0.1613,0.0000,0.0000
mec-10,20260221,mec-10##20260221,0.1525,2.0000,0.0000
mec-10,20260221,mec-10##20260221,0.0789,0.0000,0.0000
mec-10,20260221,mec-10##20260221,0.1656,0.0000,0.0000
mec-10,20260221,mec-10##20260221,0.0502,0.0000,12.0000
mec-10,20260221,mec-10##20260221,0.1786,0.0000,0.0000
mec-10,20260221,mec-10##20260221,0.1224,0.0000,0.0000
mec-10,20260221,mec-10##20260221,0.1218,0.0000,0.0000
mec-10,20260221,mec-10##20260221,0.1328,0.0000,0.0000
mec-10,20260221,mec-10##20260221,0.1147,0.0000,7.7922
mec-10,20260221,mec-10##20260221,0.1790,0.0000,0.0000
mec-10,20260221,mec-10##20260221,0.1080,3.2258,0.0000
mec-10,20260221,mec-10##20260221,0.1162,6.5934,2.1978
mec-10,20260221,mec-10##20260221,0.0581,21.4286,0.0000
mec-10,20260221,mec-10##20260221,0.1533,19.6721,0.0000
mec-10,20260221,mec-10##20260221,0.1202,0.0000,12.1212
mec-10,20260221,mec-10##20260221,0.0926,0.0000,0.0000
mec-10,20260221,mec-10##20260221,0.1764,0.0000,0.0000
mec-10,20260221,mec-10##20260221,0.1316,0.0000,0.0000
mec-10,20260221,mec-10##20260221,0.0632,0.0000,0.0000
mec-10,20260221,mec-10##20260221,0.1548,0.0000,0.0000
mec-10,20260221,mec-10##20260221,0.1577,0.0000,0.0000
mec-10,20260221,mec-10##20260221,0.1593,0.0000,0.0000
mec-10,20260221,mec-10##20260221,0.1410,0.0000,8.3916
mec-10,20260221,mec-10##20260221,0.1907,0.0000,0.0000
mec-10,20260221,mec-10##20260221,0.0877,0.0000,0.0000
mec-10,20260221,mec-10##20260221,0.1466,0.0000,0.0000
mec-10,20260221,mec-10##20260221,0.1040,6.2500,12.5000
mec-10,20260221,mec-10##20260221,0.1511,0.0000,0.0000
mec-10,20260221,mec-10##20260221,0.0623,11.3208,0.0000
mec-10,20260221,mec-10##20260221,0.1221,0.0000,0.0000
mec-10,20260221,mec-10##20260221,0.1564,0.0000,0.0000
mec-10,20260221,mec-10##20260221,0.0765,0.0000,0.0000
mec-10,20260221,mec-10##20260221,0.1754,0.0000,0.0000
nhr-49,20260219,nhr-49##20260219,0.0820,1.2308,3.0769
nhr-49,20260219,nhr-49##20260219,0.2126,0.0000,0.0000
nhr-49,20260219,nhr-49##20260219,0.1670,0.0000,0.0000
nhr-49,20260219,nhr-49##20260219,0.1881,1.4377,3.8339
nhr-49,20260219,nhr-49##20260219,0.0852,1.6973,6.7893
nhr-49,20260219,nhr-49##20260219,0.1794,0.0000,0.0000
nhr-49,20260219,nhr-49##20260219,0.1455,0.0000,0.0000
nhr-49,20260219,nhr-49##20260219,0.2144,0.0000,0.0000
nhr-49,20260219,nhr-49##20260219,0.1528,0.0000,0.0000
nhr-49,20260219,nhr-49##20260219,0.1959,0.0000,0.0000
nhr-49,20260219,nhr-49##20260219,0.1344,0.0000,4.0268
nhr-49,20260219,nhr-49##20260219,0.0794,1.8462,0.9231
nhr-49,20260219,nhr-49##20260219,0.2328,1.7804,1.1869
nhr-49,20260219,nhr-49##20260219,0.2273,0.0000,0.0000
nhr-49,20260219,nhr-49##20260219,0.2194,0.0000,0.0000
nhr-49,20260219,nhr-49##20260219,0.1315,0.0000,0.0000
nhr-49,20260219,nhr-49##20260219,0.1380,0.0000,2.3715
nhr-49,20260219,nhr-49##20260219,0.1357,0.0000,0.0000
nhr-49,20260219,nhr-49##20260219,0.1506,0.4478,1.7910
nhr-49,20260219,nhr-49##20260219,0.1882,0.0000,0.0000
nhr-49,20260219,nhr-49##20260219,0.1058,0.6393,1.9180
nhr-49,20260219,nhr-49##20260219,0.1950,0.0000,0.0000
nhr-49,20260219,nhr-49##20260219,0.1543,0.0000,0.0000
nhr-49,20260219,nhr-49##20260219,0.0358,14.3541,0.0000
nhr-49,20260219,nhr-49##20260219,0.1877,0.5410,1.0821
nhr-49,20260219,nhr-49##20260219,0.1757,0.0000,0.0000
nhr-49,20260219,nhr-49##20260219,0.1257,6.0606,0.0000
nhr-49,20260219,nhr-49##20260219,0.2285,0.0000,0.0000
nhr-49,20260219,nhr-49##20260219,0.2141,0.0000,0.0000
nhr-49,20260219,nhr-49##20260219,0.1642,0.0000,0.0000
nhr-49,20260219,nhr-49##20260219,0.0798,8.1481,3.7037
nhr-49,20260219,nhr-49##20260219,0.0675,12.1622,0.0000
nhr-49,20260219,nhr-49##20260219,0.1177,0.0000,0.0000
nhr-49,20260219,nhr-49##20260219,0.0862,1.1749,3.1332
nhr-49,20260219,nhr-49##20260219,0.0428,0.0000,0.0000
nhr-49,20260219,nhr-49##20260219,0.1943,0.0000,0.0000
nhr-49,20260219,nhr-49##20260219,0.1040,11.6883,2.5974
nhr-49,20260219,nhr-49##20260219,0.0999,0.0000,0.0000
nhr-49,20260219,nhr-49##20260219,0.0759,1.9190,2.5586
nhr-49,20260219,nhr-49##20260219,0.1537,1.9210,3.2017
nhr-49,20260219,nhr-49##20260219,0.1149,0.0000,0.0000
nhr-49,20260219,nhr-49##20260219,0.1192,0.0000,0.4894
nhr-49,20260219,nhr-49##20260219,0.2115,3.6585,3.6585
nhr-49,20260219,nhr-49##20260219,0.2276,0.0000,0.0000
nhr-49,20260219,nhr-49##20260219,0.1275,14.4000,7.2000
nhr-49,20260219,nhr-49##20260219,0.0587,2.5000,0.0000
nhr-49,20260219,nhr-49##20260219,0.1009,5.7456,3.2832
nhr-49,20260219,nhr-49##20260219,0.1615,1.4833,2.2250
nhr-49,20260219,nhr-49##20260219,0.1209,0.0000,0.0000
nhr-49,20260219,nhr-49##20260219,0.1801,0.0000,4.2155
nhr-49,20260219,nhr-49##20260219,0.1334,0.0000,3.4934
nhr-49,20260219,nhr-49##20260219,0.0680,6.1135,0.0000
nhr-49,20260219,nhr-49##20260219,,27.5862,0.0000
nhr-49,20260219,nhr-49##20260219,0.1554,1.2793,1.2793
nhr-49,20260219,nhr-49##20260219,0.0304,0.0000,0.0000
nhr-49,20260219,nhr-49##20260219,0.0811,1.5152,0.0000
nhr-49,20260219,nhr-49##20260219,0.1504,0.0000,4.6693
nhr-49,20260219,nhr-49##20260219,0.1801,0.0000,0.0000
nhr-49,20260219,nhr-49##20260219,0.2541,2.7397,2.7397
nhr-49,20260219,nhr-49##20260219,0.2172,0.0000,0.0000
nhr-49,20260219,nhr-49##20260219,0.1151,0.0000,6.5574
nhr-49,20260219,nhr-49##20260219,0.1595,0.0000,0.0000
nhr-49,20260219,nhr-49##20260219,0.1076,0.0000,0.0000
nhr-49,20260221,nhr-49##20260221,0.0594,5.5118,2.3622
nhr-49,20260221,nhr-49##20260221,0.0711,0.0000,0.0000
nhr-49,20260221,nhr-49##20260221,0.0760,5.4545,0.0000
nhr-49,20260221,nhr-49##20260221,0.1394,0.0000,0.0000
nhr-49,20260221,nhr-49##20260221,0.1716,0.5256,0.7884
nhr-49,20260221,nhr-49##20260221,0.0715,0.0000,0.0000
nhr-49,20260221,nhr-49##20260221,0.1020,0.0000,0.0000
nhr-49,20260221,nhr-49##20260221,0.1525,0.0000,0.0000
nhr-49,20260221,nhr-49##20260221,0.0532,0.0000,4.6512
nhr-49,20260221,nhr-49##20260221,0.0772,0.0000,0.0000
nhr-49,20260221,nhr-49##20260221,0.1047,0.8186,0.8186
nhr-49,20260221,nhr-49##20260221,0.0642,0.0000,0.0000
nhr-49,20260221,nhr-49##20260221,0.1854,0.0000,1.7804
nhr-49,20260221,nhr-49##20260221,0.1595,0.0000,0.0000
nhr-49,20260221,nhr-49##20260221,0.1539,0.0000,10.1695
nhr-49,20260221,nhr-49##20260221,0.1183,0.0000,0.0000
nhr-49,20260221,nhr-49##20260221,0.1089,1.5326,0.7663
nhr-49,20260221,nhr-49##20260221,0.1936,0.0000,0.0000
nhr-49,20260221,nhr-49##20260221,0.1795,0.0000,0.0000
nhr-49,20260221,nhr-49##20260221,0.1390,1.0949,1.0949
nhr-49,20260221,nhr-49##20260221,0.1045,5.6075,11.2150
nhr-49,20260221,nhr-49##20260221,0.1108,2.0339,2.0339
nhr-49,20260221,nhr-49##20260221,0.0955,2.7650,2.0737
nhr-49,20260221,nhr-49##20260221,0.2200,0.0000,0.0000
nhr-49,20260221,nhr-49##20260221,0.2064,0.0000,0.0000
nhr-49,20260221,nhr-49##20260221,0.1988,2.7211,0.0000
nhr-49,20260221,nhr-49##20260221,0.1984,0.0000,0.0000
nhr-49,20260221,nhr-49##20260221,0.1727,0.0000,0.0000
nhr-49,20260221,nhr-49##20260221,0.2082,0.0000,0.0000
nhr-49,20260221,nhr-49##20260221,0.0962,0.0000,0.0000
nhr-49,20260221,nhr-49##20260221,0.1738,0.0000,0.0000
nhr-49,20260221,nhr-49##20260221,0.1484,0.0000,0.0000
nhr-49,20260221,nhr-49##20260221,0.2244,0.0000,0.0000
nhr-49,20260221,nhr-49##20260221,0.1644,0.0000,0.0000
nhr-49,20260221,nhr-49##20260221,0.1701,0.0000,0.0000
nhr-49,20260222,nhr-49##20260222,0.1456,0.0000,0.0000
nhr-49,20260222,nhr-49##20260222,0.0840,0.0000,12.7660
nhr-49,20260222,nhr-49##20260222,0.1933,0.0000,0.0000
nhr-49,20260222,nhr-49##20260222,0.1475,0.0000,0.0000
nhr-49,20260222,nhr-49##20260222,0.1354,0.0000,0.0000
nhr-49,20260222,nhr-49##20260222,0.0691,6.2827,6.2827
nhr-49,20260222,nhr-49##20260222,0.1323,0.0000,0.0000
nhr-49,20260222,nhr-49##20260222,0.1580,0.0000,1.1407
nhr-49,20260222,nhr-49##20260222,0.1257,0.9592,2.3981
nhr-49,20260222,nhr-49##20260222,0.1531,0.0000,0.0000
nhr-49,20260222,nhr-49##20260222,0.1551,0.2512,0.5023
nhr-49,20260222,nhr-49##20260222,0.1371,1.5679,2.6132
nhr-49,20260222,nhr-49##20260222,0.1014,5.1064,2.5532
nhr-49,20260222,nhr-49##20260222,0.0906,0.3529,0.3529
nhr-49,20260222,nhr-49##20260222,0.1767,0.0000,0.0000
nhr-49,20260222,nhr-49##20260222,0.1063,2.1818,4.3636
nhr-49,20260222,nhr-49##20260222,0.0487,14.6341,0.0000
nhr-49,20260222,nhr-49##20260222,,0.0000,20.0000
nhr-49,20260222,nhr-49##20260222,0.1255,0.0000,1.0008
nhr-49,20260222,nhr-49##20260222,0.1930,0.0000,0.0000
nhr-49,20260222,nhr-49##20260222,0.1651,0.0000,0.0000
nhr-49,20260222,nhr-49##20260222,0.1264,1.7467,0.4367
nhr-49,20260222,nhr-49##20260222,0.0855,6.1567,2.7985
nhr-49,20260222,nhr-49##20260222,0.0521,10.9091,10.9091
nhr-49,20260222,nhr-49##20260222,0.0898,0.0000,0.0000
nhr-49,20260222,nhr-49##20260222,0.1377,2.2556,3.3835
nhr-49,20260222,nhr-49##20260222,0.1537,0.0000,1.6304
nhr-49,20260222,nhr-49##20260222,0.1614,0.0000,9.7403
nhr-49,20260222,nhr-49##20260222,0.0892,0.0000,0.0000
nhr-49,20260222,nhr-49##20260222,0.0707,22.2222,0.0000
nhr-49,20260222,nhr-49##20260222,0.0869,3.6810,0.0000
nhr-49,20260222,nhr-49##20260222,0.1209,4.8780,0.0000
nhr-49,20260222,nhr-49##20260222,0.1405,0.3670,1.8349
nhr-49,20260222,nhr-49##20260222,0.1645,0.0000,0.0000
nhr-49,20260222,nhr-49##20260222,0.1671,0.6861,0.3431
nhr-49,20260222,nhr-49##20260222,0.1376,0.0000,0.0000
nhr-49,20260222,nhr-49##20260222,0.0637,8.8643,1.1080
nhr-49,20260222,nhr-49##20260222,0.1301,5.1136,1.7045
nhr-49,20260222,nhr-49##20260222,0.1456,0.0000,23.5294
nhr-49,20260222,nhr-49##20260222,0.1050,15.0000,0.0000
nhr-49,20260222,nhr-49##20260222,0.1337,0.0000,0.0000
nhr-49,20260222,nhr-49##20260222,0.0988,2.8818,1.7291
nhr-49,20260222,nhr-49##20260222,0.0962,0.0000,0.0000
nhr-49,20260222,nhr-49##20260222,0.1545,0.5660,0.0000
nhr-49,20260222,nhr-49##20260222,0.1195,18.7500,0.0000
nhr-49,20260222,nhr-49##20260222,0.0753,0.0000,0.0000
nhr-49,20260222,nhr-49##20260222,0.1532,0.0000,0.0000
nhr-49,20260222,nhr-49##20260222,0.0960,10.0000,0.0000
nhr-49,20260222,nhr-49##20260222,0.0867,0.0000,0.0000
nhr-49,20260222,nhr-49##20260222,0.1793,0.0000,0.0000
nhr-49,20260222,nhr-49##20260222,,0.0000,15.7895
nhr-49,20260222,nhr-49##20260222,0.1620,0.4622,0.0000
nhr-49,20260222,nhr-49##20260222,0.1691,0.4739,0.4739
nhr-49,20260222,nhr-49##20260222,0.1623,0.0000,0.0000
nhr-49,20260222,nhr-49##20260222,0.2285,0.0000,0.0000
nhr-49,20260222,nhr-49##20260222,0.1599,0.0000,0.0000
nhr-49,20260222,nhr-49##20260222,0.1578,0.0000,0.0000
nhr-49,20260222,nhr-49##20260222,0.1558,0.0000,0.0000
nhr-49,20260222,nhr-49##20260222,0.1200,0.0000,0.0000
nhr-49,20260222,nhr-49##20260222,0.1465,1.5972,1.5972
nhr-49,20260222,nhr-49##20260222,0.0963,0.0000,0.0000
nhr-49,20260222,nhr-49##20260222,0.0981,4.0268,0.0000
nhr-49,20260222,nhr-49##20260222,0.0917,0.0000,1.6282
nhr-49,20260222,nhr-49##20260222,0.1579,0.0000,0.0000
nhr-49,20260222,nhr-49##20260222,0.1612,2.8881,2.8881
nhr-49,20260222,nhr-49##20260222,0.2293,0.0000,0.0000
nhr-49,20260222,nhr-49##20260222,0.0718,12.7152,2.3841
nhr-49,20260222,nhr-49##20260222,0.1343,0.0000,0.0000
nhr-49,20260222,nhr-49##20260222,0.1537,0.0000,0.0000
nhr-49,20260222,nhr-49##20260222,0.1752,6.5934,0.0000
nhr-49,20260222,nhr-49##20260222,0.1101,0.9554,0.9554
nhr-49,20260222,nhr-49##20260222,0.1626,0.0000,0.0000
nhr-49,20260222,nhr-49##20260222,0.1276,0.0000,0.0000
nhr-49,20260222,nhr-49##20260222,0.1683,0.0000,0.0000
nhr-49,20260222,nhr-49##20260222,0.2117,0.0000,0.0000
nhr-49,20260222,nhr-49##20260222,0.1676,0.0000,0.0000
nhr-49,20260222,nhr-49##20260222,0.0821,3.2200,3.2200
nhr-49,20260222,nhr-49##20260222,0.0602,7.3469,3.6735
nhr-49,20260222,nhr-49##20260222,0.1747,1.1834,2.3669
nhr-49,20260222,nhr-49##20260222,0.1681,0.0000,0.0000
nhr-49,20260222,nhr-49##20260222,0.1767,0.0000,0.0000
nhr-49,20260222,nhr-49##20260222,0.1973,0.0000,0.0000
nhr-49,20260222,nhr-49##20260222,0.1263,0.0000,0.0000
nhr-49,20260222,nhr-49##20260222,0.1019,0.0000,0.0000
nhr-49,20260222,nhr-49##20260222,0.1403,0.0000,0.0000
nhr-49,20260222,nhr-49##20260222,0.1606,9.8901,0.0000
nhr-49,20260222,nhr-49##20260222,0.0947,6.3380,2.1127
nhr-49,20260222,nhr-49##20260222,0.1869,0.0000,1.8519
nhr-49,20260222,nhr-49##20260222,0.1665,0.0000,0.0000
nhr-49,20260222,nhr-49##20260222,0.1855,0.0000,0.0000
octr-1,20260221,octr-1##20260221,0.0902,6.2868,1.1788
octr-1,20260221,octr-1##20260221,0.1504,0.0000,0.0000
octr-1,20260221,octr-1##20260221,0.1870,0.0000,0.0000
octr-1,20260221,octr-1##20260221,0.1575,0.0000,0.0000
octr-1,20260221,octr-1##20260221,0.0780,17.6471,0.0000
octr-1,20260221,octr-1##20260221,0.1511,0.0000,0.0000
octr-1,20260221,octr-1##20260221,0.0429,11.9048,0.0000
octr-1,20260221,octr-1##20260221,0.2090,2.0548,2.0548
octr-1,20260221,octr-1##20260221,0.1565,0.0000,0.0000
octr-1,20260221,octr-1##20260221,0.1884,0.0000,0.0000
octr-1,20260221,octr-1##20260221,0.1857,0.0000,0.0000
octr-1,20260221,octr-1##20260221,0.1452,0.0000,0.0000
octr-1,20260221,octr-1##20260221,0.2132,0.0000,0.0000
octr-1,20260221,octr-1##20260221,0.1952,0.0000,0.0000
octr-1,20260221,octr-1##20260221,0.2020,0.0000,0.0000
octr-1,20260221,octr-1##20260221,0.2674,0.0000,0.0000
octr-1,20260221,octr-1##20260221,0.1992,0.0000,0.0000
octr-1,20260221,octr-1##20260221,0.1941,0.5958,0.2979
octr-1,20260221,octr-1##20260221,0.1612,0.0000,0.0000
octr-1,20260221,octr-1##20260221,0.2313,0.0000,0.0000
octr-1,20260221,octr-1##20260221,0.0701,12.1131,3.2301
octr-1,20260221,octr-1##20260221,0.0705,0.0000,0.0000
octr-1,20260221,octr-1##20260221,0.1799,0.0000,0.0000
octr-1,20260221,octr-1##20260221,0.2649,0.0000,0.0000
octr-1,20260221,octr-1##20260221,0.0610,17.6471,0.0000
octr-1,20260221,octr-1##20260221,0.0995,0.0000,1.2000
octr-1,20260221,octr-1##20260221,0.1899,4.7244,4.7244
octr-1,20260221,octr-1##20260221,0.2005,0.0000,0.0000
octr-1,20260221,octr-1##20260221,0.1258,0.3909,0.0000
octr-1,20260221,octr-1##20260221,0.1539,2.6906,2.6906
octr-1,20260221,octr-1##20260221,0.2008,0.0000,0.0000
octr-1,20260221,octr-1##20260221,0.0920,2.0649,2.9499
octr-1,20260221,octr-1##20260221,0.2192,0.0000,0.0000
octr-1,20260221,octr-1##20260221,0.2003,0.0000,0.0000
octr-1,20260221,octr-1##20260221,0.1983,0.0000,0.0000
octr-1,20260221,octr-1##20260221,0.1797,0.0000,0.0000
octr-1,20260221,octr-1##20260221,0.2003,0.0000,2.1053
octr-1,20260221,octr-1##20260221,0.1953,0.0000,0.0000
octr-1,20260221,octr-1##20260221,0.1955,0.0000,0.0000
octr-1,20260221,octr-1##20260221,0.1594,0.0000,0.0000
octr-1,20260221,octr-1##20260221,0.2141,0.0000,0.0000
octr-1,20260221,octr-1##20260221,0.1762,0.8869,0.8869
octr-1,20260221,octr-1##20260221,0.1432,0.8535,1.7070
octr-1,20260221,octr-1##20260221,0.2005,0.3625,0.7251
octr-1,20260221,octr-1##20260221,0.1697,0.7238,1.4475
octr-1,20260221,octr-1##20260221,0.1648,0.0000,0.0000
octr-1,20260221,octr-1##20260221,0.1929,0.0000,0.0000
octr-1,20260221,octr-1##20260221,0.0623,5.1724,5.1724
octr-1,20260221,octr-1##20260221,0.2252,0.0000,0.0000
octr-1,20260221,octr-1##20260221,0.1984,0.0000,0.0000
octr-1,20260221,octr-1##20260221,0.1467,0.0000,0.0000
octr-1,20260221,octr-1##20260221,0.1939,0.4435,0.0000
octr-1,20260221,octr-1##20260221,0.1364,8.3333,0.0000
octr-1,20260221,octr-1##20260221,0.1873,4.3796,0.0000
octr-1,20260221,octr-1##20260221,0.1879,0.0000,0.0000
octr-1,20260221,octr-1##20260221,0.1608,1.6552,1.6552
octr-1,20260221,octr-1##20260221,0.1582,1.9417,0.7767
octr-1,20260221,octr-1##20260221,0.2132,0.0000,0.0000
octr-1,20260221,octr-1##20260221,0.1670,0.0000,0.0000
octr-1,20260221,octr-1##20260221,0.1409,0.0000,0.0000
octr-1,20260221,octr-1##20260221,0.1685,2.2814,0.0000
octr-1,20260221,octr-1##20260221,0.1955,0.4304,0.0000
octr-1,20260221,octr-1##20260221,0.1794,0.0000,0.0000
octr-1,20260221,octr-1##20260221,0.1350,0.0000,0.0000
octr-1,20260221,octr-1##20260221,0.1977,0.0000,0.0000
octr-1,20260221,octr-1##20260221,0.1875,0.0000,3.2258
octr-1,20260221,octr-1##20260221,0.2059,1.6086,0.0000
octr-1,20260221,octr-1##20260221,0.1601,0.0000,0.0000
octr-1,20260221,octr-1##20260221,0.2194,0.0000,0.0000
octr-1,20260221,octr-1##20260221,0.2238,0.0000,0.0000
octr-1,20260221,octr-1##20260221,0.1113,0.0000,0.0000
octr-1,20260221,octr-1##20260221,0.1795,0.6904,1.3809
octr-1,20260221,octr-1##20260221,0.1546,0.0000,0.0000
octr-1,20260221,octr-1##20260221,0.0690,2.6030,0.0000
octr-1,20260221,octr-1##20260221,0.1560,0.0000,0.0000
octr-1,20260221,octr-1##20260221,0.1255,0.0000,0.0000
octr-1,20260221,octr-1##20260221,0.1630,2.0942,3.1414
octr-1,20260221,octr-1##20260221,0.1762,0.0000,0.0000
octr-1,20260221,octr-1##20260221,0.2076,1.2793,0.0000
octr-1,20260221,octr-1##20260221,0.1738,0.0000,0.0000
octr-1,20260221,octr-1##20260221,0.0559,16.9391,0.0000
octr-1,20260221,octr-1##20260221,0.2235,0.0000,0.0000
octr-1,20260221,octr-1##20260221,0.2182,0.0000,0.0000
octr-1,20260221,octr-1##20260221,0.1419,0.0000,0.0000
octr-1,20260221,octr-1##20260221,0.2006,0.0000,0.0000
octr-1,20260221,octr-1##20260221,0.1711,1.5873,3.1746
octr-1,20260221,octr-1##20260221,0.2022,0.0000,0.0000
octr-1,20260221,octr-1##20260221,0.1820,0.0000,0.0000
octr-1,20260221,octr-1##20260221,0.2170,2.3256,2.3256
octr-1,20260221,octr-1##20260221,0.2355,4.5113,4.5113
octr-1,20260221,octr-1##20260221,0.1888,0.0000,0.0000
octr-1,20260221,octr-1##20260221,0.1902,0.0000,0.0000
octr-1,20260221,octr-1##20260221,0.1662,0.0000,0.0000
octr-1,20260221,octr-1##20260221,0.2118,3.5503,0.0000
octr-1,20260221,octr-1##20260221,0.2019,0.0000,0.0000
octr-1,20260221,octr-1##20260221,0.1974,0.0000,0.0000
octr-1,20260221,octr-1##20260221,0.1880,0.0000,0.0000
octr-1,20260221,octr-1##20260221,0.1658,0.0000,0.0000
octr-1,20260221,octr-1##20260221,0.1878,0.0000,0.0000
octr-1,20260221,octr-1##20260221,0.2183,0.0000,0.0000
octr-1,20260222,octr-1##20260222,0.1383,0.0000,0.0000
octr-1,20260222,octr-1##20260222,0.1607,0.0000,0.0000
octr-1,20260222,octr-1##20260222,,0.0000,12.2449
octr-1,20260222,octr-1##20260222,0.0661,7.7503,0.6459
octr-1,20260222,octr-1##20260222,0.1359,0.0000,0.0000
octr-1,20260222,octr-1##20260222,0.1437,0.0000,0.0000
octr-1,20260222,octr-1##20260222,0.1413,0.0000,0.0000
octr-1,20260222,octr-1##20260222,0.1018,0.0000,0.0000
octr-1,20260222,octr-1##20260222,0.1737,4.3165,0.0000
octr-1,20260222,octr-1##20260222,0.1446,0.0000,0.0000
octr-1,20260222,octr-1##20260222,0.1091,2.8302,11.3208
octr-1,20260222,octr-1##20260222,0.1290,0.0000,0.0000
octr-1,20260222,octr-1##20260222,0.0851,2.5825,1.7217
octr-1,20260222,octr-1##20260222,0.1278,1.6997,0.0000
octr-1,20260222,octr-1##20260222,0.1463,0.0000,0.0000
octr-1,20260222,octr-1##20260222,0.1036,0.0000,0.0000
octr-1,20260222,octr-1##20260222,0.1873,0.0000,0.7001
octr-1,20260222,octr-1##20260222,0.1634,5.2174,0.0000
octr-1,20260222,octr-1##20260222,0.1602,0.0000,0.0000
octr-1,20260222,octr-1##20260222,0.1282,0.0000,0.0000
octr-1,20260222,octr-1##20260222,0.1386,0.0000,0.0000
octr-1,20260222,octr-1##20260222,0.1509,0.0000,0.0000
octr-1,20260222,octr-1##20260222,0.1088,2.2181,1.1091
octr-1,20260222,octr-1##20260222,0.1150,0.0000,2.2305
octr-1,20260222,octr-1##20260222,0.0919,0.0000,0.0000
octr-1,20260222,octr-1##20260222,0.1117,2.4490,7.3469
octr-1,20260222,octr-1##20260222,0.1509,6.4057,3.2028
octr-1,20260222,octr-1##20260222,0.1294,0.0000,0.0000
octr-1,20260222,octr-1##20260222,0.0860,0.0000,0.0000
octr-1,20260222,octr-1##20260222,0.2260,0.0000,0.0000
octr-1,20260222,octr-1##20260222,0.1607,0.0000,0.0000
octr-1,20260222,octr-1##20260222,0.1935,0.0000,0.0000
octr-1,20260222,octr-1##20260222,0.1548,2.6012,0.8671
octr-1,20260222,octr-1##20260222,0.1725,0.5814,0.5814
octr-1,20260222,octr-1##20260222,0.1519,0.0000,0.0000
octr-1,20260222,octr-1##20260222,0.1785,0.0000,0.0000
octr-1,20260222,octr-1##20260222,0.1286,0.0000,0.3252
octr-1,20260222,octr-1##20260222,0.1187,2.7027,0.0000
octr-1,20260222,octr-1##20260222,0.2220,0.0000,0.0000
octr-1,20260222,octr-1##20260222,0.0968,1.5267,0.0000
octr-1,20260222,octr-1##20260222,0.1439,0.0000,0.0000
octr-1,20260222,octr-1##20260222,0.1549,0.3221,1.2882
octr-1,20260222,octr-1##20260222,0.1013,7.1429,0.0000
octr-1,20260222,octr-1##20260222,0.1572,6.2992,0.0000
octr-1,20260222,octr-1##20260222,0.1484,0.0000,0.0000
octr-1,20260222,octr-1##20260222,0.0765,0.0000,0.0000
octr-1,20260222,octr-1##20260222,0.0927,3.5503,7.1006
octr-1,20260222,octr-1##20260222,0.1461,0.0000,0.0000
octr-1,20260222,octr-1##20260222,0.1264,8.6957,0.0000
octr-1,20260222,octr-1##20260222,0.1310,0.0000,0.0000
octr-1,20260222,octr-1##20260222,0.1663,2.2333,2.2333
octr-1,20260222,octr-1##20260222,0.0548,0.0000,0.0000
octr-1,20260222,octr-1##20260222,0.1616,0.0000,0.0000
octr-1,20260222,octr-1##20260222,0.1066,0.0000,0.0000
octr-1,20260222,octr-1##20260222,0.1065,0.0000,0.0000
octr-1,20260222,octr-1##20260222,0.1230,0.0000,0.0000
octr-1,20260222,octr-1##20260222,0.0428,1.8182,3.6364
octr-1,20260222,octr-1##20260222,0.1424,0.0000,0.0000
octr-1,20260222,octr-1##20260222,0.1243,0.0000,0.0000
octr-1,20260222,octr-1##20260222,0.0997,0.0000,0.0000
octr-1,20260222,octr-1##20260222,0.0792,9.3750,4.6875
octr-1,20260222,octr-1##20260222,0.1391,0.0000,0.3947
octr-1,20260222,octr-1##20260222,0.1097,0.0000,2.5370
octr-1,20260222,octr-1##20260222,0.1339,0.0000,0.0000
octr-1,20260222,octr-1##20260222,0.1634,0.0000,3.1915
octr-1,20260222,octr-1##20260222,0.1135,2.7237,2.3346
octr-1,20260222,octr-1##20260222,0.1360,1.2793,1.2793
octr-1,20260222,octr-1##20260222,0.1164,11.2150,5.6075
octr-1,20260222,octr-1##20260222,0.1628,5.6075,5.6075
octr-1,20260222,octr-1##20260222,0.1800,0.0000,0.0000
octr-1,20260222,octr-1##20260222,0.1637,0.0000,0.0000
octr-1,20260222,octr-1##20260222,0.1639,1.6701,0.4175
octr-1,20260222,octr-1##20260222,0.1490,1.0695,0.0000
octr-1,20260222,octr-1##20260222,0.1869,0.0000,0.0000
octr-1,20260222,octr-1##20260222,0.1210,4.2857,0.0000
octr-1,20260222,octr-1##20260222,0.1288,0.0000,0.0000
octr-1,20260222,octr-1##20260222,,21.4286,0.0000
octr-1,20260222,octr-1##20260222,0.1071,5.8824,5.8824
octr-1,20260222,octr-1##20260222,0.1602,3.7975,3.7975
octr-1,20260222,octr-1##20260222,0.1287,0.0000,0.0000
octr-1,20260222,octr-1##20260222,0.1272,0.0000,0.0000
octr-1,20260222,octr-1##20260222,0.0937,0.0000,0.0000
octr-1,20260222,octr-1##20260222,0.1280,0.0000,0.0000
octr-1,20260222,octr-1##20260222,0.0473,2.6316,0.0000
octr-1,20260222,octr-1##20260222,0.1231,8.0000,8.0000
octr-1,20260222,octr-1##20260222,0.1093,0.9464,0.0000
octr-1,20260222,octr-1##20260222,0.1491,0.0000,0.0000
octr-1,20260222,octr-1##20260222,0.1674,2.8846,2.8846
octr-1,20260222,octr-1##20260222,0.0949,0.0000,0.0000
octr-1,20260222,octr-1##20260222,0.1186,2.3121,1.1561
octr-1,20260222,octr-1##20260222,0.1423,0.0000,0.0000
octr-1,20260222,octr-1##20260222,0.0847,4.6729,6.5421
octr-1,20260222,octr-1##20260222,0.1623,2.4048,0.0000
octr-1,20260222,octr-1##20260222,0.1290,0.0000,0.0000
octr-1,20260222,octr-1##20260222,0.1162,1.0909,1.0909
octr-1,20260222,octr-1##20260222,0.1702,3.4483,3.4483
octr-1,20260222,octr-1##20260222,0.1262,0.0000,0.0000
octr-1,20260222,octr-1##20260222,0.1765,1.9737,0.9868
octr-1,20260222,octr-1##20260222,0.2154,0.0000,0.0000
octr-1,20260222,octr-1##20260222,0.1534,3.7267,0.0000
octr-1,20260222,octr-1##20260222,0.1496,0.6608,0.0000
octr-1,20260222,octr-1##20260222,0.1410,0.0000,0.0000
octr-1,20260222,octr-1##20260222,0.1948,0.0000,0.0000
octr-1,20260222,octr-1##20260222,0.0970,0.0000,0.0000
octr-1,20260222,octr-1##20260222,0.0671,9.2308,0.0000
octr-1,20260222,octr-1##20260222,0.1423,0.0000,0.0000
octr-1,20260222,octr-1##20260222,0.0503,0.0000,0.0000
octr-1,20260222,octr-1##20260222,0.1257,1.9967,2.9950
octr-1,20260222,octr-1##20260222,0.1551,2.6667,2.6667
octr-1,20260222,octr-1##20260222,0.1777,0.0000,0.0000
octr-1,20260222,octr-1##20260222,0.1579,0.0000,0.0000
octr-1,20260222,octr-1##20260222,0.0670,0.0000,0.0000
octr-1,20260222,octr-1##20260222,0.1315,0.0000,0.0000
octr-1,20260222,octr-1##20260222,0.1254,0.9494,0.9494
octr-1,20260222,octr-1##20260222,0.0735,4.9451,4.9451
octr-1,20260222,octr-1##20260222,0.1703,2.5678,5.1355
octr-1,20260222,octr-1##20260222,0.1309,0.0000,0.0000
octr-1,20260222,octr-1##20260222,0.1571,0.0000,0.0000
octr-1,20260222,octr-1##20260222,0.0357,21.2766,0.0000
octr-1,20260222,octr-1##20260222,0.1904,4.0268,0.0000
octr-1,20260222,octr-1##20260222,0.1798,0.0000,0.0000
octr-1,20260222,octr-1##20260222,0.1247,1.5831,3.1662
octr-1,20260222,octr-1##20260222,0.1682,0.0000,0.0000
octr-1,20260222,octr-1##20260222,0.1194,6.4516,0.0000
octr-1,20260222,octr-1##20260222,0.1587,0.0000,0.0000
octr-1,20260222,octr-1##20260222,0.1210,0.0000,0.0000
octr-1,20260222,octr-1##20260222,0.1598,0.0000,0.0000
octr-1,20260222,octr-1##20260222,0.1359,0.0000,0.0000
octr-1,20260222,octr-1##20260222,0.1369,0.0000,0.0000
octr-1,20260222,octr-1##20260222,0.1389,0.0000,4.3478
octr-1,20260222,octr-1##20260222,0.1108,0.0000,0.0000
octr-1,20260222,octr-1##20260222,0.1747,4.4118,4.4118
octr-1,20260222,octr-1##20260222,0.0866,0.0000,0.0000
octr-1,20260222,octr-1##20260222,0.1139,0.0000,0.0000
octr-1,20260222,octr-1##20260222,0.1976,0.0000,0.0000
octr-1,20260222,octr-1##20260222,0.1528,4.5113,9.0226
octr-1,20260222,octr-1##20260222,0.1228,0.0000,0.0000
octr-1,20260222,octr-1##20260222,0.1725,0.0000,0.0000
octr-1,20260222,octr-1##20260222,0.1330,0.0000,0.0000
octr-1,20260222,octr-1##20260222,0.1922,2.2727,0.0000
octr-1,20260222,octr-1##20260222,0.1506,0.0000,0.0000
octr-1,20260222,octr-1##20260222,0.1668,0.0000,0.0000
octr-1,20260222,octr-1##20260222,0.1337,0.0000,1.7341
octr-1,20260222,octr-1##20260222,0.1251,0.0000,0.0000
octr-1,20260222,octr-1##20260222,0.1417,0.0000,0.0000
octr-1,20260222,octr-1##20260222,0.1630,0.0000,0.0000
octr-1,20260222,octr-1##20260222,0.1740,2.0979,0.0000
octr-1,20260222,octr-1##20260222,0.1456,0.0000,2.0979
octr-1,20260222,octr-1##20260222,0.1596,0.0000,0.0000
octr-1,20260222,octr-1##20260222,0.1806,0.0000,0.0000
octr-1,20260222,octr-1##20260222,0.1274,0.0000,0.0000
octr-1,20260222,octr-1##20260222,0.1336,0.0000,0.0000
octr-1,20260222,octr-1##20260222,0.1910,0.0000,0.0000
octr-1,20260222,octr-1##20260222,0.1231,5.1724,5.1724
octr-1,20260222,octr-1##20260222,0.1376,0.0000,0.0000
octr-1,20260222,octr-1##20260222,,11.6883,15.5844
octr-1,20260222,octr-1##20260222,0.1747,3.7736,0.0000
octr-1,20260222,octr-1##20260222,0.1162,0.0000,0.0000
octr-1,20260222,octr-1##20260222,0.1115,0.0000,0.0000
octr-1,20260222,octr-1##20260222,0.1575,0.0000,0.0000
octr-1,20260222,octr-1##20260222,0.1622,0.0000,0.0000
octr-1,20260222,octr-1##20260222,0.0546,0.0000,0.0000
octr-1,20260222,octr-1##20260222,0.1622,0.0000,0.0000
octr-1,20260222,octr-1##20260222,0.1565,0.0000,0.0000
octr-1,20260222,octr-1##20260222,0.1355,0.0000,0.0000
octr-1,20260222,octr-1##20260222,0.1298,0.0000,0.0000
octr-1,20260222,octr-1##20260222,0.0628,0.0000,0.0000
octr-1,20260225,octr-1##20260225,0.1405,1.9231,0.0000
octr-1,20260225,octr-1##20260225,0.1146,4.6875,2.3438
octr-1,20260225,octr-1##20260225,0.1180,3.9216,0.0000
octr-1,20260225,octr-1##20260225,0.0630,0.0000,0.0000
octr-1,20260225,octr-1##20260225,0.1314,0.0000,0.0000
octr-1,20260225,octr-1##20260225,0.1483,0.0000,0.0000
octr-1,20260225,octr-1##20260225,0.1214,0.0000,2.2388
octr-1,20260225,octr-1##20260225,0.1311,0.5000,0.0000
octr-1,20260225,octr-1##20260225,0.1110,0.0000,0.0000
octr-1,20260225,octr-1##20260225,0.1802,0.0000,0.0000
octr-1,20260225,octr-1##20260225,0.1650,0.0000,0.0000
octr-1,20260225,octr-1##20260225,0.1089,1.5723,0.6289
octr-1,20260225,octr-1##20260225,0.0997,0.0000,0.0000
octr-1,20260225,octr-1##20260225,0.1467,0.0000,0.0000
octr-1,20260225,octr-1##20260225,0.1012,0.0000,0.0000
octr-1,20260225,octr-1##20260225,0.0870,0.0000,0.0000
octr-1,20260225,octr-1##20260225,0.1369,2.4590,0.0000
octr-1,20260225,octr-1##20260225,0.1713,0.0000,0.0000
octr-1,20260225,octr-1##20260225,0.1282,0.0000,0.0000
octr-1,20260225,octr-1##20260225,0.1260,0.0000,0.0000
octr-1,20260225,octr-1##20260225,0.1342,0.0000,0.0000
octr-1,20260225,octr-1##20260225,0.1320,0.0000,0.0000
octr-1,20260225,octr-1##20260225,0.1483,0.0000,0.0000
octr-1,20260225,octr-1##20260225,0.1409,5.2910,0.5291
octr-1,20260225,octr-1##20260225,0.1470,6.1224,12.2449
octr-1,20260225,octr-1##20260225,0.1494,0.0000,0.0000
octr-1,20260225,octr-1##20260225,0.1139,5.2023,1.7341
octr-1,20260225,octr-1##20260225,0.1703,2.1034,0.5259
octr-1,20260225,octr-1##20260225,0.1045,0.6826,0.0000
octr-1,20260225,octr-1##20260225,0.1828,0.0000,0.0000
octr-1,20260225,octr-1##20260225,0.1884,6.6298,1.6575
octr-1,20260225,octr-1##20260225,0.1326,4.6154,0.0000
octr-1,20260225,octr-1##20260225,0.2166,0.0000,0.0000
octr-1,20260225,octr-1##20260225,0.1220,0.0000,0.0000
octr-1,20260225,octr-1##20260225,0.1487,0.6689,0.0000
octr-1,20260225,octr-1##20260225,0.1467,1.2544,0.8362
octr-1,20260225,octr-1##20260225,0.1359,0.0000,0.0000
octr-1,20260225,octr-1##20260225,0.1034,4.6036,1.5345
octr-1,20260225,octr-1##20260225,0.1220,0.3331,0.0000
octr-1,20260225,octr-1##20260225,0.1673,0.0000,0.0000
octr-1,20260225,octr-1##20260225,0.1272,0.0000,0.0000
octr-1,20260225,octr-1##20260225,0.1593,5.1948,5.1948
octr-1,20260225,octr-1##20260225,0.1346,0.0000,0.0000
octr-1,20260225,octr-1##20260225,0.1470,0.0000,0.0000
octr-1,20260225,octr-1##20260225,0.1131,0.0000,0.0000
octr-1,20260225,octr-1##20260225,0.0596,4.2614,0.0000
octr-1,20260225,octr-1##20260225,0.1297,3.2573,3.2573
octr-1,20260225,octr-1##20260225,0.1286,8.0000,4.0000
octr-1,20260225,octr-1##20260225,0.1414,0.0000,0.0000
octr-1,20260225,octr-1##20260225,0.1414,0.0000,0.0000
octr-1,20260225,octr-1##20260225,0.1343,0.0000,0.0000
octr-1,20260225,octr-1##20260225,0.1073,0.0000,0.0000
octr-1,20260225,octr-1##20260225,0.1370,2.7650,0.0000
octr-1,20260225,octr-1##20260225,0.1593,0.0000,8.2192
octr-1,20260225,octr-1##20260225,0.1265,2.7491,2.0619
octr-1,20260225,octr-1##20260225,0.1515,0.0000,0.0000
octr-1,20260225,octr-1##20260225,0.1650,0.0000,0.0000
octr-1,20260225,octr-1##20260225,0.1310,0.0000,0.0000
octr-1,20260225,octr-1##20260225,0.0948,0.0000,0.0000
octr-1,20260225,octr-1##20260225,0.1529,0.0000,0.0000
octr-1,20260225,octr-1##20260225,0.1097,0.0000,0.0000
octr-1,20260225,octr-1##20260225,0.1798,1.6416,2.4624
octr-1,20260225,octr-1##20260225,0.1581,0.8778,1.3168
octr-1,20260225,octr-1##20260225,0.1510,1.3761,0.0000
octr-1,20260225,octr-1##20260225,0.1481,2.5806,0.0000
octr-1,20260225,octr-1##20260225,0.1358,0.0000,0.0000
octr-1,20260225,octr-1##20260225,0.1019,0.0000,0.0000
octr-1,20260225,octr-1##20260225,0.2215,0.0000,0.0000
octr-1,20260225,octr-1##20260225,0.1694,2.6549,2.6549
octr-1,20260225,octr-1##20260225,0.1164,1.5267,3.0534
octr-1,20260225,octr-1##20260225,0.1570,0.0000,0.0000
octr-1,20260225,octr-1##20260225,0.1368,3.6838,0.9210
octr-1,20260225,octr-1##20260225,0.1804,0.0000,0.0000
octr-1,20260225,octr-1##20260225,0.1673,0.0000,0.0000
octr-1,20260225,octr-1##20260225,0.1543,0.0000,0.0000
octr-1,20260225,octr-1##20260225,0.1589,0.7634,0.0000
octr-1,20260225,octr-1##20260225,0.1977,0.9646,0.0000
octr-1,20260225,octr-1##20260225,0.1321,0.0000,0.0000
octr-1,20260225,octr-1##20260225,0.0690,22.2222,0.0000
octr-1,20260225,octr-1##20260225,0.1321,0.0000,0.0000
octr-1,20260225,octr-1##20260225,0.1554,0.0000,0.0000
octr-1,20260225,octr-1##20260225,0.0857,0.0000,0.0000
octr-1,20260225,octr-1##20260225,0.1551,2.9508,0.0000
octr-1,20260225,octr-1##20260225,0.1930,0.0000,0.0000
octr-1,20260225,octr-1##20260225,0.1693,0.0000,0.0000
octr-1,20260225,octr-1##20260225,0.1510,0.0000,0.0000
octr-1,20260225,octr-1##20260225,0.1643,1.8377,1.8377
octr-1,20260225,octr-1##20260225,0.1576,0.0000,0.0000
octr-1,20260225,octr-1##20260225,0.1128,0.0000,0.0000
octr-1,20260225,octr-1##20260225,0.2377,0.0000,0.0000
octr-1,20260225,octr-1##20260225,0.1199,2.2472,0.0000
octr-1,20260225,octr-1##20260225,0.1127,4.2032,1.0508
octr-1,20260225,octr-1##20260225,0.1246,0.0000,0.0000
octr-1,20260225,octr-1##20260225,,23.0769,0.0000
octr-1,20260225,octr-1##20260225,0.1346,7.1856,0.0000
octr-1,20260225,octr-1##20260225,0.1459,0.0000,0.0000
octr-1,20260225,octr-1##20260225,0.1116,0.0000,0.0000
octr-1,20260225,octr-1##20260225,0.1388,0.0000,0.0000
octr-1,20260225,octr-1##20260225,0.1338,0.0000,0.0000
octr-1,20260225,octr-1##20260225,0.1700,0.0000,0.0000
octr-1,20260225,octr-1##20260225,0.2221,0.0000,0.0000
octr-1,20260225,octr-1##20260225,0.1051,1.8237,0.6079
octr-1,20260225,octr-1##20260225,0.1589,0.0000,0.0000
octr-1,20260225,octr-1##20260225,0.1507,0.0000,0.0000
octr-1,20260225,octr-1##20260225,0.1371,1.9737,1.3158
octr-1,20260225,octr-1##20260225,0.0412,14.2857,0.0000
octr-1,20260225,octr-1##20260225,0.1471,6.4516,0.0000
octr-1,20260225,octr-1##20260225,0.1729,0.0000,0.0000
octr-1,20260225,octr-1##20260225,0.0465,10.1695,0.0000
octr-1,20260225,octr-1##20260225,0.1299,0.0000,0.0000
octr-1,20260225,octr-1##20260225,0.1694,0.0000,0.0000
octr-1,20260225,octr-1##20260225,0.1198,4.2553,1.4184
octr-1,20260225,octr-1##20260225,0.0950,0.0000,0.0000
octr-1,20260225,octr-1##20260225,0.0514,0.0000,30.7692
octr-1,20260225,octr-1##20260225,0.1271,6.4171,3.2086
octr-1,20260225,octr-1##20260225,0.1578,2.1053,4.2105
octr-1,20260225,octr-1##20260225,0.1370,0.0000,42.8571
octr-1,20260225,octr-1##20260225,0.1416,4.6875,2.3438
octr-1,20260225,octr-1##20260225,0.1472,0.0000,0.0000
octr-1,20260225,octr-1##20260225,0.1395,2.9703,5.9406
octr-1,20260225,octr-1##20260225,0.1542,0.0000,0.0000
octr-1,20260225,octr-1##20260225,0.1314,2.8708,2.8708
octr-1,20260225,octr-1##20260225,0.1590,3.7500,0.0000
octr-1,20260225,octr-1##20260225,0.1566,0.8942,1.7884
octr-1,20260225,octr-1##20260225,0.1652,0.0000,0.0000
octr-1,20260225,octr-1##20260225,0.2380,0.0000,0.0000
octr-1,20260225,octr-1##20260225,0.1546,0.0000,0.0000
octr-1,20260225,octr-1##20260225,0.1275,1.4670,0.0000
octr-1,20260225,octr-1##20260225,0.0539,0.0000,0.0000
octr-1,20260225,octr-1##20260225,0.1236,0.0000,1.2793
octr-1,20260225,octr-1##20260225,0.1516,1.3699,0.0000
octr-1,20260225,octr-1##20260225,0.1938,0.0000,0.0000
octr-1,20260225,octr-1##20260225,0.1844,0.0000,0.0000
octr-1,20260225,octr-1##20260225,0.1225,0.0000,0.0000
octr-1,20260225,octr-1##20260225,0.0712,0.0000,0.0000
octr-1,20260225,octr-1##20260225,0.1833,3.6923,5.5385
octr-1,20260225,octr-1##20260225,0.0980,0.0000,0.0000
octr-1,20260225,octr-1##20260225,0.1613,1.0638,1.0638
octr-1,20260225,octr-1##20260225,0.1439,0.0000,0.0000
octr-1,20260225,octr-1##20260225,0.1234,2.7907,0.0000
octr-1,20260225,octr-1##20260225,0.1336,0.0000,0.0000
octr-1,20260225,octr-1##20260225,0.2075,0.0000,0.0000
octr-1,20260225,octr-1##20260225,0.1545,0.0000,0.0000
octr-1,20260225,octr-1##20260225,0.1386,0.0000,0.0000
octr-1,20260225,octr-1##20260225,0.1537,0.0000,0.0000
octr-1,20260225,octr-1##20260225,0.1553,0.0000,0.0000
octr-1,20260225,octr-1##20260225,0.1379,1.2170,3.6511
octr-1,20260225,octr-1##20260225,0.1617,1.2987,1.2987
octr-1,20260225,octr-1##20260225,0.0906,0.0000,0.0000
octr-1,20260225,octr-1##20260225,0.1173,2.6490,3.9735
octr-1,20260225,octr-1##20260225,0.1892,9.5238,0.0000
octr-1,20260225,octr-1##20260225,0.1610,0.0000,0.0000
octr-1,20260225,octr-1##20260225,0.1173,0.0000,0.0000
octr-1,20260225,octr-1##20260225,0.2406,11.1111,11.1111
octr-1,20260225,octr-1##20260225,0.1194,2.8103,4.2155
octr-1,20260225,octr-1##20260225,0.0870,13.4328,4.4776
octr-1,20260225,octr-1##20260225,0.2185,9.8361,3.2787
octr-1,20260225,octr-1##20260225,0.1639,6.6482,1.6620
octr-1,20260225,octr-1##20260225,0.1642,0.0000,0.0000
octr-1,20260225,octr-1##20260225,0.1471,9.8361,4.9180
octr-1,20260225,octr-1##20260225,0.1440,0.0000,0.0000
octr-1,20260225,octr-1##20260225,0.1806,0.0000,0.0000
octr-1,20260225,octr-1##20260225,0.1681,0.0000,0.0000
octr-1,20260225,octr-1##20260225,0.1425,3.2258,0.0000
octr-1,20260225,octr-1##20260225,,24.0000,24.0000
octr-1,20260225,octr-1##20260225,0.0977,0.0000,4.1379
octr-1,20260225,octr-1##20260225,0.2096,0.0000,0.0000
octr-1,20260225,octr-1##20260225,0.1400,0.0000,0.0000
octr-1,20260225,octr-1##20260225,0.1354,0.0000,0.0000
octr-1,20260225,octr-1##20260225,0.1612,0.0000,0.0000
octr-1,20260225,octr-1##20260225,0.1067,0.0000,0.0000
octr-1,20260225,octr-1##20260225,0.1435,3.0612,0.0000
octr-1,20260225,octr-1##20260225,0.1845,3.4682,3.4682
octr-1,20260225,octr-1##20260225,0.1605,3.7975,0.0000
octr-1,20260225,octr-1##20260225,0.1606,0.0000,0.0000
octr-1,20260225,octr-1##20260225,0.1659,0.0000,0.0000
octr-1,20260225,octr-1##20260225,0.1068,4.8387,4.8387
octr-1,20260225,octr-1##20260225,0.0994,0.0000,0.0000
octr-1,20260225,octr-1##20260225,0.1562,5.8252,0.0000
octr-1,20260225,octr-1##20260225,0.1857,0.0000,0.0000
octr-1,20260225,octr-1##20260225,0.1834,0.0000,0.0000
octr-1,20260225,octr-1##20260225,0.0992,7.4074,7.4074
octr-1,20260225,octr-1##20260225,0.1727,0.0000,0.0000
octr-1,20260225,octr-1##20260225,0.0300,22.2222,0.0000
octr-1+ser-3+ser-6,20260219,octr-1+ser-3+ser-6##20260219,0.1536,0.0000,0.0000
octr-1+ser-3+ser-6,20260219,octr-1+ser-3+ser-6##20260219,0.1372,0.2751,4.9519
octr-1+ser-3+ser-6,20260219,octr-1+ser-3+ser-6##20260219,0.0802,0.0000,0.0000
octr-1+ser-3+ser-6,20260219,octr-1+ser-3+ser-6##20260219,0.1924,0.0000,21.4286
octr-1+ser-3+ser-6,20260219,octr-1+ser-3+ser-6##20260219,0.1646,0.0000,0.6486
octr-1+ser-3+ser-6,20260219,octr-1+ser-3+ser-6##20260219,0.0833,5.1613,7.7419
octr-1+ser-3+ser-6,20260219,octr-1+ser-3+ser-6##20260219,0.1506,0.2868,0.2868
octr-1+ser-3+ser-6,20260219,octr-1+ser-3+ser-6##20260219,0.1339,2.1687,0.7229
octr-1+ser-3+ser-6,20260219,octr-1+ser-3+ser-6##20260219,0.1514,4.2857,0.0000
octr-1+ser-3+ser-6,20260219,octr-1+ser-3+ser-6##20260219,0.1775,0.0000,0.0000
octr-1+ser-3+ser-6,20260219,octr-1+ser-3+ser-6##20260219,0.1021,2.1598,2.5918
octr-1+ser-3+ser-6,20260219,octr-1+ser-3+ser-6##20260219,0.2540,0.0000,0.0000
octr-1+ser-3+ser-6,20260219,octr-1+ser-3+ser-6##20260219,0.0936,0.0000,9.6257
octr-1+ser-3+ser-6,20260219,octr-1+ser-3+ser-6##20260219,0.1603,0.0000,8.4507
octr-1+ser-3+ser-6,20260219,octr-1+ser-3+ser-6##20260219,0.2104,0.0000,0.0000
octr-1+ser-3+ser-6,20260219,octr-1+ser-3+ser-6##20260219,0.2309,0.0000,10.1695
octr-1+ser-3+ser-6,20260219,octr-1+ser-3+ser-6##20260219,0.1715,0.0000,0.0000
octr-1+ser-3+ser-6,20260219,octr-1+ser-3+ser-6##20260219,0.2064,0.0000,0.0000
octr-1+ser-3+ser-6,20260219,octr-1+ser-3+ser-6##20260219,0.2260,0.0000,0.0000
octr-1+ser-3+ser-6,20260219,octr-1+ser-3+ser-6##20260219,0.1215,1.0213,1.5319
octr-1+ser-3+ser-6,20260219,octr-1+ser-3+ser-6##20260219,0.1564,0.0000,0.0000
octr-1+ser-3+ser-6,20260219,octr-1+ser-3+ser-6##20260219,0.2156,0.0000,0.0000
octr-1+ser-3+ser-6,20260219,octr-1+ser-3+ser-6##20260219,0.1018,0.0000,0.0000
octr-1+ser-3+ser-6,20260219,octr-1+ser-3+ser-6##20260219,0.1292,0.0000,7.5630
octr-1+ser-3+ser-6,20260219,octr-1+ser-3+ser-6##20260219,0.1317,0.0000,0.0000
octr-1+ser-3+ser-6,20260219,octr-1+ser-3+ser-6##20260219,0.1514,19.6721,0.0000
octr-1+ser-3+ser-6,20260219,octr-1+ser-3+ser-6##20260219,0.1120,0.0000,0.0000
octr-1+ser-3+ser-6,20260219,octr-1+ser-3+ser-6##20260219,0.1553,0.0000,0.0000
octr-1+ser-3+ser-6,20260219,octr-1+ser-3+ser-6##20260219,0.1977,5.5427,1.3857
octr-1+ser-3+ser-6,20260219,octr-1+ser-3+ser-6##20260219,0.1116,0.8633,0.8633
octr-1+ser-3+ser-6,20260219,octr-1+ser-3+ser-6##20260219,0.2078,0.0000,0.0000
octr-1+ser-3+ser-6,20260219,octr-1+ser-3+ser-6##20260219,0.2294,0.0000,0.0000
octr-1+ser-3+ser-6,20260219,octr-1+ser-3+ser-6##20260219,0.1741,0.0000,0.0000
octr-1+ser-3+ser-6,20260219,octr-1+ser-3+ser-6##20260219,0.2146,0.0000,0.0000
octr-1+ser-3+ser-6,20260219,octr-1+ser-3+ser-6##20260219,0.2014,2.3810,1.1905
octr-1+ser-3+ser-6,20260219,octr-1+ser-3+ser-6##20260219,0.2417,0.0000,0.0000
octr-1+ser-3+ser-6,20260219,octr-1+ser-3+ser-6##20260219,0.1616,0.0000,6.0302
octr-1+ser-3+ser-6,20260219,octr-1+ser-3+ser-6##20260219,0.1088,0.0000,12.4352
octr-1+ser-3+ser-6,20260219,octr-1+ser-3+ser-6##20260219,0.1454,0.0000,0.0000
octr-1+ser-3+ser-6,20260219,octr-1+ser-3+ser-6##20260219,0.1053,0.0000,3.9216
octr-1+ser-3+ser-6,20260219,octr-1+ser-3+ser-6##20260219,0.2082,20.0000,20.0000
octr-1+ser-3+ser-6,20260219,octr-1+ser-3+ser-6##20260219,0.0865,0.0000,0.0000
octr-1+ser-3+ser-6,20260222,octr-1+ser-3+ser-6##20260222,0.0657,6.7416,2.9494
octr-1+ser-3+ser-6,20260222,octr-1+ser-3+ser-6##20260222,0.0598,8.7948,4.5603
octr-1+ser-3+ser-6,20260222,octr-1+ser-3+ser-6##20260222,0.0884,0.3279,0.0000
octr-1+ser-3+ser-6,20260222,octr-1+ser-3+ser-6##20260222,0.0872,6.7528,2.2509
octr-1+ser-3+ser-6,20260222,octr-1+ser-3+ser-6##20260222,,13.9535,0.0000
octr-1+ser-3+ser-6,20260222,octr-1+ser-3+ser-6##20260222,0.1174,0.0000,2.0833
octr-1+ser-3+ser-6,20260222,octr-1+ser-3+ser-6##20260222,0.1496,3.2520,1.6260
octr-1+ser-3+ser-6,20260222,octr-1+ser-3+ser-6##20260222,0.1195,1.3115,3.9344
octr-1+ser-3+ser-6,20260222,octr-1+ser-3+ser-6##20260222,0.1352,0.0000,0.0000
octr-1+ser-3+ser-6,20260222,octr-1+ser-3+ser-6##20260222,0.1352,1.3667,0.8200
octr-1+ser-3+ser-6,20260222,octr-1+ser-3+ser-6##20260222,0.1310,0.0000,4.5113
octr-1+ser-3+ser-6,20260222,octr-1+ser-3+ser-6##20260222,0.0767,8.7819,2.2663
octr-1+ser-3+ser-6,20260222,octr-1+ser-3+ser-6##20260222,0.1495,0.0000,0.0000
octr-1+ser-3+ser-6,20260222,octr-1+ser-3+ser-6##20260222,0.1389,0.0000,0.0000
octr-1+ser-3+ser-6,20260222,octr-1+ser-3+ser-6##20260222,0.1113,0.0000,3.6254
octr-1+ser-3+ser-6,20260222,octr-1+ser-3+ser-6##20260222,0.1433,0.0000,0.0000
octr-1+ser-3+ser-6,20260222,octr-1+ser-3+ser-6##20260222,0.1324,0.0000,3.3149
octr-1+ser-3+ser-6,20260222,octr-1+ser-3+ser-6##20260222,0.1272,0.0000,0.0000
octr-1+ser-3+ser-6,20260222,octr-1+ser-3+ser-6##20260222,0.1271,0.0000,1.1834
octr-1+ser-3+ser-6,20260222,octr-1+ser-3+ser-6##20260222,0.1203,1.4938,4.4813
octr-1+ser-3+ser-6,20260222,octr-1+ser-3+ser-6##20260222,0.1477,0.0000,0.0000
octr-1+ser-3+ser-6,20260222,octr-1+ser-3+ser-6##20260222,0.1059,0.0000,5.2326
octr-1+ser-3+ser-6,20260222,octr-1+ser-3+ser-6##20260222,0.1342,1.0619,1.0619
octr-1+ser-3+ser-6,20260222,octr-1+ser-3+ser-6##20260222,,23.0769,0.0000
octr-1+ser-3+ser-6,20260222,octr-1+ser-3+ser-6##20260222,0.1025,4.3165,6.4748
octr-1+ser-3+ser-6,20260222,octr-1+ser-3+ser-6##20260222,0.0680,11.9734,5.3215
octr-1+ser-3+ser-6,20260222,octr-1+ser-3+ser-6##20260222,0.1286,0.0000,0.0000
octr-1+ser-3+ser-6,20260222,octr-1+ser-3+ser-6##20260222,0.1183,0.0000,0.0000
octr-1+ser-3+ser-6,20260222,octr-1+ser-3+ser-6##20260222,0.1992,2.0408,0.0000
octr-1+ser-3+ser-6,20260222,octr-1+ser-3+ser-6##20260222,0.0721,6.3830,2.1277
octr-1+ser-3+ser-6,20260222,octr-1+ser-3+ser-6##20260222,0.1273,0.0000,0.0000
octr-1+ser-3+ser-6,20260222,octr-1+ser-3+ser-6##20260222,0.1187,0.0000,3.6585
octr-1+ser-3+ser-6,20260222,octr-1+ser-3+ser-6##20260222,0.1143,13.3333,0.0000
octr-1+ser-3+ser-6,20260222,octr-1+ser-3+ser-6##20260222,0.0884,0.0000,0.0000
octr-1+ser-3+ser-6,20260222,octr-1+ser-3+ser-6##20260222,0.0884,0.0000,0.0000
octr-1+ser-3+ser-6,20260224,octr-1+ser-3+ser-6##20260224,0.1308,12.6761,0.0000
octr-1+ser-3+ser-6,20260224,octr-1+ser-3+ser-6##20260224,0.1295,0.0000,0.0000
octr-1+ser-3+ser-6,20260224,octr-1+ser-3+ser-6##20260224,0.0706,1.8237,0.0000
octr-1+ser-3+ser-6,20260224,octr-1+ser-3+ser-6##20260224,0.1496,0.0000,0.0000
octr-1+ser-3+ser-6,20260224,octr-1+ser-3+ser-6##20260224,0.1251,0.0000,0.0000
octr-1+ser-3+ser-6,20260224,octr-1+ser-3+ser-6##20260224,0.0988,5.4299,8.1448
octr-1+ser-3+ser-6,20260224,octr-1+ser-3+ser-6##20260224,0.1352,0.0000,4.8847
octr-1+ser-3+ser-6,20260224,octr-1+ser-3+ser-6##20260224,0.1339,0.0000,0.0000
octr-1+ser-3+ser-6,20260224,octr-1+ser-3+ser-6##20260224,0.1072,0.0000,0.0000
octr-1+ser-3+ser-6,20260224,octr-1+ser-3+ser-6##20260224,0.1409,0.9917,0.9917
octr-1+ser-3+ser-6,20260224,octr-1+ser-3+ser-6##20260224,0.1159,0.3074,4.6107
octr-1+ser-3+ser-6,20260224,octr-1+ser-3+ser-6##20260224,0.1475,0.0000,4.9180
octr-1+ser-3+ser-6,20260224,octr-1+ser-3+ser-6##20260224,0.0630,4.4118,4.4118
octr-1+ser-3+ser-6,20260224,octr-1+ser-3+ser-6##20260224,0.1585,0.0000,0.0000
octr-1+ser-3+ser-6,20260224,octr-1+ser-3+ser-6##20260224,0.1145,5.6206,1.4052
octr-1+ser-3+ser-6,20260224,octr-1+ser-3+ser-6##20260224,0.1580,2.6726,4.0089
octr-1+ser-3+ser-6,20260224,octr-1+ser-3+ser-6##20260224,0.1602,0.0000,0.0000
octr-1+ser-3+ser-6,20260224,octr-1+ser-3+ser-6##20260224,0.1115,1.3809,0.0000
octr-1+ser-3+ser-6,20260224,octr-1+ser-3+ser-6##20260224,0.1087,0.0000,0.0000
octr-1+ser-3+ser-6,20260224,octr-1+ser-3+ser-6##20260224,0.1262,0.5814,1.7442
octr-1+ser-3+ser-6,20260224,octr-1+ser-3+ser-6##20260224,0.1349,1.2821,1.2821
octr-1+ser-3+ser-6,20260224,octr-1+ser-3+ser-6##20260224,0.1222,4.3020,1.7714
octr-1+ser-3+ser-6,20260224,octr-1+ser-3+ser-6##20260224,0.0794,2.3529,1.1765
octr-1+ser-3+ser-6,20260224,octr-1+ser-3+ser-6##20260224,0.1317,0.0000,0.0000
octr-1+ser-3+ser-6,20260224,octr-1+ser-3+ser-6##20260224,0.0959,2.0202,0.0000
octr-1+ser-3+ser-6,20260224,octr-1+ser-3+ser-6##20260224,0.1590,0.0000,0.0000
octr-1+ser-3+ser-6,20260224,octr-1+ser-3+ser-6##20260224,0.1506,0.0000,2.4742
octr-1+ser-3+ser-6,20260224,octr-1+ser-3+ser-6##20260224,0.1188,0.0000,0.0000
octr-1+ser-3+ser-6,20260224,octr-1+ser-3+ser-6##20260224,0.1143,0.0000,0.0000
octr-1+ser-3+ser-6,20260224,octr-1+ser-3+ser-6##20260224,0.1315,2.5862,2.5862
octr-1+ser-3+ser-6,20260224,octr-1+ser-3+ser-6##20260224,0.1665,0.0000,0.0000
octr-1+ser-3+ser-6,20260224,octr-1+ser-3+ser-6##20260224,0.1299,0.6030,2.4121
octr-1+ser-3+ser-6,20260224,octr-1+ser-3+ser-6##20260224,0.1210,0.0000,0.0000
octr-1+ser-3+ser-6,20260224,octr-1+ser-3+ser-6##20260224,0.1369,0.8225,1.2337
octr-1+ser-3+ser-6,20260224,octr-1+ser-3+ser-6##20260224,0.1486,2.6588,2.6588
octr-1+ser-3+ser-6,20260224,octr-1+ser-3+ser-6##20260224,0.1506,0.0000,0.0000
octr-1+ser-3+ser-6,20260224,octr-1+ser-3+ser-6##20260224,0.1270,0.0000,0.0000
octr-1+ser-3+ser-6,20260224,octr-1+ser-3+ser-6##20260224,0.1067,0.0000,0.0000
octr-1+ser-3+ser-6,20260224,octr-1+ser-3+ser-6##20260224,,0.0000,54.5455
octr-1+ser-3+ser-6,20260224,octr-1+ser-3+ser-6##20260224,0.1435,0.0000,0.0000
octr-1+ser-3+ser-6,20260224,octr-1+ser-3+ser-6##20260224,0.1389,0.0000,0.0000
octr-1+ser-3+ser-6,20260224,octr-1+ser-3+ser-6##20260224,0.1223,3.4615,3.4615
octr-1+ser-3+ser-6,20260224,octr-1+ser-3+ser-6##20260224,0.1563,0.0000,0.0000
octr-1+ser-3+ser-6,20260224,octr-1+ser-3+ser-6##20260224,0.1101,0.0000,0.0000
octr-1+ser-3+ser-6,20260224,octr-1+ser-3+ser-6##20260224,0.1432,0.4351,0.4351
octr-1+ser-3+ser-6,20260224,octr-1+ser-3+ser-6##20260224,0.1155,1.0969,3.2907
octr-1+ser-3+ser-6,20260224,octr-1+ser-3+ser-6##20260224,0.1000,0.0000,1.0033
octr-1+ser-3+ser-6,20260224,octr-1+ser-3+ser-6##20260224,0.1386,1.6438,2.4658
octr-1+ser-3+ser-6,20260224,octr-1+ser-3+ser-6##20260224,0.1051,15.8491,4.5283
octr-1+ser-3+ser-6,20260224,octr-1+ser-3+ser-6##20260224,0.1174,3.1377,2.4404
octr-1+ser-3+ser-6,20260224,octr-1+ser-3+ser-6##20260224,0.1457,2.4390,0.0000
octr-1+ser-3+ser-6,20260224,octr-1+ser-3+ser-6##20260224,0.1149,3.0508,1.0169
octr-1+ser-3+ser-6,20260224,octr-1+ser-3+ser-6##20260224,0.1586,0.0000,0.0000
octr-1+ser-3+ser-6,20260224,octr-1+ser-3+ser-6##20260224,0.1030,0.0000,0.0000
octr-1+ser-3+ser-6,20260224,octr-1+ser-3+ser-6##20260224,0.1051,0.0000,12.2449
octr-1+ser-3+ser-6,20260224,octr-1+ser-3+ser-6##20260224,0.1031,3.4582,2.3055
octr-1+ser-3+ser-6,20260224,octr-1+ser-3+ser-6##20260224,0.0922,0.0000,0.0000
octr-1+ser-3+ser-6,20260224,octr-1+ser-3+ser-6##20260224,0.1354,1.0210,2.3823
octr-1+ser-3+ser-6,20260224,octr-1+ser-3+ser-6##20260224,0.1406,0.0000,0.0000
octr-1+ser-3+ser-6,20260224,octr-1+ser-3+ser-6##20260224,0.1984,11.5385,0.0000
octr-1+ser-3+ser-6,20260224,octr-1+ser-3+ser-6##20260224,0.0505,5.0000,15.0000
octr-1+ser-3+ser-6,20260224,octr-1+ser-3+ser-6##20260224,0.1249,0.0000,0.0000
octr-1+ser-3+ser-6,20260224,octr-1+ser-3+ser-6##20260224,0.1230,0.0000,0.0000
octr-1+ser-3+ser-6,20260224,octr-1+ser-3+ser-6##20260224,0.1353,0.0000,2.9666
octr-1+ser-3+ser-6,20260224,octr-1+ser-3+ser-6##20260224,0.1321,0.7576,0.0000
octr-1+ser-3+ser-6,20260224,octr-1+ser-3+ser-6##20260224,0.1357,6.8182,3.4091
octr-1+ser-3+ser-6,20260224,octr-1+ser-3+ser-6##20260224,0.1780,0.0000,11.5385
octr-1+ser-3+ser-6,20260224,octr-1+ser-3+ser-6##20260224,0.1238,6.1224,24.4898
octr-1+ser-3+ser-6,20260224,octr-1+ser-3+ser-6##20260224,0.1503,0.0000,18.7500
octr-1+ser-3+ser-6,20260224,octr-1+ser-3+ser-6##20260224,,10.0000,10.0000
octr-1+ser-3+ser-6,20260224,octr-1+ser-3+ser-6##20260224,0.1843,0.0000,2.8571
octr-1+ser-3+ser-6,20260224,octr-1+ser-3+ser-6##20260224,0.1186,3.9088,3.9088
octr-1+ser-3+ser-6,20260224,octr-1+ser-3+ser-6##20260224,0.1580,0.0000,0.0000
octr-1+ser-3+ser-6,20260224,octr-1+ser-3+ser-6##20260224,0.1310,1.7493,2.3324
octr-1+ser-3+ser-6,20260224,octr-1+ser-3+ser-6##20260224,0.1287,0.0000,2.1053
octr-1+ser-3+ser-6,20260224,octr-1+ser-3+ser-6##20260224,0.0857,3.8760,3.8760
octr-1+ser-3+ser-6,20260224,octr-1+ser-3+ser-6##20260224,0.0690,6.7416,0.0000
octr-1+ser-3+ser-6,20260224,octr-1+ser-3+ser-6##20260224,0.1535,2.2613,3.0151
octr-1+ser-3+ser-6,20260224,octr-1+ser-3+ser-6##20260224,0.1162,2.4324,1.2162
octr-1+ser-3+ser-6,20260224,octr-1+ser-3+ser-6##20260224,0.1412,1.2848,0.6424
octr-1+ser-3+ser-6,20260224,octr-1+ser-3+ser-6##20260224,0.1048,0.8621,1.7241
octr-1+ser-3+ser-6,20260224,octr-1+ser-3+ser-6##20260224,0.0633,4.2553,4.2553
octr-1+ser-3+ser-6,20260224,octr-1+ser-3+ser-6##20260224,0.1287,3.1250,5.0000
octr-1+ser-3+ser-6,20260224,octr-1+ser-3+ser-6##20260224,0.1232,0.0000,0.0000
octr-1+ser-3+ser-6,20260224,octr-1+ser-3+ser-6##20260224,0.1118,9.6774,9.6774
octr-1+ser-3+ser-6,20260224,octr-1+ser-3+ser-6##20260224,0.1489,0.0000,0.0000
octr-1+ser-3+ser-6,20260224,octr-1+ser-3+ser-6##20260224,0.1107,0.0000,21.4286
octr-1+ser-3+ser-6,20260224,octr-1+ser-3+ser-6##20260224,0.1192,1.4019,2.8037
octr-1+ser-3+ser-6,20260224,octr-1+ser-3+ser-6##20260224,0.1063,0.0000,2.6374
octr-1+ser-3+ser-6,20260224,octr-1+ser-3+ser-6##20260224,0.1492,0.0000,0.0000
octr-1+ser-3+ser-6,20260224,octr-1+ser-3+ser-6##20260224,0.0755,6.5934,6.5934
octr-1+ser-3+ser-6,20260224,octr-1+ser-3+ser-6##20260224,0.1234,4.7059,2.3529
octr-1+ser-3+ser-6,20260224,octr-1+ser-3+ser-6##20260224,0.0447,0.0000,0.0000
octr-1+ser-3+ser-6,20260224,octr-1+ser-3+ser-6##20260224,0.1117,0.0000,0.0000
octr-1+ser-3+ser-6,20260224,octr-1+ser-3+ser-6##20260224,0.0832,0.0000,0.0000
octr-1+ser-3+ser-6,20260224,octr-1+ser-3+ser-6##20260224,0.1028,4.2254,2.1127
octr-1+ser-3+ser-6,20260224,octr-1+ser-3+ser-6##20260224,0.0889,0.0000,22.2222
octr-1+ser-3+ser-6,20260224,octr-1+ser-3+ser-6##20260224,0.0739,2.2472,2.2472
octr-1+ser-3+ser-6,20260224,octr-1+ser-3+ser-6##20260224,0.1507,0.0000,0.0000
octr-1+ser-3+ser-6,20260224,octr-1+ser-3+ser-6##20260224,0.1989,0.0000,0.0000
octr-1+ser-3+ser-6,20260224,octr-1+ser-3+ser-6##20260224,0.1655,0.0000,0.0000
octr-1+ser-3+ser-6,20260224,octr-1+ser-3+ser-6##20260224,0.1392,3.3149,0.0000
octr-1+ser-3+ser-6,20260224,octr-1+ser-3+ser-6##20260224,0.0597,2.4390,3.2520
octr-1+ser-3+ser-6,20260224,octr-1+ser-3+ser-6##20260224,0.1231,8.6643,8.6643
octr-1+ser-3+ser-6,20260224,octr-1+ser-3+ser-6##20260224,0.1064,0.0000,8.4507
octr-1+ser-3+ser-6,20260224,octr-1+ser-3+ser-6##20260224,0.0682,0.0000,34.2857
octr-1+ser-3+ser-6,20260224,octr-1+ser-3+ser-6##20260224,0.1566,1.9108,1.9108
octr-1+ser-3+ser-6,20260224,octr-1+ser-3+ser-6##20260224,0.1296,3.7037,3.7037
octr-1+ser-3+ser-6,20260224,octr-1+ser-3+ser-6##20260224,0.1165,12.0000,0.0000
octr-1+ser-3+ser-6,20260224,octr-1+ser-3+ser-6##20260224,0.1546,4.2403,5.3004
octr-1+ser-3+ser-6,20260224,octr-1+ser-3+ser-6##20260224,0.0810,3.5928,0.0000
octr-1+ser-3+ser-6,20260224,octr-1+ser-3+ser-6##20260224,0.0681,23.5294,0.0000
octr-1+ser-3+ser-6,20260224,octr-1+ser-3+ser-6##20260224,0.0586,0.0000,12.5000
octr-1+ser-3+ser-6,20260224,octr-1+ser-3+ser-6##20260224,0.1305,0.0000,0.0000
octr-1+ser-3+ser-6,20260224,octr-1+ser-3+ser-6##20260224,0.1528,1.3636,2.7273
octr-1+ser-3+ser-6,20260224,octr-1+ser-3+ser-6##20260224,0.0685,5.4054,0.0000
octr-1+ser-3+ser-6,20260224,octr-1+ser-3+ser-6##20260224,0.1333,20.0000,0.0000
octr-1+ser-3+ser-6,20260224,octr-1+ser-3+ser-6##20260224,0.0813,8.8235,26.4706
octr-1+ser-3+ser-6,20260224,octr-1+ser-3+ser-6##20260224,0.0688,8.5714,6.4286
octr-1+ser-3+ser-6,20260224,octr-1+ser-3+ser-6##20260224,0.1415,1.4925,2.9851
octr-1+ser-3+ser-6,20260224,octr-1+ser-3+ser-6##20260224,0.1216,0.0000,0.0000
octr-1+ser-3+ser-6,20260224,octr-1+ser-3+ser-6##20260224,0.1153,0.0000,0.0000
octr-1+ser-3+ser-6,20260224,octr-1+ser-3+ser-6##20260224,0.1305,3.9735,3.9735
octr-1+ser-3+ser-6,20260224,octr-1+ser-3+ser-6##20260224,0.1088,0.0000,0.0000
octr-1+ser-3+ser-6,20260224,octr-1+ser-3+ser-6##20260224,0.0646,11.7647,0.0000
octr-1+ser-3+ser-6,20260224,octr-1+ser-3+ser-6##20260224,0.1568,3.1746,3.1746
octr-1+ser-3+ser-6,20260224,octr-1+ser-3+ser-6##20260224,0.0984,0.0000,0.0000
octr-1+ser-3+ser-6,20260224,octr-1+ser-3+ser-6##20260224,0.1051,0.0000,29.2683
octr-1+ser-3+ser-6,20260224,octr-1+ser-3+ser-6##20260224,0.1282,0.0000,0.0000
octr-1+ser-3+ser-6,20260224,octr-1+ser-3+ser-6##20260224,0.0461,7.3620,14.7239
octr-1+ser-3+ser-6,20260224,octr-1+ser-3+ser-6##20260224,0.1131,0.0000,5.3571
octr-1+ser-3+ser-6,20260224,octr-1+ser-3+ser-6##20260224,0.1067,2.9340,2.9340
octr-1+ser-3+ser-6,20260224,octr-1+ser-3+ser-6##20260224,0.1240,7.8947,3.9474
octr-1+ser-3+ser-6,20260224,octr-1+ser-3+ser-6##20260224,0.1496,3.9947,2.3968
octr-1+ser-3+ser-6,20260224,octr-1+ser-3+ser-6##20260224,0.0961,12.6761,8.4507
octr-1+ser-3+ser-6,20260224,octr-1+ser-3+ser-6##20260224,0.0855,12.0805,8.0537
octr-1+ser-3+ser-6,20260224,octr-1+ser-3+ser-6##20260224,0.0957,0.0000,0.0000
octr-1+ser-3+ser-6,20260224,octr-1+ser-3+ser-6##20260224,0.1262,0.0000,0.0000
octr-1+ser-3+ser-6,20260224,octr-1+ser-3+ser-6##20260224,0.0469,23.0769,0.0000
octr-1+ser-3+ser-6,20260224,octr-1+ser-3+ser-6##20260224,0.1794,0.0000,5.1724
octr-1+ser-3+ser-6,20260224,octr-1+ser-3+ser-6##20260224,0.0769,33.3333,0.0000
octr-1+ser-3+ser-6,20260224,octr-1+ser-3+ser-6##20260224,0.1161,0.0000,0.0000
octr-1+ser-3+ser-6,20260224,octr-1+ser-3+ser-6##20260224,0.1172,0.0000,0.0000
octr-1+ser-3+ser-6,20260224,octr-1+ser-3+ser-6##20260224,0.1707,5.7143,5.7143
octr-1+ser-3+ser-6,20260224,octr-1+ser-3+ser-6##20260224,0.1477,0.0000,0.0000
octr-1+ser-3+ser-6,20260224,octr-1+ser-3+ser-6##20260224,0.1570,0.0000,0.0000
octr-1+ser-3+ser-6,20260224,octr-1+ser-3+ser-6##20260224,0.1002,5.2174,0.0000
octr-1+ser-3+ser-6,20260224,octr-1+ser-3+ser-6##20260224,0.1243,13.9535,0.0000
octr-1+ser-3+ser-6,20260224,octr-1+ser-3+ser-6##20260224,0.1428,4.9315,3.2877
octr-1+ser-3+ser-6,20260224,octr-1+ser-3+ser-6##20260224,0.0958,0.0000,0.0000
octr-1+ser-3+ser-6,20260224,octr-1+ser-3+ser-6##20260224,0.1071,0.0000,0.0000
octr-1+ser-3+ser-6,20260224,octr-1+ser-3+ser-6##20260224,0.0881,8.1081,0.0000
octr-1+ser-3+ser-6,20260224,octr-1+ser-3+ser-6##20260224,0.1337,3.9735,4.9669
octr-1+ser-3+ser-6,20260224,octr-1+ser-3+ser-6##20260224,0.0898,6.4171,0.0000
octr-1+ser-3+ser-6,20260224,octr-1+ser-3+ser-6##20260224,0.1292,0.0000,0.0000
octr-1+ser-3+ser-6,20260224,octr-1+ser-3+ser-6##20260224,0.0851,0.0000,0.0000
octr-1+ser-3+ser-6,20260224,octr-1+ser-3+ser-6##20260224,0.1337,0.0000,2.1429
octr-1+ser-3+ser-6,20260224,octr-1+ser-3+ser-6##20260224,,0.0000,18.7500
octr-1+ser-3+ser-6,20260224,octr-1+ser-3+ser-6##20260224,0.1488,0.0000,6.5574
octr-1+ser-3+ser-6,20260224,octr-1+ser-3+ser-6##20260224,0.1680,9.8361,0.0000
octr-1+ser-3+ser-6,20260224,octr-1+ser-3+ser-6##20260224,0.1217,4.0956,4.0956
octr-1+ser-3+ser-6,20260224,octr-1+ser-3+ser-6##20260224,0.1295,2.5751,6.4378
octr-1+ser-3+ser-6,20260224,octr-1+ser-3+ser-6##20260224,0.1261,5.9850,1.4963
octr-1+ser-3+ser-6,20260224,octr-1+ser-3+ser-6##20260224,0.0616,5.6075,5.6075
octr-1+ser-3+ser-6,20260224,octr-1+ser-3+ser-6##20260224,0.1326,0.0000,24.4898
octr-1+ser-3+ser-6,20260224,octr-1+ser-3+ser-6##20260224,0.1023,3.5928,0.0000
octr-1+ser-3+ser-6,20260224,octr-1+ser-3+ser-6##20260224,0.0690,12.7932,0.0000
octr-1+ser-3+ser-6,20260224,octr-1+ser-3+ser-6##20260224,0.1537,0.0000,0.0000
octr-1+ser-3+ser-6,20260224,octr-1+ser-3+ser-6##20260224,0.0449,0.0000,0.0000
octr-1+ser-3+ser-6,20260224,octr-1+ser-3+ser-6##20260224,0.0872,9.6774,0.0000
octr-1+ser-3+ser-6,20260224,octr-1+ser-3+ser-6##20260224,0.1011,4.8780,12.1951
octr-1+ser-3+ser-6,20260224,octr-1+ser-3+ser-6##20260224,0.1040,0.0000,0.0000
octr-1+ser-3+ser-6,20260224,octr-1+ser-3+ser-6##20260224,0.1192,4.6875,4.6875
octr-1+ser-3+ser-6,20260224,octr-1+ser-3+ser-6##20260224,0.1028,6.5041,4.8780
octr-1+ser-3+ser-6,20260224,octr-1+ser-3+ser-6##20260224,0.1312,0.0000,0.0000
octr-1+ser-3+ser-6,20260224,octr-1+ser-3+ser-6##20260224,0.0904,0.0000,6.8966
octr-1+ser-3+ser-6,20260224,octr-1+ser-3+ser-6##20260224,0.1206,0.0000,0.0000
octr-1+ser-3+ser-6,20260224,octr-1+ser-3+ser-6##20260224,0.0808,10.7143,21.4286
octr-1+ser-3+ser-6,20260224,octr-1+ser-3+ser-6##20260224,0.1465,20.0000,0.0000
octr-1+ser-3+ser-6,20260224,octr-1+ser-3+ser-6##20260224,0.1098,0.0000,0.0000
octr-1+ser-3+ser-6,20260224,octr-1+ser-3+ser-6##20260224,0.1166,0.0000,12.5000
octr-1+ser-3+ser-6,20260224,octr-1+ser-3+ser-6##20260224,0.1275,1.9108,1.9108
octr-1+ser-3+ser-6,20260224,octr-1+ser-3+ser-6##20260224,0.0818,0.0000,7.8689
octr-1+ser-3+ser-6,20260224,octr-1+ser-3+ser-6##20260224,0.1186,10.1695,0.0000
octr-1+ser-3+ser-6,20260224,octr-1+ser-3+ser-6##20260224,0.0392,12.1457,0.0000
octr-1+ser-3+ser-6,20260224,octr-1+ser-3+ser-6##20260224,0.1817,6.7039,0.0000
octr-1+ser-3+ser-6,20260224,octr-1+ser-3+ser-6##20260224,0.1496,0.0000,0.0000
octr-1+ser-3+ser-6,20260224,octr-1+ser-3+ser-6##20260224,0.1012,0.0000,0.0000
octr-1+ser-3+ser-6,20260224,octr-1+ser-3+ser-6##20260224,0.0709,19.3548,19.3548
octr-1+ser-3+ser-6,20260224,octr-1+ser-3+ser-6##20260224,0.1323,0.0000,0.0000
octr-1+ser-3+ser-6,20260224,octr-1+ser-3+ser-6##20260224,0.1236,0.0000,0.0000
octr-1+ser-3+ser-6,20260224,octr-1+ser-3+ser-6##20260224,0.0842,3.4286,6.8571
octr-1+ser-3+ser-6,20260224,octr-1+ser-3+ser-6##20260224,0.1075,0.0000,0.0000
octr-1+ser-3+ser-6,20260224,octr-1+ser-3+ser-6##20260224,0.1224,6.6667,6.6667
octr-1+ser-3+ser-6,20260224,octr-1+ser-3+ser-6##20260224,0.1366,0.0000,0.0000
octr-1+ser-3+ser-6,20260224,octr-1+ser-3+ser-6##20260224,,12.7660,0.0000
octr-1+ser-3+ser-6,20260224,octr-1+ser-3+ser-6##20260224,0.0757,0.0000,4.3165
octr-1+ser-3+ser-6,20260224,octr-1+ser-3+ser-6##20260224,0.0853,4.2254,8.4507
octr-1+ser-3+ser-6,20260224,octr-1+ser-3+ser-6##20260224,0.0946,7.2289,0.0000
octr-1+ser-3+ser-6,20260224,octr-1+ser-3+ser-6##20260224,0.1121,0.0000,0.0000
octr-1+ser-3+ser-6,20260224,octr-1+ser-3+ser-6##20260224,0.0873,0.0000,0.0000
octr-1+ser-3+ser-6,20260224,octr-1+ser-3+ser-6##20260224,0.1338,0.0000,0.0000
octr-1+ser-3+ser-6,20260224,octr-1+ser-3+ser-6##20260224,0.1541,6.5934,0.0000
octr-1+ser-3+ser-6,20260224,octr-1+ser-3+ser-6##20260224,0.0980,0.0000,0.0000
octr-1+ser-3+ser-6,20260224,octr-1+ser-3+ser-6##20260224,0.1364,20.0000,0.0000
octr-1+ser-3+ser-6,20260224,octr-1+ser-3+ser-6##20260224,,7.7922,0.0000
octr-1+ser-3+ser-6,20260224,octr-1+ser-3+ser-6##20260224,0.0942,13.0435,13.0435
octr-1+ser-3+ser-6,20260224,octr-1+ser-3+ser-6##20260224,0.1125,0.0000,0.0000
octr-1+ser-3+ser-6,20260224,octr-1+ser-3+ser-6##20260224,,17.1429,0.0000
octr-1+ser-3+ser-6,20260224,octr-1+ser-3+ser-6##20260224,0.1594,0.0000,18.1818
octr-1+ser-6,20260221,octr-1+ser-6##20260221,0.1448,0.0000,0.0000
octr-1+ser-6,20260221,octr-1+ser-6##20260221,0.1072,6.2500,3.7500
octr-1+ser-6,20260221,octr-1+ser-6##20260221,0.1413,0.0000,0.0000
octr-1+ser-6,20260221,octr-1+ser-6##20260221,0.0491,13.5956,4.1043
octr-1+ser-6,20260221,octr-1+ser-6##20260221,0.1244,16.2162,0.0000
octr-1+ser-6,20260221,octr-1+ser-6##20260221,0.1198,0.0000,0.0000
octr-1+ser-6,20260221,octr-1+ser-6##20260221,,0.0000,0.0000
octr-1+ser-6,20260221,octr-1+ser-6##20260221,0.0991,0.0000,0.0000
octr-1+ser-6,20260221,octr-1+ser-6##20260221,0.1146,1.1070,2.2140
octr-1+ser-6,20260221,octr-1+ser-6##20260221,0.1380,0.0000,0.0000
octr-1+ser-6,20260221,octr-1+ser-6##20260221,0.1028,4.1475,1.6590
octr-1+ser-6,20260221,octr-1+ser-6##20260221,0.1267,0.0000,0.0000
octr-1+ser-6,20260221,octr-1+ser-6##20260221,0.1292,0.4552,2.2762
octr-1+ser-6,20260221,octr-1+ser-6##20260221,,17.6471,17.6471
octr-1+ser-6,20260221,octr-1+ser-6##20260221,0.1371,0.0000,0.0000
octr-1+ser-6,20260221,octr-1+ser-6##20260221,0.1648,0.0000,0.0000
octr-1+ser-6,20260221,octr-1+ser-6##20260221,0.1696,0.0000,1.9629
octr-1+ser-6,20260221,octr-1+ser-6##20260221,0.1066,11.5385,11.5385
octr-1+ser-6,20260221,octr-1+ser-6##20260221,0.0998,0.0000,0.0000
octr-1+ser-6,20260221,octr-1+ser-6##20260221,0.1562,0.0000,0.0000
octr-1+ser-6,20260221,octr-1+ser-6##20260221,0.1393,0.5319,0.0000
octr-1+ser-6,20260221,octr-1+ser-6##20260221,0.1541,0.0000,1.4107
octr-1+ser-6,20260221,octr-1+ser-6##20260221,0.1342,0.5753,0.5753
octr-1+ser-6,20260221,octr-1+ser-6##20260221,0.1603,0.0000,2.5157
octr-1+ser-6,20260221,octr-1+ser-6##20260221,0.1316,0.6135,2.4540
octr-1+ser-6,20260221,octr-1+ser-6##20260221,0.1246,0.7692,1.5385
octr-1+ser-6,20260221,octr-1+ser-6##20260221,0.1176,4.6154,3.0769
octr-1+ser-6,20260221,octr-1+ser-6##20260221,0.1349,0.6985,0.6985
octr-1+ser-6,20260221,octr-1+ser-6##20260221,0.1546,0.0000,0.0000
octr-1+ser-6,20260221,octr-1+ser-6##20260221,0.1602,0.0000,2.1201
octr-1+ser-6,20260221,octr-1+ser-6##20260221,0.1537,1.0169,1.0169
octr-1+ser-6,20260221,octr-1+ser-6##20260221,0.1269,0.0000,1.0989
octr-1+ser-6,20260221,octr-1+ser-6##20260221,0.1497,0.0000,1.7241
octr-1+ser-6,20260221,octr-1+ser-6##20260221,0.1384,6.6667,0.0000
octr-1+ser-6,20260221,octr-1+ser-6##20260221,0.1088,0.0000,5.3412
octr-1+ser-6,20260221,octr-1+ser-6##20260221,0.1578,0.0000,0.0000
octr-1+ser-6,20260221,octr-1+ser-6##20260221,0.1021,0.0000,0.0000
octr-1+ser-6,20260221,octr-1+ser-6##20260221,0.0723,0.0000,0.0000
octr-1+ser-6,20260221,octr-1+ser-6##20260221,0.1420,5.7692,5.7692
octr-1+ser-6,20260221,octr-1+ser-6##20260221,0.1573,0.0000,0.0000
octr-1+ser-6,20260224,octr-1+ser-6##20260224,0.1574,0.0000,0.0000
octr-1+ser-6,20260224,octr-1+ser-6##20260224,0.0837,1.1928,1.7893
octr-1+ser-6,20260224,octr-1+ser-6##20260224,0.0784,16.2651,0.9036
octr-1+ser-6,20260224,octr-1+ser-6##20260224,0.0712,8.5035,2.2509
octr-1+ser-6,20260224,octr-1+ser-6##20260224,0.0420,13.9535,0.0000
octr-1+ser-6,20260224,octr-1+ser-6##20260224,0.1430,0.0000,0.0000
octr-1+ser-6,20260224,octr-1+ser-6##20260224,0.1579,0.0000,0.0000
octr-1+ser-6,20260224,octr-1+ser-6##20260224,0.0980,5.7500,5.0000
octr-1+ser-6,20260224,octr-1+ser-6##20260224,0.0947,2.8986,2.8986
octr-1+ser-6,20260224,octr-1+ser-6##20260224,0.1099,0.0000,0.0000
octr-1+ser-6,20260224,octr-1+ser-6##20260224,0.1003,0.0000,0.0000
octr-1+ser-6,20260224,octr-1+ser-6##20260224,0.1556,0.0000,0.0000
octr-1+ser-6,20260224,octr-1+ser-6##20260224,0.0974,0.0000,0.0000
octr-1+ser-6,20260224,octr-1+ser-6##20260224,0.1291,2.9757,1.0821
octr-1+ser-6,20260224,octr-1+ser-6##20260224,0.1012,0.0000,0.0000
octr-1+ser-6,20260224,octr-1+ser-6##20260224,0.0896,0.0000,0.0000
octr-1+ser-6,20260224,octr-1+ser-6##20260224,0.0911,0.0000,0.0000
octr-1+ser-6,20260224,octr-1+ser-6##20260224,0.1913,0.0000,0.0000
octr-1+ser-6,20260224,octr-1+ser-6##20260224,0.1422,0.0000,11.7647
octr-1+ser-6,20260224,octr-1+ser-6##20260224,0.1306,2.6762,0.5352
octr-1+ser-6,20260224,octr-1+ser-6##20260224,0.1321,0.0000,1.1331
octr-1+ser-6,20260224,octr-1+ser-6##20260224,0.1382,4.5402,3.1432
octr-1+ser-6,20260224,octr-1+ser-6##20260224,0.0890,0.0000,0.0000
octr-1+ser-6,20260224,octr-1+ser-6##20260224,,15.3846,0.0000
octr-1+ser-6,20260224,octr-1+ser-6##20260224,0.0496,8.1081,8.1081
octr-1+ser-6,20260224,octr-1+ser-6##20260224,0.0529,11.7376,3.4522
octr-1+ser-6,20260224,octr-1+ser-6##20260224,,7.4074,14.8148
octr-1+ser-6,20260224,octr-1+ser-6##20260224,0.0709,6.7227,0.0000
octr-1+ser-6,20260224,octr-1+ser-6##20260224,0.0928,0.0000,0.0000
octr-1+ser-6,20260224,octr-1+ser-6##20260224,0.0721,0.0000,0.0000
octr-1+ser-6,20260224,octr-1+ser-6##20260224,0.1413,0.0000,0.0000
octr-1+ser-6,20260224,octr-1+ser-6##20260224,0.1370,10.7143,5.3571
octr-1+ser-6,20260224,octr-1+ser-6##20260224,0.1778,0.0000,0.0000
octr-1+ser-6,20260224,octr-1+ser-6##20260224,0.0583,6.3401,4.6110
octr-1+ser-6,20260224,octr-1+ser-6##20260224,0.1901,0.0000,0.0000
octr-1+ser-6,20260224,octr-1+ser-6##20260224,0.1476,0.0000,0.0000
octr-1+ser-6,20260224,octr-1+ser-6##20260224,0.1310,3.4091,0.0000
octr-1+ser-6,20260224,octr-1+ser-6##20260224,0.0628,0.4552,0.0000
octr-1+ser-6,20260224,octr-1+ser-6##20260224,0.0740,1.9262,2.8892
octr-1+ser-6,20260224,octr-1+ser-6##20260224,0.1432,0.8996,0.0000
octr-1+ser-6,20260224,octr-1+ser-6##20260224,0.1333,0.0000,3.8462
octr-1+ser-6,20260224,octr-1+ser-6##20260224,0.1156,2.2901,0.0000
octr-1+ser-6,20260224,octr-1+ser-6##20260224,0.0553,3.7500,9.3750
octr-1+ser-6,20260224,octr-1+ser-6##20260224,0.1271,2.5210,1.2605
octr-1+ser-6,20260224,octr-1+ser-6##20260224,0.1039,0.0000,0.0000
octr-1+ser-6,20260224,octr-1+ser-6##20260224,0.1036,0.0000,0.0000
octr-1+ser-6,20260224,octr-1+ser-6##20260224,,25.7143,0.0000
octr-1+ser-6,20260224,octr-1+ser-6##20260224,0.1255,2.8874,2.8874
octr-1+ser-6,20260224,octr-1+ser-6##20260224,0.0745,0.0000,0.0000
octr-1+ser-6,20260224,octr-1+ser-6##20260224,,0.0000,19.3548
octr-1+ser-6,20260224,octr-1+ser-6##20260224,0.1091,1.8557,3.7113
octr-1+ser-6,20260224,octr-1+ser-6##20260224,0.1285,0.0000,0.0000
octr-1+ser-6,20260224,octr-1+ser-6##20260224,0.0602,20.6897,20.6897
octr-1+ser-6,20260224,octr-1+ser-6##20260224,0.1399,1.3889,1.3889
octr-1+ser-6,20260224,octr-1+ser-6##20260224,,23.5294,11.7647
octr-1+ser-6,20260224,octr-1+ser-6##20260224,0.0641,18.1818,0.0000
octr-1+ser-6,20260224,octr-1+ser-6##20260224,0.1458,0.0000,0.0000
octr-1+ser-6,20260224,octr-1+ser-6##20260224,0.1094,12.3796,1.6506
octr-1+ser-6,20260224,octr-1+ser-6##20260224,0.0886,15.3846,46.1538
octr-1+ser-6,20260224,octr-1+ser-6##20260224,0.0699,7.0959,0.0000
octr-1+ser-6,20260224,octr-1+ser-6##20260224,0.1217,11.3208,0.0000
octr-1+ser-6,20260224,octr-1+ser-6##20260224,0.1057,6.3604,6.3604
octr-1+ser-6,20260224,octr-1+ser-6##20260224,0.0648,1.7094,0.0000
octr-1+ser-6,20260224,octr-1+ser-6##20260224,0.0623,6.7416,13.4831
octr-1+ser-6,20260224,octr-1+ser-6##20260224,0.0680,25.0000,0.0000
octr-1+ser-6,20260224,octr-1+ser-6##20260224,0.1015,0.0000,0.0000
octr-1+ser-6,20260224,octr-1+ser-6##20260224,0.1401,0.0000,0.0000
octr-1+ser-6,20260224,octr-1+ser-6##20260224,0.1151,0.0000,0.0000
octr-1+ser-6,20260224,octr-1+ser-6##20260224,0.1391,0.0000,0.0000
octr-1+ser-6,20260224,octr-1+ser-6##20260224,,32.4324,0.0000
octr-1+ser-6,20260224,octr-1+ser-6##20260224,0.0614,0.0000,0.0000
octr-1+ser-6,20260224,octr-1+ser-6##20260224,0.0856,0.0000,0.0000
octr-1+ser-6,20260224,octr-1+ser-6##20260224,0.0639,0.0000,27.9070
octr-1+ser-6,20260224,octr-1+ser-6##20260224,0.1149,2.3166,2.3166
octr-1+ser-6,20260224,octr-1+ser-6##20260224,0.0899,0.0000,0.0000
octr-1+ser-6,20260224,octr-1+ser-6##20260224,0.0968,13.0435,0.0000
octr-1+ser-6,20260224,octr-1+ser-6##20260224,0.0975,9.5238,0.0000
octr-1+ser-6,20260224,octr-1+ser-6##20260224,0.0980,3.7736,5.6604
octr-1+ser-6,20260224,octr-1+ser-6##20260224,0.1777,0.0000,0.0000
octr-1+ser-6,20260224,octr-1+ser-6##20260224,0.1488,1.4388,2.8777
octr-1+ser-6,20260224,octr-1+ser-6##20260224,0.1220,3.3333,3.3333
octr-1+ser-6,20260224,octr-1+ser-6##20260224,0.1434,1.8750,1.8750
octr-1+ser-6,20260224,octr-1+ser-6##20260224,0.1605,1.7291,3.4582
octr-1+ser-6,20260224,octr-1+ser-6##20260224,0.0972,3.6145,3.6145
octr-1+ser-6,20260224,octr-1+ser-6##20260224,0.1546,0.0000,0.0000
octr-1+ser-6,20260224,octr-1+ser-6##20260224,0.0685,5.5046,5.5046
octr-1+ser-6,20260224,octr-1+ser-6##20260224,0.1649,0.0000,0.0000
octr-1+ser-6,20260224,octr-1+ser-6##20260224,0.2151,0.0000,0.0000
octr-1+ser-6,20260224,octr-1+ser-6##20260224,0.1374,0.0000,0.0000
octr-1+ser-6,20260224,octr-1+ser-6##20260224,0.0787,0.0000,0.0000
octr-1+ser-6,20260224,octr-1+ser-6##20260224,0.1125,5.5556,2.7778
octr-1+ser-6,20260224,octr-1+ser-6##20260224,0.1589,0.0000,0.0000
octr-1+ser-6,20260224,octr-1+ser-6##20260224,0.2601,0.0000,15.7895
octr-1+ser-6,20260225,octr-1+ser-6##20260225,0.1518,0.0000,0.0000
octr-1+ser-6,20260225,octr-1+ser-6##20260225,0.1284,0.3135,0.0000
octr-1+ser-6,20260225,octr-1+ser-6##20260225,0.1316,0.0000,0.0000
octr-1+ser-6,20260225,octr-1+ser-6##20260225,0.1250,0.0000,0.0000
octr-1+ser-6,20260225,octr-1+ser-6##20260225,0.0919,5.3097,5.3097
octr-1+ser-6,20260225,octr-1+ser-6##20260225,0.0616,0.7881,0.2627
octr-1+ser-6,20260225,octr-1+ser-6##20260225,0.1452,0.2729,0.0000
octr-1+ser-6,20260225,octr-1+ser-6##20260225,0.1362,0.0000,0.0000
octr-1+ser-6,20260225,octr-1+ser-6##20260225,0.0637,13.0435,0.0000
octr-1+ser-6,20260225,octr-1+ser-6##20260225,0.0962,0.0000,10.3896
octr-1+ser-6,20260225,octr-1+ser-6##20260225,0.1101,0.3490,0.0000
octr-1+ser-6,20260225,octr-1+ser-6##20260225,0.1219,0.0000,0.0000
octr-1+ser-6,20260225,octr-1+ser-6##20260225,0.1409,0.0000,0.0000
octr-1+ser-6,20260225,octr-1+ser-6##20260225,0.1506,0.0000,6.7416
octr-1+ser-6,20260225,octr-1+ser-6##20260225,0.0555,4.5627,0.0000
octr-1+ser-6,20260225,octr-1+ser-6##20260225,0.1043,0.0000,0.0000
octr-1+ser-6,20260225,octr-1+ser-6##20260225,0.1309,0.0000,0.0000
octr-1+ser-6,20260225,octr-1+ser-6##20260225,0.0843,0.0000,0.0000
octr-1+ser-6,20260225,octr-1+ser-6##20260225,0.1510,0.0000,0.0000
octr-1+ser-6,20260225,octr-1+ser-6##20260225,0.1341,0.0000,0.0000
octr-1+ser-6,20260225,octr-1+ser-6##20260225,0.1331,0.0000,0.0000
octr-1+ser-6,20260225,octr-1+ser-6##20260225,0.1542,0.0000,0.0000
octr-1+ser-6,20260225,octr-1+ser-6##20260225,0.1176,0.0000,0.0000
octr-1+ser-6,20260225,octr-1+ser-6##20260225,0.0817,0.0000,1.2170
octr-1+ser-6,20260225,octr-1+ser-6##20260225,0.1267,5.4732,2.0525
octr-1+ser-6,20260225,octr-1+ser-6##20260225,0.1520,0.0000,0.0000
octr-1+ser-6,20260225,octr-1+ser-6##20260225,0.1297,0.0000,0.0000
octr-1+ser-6,20260225,octr-1+ser-6##20260225,0.1598,0.0000,0.0000
octr-1+ser-6,20260225,octr-1+ser-6##20260225,0.1368,0.0000,0.0000
octr-1+ser-6,20260225,octr-1+ser-6##20260225,0.1432,0.0000,0.0000
octr-1+ser-6,20260225,octr-1+ser-6##20260225,0.1067,0.0000,0.0000
octr-1+ser-6,20260225,octr-1+ser-6##20260225,0.1344,0.0000,0.0000
octr-1+ser-6,20260225,octr-1+ser-6##20260225,0.1064,0.0000,0.0000
octr-1+ser-6,20260225,octr-1+ser-6##20260225,0.1615,0.0000,0.0000
octr-1+ser-6,20260225,octr-1+ser-6##20260225,0.1205,0.0000,0.0000
octr-1+ser-6,20260225,octr-1+ser-6##20260225,0.1369,0.0000,0.9585
octr-1+ser-6,20260225,octr-1+ser-6##20260225,0.1690,0.0000,0.0000
octr-1+ser-6,20260225,octr-1+ser-6##20260225,0.1342,0.0000,0.0000
octr-1+ser-6,20260225,octr-1+ser-6##20260225,0.1543,0.0000,0.0000
octr-1+ser-6,20260225,octr-1+ser-6##20260225,0.1354,0.0000,0.0000
octr-1+ser-6,20260225,octr-1+ser-6##20260225,0.1374,0.0000,0.0000
octr-1+ser-6,20260225,octr-1+ser-6##20260225,0.1758,0.0000,0.0000
octr-1+ser-6,20260225,octr-1+ser-6##20260225,0.0897,0.0000,0.0000
octr-1+ser-6,20260225,octr-1+ser-6##20260225,0.0983,0.0000,0.0000
octr-1+ser-6,20260225,octr-1+ser-6##20260225,0.1022,0.0000,0.0000
octr-1+ser-6,20260225,octr-1+ser-6##20260225,0.0870,0.0000,2.5862
octr-1+ser-6,20260225,octr-1+ser-6##20260225,0.1488,0.0000,0.0000
octr-1+ser-6,20260225,octr-1+ser-6##20260225,0.1685,0.0000,0.0000
octr-1+ser-6,20260225,octr-1+ser-6##20260225,0.1251,0.0000,0.0000
octr-1+ser-6,20260225,octr-1+ser-6##20260225,0.0909,5.0420,0.0000
octr-1+ser-6,20260225,octr-1+ser-6##20260225,0.1536,0.0000,0.0000
octr-1+ser-6,20260225,octr-1+ser-6##20260225,0.1521,0.0000,0.0000
octr-1+ser-6,20260225,octr-1+ser-6##20260225,0.1070,0.0000,0.0000
ser-2,20260217,ser-2##20260217,0.1999,0.0000,0.0000
ser-2,20260217,ser-2##20260217,0.1397,7.9755,4.2945
ser-2,20260217,ser-2##20260217,0.0925,3.4335,0.0000
ser-2,20260217,ser-2##20260217,0.1413,1.2270,1.8405
ser-2,20260217,ser-2##20260217,0.0756,10.0000,2.2500
ser-2,20260217,ser-2##20260217,0.1802,1.5496,0.6198
ser-2,20260217,ser-2##20260217,0.2198,0.0000,0.0000
ser-2,20260217,ser-2##20260217,0.1447,0.0000,0.0000
ser-2,20260217,ser-2##20260217,0.1319,0.0000,0.0000
ser-2,20260217,ser-2##20260217,0.0983,17.6471,0.0000
ser-2,20260217,ser-2##20260217,0.1122,0.0000,0.0000
ser-2,20260217,ser-2##20260217,0.0890,1.8917,4.7294
ser-2,20260217,ser-2##20260217,0.1650,0.0000,0.0000
ser-2,20260217,ser-2##20260217,0.0756,6.7039,0.3352
ser-2,20260217,ser-2##20260217,0.1860,8.4112,8.4112
ser-2,20260217,ser-2##20260217,0.1131,1.4201,0.0000
ser-2,20260217,ser-2##20260217,0.1369,0.0000,0.0000
ser-2,20260217,ser-2##20260217,0.1638,0.8740,1.3110
ser-2,20260217,ser-2##20260217,0.1129,7.1571,1.1928
ser-2,20260217,ser-2##20260217,0.1796,0.0000,0.0000
ser-2,20260217,ser-2##20260217,0.1267,0.0000,0.0000
ser-2,20260217,ser-2##20260217,0.1605,3.6232,4.3478
ser-2,20260217,ser-2##20260217,0.1631,2.4557,0.0000
ser-2,20260217,ser-2##20260217,0.0731,5.4920,0.0000
ser-2,20260217,ser-2##20260217,0.0647,3.1250,0.0000
ser-2,20260217,ser-2##20260217,0.1685,3.1250,3.1250
ser-2,20260217,ser-2##20260217,0.1359,0.0000,0.0000
ser-2,20260217,ser-2##20260217,0.0991,0.0000,0.0000
ser-2,20260217,ser-2##20260217,0.1894,0.0000,0.0000
ser-2,20260217,ser-2##20260217,0.1719,0.0000,0.0000
ser-2,20260218,ser-2##20260218,0.1620,0.0000,0.0000
ser-2,20260218,ser-2##20260218,0.1943,0.0000,0.0000
ser-2,20260218,ser-2##20260218,0.1562,0.0000,0.0000
ser-2,20260218,ser-2##20260218,0.1607,4.3165,4.3165
ser-2,20260218,ser-2##20260218,0.1797,0.0000,0.0000
ser-2,20260218,ser-2##20260218,0.1660,0.0000,0.0000
ser-2,20260218,ser-2##20260218,0.1502,0.0000,0.0000
ser-2,20260218,ser-2##20260218,0.1694,0.0000,0.0000
ser-2,20260218,ser-2##20260218,0.1507,0.0000,0.0000
ser-2,20260218,ser-2##20260218,0.1803,0.0000,0.0000
ser-2,20260218,ser-2##20260218,0.1403,0.0000,1.9098
ser-2,20260218,ser-2##20260218,0.1843,0.0000,1.7804
ser-2,20260218,ser-2##20260218,0.1967,8.8235,5.2941
ser-2,20260218,ser-2##20260218,0.1416,1.8680,0.7472
ser-2,20260218,ser-2##20260218,0.1245,1.0610,3.1830
ser-2,20260218,ser-2##20260218,0.0969,0.0000,5.9055
ser-2,20260218,ser-2##20260218,0.1709,3.2569,1.0856
ser-2,20260218,ser-2##20260218,0.1774,0.0000,0.0000
ser-2,20260218,ser-2##20260218,0.1638,2.4590,2.4590
ser-2,20260218,ser-2##20260218,0.1727,0.0000,0.0000
ser-2,20260218,ser-2##20260218,0.1528,0.0000,0.0000
ser-2,20260218,ser-2##20260218,0.1530,1.9262,1.9262
ser-2,20260218,ser-2##20260218,0.1396,0.0000,0.0000
ser-2,20260218,ser-2##20260218,0.1879,0.0000,0.0000
ser-2,20260218,ser-2##20260218,0.1541,0.0000,1.1719
ser-2,20260218,ser-2##20260218,0.1104,0.0000,0.0000
ser-2,20260218,ser-2##20260218,0.1350,0.0000,0.0000
ser-2,20260218,ser-2##20260218,0.1718,0.0000,0.0000
ser-2,20260218,ser-2##20260218,0.1388,0.0000,0.0000
ser-2,20260218,ser-2##20260218,0.1481,0.6667,0.6667
ser-2,20260218,ser-2##20260218,0.1610,0.0000,0.0000
ser-2,20260218,ser-2##20260218,0.1846,0.0000,0.0000
ser-2,20260218,ser-2##20260218,0.1659,4.0268,5.3691
ser-2,20260218,ser-2##20260218,0.1849,1.0582,0.0000
ser-2,20260218,ser-2##20260218,0.1819,0.4724,0.9449
ser-2,20260218,ser-2##20260218,0.1594,3.2086,1.9251
ser-2,20260218,ser-2##20260218,0.1507,2.8169,0.0000
ser-2,20260218,ser-2##20260218,0.1490,2.1314,1.0657
ser-2,20260218,ser-2##20260218,0.1496,0.7299,0.7299
ser-2,20260218,ser-2##20260218,0.1487,3.9604,4.9505
ser-2,20260218,ser-2##20260218,0.1875,0.0000,0.0000
ser-2,20260218,ser-2##20260218,0.1400,0.0000,0.0000
ser-2,20260218,ser-2##20260218,0.1505,0.0000,0.0000
ser-2,20260218,ser-2##20260218,0.1925,0.0000,0.0000
ser-2,20260218,ser-2##20260218,0.1615,0.0000,0.0000
ser-2,20260218,ser-2##20260218,0.1761,0.0000,0.0000
ser-2,20260218,ser-2##20260218,0.1817,2.4096,2.4096
ser-2,20260218,ser-2##20260218,0.1927,1.1070,1.1070
ser-2,20260218,ser-2##20260218,0.1443,0.0000,0.9419
ser-2,20260218,ser-2##20260218,0.1404,0.0000,0.0000
ser-2,20260218,ser-2##20260218,0.1823,2.2642,0.5660
ser-2,20260218,ser-2##20260218,0.1503,0.0000,0.0000
ser-2,20260218,ser-2##20260218,0.1713,3.5398,1.1799
ser-2,20260218,ser-2##20260218,0.1480,0.0000,0.0000
ser-2,20260218,ser-2##20260218,0.1924,1.7910,1.7910
ser-2,20260218,ser-2##20260218,0.1846,0.0000,0.0000
ser-2,20260218,ser-2##20260218,0.1597,2.3968,1.5979
ser-2,20260218,ser-2##20260218,0.1986,0.0000,0.0000
ser-2,20260218,ser-2##20260218,0.1393,0.7299,0.0000
ser-2,20260218,ser-2##20260218,0.1746,1.6129,2.4194
ser-2,20260218,ser-2##20260218,0.1601,0.0000,1.1696
ser-2,20260218,ser-2##20260218,0.1519,0.0000,0.0000
ser-2,20260218,ser-2##20260218,0.1853,0.0000,4.0956
ser-2,20260218,ser-2##20260218,0.1300,0.0000,0.0000
ser-2,20260218,ser-2##20260218,0.1596,0.0000,0.0000
ser-2,20260218,ser-2##20260218,0.1953,0.0000,0.0000
ser-2,20260218,ser-2##20260218,0.1755,0.0000,0.0000
ser-2,20260218,ser-2##20260218,0.1050,0.0000,0.0000
ser-2,20260218,ser-2##20260218,0.1191,3.8217,3.8217
ser-2,20260218,ser-2##20260218,0.1332,0.0000,0.0000
ser-2,20260218,ser-2##20260218,0.1746,0.0000,0.0000
ser-2,20260218,ser-2##20260218,0.1387,0.0000,2.0000
ser-2,20260218,ser-2##20260218,0.1797,0.0000,0.0000
ser-2,20260218,ser-2##20260218,0.1848,0.0000,0.0000
ser-2,20260218,ser-2##20260218,0.1451,2.4793,0.0000
ser-2,20260218,ser-2##20260218,0.1572,0.0000,0.0000
ser-2,20260218,ser-2##20260218,0.1676,3.5191,1.7595
ser-2,20260218,ser-2##20260218,0.1853,0.0000,0.0000
ser-2,20260218,ser-2##20260218,0.2223,0.0000,0.0000
ser-2,20260218,ser-2##20260218,0.1578,0.0000,0.0000
ser-2,20260218,ser-2##20260218,0.1908,0.0000,0.0000
ser-2,20260218,ser-2##20260218,0.1288,0.0000,0.0000
ser-2,20260218,ser-2##20260218,0.1476,0.0000,0.0000
ser-2,20260219,ser-2##20260219,0.1264,8.0000,0.0000
ser-2,20260219,ser-2##20260219,0.1061,3.4483,0.0000
ser-2,20260219,ser-2##20260219,0.1022,0.0000,0.0000
ser-2,20260219,ser-2##20260219,0.1934,0.0000,0.0000
ser-2,20260219,ser-2##20260219,0.2391,0.0000,0.0000
ser-2,20260219,ser-2##20260219,0.2509,0.0000,1.3652
ser-2,20260219,ser-2##20260219,0.1957,0.0000,0.0000
ser-2,20260219,ser-2##20260219,0.1857,0.8097,0.0000
ser-2,20260219,ser-2##20260219,0.1961,0.0000,1.3793
ser-2,20260219,ser-2##20260219,0.1554,0.0000,11.0260
ser-2,20260219,ser-2##20260219,0.1371,0.0000,0.0000
ser-2,20260219,ser-2##20260219,0.1817,0.0000,6.1644
ser-2,20260219,ser-2##20260219,0.1851,0.0000,0.0000
ser-2,20260219,ser-2##20260219,0.1588,0.0000,0.0000
ser-2,20260219,ser-2##20260219,0.1389,4.0000,0.8000
ser-2,20260219,ser-2##20260219,0.1840,0.0000,2.3810
ser-2,20260219,ser-2##20260219,0.1649,0.9434,3.7736
ser-2,20260219,ser-2##20260219,0.2194,0.0000,0.0000
ser-2,20260219,ser-2##20260219,0.1198,0.0000,0.0000
ser-2,20260219,ser-2##20260219,0.1471,2.3256,0.0000
ser-2,20260219,ser-2##20260219,0.2401,0.0000,0.0000
ser-2,20260219,ser-2##20260219,0.1993,0.0000,0.0000
ser-2,20260219,ser-2##20260219,0.2385,0.0000,0.0000
ser-2,20260219,ser-2##20260219,0.1612,1.0239,0.0000
ser-2,20260219,ser-2##20260219,0.2026,0.0000,0.0000
ser-2,20260219,ser-2##20260219,0.1527,9.6774,0.0000
ser-2,20260219,ser-2##20260219,0.1673,0.7203,0.0000
ser-2,20260219,ser-2##20260219,0.2093,0.0000,0.0000
ser-2,20260219,ser-2##20260219,0.2049,0.0000,0.0000
ser-2,20260219,ser-2##20260219,0.3316,0.0000,0.0000
ser-2,20260219,ser-2##20260219,0.1298,0.8721,2.6163
ser-2,20260219,ser-2##20260219,0.2269,8.5714,8.5714
ser-2,20260219,ser-2##20260219,0.1888,0.0000,0.0000
ser-2,20260219,ser-2##20260219,0.1552,0.0000,0.0000
ser-2,20260219,ser-2##20260219,0.2280,3.2432,4.8649
ser-2,20260219,ser-2##20260219,0.1527,0.5874,1.1747
ser-2,20260219,ser-2##20260219,0.1682,0.0000,0.0000
ser-2,20260219,ser-2##20260219,0.1556,2.2727,4.5455
ser-2,20260219,ser-2##20260219,0.2011,0.0000,0.7353
ser-2,20260219,ser-2##20260219,0.2240,0.0000,0.0000
ser-2,20260219,ser-2##20260219,0.0973,3.8710,3.8710
ser-2,20260219,ser-2##20260219,0.0924,0.0000,0.0000
ser-2,20260219,ser-2##20260219,0.1632,0.0000,0.0000
ser-2,20260219,ser-2##20260219,0.1470,2.0548,2.0548
ser-2,20260219,ser-2##20260219,0.1668,2.7907,5.5814
ser-2,20260219,ser-2##20260219,0.1648,0.0000,0.0000
ser-2,20260219,ser-2##20260219,0.1542,0.0000,0.0000
ser-2,20260219,ser-2##20260219,0.1928,0.0000,0.0000
ser-2,20260219,ser-2##20260219,0.0884,0.0000,0.0000
ser-2,20260219,ser-2##20260219,0.0809,8.8235,0.0000
ser-2,20260219,ser-2##20260219,0.1861,0.0000,0.0000
ser-2,20260219,ser-2##20260219,0.2098,0.0000,0.0000
ser-2,20260219,ser-2##20260219,0.1261,2.5751,2.5751
ser-2,20260219,ser-2##20260219,0.1853,0.0000,0.0000
ser-2,20260219,ser-2##20260219,0.1499,0.0000,3.1579
ser-2,20260219,ser-2##20260219,0.1637,0.0000,0.0000
ser-2,20260219,ser-2##20260219,0.1698,0.0000,2.2989
ser-2,20260219,ser-2##20260219,0.2282,0.0000,0.0000
ser-2,20260219,ser-2##20260219,0.1323,1.0619,1.0619
ser-2,20260219,ser-2##20260219,0.2407,0.0000,0.0000
ser-2,20260219,ser-2##20260219,0.1739,5.0847,1.6949
ser-2,20260219,ser-2##20260219,0.1678,0.0000,1.8490
ser-2,20260219,ser-2##20260219,0.2342,7.8947,0.0000
ser-2,20260219,ser-2##20260219,0.1259,0.0000,3.0151
ser-2,20260219,ser-2##20260219,0.1811,0.0000,0.0000
ser-2,20260219,ser-2##20260219,0.1668,3.9056,2.9292
ser-2,20260219,ser-2##20260219,0.1742,1.7804,0.0000
ser-2,20260219,ser-2##20260219,0.1664,9.2308,0.0000
ser-2,20260219,ser-2##20260219,0.1702,0.0000,2.2642
ser-2,20260219,ser-2##20260219,0.1280,0.0000,11.1111
ser-2,20260219,ser-2##20260219,0.1558,5.9801,5.9801
ser-2,20260219,ser-2##20260219,0.1800,0.0000,0.0000
ser-2,20260219,ser-2##20260219,0.1709,0.0000,0.0000
ser-2,20260219,ser-2##20260219,0.1861,1.8293,0.0000
ser-2,20260219,ser-2##20260219,0.2090,2.7523,0.0000
ser-2,20260219,ser-2##20260219,0.1248,3.5503,7.1006
ser-2,20260219,ser-2##20260219,0.2249,0.0000,0.0000
ser-2,20260219,ser-2##20260219,0.1312,0.0000,0.0000
ser-2,20260219,ser-2##20260219,0.2536,0.0000,0.0000
ser-2,20260219,ser-2##20260219,0.0473,0.0000,0.0000
ser-2,20260219,ser-2##20260219,0.1943,0.0000,0.0000
ser-2,20260219,ser-2##20260219,0.2324,0.0000,0.0000
ser-2,20260219,ser-2##20260219,0.2220,4.6784,2.3392
ser-2,20260219,ser-2##20260219,0.2210,0.0000,0.0000
ser-2,20260219,ser-2##20260219,0.1830,0.0000,19.3548
ser-2,20260219,ser-2##20260219,0.2120,0.0000,0.0000
ser-2,20260219,ser-2##20260219,0.1268,0.0000,16.9492
ser-2,20260219,ser-2##20260219,0.1373,7.0588,7.0588
ser-2,20260219,ser-2##20260219,0.0975,0.0000,4.6154
ser-2,20260219,ser-2##20260219,0.1693,0.0000,0.0000
ser-2,20260219,ser-2##20260219,0.1796,0.0000,0.0000
ser-2,20260219,ser-2##20260219,0.2761,0.0000,0.0000
ser-2,20260219,ser-2##20260219,0.2200,0.0000,0.0000
ser-2,20260219,ser-2##20260219,0.1726,0.0000,0.0000
ser-2,20260219,ser-2##20260219,0.1652,0.0000,7.8759
ser-2,20260219,ser-2##20260219,0.1795,14.1176,0.0000
ser-2,20260219,ser-2##20260219,0.2256,0.0000,0.0000
ser-2,20260219,ser-2##20260219,0.1822,0.0000,0.0000
ser-2,20260219,ser-2##20260219,0.1594,0.0000,15.3846
ser-2,20260219,ser-2##20260219,0.1732,1.9459,1.2973
ser-2,20260219,ser-2##20260219,0.1311,0.0000,0.0000
ser-2,20260219,ser-2##20260219,0.1619,0.0000,5.4545
ser-2,20260219,ser-2##20260219,0.1637,1.5484,2.3226
ser-2,20260219,ser-2##20260219,,20.6897,0.0000
ser-2,20260219,ser-2##20260219,0.2027,0.0000,0.0000
ser-2,20260219,ser-2##20260219,0.0354,0.0000,0.0000
ser-2,20260219,ser-2##20260219,0.1824,0.0000,3.5503
ser-2,20260219,ser-2##20260219,0.2218,0.0000,0.0000
ser-2,20260219,ser-2##20260219,0.1758,0.0000,0.0000
ser-2,20260219,ser-2##20260219,0.2030,3.9735,1.9868
ser-2,20260219,ser-2##20260219,0.2271,0.0000,0.0000
ser-2,20260219,ser-2##20260219,0.2281,0.0000,0.0000
ser-2,20260219,ser-2##20260219,0.2295,0.0000,0.0000
ser-2,20260219,ser-2##20260219,0.1574,0.0000,0.0000
ser-2,20260219,ser-2##20260219,0.0992,1.1561,1.1561
ser-2,20260219,ser-2##20260219,0.2563,0.0000,0.0000
ser-2,20260219,ser-2##20260219,0.1778,0.0000,0.0000
ser-2,20260219,ser-2##20260219,0.1833,1.1928,0.0000
ser-2,20260219,ser-2##20260219,0.1494,0.0000,0.0000
ser-2,20260219,ser-2##20260219,0.1915,0.0000,0.0000
ser-2,20260219,ser-2##20260219,0.1712,3.6585,0.0000
ser-2,20260219,ser-2##20260219,0.0720,7.5000,2.5000
ser-2,20260219,ser-2##20260219,0.1877,0.0000,0.0000
ser-2,20260219,ser-2##20260219,0.2119,2.5641,1.2821
ser-2,20260219,ser-2##20260219,0.0533,0.0000,21.4286
ser-2,20260219,ser-2##20260219,0.1680,1.6173,0.0000
ser-2,20260219,ser-2##20260219,0.1812,0.0000,0.0000
ser-2,20260219,ser-2##20260219,0.1711,7.8740,1.5748
ser-2,20260219,ser-2##20260219,0.1230,5.8065,0.0000
ser-2,20260219,ser-2##20260219,0.1132,0.0000,0.0000
ser-2,20260219,ser-2##20260219,0.2085,0.0000,0.0000
ser-2,20260219,ser-2##20260219,0.1047,10.0000,0.0000
ser-2,20260219,ser-2##20260219,0.2447,0.0000,2.7650
ser-2,20260219,ser-2##20260219,0.1708,0.0000,7.4074
ser-2,20260219,ser-2##20260219,0.1623,9.6774,0.0000
ser-2,20260219,ser-2##20260219,0.2016,0.0000,0.0000
ser-2,20260219,ser-2##20260219,0.1630,0.0000,0.0000
ser-2,20260219,ser-2##20260219,0.1363,0.0000,0.0000
ser-2,20260219,ser-2##20260219,0.2171,0.0000,0.0000
ser-2,20260219,ser-2##20260219,0.1613,0.0000,9.5238
ser-3,20260218,ser-3##20260218,0.1160,0.0000,0.0000
ser-3,20260218,ser-3##20260218,0.0656,0.0000,0.0000
ser-3,20260218,ser-3##20260218,0.0614,0.0000,24.0000
ser-3,20260218,ser-3##20260218,0.0520,0.0000,0.0000
ser-3,20260218,ser-3##20260218,0.0577,1.4201,1.4201
ser-3,20260218,ser-3##20260218,0.0915,0.0000,13.7931
ser-3,20260218,ser-3##20260218,0.0542,0.0000,45.0000
ser-3,20260218,ser-3##20260218,0.1375,0.0000,0.0000
ser-3,20260218,ser-3##20260218,0.0320,17.9104,8.9552
ser-3,20260218,ser-3##20260218,0.0950,10.3448,0.0000
ser-3,20260218,ser-3##20260218,0.0979,6.2500,6.2500
ser-3,20260218,ser-3##20260218,0.0499,0.0000,5.0000
ser-3,20260218,ser-3##20260218,0.1212,0.0000,7.6923
ser-3,20260218,ser-3##20260218,0.0931,9.6774,19.3548
ser-3,20260218,ser-3##20260218,0.0577,13.7405,0.0000
ser-3,20260218,ser-3##20260218,0.1180,0.0000,0.0000
ser-3,20260218,ser-3##20260218,0.0589,0.0000,17.6471
ser-3,20260218,ser-3##20260218,0.1058,0.0000,0.0000
ser-3,20260218,ser-3##20260218,0.1360,0.0000,0.0000
ser-3,20260218,ser-3##20260218,0.1219,0.0000,0.0000
ser-3,20260219,ser-3##20260219,0.1483,5.0704,6.7606
ser-3,20260219,ser-3##20260219,0.0635,2.8112,0.0000
ser-3,20260219,ser-3##20260219,0.1561,0.0000,0.0000
ser-3,20260219,ser-3##20260219,0.1411,0.0000,1.1289
ser-3,20260219,ser-3##20260219,0.1430,0.0000,0.9820
ser-3,20260219,ser-3##20260219,0.1601,0.0000,0.0000
ser-3,20260219,ser-3##20260219,0.1703,0.0000,0.0000
ser-3,20260219,ser-3##20260219,0.1092,1.5656,3.5225
ser-3,20260219,ser-3##20260219,0.1187,0.0000,0.0000
ser-3,20260219,ser-3##20260219,0.1913,0.0000,0.0000
ser-3,20260219,ser-3##20260219,0.0500,4.7918,0.0000
ser-3,20260219,ser-3##20260219,0.1212,0.0000,0.0000
ser-3,20260219,ser-3##20260219,0.1541,0.0000,0.0000
ser-3,20260219,ser-3##20260219,0.0825,0.0000,0.0000
ser-3,20260219,ser-3##20260219,0.1198,0.0000,3.1746
ser-3,20260219,ser-3##20260219,0.1138,1.6997,5.0992
ser-3,20260219,ser-3##20260219,0.1654,0.0000,0.0000
ser-3,20260219,ser-3##20260219,0.0944,0.0000,6.4516
ser-3,20260219,ser-3##20260219,0.1863,0.0000,0.0000
ser-3,20260219,ser-3##20260219,0.1268,6.8966,4.5977
ser-3,20260219,ser-3##20260219,,12.5000,0.0000
ser-3,20260219,ser-3##20260219,0.1116,0.0000,0.0000
ser-3,20260219,ser-3##20260219,0.1291,0.0000,0.0000
ser-3,20260219,ser-3##20260219,0.1432,1.0657,1.0657
ser-3,20260219,ser-3##20260219,0.0392,14.2857,28.5714
ser-3,20260219,ser-3##20260219,0.1590,0.0000,0.0000
ser-3,20260219,ser-3##20260219,0.0942,0.0000,0.0000
ser-3,20260219,ser-3##20260219,0.1355,0.0000,0.0000
ser-3,20260219,ser-3##20260219,0.0920,0.0000,0.0000
ser-3,20260219,ser-3##20260219,0.0988,0.0000,0.0000
ser-3,20260219,ser-3##20260219,0.1171,0.0000,0.0000
ser-3,20260219,ser-3##20260219,0.0533,37.5000,0.0000
ser-3,20260219,ser-3##20260219,,0.0000,30.0000
ser-3,20260219,ser-3##20260219,0.1044,0.0000,0.0000
ser-3,20260219,ser-3##20260219,0.1492,0.4827,5.3097
ser-3,20260219,ser-3##20260219,0.0983,0.4850,0.0000
ser-3,20260219,ser-3##20260219,0.1041,0.0000,0.0000
ser-3,20260219,ser-3##20260219,0.1133,0.0000,3.4483
ser-3,20260219,ser-3##20260219,0.1157,0.0000,5.6075
ser-3,20260219,ser-3##20260219,0.2000,0.0000,0.0000
ser-3,20260219,ser-3##20260219,,11.5385,0.0000
ser-3,20260219,ser-3##20260219,0.1517,2.3529,2.3529
ser-3,20260219,ser-3##20260219,0.1127,0.0000,0.0000
ser-3,20260219,ser-3##20260219,0.0558,0.0000,0.0000
ser-3,20260219,ser-3##20260219,0.1255,0.0000,0.0000
ser-3,20260219,ser-3##20260219,0.1157,0.0000,0.0000
ser-3,20260219,ser-3##20260219,0.1088,4.5802,9.1603
ser-3,20260219,ser-3##20260219,0.1101,0.0000,0.0000
ser-3,20260219,ser-3##20260219,0.1975,7.8947,7.8947
ser-3,20260219,ser-3##20260219,0.1162,1.2658,6.3291
ser-3,20260219,ser-3##20260219,0.1428,0.0000,4.1812
ser-3,20260219,ser-3##20260219,0.1395,0.0000,1.0929
ser-3,20260219,ser-3##20260219,0.1595,0.0000,2.3841
ser-3,20260219,ser-3##20260219,0.1258,0.0000,0.0000
ser-3,20260219,ser-3##20260219,0.0949,0.0000,8.8235
ser-3,20260219,ser-3##20260219,0.1203,0.0000,4.9587
ser-3,20260219,ser-3##20260219,0.0470,17.1429,0.0000
ser-3,20260219,ser-3##20260219,0.0871,0.0000,11.8421
ser-3,20260219,ser-3##20260219,0.0884,0.0000,16.6667
ser-3,20260219,ser-3##20260219,0.1150,0.0000,0.0000
ser-3,20260219,ser-3##20260219,0.1528,3.6309,3.6309
ser-3,20260219,ser-3##20260219,0.1063,0.0000,0.0000
ser-3,20260219,ser-3##20260219,0.0464,0.0000,0.0000
ser-3,20260219,ser-3##20260219,0.0893,0.0000,0.0000
ser-3,20260219,ser-3##20260219,0.1326,1.8987,0.0000
ser-3,20260219,ser-3##20260219,,20.0000,10.0000
ser-3,20260219,ser-3##20260219,0.1226,0.0000,8.8757
ser-3,20260219,ser-3##20260219,0.1234,0.0000,0.0000
ser-3,20260219,ser-3##20260219,,26.6667,0.0000
ser-3,20260219,ser-3##20260219,0.1154,1.2552,5.6485
ser-3,20260219,ser-3##20260219,0.1290,0.0000,0.0000
ser-3,20260219,ser-3##20260219,0.1714,0.0000,0.0000
ser-3,20260219,ser-3##20260219,0.1550,0.0000,0.0000
ser-3,20260219,ser-3##20260219,0.1444,0.0000,0.0000
ser-3,20260219,ser-3##20260219,0.1183,0.0000,0.0000
ser-3,20260219,ser-3##20260219,0.1544,0.0000,2.6726
ser-3,20260219,ser-3##20260219,0.1022,10.9091,10.9091
ser-3,20260219,ser-3##20260219,,14.6341,29.2683
ser-3,20260219,ser-3##20260219,0.1588,0.0000,0.0000
ser-3,20260219,ser-3##20260219,0.1107,0.0000,0.0000
ser-3,20260219,ser-3##20260219,0.0701,14.4578,0.0000
ser-3,20260219,ser-3##20260219,0.1205,0.0000,0.0000
ser-3,20260219,ser-3##20260219,0.1566,0.0000,0.0000
ser-3,20260219,ser-3##20260219,0.1632,0.0000,0.0000
ser-3,20260219,ser-3##20260219,0.1074,3.1088,0.0000
ser-3,20260219,ser-3##20260219,0.1394,0.0000,0.0000
ser-3,20260219,ser-3##20260219,0.1557,0.0000,0.0000
ser-3,20260219,ser-3##20260219,0.2247,0.0000,0.0000
ser-3,20260219,ser-3##20260219,,18.7500,0.0000
ser-3,20260219,ser-3##20260219,0.1476,0.0000,2.5424
ser-3,20260219,ser-3##20260219,0.1549,0.0000,6.5217
ser-3,20260219,ser-3##20260219,0.1269,3.6217,1.2072
ser-3,20260219,ser-3##20260219,0.1917,0.0000,0.0000
ser-3,20260219,ser-3##20260219,0.1338,0.0000,0.0000
ser-3,20260219,ser-3##20260219,0.1240,0.0000,0.0000
ser-3,20260219,ser-3##20260219,0.1453,2.1583,2.1583
ser-3,20260219,ser-3##20260219,0.0574,5.4545,0.0000
ser-3,20260219,ser-3##20260219,0.1454,0.0000,4.2553
ser-3,20260219,ser-3##20260219,0.0837,0.0000,20.0000
ser-3,20260219,ser-3##20260219,0.1626,0.0000,1.9417
ser-3,20260219,ser-3##20260219,0.1525,0.0000,0.0000
ser-3,20260219,ser-3##20260219,0.0391,0.0000,0.0000
ser-3,20260219,ser-3##20260219,0.1543,0.0000,2.3077
ser-3,20260219,ser-3##20260219,0.1646,0.0000,0.0000
ser-3,20260219,ser-3##20260219,0.1834,0.0000,0.0000
ser-3,20260219,ser-3##20260219,0.1300,0.0000,0.0000
ser-3,20260219,ser-3##20260219,0.1366,0.0000,0.0000
ser-3,20260219,ser-3##20260219,0.1785,0.0000,0.0000
ser-3,20260219,ser-3##20260219,0.1561,0.0000,0.0000
ser-3,20260219,ser-3##20260219,0.1284,0.0000,0.0000
ser-3,20260219,ser-3##20260219,,20.6897,0.0000
ser-3,20260219,ser-3##20260219,0.0957,0.0000,18.4615
ser-3,20260219,ser-3##20260219,0.1274,0.0000,6.8182
ser-3,20260219,ser-3##20260219,0.0991,0.0000,16.2162
ser-3,20260219,ser-3##20260219,0.0383,0.0000,0.0000
ser-3,20260224,ser-3##20260224,0.1275,0.0000,0.0000
ser-3,20260224,ser-3##20260224,0.1091,2.6549,0.0000
ser-3,20260224,ser-3##20260224,0.1864,0.0000,8.1081
ser-3,20260224,ser-3##20260224,0.1311,0.0000,0.0000
ser-3,20260224,ser-3##20260224,0.0866,1.9715,8.5433
ser-3,20260224,ser-3##20260224,0.1153,3.1034,2.0690
ser-3,20260224,ser-3##20260224,0.0656,0.0000,0.0000
ser-3,20260224,ser-3##20260224,0.1063,2.9777,1.1166
ser-3,20260224,ser-3##20260224,0.0842,7.5000,0.0000
ser-3,20260224,ser-3##20260224,0.1158,5.1661,5.1661
ser-3,20260224,ser-3##20260224,0.1333,1.1070,2.2140
ser-3,20260224,ser-3##20260224,0.1630,0.0000,0.0000
ser-3,20260224,ser-3##20260224,0.1770,0.0000,0.0000
ser-3,20260224,ser-3##20260224,0.0941,23.0769,23.0769
ser-3,20260224,ser-3##20260224,0.1241,0.0000,0.0000
ser-3,20260224,ser-3##20260224,0.1429,1.9608,3.2680
ser-3,20260224,ser-3##20260224,0.2017,0.0000,0.0000
ser-3,20260224,ser-3##20260224,0.1586,0.0000,8.8235
ser-3,20260224,ser-3##20260224,0.1368,0.0000,0.0000
ser-3,20260224,ser-3##20260224,0.1278,1.3683,0.6842
ser-3,20260224,ser-3##20260224,0.1175,18.5567,0.0000
ser-3,20260224,ser-3##20260224,0.1535,0.0000,0.0000
ser-3,20260224,ser-3##20260224,0.1564,0.0000,0.0000
ser-3,20260224,ser-3##20260224,0.1632,0.0000,0.0000
ser-3,20260224,ser-3##20260224,0.1275,0.0000,0.0000
ser-3,20260224,ser-3##20260224,0.1380,2.9824,2.1690
ser-3,20260224,ser-3##20260224,0.1636,13.9535,13.9535
ser-3,20260224,ser-3##20260224,0.1047,0.0000,0.0000
ser-3,20260224,ser-3##20260224,0.1576,7.0922,2.8369
ser-3,20260224,ser-3##20260224,0.1660,1.9868,3.9735
ser-3,20260224,ser-3##20260224,0.1047,0.0000,0.0000
ser-3,20260224,ser-3##20260224,0.1377,0.0000,0.0000
ser-3,20260224,ser-3##20260224,0.0371,8.3333,0.0000
ser-3,20260224,ser-3##20260224,0.1441,0.0000,0.0000
ser-3,20260224,ser-3##20260224,,12.5000,0.0000
ser-3,20260224,ser-3##20260224,0.1534,0.0000,0.0000
ser-3,20260224,ser-3##20260224,0.1793,0.0000,0.0000
ser-3,20260224,ser-3##20260224,0.1774,0.0000,0.0000
ser-3,20260224,ser-3##20260224,0.0965,0.0000,7.5949
ser-3,20260224,ser-3##20260224,0.1556,0.0000,0.0000
ser-3,20260224,ser-3##20260224,0.1152,0.0000,0.0000
ser-3,20260224,ser-3##20260224,0.1419,4.5570,1.5190
ser-3,20260224,ser-3##20260224,0.1439,3.9474,1.9737
ser-3,20260224,ser-3##20260224,0.0935,8.5714,0.0000
ser-3,20260224,ser-3##20260224,0.1590,1.5228,0.0000
ser-3,20260224,ser-3##20260224,0.0625,0.0000,0.0000
ser-3,20260224,ser-3##20260224,0.1547,0.0000,9.3750
ser-3,20260224,ser-3##20260224,0.1238,0.7229,0.7229
ser-3,20260224,ser-3##20260224,0.1503,0.0000,0.0000
ser-3,20260224,ser-3##20260224,0.1148,0.0000,0.0000
ser-3,20260224,ser-3##20260224,0.1453,0.0000,0.0000
ser-3,20260224,ser-3##20260224,0.1819,0.0000,0.0000
ser-3,20260224,ser-3##20260224,0.1556,0.9132,0.9132
ser-3,20260224,ser-3##20260224,0.1580,0.0000,0.6166
ser-3,20260224,ser-3##20260224,0.1334,0.0000,0.0000
ser-3,20260224,ser-3##20260224,0.1646,0.0000,0.0000
ser-3,20260224,ser-3##20260224,0.1279,0.0000,0.0000
ser-3,20260224,ser-3##20260224,0.1355,16.6667,0.0000
ser-3,20260224,ser-3##20260224,,18.4615,0.0000
ser-3,20260224,ser-3##20260224,0.1336,0.0000,0.0000
ser-3,20260224,ser-3##20260224,0.1794,0.0000,0.0000
ser-3,20260224,ser-3##20260224,0.1333,6.0241,2.4096
ser-3,20260224,ser-3##20260224,0.1342,0.0000,0.0000
ser-3,20260224,ser-3##20260224,0.1324,8.0000,8.0000
ser-3,20260224,ser-3##20260224,0.1449,0.0000,0.0000
ser-3,20260224,ser-3##20260224,0.1706,0.0000,0.0000
ser-3,20260224,ser-3##20260224,0.1369,2.5424,0.0000
ser-3,20260224,ser-3##20260224,0.1299,0.0000,0.0000
ser-3,20260224,ser-3##20260224,0.1191,5.1478,2.2879
ser-3,20260224,ser-3##20260224,0.1554,0.8863,0.8863
ser-3,20260224,ser-3##20260224,0.1053,5.4545,5.4545
ser-3,20260224,ser-3##20260224,0.1605,0.0000,0.0000
ser-3,20260224,ser-3##20260224,0.1227,0.0000,13.1387
ser-3,20260224,ser-3##20260224,0.1309,2.3211,3.4816
ser-3,20260224,ser-3##20260224,0.1431,0.0000,0.0000
ser-3,20260224,ser-3##20260224,0.1688,5.9113,2.9557
ser-3,20260224,ser-3##20260224,0.1692,0.0000,0.0000
ser-3,20260224,ser-3##20260224,0.1267,0.0000,0.0000
ser-3,20260224,ser-3##20260224,0.1344,2.0870,3.1304
ser-3,20260224,ser-3##20260224,0.1006,0.0000,0.0000
ser-3,20260224,ser-3##20260224,0.1510,3.5503,1.7751
ser-3,20260224,ser-3##20260224,0.1289,0.0000,0.6383
ser-3,20260224,ser-3##20260224,0.1548,7.5949,0.0000
ser-3,20260224,ser-3##20260224,0.1264,0.0000,4.0268
ser-3,20260224,ser-3##20260224,0.0984,0.0000,0.0000
ser-3,20260224,ser-3##20260224,0.1018,0.0000,35.2941
ser-3,20260224,ser-3##20260224,0.1151,0.0000,0.0000
ser-3,20260224,ser-3##20260224,0.0730,0.0000,19.5652
ser-3,20260224,ser-3##20260224,0.1482,6.0000,0.0000
ser-3,20260224,ser-3##20260224,0.1353,10.0559,4.4693
ser-3,20260224,ser-3##20260224,0.0540,0.0000,22.6415
ser-3,20260224,ser-3##20260224,0.1439,4.6693,4.6693
ser-3,20260224,ser-3##20260224,0.1207,4.0619,1.1605
ser-3,20260224,ser-3##20260224,0.1490,0.0000,0.0000
ser-3,20260224,ser-3##20260224,0.1646,0.0000,0.0000
ser-3,20260224,ser-3##20260224,0.1343,2.1277,8.5106
ser-3,20260224,ser-3##20260224,0.1531,3.8585,1.9293
ser-3,20260224,ser-3##20260224,0.1362,0.0000,0.0000
ser-3,20260224,ser-3##20260224,0.0848,5.8252,11.6505
ser-3,20260224,ser-3##20260224,0.1509,4.8387,0.0000
ser-3,20260224,ser-3##20260224,0.1662,8.8235,0.0000
ser-3,20260224,ser-3##20260224,0.1331,2.3301,1.1650
ser-3,20260224,ser-3##20260224,0.1188,0.0000,0.0000
ser-3,20260224,ser-3##20260224,0.1548,0.0000,0.0000
ser-3,20260224,ser-3##20260224,0.1631,0.0000,0.0000
ser-3,20260224,ser-3##20260224,0.0870,16.0000,8.0000
ser-3,20260224,ser-3##20260224,0.1533,0.0000,0.0000
ser-3,20260224,ser-3##20260224,0.1745,0.0000,0.0000
ser-3,20260224,ser-3##20260224,,0.0000,12.5000
ser-3,20260224,ser-3##20260224,0.1401,6.6038,4.7170
ser-3,20260224,ser-3##20260224,0.0426,13.6364,0.0000
ser-3,20260224,ser-3##20260224,0.1324,4.9180,2.4590
ser-3,20260224,ser-3##20260224,0.0757,0.5671,10.7750
ser-3,20260224,ser-3##20260224,0.1391,6.9164,5.1873
ser-3,20260224,ser-3##20260224,0.1587,0.0000,0.0000
ser-3,20260224,ser-3##20260224,0.1680,2.3968,2.3968
ser-3,20260224,ser-3##20260224,0.1360,0.0000,0.0000
ser-3,20260224,ser-3##20260224,0.1295,0.0000,0.0000
ser-3,20260224,ser-3##20260224,0.0701,9.9174,9.9174
ser-3,20260224,ser-3##20260224,0.1419,0.0000,0.0000
ser-3,20260224,ser-3##20260224,0.1531,0.0000,0.0000
ser-3,20260224,ser-3##20260224,0.1270,1.7408,0.0000
ser-3,20260224,ser-3##20260224,0.1360,0.0000,0.0000
ser-3,20260224,ser-3##20260224,0.0764,0.0000,5.7143
ser-3,20260224,ser-3##20260224,0.1397,3.4325,2.7460
ser-3,20260224,ser-3##20260224,0.1551,6.0150,1.5038
ser-3,20260224,ser-3##20260224,0.1570,2.9412,1.4706
ser-3,20260224,ser-3##20260224,0.1457,4.0541,8.1081
ser-3,20260224,ser-3##20260224,0.1659,0.0000,0.0000
ser-3,20260224,ser-3##20260224,0.1436,0.9631,0.0000
ser-3,20260224,ser-3##20260224,0.1568,0.0000,0.0000
ser-3,20260224,ser-3##20260224,0.1424,2.8504,0.0000
ser-3,20260224,ser-3##20260224,,0.0000,24.0000
ser-3,20260224,ser-3##20260224,0.1511,0.0000,0.0000
ser-3,20260224,ser-3##20260224,0.1601,0.0000,0.0000
ser-3,20260224,ser-3##20260224,0.1647,0.0000,0.0000
ser-3,20260224,ser-3##20260224,0.1344,0.0000,2.0979
ser-3,20260224,ser-3##20260224,0.1694,1.4634,2.9268
ser-3,20260224,ser-3##20260224,0.0899,10.5263,0.0000
ser-3,20260224,ser-3##20260224,0.1016,7.5949,0.0000
ser-3,20260224,ser-3##20260224,0.1312,7.5949,7.5949
ser-3,20260224,ser-3##20260224,0.1507,0.0000,0.0000
ser-3,20260224,ser-3##20260224,0.1544,0.0000,0.0000
ser-3,20260224,ser-3##20260224,0.1516,0.0000,0.0000
ser-3,20260224,ser-3##20260224,0.1890,0.0000,0.0000
ser-3,20260224,ser-3##20260224,0.1342,0.0000,0.0000
ser-3,20260224,ser-3##20260224,0.1424,0.0000,0.0000
ser-3,20260224,ser-3##20260224,0.1367,0.0000,0.0000
ser-3,20260224,ser-3##20260224,0.1124,5.7971,8.6957
ser-3,20260224,ser-3##20260224,0.1484,0.0000,0.0000
ser-3,20260224,ser-3##20260224,0.0658,0.0000,0.0000
ser-3,20260224,ser-3##20260224,0.1097,0.0000,0.0000
ser-3,20260224,ser-3##20260224,0.1817,0.0000,0.0000
ser-3,20260224,ser-3##20260224,0.1226,0.0000,0.0000
ser-3,20260224,ser-3##20260224,0.1925,0.0000,0.0000
ser-3,20260224,ser-3##20260224,0.1321,5.4054,5.4054
ser-3,20260224,ser-3##20260224,0.1512,2.8213,1.8809
ser-3,20260224,ser-3##20260224,0.1891,0.0000,0.0000
ser-3,20260224,ser-3##20260224,0.1385,2.0101,1.0050
ser-3,20260224,ser-3##20260224,0.1289,5.9113,0.0000
ser-3,20260224,ser-3##20260224,0.0482,11.1111,0.0000
ser-3,20260224,ser-3##20260224,0.1671,0.0000,0.0000
ser-3,20260224,ser-3##20260224,0.1229,2.9703,0.0000
ser-3,20260224,ser-3##20260224,0.1535,2.4793,0.0000
ser-3,20260224,ser-3##20260224,0.1098,0.0000,0.0000
ser-3,20260224,ser-3##20260224,0.0693,5.2709,5.2709
ser-3,20260224,ser-3##20260224,0.1388,7.3171,0.0000
ser-3,20260224,ser-3##20260224,0.1695,2.8302,2.8302
ser-3,20260224,ser-3##20260224,0.1189,1.4118,1.4118
ser-3,20260224,ser-3##20260224,0.1219,0.0000,0.0000
ser-3,20260224,ser-3##20260224,0.0664,12.1622,0.0000
ser-3,20260224,ser-3##20260224,0.1397,0.0000,0.0000
ser-3,20260224,ser-3##20260224,0.1435,0.0000,0.0000
ser-3,20260224,ser-3##20260224,0.1492,2.9557,0.0000
ser-3,20260224,ser-3##20260224,0.2134,0.0000,0.0000
ser-3,20260224,ser-3##20260224,0.1422,3.0769,0.0000
ser-3,20260224,ser-3##20260224,0.1328,0.0000,0.0000
ser-3,20260224,ser-3##20260224,0.1229,0.0000,0.0000
ser-3,20260224,ser-3##20260224,0.1683,9.8361,5.4645
ser-3,20260224,ser-3##20260224,0.0792,23.0769,0.0000
ser-3,20260224,ser-3##20260224,0.1379,0.0000,0.0000
ser-3,20260224,ser-3##20260224,0.1225,2.8504,1.4252
ser-3,20260224,ser-3##20260224,0.0974,14.6341,0.0000
ser-3,20260224,ser-3##20260224,0.1794,0.0000,0.0000
ser-3,20260224,ser-3##20260224,0.1958,1.2632,0.0000
ser-3,20260224,ser-3##20260224,,0.0000,0.0000
ser-3,20260224,ser-3##20260224,0.1227,15.7895,0.0000
ser-3,20260224,ser-3##20260224,0.1540,0.0000,0.0000
ser-3,20260224,ser-3##20260224,0.0452,12.5000,12.5000
ser-3,20260224,ser-3##20260224,0.1298,3.8462,1.9231
ser-3,20260224,ser-3##20260224,0.1464,0.0000,3.1414
ser-3,20260224,ser-3##20260224,0.1020,14.6341,0.0000
ser-3,20260224,ser-3##20260224,0.1655,1.3857,1.3857
ser-3,20260224,ser-3##20260224,0.1177,4.1667,4.1667
ser-3,20260224,ser-3##20260224,0.1581,4.1379,4.1379
ser-3,20260224,ser-3##20260224,0.1501,0.0000,0.0000
ser-3,20260224,ser-3##20260224,0.1621,0.0000,2.8037
ser-3,20260224,ser-3##20260224,0.1669,4.4118,5.8824
ser-3,20260224,ser-3##20260224,0.1281,0.0000,0.0000
ser-3,20260224,ser-3##20260224,0.1679,0.0000,0.0000
ser-3,20260224,ser-3##20260224,0.2121,0.0000,0.0000
ser-3,20260224,ser-3##20260224,0.1369,0.0000,1.6438
ser-3,20260224,ser-3##20260224,0.1679,0.0000,0.0000
ser-3,20260224,ser-3##20260224,0.1474,3.7037,5.5556
ser-3,20260224,ser-3##20260224,,23.0769,0.0000
ser-3,20260224,ser-3##20260224,0.1231,0.0000,9.5238
ser-3,20260224,ser-3##20260224,0.1323,4.8387,0.0000
ser-3,20260224,ser-3##20260224,0.1693,0.0000,0.0000
ser-3,20260224,ser-3##20260224,0.1021,0.0000,0.0000
ser-3,20260224,ser-3##20260224,0.1431,0.0000,0.0000
ser-3,20260224,ser-3##20260224,0.1219,2.0202,0.0000
ser-3,20260224,ser-3##20260224,,0.0000,19.0476
ser-3,20260224,ser-3##20260224,0.1507,4.6512,0.0000
ser-3,20260224,ser-3##20260224,0.1488,4.6154,2.3077
ser-3,20260224,ser-3##20260224,0.1329,7.4074,7.4074
ser-3,20260224,ser-3##20260224,0.1230,2.4490,4.8980
ser-3,20260224,ser-3##20260224,0.0888,0.0000,24.0000
ser-3,20260224,ser-3##20260224,0.1299,6.1224,3.0612
ser-3,20260224,ser-3##20260224,0.1632,4.8000,0.0000
ser-3,20260224,ser-3##20260224,0.1398,0.0000,0.0000
ser-3,20260224,ser-3##20260224,0.1582,3.2432,3.2432
ser-3,20260224,ser-3##20260224,0.0946,7.7922,0.0000
ser-3,20260224,ser-3##20260224,0.0744,9.6774,9.6774
ser-3,20260224,ser-3##20260224,0.2199,0.0000,0.0000
ser-3,20260224,ser-3##20260224,0.1789,3.7500,3.7500
ser-3,20260224,ser-3##20260224,0.1006,0.0000,0.0000
ser-3,20260224,ser-3##20260224,0.1567,0.0000,0.0000
ser-3,20260224,ser-3##20260224,0.1296,4.6512,0.0000
ser-3,20260224,ser-3##20260224,0.0681,0.0000,0.0000
ser-3,20260224,ser-3##20260224,0.1608,0.0000,0.0000
ser-3,20260224,ser-3##20260224,0.1101,0.0000,0.0000
ser-3,20260224,ser-3##20260224,0.1569,0.0000,0.0000
ser-3,20260224,ser-3##20260224,0.1098,0.0000,0.0000
ser-3,20260224,ser-3##20260224,0.1668,0.0000,0.0000
ser-3,20260224,ser-3##20260224,0.1636,0.0000,0.0000
ser-6,20260218,ser-6##20260218,0.1331,0.8555,1.4259
ser-6,20260218,ser-6##20260218,0.1259,0.7500,0.2500
ser-6,20260218,ser-6##20260218,0.1404,0.0000,0.0000
ser-6,20260218,ser-6##20260218,0.0964,6.7039,6.7039
ser-6,20260218,ser-6##20260218,0.0781,2.3791,2.8549
ser-6,20260218,ser-6##20260218,0.1461,13.3333,26.6667
ser-6,20260218,ser-6##20260218,0.1402,0.0000,0.0000
ser-6,20260218,ser-6##20260218,,0.0000,10.5263
ser-6,20260218,ser-6##20260218,,0.0000,31.5789
ser-6,20260218,ser-6##20260218,0.1291,1.7086,1.9934
ser-6,20260218,ser-6##20260218,0.1276,0.0000,0.0000
ser-6,20260218,ser-6##20260218,0.1370,0.7802,3.1209
ser-6,20260218,ser-6##20260218,0.0798,0.0000,0.0000
ser-6,20260218,ser-6##20260218,0.0915,0.0000,5.8252
ser-6,20260218,ser-6##20260218,0.1593,16.2162,0.0000
ser-6,20260218,ser-6##20260218,0.1188,1.4458,1.4458
ser-6,20260218,ser-6##20260218,0.1449,0.0000,0.0000
ser-6,20260218,ser-6##20260218,0.1782,0.0000,0.0000
ser-6,20260218,ser-6##20260218,0.1464,0.0000,0.0000
ser-6,20260218,ser-6##20260218,0.1155,0.0000,0.0000
ser-6,20260218,ser-6##20260218,0.0859,0.0000,30.7692
ser-6,20260218,ser-6##20260218,0.0916,3.8095,3.8095
ser-6,20260218,ser-6##20260218,0.1731,0.0000,0.0000
ser-6,20260218,ser-6##20260218,0.1399,0.0000,0.0000
ser-6,20260218,ser-6##20260218,0.1251,0.0000,9.0909
ser-6,20260218,ser-6##20260218,0.1309,0.9772,3.9088
ser-6,20260218,ser-6##20260218,0.1528,2.0619,2.0619
ser-6,20260218,ser-6##20260218,,0.0000,28.5714
ser-6,20260218,ser-6##20260218,0.1156,0.0000,37.5000
ser-6,20260218,ser-6##20260218,,17.1429,17.1429
ser-6,20260218,ser-6##20260218,0.1419,0.0000,0.0000
ser-6,20260218,ser-6##20260218,0.0987,0.0000,0.0000
ser-6,20260218,ser-6##20260218,0.0856,3.9216,3.9216
ser-6,20260218,ser-6##20260218,0.1259,0.0000,0.0000
ser-6,20260218,ser-6##20260218,0.0802,0.0000,0.0000
ser-6,20260218,ser-6##20260218,0.1341,0.0000,0.0000
ser-6,20260218,ser-6##20260218,0.0797,0.0000,0.0000
ser-6,20260218,ser-6##20260218,0.1381,0.0000,0.0000
ser-6,20260218,ser-6##20260218,0.0859,0.0000,20.0000
ser-6,20260219,ser-6##20260219,0.1603,0.0000,1.4320
ser-6,20260219,ser-6##20260219,0.1747,0.3104,0.0000
ser-6,20260219,ser-6##20260219,0.1887,0.0000,1.2245
ser-6,20260219,ser-6##20260219,0.1499,0.0000,3.0303
ser-6,20260219,ser-6##20260219,0.1076,0.0000,0.0000
ser-6,20260219,ser-6##20260219,0.2069,0.0000,0.0000
ser-6,20260219,ser-6##20260219,0.1687,0.0000,0.0000
ser-6,20260219,ser-6##20260219,0.1810,0.0000,23.0769
ser-6,20260219,ser-6##20260219,0.1828,0.0000,0.0000
ser-6,20260219,ser-6##20260219,,34.2857,0.0000
ser-6,20260219,ser-6##20260219,0.1503,0.2793,0.0000
ser-6,20260219,ser-6##20260219,0.1445,0.0000,4.0541
ser-6,20260219,ser-6##20260219,0.1227,0.0000,0.0000
ser-6,20260219,ser-6##20260219,0.2003,0.0000,0.0000
ser-6,20260219,ser-6##20260219,0.0796,1.6878,3.3755
ser-6,20260219,ser-6##20260219,0.1656,0.0000,0.0000
ser-6,20260219,ser-6##20260219,0.0937,0.0000,9.8361
ser-6,20260219,ser-6##20260219,,22.2222,0.0000
ser-6,20260219,ser-6##20260219,0.2260,0.0000,0.0000
ser-6,20260219,ser-6##20260219,0.2536,0.0000,0.0000
ser-6,20260219,ser-6##20260219,0.2118,0.0000,0.0000
ser-6,20260219,ser-6##20260219,0.1452,0.0000,0.0000
ser-6,20260219,ser-6##20260219,,0.0000,18.7500
ser-6,20260219,ser-6##20260219,0.1175,0.0000,0.0000
ser-6,20260219,ser-6##20260219,0.1683,19.6721,0.0000
ser-6,20260219,ser-6##20260219,0.1874,7.1429,0.0000
ser-6,20260219,ser-6##20260219,0.1600,0.0000,0.7444
ser-6,20260219,ser-6##20260219,0.1751,0.0000,0.0000
ser-6,20260219,ser-6##20260219,0.1718,0.0000,0.0000
ser-6,20260219,ser-6##20260219,0.0868,13.9535,0.0000
ser-6,20260219,ser-6##20260219,0.1751,0.0000,8.3333
ser-6,20260219,ser-6##20260219,0.1998,0.0000,0.0000
ser-6,20260219,ser-6##20260219,0.0967,2.5751,0.0000
ser-6,20260219,ser-6##20260219,0.1566,1.0345,2.0690
ser-6,20260219,ser-6##20260219,0.1522,0.0000,0.0000
ser-6,20260219,ser-6##20260219,0.1101,24.0000,0.0000
ser-6,20260219,ser-6##20260219,0.1374,0.0000,1.6315
ser-6,20260219,ser-6##20260219,0.1320,0.0000,0.0000
ser-6,20260219,ser-6##20260219,0.1478,0.0000,0.0000
ser-6,20260219,ser-6##20260219,0.1070,0.0000,0.0000
ser-6,20260219,ser-6##20260219,0.1608,0.0000,0.0000
ser-6,20260219,ser-6##20260219,0.1765,2.8037,1.4019
ser-6,20260219,ser-6##20260219,0.1299,4.5455,0.0000
ser-6,20260219,ser-6##20260219,0.1440,0.8242,0.0000
ser-6,20260219,ser-6##20260219,0.1647,0.0000,0.0000
ser-6,20260219,ser-6##20260219,0.1081,3.9474,3.9474
ser-6,20260219,ser-6##20260219,0.1506,0.0000,24.0000
ser-6,20260219,ser-6##20260219,0.1534,0.0000,0.0000
ser-6,20260219,ser-6##20260219,0.1473,0.0000,0.0000
ser-6,20260219,ser-6##20260219,0.1734,0.0000,0.0000
ser-6,20260219,ser-6##20260219,0.1344,0.0000,0.0000
ser-6,20260219,ser-6##20260219,0.1912,0.0000,0.0000
ser-6,20260219,ser-6##20260219,0.1457,0.0000,0.0000
ser-6,20260219,ser-6##20260219,0.1255,7.1856,7.1856
ser-6,20260219,ser-6##20260219,0.1633,0.0000,0.0000
ser-6,20260219,ser-6##20260219,0.0822,4.0359,0.0000
ser-6,20260219,ser-6##20260219,,16.6667,16.6667
ser-6,20260219,ser-6##20260219,0.0896,2.5000,5.0000
ser-6,20260219,ser-6##20260219,0.1727,0.6289,0.6289
ser-6,20260219,ser-6##20260219,0.1302,2.1429,0.0000
ser-6,20260219,ser-6##20260219,0.1835,0.0000,1.5000
ser-6,20260219,ser-6##20260219,0.1734,0.0000,0.0000
ser-6,20260219,ser-6##20260219,0.0704,23.0769,23.0769
ser-6,20260219,ser-6##20260219,0.1392,0.0000,0.0000
ser-6,20260219,ser-6##20260219,0.1676,5.3571,0.0000
ser-6,20260219,ser-6##20260219,0.2048,3.2432,0.0000
ser-6,20260219,ser-6##20260219,0.1503,0.0000,2.7273
ser-6,20260219,ser-6##20260219,0.1328,0.0000,0.0000
ser-6,20260219,ser-6##20260219,0.1735,0.0000,0.0000
ser-6,20260219,ser-6##20260219,0.0791,0.0000,11.6129
ser-6,20260219,ser-6##20260219,0.1199,0.0000,0.0000
ser-6,20260219,ser-6##20260219,0.1749,0.8086,1.6173
ser-6,20260219,ser-6##20260219,,33.3333,0.0000
ser-6,20260219,ser-6##20260219,0.1337,0.0000,0.8955
ser-6,20260219,ser-6##20260219,0.1124,9.2308,0.0000
ser-6,20260219,ser-6##20260219,0.2162,2.5825,0.8608
ser-6,20260219,ser-6##20260219,0.1304,3.4091,0.0000
ser-6,20260219,ser-6##20260219,0.1451,0.9539,0.0000
ser-6,20260219,ser-6##20260219,0.1642,0.0000,0.9772
ser-6,20260219,ser-6##20260219,0.1840,0.0000,0.0000
ser-6,20260219,ser-6##20260219,0.1526,0.0000,0.0000
ser-6,20260219,ser-6##20260219,0.1453,0.0000,0.0000
ser-6,20260219,ser-6##20260219,0.1303,14.2857,0.0000
ser-6,20260219,ser-6##20260219,0.1453,0.0000,8.6331
ser-6,20260219,ser-6##20260219,0.1509,0.0000,0.0000
ser-6,20260219,ser-6##20260219,0.1553,0.0000,0.0000
ser-6,20260219,ser-6##20260219,0.3377,0.0000,0.0000
ser-6,20260219,ser-6##20260219,0.1076,0.0000,0.0000
ser-6,20260219,ser-6##20260219,0.1649,1.6854,0.0000
ser-6,20260219,ser-6##20260219,0.1877,0.0000,0.0000
ser-6,20260219,ser-6##20260219,0.1585,0.0000,0.0000
ser-6,20260219,ser-6##20260219,0.1495,1.8927,0.0000
ser-6,20260219,ser-6##20260219,0.1398,0.0000,0.0000
ser-6,20260219,ser-6##20260219,0.1046,5.7416,0.0000
ser-6,20260219,ser-6##20260219,0.1255,5.0633,2.5316
ser-6,20260219,ser-6##20260219,0.1631,0.0000,0.0000
ser-6,20260219,ser-6##20260219,0.1115,5.8252,0.0000
ser-6,20260219,ser-6##20260219,0.1225,0.0000,0.0000
ser-6,20260219,ser-6##20260219,0.2120,0.0000,0.0000
ser-6,20260219,ser-6##20260219,0.1461,0.0000,0.0000
ser-6,20260219,ser-6##20260219,0.1697,0.0000,0.0000
ser-6,20260219,ser-6##20260219,0.1363,0.0000,0.0000
ser-6,20260221,ser-6##20260221,0.1595,3.1972,1.0657
ser-6,20260221,ser-6##20260221,0.1931,0.0000,16.6667
ser-6,20260221,ser-6##20260221,0.1290,0.0000,0.0000
ser-6,20260221,ser-6##20260221,0.1470,0.0000,0.0000
ser-6,20260221,ser-6##20260221,0.0739,1.2066,0.0000
ser-6,20260221,ser-6##20260221,0.1597,0.8856,1.7712
ser-6,20260221,ser-6##20260221,0.0992,6.3830,0.0000
ser-6,20260221,ser-6##20260221,0.0998,0.6834,0.6834
ser-6,20260221,ser-6##20260221,0.1148,0.0000,0.0000
ser-6,20260221,ser-6##20260221,0.1618,0.0000,0.0000
ser-6,20260221,ser-6##20260221,0.1289,0.0000,0.0000
ser-6,20260221,ser-6##20260221,0.0423,0.0000,0.0000
ser-6,20260221,ser-6##20260221,0.1564,4.3165,0.0000
ser-6,20260221,ser-6##20260221,0.1280,0.0000,0.0000
slc.17.1a,20260209,slc.17.1a##20260209,0.0740,0.0000,0.0000
slc.17.1a,20260209,slc.17.1a##20260209,0.1446,1.7029,0.0000
slc.17.1a,20260209,slc.17.1a##20260209,0.1431,2.0000,1.0000
slc.17.1a,20260209,slc.17.1a##20260209,0.0816,0.0000,0.0000
slc.17.1a,20260209,slc.17.1a##20260209,0.1306,1.8794,0.0000
slc.17.1a,20260209,slc.17.1a##20260209,0.1579,0.0000,0.0000
slc.17.1a,20260209,slc.17.1a##20260209,0.1413,0.0000,1.6620
slc.17.1a,20260209,slc.17.1a##20260209,0.1314,0.8811,0.0000
slc.17.1a,20260209,slc.17.1a##20260209,0.1122,4.2573,2.5544
slc.17.1a,20260209,slc.17.1a##20260209,0.1352,0.4127,0.8253
slc.17.1a,20260209,slc.17.1a##20260209,0.1253,0.0000,0.0000
slc.17.1a,20260209,slc.17.1a##20260209,0.1567,0.0000,0.0000
slc.17.1a,20260209,slc.17.1a##20260209,0.1147,0.0000,0.0000
slc.17.1a,20260209,slc.17.1a##20260209,0.1499,0.0000,0.0000
slc.17.1a,20260209,slc.17.1a##20260209,0.0893,0.0000,5.6604
slc.17.1a,20260209,slc.17.1a##20260209,0.1202,0.7168,4.3011
slc.17.1a,20260209,slc.17.1a##20260209,0.1482,1.1250,1.5000
slc.17.1a,20260209,slc.17.1a##20260209,0.1477,1.4797,1.1097
slc.17.1a,20260209,slc.17.1a##20260209,0.1127,0.0000,5.5300
slc.17.1a,20260209,slc.17.1a##20260209,0.1087,0.0000,0.0000
slc.17.1a,20260209,slc.17.1a##20260209,0.1197,0.0000,0.0000
slc.17.1a,20260209,slc.17.1a##20260209,0.1382,1.2410,0.6205
slc.17.1a,20260209,slc.17.1a##20260209,0.1334,0.0000,0.0000
slc.17.1a,20260209,slc.17.1a##20260209,0.1229,2.0636,1.0318
slc.17.1a,20260209,slc.17.1a##20260209,0.0681,21.2389,0.0000
slc.17.1a,20260209,slc.17.1a##20260209,0.0808,0.0000,0.0000
slc.17.1a,20260209,slc.17.1a##20260209,0.0345,40.0000,0.0000
slc.17.1a,20260209,slc.17.1a##20260209,0.1416,0.0000,0.0000
slc.17.1a,20260209,slc.17.1a##20260209,0.1153,0.8282,0.0000
slc.17.1a,20260209,slc.17.1a##20260209,0.0345,0.0000,11.5385
slc.17.1a,20260209,slc.17.1a##20260209,0.1218,1.6909,0.8455
slc.17.1a,20260209,slc.17.1a##20260209,0.1038,0.0000,0.0000
slc.17.1a,20260209,slc.17.1a##20260209,0.1364,0.0000,0.0000
slc.17.1a,20260209,slc.17.1a##20260209,0.1345,3.9474,2.6316
slc.17.1a,20260209,slc.17.1a##20260209,0.1289,0.0000,0.6342
slc.17.1a,20260209,slc.17.1a##20260209,0.1548,0.6116,0.0000
slc.17.1a,20260209,slc.17.1a##20260209,0.1433,0.0000,0.0000
slc.17.1a,20260209,slc.17.1a##20260209,0.1333,1.1494,3.4483
slc.17.1a,20260209,slc.17.1a##20260209,0.1308,1.7647,1.7647
slc.17.1a,20260209,slc.17.1a##20260209,0.0811,1.7442,0.0000
slc.17.1a,20260209,slc.17.1a##20260209,0.1080,0.0000,0.0000
slc.17.1a,20260209,slc.17.1a##20260209,0.0918,8.0717,0.0000
slc.17.1a,20260209,slc.17.1a##20260209,0.1309,0.7682,0.0000
slc.17.1a,20260209,slc.17.1a##20260209,0.1148,0.0000,1.2739
slc.17.1a,20260209,slc.17.1a##20260209,0.0918,2.7149,2.7149
slc.17.1a,20260209,slc.17.1a##20260209,0.1381,2.3346,2.3346
slc.17.1a,20260209,slc.17.1a##20260209,0.0788,4.1763,4.1763
slc.17.1a,20260209,slc.17.1a##20260209,0.1270,0.0000,0.0000
slc.17.1a,20260209,slc.17.1a##20260209,0.1141,4.2553,4.2553
slc.17.1a,20260209,slc.17.1a##20260209,0.1671,2.5641,2.0513
slc.17.1a,20260209,slc.17.1a##20260209,0.1022,2.4658,3.2877
slc.17.1a,20260209,slc.17.1a##20260209,0.1388,0.0000,1.8750
slc.17.1a,20260209,slc.17.1a##20260209,0.1343,0.0000,0.0000
slc.17.1a,20260209,slc.17.1a##20260209,0.1418,0.0000,1.0169
slc.17.1a,20260209,slc.17.1a##20260209,0.0666,0.0000,15.7895
slc.17.1a,20260209,slc.17.1a##20260209,0.1272,0.0000,0.0000
slc.17.1a,20260209,slc.17.1a##20260209,0.0959,4.7059,4.7059
slc.17.1a,20260209,slc.17.1a##20260209,0.1524,0.0000,0.0000
slc.17.1a,20260209,slc.17.1a##20260209,0.0546,0.0000,28.5714
slc.17.1a,20260209,slc.17.1a##20260209,0.2169,0.0000,0.0000
slc.17.1a,20260209,slc.17.1a##20260209,0.1263,0.4222,2.1112
slc.17.1a,20260209,slc.17.1a##20260209,0.1246,2.9557,0.7389
slc.17.1a,20260209,slc.17.1a##20260209,0.1157,4.2857,4.2857
slc.17.1a,20260209,slc.17.1a##20260209,0.1345,0.0000,0.0000
slc.17.1a,20260209,slc.17.1a##20260209,0.0975,5.5300,0.0000
slc.17.1a,20260209,slc.17.1a##20260209,0.1319,3.7135,1.5915
slc.17.1a,20260209,slc.17.1a##20260209,0.1282,0.0000,0.0000
slc.17.1a,20260209,slc.17.1a##20260209,0.1166,0.0000,0.0000
slc.17.1a,20260209,slc.17.1a##20260209,0.1230,2.2388,2.2388
slc.17.1a,20260209,slc.17.1a##20260209,0.0864,17.3077,0.0000
slc.17.1a,20260209,slc.17.1a##20260209,0.0589,18.7500,0.0000
slc.17.1a,20260209,slc.17.1a##20260209,0.1488,0.0000,0.0000
slc.17.1a,20260209,slc.17.1a##20260209,0.1445,3.0875,3.0875
slc.17.1a,20260209,slc.17.1a##20260209,0.1413,1.7699,0.8850
slc.17.1a,20260209,slc.17.1a##20260209,0.1330,0.0000,0.0000
slc.17.1a,20260209,slc.17.1a##20260209,0.1456,0.0000,0.0000
slc.17.1a,20260209,slc.17.1a##20260209,0.1319,8.5714,12.8571
slc.17.1a,20260209,slc.17.1a##20260209,0.1336,0.0000,0.0000
slc.17.1a,20260209,slc.17.1a##20260209,0.1452,1.3115,0.6557
slc.17.1a,20260209,slc.17.1a##20260209,0.0554,5.0420,2.5210
slc.17.1a,20260209,slc.17.1a##20260209,0.1139,0.0000,0.0000
slc.17.1a,20260209,slc.17.1a##20260209,0.1244,3.1088,1.5544
slc.17.1a,20260209,slc.17.1a##20260209,0.0876,0.0000,0.0000
slc.17.1a,20260209,slc.17.1a##20260209,0.1369,3.4615,2.3077
slc.17.1a,20260209,slc.17.1a##20260209,0.1218,2.1127,0.0000
slc.17.1a,20260209,slc.17.1a##20260209,0.1460,1.6021,0.8011
slc.17.1a,20260209,slc.17.1a##20260209,0.1517,2.3415,2.3415
slc.17.1a,20260209,slc.17.1a##20260209,0.1274,4.1176,1.1765
slc.17.1a,20260209,slc.17.1a##20260209,0.1391,2.1090,3.1634
slc.17.1a,20260209,slc.17.1a##20260209,0.1162,1.5345,1.5345
slc.17.1a,20260209,slc.17.1a##20260209,0.1478,2.7242,2.7242
slc.17.1a,20260209,slc.17.1a##20260209,0.0522,13.6364,0.0000
slc.17.1a,20260209,slc.17.1a##20260209,0.1128,2.0690,0.0000
slc.17.1a,20260209,slc.17.1a##20260209,0.1004,0.6810,2.0431
slc.17.1a,20260209,slc.17.1a##20260209,0.1308,3.2503,1.3001
slc.17.1a,20260209,slc.17.1a##20260209,0.0487,14.2857,0.0000
slc.17.1a,20260209,slc.17.1a##20260209,0.1352,0.0000,0.0000
slc.17.1a,20260209,slc.17.1a##20260209,0.0655,4.0000,1.3333
slc.17.1a,20260209,slc.17.1a##20260209,0.1744,0.0000,15.3846
slc.17.1a,20260209,slc.17.1a##20260209,0.1108,0.0000,0.0000
slc.17.1a,20260209,slc.17.1a##20260209,0.1038,7.2727,3.6364
slc.17.1a,20260209,slc.17.1a##20260209,0.1241,0.0000,0.0000
slc.17.1a,20260209,slc.17.1a##20260209,0.0869,3.9735,3.9735
slc.17.1a,20260209,slc.17.1a##20260209,0.1392,1.4354,2.1531
slc.17.1a,20260209,slc.17.1a##20260209,0.1450,2.2416,2.9888
slc.17.1a,20260209,slc.17.1a##20260209,0.1565,1.9078,2.8617
slc.17.1a,20260209,slc.17.1a##20260209,0.1653,0.0000,0.0000
slc.17.1a,20260209,slc.17.1a##20260209,0.1155,5.5814,5.5814
slc.17.1a,20260209,slc.17.1a##20260209,0.1408,2.1429,0.0000
slc.17.1a,20260209,slc.17.1a##20260209,0.1252,0.0000,0.0000
slc.17.1a,20260209,slc.17.1a##20260209,0.0732,2.5862,1.7241
slc.17.1a,20260209,slc.17.1a##20260209,0.1627,0.0000,0.0000
slc.17.1a,20260209,slc.17.1a##20260209,0.1474,0.0000,0.0000
slc.17.1a,20260209,slc.17.1a##20260209,0.0742,0.0000,0.0000
slc.17.1a,20260209,slc.17.1a##20260209,0.1161,2.7273,6.8182
slc.17.1a,20260209,slc.17.1a##20260209,0.1538,0.0000,0.0000
slc.17.1a,20260209,slc.17.1a##20260209,0.1015,4.0000,8.0000
slc.17.1a,20260209,slc.17.1a##20260209,0.1252,0.0000,0.0000
slc.17.1a,20260209,slc.17.1a##20260209,0.1401,3.6364,1.8182
slc.17.1a,20260209,slc.17.1a##20260209,0.1340,0.9539,0.9539
slc.17.1a,20260209,slc.17.1a##20260209,0.1340,0.0000,0.0000
slc.17.1a,20260209,slc.17.1a##20260209,0.1096,5.4878,5.4878
slc.17.1a,20260209,slc.17.1a##20260209,0.0793,0.0000,0.0000
slc.17.1a,20260209,slc.17.1a##20260209,0.0631,7.5000,0.0000
slc.17.1a,20260209,slc.17.1a##20260209,0.1030,5.9406,0.0000
slc.17.1a,20260209,slc.17.1a##20260209,0.1318,3.2491,0.0000
slc.17.1a,20260209,slc.17.1a##20260209,0.1312,4.3478,4.3478
slc.17.1a,20260209,slc.17.1a##20260209,0.1605,4.0000,2.0000
slc.17.1a,20260209,slc.17.1a##20260209,0.1393,0.0000,0.0000
slc.17.1a,20260209,slc.17.1a##20260209,0.1414,0.0000,2.1053
slc.17.1a,20260209,slc.17.1a##20260209,0.0950,0.0000,0.0000
slc.17.1a,20260209,slc.17.1a##20260209,0.1197,6.5934,0.0000
slc.17.1a,20260209,slc.17.1a##20260209,0.1377,0.0000,0.0000
slc.17.1a,20260209,slc.17.1a##20260209,0.0725,0.0000,19.3548
slc.17.1a,20260209,slc.17.1a##20260209,0.1116,3.4417,2.2945
slc.17.1a,20260209,slc.17.1a##20260209,0.1452,0.0000,0.0000
slc.17.1a,20260209,slc.17.1a##20260209,0.1640,0.0000,0.0000
slc.17.1a,20260209,slc.17.1a##20260209,0.1538,0.0000,0.0000
slc.17.1a,20260209,slc.17.1a##20260209,0.0638,0.0000,3.1088
slc.17.1a,20260209,slc.17.1a##20260209,0.1490,2.0270,6.0811
slc.17.1a,20260209,slc.17.1a##20260209,0.1429,0.0000,0.0000
slc.17.1a,20260209,slc.17.1a##20260209,0.1527,0.0000,0.0000
slc.17.1a,20260209,slc.17.1a##20260209,0.1055,3.9216,2.6144
slc.17.1a,20260209,slc.17.1a##20260209,0.1801,0.0000,0.0000
slc.17.1a,20260209,slc.17.1a##20260209,0.1211,0.0000,0.0000
slc.17.1a,20260209,slc.17.1a##20260209,0.1647,0.0000,0.0000
slc.17.1a,20260209,slc.17.1a##20260209,0.1242,4.1958,4.1958
slc.17.1a,20260209,slc.17.1a##20260209,0.1248,1.3986,1.3986
slc.17.1a,20260209,slc.17.1a##20260209,0.1148,0.0000,0.0000
slc.17.1a,20260209,slc.17.1a##20260209,0.1605,0.0000,0.0000
slc.17.1a,20260209,slc.17.1a##20260209,0.1164,6.1069,4.5802
slc.17.1a,20260209,slc.17.1a##20260209,0.1472,1.9355,3.8710
slc.17.1a,20260209,slc.17.1a##20260209,0.1513,0.0000,0.0000
slc.17.1a,20260209,slc.17.1a##20260209,0.1302,4.2105,4.2105
slc.17.1a,20260209,slc.17.1a##20260209,0.1626,5.7143,2.8571
slc.17.1a,20260209,slc.17.1a##20260209,0.1799,0.0000,0.0000
slc.17.1a,20260209,slc.17.1a##20260209,0.1630,0.0000,0.0000
slc.17.1a,20260209,slc.17.1a##20260209,0.1379,2.1505,2.1505
slc.17.1a,20260209,slc.17.1a##20260209,0.1315,0.0000,0.0000
slc.17.1a,20260209,slc.17.1a##20260209,0.1541,0.0000,0.0000
slc.17.1a,20260209,slc.17.1a##20260209,0.0982,0.0000,1.9802
slc.17.1a,20260209,slc.17.1a##20260209,0.0711,0.0000,4.0956
slc.17.1a,20260209,slc.17.1a##20260209,0.1245,0.0000,0.0000
slc.17.1a,20260209,slc.17.1a##20260209,0.1245,0.0000,0.0000
slc.17.1a,20260209,slc.17.1a##20260209,0.1335,4.1522,6.2284
slc.17.1a,20260209,slc.17.1a##20260209,0.1398,7.0866,2.3622
slc.17.1a,20260209,slc.17.1a##20260209,0.1368,0.0000,0.0000
slc.17.1a,20260209,slc.17.1a##20260209,0.0531,0.0000,0.0000
slc.17.1a,20260209,slc.17.1a##20260209,0.1755,0.0000,0.0000
slc.17.1a,20260209,slc.17.1a##20260209,0.1625,5.0000,2.5000
slc.17.1a,20260209,slc.17.1a##20260209,0.1696,0.0000,0.0000
slc.17.1a,20260209,slc.17.1a##20260209,0.1727,0.0000,0.0000
slc.17.1a,20260209,slc.17.1a##20260209,0.1356,0.0000,0.0000
slc.17.1a,20260209,slc.17.1a##20260209,0.1525,0.0000,0.0000
slc.17.1a,20260209,slc.17.1a##20260209,0.1431,0.0000,0.0000
slc.17.1a,20260209,slc.17.1a##20260209,0.1575,0.0000,0.0000
slc.17.1a,20260209,slc.17.1a##20260209,0.1166,0.0000,0.0000
slc.17.1a,20260209,slc.17.1a##20260209,0.1292,0.0000,0.0000
slc.17.1a,20260209,slc.17.1a##20260209,0.1452,6.3158,3.1579
slc.17.1a,20260209,slc.17.1a##20260209,0.0624,7.1856,0.0000
slc.17.1a,20260209,slc.17.1a##20260209,0.0905,0.0000,0.0000
slc.17.1a,20260209,slc.17.1a##20260209,0.1160,0.0000,0.0000
slc.17.1a,20260209,slc.17.1a##20260209,0.1297,0.0000,0.0000
slc.17.1a,20260209,slc.17.1a##20260209,0.1044,3.8217,3.8217
slc.17.1a,20260209,slc.17.1a##20260209,0.1503,0.0000,0.0000
slc.17.1a,20260209,slc.17.1a##20260209,0.1435,0.0000,0.0000
slc.17.1a,20260209,slc.17.1a##20260209,0.1768,0.0000,0.0000
slc.17.1a,20260209,slc.17.1a##20260209,0.1332,5.7692,0.0000
slc.17.1a,20260209,slc.17.1a##20260209,0.1354,0.0000,0.0000
slc.17.1a,20260209,slc.17.1a##20260209,0.1339,0.0000,0.0000
slc.17.1a,20260209,slc.17.1a##20260209,0.1463,0.0000,0.0000
slc.17.1a,20260209,slc.17.1a##20260209,0.1636,0.0000,0.0000
slc.17.1a,20260209,slc.17.1a##20260209,0.0907,10.0000,10.0000
slc.17.1a,20260210,slc.17.1a##20260210,0.1211,0.7362,0.7362
slc.17.1a,20260210,slc.17.1a##20260210,0.2022,2.1818,0.0000
slc.17.1a,20260210,slc.17.1a##20260210,0.1005,1.8032,0.0000
slc.17.1a,20260210,slc.17.1a##20260210,0.1708,1.6886,1.4071
slc.17.1a,20260210,slc.17.1a##20260210,0.0619,5.5000,1.7500
slc.17.1a,20260210,slc.17.1a##20260210,0.1584,1.2371,0.0000
slc.17.1a,20260210,slc.17.1a##20260210,0.1714,1.0743,1.6115
slc.17.1a,20260210,slc.17.1a##20260210,0.1537,3.4286,0.0000
slc.17.1a,20260210,slc.17.1a##20260210,0.1003,0.0000,2.7972
slc.17.1a,20260210,slc.17.1a##20260210,0.1621,0.0000,0.0000
slc.17.1a,20260210,slc.17.1a##20260210,0.1221,2.9086,3.7396
slc.17.1a,20260210,slc.17.1a##20260210,0.1208,0.0000,0.0000
slc.17.1a,20260210,slc.17.1a##20260210,0.1065,0.0000,8.3333
slc.17.1a,20260210,slc.17.1a##20260210,0.1358,0.0000,0.0000
slc.17.1a,20260210,slc.17.1a##20260210,0.1064,1.5056,0.7528
slc.17.1a,20260210,slc.17.1a##20260210,0.1415,0.0000,0.0000
slc.17.1a,20260210,slc.17.1a##20260210,0.2008,4.7244,4.7244
slc.17.1a,20260210,slc.17.1a##20260210,0.1461,0.0000,0.0000
slc.17.1a,20260211,slc.17.1a##20260211,0.1132,0.7519,1.5038
slc.17.1a,20260211,slc.17.1a##20260211,0.1499,0.0000,0.0000
slc.17.1a,20260211,slc.17.1a##20260211,0.1194,0.0000,0.0000
slc.17.1a,20260211,slc.17.1a##20260211,0.1042,0.0000,0.0000
slc.17.1a,20260211,slc.17.1a##20260211,0.1559,0.0000,0.0000
slc.17.1a,20260211,slc.17.1a##20260211,0.1419,0.0000,0.0000
slc.17.1a,20260211,slc.17.1a##20260211,0.1308,0.0000,0.0000
slc.17.1a,20260211,slc.17.1a##20260211,0.0809,0.0000,0.0000
slc.17.1a,20260211,slc.17.1a##20260211,0.1661,0.0000,0.0000
slc.17.1a,20260211,slc.17.1a##20260211,0.1488,1.8293,3.6585
slc.17.1a,20260211,slc.17.1a##20260211,0.2499,0.0000,0.0000
slc.17.1a,20260211,slc.17.1a##20260211,0.1200,0.0000,0.0000
slc.17.1a,20260211,slc.17.1a##20260211,0.1289,3.7500,3.7500
slc.17.1a,20260211,slc.17.1a##20260211,0.1410,0.0000,2.5316
slc.17.1a,20260211,slc.17.1a##20260211,0.1724,0.0000,0.0000
slc.17.1a,20260211,slc.17.1a##20260211,0.1364,1.6698,1.1132
slc.17.1a,20260211,slc.17.1a##20260211,0.1083,0.0000,0.0000
slc.17.1a,20260211,slc.17.1a##20260211,0.1505,0.0000,0.0000
slc.17.1a,20260211,slc.17.1a##20260211,0.1340,3.3645,2.2430
slc.17.1a,20260211,slc.17.1a##20260211,0.1586,0.0000,0.0000
slc.17.1a,20260211,slc.17.1a##20260211,0.1514,2.3415,0.0000
slc.17.1a,20260211,slc.17.1a##20260211,0.1821,0.7268,0.0000
slc.17.1a,20260211,slc.17.1a##20260211,0.1577,1.3015,0.6508
slc.17.1a,20260211,slc.17.1a##20260211,0.1408,1.6438,0.0000
slc.17.1a,20260211,slc.17.1a##20260211,0.1755,0.0000,0.0000
slc.17.1a,20260211,slc.17.1a##20260211,0.1375,0.4702,0.0000
slc.17.1a,20260211,slc.17.1a##20260211,0.1591,1.3029,0.6515
slc.17.1a,20260211,slc.17.1a##20260211,0.0596,0.0000,0.0000
slc.17.1a,20260211,slc.17.1a##20260211,0.1022,0.0000,0.0000
slc.17.1a,20260211,slc.17.1a##20260211,0.1956,0.0000,0.0000
slc.17.1a,20260211,slc.17.1a##20260211,0.1792,0.0000,0.0000
slc.17.1a,20260211,slc.17.1a##20260211,0.2220,0.6536,0.6536
slc.17.1a,20260211,slc.17.1a##20260211,0.1662,0.0000,0.0000
slc.17.1a,20260211,slc.17.1a##20260211,0.1863,0.0000,0.0000
slc.17.1a,20260211,slc.17.1a##20260211,0.1591,0.0000,0.0000
slc.17.1a,20260211,slc.17.1a##20260211,0.1167,0.0000,0.0000
slc.17.1a,20260211,slc.17.1a##20260211,0.1792,1.3453,0.0000
slc.17.1a,20260211,slc.17.1a##20260211,0.1905,6.7416,3.3708
slc.17.1a,20260211,slc.17.1a##20260211,0.1541,0.0000,0.0000
slc.17.1a,20260211,slc.17.1a##20260211,0.2301,0.0000,0.0000
slc.17.1a,20260211,slc.17.1a##20260211,0.1578,0.0000,0.0000
slc.17.1a,20260211,slc.17.1a##20260211,0.1320,0.0000,0.0000
slc.17.1a,20260211,slc.17.1a##20260211,0.1875,1.7647,0.0000
slc.17.1a,20260211,slc.17.1a##20260211,0.1485,8.8235,0.0000
slc.17.1a,20260211,slc.17.1a##20260211,0.1778,0.0000,0.0000
slc.17.1a,20260211,slc.17.1a##20260211,0.1446,0.0000,0.0000
slc.17.1a,20260211,slc.17.1a##20260211,0.1075,0.0000,0.0000
slc.17.1a,20260211,slc.17.1a##20260211,0.2249,0.0000,0.0000
slc.17.1a,20260211,slc.17.1a##20260211,0.1741,0.0000,0.0000
slc.17.1a,20260211,slc.17.1a##20260211,0.1464,0.0000,0.0000
slc.17.1a,20260211,slc.17.1a##20260211,0.1297,0.0000,0.0000
slc.17.1a,20260211,slc.17.1a##20260211,0.1610,0.0000,0.0000
slc.17.1a,20260211,slc.17.1a##20260211,0.1590,0.0000,0.0000
slc.17.1a,20260211,slc.17.1a##20260211,0.1569,0.4930,0.0000
slc.17.1a,20260211,slc.17.1a##20260211,0.2195,0.0000,0.0000
slc.17.1a,20260211,slc.17.1a##20260211,0.1607,0.0000,0.0000
slc.17.1a,20260211,slc.17.1a##20260211,0.1539,0.0000,0.0000
slc.17.1a,20260211,slc.17.1a##20260211,0.1570,0.0000,0.0000
slc.17.1a,20260211,slc.17.1a##20260211,0.1505,0.0000,0.0000
slc.17.1a,20260211,slc.17.1a##20260211,0.1779,0.0000,0.0000
slc.17.1a,20260211,slc.17.1a##20260211,0.1330,0.0000,0.0000
slc.17.1a,20260211,slc.17.1a##20260211,0.1566,0.0000,0.0000
slc.17.1a,20260211,slc.17.1a##20260211,0.1500,3.2787,0.0000
slc.17.1a,20260211,slc.17.1a##20260211,0.1280,0.0000,0.0000
slc.17.1a,20260211,slc.17.1a##20260211,0.1415,0.0000,0.0000
slc.17.1a,20260211,slc.17.1a##20260211,0.1859,3.7975,0.0000
slc.17.1a,20260211,slc.17.1a##20260211,0.1320,0.0000,0.0000
slc.17.1a,20260211,slc.17.1a##20260211,0.0928,0.0000,0.0000
slc.17.1a,20260211,slc.17.1a##20260211,0.1628,0.0000,0.0000
slc.17.1a,20260211,slc.17.1a##20260211,0.1524,0.0000,0.0000
slc.17.1a,20260211,slc.17.1a##20260211,0.1220,0.0000,0.0000
slc.17.1a,20260211,slc.17.1a##20260211,0.1928,1.0390,0.0000
slc.17.1a,20260211,slc.17.1a##20260211,0.1927,1.0619,0.0000
slc.17.1a,20260211,slc.17.1a##20260211,0.1450,0.0000,0.0000
slc.17.1a,20260211,slc.17.1a##20260211,0.1287,0.0000,0.0000
slc.17.1a,20260211,slc.17.1a##20260211,0.2133,6.0606,6.0606
slc.17.1a,20260211,slc.17.1a##20260211,0.1294,2.1818,2.1818
slc.17.1a,20260211,slc.17.1a##20260211,0.1449,0.0000,0.0000
slc.17.1a,20260211,slc.17.1a##20260211,0.1478,0.0000,0.0000
slc.17.1a,20260211,slc.17.1a##20260211,0.1514,0.0000,0.0000
slc.17.1a,20260211,slc.17.1a##20260211,0.1516,0.0000,0.0000
slc.17.1a,20260211,slc.17.1a##20260211,0.1641,5.1724,0.0000
slc.17.1a,20260211,slc.17.1a##20260211,0.1633,0.0000,0.0000
slc.17.1a,20260211,slc.17.1a##20260211,0.1920,0.0000,0.0000
slc.17.1a,20260211,slc.17.1a##20260211,0.1488,0.0000,0.0000
slc.17.1a,20260211,slc.17.1a##20260211,0.1978,0.0000,0.0000
slc.17.1a,20260211,slc.17.1a##20260211,0.1366,0.0000,0.0000
slc.17.1a,20260211,slc.17.1a##20260211,0.2228,0.0000,0.0000
slc.17.1a,20260211,slc.17.1a##20260211,0.1768,0.0000,0.0000
slc.17.1a,20260211,slc.17.1a##20260211,0.1461,0.0000,9.3750
slc.17.1a,20260211,slc.17.1a##20260211,0.1607,1.2632,1.2632
slc.17.1a,20260211,slc.17.1a##20260211,0.1635,0.0000,0.0000
slc.17.1a,20260211,slc.17.1a##20260211,0.1625,1.5544,0.5181
slc.17.1a,20260211,slc.17.1a##20260211,0.1417,0.0000,0.0000
slc.17.1a,20260211,slc.17.1a##20260211,0.1416,0.0000,0.0000
slc.17.1a,20260211,slc.17.1a##20260211,0.1444,0.0000,0.0000
slc.17.1a,20260211,slc.17.1a##20260211,0.1814,0.0000,0.0000
slc.17.1a,20260211,slc.17.1a##20260211,0.1761,0.0000,0.0000
slc.17.1a,20260211,slc.17.1a##20260211,0.1492,0.0000,0.0000
slc.17.1a,20260211,slc.17.1a##20260211,0.1403,0.0000,0.0000
slc.17.1a,20260211,slc.17.1a##20260211,0.2328,0.0000,0.0000
slc.17.1a,20260211,slc.17.1a##20260211,0.1600,0.0000,0.0000
slc.17.1a,20260211,slc.17.1a##20260211,0.1612,0.0000,0.0000
slc.17.1a,20260211,slc.17.1a##20260211,0.1868,3.3149,1.6575
slc.17.1a,20260211,slc.17.1a##20260211,0.1713,0.0000,0.0000
slc.17.1a,20260211,slc.17.1a##20260211,0.2105,0.0000,0.0000
slc.17.1a,20260211,slc.17.1a##20260211,0.1458,0.0000,0.0000
slc.17.1a,20260211,slc.17.1a##20260211,0.1738,0.0000,0.0000
slc.17.1a,20260211,slc.17.1a##20260211,0.1487,0.0000,0.0000
slc.17.1a,20260211,slc.17.1a##20260211,0.1245,1.2821,1.2821
slc.17.1a,20260211,slc.17.1a##20260211,0.0806,0.0000,0.0000
slc.17.1a,20260211,slc.17.1a##20260211,0.1560,0.0000,0.0000
slc.17.1a,20260211,slc.17.1a##20260211,0.1251,0.0000,0.0000
slc.17.1a,20260211,slc.17.1a##20260211,0.1484,0.0000,0.0000
slc.17.1a,20260211,slc.17.1a##20260211,0.1606,0.0000,0.0000
slc.17.1a,20260211,slc.17.1a##20260211,0.1687,0.0000,0.0000
slc.17.1a,20260211,slc.17.1a##20260211,0.1050,0.0000,0.0000
slc.17.1a,20260211,slc.17.1a##20260211,0.1458,0.0000,0.0000
slc.17.1a,20260211,slc.17.1a##20260211,0.1676,0.0000,0.0000
slc.17.1a,20260211,slc.17.1a##20260211,0.2041,0.0000,0.0000
slc.17.1a,20260211,slc.17.1a##20260211,0.1115,0.0000,0.0000
slc.17.1a,20260211,slc.17.1a##20260211,0.1607,0.0000,1.0949
slc.17.1a,20260211,slc.17.1a##20260211,0.1325,0.0000,0.0000
slc.17.1a,20260211,slc.17.1a##20260211,0.1619,0.0000,0.0000
slc.17.1a,20260211,slc.17.1a##20260211,0.1498,0.0000,0.0000
slc.17.1a,20260211,slc.17.1a##20260211,0.1808,0.0000,0.0000
slc.17.1a,20260211,slc.17.1a##20260211,0.1661,0.0000,0.0000
slc.17.1a,20260211,slc.17.1a##20260211,0.1472,0.0000,0.0000
slc.17.1a,20260211,slc.17.1a##20260211,0.1463,0.0000,0.0000
slc.17.1a,20260211,slc.17.1a##20260211,0.1915,0.0000,0.0000
slc.17.1a,20260211,slc.17.1a##20260211,0.1665,0.0000,0.0000
slc.17.1a,20260211,slc.17.1a##20260211,0.1272,0.0000,0.0000
slc.17.1a,20260211,slc.17.1a##20260211,0.1556,0.0000,0.0000
slc.17.1a,20260211,slc.17.1a##20260211,0.1253,0.0000,0.0000
slc.17.1a,20260211,slc.17.1a##20260211,0.1107,0.0000,0.0000
slc.17.1a,20260211,slc.17.1a##20260211,0.1449,0.0000,0.0000
slc.17.1a,20260211,slc.17.1a##20260211,0.2218,0.0000,0.0000
slc.17.1a,20260211,slc.17.1a##20260211,0.1784,0.0000,0.0000
slc.17.1a,20260211,slc.17.1a##20260211,0.1322,0.0000,0.0000
slc.17.1a,20260211,slc.17.1a##20260211,0.1984,0.0000,0.0000
slc.17.1a,20260211,slc.17.1a##20260211,0.1482,0.0000,0.0000
slc.17.1a,20260211,slc.17.1a##20260211,0.1965,0.0000,0.0000
slc.17.1a,20260211,slc.17.1a##20260211,0.1787,0.0000,0.0000
slc.17.1a,20260211,slc.17.1a##20260211,0.1022,0.0000,0.0000
slc.17.1a,20260211,slc.17.1a##20260211,0.1408,0.0000,0.0000
slc.17.1a,20260211,slc.17.1a##20260211,0.1186,0.0000,0.0000
slc.17.1a,20260211,slc.17.1a##20260211,0.1540,0.0000,0.0000
slc.17.1a,20260211,slc.17.1a##20260211,0.1992,7.0588,3.5294
slc.17.1a,20260211,slc.17.1a##20260211,0.1393,0.0000,0.0000
slc.17.1a,20260211,slc.17.1a##20260211,0.1354,0.0000,0.0000
slc.17.1a,20260211,slc.17.1a##20260211,0.1363,0.0000,0.0000
slc.17.1a,20260211,slc.17.1a##20260211,0.1278,0.0000,0.0000
slc.17.1a,20260211,slc.17.1a##20260211,0.1631,0.0000,0.0000
slc.17.1a,20260211,slc.17.1a##20260211,0.1077,0.0000,0.0000
slc.17.1a,20260211,slc.17.1a##20260211,0.1615,0.0000,0.0000
slc.17.1a,20260211,slc.17.1a##20260211,0.0569,0.0000,0.0000
slc.17.1a,20260211,slc.17.1a##20260211,0.1556,0.0000,0.0000
slc.17.1a,20260211,slc.17.1a##20260211,0.1345,0.0000,0.0000
slc.17.1a,20260211,slc.17.1a##20260211,0.1491,0.0000,0.0000
sqv-7,20260225,sqv-7##20260225,0.0554,2.2528,0.7509
sqv-7,20260225,sqv-7##20260225,0.1178,2.6059,1.3029
sqv-7,20260225,sqv-7##20260225,0.1047,0.7566,0.5044
sqv-7,20260225,sqv-7##20260225,0.0708,0.0000,0.0000
sqv-7,20260225,sqv-7##20260225,0.1237,0.9429,0.9429
sqv-7,20260225,sqv-7##20260225,0.0867,0.0000,19.3548
sqv-7,20260225,sqv-7##20260225,0.1122,0.0000,6.8966
sqv-7,20260225,sqv-7##20260225,0.0738,0.0000,0.0000
sqv-7,20260225,sqv-7##20260225,0.0980,0.0000,0.0000
sqv-7,20260225,sqv-7##20260225,0.0675,0.0000,0.0000
sqv-7,20260225,sqv-7##20260225,0.0474,0.0000,0.0000
sqv-7,20260225,sqv-7##20260225,0.0635,0.0000,4.0134
sqv-7,20260225,sqv-7##20260225,0.1112,1.7192,5.1576
sqv-7,20260225,sqv-7##20260225,0.1252,0.0000,0.0000
sqv-7,20260225,sqv-7##20260225,,21.4286,0.0000
sqv-7,20260225,sqv-7##20260225,0.1423,3.3627,2.4019
sqv-7,20260225,sqv-7##20260225,0.0885,23.0769,0.0000
sqv-7,20260225,sqv-7##20260225,0.1004,3.4884,0.5814
sqv-7,20260225,sqv-7##20260225,0.0805,1.4388,2.8777
sqv-7,20260225,sqv-7##20260225,0.1129,0.0000,0.0000
sqv-7,20260225,sqv-7##20260225,0.1102,2.6549,13.2743
sqv-7,20260225,sqv-7##20260225,0.1270,6.1697,5.3985
sqv-7,20260225,sqv-7##20260225,0.0980,0.0000,30.0000
sqv-7,20260225,sqv-7##20260225,0.1130,3.0875,4.1166
sqv-7,20260225,sqv-7##20260225,0.1332,0.0000,0.0000
sqv-7,20260225,sqv-7##20260225,0.1329,3.8156,0.9539
sqv-7,20260225,sqv-7##20260225,0.1559,2.1053,0.0000
sqv-7,20260225,sqv-7##20260225,0.1191,0.0000,1.6086
sqv-7,20260225,sqv-7##20260225,0.0788,0.0000,0.0000
sqv-7,20260225,sqv-7##20260225,0.1141,0.0000,7.0588
sqv-7,20260225,sqv-7##20260225,0.0495,16.2162,0.0000
sqv-7,20260225,sqv-7##20260225,0.1401,0.0000,0.0000
sqv-7,20260225,sqv-7##20260225,0.0814,5.3097,0.0000
sqv-7,20260225,sqv-7##20260225,0.0783,0.0000,0.0000
sqv-7,20260225,sqv-7##20260225,0.1562,0.0000,0.0000
sqv-7,20260226,sqv-7##20260226,0.0970,4.3756,3.8286
sqv-7,20260226,sqv-7##20260226,0.0791,2.7397,11.5068
sqv-7,20260226,sqv-7##20260226,0.0770,5.9497,5.4920
sqv-7,20260226,sqv-7##20260226,0.0585,4.5019,8.7536
sqv-7,20260226,sqv-7##20260226,0.0659,2.5000,4.2500
sqv-7,20260226,sqv-7##20260226,0.0880,3.9024,9.7561
sqv-7,20260226,sqv-7##20260226,0.0710,5.4054,2.7027
sqv-7,20260226,sqv-7##20260226,0.0579,0.7522,1.0029
sqv-7,20260226,sqv-7##20260226,0.0653,2.7027,5.4054
sqv-7,20260226,sqv-7##20260226,0.0994,4.5000,7.2500
sqv-7,20260226,sqv-7##20260226,0.0960,1.4815,1.9753
sqv-7,20260226,sqv-7##20260226,0.0933,7.5710,12.9788
sqv-7,20260226,sqv-7##20260226,0.0746,2.0548,4.1096
sqv-7,20260226,sqv-7##20260226,0.0767,0.0000,10.1695
sqv-7,20260226,sqv-7##20260226,0.0925,0.0000,3.1842
sqv-7,20260226,sqv-7##20260226,0.1123,0.0000,0.0000
sqv-7,20260226,sqv-7##20260226,0.0594,0.0000,0.0000
sqv-7,20260226,sqv-7##20260226,0.0577,14.2857,0.0000
sqv-7,20260226,sqv-7##20260226,0.0483,0.0000,0.0000
sqv-7,20260226,sqv-7##20260226,0.0712,1.2048,4.8193
sqv-7,20260226,sqv-7##20260226,0.0776,3.8685,0.7737
sqv-7,20260226,sqv-7##20260226,0.0955,1.3746,4.8110
sqv-7,20260226,sqv-7##20260226,0.0509,0.0000,31.2500
sqv-7,20260226,sqv-7##20260226,0.0883,2.2770,2.8463
sqv-7,20260226,sqv-7##20260226,0.1069,0.4766,8.5782
sqv-7,20260226,sqv-7##20260226,0.0758,0.0000,0.0000
sqv-7,20260226,sqv-7##20260226,0.0622,0.0000,0.0000
sqv-7,20260226,sqv-7##20260226,0.0876,0.0000,0.0000
sqv-7,20260226,sqv-7##20260226,0.0888,0.0000,0.0000
sqv-7,20260226,sqv-7##20260226,0.1110,5.4054,2.7027
sqv-7,20260226,sqv-7##20260226,0.1091,2.4615,2.4615
sqv-7,20260226,sqv-7##20260226,0.0780,0.0000,2.5237
sqv-7,20260226,sqv-7##20260226,0.1059,1.7208,1.1472
sqv-7,20260226,sqv-7##20260226,0.0969,1.0733,3.2200
sqv-7,20260226,sqv-7##20260226,0.0674,2.1661,8.6643
sqv-7,20260226,sqv-7##20260226,0.0987,2.7149,0.0000
sqv-7,20260226,sqv-7##20260226,0.0879,4.2654,7.5829
sqv-7,20260226,sqv-7##20260226,0.1094,0.0000,10.9091
sqv-7,20260226,sqv-7##20260226,0.0692,5.2957,1.0591
sqv-7,20260226,sqv-7##20260226,0.1192,4.0761,3.2609
sqv-7,20260226,sqv-7##20260226,0.1191,0.0000,0.0000
sqv-7,20260226,sqv-7##20260226,0.0847,0.0000,0.5333
sqv-7,20260226,sqv-7##20260226,0.0870,2.6163,1.7442
sqv-7,20260226,sqv-7##20260226,0.0789,2.3904,5.3785
sqv-7,20260226,sqv-7##20260226,0.1114,6.4000,1.6000
sqv-7,20260226,sqv-7##20260226,0.1457,0.0000,0.0000
sqv-7,20260226,sqv-7##20260226,0.0800,0.0000,0.0000
sqv-7,20260226,sqv-7##20260226,0.0608,5.1724,5.1724
sqv-7,20260226,sqv-7##20260226,0.0858,2.6667,2.0000
sqv-7,20260226,sqv-7##20260226,0.0637,6.3269,2.1090
sqv-7,20260226,sqv-7##20260226,0.0943,0.6349,1.2698
sqv-7,20260226,sqv-7##20260226,0.0750,0.0000,0.0000
sqv-7,20260226,sqv-7##20260226,0.0707,0.0000,6.0000
sqv-7,20260226,sqv-7##20260226,0.1271,0.0000,0.0000
sqv-7,20260226,sqv-7##20260226,0.0699,9.8765,4.9383
sqv-7,20260226,sqv-7##20260226,0.0839,15.0000,0.0000
sqv-7,20260226,sqv-7##20260226,0.0654,0.0000,0.0000
sqv-7,20260226,sqv-7##20260226,0.1113,2.3392,2.3392
sqv-7,20260226,sqv-7##20260226,0.0926,0.0000,0.0000
sqv-7,20260226,sqv-7##20260226,0.1333,13.3333,13.3333
sqv-7,20260226,sqv-7##20260226,0.0840,5.4135,8.1203
sqv-7,20260226,sqv-7##20260226,0.0916,0.0000,0.0000
sqv-7,20260226,sqv-7##20260226,0.0396,17.6471,17.6471
sqv-7,20260226,sqv-7##20260226,0.0825,6.5934,2.1978
sqv-7,20260226,sqv-7##20260226,0.0952,0.0000,9.1371
sqv-7,20260226,sqv-7##20260226,0.0939,2.9460,3.9280
sqv-7,20260226,sqv-7##20260226,0.0712,1.0000,5.0000
sqv-7,20260226,sqv-7##20260226,0.0737,4.0268,11.0738
sqv-7,20260226,sqv-7##20260226,0.0780,0.0000,1.0435
sqv-7,20260226,sqv-7##20260226,0.0665,4.9383,2.4691
sqv-7,20260226,sqv-7##20260226,0.1011,7.7088,1.2848
sqv-7,20260226,sqv-7##20260226,0.0576,6.0976,4.8780
sqv-7,20260226,sqv-7##20260226,0.1134,6.6815,10.6904
sqv-7,20260226,sqv-7##20260226,0.1153,0.0000,0.0000
sqv-7,20260226,sqv-7##20260226,0.0730,8.6957,0.0000
sqv-7,20260226,sqv-7##20260226,0.0601,0.0000,0.0000
sqv-7,20260226,sqv-7##20260226,0.1221,1.6438,0.0000
sqv-7,20260226,sqv-7##20260226,0.0539,0.0000,5.6426
sqv-7,20260226,sqv-7##20260226,0.0901,5.9211,3.9474
sqv-7,20260226,sqv-7##20260226,0.0861,6.3158,6.3158
sqv-7,20260226,sqv-7##20260226,0.1218,0.0000,0.0000
sqv-7,20260226,sqv-7##20260226,0.1000,10.1695,0.0000
sqv-7,20260226,sqv-7##20260226,0.0948,0.0000,3.0151
sqv-7,20260226,sqv-7##20260226,0.0948,0.0000,0.0000
sqv-7,20260226,sqv-7##20260226,0.1441,14.3541,2.8708
sqv-7,20260226,sqv-7##20260226,0.1234,5.4054,5.4054
sqv-7,20260226,sqv-7##20260226,0.1117,11.8227,14.7783
sqv-7,20260226,sqv-7##20260226,0.0810,4.4444,13.3333
sqv-7,20260226,sqv-7##20260226,0.1008,0.0000,0.0000
sqv-7,20260226,sqv-7##20260226,0.0711,4.3165,0.0000
sqv-7,20260226,sqv-7##20260226,0.0466,13.2353,4.4118
sqv-7,20260226,sqv-7##20260226,,0.0000,11.2150
sqv-7,20260227,sqv-7##20260227,0.1004,0.0000,1.0122
sqv-7,20260227,sqv-7##20260227,0.0472,1.5748,6.2992
sqv-7,20260227,sqv-7##20260227,0.0774,0.0000,2.5496
sqv-7,20260227,sqv-7##20260227,0.1003,0.6550,3.2751
sqv-7,20260227,sqv-7##20260227,0.0592,5.7554,7.1942
sqv-7,20260227,sqv-7##20260227,0.1006,0.8535,3.4139
sqv-7,20260227,sqv-7##20260227,0.0762,1.5957,0.0000
sqv-7,20260227,sqv-7##20260227,0.0614,0.0000,0.0000
sqv-7,20260227,sqv-7##20260227,0.0752,0.0000,0.0000
sqv-7,20260227,sqv-7##20260227,0.0848,0.0000,14.8148
sqv-7,20260227,sqv-7##20260227,0.0859,0.0000,15.7895
sqv-7,20260227,sqv-7##20260227,0.1025,0.0000,5.5453
sqv-7,20260227,sqv-7##20260227,0.0777,9.8361,9.8361
sqv-7,20260227,sqv-7##20260227,0.1120,0.0000,7.5377
sqv-7,20260227,sqv-7##20260227,0.1101,0.0000,0.0000
sqv-7,20260227,sqv-7##20260227,0.0731,1.4218,8.5308
sqv-7,20260227,sqv-7##20260227,0.0993,1.7946,1.1964
sqv-7,20260227,sqv-7##20260227,0.0889,2.8481,17.0886
sqv-7,20260227,sqv-7##20260227,0.0620,5.1613,5.1613
sqv-7,20260227,sqv-7##20260227,0.0895,0.7884,0.0000
sqv-7,20260227,sqv-7##20260227,0.0777,0.0000,14.8148
sqv-7,20260227,sqv-7##20260227,0.0906,7.1713,4.7809
sqv-7,20260227,sqv-7##20260227,0.1230,0.0000,0.0000
sqv-7,20260227,sqv-7##20260227,0.1081,0.5530,1.1060
sqv-7,20260227,sqv-7##20260227,0.0828,2.7397,0.6849
sqv-7,20260227,sqv-7##20260227,0.0899,0.0000,0.0000
sqv-7,20260227,sqv-7##20260227,0.0910,0.0000,0.0000
sqv-7,20260227,sqv-7##20260227,,6.7416,13.4831
sqv-7,20260227,sqv-7##20260227,0.0991,0.0000,0.0000
sqv-7,20260227,sqv-7##20260227,0.0743,18.7500,18.7500
sqv-7,20260227,sqv-7##20260227,0.1590,0.0000,0.0000
sqv-7,20260227,sqv-7##20260227,0.0627,0.0000,0.0000
sqv-7,20260227,sqv-7##20260227,0.0462,0.0000,13.3333
sqv-7,20260227,sqv-7##20260227,0.1038,0.0000,0.0000
sqv-7,20260227,sqv-7##20260227,0.0963,0.0000,3.3333
sqv-7,20260227,sqv-7##20260227,0.1021,6.2500,3.7500
sqv-7,20260227,sqv-7##20260227,0.0505,4.3165,4.3165
sqv-7,20260227,sqv-7##20260227,0.0969,0.0000,0.0000
sqv-7,20260227,sqv-7##20260227,0.0824,2.9915,4.7009
sqv-7,20260227,sqv-7##20260227,0.1024,0.0000,2.4965
sqv-7,20260227,sqv-7##20260227,0.1204,0.0000,1.2295
sqv-7,20260227,sqv-7##20260227,0.0525,13.2780,3.3195
sqv-7,20260227,sqv-7##20260227,0.0804,11.5385,5.7692
sqv-7,20260227,sqv-7##20260227,0.0620,0.0000,5.5300
sqv-7,20260227,sqv-7##20260227,0.1002,0.0000,1.0686
sqv-7,20260227,sqv-7##20260227,0.1015,5.7692,0.0000
sqv-7,20260227,sqv-7##20260227,0.0752,0.0000,0.0000
sqv-7,20260227,sqv-7##20260227,0.0901,1.2320,4.9281
sqv-7,20260227,sqv-7##20260227,0.0935,0.0000,3.8095
sqv-7,20260227,sqv-7##20260227,0.0874,0.0000,0.0000
sqv-7,20260227,sqv-7##20260227,0.0996,0.0000,10.7143
sqv-7,20260227,sqv-7##20260227,0.0806,0.0000,5.7252
sqv-7,20260227,sqv-7##20260227,0.1041,0.0000,1.2658
sqv-7,20260227,sqv-7##20260227,0.1005,0.0000,0.0000
sqv-7,20260227,sqv-7##20260227,0.0740,0.0000,0.0000
sqv-7,20260227,sqv-7##20260227,0.0981,0.0000,0.0000
sqv-7,20260227,sqv-7##20260227,0.1256,8.4507,8.4507
sqv-7,20260227,sqv-7##20260227,0.0917,11.7647,0.0000
sqv-7,20260227,sqv-7##20260227,0.0976,0.0000,0.0000
sqv-7,20260227,sqv-7##20260227,0.0751,0.0000,0.0000
sqv-7,20260227,sqv-7##20260227,0.0706,8.1081,0.0000
sqv-7,20260227,sqv-7##20260227,0.0877,2.1687,0.7229
sqv-7,20260227,sqv-7##20260227,0.0904,1.4545,0.0000
sqv-7,20260227,sqv-7##20260227,0.1214,0.0000,35.2941
sqv-7,20260227,sqv-7##20260227,0.0926,3.1579,0.0000
sqv-7,20260227,sqv-7##20260227,0.0617,7.2414,5.1724
sqv-7,20260227,sqv-7##20260227,0.0534,0.0000,0.9479
sqv-7,20260227,sqv-7##20260227,0.0736,0.0000,0.0000
sqv-7,20260227,sqv-7##20260227,0.0907,0.0000,17.6471
sqv-7,20260227,sqv-7##20260227,0.0861,0.0000,0.0000
sqv-7,20260227,sqv-7##20260227,0.1111,0.0000,0.0000
sqv-7,20260227,sqv-7##20260227,0.1913,17.1429,0.0000
sqv-7,20260227,sqv-7##20260227,0.1088,4.7244,18.8976
sqv-7,20260227,sqv-7##20260227,0.1078,0.0000,0.0000
sqv-7,20260227,sqv-7##20260227,0.0806,0.0000,1.2552
sqv-7,20260227,sqv-7##20260227,0.0943,0.0000,0.0000
sqv-7,20260227,sqv-7##20260227,0.0526,7.5676,4.3243
sqv-7,20260227,sqv-7##20260227,0.0942,0.0000,12.2449
sqv-7,20260227,sqv-7##20260227,0.1375,0.0000,0.0000
sqv-7,20260227,sqv-7##20260227,0.0947,0.0000,0.0000
sqv-7,20260227,sqv-7##20260227,0.1127,0.0000,0.0000
sqv-7,20260227,sqv-7##20260227,0.1159,0.0000,3.5363
sqv-7,20260227,sqv-7##20260227,0.1147,0.0000,0.0000
sqv-7,20260227,sqv-7##20260227,0.1320,0.0000,0.0000
sqv-7,20260227,sqv-7##20260227,,16.1725,19.4070
sqv-7,20260227,sqv-7##20260227,0.0901,0.0000,1.4851
sqv-7,20260227,sqv-7##20260227,0.1017,0.0000,0.0000
sqv-7,20260227,sqv-7##20260227,,13.3333,13.3333
sqv-7,20260227,sqv-7##20260227,0.1065,0.0000,15.0000
sqv-7,20260227,sqv-7##20260227,0.0449,18.4615,27.6923
sqv-7,20260227,sqv-7##20260227,0.1035,0.0000,0.0000
sqv-7,20260227,sqv-7##20260227,0.0848,0.0000,2.9557
sqv-7,20260227,sqv-7##20260227,0.0740,5.6338,5.6338
sqv-7,20260227,sqv-7##20260227,0.0922,0.0000,0.0000
sqv-7,20260227,sqv-7##20260227,0.0775,0.0000,3.3708
sqv-7,20260227,sqv-7##20260227,0.0947,0.0000,8.4507
sqv-7,20260227,sqv-7##20260227,0.0561,5.5046,16.5138
sqv-7,20260227,sqv-7##20260227,0.0578,0.0000,0.0000
sqv-7,20260227,sqv-7##20260227,0.0932,0.0000,0.0000
sqv-7,20260227,sqv-7##20260227,0.1088,0.0000,0.0000
sqv-7,20260227,sqv-7##20260227,0.1482,0.0000,24.0000
tbh-1,20260123,tbh-1##20260123,0.1331,0.0000,0.0000
tbh-1,20260123,tbh-1##20260123,0.1545,0.0000,0.0000
tbh-1,20260123,tbh-1##20260123,0.1483,0.0000,0.9146
tbh-1,20260123,tbh-1##20260123,0.2315,0.0000,0.0000
tbh-1,20260123,tbh-1##20260123,0.1398,0.0000,0.0000
tbh-1,20260123,tbh-1##20260123,0.1362,0.0000,0.0000
tbh-1,20260123,tbh-1##20260123,0.1410,0.0000,2.9508
tbh-1,20260123,tbh-1##20260123,0.1734,0.0000,0.0000
tbh-1,20260123,tbh-1##20260123,0.1446,2.0548,4.1096
tbh-1,20260123,tbh-1##20260123,0.1386,0.0000,0.0000
tbh-1,20260123,tbh-1##20260123,0.1527,0.0000,0.0000
tbh-1,20260123,tbh-1##20260123,0.0836,0.0000,0.0000
tbh-1,20260123,tbh-1##20260123,0.1272,1.0045,1.6741
tbh-1,20260123,tbh-1##20260123,0.1610,0.0000,3.4091
tbh-1,20260123,tbh-1##20260123,0.1663,0.0000,0.0000
tbh-1,20260123,tbh-1##20260123,0.1483,1.1173,1.6760
tbh-1,20260123,tbh-1##20260123,0.1549,0.0000,0.0000
tbh-1,20260123,tbh-1##20260123,0.1341,0.0000,2.4291
tbh-1,20260123,tbh-1##20260123,0.1902,0.0000,0.0000
tbh-1,20260123,tbh-1##20260123,0.1680,0.0000,0.0000
tbh-1,20260123,tbh-1##20260123,0.1606,0.0000,0.0000
tbh-1,20260123,tbh-1##20260123,0.1675,0.9662,0.0000
tbh-1,20260123,tbh-1##20260123,0.1762,0.0000,0.0000
tbh-1,20260123,tbh-1##20260123,0.1235,0.0000,0.0000
tbh-1,20260123,tbh-1##20260123,0.1610,0.0000,0.0000
tbh-1,20260123,tbh-1##20260123,0.2110,0.0000,2.0979
tbh-1,20260123,tbh-1##20260123,0.1747,0.0000,0.0000
tbh-1,20260123,tbh-1##20260123,0.1412,0.0000,0.0000
tbh-1,20260123,tbh-1##20260123,0.1973,0.0000,0.0000
tbh-1,20260123,tbh-1##20260123,0.2045,0.0000,0.0000
tbh-1,20260123,tbh-1##20260123,0.1491,0.0000,5.1064
tbh-1,20260123,tbh-1##20260123,0.1504,0.0000,0.4580
tbh-1,20260123,tbh-1##20260123,0.1656,0.0000,0.0000
tbh-1,20260123,tbh-1##20260123,0.1393,0.0000,0.0000
tbh-1,20260123,tbh-1##20260123,0.1531,0.0000,0.0000
tbh-1,20260123,tbh-1##20260123,0.1858,0.0000,4.5455
tbh-1,20260123,tbh-1##20260123,0.1484,1.6901,1.6901
tbh-1,20260123,tbh-1##20260123,0.1435,1.1522,3.1685
tbh-1,20260123,tbh-1##20260123,0.1480,0.0000,0.0000
tbh-1,20260123,tbh-1##20260123,0.1415,0.7092,1.4184
tbh-1,20260123,tbh-1##20260123,0.1832,0.0000,0.0000
tbh-1,20260123,tbh-1##20260123,0.1186,0.0000,0.0000
tbh-1,20260123,tbh-1##20260123,0.1387,0.0000,0.0000
tbh-1,20260123,tbh-1##20260123,0.1529,0.0000,0.0000
tbh-1,20260123,tbh-1##20260123,0.1459,1.6529,1.1019
tbh-1,20260123,tbh-1##20260123,0.1223,0.0000,0.0000
tbh-1,20260123,tbh-1##20260123,0.1512,0.0000,0.0000
tbh-1,20260123,tbh-1##20260123,0.1834,1.5345,6.1381
tbh-1,20260123,tbh-1##20260123,0.1464,0.0000,0.0000
tbh-1,20260123,tbh-1##20260123,0.2065,0.0000,2.3077
tbh-1,20260123,tbh-1##20260123,0.1255,1.0471,2.0942
tbh-1,20260123,tbh-1##20260123,0.1556,0.0000,1.4337
tbh-1,20260123,tbh-1##20260123,0.1549,0.0000,2.4194
tbh-1,20260123,tbh-1##20260123,0.1439,0.0000,0.0000
tbh-1,20260123,tbh-1##20260123,0.1369,0.0000,1.0798
tbh-1,20260123,tbh-1##20260123,0.1040,0.0000,0.0000
tbh-1,20260123,tbh-1##20260123,0.1176,0.0000,0.0000
tbh-1,20260123,tbh-1##20260123,0.0862,0.0000,5.1282
tbh-1,20260123,tbh-1##20260123,0.1912,0.0000,0.9804
tbh-1,20260123,tbh-1##20260123,0.1008,0.0000,6.0000
tbh-1,20260123,tbh-1##20260123,0.1308,0.0000,0.0000
tbh-1,20260123,tbh-1##20260123,0.1494,0.0000,2.1429
tbh-1,20260123,tbh-1##20260123,0.1118,0.0000,0.0000
tbh-1,20260123,tbh-1##20260123,0.1512,0.0000,0.0000
tbh-1,20260123,tbh-1##20260123,0.1394,1.7621,0.0000
tbh-1,20260123,tbh-1##20260123,0.1424,3.8339,2.8754
tbh-1,20260123,tbh-1##20260123,0.1603,1.9355,0.0000
tbh-1,20260123,tbh-1##20260123,0.1306,0.0000,5.8824
tbh-1,20260123,tbh-1##20260123,0.1616,0.0000,0.0000
tbh-1,20260123,tbh-1##20260123,0.1021,5.2863,5.2863
tbh-1,20260123,tbh-1##20260123,0.1844,0.0000,0.0000
tbh-1,20260123,tbh-1##20260123,0.1733,0.0000,0.0000
tbh-1,20260123,tbh-1##20260123,0.1091,2.2989,6.8966
tbh-1,20260123,tbh-1##20260123,0.1433,3.3520,3.3520
tbh-1,20260123,tbh-1##20260123,0.1652,3.1513,1.8908
tbh-1,20260123,tbh-1##20260123,0.1236,0.0000,0.0000
tbh-1,20260123,tbh-1##20260123,0.1477,0.5859,1.1719
tbh-1,20260123,tbh-1##20260123,0.1302,0.0000,0.0000
tbh-1,20260123,tbh-1##20260123,0.1776,0.0000,0.0000
tbh-1,20260123,tbh-1##20260123,0.1552,3.4483,0.0000
tbh-1,20260123,tbh-1##20260123,0.1401,0.0000,0.0000
tbh-1,20260123,tbh-1##20260123,0.1375,0.0000,0.0000
tbh-1,20260123,tbh-1##20260123,0.1398,0.0000,0.0000
tbh-1,20260123,tbh-1##20260123,0.1346,0.0000,0.0000
tbh-1,20260123,tbh-1##20260123,0.1113,3.3755,1.6878
tbh-1,20260123,tbh-1##20260123,0.1251,1.6086,3.2172
tbh-1,20260123,tbh-1##20260123,0.1564,0.0000,0.0000
tbh-1,20260123,tbh-1##20260123,0.0846,0.0000,20.6897
tbh-1,20260123,tbh-1##20260123,0.1251,4.6875,0.0000
tbh-1,20260123,tbh-1##20260123,0.1255,0.0000,1.1976
tbh-1,20260123,tbh-1##20260123,0.1639,2.7397,2.7397
tbh-1,20260123,tbh-1##20260123,0.1641,0.0000,0.9375
tbh-1,20260123,tbh-1##20260123,0.1416,0.0000,0.0000
tbh-1,20260123,tbh-1##20260123,0.1309,0.0000,1.9200
tbh-1,20260123,tbh-1##20260123,0.1362,0.0000,1.0889
tbh-1,20260123,tbh-1##20260123,0.1723,0.0000,1.5831
tbh-1,20260123,tbh-1##20260123,0.1424,0.0000,0.0000
tbh-1,20260123,tbh-1##20260123,0.1669,0.0000,0.0000
tbh-1,20260123,tbh-1##20260123,0.1655,0.0000,0.0000
tbh-1,20260123,tbh-1##20260123,0.1764,1.1788,2.3576
tbh-1,20260123,tbh-1##20260123,0.1310,0.0000,0.0000
tbh-1,20260123,tbh-1##20260123,0.1277,0.0000,0.0000
tbh-1,20260123,tbh-1##20260123,0.1458,0.0000,13.0435
tbh-1,20260123,tbh-1##20260123,0.1024,0.0000,11.7647
tbh-1,20260123,tbh-1##20260123,0.1521,0.0000,0.0000
tbh-1,20260123,tbh-1##20260123,0.1309,0.0000,0.0000
tbh-1,20260123,tbh-1##20260123,0.1390,0.0000,0.0000
tbh-1,20260123,tbh-1##20260123,0.1706,8.9552,8.9552
tbh-1,20260124,tbh-1##20260124,0.1625,0.0000,0.0000
tbh-1,20260124,tbh-1##20260124,0.1710,2.3226,2.3226
tbh-1,20260124,tbh-1##20260124,0.1676,0.0000,0.0000
tbh-1,20260124,tbh-1##20260124,0.1409,0.0000,0.0000
tbh-1,20260124,tbh-1##20260124,0.1735,0.0000,0.0000
tbh-1,20260124,tbh-1##20260124,0.1275,0.0000,0.0000
tbh-1,20260124,tbh-1##20260124,0.0869,0.0000,0.0000
tbh-1,20260124,tbh-1##20260124,0.0689,1.2195,0.0000
tbh-1,20260124,tbh-1##20260124,0.1207,0.0000,1.9802
tbh-1,20260124,tbh-1##20260124,0.1421,4.3796,1.0949
tbh-1,20260124,tbh-1##20260124,0.1861,0.6623,1.3245
tbh-1,20260124,tbh-1##20260124,0.1479,0.0000,0.0000
tbh-1,20260124,tbh-1##20260124,0.1521,0.0000,0.4648
tbh-1,20260124,tbh-1##20260124,0.1284,0.0000,4.0000
tbh-1,20260124,tbh-1##20260124,,10.7143,10.7143
tbh-1,20260124,tbh-1##20260124,0.1637,0.0000,0.0000
tbh-1,20260124,tbh-1##20260124,0.1472,0.8652,1.2978
tbh-1,20260124,tbh-1##20260124,0.1498,1.7311,1.3849
tbh-1,20260124,tbh-1##20260124,0.1374,0.0000,0.0000
tbh-1,20260124,tbh-1##20260124,0.1653,0.0000,0.0000
tbh-1,20260124,tbh-1##20260124,0.1266,7.4534,11.1801
tbh-1,20260124,tbh-1##20260124,0.0949,0.0000,0.0000
tbh-1,20260124,tbh-1##20260124,0.1492,0.0000,0.0000
tbh-1,20260124,tbh-1##20260124,0.0826,0.0000,0.0000
tbh-1,20260124,tbh-1##20260124,0.0830,0.0000,0.0000
tbh-1,20260124,tbh-1##20260124,0.1101,1.1858,2.3715
tbh-1,20260124,tbh-1##20260124,0.1193,6.7416,6.7416
tbh-1,20260124,tbh-1##20260124,0.1324,0.0000,0.0000
tbh-1,20260124,tbh-1##20260124,0.1545,0.0000,0.0000
tbh-1,20260124,tbh-1##20260124,0.1195,0.0000,0.0000
tbh-1,20260124,tbh-1##20260124,0.1277,0.0000,12.7660
tbh-1,20260124,tbh-1##20260124,0.1496,0.8368,0.8368
tbh-1,20260124,tbh-1##20260124,0.1809,0.0000,3.1359
tbh-1,20260124,tbh-1##20260124,0.1552,0.0000,0.4619
tbh-1,20260124,tbh-1##20260124,0.1305,12.0000,0.0000
tbh-1,20260124,tbh-1##20260124,0.1300,2.3256,4.6512
tbh-1,20260124,tbh-1##20260124,0.0880,0.0000,0.0000
tbh-1,20260124,tbh-1##20260124,0.1042,0.0000,0.0000
tbh-1,20260124,tbh-1##20260124,0.1013,0.0000,0.0000
tbh-1,20260124,tbh-1##20260124,0.1744,1.1029,1.1029
tbh-1,20260124,tbh-1##20260124,0.0940,3.0303,3.0303
tbh-1,20260124,tbh-1##20260124,0.0864,4.1379,8.2759
tbh-1,20260124,tbh-1##20260124,0.1239,1.6732,2.0078
tbh-1,20260124,tbh-1##20260124,0.1150,1.5776,4.7327
tbh-1,20260124,tbh-1##20260124,0.1030,0.0000,2.5862
tbh-1,20260124,tbh-1##20260124,0.1012,0.0000,0.0000
tbh-1,20260124,tbh-1##20260124,0.1262,0.0000,0.0000
tbh-1,20260124,tbh-1##20260124,0.1125,0.0000,0.0000
tbh-1,20260124,tbh-1##20260124,0.1394,2.0408,2.0408
tbh-1,20260124,tbh-1##20260124,0.1060,0.0000,10.7143
tbh-1,20260124,tbh-1##20260124,0.0900,0.9868,7.8947
tbh-1,20260124,tbh-1##20260124,0.0548,0.0000,0.0000
tbh-1,20260124,tbh-1##20260124,0.0985,0.0000,6.8807
tbh-1,20260124,tbh-1##20260124,0.0923,1.6364,2.7273
tbh-1,20260124,tbh-1##20260124,0.1722,8.6022,6.4516
tbh-1,20260124,tbh-1##20260124,0.1445,0.0000,0.0000
tbh-1,20260124,tbh-1##20260124,0.1439,8.4112,5.6075
tbh-1,20260124,tbh-1##20260124,0.0908,0.0000,7.6271
tbh-1,20260124,tbh-1##20260124,0.1252,9.8901,3.2967
tbh-1,20260124,tbh-1##20260124,0.1472,0.0000,2.1818
tbh-1,20260124,tbh-1##20260124,0.1455,0.0000,9.9174
tbh-1,20260124,tbh-1##20260124,0.0811,0.0000,0.0000
tbh-1,20260124,tbh-1##20260124,0.0673,0.0000,0.0000
tbh-1,20260124,tbh-1##20260124,0.1708,1.9017,1.9017
tbh-1,20260124,tbh-1##20260124,0.1771,1.2257,3.0644
tbh-1,20260124,tbh-1##20260124,0.1718,0.0000,0.9063
tbh-1,20260124,tbh-1##20260124,0.1538,0.0000,0.0000
tbh-1,20260124,tbh-1##20260124,0.1294,2.9777,2.2333
tbh-1,20260124,tbh-1##20260124,0.0887,0.0000,1.0909
tbh-1,20260124,tbh-1##20260124,0.1558,0.0000,1.8265
tbh-1,20260124,tbh-1##20260124,0.1297,0.0000,0.0000
tbh-1,20260124,tbh-1##20260124,0.1711,0.0000,0.0000
tbh-1,20260124,tbh-1##20260124,0.1368,0.0000,3.3566
tbh-1,20260124,tbh-1##20260124,0.1601,1.3129,0.0000
tbh-1,20260124,tbh-1##20260124,0.1182,2.0089,3.3482
tbh-1,20260124,tbh-1##20260124,0.1084,0.0000,0.0000
tbh-1,20260124,tbh-1##20260124,0.1360,0.0000,0.0000
tbh-1,20260124,tbh-1##20260124,0.1123,4.3088,3.2316
tbh-1,20260124,tbh-1##20260124,0.1509,0.0000,0.0000
tbh-1,20260124,tbh-1##20260124,0.1516,0.0000,0.0000
tbh-1,20260124,tbh-1##20260124,0.1311,0.0000,0.0000
tbh-1,20260124,tbh-1##20260124,0.1434,0.0000,1.3378
tbh-1,20260124,tbh-1##20260124,0.1725,0.0000,0.5780
tbh-1,20260124,tbh-1##20260124,,0.0000,18.1818
tbh-1,20260124,tbh-1##20260124,0.1625,0.0000,0.0000
tbh-1,20260124,tbh-1##20260124,0.0833,0.0000,0.0000
tbh-1,20260124,tbh-1##20260124,0.1153,3.1579,6.3158
tbh-1,20260124,tbh-1##20260124,0.1688,1.6000,0.8000
tbh-1,20260124,tbh-1##20260124,0.1619,0.0000,0.0000
tbh-1,20260124,tbh-1##20260124,0.1451,0.0000,0.0000
tbh-1,20260124,tbh-1##20260124,0.0949,0.0000,0.0000
tbh-1,20260124,tbh-1##20260124,0.1156,0.0000,0.0000
tbh-1,20260124,tbh-1##20260124,0.1438,0.0000,1.6304
tbh-1,20260124,tbh-1##20260124,0.1472,2.1978,3.2967
tbh-1,20260124,tbh-1##20260124,0.1530,0.0000,0.0000
tbh-1,20260124,tbh-1##20260124,0.0883,0.0000,0.0000
tbh-1,20260124,tbh-1##20260124,0.1529,0.0000,0.0000
tbh-1,20260124,tbh-1##20260124,0.1105,2.8571,5.7143
tbh-1,20260124,tbh-1##20260124,0.1796,0.0000,0.0000
tbh-1,20260124,tbh-1##20260124,0.1369,0.0000,0.0000
tbh-1,20260124,tbh-1##20260124,0.1236,0.0000,0.0000
tbh-1,20260124,tbh-1##20260124,0.1465,1.3699,1.3699
tbh-1,20260124,tbh-1##20260124,0.1015,0.0000,0.0000
tbh-1,20260124,tbh-1##20260124,0.0973,0.0000,14.6341
tbh-1,20260124,tbh-1##20260124,0.1155,0.0000,0.0000
tbh-1,20260124,tbh-1##20260124,0.0865,0.0000,0.0000
tbh-1,20260124,tbh-1##20260124,0.1194,8.5308,8.5308
tbh-1,20260124,tbh-1##20260124,0.1030,0.0000,0.0000
tbh-1,20260124,tbh-1##20260124,0.1537,0.0000,0.0000
tbh-1,20260124,tbh-1##20260124,0.1625,0.0000,0.0000
tbh-1,20260124,tbh-1##20260124,0.1498,0.0000,0.0000
tbh-1,20260124,tbh-1##20260124,0.1547,0.0000,0.0000
tbh-1,20260124,tbh-1##20260124,0.1135,0.0000,0.0000
tbh-1,20260124,tbh-1##20260124,0.1491,0.0000,9.0909
tbh-1,20260124,tbh-1##20260124,0.1420,2.3077,4.6154
tbh-1,20260124,tbh-1##20260124,0.1672,7.0312,9.3750
tbh-1,20260124,tbh-1##20260124,0.1282,0.0000,0.0000
tbh-1,20260124,tbh-1##20260124,0.1607,0.0000,0.0000
tbh-1,20260124,tbh-1##20260124,0.1159,4.8000,4.8000
tbh-1,20260124,tbh-1##20260124,0.1661,0.0000,0.0000
tbh-1,20260124,tbh-1##20260124,0.1366,0.0000,0.0000
tbh-1,20260124,tbh-1##20260124,0.1905,0.0000,0.0000
tbh-1,20260124,tbh-1##20260124,0.1462,0.0000,0.0000
tbh-1,20260124,tbh-1##20260124,0.1419,0.0000,0.0000
tbh-1,20260124,tbh-1##20260124,0.1366,0.0000,0.0000
tbh-1,20260124,tbh-1##20260124,0.0591,0.0000,17.1429
tbh-1,20260124,tbh-1##20260124,0.1599,0.0000,0.0000
tbh-1,20260124,tbh-1##20260124,0.0762,0.0000,0.0000
tbh-1,20260124,tbh-1##20260124,0.1736,0.0000,0.0000
tbh-1,20260127,tbh-1##20260127,0.1716,0.0000,0.0000
tbh-1,20260127,tbh-1##20260127,0.1302,0.0000,3.0457
tbh-1,20260127,tbh-1##20260127,0.1249,0.0000,0.0000
tbh-1,20260127,tbh-1##20260127,0.1482,0.0000,4.3165
tbh-1,20260127,tbh-1##20260127,0.1645,0.0000,1.3683
tbh-1,20260127,tbh-1##20260127,0.1629,0.6711,0.0000
tbh-1,20260127,tbh-1##20260127,0.1256,5.0420,10.0840
tbh-1,20260127,tbh-1##20260127,0.1592,1.8868,1.8868
tbh-1,20260127,tbh-1##20260127,0.1461,0.0000,9.2308
tbh-1,20260127,tbh-1##20260127,0.1435,0.0000,0.0000
tbh-1,20260127,tbh-1##20260127,0.1602,0.0000,0.0000
tbh-1,20260127,tbh-1##20260127,0.1045,2.0583,1.0292
tbh-1,20260127,tbh-1##20260127,0.1376,1.8349,1.8349
tbh-1,20260127,tbh-1##20260127,0.1518,0.0000,0.0000
tbh-1,20260127,tbh-1##20260127,0.1516,2.0619,0.0000
tbh-1,20260127,tbh-1##20260127,0.1291,0.0000,0.0000
tbh-1,20260127,tbh-1##20260127,0.0988,0.0000,0.0000
tbh-1,20260127,tbh-1##20260127,0.1284,0.0000,3.6145
tbh-1,20260127,tbh-1##20260127,0.1371,0.0000,0.0000
tbh-1,20260127,tbh-1##20260127,0.1282,0.0000,0.0000
tbh-1,20260127,tbh-1##20260127,0.1373,0.7528,0.0000
tbh-1,20260127,tbh-1##20260127,0.1619,0.0000,4.1096
tbh-1,20260127,tbh-1##20260127,0.1152,0.0000,0.0000
tbh-1,20260127,tbh-1##20260127,0.1001,0.0000,23.0769
tbh-1,20260127,tbh-1##20260127,0.1006,0.0000,0.0000
tbh-1,20260127,tbh-1##20260127,0.1482,0.0000,0.0000
tbh-1,20260127,tbh-1##20260127,0.1304,0.0000,2.9557
tbh-1,20260127,tbh-1##20260127,0.1426,0.4615,2.7692
tbh-1,20260127,tbh-1##20260127,0.1349,2.8986,1.4493
tbh-1,20260127,tbh-1##20260127,0.1481,0.0000,0.0000
tbh-1,20260127,tbh-1##20260127,0.1215,1.8750,3.7500
tbh-1,20260127,tbh-1##20260127,0.1330,0.0000,0.0000
tbh-1,20260127,tbh-1##20260127,0.1630,6.3158,6.3158
tbh-1,20260127,tbh-1##20260127,0.0944,15.3846,0.0000
tbh-1,20260127,tbh-1##20260127,0.1289,3.7037,3.7037
tbh-1,20260127,tbh-1##20260127,0.1178,1.1645,3.4934
tbh-1,20260127,tbh-1##20260127,0.0974,6.0000,0.0000
tbh-1,20260127,tbh-1##20260127,0.1672,0.0000,0.0000
tbh-1,20260127,tbh-1##20260127,0.1536,0.6349,1.9048
tbh-1,20260127,tbh-1##20260127,0.1108,0.0000,0.0000
tbh-1,20260127,tbh-1##20260127,0.1087,11.7647,0.0000
tbh-1,20260127,tbh-1##20260127,0.1494,0.0000,5.7143
tbh-1,20260127,tbh-1##20260127,0.1607,0.0000,0.0000
tbh-1,20260127,tbh-1##20260127,0.1309,0.0000,1.7964
tbh-1,20260127,tbh-1##20260127,0.1595,0.0000,0.0000
tbh-1,20260127,tbh-1##20260127,0.2056,0.0000,0.0000
tbh-1,20260127,tbh-1##20260127,0.0695,0.0000,5.6604
tbh-1,20260127,tbh-1##20260127,0.1202,0.0000,0.0000
tbh-1,20260127,tbh-1##20260127,0.1656,2.5496,3.3994
tbh-1,20260127,tbh-1##20260127,0.1312,0.0000,1.6997
tbh-1,20260127,tbh-1##20260127,0.1301,3.4483,0.0000
tbh-1,20260127,tbh-1##20260127,0.1134,2.8640,5.7279
tbh-1,20260127,tbh-1##20260127,0.1380,1.2327,4.0062
tbh-1,20260127,tbh-1##20260127,0.1184,0.0000,0.0000
tbh-1,20260127,tbh-1##20260127,0.1331,1.4458,2.8916
tbh-1,20260127,tbh-1##20260127,0.0815,6.2500,6.2500
tbh-1,20260127,tbh-1##20260127,0.1399,9.8361,0.0000
tbh-1,20260127,tbh-1##20260127,0.1303,1.4963,1.4963
tbh-1,20260127,tbh-1##20260127,0.0425,16.2162,0.0000
tbh-1,20260127,tbh-1##20260127,0.1654,0.0000,0.0000
tbh-1,20260127,tbh-1##20260127,0.1327,2.2086,4.4172
tbh-1,20260127,tbh-1##20260127,0.1384,0.6889,1.7222
tbh-1,20260127,tbh-1##20260127,0.1391,0.0000,0.0000
tbh-1,20260127,tbh-1##20260127,0.1198,0.0000,8.5308
tbh-1,20260127,tbh-1##20260127,0.1700,0.0000,0.0000
tbh-1,20260127,tbh-1##20260127,0.1107,0.0000,0.0000
tbh-1,20260127,tbh-1##20260127,0.1062,2.8169,2.8169
tbh-1,20260127,tbh-1##20260127,0.1184,0.6557,5.9016
tbh-1,20260127,tbh-1##20260127,0.0483,0.0000,0.0000
tbh-1,20260127,tbh-1##20260127,0.0710,0.0000,52.9412
tbh-1,20260127,tbh-1##20260127,0.0742,0.0000,0.0000
tbh-1,20260127,tbh-1##20260127,0.1116,1.8634,2.7950
tbh-1,20260127,tbh-1##20260127,0.1448,1.6644,0.8322
tbh-1,20260127,tbh-1##20260127,0.1375,0.0000,0.0000
tbh-1,20260127,tbh-1##20260127,0.1373,0.0000,0.0000
tbh-1,20260127,tbh-1##20260127,0.0970,4.6154,3.0769
tbh-1,20260127,tbh-1##20260127,0.1241,0.0000,3.9152
tbh-1,20260127,tbh-1##20260127,0.0936,5.4054,9.0090
tbh-1,20260127,tbh-1##20260127,0.0989,0.0000,3.5294
tbh-1,20260127,tbh-1##20260127,0.1322,0.0000,11.1111
tbh-1,20260127,tbh-1##20260127,0.1303,0.0000,0.0000
tbh-1,20260127,tbh-1##20260127,0.1479,0.0000,1.4151
tbh-1,20260127,tbh-1##20260127,0.1350,0.0000,1.9802
tbh-1,20260127,tbh-1##20260127,0.1276,1.5605,2.3407
tbh-1,20260127,tbh-1##20260127,0.1216,0.0000,0.0000
tbh-1,20260127,tbh-1##20260127,0.1248,1.0733,0.0000
tbh-1,20260127,tbh-1##20260127,0.1422,1.2146,1.2146
tbh-1,20260127,tbh-1##20260127,0.1374,0.0000,0.0000
tbh-1,20260127,tbh-1##20260127,0.1157,0.0000,12.1212
tbh-1,20260127,tbh-1##20260127,0.1004,0.0000,15.7895
tbh-1,20260127,tbh-1##20260127,0.0900,7.6433,15.2866
tbh-1,20260127,tbh-1##20260127,0.1345,0.4528,1.3585
tbh-1,20260127,tbh-1##20260127,0.1442,1.9868,0.0000
tbh-1,20260127,tbh-1##20260127,0.1472,4.2553,4.2553
tbh-1,20260127,tbh-1##20260127,0.1831,0.0000,0.0000
tbh-1,20260127,tbh-1##20260127,0.1659,0.0000,0.0000
tbh-1,20260127,tbh-1##20260127,0.0801,0.0000,16.2162
tbh-1,20260127,tbh-1##20260127,0.0972,0.0000,0.0000
tbh-1,20260127,tbh-1##20260127,0.1430,0.0000,0.0000
tbh-1,20260127,tbh-1##20260127,0.1182,0.0000,22.7848
tbh-1,20260127,tbh-1##20260127,0.1896,1.3889,4.1667
tbh-1,20260127,tbh-1##20260127,0.1718,0.0000,0.0000
tbh-1,20260127,tbh-1##20260127,0.1016,4.1379,4.1379
tbh-1,20260127,tbh-1##20260127,0.1282,0.0000,0.0000
tbh-1,20260127,tbh-1##20260127,0.1467,0.0000,0.0000
tbh-1,20260127,tbh-1##20260127,0.1842,1.0909,0.5455
tbh-1,20260127,tbh-1##20260127,0.1169,0.0000,0.0000
tbh-1,20260127,tbh-1##20260127,0.0801,0.0000,4.3165
tbh-1,20260127,tbh-1##20260127,0.1527,4.8583,4.8583
tbh-1,20260127,tbh-1##20260127,0.1700,1.1799,1.1799
tbh-1,20260127,tbh-1##20260127,0.0996,7.1429,3.5714
tbh-1,20260127,tbh-1##20260127,0.0899,0.0000,0.0000
tbh-1,20260127,tbh-1##20260127,0.1561,0.0000,0.0000
tbh-1,20260127,tbh-1##20260127,0.1478,0.0000,0.0000
tbh-1,20260127,tbh-1##20260127,0.1432,0.0000,0.0000
tbh-1,20260127,tbh-1##20260127,0.1788,0.0000,0.0000
tbh-1,20260127,tbh-1##20260127,0.0627,0.0000,0.0000
tbh-1,20260127,tbh-1##20260127,0.1438,0.0000,0.0000
tbh-1,20260127,tbh-1##20260127,0.1207,4.4118,0.0000
tbh-1,20260127,tbh-1##20260127,0.1351,0.0000,0.0000
tbh-1,20260127,tbh-1##20260127,0.0949,11.6505,0.0000
tbh-1,20260127,tbh-1##20260127,0.1682,1.3714,3.4286
tbh-1,20260127,tbh-1##20260127,0.1235,0.6857,3.4286
tbh-1,20260127,tbh-1##20260127,0.1688,0.0000,0.0000
tbh-1,20260127,tbh-1##20260127,0.0974,0.0000,7.2727
tbh-1,20260127,tbh-1##20260127,0.1694,1.4406,2.1609
tbh-1,20260127,tbh-1##20260127,0.1685,4.7431,4.7431
tbh-1,20260127,tbh-1##20260127,0.1107,2.9605,4.9342
tbh-1,20260127,tbh-1##20260127,0.0871,0.0000,0.0000
tbh-1,20260127,tbh-1##20260127,0.1076,1.1152,1.1152
tbh-1,20260127,tbh-1##20260127,0.1193,0.0000,0.0000
tbh-1,20260127,tbh-1##20260127,0.1104,0.0000,0.0000
tbh-1,20260127,tbh-1##20260127,0.1535,0.0000,0.0000
tbh-1,20260127,tbh-1##20260127,0.1340,0.0000,2.7907
tbh-1,20260127,tbh-1##20260127,0.1544,0.0000,0.0000
tbh-1,20260127,tbh-1##20260127,0.1170,0.0000,0.0000
tbh-1,20260127,tbh-1##20260127,0.1384,0.0000,1.0345
tbh-1,20260127,tbh-1##20260127,0.1941,0.0000,0.0000
tbh-1,20260127,tbh-1##20260127,0.1249,0.0000,0.0000
tbh-1,20260127,tbh-1##20260127,0.1416,0.0000,0.0000
tbh-1,20260127,tbh-1##20260127,0.1686,0.0000,0.9494
tbh-1,20260127,tbh-1##20260127,0.1985,0.0000,0.0000
tbh-1,20260127,tbh-1##20260127,0.1451,0.0000,0.0000
tbh-1,20260127,tbh-1##20260127,0.1177,9.2308,0.0000
tbh-1,20260127,tbh-1##20260127,0.1408,0.0000,0.0000
tbh-1,20260127,tbh-1##20260127,0.1244,0.0000,0.0000
tbh-1,20260127,tbh-1##20260127,0.1564,6.8571,5.1429
tbh-1,20260127,tbh-1##20260127,0.1543,0.0000,0.0000
tbh-1,20260127,tbh-1##20260127,0.1405,0.0000,0.0000
tbh-1,20260127,tbh-1##20260127,0.1113,0.0000,12.5000
tbh-1,20260127,tbh-1##20260127,0.1572,0.0000,1.2270
tbh-1,20260127,tbh-1##20260127,0.1454,0.0000,0.0000
tbh-1,20260127,tbh-1##20260127,0.1131,0.0000,45.0000
tbh-1,20260127,tbh-1##20260127,0.1548,0.0000,0.0000
tbh-1,20260127,tbh-1##20260127,0.1417,0.0000,2.5696
tbh-1,20260127,tbh-1##20260127,0.0769,0.0000,9.5238
tbh-1,20260127,tbh-1##20260127,0.1112,9.4488,9.4488
tbh-1,20260127,tbh-1##20260127,0.1177,0.0000,4.5918
tbh-1,20260127,tbh-1##20260127,0.1464,0.0000,0.0000
tbh-1,20260127,tbh-1##20260127,0.1617,0.0000,0.0000
tbh-1,20260127,tbh-1##20260127,0.1234,0.0000,1.8072
tbh-1,20260127,tbh-1##20260127,0.1126,0.0000,8.8496
tbh-1,20260127,tbh-1##20260127,0.1050,5.5556,0.0000
tbh-1,20260127,tbh-1##20260127,0.1526,0.0000,0.0000
tbh-1,20260127,tbh-1##20260127,0.1335,10.7143,0.0000
tbh-1,20260127,tbh-1##20260127,0.1311,0.0000,0.0000
tbh-1,20260127,tbh-1##20260127,0.1282,0.0000,0.0000
tbh-1,20260127,tbh-1##20260127,0.1413,0.0000,3.7037
tbh-1,20260127,tbh-1##20260127,0.1894,0.0000,0.0000
tbh-1,20260127,tbh-1##20260127,0.1778,5.5046,5.5046
tbh-1,20260127,tbh-1##20260127,0.1178,6.7416,6.7416
tbh-1,20260127,tbh-1##20260127,0.1249,0.0000,13.9535
tdc-1,20260129,tdc-1##20260129,0.1588,0.0000,0.0000
tdc-1,20260129,tdc-1##20260129,0.1398,2.4948,4.3659
tdc-1,20260129,tdc-1##20260129,0.1501,0.0000,0.0000
tdc-1,20260129,tdc-1##20260129,0.1024,5.4054,0.0000
tdc-1,20260129,tdc-1##20260129,0.1394,0.0000,0.0000
tdc-1,20260129,tdc-1##20260129,0.1517,0.0000,0.0000
tdc-1,20260129,tdc-1##20260129,0.0774,0.0000,25.0000
tdc-1,20260129,tdc-1##20260129,0.1570,0.0000,0.0000
tdc-1,20260129,tdc-1##20260129,,0.0000,27.9070
tdc-1,20260129,tdc-1##20260129,0.1808,8.2192,16.4384
tdc-1,20260129,tdc-1##20260129,0.1085,0.0000,0.0000
tdc-1,20260129,tdc-1##20260129,0.1069,1.3699,1.3699
tdc-1,20260129,tdc-1##20260129,0.1499,0.0000,0.0000
tdc-1,20260129,tdc-1##20260129,0.1340,0.0000,3.1746
tdc-1,20260129,tdc-1##20260129,0.1666,4.4280,0.0000
tdc-1,20260129,tdc-1##20260129,0.1915,0.0000,10.3448
tdc-1,20260129,tdc-1##20260129,0.1517,0.0000,0.0000
tdc-1,20260129,tdc-1##20260129,0.1160,0.0000,0.0000
tdc-1,20260129,tdc-1##20260129,0.1035,0.0000,0.0000
tdc-1,20260129,tdc-1##20260129,0.1208,0.0000,0.0000
tdc-1,20260129,tdc-1##20260129,0.1415,0.0000,0.0000
tdc-1,20260129,tdc-1##20260129,0.1520,0.0000,0.0000
tdc-1,20260129,tdc-1##20260129,0.0859,7.0175,17.5439
tdc-1,20260129,tdc-1##20260129,0.1419,0.0000,0.0000
tdc-1,20260129,tdc-1##20260129,0.1414,0.0000,0.0000
tdc-1,20260129,tdc-1##20260129,0.1384,0.0000,0.0000
tdc-1,20260129,tdc-1##20260129,0.1726,0.0000,0.0000
tdc-1,20260129,tdc-1##20260129,0.1381,0.0000,0.0000
tdc-1,20260129,tdc-1##20260129,0.1667,0.0000,0.0000
tdc-1,20260129,tdc-1##20260129,0.1317,0.0000,0.0000
tdc-1,20260129,tdc-1##20260129,0.1286,0.0000,0.0000
tdc-1,20260129,tdc-1##20260129,0.1358,0.0000,0.0000
tdc-1,20260129,tdc-1##20260129,0.1600,0.0000,0.0000
tdc-1,20260129,tdc-1##20260129,0.1298,0.0000,0.0000
tdc-1,20260129,tdc-1##20260129,0.1043,0.0000,8.6957
tdc-1,20260129,tdc-1##20260129,0.1305,0.0000,12.1212
tdc-1,20260129,tdc-1##20260129,0.1460,1.1009,4.4037
tdc-1,20260129,tdc-1##20260129,0.1089,0.0000,0.0000
tdc-1,20260129,tdc-1##20260129,0.0625,0.0000,13.9535
tdc-1,20260129,tdc-1##20260129,0.1770,0.0000,0.0000
tdc-1,20260129,tdc-1##20260129,0.1444,0.0000,0.0000
tdc-1,20260129,tdc-1##20260129,0.0691,0.0000,0.0000
tdc-1,20260129,tdc-1##20260129,0.0531,0.0000,13.0435
tdc-1,20260129,tdc-1##20260129,0.0573,8.0000,0.0000
tdc-1,20260129,tdc-1##20260129,0.1524,0.0000,2.5862
tdc-1,20260129,tdc-1##20260129,0.1677,0.0000,0.0000
tdc-1,20260129,tdc-1##20260129,0.1251,0.9174,0.9174
tdc-1,20260129,tdc-1##20260129,0.0963,16.9492,0.0000
tdc-1,20260129,tdc-1##20260129,0.1307,0.0000,0.0000
tdc-1,20260129,tdc-1##20260129,0.1687,0.0000,0.0000
tdc-1,20260129,tdc-1##20260129,0.1523,0.0000,0.0000
tdc-1,20260129,tdc-1##20260129,0.0502,5.3571,0.0000
tdc-1,20260129,tdc-1##20260129,0.1306,0.0000,0.0000
tdc-1,20260129,tdc-1##20260129,0.1787,0.0000,0.0000
tdc-1,20260129,tdc-1##20260129,0.1390,0.5367,0.5367
tdc-1,20260129,tdc-1##20260129,0.1625,0.0000,18.7500
tdc-1,20260129,tdc-1##20260129,0.2010,0.0000,0.0000
tdc-1,20260129,tdc-1##20260129,0.1213,0.0000,0.0000
tdc-1,20260129,tdc-1##20260129,0.1518,7.5000,0.0000
tdc-1,20260129,tdc-1##20260129,0.0766,19.6721,0.0000
tdc-1,20260129,tdc-1##20260129,0.1478,0.0000,0.0000
tdc-1,20260129,tdc-1##20260129,0.1574,0.0000,0.0000
tdc-1,20260129,tdc-1##20260129,0.1489,0.0000,0.0000
tdc-1,20260129,tdc-1##20260129,0.0849,0.0000,0.0000
tdc-1,20260129,tdc-1##20260129,0.1255,0.0000,0.0000
tdc-1,20260129,tdc-1##20260129,0.1857,0.0000,1.0969
tdc-1,20260129,tdc-1##20260129,0.0891,10.5263,10.5263
tdc-1,20260129,tdc-1##20260129,0.1401,0.0000,0.0000
tdc-1,20260129,tdc-1##20260129,0.0903,0.0000,0.0000
tdc-1,20260129,tdc-1##20260129,0.0797,9.0909,9.0909
tdc-1,20260129,tdc-1##20260129,0.1559,0.0000,0.0000
tdc-1,20260129,tdc-1##20260129,0.1660,0.0000,0.0000
tdc-1,20260129,tdc-1##20260129,0.1024,12.8571,4.2857
tdc-1,20260129,tdc-1##20260129,0.1573,0.0000,0.0000
tdc-1,20260129,tdc-1##20260129,0.1345,0.0000,0.0000
tdc-1,20260129,tdc-1##20260129,0.1454,0.0000,0.0000
tdc-1,20260129,tdc-1##20260129,0.1145,0.0000,0.0000
tdc-1,20260129,tdc-1##20260129,0.1472,0.0000,0.0000
tdc-1,20260129,tdc-1##20260129,0.1311,0.0000,0.0000
tdc-1,20260129,tdc-1##20260129,0.1370,0.0000,0.0000
tdc-1,20260129,tdc-1##20260129,0.1529,0.0000,0.0000
tdc-1,20260129,tdc-1##20260129,0.0793,0.0000,0.0000
tdc-1,20260129,tdc-1##20260129,0.1368,0.0000,2.1352
tdc-1,20260129,tdc-1##20260129,0.1238,0.0000,0.0000
tdc-1,20260129,tdc-1##20260129,,18.7500,0.0000
tdc-1,20260129,tdc-1##20260129,0.1523,0.0000,0.0000
tdc-1,20260129,tdc-1##20260129,0.1315,0.0000,3.5928
tdc-1,20260129,tdc-1##20260129,0.1252,0.0000,0.0000
tdc-1,20260129,tdc-1##20260129,0.1637,0.0000,6.2500
tdc-1,20260129,tdc-1##20260129,0.1072,1.3363,0.0000
tdc-1,20260129,tdc-1##20260129,0.1047,0.0000,0.0000
tdc-1,20260129,tdc-1##20260129,0.1007,0.0000,13.9535
tdc-1,20260129,tdc-1##20260129,0.1596,0.0000,1.9169
tdc-1,20260129,tdc-1##20260129,0.1498,0.0000,0.0000
tdc-1,20260129,tdc-1##20260129,0.1075,13.3333,0.0000
tdc-1,20260129,tdc-1##20260129,0.1126,0.0000,6.0403
tdc-1,20260129,tdc-1##20260129,0.1186,0.0000,0.0000
tdc-1,20260129,tdc-1##20260129,0.1246,0.0000,0.0000
tdc-1,20260129,tdc-1##20260129,0.1582,0.0000,7.1429
tdc-1,20260129,tdc-1##20260129,0.1353,2.9557,0.0000
tdc-1,20260129,tdc-1##20260129,0.1290,0.0000,3.4091
tdc-1,20260129,tdc-1##20260129,0.0897,3.4483,3.4483
tdc-1,20260129,tdc-1##20260129,0.1424,7.8947,3.9474
tdc-1,20260129,tdc-1##20260129,0.1814,0.0000,0.0000
tdc-1,20260129,tdc-1##20260129,0.1865,0.0000,0.0000
tdc-1,20260129,tdc-1##20260129,0.1407,0.0000,0.0000
tdc-1,20260129,tdc-1##20260129,0.2090,0.0000,0.0000
tdc-1,20260129,tdc-1##20260129,0.1152,0.0000,0.0000
tdc-1,20260129,tdc-1##20260129,0.1672,0.0000,0.0000
tdc-1,20260129,tdc-1##20260129,0.1201,0.0000,0.0000
tdc-1,20260129,tdc-1##20260129,0.1614,0.0000,0.0000
tdc-1,20260129,tdc-1##20260129,,0.0000,22.2222
tdc-1,20260203,tdc-1##20260203,0.1280,0.0000,0.0000
tdc-1,20260203,tdc-1##20260203,0.1976,0.0000,0.0000
tdc-1,20260203,tdc-1##20260203,0.1798,0.0000,1.1881
tdc-1,20260203,tdc-1##20260203,0.2229,0.0000,0.0000
tdc-1,20260203,tdc-1##20260203,0.1695,0.0000,0.0000
tdc-1,20260203,tdc-1##20260203,0.1540,0.0000,1.1321
tdc-1,20260203,tdc-1##20260203,0.1872,0.0000,0.0000
tdc-1,20260203,tdc-1##20260203,0.2032,0.0000,0.0000
tdc-1,20260203,tdc-1##20260203,0.2134,0.0000,0.0000
tdc-1,20260203,tdc-1##20260203,0.0897,4.4064,0.0000
tdc-1,20260203,tdc-1##20260203,0.1639,1.1111,0.0000
tdc-1,20260203,tdc-1##20260203,0.0454,2.2222,2.2222
tdc-1,20260203,tdc-1##20260203,0.1970,0.0000,0.0000
tdc-1,20260203,tdc-1##20260203,0.2199,0.0000,0.0000
tdc-1,20260203,tdc-1##20260203,0.2450,0.0000,1.5139
tdc-1,20260203,tdc-1##20260203,0.0603,8.8235,0.0000
tdc-1,20260203,tdc-1##20260203,0.1990,0.0000,0.0000
tdc-1,20260203,tdc-1##20260203,0.1683,0.0000,2.3904
tdc-1,20260203,tdc-1##20260203,0.1732,0.0000,0.0000
tdc-1,20260203,tdc-1##20260203,0.2056,0.0000,0.0000
tdc-1,20260203,tdc-1##20260203,0.1568,0.0000,0.0000
tdc-1,20260203,tdc-1##20260203,0.2336,0.0000,3.0612
tdc-1,20260203,tdc-1##20260203,0.1494,2.1661,0.0000
tdc-1,20260203,tdc-1##20260203,0.2039,0.0000,5.5556
tdc-1,20260203,tdc-1##20260203,0.1995,0.0000,0.0000
tdc-1,20260203,tdc-1##20260203,0.1473,0.0000,0.0000
tdc-1,20260203,tdc-1##20260203,0.2115,1.8072,1.8072
tdc-1,20260203,tdc-1##20260203,0.1543,0.0000,3.1088
tdc-1,20260203,tdc-1##20260203,0.1826,0.4323,0.4323
tdc-1,20260203,tdc-1##20260203,0.2136,0.0000,0.0000
tdc-1,20260203,tdc-1##20260203,0.2024,0.0000,0.0000
tdc-1,20260203,tdc-1##20260203,0.0507,3.1088,0.0000
tdc-1,20260203,tdc-1##20260203,0.2100,0.0000,0.0000
tdc-1,20260203,tdc-1##20260203,0.2172,3.5363,0.0000
tdc-1,20260203,tdc-1##20260203,0.1961,0.0000,1.5873
tdc-1,20260203,tdc-1##20260203,0.2118,0.0000,0.0000
tdc-1,20260203,tdc-1##20260203,0.1426,1.4851,0.0000
tdc-1,20260203,tdc-1##20260203,0.0944,0.0000,10.0000
tdc-1,20260203,tdc-1##20260203,0.1564,0.0000,0.0000
tdc-1,20260203,tdc-1##20260203,0.2602,0.0000,0.0000
tdc-1,20260203,tdc-1##20260203,0.1720,0.7702,1.5404
tdc-1,20260203,tdc-1##20260203,0.2173,0.0000,0.0000
tdc-1,20260203,tdc-1##20260203,0.1471,0.0000,0.0000
tdc-1,20260203,tdc-1##20260203,0.1772,0.0000,0.0000
tdc-1,20260203,tdc-1##20260203,0.1851,1.1429,2.2857
tdc-1,20260203,tdc-1##20260203,0.1711,0.0000,0.0000
tdc-1,20260203,tdc-1##20260203,0.2262,1.4388,1.4388
tdc-1,20260203,tdc-1##20260203,0.1868,0.0000,0.0000
tdc-1,20260203,tdc-1##20260203,0.1652,0.0000,0.0000
tdc-1,20260203,tdc-1##20260203,0.2080,0.0000,0.0000
tdc-1,20260203,tdc-1##20260203,0.0770,0.0000,0.0000
tdc-1,20260203,tdc-1##20260203,0.1452,0.0000,0.8708
tdc-1,20260203,tdc-1##20260203,0.1838,0.0000,0.0000
tdc-1,20260203,tdc-1##20260203,0.1796,0.0000,0.0000
tdc-1,20260203,tdc-1##20260203,0.1299,1.6795,1.6795
tdc-1,20260203,tdc-1##20260203,0.2096,0.0000,0.0000
tdc-1,20260203,tdc-1##20260203,0.2053,0.0000,0.0000
tdc-1,20260203,tdc-1##20260203,0.1589,0.8671,0.8671
tdc-1,20260203,tdc-1##20260203,0.1406,0.0000,0.0000
tdc-1,20260203,tdc-1##20260203,0.2139,0.0000,0.0000
tdc-1,20260203,tdc-1##20260203,0.0996,0.0000,16.9811
tdc-1,20260203,tdc-1##20260203,0.1228,0.0000,7.1429
tdc-1,20260203,tdc-1##20260203,0.2163,3.0151,3.0151
tdc-1,20260203,tdc-1##20260203,0.1436,0.0000,0.0000
tdc-1,20260203,tdc-1##20260203,0.1268,0.0000,0.0000
tdc-1,20260203,tdc-1##20260203,0.2027,0.0000,0.0000
tdc-1,20260203,tdc-1##20260203,0.1637,0.0000,0.0000
tdc-1,20260203,tdc-1##20260203,0.1528,3.2086,12.8342
tdc-1,20260203,tdc-1##20260203,0.2167,0.0000,0.0000
tdc-1,20260203,tdc-1##20260203,0.0662,0.0000,2.2901
tdc-1,20260203,tdc-1##20260203,0.1813,0.0000,0.0000
tdc-1,20260203,tdc-1##20260203,0.1996,0.0000,0.0000
tdc-1,20260203,tdc-1##20260203,0.1245,0.0000,0.0000
tdc-1,20260203,tdc-1##20260203,0.1873,1.6173,2.4259
tdc-1,20260203,tdc-1##20260203,0.2088,1.3453,1.3453
tdc-1,20260203,tdc-1##20260203,0.0652,19.3548,0.0000
tdc-1,20260203,tdc-1##20260203,0.1022,0.0000,2.6354
tdc-1,20260203,tdc-1##20260203,0.1600,1.3761,0.0000
tdc-1,20260203,tdc-1##20260203,0.2042,0.0000,0.0000
tdc-1,20260203,tdc-1##20260203,0.1466,0.0000,0.0000
tdc-1,20260203,tdc-1##20260203,0.1752,0.0000,0.0000
tdc-1,20260203,tdc-1##20260203,0.2114,0.0000,0.0000
tdc-1,20260203,tdc-1##20260203,0.1626,0.0000,1.3129
tdc-1,20260203,tdc-1##20260203,0.1366,0.0000,0.0000
tdc-1,20260203,tdc-1##20260203,0.2304,0.6205,0.6205
tdc-1,20260203,tdc-1##20260203,0.1637,0.0000,1.2766
tdc-1,20260203,tdc-1##20260203,0.2325,0.0000,0.0000
tdc-1,20260203,tdc-1##20260203,0.1554,2.3904,0.0000
tdc-1,20260203,tdc-1##20260203,0.1934,0.0000,0.0000
tdc-1,20260203,tdc-1##20260203,0.0521,20.0000,0.0000
tdc-1,20260203,tdc-1##20260203,0.2105,2.1531,1.4354
tdc-1,20260203,tdc-1##20260203,0.1490,0.0000,0.0000
tdc-1,20260203,tdc-1##20260203,0.2594,0.0000,0.0000
tdc-1,20260203,tdc-1##20260203,0.0650,0.0000,1.8519
tdc-1,20260203,tdc-1##20260203,0.2045,0.0000,0.0000
tdc-1,20260203,tdc-1##20260203,0.1641,1.2397,2.4793
tdc-1,20260203,tdc-1##20260203,0.1401,3.0252,2.0168
tdc-1,20260203,tdc-1##20260203,0.1351,0.0000,0.0000
tdc-1,20260203,tdc-1##20260203,0.1761,0.0000,0.0000
tdc-1,20260203,tdc-1##20260203,0.1686,0.0000,1.0889
tdc-1,20260203,tdc-1##20260203,0.1911,0.0000,0.0000
tdc-1,20260203,tdc-1##20260203,0.1617,0.0000,0.0000
tdc-1,20260203,tdc-1##20260203,0.2079,0.0000,0.0000
tdc-1,20260203,tdc-1##20260203,0.1282,0.0000,0.0000
tdc-1,20260203,tdc-1##20260203,0.1253,3.4384,0.0000
tdc-1,20260203,tdc-1##20260203,0.1184,0.0000,7.7922
tdc-1,20260203,tdc-1##20260203,0.1702,0.0000,0.0000
tdc-1,20260203,tdc-1##20260203,0.2122,0.0000,0.0000
tdc-1,20260203,tdc-1##20260203,0.1693,0.0000,0.0000
tdc-1,20260203,tdc-1##20260203,0.1023,0.0000,0.0000
tdc-1,20260203,tdc-1##20260203,0.1160,2.9268,5.8537
tdc-1,20260203,tdc-1##20260203,0.2060,0.0000,0.0000
tdc-1,20260203,tdc-1##20260203,0.1001,0.0000,0.0000
tdc-1,20260203,tdc-1##20260203,0.1210,0.0000,0.0000
tdc-1,20260203,tdc-1##20260203,0.1746,0.0000,0.0000
tdc-1,20260203,tdc-1##20260203,0.1005,0.0000,0.0000
tdc-1,20260203,tdc-1##20260203,0.1245,3.4884,0.0000
tdc-1,20260203,tdc-1##20260203,0.1237,0.0000,0.0000
tdc-1,20260203,tdc-1##20260203,0.1796,0.0000,0.0000
tdc-1,20260203,tdc-1##20260203,0.2104,0.0000,0.0000
tdc-1,20260203,tdc-1##20260203,0.1202,0.0000,10.8108
tdc-1,20260203,tdc-1##20260203,0.0829,0.0000,5.1724
tdc-1,20260203,tdc-1##20260203,,15.7895,15.7895
tdc-1,20260203,tdc-1##20260203,0.1814,0.0000,0.0000
tdc-1,20260203,tdc-1##20260203,0.1022,0.0000,12.3711
tdc-1,20260207,tdc-1##20260207,0.0694,1.5424,8.4833
tdc-1,20260207,tdc-1##20260207,0.0958,0.0000,0.0000
tdc-1,20260207,tdc-1##20260207,0.0979,0.0000,9.2688
tdc-1,20260207,tdc-1##20260207,0.1289,0.0000,4.5627
tdc-1,20260207,tdc-1##20260207,0.1017,0.0000,0.0000
tdc-1,20260207,tdc-1##20260207,0.0782,0.0000,0.0000
tdc-1,20260207,tdc-1##20260207,0.1262,0.0000,0.0000
tdc-1,20260207,tdc-1##20260207,0.0608,1.9293,1.2862
tdc-1,20260207,tdc-1##20260207,0.1150,0.0000,4.5113
tdc-1,20260207,tdc-1##20260207,0.1471,0.0000,0.0000
tdc-1,20260207,tdc-1##20260207,0.0950,0.0000,0.0000
tdc-1,20260207,tdc-1##20260207,0.1052,0.0000,0.0000
tdc-1,20260207,tdc-1##20260207,0.0723,1.5000,3.5000
tdc-1,20260207,tdc-1##20260207,0.0996,0.0000,2.1127
tdc-1,20260207,tdc-1##20260207,0.1117,0.0000,0.0000
tdc-1,20260207,tdc-1##20260207,0.0927,1.2698,1.2698
tdc-1,20260207,tdc-1##20260207,0.1231,0.0000,1.8750
tdc-1,20260207,tdc-1##20260207,0.1220,0.0000,3.2520
tdc-1,20260207,tdc-1##20260207,0.1201,0.8715,2.1786
tdc-1,20260207,tdc-1##20260207,0.0745,0.0000,0.0000
tdc-1,20260207,tdc-1##20260207,0.1009,0.0000,0.5837
tdc-1,20260207,tdc-1##20260207,0.0746,0.0000,7.5000
tdc-1,20260207,tdc-1##20260207,0.1033,1.4528,7.7482
tdc-1,20260207,tdc-1##20260207,0.0932,0.0000,0.0000
tdc-1,20260207,tdc-1##20260207,0.1244,0.0000,0.0000
tdc-1,20260207,tdc-1##20260207,0.1047,0.0000,1.1976
tdc-1,20260207,tdc-1##20260207,0.1028,1.3882,12.4942
tdc-1,20260207,tdc-1##20260207,,0.0000,0.0000
tdc-1,20260207,tdc-1##20260207,0.0982,0.0000,0.0000
tdc-1,20260207,tdc-1##20260207,0.0932,4.3956,10.9890
tdc-1,20260207,tdc-1##20260207,0.1045,0.0000,2.0236
tdc-1,20260207,tdc-1##20260207,0.1007,0.0000,0.0000
tdc-1,20260207,tdc-1##20260207,0.1005,0.0000,2.5316
tdc-1,20260207,tdc-1##20260207,0.0850,0.0000,15.6250
tdc-1,20260207,tdc-1##20260207,0.0898,1.3937,4.8780
tdc-1,20260207,tdc-1##20260207,0.1001,2.4194,6.0484
tdc-1,20260207,tdc-1##20260207,0.1097,0.0000,4.1427
tdc-1,20260207,tdc-1##20260207,0.0900,3.2086,2.4064
tdc-1,20260207,tdc-1##20260207,0.1087,0.0000,0.0000
tdc-1,20260207,tdc-1##20260207,0.0788,0.0000,9.3750
tdc-1,20260207,tdc-1##20260207,0.1113,0.3953,5.1383
tdc-1,20260207,tdc-1##20260207,0.0894,0.0000,3.1612
tdc-1,20260207,tdc-1##20260207,0.0817,1.4354,4.7847
tdc-1,20260207,tdc-1##20260207,,0.0000,33.3333
tdc-1,20260207,tdc-1##20260207,0.0980,0.0000,2.4096
tdc-1,20260207,tdc-1##20260207,0.0742,8.2192,0.0000
tdc-1,20260207,tdc-1##20260207,0.1179,0.0000,0.0000
tdc-1,20260207,tdc-1##20260207,0.0792,1.2410,0.6205
tdc-1,20260207,tdc-1##20260207,0.0900,1.8007,2.5210
tdc-1,20260207,tdc-1##20260207,0.1193,0.0000,0.0000
tdc-1,20260207,tdc-1##20260207,0.0982,0.0000,7.2904
tdc-1,20260207,tdc-1##20260207,0.1240,0.0000,0.8759
tdc-1,20260207,tdc-1##20260207,0.0446,13.0435,0.0000
tdc-1,20260207,tdc-1##20260207,0.1033,2.4742,3.7113
tdc-1,20260207,tdc-1##20260207,0.1025,2.0891,12.9526
tdc-1,20260207,tdc-1##20260207,0.0955,1.1753,7.0519
tdc-1,20260207,tdc-1##20260207,0.1045,0.0000,4.8649
tdc-1,20260207,tdc-1##20260207,0.0901,1.0582,0.0000
tdc-1,20260207,tdc-1##20260207,0.0943,0.0000,1.7254
tdc-1,20260207,tdc-1##20260207,0.0887,0.0000,4.3165
tdc-1,20260207,tdc-1##20260207,0.0997,0.0000,8.7417
tdc-1,20260207,tdc-1##20260207,0.0944,0.0000,0.0000
tdc-1,20260207,tdc-1##20260207,0.1327,0.0000,0.0000
tdc-1,20260207,tdc-1##20260207,0.1056,1.0969,7.1298
tdc-1,20260207,tdc-1##20260207,0.0708,2.2556,1.1278
tdc-1,20260207,tdc-1##20260207,0.1006,0.0000,0.0000
tdc-1,20260207,tdc-1##20260207,0.0759,1.0989,3.2967
tdc-1,20260207,tdc-1##20260207,0.1058,0.0000,2.3715
tdc-1,20260207,tdc-1##20260207,0.1244,1.5477,5.1591
tdc-1,20260207,tdc-1##20260207,0.0597,1.1788,0.0000
tdc-1,20260207,tdc-1##20260207,0.0655,0.0000,10.4651
tdc-1,20260207,tdc-1##20260207,0.1119,0.0000,3.9216
tdc-1,20260207,tdc-1##20260207,0.1209,0.0000,0.0000
tdc-1,20260207,tdc-1##20260207,0.1206,0.0000,0.0000
tdc-1,20260207,tdc-1##20260207,0.0966,0.0000,17.2131
tdc-1,20260207,tdc-1##20260207,0.1006,9.8361,0.0000
tdc-1,20260207,tdc-1##20260207,0.0972,0.0000,0.0000
tdc-1,20260207,tdc-1##20260207,0.1205,0.0000,7.6352
tdc-1,20260207,tdc-1##20260207,0.0652,1.8947,0.6316
tdc-1,20260207,tdc-1##20260207,0.1157,1.3348,3.3370
tdc-1,20260207,tdc-1##20260207,0.1454,0.0000,6.3830
tdc-1,20260207,tdc-1##20260207,0.0825,0.9740,3.8961
tdc-1,20260207,tdc-1##20260207,0.0367,16.2162,0.0000
tdc-1,20260207,tdc-1##20260207,0.1153,0.0000,2.2388
tdc-1,20260207,tdc-1##20260207,0.1250,0.0000,0.0000
tdc-1,20260207,tdc-1##20260207,0.0922,4.6213,2.3107
tdc-1,20260207,tdc-1##20260207,,11.7647,11.7647
tdc-1,20260207,tdc-1##20260207,0.1176,0.0000,7.3469
tdc-1,20260207,tdc-1##20260207,0.1111,0.0000,1.2552
tdc-1,20260207,tdc-1##20260207,0.1109,8.4507,0.0000
tdc-1,20260207,tdc-1##20260207,0.0929,0.0000,7.4278
tdc-1,20260207,tdc-1##20260207,0.1382,1.9231,5.7692
tdc-1,20260207,tdc-1##20260207,0.1288,1.0239,3.0717
tdc-1,20260207,tdc-1##20260207,0.1186,0.0000,4.8387
tdc-1,20260207,tdc-1##20260207,0.1115,0.0000,0.0000
tdc-1,20260207,tdc-1##20260207,0.1012,0.0000,12.7243
tdc-1,20260207,tdc-1##20260207,0.0741,1.9417,0.0000
tdc-1,20260207,tdc-1##20260207,0.0907,2.0478,3.0717
tdc-1,20260207,tdc-1##20260207,0.1190,8.7591,4.3796
tdc-1,20260207,tdc-1##20260207,,2.3952,13.1737
tdc-1,20260207,tdc-1##20260207,0.1060,0.0000,0.0000
tdc-1,20260207,tdc-1##20260207,0.0911,0.0000,42.8571
tdc-1,20260207,tdc-1##20260207,0.1074,0.0000,12.5000
tdc-1,20260207,tdc-1##20260207,0.0998,0.0000,4.2353
tdc-1,20260207,tdc-1##20260207,0.0913,3.8380,6.3966
tdc-1,20260207,tdc-1##20260207,0.1149,3.7815,0.0000
tdc-1,20260207,tdc-1##20260207,0.0969,0.0000,0.0000
tdc-1,20260207,tdc-1##20260207,0.1105,3.2698,3.2698
tdc-1,20260207,tdc-1##20260207,0.0962,0.0000,4.2254
tdc-1,20260207,tdc-1##20260207,0.1032,0.0000,1.3333
tdc-1,20260207,tdc-1##20260207,0.1007,0.0000,5.2863
tdc-1,20260207,tdc-1##20260207,0.1100,0.0000,7.9295
tdc-1,20260207,tdc-1##20260207,0.0738,3.4286,0.0000
tdc-1,20260207,tdc-1##20260207,0.0939,0.0000,1.7910
tdc-1,20260207,tdc-1##20260207,0.1105,0.0000,0.0000
tdc-1,20260207,tdc-1##20260207,0.0979,1.7857,1.7857
tdc-1,20260207,tdc-1##20260207,0.0723,0.0000,11.1801
tdc-1,20260207,tdc-1##20260207,0.1102,0.0000,0.0000
tdc-1,20260207,tdc-1##20260207,0.0747,2.0339,4.0678
tdc-1,20260207,tdc-1##20260207,0.0820,0.0000,17.4757
tdc-1,20260207,tdc-1##20260207,0.1116,0.0000,0.0000
tdc-1,20260207,tdc-1##20260207,0.1319,0.0000,2.8436
tdc-1,20260207,tdc-1##20260207,0.0716,2.8986,2.8986
tdc-1,20260207,tdc-1##20260207,0.1077,0.0000,3.2432
tdc-1,20260207,tdc-1##20260207,0.1032,0.0000,3.2432
tdc-1,20260207,tdc-1##20260207,0.0820,0.0000,0.0000
tdc-1,20260207,tdc-1##20260207,0.0655,5.0000,15.0000
tdc-1,20260207,tdc-1##20260207,0.1029,0.0000,0.0000
tdc-1,20260207,tdc-1##20260207,0.0975,0.0000,0.0000
tdc-1,20260207,tdc-1##20260207,0.1125,0.0000,0.0000
tdc-1,20260207,tdc-1##20260207,0.1125,0.0000,11.1111
tdc-1,20260207,tdc-1##20260207,0.0985,0.0000,0.0000
tdc-1,20260207,tdc-1##20260207,0.0400,0.0000,0.0000
tdc-1+tbh-1,20260126,tdc-1+tbh-1##20260126,0.1726,1.2793,0.0000
tdc-1+tbh-1,20260126,tdc-1+tbh-1##20260126,0.1990,0.4992,1.9967
tdc-1+tbh-1,20260126,tdc-1+tbh-1##20260126,0.1214,2.6316,0.0000
tdc-1+tbh-1,20260126,tdc-1+tbh-1##20260126,0.2432,0.0000,0.0000
tdc-1+tbh-1,20260126,tdc-1+tbh-1##20260126,0.1162,2.4845,6.2112
tdc-1+tbh-1,20260126,tdc-1+tbh-1##20260126,0.2001,0.0000,0.5164
tdc-1+tbh-1,20260126,tdc-1+tbh-1##20260126,0.0822,1.6304,13.0435
tdc-1+tbh-1,20260126,tdc-1+tbh-1##20260126,0.1327,0.0000,0.0000
tdc-1+tbh-1,20260126,tdc-1+tbh-1##20260126,0.2080,0.0000,0.0000
tdc-1+tbh-1,20260126,tdc-1+tbh-1##20260126,0.1374,0.0000,0.0000
tdc-1+tbh-1,20260126,tdc-1+tbh-1##20260126,0.2099,0.0000,0.0000
tdc-1+tbh-1,20260126,tdc-1+tbh-1##20260126,0.1922,1.2320,1.2320
tdc-1+tbh-1,20260126,tdc-1+tbh-1##20260126,0.1442,0.0000,0.0000
tdc-1+tbh-1,20260126,tdc-1+tbh-1##20260126,0.2087,0.0000,0.0000
tdc-1+tbh-1,20260126,tdc-1+tbh-1##20260126,0.2451,0.0000,0.0000
tdc-1+tbh-1,20260126,tdc-1+tbh-1##20260126,0.1354,0.0000,0.0000
tdc-1+tbh-1,20260126,tdc-1+tbh-1##20260126,0.1170,3.7500,3.7500
tdc-1+tbh-1,20260126,tdc-1+tbh-1##20260126,0.1573,0.0000,0.0000
tdc-1+tbh-1,20260126,tdc-1+tbh-1##20260126,0.1714,0.2871,0.2871
tdc-1+tbh-1,20260126,tdc-1+tbh-1##20260126,0.1871,0.0000,0.0000
tdc-1+tbh-1,20260126,tdc-1+tbh-1##20260126,0.2034,4.9180,0.0000
tdc-1+tbh-1,20260126,tdc-1+tbh-1##20260126,0.1755,0.0000,0.0000
tdc-1+tbh-1,20260126,tdc-1+tbh-1##20260126,0.2202,0.0000,0.0000
tdc-1+tbh-1,20260126,tdc-1+tbh-1##20260126,0.2011,2.0316,2.0316
tdc-1+tbh-1,20260126,tdc-1+tbh-1##20260126,0.1267,0.0000,0.0000
tdc-1+tbh-1,20260126,tdc-1+tbh-1##20260126,0.1473,0.0000,2.3047
tdc-1+tbh-1,20260126,tdc-1+tbh-1##20260126,0.2107,0.7130,1.4260
tdc-1+tbh-1,20260126,tdc-1+tbh-1##20260126,0.1093,3.8217,11.4650
tdc-1+tbh-1,20260126,tdc-1+tbh-1##20260126,0.1098,0.0000,0.9812
tdc-1+tbh-1,20260126,tdc-1+tbh-1##20260126,0.2002,0.0000,1.2308
tdc-1+tbh-1,20260126,tdc-1+tbh-1##20260126,0.1460,0.6920,1.3841
tdc-1+tbh-1,20260126,tdc-1+tbh-1##20260126,0.1014,3.7795,3.7795
tdc-1+tbh-1,20260126,tdc-1+tbh-1##20260126,0.2154,0.0000,0.0000
tdc-1+tbh-1,20260126,tdc-1+tbh-1##20260126,0.1286,0.0000,3.1250
tdc-1+tbh-1,20260126,tdc-1+tbh-1##20260126,0.1721,0.0000,0.0000
tdc-1+tbh-1,20260126,tdc-1+tbh-1##20260126,0.1637,0.0000,3.2345
tdc-1+tbh-1,20260126,tdc-1+tbh-1##20260126,0.1467,0.0000,0.0000
tdc-1+tbh-1,20260126,tdc-1+tbh-1##20260126,0.1314,2.7778,5.5556
tdc-1+tbh-1,20260126,tdc-1+tbh-1##20260126,0.1865,0.0000,2.5000
tdc-1+tbh-1,20260126,tdc-1+tbh-1##20260126,0.1071,0.0000,5.1282
tdc-1+tbh-1,20260128,tdc-1+tbh-1##20260128,0.1774,0.0000,0.0000
tdc-1+tbh-1,20260128,tdc-1+tbh-1##20260128,0.1197,0.0000,0.0000
tdc-1+tbh-1,20260128,tdc-1+tbh-1##20260128,0.1154,0.0000,0.0000
tdc-1+tbh-1,20260128,tdc-1+tbh-1##20260128,0.1518,0.0000,0.0000
tdc-1+tbh-1,20260128,tdc-1+tbh-1##20260128,0.1493,0.0000,3.0000
tdc-1+tbh-1,20260128,tdc-1+tbh-1##20260128,0.2591,5.7692,5.7692
tdc-1+tbh-1,20260128,tdc-1+tbh-1##20260128,0.2274,2.4615,0.6154
tdc-1+tbh-1,20260128,tdc-1+tbh-1##20260128,0.2066,0.0000,0.0000
tdc-1+tbh-1,20260128,tdc-1+tbh-1##20260128,0.1495,0.0000,0.0000
tdc-1+tbh-1,20260128,tdc-1+tbh-1##20260128,0.1762,0.0000,0.0000
tdc-1+tbh-1,20260128,tdc-1+tbh-1##20260128,0.1877,0.0000,0.0000
tdc-1+tbh-1,20260128,tdc-1+tbh-1##20260128,0.1660,2.1127,0.0000
tdc-1+tbh-1,20260128,tdc-1+tbh-1##20260128,0.1724,0.0000,0.0000
tdc-1+tbh-1,20260128,tdc-1+tbh-1##20260128,0.1959,0.0000,0.0000
tdc-1+tbh-1,20260128,tdc-1+tbh-1##20260128,0.1406,0.0000,0.0000
tdc-1+tbh-1,20260128,tdc-1+tbh-1##20260128,0.1973,3.3898,0.0000
tdc-1+tbh-1,20260128,tdc-1+tbh-1##20260128,0.2212,0.0000,0.0000
tdc-1+tbh-1,20260128,tdc-1+tbh-1##20260128,0.1611,0.0000,0.0000
tdc-1+tbh-1,20260128,tdc-1+tbh-1##20260128,0.1995,0.0000,6.3158
tdc-1+tbh-1,20260128,tdc-1+tbh-1##20260128,0.1896,0.8511,0.0000
tdc-1+tbh-1,20260128,tdc-1+tbh-1##20260128,0.1913,0.0000,0.0000
tdc-1+tbh-1,20260128,tdc-1+tbh-1##20260128,0.2132,0.0000,0.0000
tdc-1+tbh-1,20260128,tdc-1+tbh-1##20260128,0.0632,0.0000,0.0000
tdc-1+tbh-1,20260128,tdc-1+tbh-1##20260128,0.1907,1.6807,1.6807
tdc-1+tbh-1,20260128,tdc-1+tbh-1##20260128,0.2119,5.0633,0.0000
tdc-1+tbh-1,20260128,tdc-1+tbh-1##20260128,0.1969,0.0000,0.0000
tdc-1+tbh-1,20260128,tdc-1+tbh-1##20260128,0.1960,0.0000,0.0000
tdc-1+tbh-1,20260128,tdc-1+tbh-1##20260128,0.1591,0.0000,0.9002
tdc-1+tbh-1,20260128,tdc-1+tbh-1##20260128,0.1969,2.7397,0.0000
tdc-1+tbh-1,20260128,tdc-1+tbh-1##20260128,0.1328,5.0000,0.0000
tdc-1+tbh-1,20260128,tdc-1+tbh-1##20260128,0.1856,0.8772,0.0000
tdc-1+tbh-1,20260128,tdc-1+tbh-1##20260128,0.1592,3.2520,0.0000
tdc-1+tbh-1,20260128,tdc-1+tbh-1##20260128,0.1830,0.0000,0.0000
tdc-1+tbh-1,20260128,tdc-1+tbh-1##20260128,0.1635,0.0000,0.0000
tdc-1+tbh-1,20260128,tdc-1+tbh-1##20260128,0.1868,7.1429,0.0000
tdc-1+tbh-1,20260128,tdc-1+tbh-1##20260128,0.1482,0.0000,0.0000
tdc-1+tbh-1,20260128,tdc-1+tbh-1##20260128,0.2069,0.0000,0.0000
tdc-1+tbh-1,20260128,tdc-1+tbh-1##20260128,0.2496,1.2658,1.2658
tdc-1+tbh-1,20260128,tdc-1+tbh-1##20260128,0.1985,0.4184,0.0000
tdc-1+tbh-1,20260128,tdc-1+tbh-1##20260128,0.2312,0.0000,0.0000
tdc-1+tbh-1,20260128,tdc-1+tbh-1##20260128,0.2074,0.0000,0.0000
tdc-1+tbh-1,20260128,tdc-1+tbh-1##20260128,0.1817,7.0485,3.5242
tdc-1+tbh-1,20260128,tdc-1+tbh-1##20260128,0.1672,0.0000,0.0000
tdc-1+tbh-1,20260128,tdc-1+tbh-1##20260128,0.1679,0.0000,0.0000
tdc-1+tbh-1,20260128,tdc-1+tbh-1##20260128,0.1680,3.4123,3.4123
tdc-1+tbh-1,20260128,tdc-1+tbh-1##20260128,0.1774,0.0000,0.0000
tdc-1+tbh-1,20260128,tdc-1+tbh-1##20260128,0.1798,0.0000,0.0000
tdc-1+tbh-1,20260128,tdc-1+tbh-1##20260128,0.1763,0.0000,0.0000
tdc-1+tbh-1,20260128,tdc-1+tbh-1##20260128,0.1905,0.0000,0.0000
tdc-1+tbh-1,20260128,tdc-1+tbh-1##20260128,0.2068,0.0000,0.0000
tdc-1+tbh-1,20260128,tdc-1+tbh-1##20260128,0.1427,3.6254,7.2508
tdc-1+tbh-1,20260128,tdc-1+tbh-1##20260128,0.2028,0.5674,1.9858
tdc-1+tbh-1,20260128,tdc-1+tbh-1##20260128,0.1911,1.2048,1.2048
tdc-1+tbh-1,20260128,tdc-1+tbh-1##20260128,0.1823,0.0000,0.0000
tdc-1+tbh-1,20260128,tdc-1+tbh-1##20260128,0.1744,4.3796,2.6277
tdc-1+tbh-1,20260128,tdc-1+tbh-1##20260128,0.2032,0.0000,0.0000
tdc-1+tbh-1,20260128,tdc-1+tbh-1##20260128,0.1751,1.8109,1.8109
tdc-1+tbh-1,20260128,tdc-1+tbh-1##20260128,0.1678,0.0000,0.0000
tdc-1+tbh-1,20260128,tdc-1+tbh-1##20260128,0.1570,0.0000,0.0000
tdc-1+tbh-1,20260128,tdc-1+tbh-1##20260128,0.0801,0.0000,0.0000
tdc-1+tbh-1,20260128,tdc-1+tbh-1##20260128,0.1397,3.9604,7.9208
tdc-1+tbh-1,20260128,tdc-1+tbh-1##20260128,0.2060,0.0000,0.0000
tdc-1+tbh-1,20260128,tdc-1+tbh-1##20260128,0.1880,0.0000,0.8798
tdc-1+tbh-1,20260128,tdc-1+tbh-1##20260128,0.1355,0.0000,12.5000
tdc-1+tbh-1,20260128,tdc-1+tbh-1##20260128,0.2233,0.0000,0.0000
tdc-1+tbh-1,20260128,tdc-1+tbh-1##20260128,0.2184,0.0000,0.0000
tdc-1+tbh-1,20260128,tdc-1+tbh-1##20260128,0.1626,0.0000,0.0000
tdc-1+tbh-1,20260128,tdc-1+tbh-1##20260128,0.0792,0.0000,0.0000
tdc-1+tbh-1,20260128,tdc-1+tbh-1##20260128,0.1924,0.0000,1.2320
tdc-1+tbh-1,20260128,tdc-1+tbh-1##20260128,0.1339,0.0000,0.0000
tdc-1+tbh-1,20260128,tdc-1+tbh-1##20260128,0.2218,1.5000,0.5000
tdc-1+tbh-1,20260128,tdc-1+tbh-1##20260128,0.2153,0.0000,0.0000
tdc-1+tbh-1,20260128,tdc-1+tbh-1##20260128,0.1517,0.0000,1.5319
tdc-1+tbh-1,20260128,tdc-1+tbh-1##20260128,0.1949,0.0000,0.0000
tdc-1+tbh-1,20260128,tdc-1+tbh-1##20260128,0.1490,0.0000,10.1124
tdc-1+tbh-1,20260128,tdc-1+tbh-1##20260128,0.1883,0.0000,0.0000
tdc-1+tbh-1,20260128,tdc-1+tbh-1##20260128,0.1938,0.0000,0.7220
tdc-1+tbh-1,20260128,tdc-1+tbh-1##20260128,0.0731,0.0000,0.0000
tdc-1+tbh-1,20260128,tdc-1+tbh-1##20260128,0.1670,0.0000,0.0000
tdc-1+tbh-1,20260128,tdc-1+tbh-1##20260128,0.1771,3.1746,0.0000
tdc-1+tbh-1,20260128,tdc-1+tbh-1##20260128,0.1662,1.5228,1.5228
tdc-1+tbh-1,20260128,tdc-1+tbh-1##20260128,0.1923,0.0000,1.4563
tdc-1+tbh-1,20260128,tdc-1+tbh-1##20260128,0.2078,0.0000,0.0000
tdc-1+tbh-1,20260128,tdc-1+tbh-1##20260128,0.1730,6.8571,0.0000
tdc-1+tbh-1,20260128,tdc-1+tbh-1##20260128,0.1740,0.0000,0.4335
tdc-1+tbh-1,20260128,tdc-1+tbh-1##20260128,0.2415,0.0000,0.0000
tdc-1+tbh-1,20260128,tdc-1+tbh-1##20260128,0.2322,0.0000,0.0000
tdc-1+tbh-1,20260128,tdc-1+tbh-1##20260128,0.1847,3.0848,9.2545
tdc-1+tbh-1,20260128,tdc-1+tbh-1##20260128,0.1633,2.7851,1.9894
tdc-1+tbh-1,20260128,tdc-1+tbh-1##20260128,0.1867,0.0000,0.0000
tdc-1+tbh-1,20260128,tdc-1+tbh-1##20260128,0.0897,1.6807,0.0000
tdc-1+tbh-1,20260128,tdc-1+tbh-1##20260128,0.1892,0.0000,0.0000
tdc-1+tbh-1,20260128,tdc-1+tbh-1##20260128,0.2043,3.3520,6.7039
tdc-1+tbh-1,20260128,tdc-1+tbh-1##20260128,0.2331,1.2448,1.8672
tdc-1+tbh-1,20260128,tdc-1+tbh-1##20260128,0.2110,0.0000,0.0000
tdc-1+tbh-1,20260128,tdc-1+tbh-1##20260128,0.1830,0.0000,0.0000
tdc-1+tbh-1,20260128,tdc-1+tbh-1##20260128,0.1767,0.0000,0.0000
tdc-1+tbh-1,20260128,tdc-1+tbh-1##20260128,0.2205,0.0000,2.2901
tdc-1+tbh-1,20260128,tdc-1+tbh-1##20260128,0.1827,0.0000,0.0000
tdc-1+tbh-1,20260128,tdc-1+tbh-1##20260128,0.2176,0.0000,0.0000
tdc-1+tbh-1,20260128,tdc-1+tbh-1##20260128,0.1969,0.0000,0.0000
tdc-1+tbh-1,20260128,tdc-1+tbh-1##20260128,0.1848,0.0000,0.0000
tdc-1+tbh-1,20260128,tdc-1+tbh-1##20260128,0.1221,7.2727,3.6364
tdc-1+tbh-1,20260128,tdc-1+tbh-1##20260128,0.2354,0.0000,0.0000
tdc-1+tbh-1,20260128,tdc-1+tbh-1##20260128,0.1345,0.0000,0.0000
tdc-1+tbh-1,20260128,tdc-1+tbh-1##20260128,0.1671,2.2430,1.6822
tdc-1+tbh-1,20260128,tdc-1+tbh-1##20260128,0.2321,1.8018,3.6036
tdc-1+tbh-1,20260128,tdc-1+tbh-1##20260128,0.1386,0.0000,0.0000
tdc-1+tbh-1,20260128,tdc-1+tbh-1##20260128,0.1545,0.0000,1.2048
tdc-1+tbh-1,20260128,tdc-1+tbh-1##20260128,0.1817,0.0000,0.0000
tdc-1+tbh-1,20260128,tdc-1+tbh-1##20260128,0.1883,0.0000,0.0000
tdc-1+tbh-1,20260128,tdc-1+tbh-1##20260128,0.2046,2.1277,0.0000
tdc-1+tbh-1,20260128,tdc-1+tbh-1##20260128,0.1964,0.0000,0.0000
tdc-1+tbh-1,20260128,tdc-1+tbh-1##20260128,0.1923,0.0000,0.0000
tdc-1+tbh-1,20260128,tdc-1+tbh-1##20260128,0.2305,0.0000,0.0000
tdc-1+tbh-1,20260128,tdc-1+tbh-1##20260128,0.1392,0.0000,3.6810
tdc-1+tbh-1,20260128,tdc-1+tbh-1##20260128,0.1606,1.4963,0.0000
tdc-1+tbh-1,20260128,tdc-1+tbh-1##20260128,0.2018,0.0000,0.0000
tdc-1+tbh-1,20260128,tdc-1+tbh-1##20260128,0.1601,0.0000,0.8824
tdc-1+tbh-1,20260128,tdc-1+tbh-1##20260128,0.1600,0.0000,0.0000
tdc-1+tbh-1,20260128,tdc-1+tbh-1##20260128,0.1754,0.0000,0.0000
tdc-1+tbh-1,20260128,tdc-1+tbh-1##20260128,0.2160,0.0000,0.0000
tdc-1+tbh-1,20260128,tdc-1+tbh-1##20260128,0.1344,0.0000,0.0000
tdc-1+tbh-1,20260128,tdc-1+tbh-1##20260128,0.1060,0.0000,0.0000
tdc-1+tbh-1,20260128,tdc-1+tbh-1##20260128,0.1434,3.3520,0.0000
tdc-1+tbh-1,20260128,tdc-1+tbh-1##20260128,0.1450,3.0075,1.5038
tdc-1+tbh-1,20260128,tdc-1+tbh-1##20260128,0.1502,0.0000,0.0000
tdc-1+tbh-1,20260128,tdc-1+tbh-1##20260128,0.1890,0.0000,0.0000
tdc-1+tbh-1,20260128,tdc-1+tbh-1##20260128,0.2078,0.0000,0.0000
tdc-1+tbh-1,20260128,tdc-1+tbh-1##20260128,0.2043,0.0000,0.0000
tdc-1+tbh-1,20260128,tdc-1+tbh-1##20260128,0.1608,0.0000,0.0000
tdc-1+tbh-1,20260128,tdc-1+tbh-1##20260128,0.1715,0.0000,0.0000
tdc-1+tbh-1,20260128,tdc-1+tbh-1##20260128,0.1907,2.2059,2.2059
tdc-1+tbh-1,20260128,tdc-1+tbh-1##20260128,0.1684,0.0000,0.0000
tdc-1+tbh-1,20260128,tdc-1+tbh-1##20260128,0.0817,8.9552,0.0000
tdc-1+tbh-1,20260128,tdc-1+tbh-1##20260128,0.1739,0.0000,3.5928
tdc-1+tbh-1,20260128,tdc-1+tbh-1##20260128,0.1615,0.0000,0.0000
tdc-1+tbh-1,20260128,tdc-1+tbh-1##20260128,0.1240,6.0606,0.0000
tdc-1+tbh-1,20260128,tdc-1+tbh-1##20260128,0.1514,0.0000,4.8387
tdc-1+tbh-1,20260128,tdc-1+tbh-1##20260128,0.1729,0.0000,0.0000
tdc-1+tbh-1,20260128,tdc-1+tbh-1##20260128,0.1630,0.0000,15.3846
tdc-1+tbh-1,20260128,tdc-1+tbh-1##20260128,0.1081,0.0000,0.0000
tdc-1+tbh-1,20260128,tdc-1+tbh-1##20260128,0.1996,0.0000,0.0000
tdc-1+tbh-1,20260128,tdc-1+tbh-1##20260128,0.1693,0.0000,0.0000
tdc-1+tbh-1,20260128,tdc-1+tbh-1##20260128,0.1644,0.0000,0.0000
tdc-1+tbh-1,20260128,tdc-1+tbh-1##20260128,0.1607,0.0000,0.0000
tdc-1+tbh-1,20260128,tdc-1+tbh-1##20260128,0.1529,0.0000,0.0000
tdc-1+tbh-1,20260128,tdc-1+tbh-1##20260128,0.0973,0.0000,17.1429
tdc-1+tbh-1,20260202,tdc-1+tbh-1##20260202,0.0871,0.0000,0.0000
tdc-1+tbh-1,20260202,tdc-1+tbh-1##20260202,0.1692,0.0000,0.0000
tdc-1+tbh-1,20260202,tdc-1+tbh-1##20260202,0.1503,0.0000,0.0000
tdc-1+tbh-1,20260202,tdc-1+tbh-1##20260202,0.1420,0.0000,0.0000
tdc-1+tbh-1,20260202,tdc-1+tbh-1##20260202,0.1955,2.1739,1.0870
tdc-1+tbh-1,20260202,tdc-1+tbh-1##20260202,0.1531,2.7534,2.5031
tdc-1+tbh-1,20260202,tdc-1+tbh-1##20260202,0.0987,0.0000,0.0000
tdc-1+tbh-1,20260202,tdc-1+tbh-1##20260202,0.1019,0.0000,17.6471
tdc-1+tbh-1,20260202,tdc-1+tbh-1##20260202,0.1656,0.0000,0.0000
tdc-1+tbh-1,20260202,tdc-1+tbh-1##20260202,0.1138,0.7926,1.5852
tdc-1+tbh-1,20260202,tdc-1+tbh-1##20260202,0.2295,0.0000,0.0000
tdc-1+tbh-1,20260202,tdc-1+tbh-1##20260202,0.1217,0.0000,0.0000
tdc-1+tbh-1,20260202,tdc-1+tbh-1##20260202,0.2015,0.0000,0.0000
tdc-1+tbh-1,20260202,tdc-1+tbh-1##20260202,0.1399,0.0000,0.0000
tdc-1+tbh-1,20260202,tdc-1+tbh-1##20260202,0.1353,0.0000,0.0000
tdc-1+tbh-1,20260202,tdc-1+tbh-1##20260202,0.1798,0.0000,0.0000
tdc-1+tbh-1,20260202,tdc-1+tbh-1##20260202,0.1503,0.0000,0.0000
tdc-1+tbh-1,20260202,tdc-1+tbh-1##20260202,0.0449,0.0000,16.1074
tdc-1+tbh-1,20260202,tdc-1+tbh-1##20260202,0.1640,1.7391,0.0000
tdc-1+tbh-1,20260202,tdc-1+tbh-1##20260202,0.1329,0.0000,2.0761
tdc-1+tbh-1,20260202,tdc-1+tbh-1##20260202,0.1805,0.0000,0.0000
tdc-1+tbh-1,20260202,tdc-1+tbh-1##20260202,0.1212,0.0000,7.5472
tdc-1+tbh-1,20260202,tdc-1+tbh-1##20260202,0.1912,2.0906,0.0000
tdc-1+tbh-1,20260202,tdc-1+tbh-1##20260202,0.1708,0.0000,0.0000
tdc-1+tbh-1,20260202,tdc-1+tbh-1##20260202,0.0423,0.0000,8.9552
tdc-1+tbh-1,20260202,tdc-1+tbh-1##20260202,,8.6957,8.6957
tdc-1+tbh-1,20260202,tdc-1+tbh-1##20260202,0.2106,0.0000,0.0000
tdc-1+tbh-1,20260202,tdc-1+tbh-1##20260202,0.1561,0.0000,0.0000
tdc-1+tbh-1,20260202,tdc-1+tbh-1##20260202,0.1515,0.0000,0.0000
tdc-1+tbh-1,20260202,tdc-1+tbh-1##20260202,0.1575,0.0000,0.0000
tdc-1+tbh-1,20260202,tdc-1+tbh-1##20260202,0.1514,1.7699,0.8850
tdc-1+tbh-1,20260202,tdc-1+tbh-1##20260202,0.1676,0.0000,0.0000
tdc-1+tbh-1,20260202,tdc-1+tbh-1##20260202,0.1589,0.0000,0.0000
tdc-1+tbh-1,20260202,tdc-1+tbh-1##20260202,0.0676,3.9046,1.3015
tdc-1+tbh-1,20260202,tdc-1+tbh-1##20260202,0.1391,0.0000,0.0000
tdc-1+tbh-1,20260202,tdc-1+tbh-1##20260202,0.1194,1.3393,0.0000
tdc-1+tbh-1,20260202,tdc-1+tbh-1##20260202,0.1313,1.6129,0.8065
tdc-1+tbh-1,20260202,tdc-1+tbh-1##20260202,0.0471,3.1915,0.0000
tdc-1+tbh-1,20260202,tdc-1+tbh-1##20260202,0.1380,0.0000,0.9231
tdc-1+tbh-1,20260202,tdc-1+tbh-1##20260202,0.1332,0.0000,0.0000
tdc-1+tbh-1,20260202,tdc-1+tbh-1##20260202,0.1843,0.0000,0.0000
tdc-1+tbh-1,20260202,tdc-1+tbh-1##20260202,0.2085,0.0000,0.0000
tdc-1+tbh-1,20260202,tdc-1+tbh-1##20260202,0.1378,0.0000,0.5208
tdc-1+tbh-1,20260202,tdc-1+tbh-1##20260202,0.1603,0.0000,0.0000
tdc-1+tbh-1,20260202,tdc-1+tbh-1##20260202,0.1936,5.0209,0.0000
tdc-1+tbh-1,20260202,tdc-1+tbh-1##20260202,0.1161,0.0000,0.0000
tdc-1+tbh-1,20260202,tdc-1+tbh-1##20260202,0.1344,0.0000,0.0000
tdc-1+tbh-1,20260202,tdc-1+tbh-1##20260202,0.1525,0.0000,0.0000
tdc-1+tbh-1,20260202,tdc-1+tbh-1##20260202,0.1503,0.0000,0.0000
tdc-1+tbh-1,20260202,tdc-1+tbh-1##20260202,0.1687,4.8387,9.6774
tdc-1+tbh-1,20260202,tdc-1+tbh-1##20260202,0.0652,12.2449,6.1224
tdc-1+tbh-1,20260202,tdc-1+tbh-1##20260202,0.2188,0.0000,0.0000
tdc-1+tbh-1,20260202,tdc-1+tbh-1##20260202,0.1530,0.0000,0.0000
tdc-1+tbh-1,20260202,tdc-1+tbh-1##20260202,0.1174,0.0000,0.0000
tdc-1+tbh-1,20260202,tdc-1+tbh-1##20260202,0.1848,0.0000,0.0000
tdc-1+tbh-1,20260202,tdc-1+tbh-1##20260202,0.1727,0.0000,0.0000
tdc-1+tbh-1,20260202,tdc-1+tbh-1##20260202,0.1434,0.0000,0.0000
tdc-1+tbh-1,20260202,tdc-1+tbh-1##20260202,0.1853,0.0000,0.0000
tdc-1+tbh-1,20260202,tdc-1+tbh-1##20260202,0.0578,0.0000,3.8710
tdc-1+tbh-1,20260202,tdc-1+tbh-1##20260202,0.2011,5.0847,10.1695
tdc-1+tbh-1,20260202,tdc-1+tbh-1##20260202,0.1385,0.7264,1.4528
tdc-1+tbh-1,20260202,tdc-1+tbh-1##20260202,0.1771,0.0000,0.0000
tdc-1+tbh-1,20260202,tdc-1+tbh-1##20260202,0.2446,0.0000,0.0000
tdc-1+tbh-1,20260202,tdc-1+tbh-1##20260202,0.1486,0.0000,2.4357
tdc-1+tbh-1,20260202,tdc-1+tbh-1##20260202,0.0875,0.0000,0.0000
tdc-1+tbh-1,20260202,tdc-1+tbh-1##20260202,0.1630,0.0000,2.6277
tdc-1+tbh-1,20260202,tdc-1+tbh-1##20260202,0.0347,0.0000,11.3208
tdc-1+tbh-1,20260202,tdc-1+tbh-1##20260202,0.2111,0.0000,0.0000
tdc-1+tbh-1,20260202,tdc-1+tbh-1##20260202,0.1093,0.0000,0.0000
tdc-1+tbh-1,20260202,tdc-1+tbh-1##20260202,0.1573,0.0000,0.0000
tdc-1+tbh-1,20260202,tdc-1+tbh-1##20260202,0.1527,0.0000,0.0000
tdc-1+tbh-1,20260202,tdc-1+tbh-1##20260202,0.2226,0.0000,0.0000
tdc-1+tbh-1,20260202,tdc-1+tbh-1##20260202,0.0983,3.9216,1.9608
tdc-1+tbh-1,20260202,tdc-1+tbh-1##20260202,0.1113,0.0000,0.0000
tdc-1+tbh-1,20260202,tdc-1+tbh-1##20260202,0.1481,0.0000,2.2263
tdc-1+tbh-1,20260202,tdc-1+tbh-1##20260202,0.1299,0.0000,1.2146
tdc-1+tbh-1,20260202,tdc-1+tbh-1##20260202,0.2039,3.5785,2.3857
tdc-1+tbh-1,20260202,tdc-1+tbh-1##20260202,0.1404,0.0000,0.0000
tdc-1+tbh-1,20260202,tdc-1+tbh-1##20260202,0.1091,1.9672,1.9672
tdc-1+tbh-1,20260202,tdc-1+tbh-1##20260202,0.1606,0.0000,0.0000
tdc-1+tbh-1,20260202,tdc-1+tbh-1##20260202,0.1953,0.0000,0.0000
tdc-1+tbh-1,20260202,tdc-1+tbh-1##20260202,0.1229,0.0000,6.8182
tdc-1+tbh-1,20260202,tdc-1+tbh-1##20260202,0.1492,0.0000,0.0000
tdc-1+tbh-1,20260202,tdc-1+tbh-1##20260202,0.1407,0.0000,20.0000
tdc-1+tbh-1,20260202,tdc-1+tbh-1##20260202,0.1680,0.0000,0.0000
tdc-1+tbh-1,20260202,tdc-1+tbh-1##20260202,0.1872,0.0000,0.0000
tdc-1+tbh-1,20260202,tdc-1+tbh-1##20260202,0.1307,0.0000,0.0000
tdc-1+tbh-1,20260202,tdc-1+tbh-1##20260202,0.2158,0.0000,0.0000
tdc-1+tbh-1,20260202,tdc-1+tbh-1##20260202,0.1624,0.0000,0.0000
tdc-1+tbh-1,20260202,tdc-1+tbh-1##20260202,0.1054,0.0000,0.0000
tdc-1+tbh-1,20260202,tdc-1+tbh-1##20260202,0.0506,14.5455,3.6364
tdc-1+tbh-1,20260202,tdc-1+tbh-1##20260202,0.2069,0.0000,0.0000
tdc-1+tbh-1,20260202,tdc-1+tbh-1##20260202,0.1331,0.6303,2.5210
tdc-1+tbh-1,20260202,tdc-1+tbh-1##20260202,0.1816,0.0000,0.0000
tdc-1+tbh-1,20260202,tdc-1+tbh-1##20260202,0.0933,0.9119,1.8237
tdc-1+tbh-1,20260202,tdc-1+tbh-1##20260202,0.2191,0.0000,0.0000
tdc-1+tbh-1,20260202,tdc-1+tbh-1##20260202,0.1291,0.0000,2.3810
tdc-1+tbh-1,20260202,tdc-1+tbh-1##20260202,0.1807,20.6897,0.0000
tdc-1+tbh-1,20260202,tdc-1+tbh-1##20260202,0.1034,0.0000,0.0000
tdc-1+tbh-1,20260202,tdc-1+tbh-1##20260202,0.2010,0.0000,0.0000
tdc-1+tbh-1,20260202,tdc-1+tbh-1##20260202,0.1487,0.0000,0.0000
tdc-1+tbh-1,20260202,tdc-1+tbh-1##20260202,0.1265,0.0000,0.0000
tdc-1+tbh-1,20260202,tdc-1+tbh-1##20260202,0.1009,0.0000,42.8571
tdc-1+tbh-1,20260202,tdc-1+tbh-1##20260202,0.2157,0.0000,0.0000
tdc-1+tbh-1,20260202,tdc-1+tbh-1##20260202,0.0873,0.0000,3.4091
tdc-1+tbh-1,20260202,tdc-1+tbh-1##20260202,0.2397,0.0000,0.0000
tdc-1+tbh-1,20260202,tdc-1+tbh-1##20260202,0.1487,0.0000,0.0000
tdc-1+tbh-1,20260202,tdc-1+tbh-1##20260202,0.1390,0.0000,0.0000
tdc-1+tbh-1,20260202,tdc-1+tbh-1##20260202,0.1302,0.0000,0.0000
tdc-1+tbh-1,20260202,tdc-1+tbh-1##20260202,0.2224,0.8463,0.0000
tdc-1+tbh-1,20260202,tdc-1+tbh-1##20260202,,0.0000,0.0000
tdc-1+tbh-1,20260202,tdc-1+tbh-1##20260202,0.2197,0.0000,0.0000
tdc-1+tbh-1,20260202,tdc-1+tbh-1##20260202,0.1873,0.0000,0.0000
tdc-1+tbh-1,20260202,tdc-1+tbh-1##20260202,0.1584,0.0000,0.0000
tdc-1+tbh-1,20260202,tdc-1+tbh-1##20260202,0.1322,0.0000,0.0000
tdc-1+tbh-1,20260202,tdc-1+tbh-1##20260202,0.1940,0.0000,0.0000
tdc-1+tbh-1,20260202,tdc-1+tbh-1##20260202,0.1489,0.0000,0.0000
tdc-1+tbh-1,20260202,tdc-1+tbh-1##20260202,0.0302,0.0000,0.0000
tdc-1+tbh-1,20260202,tdc-1+tbh-1##20260202,0.1269,0.9631,0.0000
tdc-1+tbh-1,20260202,tdc-1+tbh-1##20260202,0.1320,0.0000,1.9967
tdc-1+tbh-1,20260202,tdc-1+tbh-1##20260202,0.1257,0.0000,0.0000
tdc-1+tbh-1,20260202,tdc-1+tbh-1##20260202,0.1676,0.0000,0.0000
tdc-1+tbh-1,20260202,tdc-1+tbh-1##20260202,0.1392,0.0000,0.0000
tdc-1+tbh-1,20260202,tdc-1+tbh-1##20260202,0.0795,0.0000,3.1088
tdc-1+tbh-1,20260202,tdc-1+tbh-1##20260202,0.0491,0.0000,0.0000
tdc-1+tbh-1,20260202,tdc-1+tbh-1##20260202,0.1795,0.0000,0.0000
tdc-1+tbh-1,20260202,tdc-1+tbh-1##20260202,0.1558,0.0000,0.0000
tdc-1+tbh-1,20260202,tdc-1+tbh-1##20260202,0.1345,1.2146,3.6437
tdc-1+tbh-1,20260202,tdc-1+tbh-1##20260202,0.1790,0.0000,0.0000
tdc-1+tbh-1,20260202,tdc-1+tbh-1##20260202,0.2082,1.3129,0.0000
tdc-1+tbh-1,20260202,tdc-1+tbh-1##20260202,0.1188,2.2140,2.2140
tdc-1+tbh-1,20260202,tdc-1+tbh-1##20260202,0.1320,0.0000,0.0000
tdc-1+tbh-1,20260202,tdc-1+tbh-1##20260202,0.1689,0.0000,0.0000
tdc-1+tbh-1,20260202,tdc-1+tbh-1##20260202,0.0376,5.1282,0.0000
tdc-1+tbh-1,20260202,tdc-1+tbh-1##20260202,0.1699,2.6786,0.0000
tdc-1+tbh-1,20260202,tdc-1+tbh-1##20260202,0.1555,0.0000,0.0000
tdc-1+tbh-1,20260202,tdc-1+tbh-1##20260202,0.1616,0.0000,0.0000
tdc-1+tbh-1,20260202,tdc-1+tbh-1##20260202,0.1337,0.0000,0.0000
tdc-1+tbh-1,20260202,tdc-1+tbh-1##20260202,0.1642,0.0000,0.0000
tdc-1+tbh-1,20260202,tdc-1+tbh-1##20260202,0.1497,0.0000,0.0000
tdc-1+tbh-1,20260202,tdc-1+tbh-1##20260202,0.1696,0.0000,0.0000
tdc-1+tbh-1,20260202,tdc-1+tbh-1##20260202,0.1564,0.0000,2.0408
tdc-1+tbh-1,20260202,tdc-1+tbh-1##20260202,0.0633,7.0588,3.5294
tdc-1+tbh-1,20260202,tdc-1+tbh-1##20260202,0.2034,0.0000,0.0000
tdc-1+tbh-1,20260202,tdc-1+tbh-1##20260202,0.1458,0.0000,0.0000
tdc-1+tbh-1,20260202,tdc-1+tbh-1##20260202,0.1496,0.0000,0.0000
tdc-1+tbh-1,20260202,tdc-1+tbh-1##20260202,0.1194,0.0000,0.0000
tdc-1+tbh-1,20260202,tdc-1+tbh-1##20260202,0.1917,0.0000,0.0000
tdc-1+tbh-1,20260202,tdc-1+tbh-1##20260202,0.1755,0.0000,0.0000
tdc-1+tbh-1,20260202,tdc-1+tbh-1##20260202,0.1739,0.0000,0.0000
tdc-1+tbh-1,20260202,tdc-1+tbh-1##20260202,0.1214,0.0000,0.0000
tdc-1+tbh-1,20260202,tdc-1+tbh-1##20260202,0.1392,9.8361,0.0000
tdc-1+tbh-1,20260202,tdc-1+tbh-1##20260202,0.1207,0.0000,0.0000
tdc-1+tbh-1,20260202,tdc-1+tbh-1##20260202,0.2176,0.0000,0.0000
tdc-1+tbh-1,20260202,tdc-1+tbh-1##20260202,0.1332,0.0000,0.0000
tph-1,20260203,tph-1##20260203,0.0501,10.0962,4.8077
tph-1,20260203,tph-1##20260203,,0.0000,0.0000
tph-1,20260203,tph-1##20260203,0.1727,0.0000,0.0000
tph-1,20260203,tph-1##20260203,0.1856,0.0000,0.0000
tph-1,20260203,tph-1##20260203,0.1491,0.0000,1.5666
tph-1,20260203,tph-1##20260203,0.1969,0.0000,0.0000
tph-1,20260203,tph-1##20260203,0.1729,0.0000,0.0000
tph-1,20260203,tph-1##20260203,0.1666,0.0000,0.0000
tph-1,20260203,tph-1##20260203,0.1794,0.0000,0.0000
tph-1,20260203,tph-1##20260203,0.1571,0.0000,0.0000
tph-1,20260203,tph-1##20260203,0.2129,0.5137,0.0000
tph-1,20260203,tph-1##20260203,0.1895,0.0000,0.0000
tph-1,20260203,tph-1##20260203,0.1438,0.6116,0.0000
tph-1,20260203,tph-1##20260203,0.1408,0.0000,0.0000
tph-1,20260203,tph-1##20260203,0.1609,0.0000,0.0000
tph-1,20260203,tph-1##20260203,0.1431,0.0000,0.0000
tph-1,20260203,tph-1##20260203,0.1601,0.0000,0.0000
tph-1,20260203,tph-1##20260203,0.1662,1.0508,0.0000
tph-1,20260203,tph-1##20260203,0.1641,0.0000,0.0000
tph-1,20260203,tph-1##20260203,0.1681,0.0000,0.0000
tph-1,20260203,tph-1##20260203,0.1619,0.0000,0.0000
tph-1,20260203,tph-1##20260203,0.1742,0.0000,0.0000
tph-1,20260203,tph-1##20260203,0.0821,0.4847,0.0000
tph-1,20260203,tph-1##20260203,0.0523,19.0308,2.6432
tph-1,20260203,tph-1##20260203,0.1108,0.0000,0.0000
tph-1,20260203,tph-1##20260203,0.1892,0.0000,0.0000
tph-1,20260203,tph-1##20260203,0.1790,0.0000,0.0000
tph-1,20260203,tph-1##20260203,0.1243,0.0000,0.0000
tph-1,20260203,tph-1##20260203,0.1642,0.0000,0.0000
tph-1,20260203,tph-1##20260203,0.1527,0.0000,0.0000
tph-1,20260203,tph-1##20260203,0.1471,0.0000,0.0000
tph-1,20260203,tph-1##20260203,0.1580,0.0000,0.0000
tph-1,20260203,tph-1##20260203,0.1601,0.9479,0.0000
tph-1,20260204,tph-1##20260204,0.0875,0.0000,0.0000
tph-1,20260204,tph-1##20260204,0.0940,2.2578,2.2578
tph-1,20260204,tph-1##20260204,0.0675,1.9890,0.0000
tph-1,20260204,tph-1##20260204,0.1121,0.0000,0.0000
tph-1,20260204,tph-1##20260204,0.1225,0.0000,0.0000
tph-1,20260204,tph-1##20260204,0.0716,4.6875,0.0000
tph-1,20260204,tph-1##20260204,0.0633,0.0000,0.0000
tph-1,20260204,tph-1##20260204,0.0936,1.0919,1.0919
tph-1,20260204,tph-1##20260204,0.1089,0.4389,0.4389
tph-1,20260204,tph-1##20260204,0.1296,0.0000,0.0000
tph-1,20260204,tph-1##20260204,0.1228,0.0000,0.0000
tph-1,20260204,tph-1##20260204,0.1190,3.3930,1.1310
tph-1,20260204,tph-1##20260204,0.0881,0.8180,0.4090
tph-1,20260204,tph-1##20260204,0.1035,0.0000,0.0000
tph-1,20260204,tph-1##20260204,0.0912,0.0000,0.0000
tph-1,20260204,tph-1##20260204,0.1266,0.0000,0.0000
tph-1,20260204,tph-1##20260204,0.0954,0.0000,0.0000
tph-1,20260204,tph-1##20260204,0.0953,0.0000,0.0000
tph-1,20260204,tph-1##20260204,0.0987,0.0000,0.0000
tph-1,20260204,tph-1##20260204,0.1341,1.4388,0.0000
tph-1,20260204,tph-1##20260204,0.1255,0.0000,0.0000
tph-1,20260204,tph-1##20260204,0.1078,1.7266,0.8633
tph-1,20260204,tph-1##20260204,0.0985,0.0000,0.0000
tph-1,20260204,tph-1##20260204,0.0529,13.5593,10.1695
tph-1,20260204,tph-1##20260204,0.1035,8.5308,2.8436
tph-1,20260204,tph-1##20260204,0.0971,0.0000,0.0000
tph-1,20260204,tph-1##20260204,,19.3548,19.3548
tph-1,20260204,tph-1##20260204,0.1025,3.2609,1.0870
tph-1,20260204,tph-1##20260204,0.1163,0.0000,0.0000
tph-1,20260204,tph-1##20260204,0.0937,0.0000,0.0000
tph-1,20260204,tph-1##20260204,0.0893,0.0000,0.0000
tph-1,20260204,tph-1##20260204,0.1354,0.8996,0.0000
tph-1,20260204,tph-1##20260204,0.0907,2.8591,0.4084
tph-1,20260204,tph-1##20260204,0.1180,0.0000,0.8929
tph-1,20260204,tph-1##20260204,0.0860,0.0000,0.0000
tph-1,20260204,tph-1##20260204,0.0940,0.7194,0.7194
tph-1,20260204,tph-1##20260204,0.0931,4.2254,2.5352
tph-1,20260204,tph-1##20260204,0.0501,3.9735,15.8940
tph-1,20260204,tph-1##20260204,0.1243,0.0000,0.0000
tph-1,20260204,tph-1##20260204,0.1410,5.6604,0.0000
tph-1,20260204,tph-1##20260204,0.1665,0.0000,0.0000
tph-1,20260204,tph-1##20260204,0.0875,7.8431,0.0000
tph-1,20260204,tph-1##20260204,0.1110,3.9344,0.9836
tph-1,20260204,tph-1##20260204,0.0855,0.0000,0.0000
tph-1,20260204,tph-1##20260204,0.1123,0.0000,0.0000
tph-1,20260204,tph-1##20260204,0.1271,0.9539,0.0000
tph-1,20260204,tph-1##20260204,0.0994,0.8345,1.6690
tph-1,20260204,tph-1##20260204,0.0779,0.0000,0.0000
tph-1,20260204,tph-1##20260204,0.0932,10.7143,0.0000
tph-1,20260204,tph-1##20260204,0.0764,0.0000,0.0000
tph-1,20260204,tph-1##20260204,0.0953,2.7778,2.7778
tph-1,20260204,tph-1##20260204,,18.1818,18.1818
tph-1,20260204,tph-1##20260204,0.1043,3.9867,3.9867
tph-1,20260204,tph-1##20260204,0.0449,36.3636,0.0000
tph-1,20260204,tph-1##20260204,0.1160,0.0000,0.0000
tph-1,20260204,tph-1##20260204,0.1400,0.0000,0.0000
tph-1,20260204,tph-1##20260204,0.0689,1.3761,0.4587
tph-1,20260204,tph-1##20260204,0.1047,0.8409,0.4205
tph-1,20260204,tph-1##20260204,0.0977,10.6195,0.0000
tph-1,20260204,tph-1##20260204,0.1264,1.5803,0.5268
tph-1,20260204,tph-1##20260204,0.0891,0.0000,0.0000
tph-1,20260204,tph-1##20260204,0.1170,7.5949,0.0000
tph-1,20260204,tph-1##20260204,0.1056,0.4535,0.9070
tph-1,20260204,tph-1##20260204,0.0811,12.0000,0.0000
tph-1,20260204,tph-1##20260204,0.1250,4.3956,0.0000
tph-1,20260204,tph-1##20260204,0.1069,4.8257,3.2172
tph-1,20260204,tph-1##20260204,0.1045,0.9310,0.9310
tph-1,20260204,tph-1##20260204,0.1282,0.0000,0.0000
tph-1,20260204,tph-1##20260204,0.0886,6.8966,0.0000
tph-1,20260204,tph-1##20260204,0.1171,5.4054,0.0000
tph-1,20260204,tph-1##20260204,0.0627,17.1429,0.0000
tph-1,20260204,tph-1##20260204,0.0928,0.0000,0.0000
tph-1,20260204,tph-1##20260204,0.1178,2.1845,3.6408
tph-1,20260204,tph-1##20260204,0.0816,0.0000,0.0000
tph-1,20260204,tph-1##20260204,,0.0000,21.4286
tph-1,20260204,tph-1##20260204,0.0880,0.0000,0.0000
tph-1,20260204,tph-1##20260204,0.1398,0.0000,2.3438
tph-1,20260204,tph-1##20260204,0.0959,0.0000,0.0000
tph-1,20260204,tph-1##20260204,0.0966,0.0000,3.7267
tph-1,20260204,tph-1##20260204,0.1186,0.9836,0.9836
tph-1,20260204,tph-1##20260204,0.1129,0.0000,0.0000
tph-1,20260204,tph-1##20260204,0.0939,0.0000,0.0000
tph-1,20260204,tph-1##20260204,0.0463,0.0000,13.3333
tph-1,20260204,tph-1##20260204,0.1115,1.2333,0.0000
tph-1,20260204,tph-1##20260204,0.1130,0.0000,0.0000
tph-1,20260204,tph-1##20260204,0.0771,0.0000,0.0000
tph-1,20260204,tph-1##20260204,0.1124,0.0000,0.0000
tph-1,20260204,tph-1##20260204,0.1066,0.0000,0.0000
tph-1,20260204,tph-1##20260204,0.0570,0.0000,16.6667
tph-1,20260204,tph-1##20260204,0.1018,0.0000,0.0000
tph-1,20260204,tph-1##20260204,0.0802,0.0000,0.0000
tph-1,20260204,tph-1##20260204,0.0932,28.1250,0.0000
tph-1,20260204,tph-1##20260204,0.0957,7.2289,0.0000
tph-1,20260204,tph-1##20260204,0.1172,2.0067,0.0000
tph-1,20260204,tph-1##20260204,0.1009,2.5105,3.3473
tph-1,20260204,tph-1##20260204,0.1215,3.8055,5.0740
tph-1,20260204,tph-1##20260204,0.0947,5.2326,3.4884
tph-1,20260204,tph-1##20260204,0.0875,7.1429,7.1429
tph-1,20260204,tph-1##20260204,0.1203,5.4194,3.8710
tph-1,20260204,tph-1##20260204,0.0985,0.0000,0.0000
tph-1,20260204,tph-1##20260204,0.0808,0.0000,0.0000
tph-1,20260204,tph-1##20260204,0.1020,5.6471,0.0000
tph-1,20260204,tph-1##20260204,0.1402,0.0000,0.0000
tph-1,20260204,tph-1##20260204,0.0646,0.0000,0.0000
tph-1,20260204,tph-1##20260204,0.0714,0.0000,0.0000
tph-1,20260204,tph-1##20260204,0.1655,11.1111,22.2222
tph-1,20260204,tph-1##20260204,0.0827,2.2059,0.0000
tph-1,20260204,tph-1##20260204,0.1134,0.0000,1.8927
tph-1,20260204,tph-1##20260204,0.0955,3.1414,2.0942
tph-1,20260204,tph-1##20260204,0.0720,0.0000,0.0000
tph-1,20260204,tph-1##20260204,0.1367,0.0000,0.0000
tph-1,20260204,tph-1##20260204,,0.0000,23.0769
tph-1,20260204,tph-1##20260204,0.0855,0.0000,0.0000
tph-1,20260204,tph-1##20260204,0.1063,0.9050,0.9050
tph-1,20260204,tph-1##20260204,0.0683,0.0000,0.0000
tph-1,20260204,tph-1##20260204,0.1040,0.0000,22.2222
tph-1,20260204,tph-1##20260204,0.0914,0.0000,0.0000
tph-1,20260204,tph-1##20260204,0.1101,0.0000,0.0000
tph-1,20260204,tph-1##20260204,0.0962,7.0039,4.6693
tph-1,20260204,tph-1##20260204,0.1065,3.0560,2.0374
tph-1,20260204,tph-1##20260204,0.1005,0.0000,0.0000
tph-1,20260204,tph-1##20260204,0.1346,1.5228,3.0457
tph-1,20260204,tph-1##20260204,0.0922,0.0000,0.0000
tph-1,20260204,tph-1##20260204,0.0874,4.4118,4.4118
tph-1,20260204,tph-1##20260204,0.0860,0.0000,0.0000
tph-1,20260204,tph-1##20260204,0.0998,3.1414,0.0000
tph-1,20260204,tph-1##20260204,0.1002,1.2793,2.5586
tph-1,20260204,tph-1##20260204,0.1141,0.0000,0.0000
tph-1,20260204,tph-1##20260204,0.1089,9.6330,6.8807
tph-1,20260204,tph-1##20260204,0.0778,0.0000,0.0000
tph-1,20260204,tph-1##20260204,0.1109,5.5046,3.6697
tph-1,20260204,tph-1##20260204,0.0552,0.0000,0.0000
tph-1,20260204,tph-1##20260204,0.1298,1.7291,1.7291
tph-1,20260204,tph-1##20260204,0.0963,1.7544,1.7544
tph-1,20260204,tph-1##20260204,0.0967,2.3715,0.0000
tph-1,20260204,tph-1##20260204,0.0656,8.3333,0.0000
tph-1,20260204,tph-1##20260204,0.1160,0.0000,24.4898
tph-1,20260204,tph-1##20260204,0.1048,11.6129,11.6129
tph-1,20260204,tph-1##20260204,0.0754,0.0000,0.0000
tph-1,20260204,tph-1##20260204,0.1340,0.0000,0.0000
tph-1,20260204,tph-1##20260204,0.0911,0.0000,0.0000
tph-1,20260204,tph-1##20260204,0.1107,4.8387,0.0000
tph-1,20260204,tph-1##20260204,0.1364,5.6075,5.6075
tph-1,20260204,tph-1##20260204,0.0692,0.0000,0.0000
tph-1,20260204,tph-1##20260204,0.0795,7.5949,0.0000
tph-1,20260204,tph-1##20260204,0.1824,8.8235,8.8235
tph-1,20260204,tph-1##20260204,0.0482,30.5085,0.0000
tph-1,20260204,tph-1##20260204,0.1619,8.5714,0.0000
tph-1,20260204,tph-1##20260204,0.0748,23.5294,0.0000
tph-1,20260207,tph-1##20260207,0.1312,0.0000,0.0000
tph-1,20260207,tph-1##20260207,0.1274,0.0000,0.0000
tph-1,20260207,tph-1##20260207,0.1357,0.0000,1.2072
tph-1,20260207,tph-1##20260207,0.1102,0.0000,0.0000
tph-1,20260207,tph-1##20260207,0.1205,0.0000,0.0000
tph-1,20260207,tph-1##20260207,0.1029,0.0000,0.0000
tph-1,20260207,tph-1##20260207,0.1071,0.0000,0.0000
tph-1,20260207,tph-1##20260207,0.0755,0.0000,0.0000
tph-1,20260207,tph-1##20260207,0.0759,2.9086,1.6620
tph-1,20260207,tph-1##20260207,0.0894,0.0000,0.0000
tph-1,20260207,tph-1##20260207,0.0869,1.5957,1.5957
tph-1,20260207,tph-1##20260207,0.1032,0.0000,0.0000
tph-1,20260207,tph-1##20260207,0.1095,0.0000,0.0000
tph-1,20260207,tph-1##20260207,0.1299,1.3311,0.6656
tph-1,20260207,tph-1##20260207,0.1239,0.0000,0.0000
tph-1,20260207,tph-1##20260207,0.1038,0.0000,0.0000
tph-1,20260207,tph-1##20260207,0.1244,0.7075,1.4151
tph-1,20260207,tph-1##20260207,0.0798,4.6484,2.8605
tph-1,20260207,tph-1##20260207,0.0926,7.5000,0.0000
tph-1,20260207,tph-1##20260207,0.1252,0.0000,0.0000
tph-1,20260207,tph-1##20260207,0.1066,0.0000,0.0000
tph-1,20260207,tph-1##20260207,0.0967,0.0000,0.0000
tph-1,20260207,tph-1##20260207,0.0944,0.0000,0.0000
tph-1,20260207,tph-1##20260207,0.1048,0.0000,0.0000
tph-1,20260207,tph-1##20260207,0.1309,0.0000,0.0000
tph-1,20260207,tph-1##20260207,0.1169,0.0000,0.0000
tph-1,20260207,tph-1##20260207,0.0999,2.3077,0.0000
tph-1,20260207,tph-1##20260207,0.1044,0.0000,0.0000
tph-1,20260207,tph-1##20260207,0.1154,2.0583,0.0000
tph-1,20260207,tph-1##20260207,0.0856,0.0000,0.0000
tph-1,20260207,tph-1##20260207,0.1171,0.0000,0.0000
tph-1,20260207,tph-1##20260207,0.1097,0.0000,0.0000
tph-1,20260207,tph-1##20260207,0.0952,1.2552,0.0000
tph-1,20260207,tph-1##20260207,0.0824,1.3498,1.3498
tph-1,20260207,tph-1##20260207,0.1320,0.0000,0.0000
tph-1,20260207,tph-1##20260207,0.1098,0.0000,0.0000
tph-1,20260207,tph-1##20260207,0.1176,1.1396,0.0000
tph-1,20260207,tph-1##20260207,0.1243,0.0000,0.0000
tph-1,20260207,tph-1##20260207,0.1260,0.0000,0.0000
tph-1,20260207,tph-1##20260207,0.1216,0.0000,0.0000
tph-1,20260207,tph-1##20260207,0.0874,0.0000,0.0000
tph-1,20260207,tph-1##20260207,0.1059,0.0000,0.0000
tph-1,20260207,tph-1##20260207,0.1006,0.0000,0.0000
tph-1,20260207,tph-1##20260207,0.1247,0.0000,0.0000
tph-1,20260207,tph-1##20260207,0.1343,0.0000,0.0000
tph-1,20260207,tph-1##20260207,0.1032,0.0000,0.0000
tph-1,20260207,tph-1##20260207,0.1215,0.0000,0.0000
tph-1,20260207,tph-1##20260207,0.1374,0.0000,0.0000
tph-1,20260207,tph-1##20260207,0.0948,0.0000,0.0000
tph-1,20260207,tph-1##20260207,0.1301,0.6969,0.0000
tph-1,20260207,tph-1##20260207,0.1225,0.0000,0.0000
tph-1,20260207,tph-1##20260207,0.1379,0.0000,0.0000
tph-1,20260207,tph-1##20260207,0.1069,2.3622,0.5906
tph-1,20260207,tph-1##20260207,0.1470,0.0000,0.0000
tph-1,20260207,tph-1##20260207,0.0956,0.0000,0.0000
tph-1,20260207,tph-1##20260207,0.1076,1.9912,1.3274
tph-1,20260207,tph-1##20260207,0.1067,0.0000,0.0000
tph-1,20260207,tph-1##20260207,0.1184,0.0000,0.0000
tph-1,20260207,tph-1##20260207,0.0959,0.0000,0.0000
tph-1,20260207,tph-1##20260207,,0.0000,0.0000
tph-1,20260207,tph-1##20260207,0.0972,0.0000,0.0000
tph-1,20260207,tph-1##20260207,0.1179,0.0000,0.0000
tph-1,20260207,tph-1##20260207,0.1056,0.0000,0.0000
tph-1,20260207,tph-1##20260207,0.1342,5.3097,0.0000
tph-1,20260207,tph-1##20260207,0.1025,0.0000,0.0000
tph-1,20260207,tph-1##20260207,0.0875,0.0000,0.0000
tph-1,20260207,tph-1##20260207,0.1391,0.5825,0.0000
tph-1,20260207,tph-1##20260207,0.1166,0.0000,0.0000
tph-1,20260207,tph-1##20260207,0.1299,0.0000,0.0000
tph-1,20260207,tph-1##20260207,0.1153,0.0000,0.0000
tph-1,20260207,tph-1##20260207,0.1065,0.0000,0.0000
tph-1,20260207,tph-1##20260207,0.1284,0.0000,0.0000
tph-1,20260207,tph-1##20260207,0.1257,0.0000,0.0000
tph-1,20260207,tph-1##20260207,0.1287,0.0000,0.0000
tph-1,20260207,tph-1##20260207,0.1103,1.4760,0.7380
tph-1,20260207,tph-1##20260207,0.1026,0.0000,0.0000
tph-1,20260207,tph-1##20260207,0.0745,0.0000,0.0000
tph-1,20260207,tph-1##20260207,0.0934,0.0000,0.0000
tph-1,20260207,tph-1##20260207,0.1149,4.5652,2.6087
tph-1,20260207,tph-1##20260207,0.0968,0.0000,0.0000
tph-1,20260207,tph-1##20260207,0.1235,0.0000,0.0000
tph-1,20260207,tph-1##20260207,0.1220,0.0000,3.3708
tph-1,20260207,tph-1##20260207,0.1436,0.0000,0.0000
tph-1,20260207,tph-1##20260207,0.1311,0.0000,0.0000
tph-1,20260207,tph-1##20260207,0.1521,12.7660,0.0000
tph-1,20260207,tph-1##20260207,0.1048,0.0000,0.5445
tph-1,20260207,tph-1##20260207,0.1355,0.0000,0.0000
tph-1,20260207,tph-1##20260207,0.1602,0.0000,0.0000
tph-1,20260207,tph-1##20260207,0.1492,0.0000,0.0000
tph-1,20260207,tph-1##20260207,0.0612,0.0000,0.0000
tph-1,20260207,tph-1##20260207,0.0973,0.0000,0.0000
tph-1,20260207,tph-1##20260207,0.1117,0.0000,0.0000
tph-1,20260207,tph-1##20260207,0.1079,0.7212,0.0000
tph-1,20260207,tph-1##20260207,0.1363,0.0000,0.0000
tph-1,20260207,tph-1##20260207,0.1108,0.0000,0.0000
tph-1,20260207,tph-1##20260207,0.1088,0.0000,0.0000
tph-1,20260207,tph-1##20260207,0.1277,0.0000,0.0000
tph-1,20260207,tph-1##20260207,0.1976,17.6471,0.0000
tph-1,20260207,tph-1##20260207,0.1000,0.0000,0.0000
tph-1,20260207,tph-1##20260207,0.1227,2.7650,1.8433
tph-1,20260207,tph-1##20260207,0.1363,0.9788,0.0000
tph-1,20260207,tph-1##20260207,0.1312,0.0000,0.0000
tph-1,20260207,tph-1##20260207,0.0988,0.0000,0.0000
tph-1,20260207,tph-1##20260207,0.1047,0.0000,0.0000
tph-1,20260207,tph-1##20260207,0.0949,8.7805,2.9268
tph-1,20260207,tph-1##20260207,0.1062,0.0000,0.0000
tph-1,20260207,tph-1##20260207,0.0928,0.0000,0.0000
tph-1,20260207,tph-1##20260207,0.1243,0.0000,0.0000
tph-1,20260207,tph-1##20260207,0.1257,0.0000,0.0000
tph-1,20260207,tph-1##20260207,0.1216,0.0000,0.0000
tph-1,20260207,tph-1##20260207,0.1060,0.0000,0.0000
tph-1,20260207,tph-1##20260207,0.1249,2.3438,1.1719
tph-1,20260207,tph-1##20260207,0.1273,1.0239,1.0239
tph-1,20260207,tph-1##20260207,0.1134,0.0000,0.0000
tph-1,20260207,tph-1##20260207,0.0911,0.0000,0.0000
tph-1,20260207,tph-1##20260207,0.1262,0.0000,0.0000
tph-1,20260207,tph-1##20260207,0.1320,0.0000,0.0000
tph-1,20260207,tph-1##20260207,0.0890,0.0000,0.0000
tph-1,20260207,tph-1##20260207,0.1029,0.0000,0.0000
tph-1,20260207,tph-1##20260207,0.1288,0.0000,0.0000
tph-1,20260207,tph-1##20260207,0.1202,1.9608,1.9608
tph-1,20260207,tph-1##20260207,0.1118,4.0268,8.0537
tph-1,20260207,tph-1##20260207,0.1249,1.1407,1.1407
tph-1,20260207,tph-1##20260207,0.1021,0.0000,0.0000
tph-1,20260207,tph-1##20260207,0.1152,0.0000,0.0000
tph-1,20260207,tph-1##20260207,0.1252,1.0850,0.0000
tph-1,20260207,tph-1##20260207,0.0925,0.0000,0.0000
tph-1,20260207,tph-1##20260207,0.1379,3.5928,7.1856
tph-1,20260207,tph-1##20260207,0.1262,0.0000,0.0000
tph-1,20260207,tph-1##20260207,0.1175,0.0000,0.0000
tph-1,20260207,tph-1##20260207,0.1050,2.8874,2.8874
tph-1,20260207,tph-1##20260207,0.1322,4.4444,0.0000
tph-1,20260207,tph-1##20260207,0.1245,1.5345,2.3018
tph-1,20260207,tph-1##20260207,0.0534,0.0000,0.0000
tph-1,20260207,tph-1##20260207,0.1501,2.3211,1.1605
tph-1,20260207,tph-1##20260207,0.0967,0.0000,0.0000
tph-1,20260207,tph-1##20260207,0.1179,0.0000,0.0000
tph-1,20260207,tph-1##20260207,0.1235,3.7267,2.4845
tph-1,20260207,tph-1##20260207,0.1022,1.2397,0.0000
tph-1,20260207,tph-1##20260207,0.1637,0.0000,0.0000
tph-1,20260207,tph-1##20260207,0.1130,0.0000,0.0000
tph-1,20260207,tph-1##20260207,0.1070,0.0000,0.0000
tph-1,20260207,tph-1##20260207,0.1330,2.6627,0.8876
tph-1,20260207,tph-1##20260207,0.1040,0.0000,0.0000
tph-1,20260207,tph-1##20260207,0.1116,0.0000,0.0000
tph-1,20260207,tph-1##20260207,0.1398,0.0000,0.0000
tph-1,20260207,tph-1##20260207,0.1049,1.1905,1.1905
tph-1,20260207,tph-1##20260207,0.0969,0.0000,0.0000
tph-1,20260207,tph-1##20260207,0.1261,0.0000,0.0000
tph-1,20260207,tph-1##20260207,0.0813,0.0000,0.0000
tph-1,20260207,tph-1##20260207,0.1215,0.0000,0.0000
tph-1,20260207,tph-1##20260207,0.0937,0.0000,0.0000
tph-1,20260207,tph-1##20260207,0.1211,0.0000,0.0000
tph-1,20260207,tph-1##20260207,0.1361,0.0000,0.0000
tph-1,20260207,tph-1##20260207,0.1230,17.6471,0.0000
tph-1,20260207,tph-1##20260207,0.0829,0.0000,0.0000
tph-1,20260207,tph-1##20260207,0.1459,0.0000,0.0000
tph-1,20260207,tph-1##20260207,0.0761,0.0000,11.4650
tph-1,20260207,tph-1##20260207,0.0904,0.0000,0.0000
tph-1,20260207,tph-1##20260207,0.0859,0.0000,0.0000
tph-1,20260207,tph-1##20260207,0.1298,0.0000,0.0000
tph-1,20260207,tph-1##20260207,0.1449,0.0000,0.0000
tph-1,20260207,tph-1##20260207,0.1152,0.0000,0.0000
tph-1,20260207,tph-1##20260207,0.0775,0.0000,0.0000
tph-1,20260207,tph-1##20260207,0.1558,0.0000,0.0000
tph-1,20260207,tph-1##20260207,0.1251,0.0000,0.0000
tph-1,20260207,tph-1##20260207,0.0572,0.0000,0.0000
tph-1,20260207,tph-1##20260207,0.0685,3.1304,3.1304
tph-1,20260207,tph-1##20260207,0.1304,0.0000,0.0000
tph-1,20260207,tph-1##20260207,0.1242,0.0000,0.0000
tph-1,20260207,tph-1##20260207,0.1088,0.0000,0.0000
tph-1,20260207,tph-1##20260207,0.1287,1.2346,2.4691
tph-1,20260207,tph-1##20260207,0.1170,0.0000,0.0000
tph-1,20260207,tph-1##20260207,0.1343,0.0000,0.0000
tph-1,20260207,tph-1##20260207,0.1282,0.0000,0.0000
tph-1,20260207,tph-1##20260207,0.1128,0.0000,0.0000
tph-1,20260207,tph-1##20260207,0.1265,5.0000,0.0000
tph-1,20260207,tph-1##20260207,0.1219,0.0000,0.0000
tph-1,20260207,tph-1##20260207,0.1234,0.0000,0.0000
tph-1,20260207,tph-1##20260207,0.1430,1.7647,0.0000
tph-1,20260207,tph-1##20260207,0.1140,0.0000,0.0000
tph-1,20260207,tph-1##20260207,0.1178,0.0000,0.0000
tph-1,20260207,tph-1##20260207,0.1620,0.0000,0.0000
tph-1,20260207,tph-1##20260207,0.1533,0.0000,0.0000
tph-1,20260207,tph-1##20260207,0.1136,0.0000,0.0000
tph-1,20260207,tph-1##20260207,0.1054,2.3810,1.1905
tph-1,20260207,tph-1##20260207,0.0909,0.0000,0.0000
tph-1,20260207,tph-1##20260207,0.1539,0.0000,0.0000
tph-1,20260207,tph-1##20260207,0.1267,0.0000,0.0000
tph-1,20260207,tph-1##20260207,0.1304,0.0000,0.0000
tph-1,20260207,tph-1##20260207,0.1252,0.0000,0.0000
tph-1,20260207,tph-1##20260207,0.1270,0.0000,0.0000
tph-1,20260207,tph-1##20260207,0.1275,0.0000,0.0000
tph-1,20260207,tph-1##20260207,0.1332,0.0000,0.0000
tph-1,20260207,tph-1##20260207,0.1300,1.3825,0.0000
tph-1,20260207,tph-1##20260207,0.1177,1.9868,0.0000
tph-1,20260207,tph-1##20260207,0.0827,7.2289,0.0000
tph-1,20260207,tph-1##20260207,0.0929,0.0000,0.0000
tph-1,20260207,tph-1##20260207,0.1144,0.0000,0.0000
tph-1,20260207,tph-1##20260207,0.1370,0.0000,0.0000
tph-1,20260207,tph-1##20260207,0.1362,0.0000,0.0000
tph-1,20260207,tph-1##20260207,0.1147,0.0000,0.0000
tph-1,20260207,tph-1##20260207,0.0962,0.0000,0.0000
tph-1,20260207,tph-1##20260207,0.1288,0.0000,0.0000
tph-1,20260207,tph-1##20260207,0.1281,0.0000,0.0000
tph-1,20260207,tph-1##20260207,0.1299,0.0000,0.0000
tph-1,20260207,tph-1##20260207,0.1409,0.0000,0.0000
tph-1,20260207,tph-1##20260207,0.1303,0.0000,0.0000
tph-1,20260207,tph-1##20260207,0.0491,8.0000,0.0000
tph-1,20260207,tph-1##20260207,0.1211,3.7500,0.0000
tph-1,20260207,tph-1##20260207,0.1132,0.0000,0.0000
tph-1,20260207,tph-1##20260207,0.1150,0.0000,0.0000
tph-1,20260207,tph-1##20260207,0.0971,0.0000,8.3333
tph-1,20260207,tph-1##20260207,0.1046,0.0000,0.0000
tph-1,20260207,tph-1##20260207,0.1453,0.0000,0.0000
tph-1,20260207,tph-1##20260207,0.1327,0.0000,0.0000
tph-1,20260207,tph-1##20260207,0.0923,7.5000,0.0000
tph-1,20260207,tph-1##20260207,0.1128,18.1818,0.0000
tph-1,20260207,tph-1##20260207,0.1344,0.0000,0.0000
tph-1,20260207,tph-1##20260207,0.1466,0.0000,0.0000
tph-1,20260207,tph-1##20260207,0.1008,3.8462,3.8462
tph-1,20260207,tph-1##20260207,0.1284,0.0000,0.0000
tph-1,20260207,tph-1##20260207,0.0502,0.0000,0.0000
tph-1,20260207,tph-1##20260207,0.1219,0.0000,0.0000
tph-1,20260207,tph-1##20260207,0.1270,0.0000,4.2857
tph-1,20260207,tph-1##20260207,0.1195,0.0000,0.0000
tph-1,20260207,tph-1##20260207,0.0716,0.0000,0.0000
tph-1,20260207,tph-1##20260207,0.1465,0.0000,0.0000
tph-1,20260207,tph-1##20260207,0.1079,0.0000,0.0000
tph-1,20260207,tph-1##20260207,0.1023,0.0000,0.0000
tph-1,20260207,tph-1##20260207,0.1334,0.0000,0.0000
tph-1,20260207,tph-1##20260207,0.1848,0.0000,0.0000
tph-1,20260207,tph-1##20260207,0.0751,13.6364,0.0000
tph-1,20260207,tph-1##20260207,0.1094,0.0000,0.0000
tph-1,20260207,tph-1##20260207,0.1032,0.0000,0.0000
tph-1+cest-2.1,20260202,tph-1+cest-2.1##20260202,0.1259,0.0000,0.0000
tph-1+cest-2.1,20260202,tph-1+cest-2.1##20260202,0.1426,0.0000,0.0000
tph-1+cest-2.1,20260202,tph-1+cest-2.1##20260202,0.1359,3.2086,0.5348
tph-1+cest-2.1,20260202,tph-1+cest-2.1##20260202,0.1252,0.0000,0.0000
tph-1+cest-2.1,20260202,tph-1+cest-2.1##20260202,0.1389,0.0000,0.0000
tph-1+cest-2.1,20260202,tph-1+cest-2.1##20260202,0.1089,0.0000,0.0000
tph-1+cest-2.1,20260202,tph-1+cest-2.1##20260202,0.0686,0.0000,0.0000
tph-1+cest-2.1,20260202,tph-1+cest-2.1##20260202,0.0865,5.6250,0.0000
tph-1+cest-2.1,20260202,tph-1+cest-2.1##20260202,0.1248,0.0000,0.0000
tph-1+cest-2.1,20260202,tph-1+cest-2.1##20260202,0.1336,0.0000,0.0000
tph-1+cest-2.1,20260202,tph-1+cest-2.1##20260202,0.1178,0.0000,0.0000
tph-1+cest-2.1,20260202,tph-1+cest-2.1##20260202,0.1368,0.6466,0.6466
tph-1+cest-2.1,20260202,tph-1+cest-2.1##20260202,0.1336,2.8874,1.7324
tph-1+cest-2.1,20260202,tph-1+cest-2.1##20260202,0.0943,0.0000,0.0000
tph-1+cest-2.1,20260202,tph-1+cest-2.1##20260202,0.1205,0.0000,0.0000
tph-1+cest-2.1,20260202,tph-1+cest-2.1##20260202,0.1238,0.0000,0.0000
tph-1+cest-2.1,20260202,tph-1+cest-2.1##20260202,0.1362,0.0000,10.5263
tph-1+cest-2.1,20260202,tph-1+cest-2.1##20260202,0.1032,0.0000,0.0000
tph-1+cest-2.1,20260202,tph-1+cest-2.1##20260202,,20.0000,30.0000
tph-1+cest-2.1,20260202,tph-1+cest-2.1##20260202,0.1200,7.0588,14.1176
tph-1+cest-2.1,20260202,tph-1+cest-2.1##20260202,0.0990,0.0000,0.0000
tph-1+cest-2.1,20260202,tph-1+cest-2.1##20260202,0.1028,0.0000,0.0000
tph-1+cest-2.1,20260202,tph-1+cest-2.1##20260202,0.1054,0.0000,0.0000
tph-1+cest-2.1,20260202,tph-1+cest-2.1##20260202,0.1240,0.0000,0.0000
tph-1+cest-2.1,20260202,tph-1+cest-2.1##20260202,0.0717,0.0000,4.4118
tph-1+cest-2.1,20260202,tph-1+cest-2.1##20260202,0.1401,0.9091,0.9091
tph-1+cest-2.1,20260202,tph-1+cest-2.1##20260202,0.0322,18.7500,0.0000
tph-1+cest-2.1,20260202,tph-1+cest-2.1##20260202,0.1468,0.0000,0.0000
tph-1+cest-2.1,20260202,tph-1+cest-2.1##20260202,0.0414,0.0000,36.3636
tph-1+cest-2.1,20260202,tph-1+cest-2.1##20260202,0.1088,0.0000,0.0000
tph-1+cest-2.1,20260202,tph-1+cest-2.1##20260202,0.1601,0.0000,0.0000
tph-1+cest-2.1,20260202,tph-1+cest-2.1##20260202,0.0967,0.4264,0.4264
tph-1+cest-2.1,20260202,tph-1+cest-2.1##20260202,0.1325,0.0000,0.0000
tph-1+cest-2.1,20260202,tph-1+cest-2.1##20260202,0.0928,0.0000,0.0000
tph-1+cest-2.1,20260202,tph-1+cest-2.1##20260202,0.0870,0.0000,0.0000
tph-1+cest-2.1,20260202,tph-1+cest-2.1##20260202,0.1317,0.0000,0.0000
tph-1+cest-2.1,20260202,tph-1+cest-2.1##20260202,0.1020,0.0000,24.0000
tph-1+cest-2.1,20260202,tph-1+cest-2.1##20260202,0.0726,0.0000,0.0000
tph-1+cest-2.1,20260202,tph-1+cest-2.1##20260202,0.1760,0.0000,0.0000
tph-1+cest-2.1,20260202,tph-1+cest-2.1##20260202,0.1066,0.0000,0.0000
tph-1+cest-2.1,20260202,tph-1+cest-2.1##20260202,0.0839,0.0000,6.3492
tph-1+cest-2.1,20260202,tph-1+cest-2.1##20260202,0.1011,2.0548,1.0274
tph-1+cest-2.1,20260202,tph-1+cest-2.1##20260202,0.1018,10.3448,0.0000
tph-1+cest-2.1,20260202,tph-1+cest-2.1##20260202,0.1283,0.0000,0.0000
tph-1+cest-2.1,20260202,tph-1+cest-2.1##20260202,0.1381,0.0000,0.0000
tph-1+cest-2.1,20260202,tph-1+cest-2.1##20260202,0.1487,0.0000,0.0000
tph-1+cest-2.1,20260202,tph-1+cest-2.1##20260202,0.1191,0.0000,0.0000
tph-1+cest-2.1,20260202,tph-1+cest-2.1##20260202,0.1162,1.2876,1.2876
tph-1+cest-2.1,20260202,tph-1+cest-2.1##20260202,0.1173,11.5385,0.0000
tph-1+cest-2.1,20260202,tph-1+cest-2.1##20260202,,15.3846,0.0000
tph-1+cest-2.1,20260202,tph-1+cest-2.1##20260202,0.1491,4.4776,8.9552
tph-1+cest-2.1,20260202,tph-1+cest-2.1##20260202,,0.0000,21.4286
tph-1+cest-2.1,20260202,tph-1+cest-2.1##20260202,0.1215,0.0000,6.5934
tph-1+cest-2.1,20260202,tph-1+cest-2.1##20260202,0.1229,0.0000,0.0000
tph-1+cest-2.1,20260202,tph-1+cest-2.1##20260202,0.1211,0.0000,4.6875
tph-1+cest-2.1,20260202,tph-1+cest-2.1##20260202,0.1598,0.8785,0.8785
tph-1+cest-2.1,20260202,tph-1+cest-2.1##20260202,0.1608,0.0000,0.0000
tph-1+cest-2.1,20260202,tph-1+cest-2.1##20260202,0.1253,2.2222,1.1111
tph-1+cest-2.1,20260202,tph-1+cest-2.1##20260202,0.1240,0.0000,0.0000
tph-1+cest-2.1,20260202,tph-1+cest-2.1##20260202,0.1286,0.0000,0.0000
tph-1+cest-2.1,20260202,tph-1+cest-2.1##20260202,0.0719,0.0000,0.0000
tph-1+cest-2.1,20260202,tph-1+cest-2.1##20260202,,0.0000,26.0870
tph-1+cest-2.1,20260202,tph-1+cest-2.1##20260202,0.1151,0.0000,2.9557
tph-1+cest-2.1,20260202,tph-1+cest-2.1##20260202,0.1283,2.2059,2.2059
tph-1+cest-2.1,20260202,tph-1+cest-2.1##20260202,0.1302,0.0000,0.0000
tph-1+cest-2.1,20260202,tph-1+cest-2.1##20260202,0.1240,0.5842,1.7527
tph-1+cest-2.1,20260202,tph-1+cest-2.1##20260202,0.1027,0.0000,0.0000
tph-1+cest-2.1,20260202,tph-1+cest-2.1##20260202,0.0651,0.5484,0.0000
tph-1+cest-2.1,20260202,tph-1+cest-2.1##20260202,0.1388,0.0000,0.0000
tph-1+cest-2.1,20260202,tph-1+cest-2.1##20260202,0.0935,0.0000,0.0000
tph-1+cest-2.1,20260202,tph-1+cest-2.1##20260202,0.0954,3.8627,5.1502
tph-1+cest-2.1,20260202,tph-1+cest-2.1##20260202,0.1583,3.6810,3.6810
tph-1+cest-2.1,20260202,tph-1+cest-2.1##20260202,0.1416,1.6760,0.0000
tph-1+cest-2.1,20260202,tph-1+cest-2.1##20260202,0.0734,0.0000,0.0000
tph-1+cest-2.1,20260202,tph-1+cest-2.1##20260202,0.1487,0.0000,0.0000
tph-1+cest-2.1,20260202,tph-1+cest-2.1##20260202,0.1372,0.0000,0.0000
tph-1+cest-2.1,20260202,tph-1+cest-2.1##20260202,0.0880,0.0000,0.0000
tph-1+cest-2.1,20260202,tph-1+cest-2.1##20260202,0.0958,0.0000,0.0000
tph-1+cest-2.1,20260202,tph-1+cest-2.1##20260202,0.0524,0.0000,0.0000
tph-1+cest-2.1,20260202,tph-1+cest-2.1##20260202,0.1008,0.0000,12.7660
tph-1+cest-2.1,20260202,tph-1+cest-2.1##20260202,0.1230,0.0000,0.0000
tph-1+cest-2.1,20260202,tph-1+cest-2.1##20260202,0.1361,0.0000,22.2222
tph-1+cest-2.1,20260202,tph-1+cest-2.1##20260202,0.1205,0.0000,0.0000
tph-1+cest-2.1,20260202,tph-1+cest-2.1##20260202,0.1416,5.1613,3.8710
tph-1+cest-2.1,20260202,tph-1+cest-2.1##20260202,0.1009,0.0000,0.0000
tph-1+cest-2.1,20260202,tph-1+cest-2.1##20260202,0.0895,0.0000,0.0000
tph-1+cest-2.1,20260202,tph-1+cest-2.1##20260202,0.1125,0.0000,0.0000
tph-1+cest-2.1,20260202,tph-1+cest-2.1##20260202,0.1224,0.0000,0.0000
tph-1+cest-2.1,20260202,tph-1+cest-2.1##20260202,0.1423,6.8571,6.8571
tph-1+cest-2.1,20260202,tph-1+cest-2.1##20260202,0.1505,0.0000,0.0000
tph-1+cest-2.1,20260202,tph-1+cest-2.1##20260202,0.1284,1.4388,2.8777
tph-1+cest-2.1,20260202,tph-1+cest-2.1##20260202,0.1260,0.0000,0.0000
tph-1+cest-2.1,20260202,tph-1+cest-2.1##20260202,0.0865,3.8710,0.0000
tph-1+cest-2.1,20260202,tph-1+cest-2.1##20260202,0.1089,0.0000,0.0000
tph-1+cest-2.1,20260202,tph-1+cest-2.1##20260202,0.1637,9.2308,0.0000
tph-1+cest-2.1,20260202,tph-1+cest-2.1##20260202,0.0894,5.3097,0.0000
tph-1+cest-2.1,20260202,tph-1+cest-2.1##20260202,0.0994,0.0000,0.0000
tph-1+cest-2.1,20260202,tph-1+cest-2.1##20260202,0.1433,0.0000,0.0000
tph-1+cest-2.1,20260202,tph-1+cest-2.1##20260202,0.0666,0.0000,21.4286
tph-1+cest-2.1,20260202,tph-1+cest-2.1##20260202,0.0946,0.0000,0.0000
tph-1+cest-2.1,20260202,tph-1+cest-2.1##20260202,0.0921,10.0559,3.3520
tph-1+cest-2.1,20260202,tph-1+cest-2.1##20260202,0.1775,0.0000,0.0000
tph-1+cest-2.1,20260202,tph-1+cest-2.1##20260202,0.2270,0.0000,0.0000
tph-1+cest-2.1,20260202,tph-1+cest-2.1##20260202,0.1150,5.6250,1.8750
tph-1+cest-2.1,20260202,tph-1+cest-2.1##20260202,0.1222,0.0000,0.0000
tph-1+cest-2.1,20260202,tph-1+cest-2.1##20260202,0.0752,0.0000,0.0000
tph-1+cest-2.1,20260202,tph-1+cest-2.1##20260202,0.0957,5.0420,0.0000
tph-1+cest-2.1,20260202,tph-1+cest-2.1##20260202,0.0861,24.3243,0.0000
tph-1+cest-2.1,20260202,tph-1+cest-2.1##20260202,0.1344,0.0000,0.0000
tph-1+cest-2.1,20260202,tph-1+cest-2.1##20260202,0.1219,0.0000,0.0000
tph-1+cest-2.1,20260202,tph-1+cest-2.1##20260202,0.1062,5.0420,0.0000
tph-1+cest-2.1,20260202,tph-1+cest-2.1##20260202,0.1224,0.0000,0.0000
tph-1+cest-2.1,20260202,tph-1+cest-2.1##20260202,0.1325,0.0000,0.0000
tph-1+cest-2.1,20260202,tph-1+cest-2.1##20260202,0.1462,0.0000,0.0000
tph-1+cest-2.1,20260202,tph-1+cest-2.1##20260202,0.0849,0.0000,0.0000
tph-1+cest-2.1,20260202,tph-1+cest-2.1##20260202,0.1204,0.0000,0.0000
tph-1+cest-2.1,20260202,tph-1+cest-2.1##20260202,0.1614,0.0000,0.0000
tph-1+cest-2.1,20260202,tph-1+cest-2.1##20260202,0.0723,0.0000,0.0000
tph-1+cest-2.1,20260202,tph-1+cest-2.1##20260202,0.1456,0.0000,0.0000
tph-1+cest-2.1,20260202,tph-1+cest-2.1##20260202,0.1066,0.0000,0.0000
tph-1+cest-2.1,20260202,tph-1+cest-2.1##20260202,,14.2857,0.0000
tph-1+cest-2.1,20260203,tph-1+cest-2.1##20260203,0.1946,0.0000,0.0000
tph-1+cest-2.1,20260203,tph-1+cest-2.1##20260203,0.1493,0.0000,0.0000
tph-1+cest-2.1,20260203,tph-1+cest-2.1##20260203,0.1483,0.0000,0.0000
tph-1+cest-2.1,20260203,tph-1+cest-2.1##20260203,0.1340,0.0000,0.0000
tph-1+cest-2.1,20260203,tph-1+cest-2.1##20260203,0.1599,0.0000,0.0000
tph-1+cest-2.1,20260203,tph-1+cest-2.1##20260203,0.1887,0.0000,0.0000
tph-1+cest-2.1,20260203,tph-1+cest-2.1##20260203,0.1662,0.0000,2.2556
tph-1+cest-2.1,20260203,tph-1+cest-2.1##20260203,0.1650,0.0000,0.0000
tph-1+cest-2.1,20260203,tph-1+cest-2.1##20260203,0.1205,2.7322,1.6393
tph-1+cest-2.1,20260203,tph-1+cest-2.1##20260203,0.2148,0.0000,0.0000
tph-1+cest-2.1,20260203,tph-1+cest-2.1##20260203,0.2068,0.0000,0.0000
tph-1+cest-2.1,20260203,tph-1+cest-2.1##20260203,0.1284,0.0000,0.0000
tph-1+cest-2.1,20260203,tph-1+cest-2.1##20260203,0.1224,0.4930,0.9860
tph-1+cest-2.1,20260203,tph-1+cest-2.1##20260203,0.1301,0.0000,0.0000
tph-1+cest-2.1,20260203,tph-1+cest-2.1##20260203,0.1737,0.0000,0.0000
tph-1+cest-2.1,20260203,tph-1+cest-2.1##20260203,0.1744,0.5540,0.5540
tph-1+cest-2.1,20260203,tph-1+cest-2.1##20260203,0.1539,2.6087,0.0000
tph-1+cest-2.1,20260203,tph-1+cest-2.1##20260203,0.1715,1.4563,4.3689
tph-1+cest-2.1,20260203,tph-1+cest-2.1##20260203,0.1390,8.6538,11.5385
tph-1+cest-2.1,20260203,tph-1+cest-2.1##20260203,0.1593,0.0000,0.0000
tph-1+cest-2.1,20260203,tph-1+cest-2.1##20260203,0.1653,0.0000,0.0000
tph-1+cest-2.1,20260203,tph-1+cest-2.1##20260203,0.1214,0.0000,0.0000
tph-1+cest-2.1,20260203,tph-1+cest-2.1##20260203,0.1731,0.0000,0.0000
tph-1+cest-2.1,20260203,tph-1+cest-2.1##20260203,0.0367,24.1935,0.0000
tph-1+cest-2.1,20260203,tph-1+cest-2.1##20260203,0.1409,0.0000,0.0000
tph-1+cest-2.1,20260203,tph-1+cest-2.1##20260203,0.1121,0.0000,0.0000
tph-1+cest-2.1,20260203,tph-1+cest-2.1##20260203,0.1768,0.0000,0.0000
tph-1+cest-2.1,20260203,tph-1+cest-2.1##20260203,0.1594,0.0000,0.0000
tph-1+cest-2.1,20260203,tph-1+cest-2.1##20260203,0.1409,0.0000,0.0000
tph-1+cest-2.1,20260203,tph-1+cest-2.1##20260203,0.1711,0.0000,0.0000
tph-1+cest-2.1,20260203,tph-1+cest-2.1##20260203,0.1754,0.0000,0.0000
tph-1+cest-2.1,20260203,tph-1+cest-2.1##20260203,0.1947,0.0000,0.0000
tph-1+cest-2.1,20260203,tph-1+cest-2.1##20260203,0.1543,0.0000,0.0000
tph-1+cest-2.1,20260203,tph-1+cest-2.1##20260203,0.1812,0.0000,0.0000
tph-1+cest-2.1,20260203,tph-1+cest-2.1##20260203,0.1436,0.0000,0.0000
tph-1+cest-2.1,20260203,tph-1+cest-2.1##20260203,0.1444,0.0000,0.0000
tph-1+cest-2.1,20260203,tph-1+cest-2.1##20260203,0.1422,0.0000,0.0000
tph-1+cest-2.1,20260203,tph-1+cest-2.1##20260203,,23.0769,23.0769
tph-1+cest-2.1,20260203,tph-1+cest-2.1##20260203,0.0773,9.2179,5.0279
tph-1+cest-2.1,20260203,tph-1+cest-2.1##20260203,0.1589,0.0000,0.0000
tph-1+cest-2.1,20260203,tph-1+cest-2.1##20260203,0.1655,0.8230,3.2922
tph-1+cest-2.1,20260203,tph-1+cest-2.1##20260203,0.1833,0.0000,0.0000
tph-1+cest-2.1,20260203,tph-1+cest-2.1##20260203,0.1518,0.0000,0.0000
tph-1+cest-2.1,20260203,tph-1+cest-2.1##20260203,0.1813,3.8217,0.0000
tph-1+cest-2.1,20260203,tph-1+cest-2.1##20260203,0.1535,0.0000,0.0000
tph-1+cest-2.1,20260203,tph-1+cest-2.1##20260203,0.1528,5.5046,0.0000
tph-1+cest-2.1,20260203,tph-1+cest-2.1##20260203,0.1636,0.0000,0.0000
tph-1+cest-2.1,20260203,tph-1+cest-2.1##20260203,0.1421,1.2625,1.8937
tph-1+cest-2.1,20260203,tph-1+cest-2.1##20260203,0.1769,0.0000,0.0000
tph-1+cest-2.1,20260203,tph-1+cest-2.1##20260203,0.1993,0.3515,0.0000
tph-1+cest-2.1,20260203,tph-1+cest-2.1##20260203,0.1731,0.0000,0.0000
tph-1+cest-2.1,20260203,tph-1+cest-2.1##20260203,0.1697,2.5451,2.5451
tph-1+cest-2.1,20260203,tph-1+cest-2.1##20260203,0.1271,0.0000,0.0000
tph-1+cest-2.1,20260203,tph-1+cest-2.1##20260203,0.1585,0.0000,0.0000
tph-1+cest-2.1,20260203,tph-1+cest-2.1##20260203,0.1511,0.0000,0.0000
tph-1+cest-2.1,20260203,tph-1+cest-2.1##20260203,0.1482,0.6630,0.6630
tph-1+cest-2.1,20260203,tph-1+cest-2.1##20260203,0.1531,7.0588,0.0000
tph-1+cest-2.1,20260203,tph-1+cest-2.1##20260203,0.1624,0.0000,6.4516
tph-1+cest-2.1,20260203,tph-1+cest-2.1##20260203,0.1914,6.8182,6.8182
tph-1+cest-2.1,20260203,tph-1+cest-2.1##20260203,0.1327,6.9767,0.0000
tph-1+cest-2.1,20260203,tph-1+cest-2.1##20260203,0.1525,0.0000,0.0000
tph-1+cest-2.1,20260203,tph-1+cest-2.1##20260203,0.1318,0.0000,0.0000
tph-1+cest-2.1,20260203,tph-1+cest-2.1##20260203,0.1713,0.0000,0.0000
tph-1+cest-2.1,20260203,tph-1+cest-2.1##20260203,0.1360,0.0000,0.0000
tph-1+cest-2.1,20260203,tph-1+cest-2.1##20260203,0.1748,0.0000,1.1458
tph-1+cest-2.1,20260203,tph-1+cest-2.1##20260203,0.1806,0.0000,0.0000
tph-1+cest-2.1,20260203,tph-1+cest-2.1##20260203,0.1766,0.0000,0.0000
tph-1+cest-2.1,20260203,tph-1+cest-2.1##20260203,0.1575,0.0000,0.0000
tph-1+cest-2.1,20260203,tph-1+cest-2.1##20260203,0.1636,0.0000,0.0000
tph-1+cest-2.1,20260203,tph-1+cest-2.1##20260203,0.1669,0.0000,0.0000
tph-1+cest-2.1,20260203,tph-1+cest-2.1##20260203,0.1240,0.9146,1.8293
tph-1+cest-2.1,20260203,tph-1+cest-2.1##20260203,0.1597,0.0000,0.0000
tph-1+cest-2.1,20260203,tph-1+cest-2.1##20260203,0.1501,0.0000,0.0000
tph-1+cest-2.1,20260203,tph-1+cest-2.1##20260203,0.1623,0.0000,0.0000
tph-1+cest-2.1,20260203,tph-1+cest-2.1##20260203,0.1477,0.0000,0.0000
tph-1+cest-2.1,20260203,tph-1+cest-2.1##20260203,0.1477,1.2146,0.0000
tph-1+cest-2.1,20260203,tph-1+cest-2.1##20260203,0.1810,1.6620,0.4155
tph-1+cest-2.1,20260203,tph-1+cest-2.1##20260203,0.1628,0.0000,0.0000
tph-1+cest-2.1,20260203,tph-1+cest-2.1##20260203,0.1333,0.0000,0.0000
tph-1+cest-2.1,20260203,tph-1+cest-2.1##20260203,0.1061,0.0000,0.0000
tph-1+cest-2.1,20260203,tph-1+cest-2.1##20260203,0.1913,0.0000,0.0000
tph-1+cest-2.1,20260203,tph-1+cest-2.1##20260203,0.1404,0.0000,0.0000
tph-1+cest-2.1,20260203,tph-1+cest-2.1##20260203,0.1669,0.0000,0.0000
tph-1+cest-2.1,20260203,tph-1+cest-2.1##20260203,0.1121,0.0000,0.4766
tph-1+cest-2.1,20260203,tph-1+cest-2.1##20260203,0.1343,0.0000,0.0000
tph-1+cest-2.1,20260203,tph-1+cest-2.1##20260203,0.1502,0.0000,0.0000
tph-1+cest-2.1,20260203,tph-1+cest-2.1##20260203,0.1139,0.0000,0.0000
tph-1+cest-2.1,20260203,tph-1+cest-2.1##20260203,0.1622,0.0000,0.0000
tph-1+cest-2.1,20260203,tph-1+cest-2.1##20260203,0.1449,0.0000,0.0000
tph-1+cest-2.1,20260203,tph-1+cest-2.1##20260203,0.1483,0.0000,0.0000
tph-1+cest-2.1,20260203,tph-1+cest-2.1##20260203,0.0631,14.6018,1.3274
tph-1+cest-2.1,20260203,tph-1+cest-2.1##20260203,0.1705,0.0000,0.0000
tph-1+cest-2.1,20260203,tph-1+cest-2.1##20260203,0.1530,1.5625,1.5625
tph-1+cest-2.1,20260203,tph-1+cest-2.1##20260203,0.1062,0.0000,0.0000
tph-1+cest-2.1,20260203,tph-1+cest-2.1##20260203,0.1601,0.0000,0.0000
tph-1+cest-2.1,20260203,tph-1+cest-2.1##20260203,0.1068,0.5994,0.5994
tph-1+cest-2.1,20260203,tph-1+cest-2.1##20260203,0.1481,7.3171,0.0000
tph-1+cest-2.1,20260203,tph-1+cest-2.1##20260203,0.1362,0.0000,0.0000
tph-1+cest-2.1,20260203,tph-1+cest-2.1##20260203,0.1578,0.0000,0.0000
tph-1+cest-2.1,20260203,tph-1+cest-2.1##20260203,0.1246,0.0000,0.0000
tph-1+cest-2.1,20260203,tph-1+cest-2.1##20260203,0.1253,0.0000,0.0000
tph-1+cest-2.1,20260203,tph-1+cest-2.1##20260203,0.1714,0.0000,3.8835
tph-1+cest-2.1,20260203,tph-1+cest-2.1##20260203,0.1702,0.0000,0.0000
tph-1+cest-2.1,20260203,tph-1+cest-2.1##20260203,0.1643,0.0000,0.0000
tph-1+cest-2.1,20260203,tph-1+cest-2.1##20260203,0.1749,0.0000,0.0000
tph-1+cest-2.1,20260203,tph-1+cest-2.1##20260203,0.1352,0.0000,0.0000
tph-1+cest-2.1,20260203,tph-1+cest-2.1##20260203,0.1754,0.0000,0.0000
tph-1+cest-2.1,20260203,tph-1+cest-2.1##20260203,0.1569,0.0000,0.0000
tph-1+cest-2.1,20260203,tph-1+cest-2.1##20260203,0.1431,0.0000,0.0000
tph-1+cest-2.1,20260203,tph-1+cest-2.1##20260203,0.1648,0.0000,0.7874
tph-1+cest-2.1,20260203,tph-1+cest-2.1##20260203,0.0753,2.2857,1.1429
tph-1+cest-2.1,20260203,tph-1+cest-2.1##20260203,0.1777,2.8708,1.4354
tph-1+cest-2.1,20260203,tph-1+cest-2.1##20260203,0.1243,2.7149,6.7873
tph-1+cest-2.1,20260203,tph-1+cest-2.1##20260203,0.1578,3.4384,1.7192
tph-1+cest-2.1,20260203,tph-1+cest-2.1##20260203,0.1314,0.0000,0.0000
tph-1+cest-2.1,20260203,tph-1+cest-2.1##20260203,0.1615,0.0000,0.0000
tph-1+cest-2.1,20260203,tph-1+cest-2.1##20260203,0.1967,0.0000,0.0000
tph-1+cest-2.1,20260203,tph-1+cest-2.1##20260203,0.1670,0.0000,0.0000
tph-1+cest-2.1,20260203,tph-1+cest-2.1##20260203,0.1572,0.0000,0.0000
tph-1+cest-2.1,20260203,tph-1+cest-2.1##20260203,0.1448,0.0000,0.0000
tph-1+cest-2.1,20260203,tph-1+cest-2.1##20260203,0.1426,0.0000,0.0000
tph-1+cest-2.1,20260203,tph-1+cest-2.1##20260203,0.1700,0.0000,0.0000
tph-1+cest-2.1,20260203,tph-1+cest-2.1##20260203,0.1653,0.0000,0.0000
tph-1+cest-2.1,20260203,tph-1+cest-2.1##20260203,0.1754,0.0000,0.0000
tph-1+cest-2.1,20260203,tph-1+cest-2.1##20260203,0.1211,0.0000,0.0000
tph-1+cest-2.1,20260203,tph-1+cest-2.1##20260203,0.1486,0.0000,0.0000
tph-1+cest-2.1,20260203,tph-1+cest-2.1##20260203,0.1560,0.0000,0.0000
tph-1+cest-2.1,20260203,tph-1+cest-2.1##20260203,0.1463,0.0000,0.0000
tph-1+cest-2.1,20260203,tph-1+cest-2.1##20260203,0.1312,0.0000,0.0000
tph-1+cest-2.1,20260203,tph-1+cest-2.1##20260203,0.1925,0.0000,0.0000
tph-1+cest-2.1,20260203,tph-1+cest-2.1##20260203,0.1538,0.0000,0.0000
tph-1+cest-2.1,20260203,tph-1+cest-2.1##20260203,0.0588,4.3478,8.6957
tph-1+cest-2.1,20260203,tph-1+cest-2.1##20260203,0.1720,0.0000,0.0000
tph-1+cest-2.1,20260203,tph-1+cest-2.1##20260203,0.1571,0.0000,0.0000
tph-1+cest-2.1,20260203,tph-1+cest-2.1##20260203,0.1824,0.0000,0.0000
tph-1+cest-2.1,20260203,tph-1+cest-2.1##20260203,0.1818,0.0000,0.0000
tph-1+cest-2.1,20260203,tph-1+cest-2.1##20260203,0.1861,0.0000,0.0000
tph-1+cest-2.1,20260203,tph-1+cest-2.1##20260203,0.1624,0.0000,0.0000
tph-1+cest-2.1,20260203,tph-1+cest-2.1##20260203,0.1174,0.0000,0.0000
tph-1+cest-2.1,20260207,tph-1+cest-2.1##20260207,0.0785,0.0000,0.0000
tph-1+cest-2.1,20260207,tph-1+cest-2.1##20260207,0.0881,3.3708,1.6854
tph-1+cest-2.1,20260207,tph-1+cest-2.1##20260207,0.0900,0.4878,0.9756
tph-1+cest-2.1,20260207,tph-1+cest-2.1##20260207,0.0814,0.0000,2.1239
tph-1+cest-2.1,20260207,tph-1+cest-2.1##20260207,0.0833,3.5503,1.1834
tph-1+cest-2.1,20260207,tph-1+cest-2.1##20260207,0.0760,2.1016,0.0000
tph-1+cest-2.1,20260207,tph-1+cest-2.1##20260207,0.1012,0.0000,0.0000
tph-1+cest-2.1,20260207,tph-1+cest-2.1##20260207,0.1002,4.6472,2.5818
tph-1+cest-2.1,20260207,tph-1+cest-2.1##20260207,0.0832,2.4862,1.6575
tph-1+cest-2.1,20260207,tph-1+cest-2.1##20260207,0.0860,1.3544,0.9029
tph-1+cest-2.1,20260207,tph-1+cest-2.1##20260207,0.0803,0.0000,0.0000
tph-1+cest-2.1,20260207,tph-1+cest-2.1##20260207,0.0934,0.9288,0.0000
tph-1+cest-2.1,20260207,tph-1+cest-2.1##20260207,0.0901,0.0000,0.0000
tph-1+cest-2.1,20260207,tph-1+cest-2.1##20260207,0.0785,1.3889,1.3889
tph-1+cest-2.1,20260207,tph-1+cest-2.1##20260207,0.1042,0.0000,0.0000
tph-1+cest-2.1,20260207,tph-1+cest-2.1##20260207,0.0742,2.9032,2.9032
tph-1+cest-2.1,20260207,tph-1+cest-2.1##20260207,0.0894,0.0000,0.0000
tph-1+cest-2.1,20260207,tph-1+cest-2.1##20260207,0.1072,0.0000,0.0000
tph-1+cest-2.1,20260207,tph-1+cest-2.1##20260207,0.1113,1.9934,1.9934
tph-1+cest-2.1,20260207,tph-1+cest-2.1##20260207,0.1088,0.0000,0.0000
tph-1+cest-2.1,20260207,tph-1+cest-2.1##20260207,0.0898,3.1169,1.5584
tph-1+cest-2.1,20260207,tph-1+cest-2.1##20260207,0.0915,0.0000,0.0000
tph-1+cest-2.1,20260207,tph-1+cest-2.1##20260207,0.1166,0.0000,0.0000
tph-1+cest-2.1,20260207,tph-1+cest-2.1##20260207,0.0748,1.2220,0.0000
tph-1+cest-2.1,20260207,tph-1+cest-2.1##20260207,0.0985,0.0000,0.0000
tph-1+cest-2.1,20260207,tph-1+cest-2.1##20260207,0.0873,1.9355,0.0000
tph-1+cest-2.1,20260207,tph-1+cest-2.1##20260207,0.0916,1.9481,0.0000
tph-1+cest-2.1,20260207,tph-1+cest-2.1##20260207,0.0917,0.6438,0.3219
tph-1+cest-2.1,20260207,tph-1+cest-2.1##20260207,0.0866,0.0000,0.0000
tph-1+cest-2.1,20260207,tph-1+cest-2.1##20260207,0.0787,0.0000,0.0000
tph-1+cest-2.1,20260207,tph-1+cest-2.1##20260207,0.0945,0.0000,0.0000
tph-1+cest-2.1,20260207,tph-1+cest-2.1##20260207,0.1032,0.0000,0.0000
tph-1+cest-2.1,20260207,tph-1+cest-2.1##20260207,0.1062,0.0000,0.0000
tph-1+cest-2.1,20260207,tph-1+cest-2.1##20260207,0.1042,0.7472,0.7472
tph-1+cest-2.1,20260207,tph-1+cest-2.1##20260207,0.1080,0.7273,0.7273
tph-1+cest-2.1,20260207,tph-1+cest-2.1##20260207,0.0932,0.0000,0.0000
tph-1+cest-2.1,20260207,tph-1+cest-2.1##20260207,0.1101,0.0000,0.5769
tph-1+cest-2.1,20260207,tph-1+cest-2.1##20260207,0.1104,0.0000,0.0000
tph-1+cest-2.1,20260207,tph-1+cest-2.1##20260207,0.0989,0.8830,0.4415
tph-1+cest-2.1,20260207,tph-1+cest-2.1##20260207,0.0988,0.9231,0.0000
tph-1+cest-2.1,20260207,tph-1+cest-2.1##20260207,0.0929,0.0000,0.0000
tph-1+cest-2.1,20260207,tph-1+cest-2.1##20260207,0.0970,0.0000,1.1905
tph-1+cest-2.1,20260207,tph-1+cest-2.1##20260207,0.1686,0.0000,0.0000
tph-1+cest-2.1,20260207,tph-1+cest-2.1##20260207,0.1200,0.9701,0.9701
tph-1+cest-2.1,20260207,tph-1+cest-2.1##20260207,0.0856,0.0000,0.0000
tph-1+cest-2.1,20260207,tph-1+cest-2.1##20260207,0.0826,2.1978,4.3956
tph-1+cest-2.1,20260207,tph-1+cest-2.1##20260207,0.0982,1.8576,2.7864
tph-1+cest-2.1,20260207,tph-1+cest-2.1##20260207,0.0881,0.0000,0.0000
tph-1+cest-2.1,20260207,tph-1+cest-2.1##20260207,0.0552,0.0000,0.0000
tph-1+cest-2.1,20260207,tph-1+cest-2.1##20260207,0.0949,2.9851,2.9851
tph-1+cest-2.1,20260207,tph-1+cest-2.1##20260207,0.0873,4.0067,4.0067
tph-1+cest-2.1,20260207,tph-1+cest-2.1##20260207,0.0866,0.0000,0.0000
tph-1+cest-2.1,20260207,tph-1+cest-2.1##20260207,0.0649,0.0000,0.0000
tph-1+cest-2.1,20260207,tph-1+cest-2.1##20260207,0.0961,1.4184,2.3641
tph-1+cest-2.1,20260207,tph-1+cest-2.1##20260207,0.0730,0.0000,0.4785
tph-1+cest-2.1,20260207,tph-1+cest-2.1##20260207,0.0755,2.3438,0.7812
tph-1+cest-2.1,20260207,tph-1+cest-2.1##20260207,0.1012,0.0000,0.0000
tph-1+cest-2.1,20260207,tph-1+cest-2.1##20260207,0.0978,0.0000,2.3346
tph-1+cest-2.1,20260207,tph-1+cest-2.1##20260207,0.0906,0.8902,4.4510
tph-1+cest-2.1,20260207,tph-1+cest-2.1##20260207,0.0897,1.1180,0.3727
tph-1+cest-2.1,20260207,tph-1+cest-2.1##20260207,0.0686,8.0000,4.0000
tph-1+cest-2.1,20260207,tph-1+cest-2.1##20260207,0.1098,0.0000,0.0000
tph-1+cest-2.1,20260207,tph-1+cest-2.1##20260207,0.1066,6.0914,0.0000
tph-1+cest-2.1,20260207,tph-1+cest-2.1##20260207,0.1043,0.0000,0.0000
tph-1+cest-2.1,20260207,tph-1+cest-2.1##20260207,0.0881,0.0000,0.0000
tph-1+cest-2.1,20260207,tph-1+cest-2.1##20260207,0.0727,3.9258,2.6172
tph-1+cest-2.1,20260207,tph-1+cest-2.1##20260207,0.0717,1.4888,1.4888
tph-1+cest-2.1,20260207,tph-1+cest-2.1##20260207,0.0948,0.0000,0.0000
tph-1+cest-2.1,20260207,tph-1+cest-2.1##20260207,0.0947,0.0000,0.0000
tph-1+cest-2.1,20260207,tph-1+cest-2.1##20260207,0.1110,7.2874,4.8583
tph-1+cest-2.1,20260207,tph-1+cest-2.1##20260207,0.0949,1.0545,0.0000
tph-1+cest-2.1,20260207,tph-1+cest-2.1##20260207,0.0714,3.6145,0.0000
tph-1+cest-2.1,20260207,tph-1+cest-2.1##20260207,0.0820,0.0000,0.0000
tph-1+cest-2.1,20260207,tph-1+cest-2.1##20260207,0.0913,6.7416,1.6854
tph-1+cest-2.1,20260207,tph-1+cest-2.1##20260207,0.1353,1.7366,1.7366
tph-1+cest-2.1,20260207,tph-1+cest-2.1##20260207,0.0809,0.0000,0.0000
tph-1+cest-2.1,20260207,tph-1+cest-2.1##20260207,0.0577,2.0067,2.0067
tph-1+cest-2.1,20260207,tph-1+cest-2.1##20260207,0.0672,0.0000,0.0000
tph-1+cest-2.1,20260207,tph-1+cest-2.1##20260207,0.1263,0.0000,0.0000
tph-1+cest-2.1,20260207,tph-1+cest-2.1##20260207,0.1025,0.0000,0.0000
tph-1+cest-2.1,20260207,tph-1+cest-2.1##20260207,0.0943,0.0000,5.8111
tph-1+cest-2.1,20260207,tph-1+cest-2.1##20260207,0.1222,0.0000,0.0000
tph-1+cest-2.1,20260207,tph-1+cest-2.1##20260207,0.0737,0.0000,0.0000
tph-1+cest-2.1,20260207,tph-1+cest-2.1##20260207,0.1201,0.0000,0.0000
tph-1+cest-2.1,20260207,tph-1+cest-2.1##20260207,0.1026,0.0000,2.0654
tph-1+cest-2.1,20260207,tph-1+cest-2.1##20260207,0.0982,0.0000,0.0000
tph-1+cest-2.1,20260207,tph-1+cest-2.1##20260207,0.1171,8.1081,0.0000
tph-1+cest-2.1,20260207,tph-1+cest-2.1##20260207,0.0697,0.8108,0.8108
tph-1+cest-2.1,20260207,tph-1+cest-2.1##20260207,0.1095,0.0000,0.0000
tph-1+cest-2.1,20260207,tph-1+cest-2.1##20260207,0.0785,0.0000,0.0000
tph-1+cest-2.1,20260207,tph-1+cest-2.1##20260207,0.0986,1.4218,1.4218
tph-1+cest-2.1,20260207,tph-1+cest-2.1##20260207,0.0789,0.0000,0.0000
tph-1+cest-2.1,20260207,tph-1+cest-2.1##20260207,0.0961,0.0000,2.9326
tph-1+cest-2.1,20260207,tph-1+cest-2.1##20260207,0.0947,1.8779,1.8779
tph-1+cest-2.1,20260207,tph-1+cest-2.1##20260207,0.0390,0.0000,0.0000
tph-1+cest-2.1,20260207,tph-1+cest-2.1##20260207,0.1082,0.0000,0.0000
tph-1+cest-2.1,20260207,tph-1+cest-2.1##20260207,0.1125,0.0000,0.0000
tph-1+cest-2.1,20260207,tph-1+cest-2.1##20260207,0.0874,1.5190,3.0380
tph-1+cest-2.1,20260207,tph-1+cest-2.1##20260207,0.1026,0.0000,0.0000
tph-1+cest-2.1,20260207,tph-1+cest-2.1##20260207,,16.6667,16.6667
tph-1+cest-2.1,20260207,tph-1+cest-2.1##20260207,0.1025,0.5682,1.7045
tph-1+cest-2.1,20260207,tph-1+cest-2.1##20260207,0.1012,0.0000,0.0000
tph-1+cest-2.1,20260207,tph-1+cest-2.1##20260207,0.0836,0.0000,0.0000
tph-1+cest-2.1,20260207,tph-1+cest-2.1##20260207,0.0810,1.1858,1.1858
tph-1+cest-2.1,20260207,tph-1+cest-2.1##20260207,0.1255,0.0000,0.0000
tph-1+cest-2.1,20260207,tph-1+cest-2.1##20260207,0.1025,0.0000,0.0000
tph-1+cest-2.1,20260207,tph-1+cest-2.1##20260207,0.1038,0.0000,0.0000
tph-1+cest-2.1,20260207,tph-1+cest-2.1##20260207,0.1135,0.0000,0.0000
tph-1+cest-2.1,20260207,tph-1+cest-2.1##20260207,0.0747,0.0000,0.0000
tph-1+cest-2.1,20260207,tph-1+cest-2.1##20260207,0.0890,1.5584,1.5584
tph-1+cest-2.1,20260207,tph-1+cest-2.1##20260207,0.0903,0.0000,0.0000
tph-1+cest-2.1,20260207,tph-1+cest-2.1##20260207,0.1162,0.0000,0.0000
tph-1+cest-2.1,20260207,tph-1+cest-2.1##20260207,0.0998,0.0000,0.0000
tph-1+cest-2.1,20260207,tph-1+cest-2.1##20260207,0.0988,0.0000,1.9544
tph-1+cest-2.1,20260207,tph-1+cest-2.1##20260207,0.0937,0.0000,2.1898
tph-1+cest-2.1,20260207,tph-1+cest-2.1##20260207,0.0541,0.0000,0.0000
tph-1+cest-2.1,20260207,tph-1+cest-2.1##20260207,0.0748,0.0000,0.0000
tph-1+cest-2.1,20260207,tph-1+cest-2.1##20260207,,15.0000,15.0000
tph-1+cest-2.1,20260207,tph-1+cest-2.1##20260207,0.0628,0.0000,0.0000
tph-1+cest-2.1,20260207,tph-1+cest-2.1##20260207,0.1099,0.0000,0.0000
tph-1+cest-2.1,20260207,tph-1+cest-2.1##20260207,0.0976,0.0000,0.0000
tph-1+cest-2.1,20260207,tph-1+cest-2.1##20260207,0.1115,0.0000,0.0000
tph-1+cest-2.1,20260207,tph-1+cest-2.1##20260207,0.1268,0.0000,0.0000
tph-1+cest-2.1,20260207,tph-1+cest-2.1##20260207,0.1040,0.0000,0.0000
tph-1+cest-2.1,20260207,tph-1+cest-2.1##20260207,0.0740,15.5844,0.0000
tph-1+cest-2.1,20260207,tph-1+cest-2.1##20260207,0.0589,10.7143,8.0357
tph-1+cest-2.1,20260207,tph-1+cest-2.1##20260207,0.0887,10.1695,0.0000
tph-1+cest-2.1,20260207,tph-1+cest-2.1##20260207,0.0963,0.0000,0.0000
tph-1+cest-2.1,20260207,tph-1+cest-2.1##20260207,0.0555,7.5000,0.0000
tph-1+cest-2.1,20260207,tph-1+cest-2.1##20260207,0.0896,0.0000,0.0000
tph-1+cest-2.1,20260207,tph-1+cest-2.1##20260207,0.1127,7.5949,5.0633
tph-1+cest-2.1,20260207,tph-1+cest-2.1##20260207,0.0970,0.0000,2.1635
tph-1+cest-2.1,20260207,tph-1+cest-2.1##20260207,0.0631,0.0000,0.0000
tph-1+cest-2.1,20260207,tph-1+cest-2.1##20260207,0.0710,0.0000,0.0000
tph-1+cest-2.1,20260207,tph-1+cest-2.1##20260207,0.0916,0.0000,0.0000
tph-1+cest-2.1,20260207,tph-1+cest-2.1##20260207,0.0868,6.6298,0.0000
tph-1+cest-2.1,20260207,tph-1+cest-2.1##20260207,0.0995,0.0000,0.8547
tph-1+cest-2.1,20260207,tph-1+cest-2.1##20260207,,8.3333,16.6667
tph-1+cest-2.1,20260207,tph-1+cest-2.1##20260207,0.0668,2.0725,2.0725
tph-1+cest-2.1,20260207,tph-1+cest-2.1##20260207,0.0916,0.8608,2.5825
tph-1+cest-2.1,20260207,tph-1+cest-2.1##20260207,0.0980,0.0000,0.0000
tph-1+cest-2.1,20260207,tph-1+cest-2.1##20260207,0.1221,0.0000,0.0000
tph-1+cest-2.1,20260207,tph-1+cest-2.1##20260207,0.1073,0.0000,13.9535
tph-1+cest-2.1,20260207,tph-1+cest-2.1##20260207,0.0989,15.7895,31.5789
tph-1+cest-2.1,20260207,tph-1+cest-2.1##20260207,0.0914,0.0000,0.0000
tph-1+cest-2.1,20260207,tph-1+cest-2.1##20260207,0.1267,0.0000,0.0000
tph-1+cest-2.1,20260207,tph-1+cest-2.1##20260207,0.1120,0.0000,1.2024
tph-1+cest-2.1,20260207,tph-1+cest-2.1##20260207,0.1136,0.0000,0.0000
tph-1+cest-2.1,20260207,tph-1+cest-2.1##20260207,0.1177,0.0000,1.5727
tph-1+cest-2.1,20260207,tph-1+cest-2.1##20260207,0.0315,22.2222,22.2222
tph-1+cest-2.1,20260207,tph-1+cest-2.1##20260207,0.0812,2.9126,0.0000
tph-1+cest-2.1,20260207,tph-1+cest-2.1##20260207,0.0921,0.0000,0.0000
tph-1+cest-2.1,20260207,tph-1+cest-2.1##20260207,0.0704,0.0000,0.0000
tph-1+cest-2.1,20260207,tph-1+cest-2.1##20260207,0.1063,0.0000,0.0000
tph-1+cest-2.1,20260207,tph-1+cest-2.1##20260207,0.1002,0.0000,0.0000
tph-1+cest-2.1,20260207,tph-1+cest-2.1##20260207,0.0923,0.0000,0.0000
tph-1+cest-2.1,20260207,tph-1+cest-2.1##20260207,0.1106,1.4888,0.0000
tph-1+cest-2.1,20260207,tph-1+cest-2.1##20260207,0.0859,0.8837,0.8837
tph-1+cest-2.1,20260207,tph-1+cest-2.1##20260207,0.0860,4.5045,4.5045
tph-1+cest-2.1,20260207,tph-1+cest-2.1##20260207,0.0728,0.0000,0.0000
tph-1+cest-2.1,20260207,tph-1+cest-2.1##20260207,0.0883,0.0000,0.0000
tph-1+cest-2.1,20260207,tph-1+cest-2.1##20260207,0.1106,0.0000,0.0000
tph-1+cest-2.1,20260207,tph-1+cest-2.1##20260207,0.0795,0.0000,7.1006
tph-1+cest-2.1,20260207,tph-1+cest-2.1##20260207,0.0957,0.0000,0.0000
tph-1+cest-2.1,20260207,tph-1+cest-2.1##20260207,0.1040,0.9983,0.9983
tph-1+cest-2.1,20260207,tph-1+cest-2.1##20260207,0.0686,0.0000,0.0000
tph-1+cest-2.1,20260207,tph-1+cest-2.1##20260207,0.0807,1.0239,2.0478
tph-1+cest-2.1,20260207,tph-1+cest-2.1##20260207,0.1055,3.2787,0.0000
tph-1+cest-2.1,20260207,tph-1+cest-2.1##20260207,0.1029,0.0000,0.0000
tph-1+cest-2.1,20260207,tph-1+cest-2.1##20260207,0.1026,8.5714,0.0000
tph-1+cest-2.1,20260207,tph-1+cest-2.1##20260207,0.0740,0.0000,0.0000
tph-1+cest-2.1,20260207,tph-1+cest-2.1##20260207,0.0881,0.0000,1.1650
tph-1+cest-2.1,20260207,tph-1+cest-2.1##20260207,0.0634,0.0000,0.0000
tph-1+cest-2.1,20260207,tph-1+cest-2.1##20260207,0.0808,0.0000,0.0000
tph-1+cest-2.1,20260207,tph-1+cest-2.1##20260207,0.1109,0.0000,0.0000
tph-1+cest-2.1,20260207,tph-1+cest-2.1##20260207,0.0939,0.0000,0.0000
tph-1+cest-2.1,20260207,tph-1+cest-2.1##20260207,0.1051,0.0000,1.2024
tph-1+cest-2.1,20260207,tph-1+cest-2.1##20260207,0.0778,0.0000,0.0000
tph-1+cest-2.1,20260207,tph-1+cest-2.1##20260207,0.1204,0.0000,0.0000
tph-1+cest-2.1,20260207,tph-1+cest-2.1##20260207,0.1206,8.6957,8.6957
tph-1+cest-2.1,20260207,tph-1+cest-2.1##20260207,0.1006,0.0000,0.0000
tph-1+cest-2.1,20260207,tph-1+cest-2.1##20260207,0.0837,2.8302,5.6604
tph-1+cest-2.1,20260207,tph-1+cest-2.1##20260207,0.0935,1.3393,1.3393
tph-1+cest-2.1,20260207,tph-1+cest-2.1##20260207,0.0917,0.0000,10.7143
tph-1+cest-2.1,20260207,tph-1+cest-2.1##20260207,0.0796,0.0000,0.0000
tph-1+cest-2.1,20260207,tph-1+cest-2.1##20260207,0.0663,0.0000,0.0000
tph-1+cest-2.1,20260207,tph-1+cest-2.1##20260207,0.0935,7.7419,3.8710
tph-1+cest-2.1,20260207,tph-1+cest-2.1##20260207,0.1046,0.0000,0.0000
tph-1+cest-2.1,20260207,tph-1+cest-2.1##20260207,0.1223,0.0000,0.0000
tph-1+cest-2.1,20260207,tph-1+cest-2.1##20260207,0.1043,0.0000,0.0000
tph-1+cest-2.1,20260207,tph-1+cest-2.1##20260207,0.0913,0.0000,1.9608
tph-1+cest-2.1,20260207,tph-1+cest-2.1##20260207,0.0595,13.0435,0.0000
tph-1+cest-2.1,20260207,tph-1+cest-2.1##20260207,0.1161,0.0000,0.0000
tph-1+cest-2.1,20260207,tph-1+cest-2.1##20260207,0.1196,0.0000,0.0000
tph-1+cest-2.1,20260207,tph-1+cest-2.1##20260207,0.0997,0.0000,0.0000
tph-1+cest-2.1,20260207,tph-1+cest-2.1##20260207,0.1103,0.0000,0.0000
tph-1+cest-2.1,20260207,tph-1+cest-2.1##20260207,0.0916,2.4291,2.4291
tph-1+cest-2.1,20260207,tph-1+cest-2.1##20260207,0.1155,0.0000,0.0000
tph-1+cest-2.1,20260207,tph-1+cest-2.1##20260207,0.0764,0.0000,0.0000
tph-1+cest-2.1,20260207,tph-1+cest-2.1##20260207,0.0857,0.0000,0.0000
tph-1+cest-2.1,20260207,tph-1+cest-2.1##20260207,0.0747,0.0000,2.6432
tph-1+cest-2.1,20260207,tph-1+cest-2.1##20260207,0.0632,0.0000,0.0000
tph-1+cest-2.1,20260207,tph-1+cest-2.1##20260207,0.1167,0.0000,3.0457
tph-1+cest-2.1,20260207,tph-1+cest-2.1##20260207,0.0997,3.2787,3.2787
tph-1+cest-2.1,20260207,tph-1+cest-2.1##20260207,0.0904,0.0000,0.0000
tph-1+cest-2.1,20260207,tph-1+cest-2.1##20260207,0.0877,0.0000,0.0000
tph-1+cest-2.1,20260207,tph-1+cest-2.1##20260207,0.0756,0.0000,0.0000
tph-1+cest-2.1,20260207,tph-1+cest-2.1##20260207,0.0829,0.0000,0.0000
tph-1+cest-2.1,20260207,tph-1+cest-2.1##20260207,0.1006,0.0000,0.0000
tph-1+cest-2.1,20260207,tph-1+cest-2.1##20260207,0.0956,0.0000,0.0000
tph-1+cest-2.1,20260207,tph-1+cest-2.1##20260207,0.1543,0.0000,8.5714
tph-1+cest-2.1,20260207,tph-1+cest-2.1##20260207,0.0986,0.0000,0.0000
tph-1+cest-2.1,20260207,tph-1+cest-2.1##20260207,0.1422,0.0000,0.0000
tyra-2,20260221,tyra-2##20260221,0.1236,0.0000,0.0000
tyra-2,20260221,tyra-2##20260221,0.1157,2.0513,2.0513
tyra-2,20260221,tyra-2##20260221,0.1458,0.0000,0.0000
tyra-2,20260221,tyra-2##20260221,0.1271,4.9962,3.1794
tyra-2,20260221,tyra-2##20260221,0.1571,6.3158,7.8947
tyra-2,20260221,tyra-2##20260221,0.1302,3.5503,7.1006
tyra-2,20260221,tyra-2##20260221,0.2168,0.0000,0.0000
tyra-2,20260221,tyra-2##20260221,0.1448,2.6930,0.5386
tyra-2,20260221,tyra-2##20260221,0.1431,0.0000,1.9737
tyra-2,20260221,tyra-2##20260221,0.0667,14.4578,0.0000
tyra-2,20260221,tyra-2##20260221,0.0566,7.5000,3.2500
tyra-2,20260221,tyra-2##20260221,0.1166,0.9050,1.8100
tyra-2,20260221,tyra-2##20260221,0.1641,0.0000,0.0000
tyra-2,20260221,tyra-2##20260221,0.1780,0.0000,0.0000
tyra-2,20260221,tyra-2##20260221,0.0969,20.3390,0.0000
tyra-2,20260221,tyra-2##20260221,0.1620,0.0000,0.0000
tyra-2,20260221,tyra-2##20260221,0.1218,0.0000,4.5802
tyra-2,20260221,tyra-2##20260221,0.2145,0.0000,0.0000
tyra-2,20260221,tyra-2##20260221,0.0585,6.5574,13.1148
tyra-2,20260221,tyra-2##20260221,0.1558,0.0000,0.4338
tyra-2,20260221,tyra-2##20260221,0.1462,2.5370,3.1712
tyra-2,20260221,tyra-2##20260221,0.1318,0.0000,4.9587
tyra-2,20260221,tyra-2##20260221,0.1291,0.0000,0.0000
tyra-2,20260221,tyra-2##20260221,0.1982,1.1257,1.1257
tyra-2,20260221,tyra-2##20260221,0.2477,0.0000,0.0000
tyra-2,20260221,tyra-2##20260221,0.2106,0.0000,0.0000
tyra-2,20260221,tyra-2##20260221,0.2269,0.0000,0.0000
tyra-2,20260221,tyra-2##20260221,0.1222,1.1928,1.1928
tyra-2,20260221,tyra-2##20260221,0.1859,0.0000,2.4194
tyra-2,20260221,tyra-2##20260221,0.1127,0.8949,1.3423
tyra-2,20260221,tyra-2##20260221,0.1063,4.1209,5.7692
tyra-2,20260221,tyra-2##20260221,0.1267,3.7736,1.8868
tyra-2,20260221,tyra-2##20260221,0.1204,0.0000,0.0000
tyra-2,20260221,tyra-2##20260221,0.1631,5.5556,4.1667
tyra-2,20260221,tyra-2##20260221,0.1794,0.0000,0.0000
tyra-2,20260221,tyra-2##20260221,0.1496,1.2422,2.4845
tyra-2,20260221,tyra-2##20260221,0.1964,0.0000,0.0000
tyra-2,20260221,tyra-2##20260221,0.1211,0.0000,1.5544
tyra-2,20260221,tyra-2##20260221,0.1671,0.0000,0.0000
tyra-2,20260221,tyra-2##20260221,0.1210,1.3986,4.1958
tyra-2,20260221,tyra-2##20260221,0.1147,0.0000,5.6075
tyra-2,20260221,tyra-2##20260221,0.1062,2.7335,1.3667
tyra-2,20260221,tyra-2##20260221,0.2137,0.0000,0.0000
tyra-2,20260221,tyra-2##20260221,0.2114,2.1739,2.1739
tyra-2,20260221,tyra-2##20260221,0.1453,0.0000,1.8072
tyra-2,20260221,tyra-2##20260221,0.1874,2.5862,2.5862
tyra-2,20260221,tyra-2##20260221,0.1867,0.0000,0.0000
tyra-2,20260221,tyra-2##20260221,0.2123,0.0000,0.0000
tyra-2,20260221,tyra-2##20260221,0.1514,0.0000,0.0000
tyra-2,20260221,tyra-2##20260221,0.1317,1.7699,0.0000
tyra-2,20260221,tyra-2##20260221,0.1186,0.0000,4.1667
tyra-2,20260221,tyra-2##20260221,0.1666,0.0000,0.0000
tyra-2,20260221,tyra-2##20260221,0.2248,0.0000,0.0000
tyra-2,20260221,tyra-2##20260221,0.1107,0.0000,4.6875
tyra-2,20260221,tyra-2##20260221,0.1532,0.0000,0.0000
tyra-2,20260221,tyra-2##20260221,0.2309,0.0000,0.0000
tyra-2,20260221,tyra-2##20260221,0.1133,0.0000,2.3810
tyra-2,20260221,tyra-2##20260221,0.1533,1.6807,1.6807
tyra-2,20260221,tyra-2##20260221,0.1319,2.1201,0.0000
tyra-2,20260221,tyra-2##20260221,0.1427,0.0000,9.5238
tyra-2,20260221,tyra-2##20260221,0.1324,0.0000,0.0000
tyra-2,20260221,tyra-2##20260221,0.1128,0.0000,1.8519
tyra-2,20260221,tyra-2##20260221,0.1580,0.0000,0.0000
tyra-2,20260221,tyra-2##20260221,0.0782,0.0000,0.0000
tyra-2,20260221,tyra-2##20260221,0.1277,2.0833,0.0000
tyra-2,20260221,tyra-2##20260221,0.1507,0.0000,2.1719
tyra-2,20260221,tyra-2##20260221,0.1556,0.0000,0.0000
tyra-2,20260221,tyra-2##20260221,0.1043,18.1818,0.0000
tyra-2,20260221,tyra-2##20260221,0.2503,0.0000,0.0000
tyra-2,20260221,tyra-2##20260221,0.1650,5.4054,5.4054
tyra-2,20260221,tyra-2##20260221,0.1919,4.2155,2.1077
tyra-2,20260221,tyra-2##20260221,0.1881,2.6201,2.6201
tyra-2,20260221,tyra-2##20260221,0.1849,21.4286,0.0000
tyra-2,20260221,tyra-2##20260221,0.1437,1.6620,0.0000
tyra-2,20260221,tyra-2##20260221,0.2524,0.0000,0.0000
tyra-2,20260221,tyra-2##20260221,0.1578,5.7279,6.4439
tyra-2,20260221,tyra-2##20260221,0.0625,0.0000,4.2857
tyra-2,20260221,tyra-2##20260221,0.1459,0.0000,3.1250
tyra-2,20260221,tyra-2##20260221,0.1207,2.2167,4.4335
tyra-2,20260221,tyra-2##20260221,0.2130,0.0000,0.0000
tyra-2,20260221,tyra-2##20260221,0.1278,2.9126,0.0000
tyra-2,20260221,tyra-2##20260221,0.1683,0.7823,3.1291
tyra-2,20260221,tyra-2##20260221,0.1197,1.1173,1.1173
tyra-2,20260221,tyra-2##20260221,0.2358,0.0000,0.0000
tyra-2,20260221,tyra-2##20260221,0.0862,0.0000,0.0000
tyra-2,20260221,tyra-2##20260221,0.0740,0.0000,0.0000
tyra-2,20260221,tyra-2##20260221,0.1127,3.7267,9.3168
tyra-2,20260221,tyra-2##20260221,0.1317,0.0000,0.0000
tyra-2,20260221,tyra-2##20260221,0.1483,0.0000,0.0000
tyra-2,20260221,tyra-2##20260221,0.1096,3.0928,3.0928
tyra-2,20260221,tyra-2##20260221,0.0956,0.0000,0.0000
tyra-2,20260221,tyra-2##20260221,0.1803,2.2222,2.2222
tyra-2,20260221,tyra-2##20260221,0.2098,2.2305,1.1152
tyra-2,20260221,tyra-2##20260221,0.1610,4.4362,3.3272
tyra-2,20260221,tyra-2##20260221,0.1617,0.0000,0.0000
tyra-2,20260221,tyra-2##20260221,0.1871,0.0000,0.0000
tyra-2,20260221,tyra-2##20260221,0.1515,10.5793,9.0680
tyra-2,20260221,tyra-2##20260221,0.0935,11.6505,0.0000
tyra-2,20260221,tyra-2##20260221,0.1432,3.3520,3.3520
tyra-2,20260221,tyra-2##20260221,0.1391,0.0000,0.0000
tyra-2,20260221,tyra-2##20260221,0.1538,0.0000,1.6713
tyra-2,20260221,tyra-2##20260221,0.1679,0.0000,0.0000
tyra-2,20260221,tyra-2##20260221,0.1323,0.0000,0.0000
tyra-2,20260221,tyra-2##20260221,0.0930,0.0000,14.6341
tyra-2,20260221,tyra-2##20260221,0.1040,0.0000,0.0000
tyra-2,20260221,tyra-2##20260221,0.1990,0.0000,0.0000
tyra-2,20260221,tyra-2##20260221,0.2088,0.0000,0.0000
tyra-2,20260221,tyra-2##20260221,0.1244,0.0000,5.0000
tyra-2,20260221,tyra-2##20260221,0.1437,0.0000,0.0000
tyra-2,20260221,tyra-2##20260221,0.0860,0.0000,5.1282
tyra-2,20260221,tyra-2##20260221,0.1554,0.0000,0.0000
tyra-2,20260224,tyra-2##20260224,0.0995,0.0000,10.3448
tyra-2,20260224,tyra-2##20260224,0.1757,0.0000,0.0000
tyra-2,20260224,tyra-2##20260224,0.0701,3.3708,0.0000
tyra-2,20260224,tyra-2##20260224,0.1674,0.0000,0.0000
tyra-2,20260224,tyra-2##20260224,0.1338,0.0000,0.0000
tyra-2,20260224,tyra-2##20260224,0.1882,0.0000,0.0000
tyra-2,20260224,tyra-2##20260224,0.1561,0.0000,0.0000
tyra-2,20260224,tyra-2##20260224,0.0813,0.7389,0.0000
tyra-2,20260224,tyra-2##20260224,0.1911,3.8217,1.9108
tyra-2,20260224,tyra-2##20260224,0.1652,0.0000,0.0000
tyra-2,20260224,tyra-2##20260224,0.1671,0.0000,0.0000
tyra-2,20260224,tyra-2##20260224,0.1370,0.0000,7.1856
tyra-2,20260224,tyra-2##20260224,0.0875,1.0870,0.0000
tyra-2,20260224,tyra-2##20260224,0.1693,0.0000,0.0000
tyra-2,20260224,tyra-2##20260224,0.1731,0.0000,0.0000
tyra-2,20260224,tyra-2##20260224,0.0976,0.0000,0.0000
tyra-2,20260224,tyra-2##20260224,0.1482,0.0000,0.0000
tyra-2,20260224,tyra-2##20260224,0.1492,0.0000,0.0000
tyra-2,20260224,tyra-2##20260224,0.1265,0.0000,0.0000
tyra-2,20260224,tyra-2##20260224,0.1250,0.0000,0.0000
tyra-2,20260224,tyra-2##20260224,0.0550,8.8020,0.0000
tyra-2,20260224,tyra-2##20260224,0.1327,0.0000,1.4528
tyra-2,20260224,tyra-2##20260224,0.0520,9.0634,5.4381
tyra-2,20260224,tyra-2##20260224,0.1816,0.0000,0.0000
tyra-2,20260224,tyra-2##20260224,0.1036,0.0000,0.0000
tyra-2,20260224,tyra-2##20260224,0.0493,8.7912,0.0000
tyra-2,20260224,tyra-2##20260224,0.1232,1.9324,4.8309
tyra-2,20260224,tyra-2##20260224,0.1093,0.0000,0.0000
tyra-2,20260224,tyra-2##20260224,0.1398,0.0000,0.0000
tyra-2,20260224,tyra-2##20260224,0.1317,0.0000,1.1321
tyra-2,20260224,tyra-2##20260224,0.1750,0.0000,0.0000
tyra-2,20260224,tyra-2##20260224,0.1600,0.0000,0.0000
tyra-2,20260224,tyra-2##20260224,0.1688,0.0000,0.5831
tyra-2,20260224,tyra-2##20260224,0.1647,0.0000,0.0000
tyra-2,20260224,tyra-2##20260224,0.0864,1.0969,0.0000
tyra-2,20260224,tyra-2##20260224,0.1603,0.0000,1.6304
tyra-2,20260224,tyra-2##20260224,0.1335,0.0000,0.0000
tyra-2,20260224,tyra-2##20260224,0.0439,13.7931,0.0000
tyra-2,20260224,tyra-2##20260224,0.1853,0.6179,1.2358
tyra-2,20260224,tyra-2##20260224,0.1647,0.0000,0.0000
tyra-2,20260224,tyra-2##20260224,0.1491,1.0545,2.1090
tyra-2,20260224,tyra-2##20260224,0.1326,3.2258,0.0000
tyra-2,20260224,tyra-2##20260224,0.0713,0.0000,0.0000
tyra-2,20260224,tyra-2##20260224,0.1624,0.0000,0.0000
tyra-2,20260224,tyra-2##20260224,0.1788,0.0000,0.0000
tyra-2,20260224,tyra-2##20260224,0.0857,5.8680,11.7359
tyra-2,20260224,tyra-2##20260224,0.1221,0.0000,0.0000
tyra-2,20260224,tyra-2##20260224,0.1467,0.0000,0.0000
tyra-2,20260224,tyra-2##20260224,0.1732,1.4706,0.0000
tyra-2,20260224,tyra-2##20260224,0.1740,0.0000,0.0000
tyra-2,20260224,tyra-2##20260224,0.1301,0.0000,0.0000
tyra-2,20260224,tyra-2##20260224,0.1383,0.0000,0.0000
tyra-2,20260224,tyra-2##20260224,0.1218,0.0000,0.0000
tyra-2,20260224,tyra-2##20260224,0.1668,0.0000,0.0000
tyra-2,20260224,tyra-2##20260224,0.1648,0.0000,0.0000
tyra-2,20260224,tyra-2##20260224,0.1779,0.0000,0.0000
tyra-2,20260224,tyra-2##20260224,0.1329,1.2931,3.8793
tyra-2,20260224,tyra-2##20260224,0.0634,4.7493,0.0000
tyra-2,20260224,tyra-2##20260224,0.1418,0.0000,0.0000
tyra-2,20260224,tyra-2##20260224,0.1637,0.0000,0.0000
tyra-2,20260224,tyra-2##20260224,0.1425,0.0000,0.0000
tyra-2,20260224,tyra-2##20260224,0.1432,2.8986,0.0000
tyra-2,20260224,tyra-2##20260224,0.1704,0.0000,0.0000
tyra-2,20260224,tyra-2##20260224,0.1373,0.0000,0.0000
tyra-2,20260224,tyra-2##20260224,0.1547,0.0000,0.0000
tyra-2,20260224,tyra-2##20260224,0.1537,0.0000,0.0000
tyra-2,20260224,tyra-2##20260224,0.1180,6.9124,6.9124
tyra-2,20260224,tyra-2##20260224,0.0731,15.2381,7.6190
tyra-2,20260224,tyra-2##20260224,0.0555,2.8169,5.6338
tyra-2,20260224,tyra-2##20260224,0.1847,0.9128,1.2170
tyra-2,20260224,tyra-2##20260224,0.1237,0.0000,0.0000
tyra-2,20260224,tyra-2##20260224,0.0772,4.4481,0.0000
tyra-2,20260224,tyra-2##20260224,0.1901,0.0000,0.0000
tyra-2,20260224,tyra-2##20260224,0.1748,0.0000,0.0000
tyra-2,20260224,tyra-2##20260224,0.1415,3.1250,0.0000
tyra-2,20260224,tyra-2##20260224,0.0481,7.8947,0.0000
tyra-2,20260224,tyra-2##20260224,0.1382,0.0000,0.0000
tyra-2,20260224,tyra-2##20260224,0.1494,0.0000,0.0000
tyra-2,20260224,tyra-2##20260224,0.1069,0.0000,0.0000
tyra-2,20260224,tyra-2##20260224,0.1578,0.0000,0.0000
tyra-2,20260224,tyra-2##20260224,0.1616,4.1958,0.0000
tyra-2,20260224,tyra-2##20260224,0.1839,0.0000,0.0000
tyra-2,20260224,tyra-2##20260224,0.1176,0.0000,0.0000
tyra-2,20260224,tyra-2##20260224,0.1896,1.2474,0.0000
tyra-2,20260224,tyra-2##20260224,,0.0000,0.0000
tyra-2,20260224,tyra-2##20260224,0.2015,0.0000,0.0000
tyra-2,20260224,tyra-2##20260224,0.1025,0.0000,0.0000
tyra-2,20260224,tyra-2##20260224,0.1567,1.9704,3.9409
tyra-2,20260224,tyra-2##20260224,0.0601,0.0000,0.0000
tyra-2,20260224,tyra-2##20260224,0.1206,0.0000,0.0000
tyra-2,20260224,tyra-2##20260224,0.1740,3.8710,0.0000
tyra-2,20260224,tyra-2##20260224,0.1208,1.1132,0.0000
tyra-2,20260224,tyra-2##20260224,0.1604,0.0000,0.7533
tyra-2,20260224,tyra-2##20260224,0.1530,3.1746,0.0000
tyra-2,20260224,tyra-2##20260224,0.1788,0.0000,0.0000
tyra-2,20260224,tyra-2##20260224,0.1357,1.3605,2.7211
tyra-2,20260224,tyra-2##20260224,0.1114,3.4091,0.0000
tyra-2,20260224,tyra-2##20260224,0.1211,0.0000,0.0000
tyra-2,20260224,tyra-2##20260224,0.1647,0.0000,0.0000
tyra-2,20260224,tyra-2##20260224,0.0790,18.4615,0.0000
tyra-2,20260224,tyra-2##20260224,0.0753,10.0800,7.6800
tyra-2,20260224,tyra-2##20260224,0.0467,6.3492,0.0000
tyra-2,20260224,tyra-2##20260224,0.1415,0.0000,0.0000
tyra-2,20260224,tyra-2##20260224,,9.8361,9.8361
tyra-2,20260224,tyra-2##20260224,0.1030,0.0000,0.0000
tyra-2,20260224,tyra-2##20260224,0.0522,0.0000,0.0000
tyra-2,20260224,tyra-2##20260224,0.1683,0.0000,2.9268
tyra-2,20260224,tyra-2##20260224,0.1410,0.0000,0.0000
tyra-2,20260224,tyra-2##20260224,0.1433,0.0000,0.0000
tyra-2,20260224,tyra-2##20260224,0.1715,0.5747,0.0000
tyra-2,20260224,tyra-2##20260224,0.1626,0.0000,0.0000
tyra-2,20260224,tyra-2##20260224,0.1395,0.0000,0.0000
tyra-2,20260224,tyra-2##20260224,0.0338,0.0000,23.5294
tyra-2,20260224,tyra-2##20260224,0.1191,0.0000,2.4390
tyra-2,20260224,tyra-2##20260224,0.1154,0.0000,0.0000
tyra-2,20260224,tyra-2##20260224,0.1683,0.0000,0.0000
tyra-2,20260224,tyra-2##20260224,0.1495,0.0000,1.6315
tyra-2,20260224,tyra-2##20260224,0.0797,0.0000,0.0000
tyra-2,20260224,tyra-2##20260224,0.1587,0.0000,5.0633
tyra-2,20260224,tyra-2##20260224,0.1342,0.0000,0.0000
tyra-2,20260224,tyra-2##20260224,0.0858,5.3933,5.3933
tyra-2,20260224,tyra-2##20260224,0.0919,0.0000,0.0000
tyra-2,20260224,tyra-2##20260224,0.0702,9.5745,3.1915
tyra-2,20260224,tyra-2##20260224,0.1779,0.0000,0.0000
tyra-2,20260224,tyra-2##20260224,0.1240,3.4682,5.2023
tyra-2,20260224,tyra-2##20260224,0.1006,2.6432,0.0000
tyra-2,20260224,tyra-2##20260224,0.1592,1.4778,0.0000
tyra-2,20260224,tyra-2##20260224,0.1251,0.0000,0.0000
tyra-2,20260224,tyra-2##20260224,0.0573,5.1761,2.5881
tyra-2,20260224,tyra-2##20260224,0.1576,0.0000,0.0000
tyra-2,20260224,tyra-2##20260224,0.1589,1.0959,3.2877
tyra-2,20260224,tyra-2##20260224,0.0781,6.6519,2.6608
tyra-2,20260224,tyra-2##20260224,0.1132,0.0000,0.0000
tyra-2,20260224,tyra-2##20260224,0.0853,0.0000,0.0000
tyra-2,20260224,tyra-2##20260224,0.1044,5.6075,11.2150
tyra-2,20260224,tyra-2##20260224,0.1466,2.6316,0.0000
tyra-2,20260224,tyra-2##20260224,0.1859,0.0000,0.0000
tyra-2,20260224,tyra-2##20260224,0.1346,0.0000,0.0000
tyra-2,20260224,tyra-2##20260224,0.1749,3.3708,0.0000
tyra-2,20260224,tyra-2##20260224,0.2384,0.0000,0.0000
tyra-2,20260224,tyra-2##20260224,0.1199,0.0000,2.3256
tyra-2,20260224,tyra-2##20260224,0.1226,0.0000,0.0000
tyra-2,20260224,tyra-2##20260224,0.1596,0.0000,0.0000
tyra-2,20260224,tyra-2##20260224,0.1248,0.0000,0.0000
tyra-2,20260224,tyra-2##20260224,0.1303,0.0000,0.0000
tyra-2,20260224,tyra-2##20260224,0.1661,0.0000,0.0000
tyra-2,20260224,tyra-2##20260224,0.1699,0.0000,0.0000
tyra-2,20260224,tyra-2##20260224,0.1509,0.0000,0.0000
tyra-2,20260224,tyra-2##20260224,,0.0000,18.7500
tyra-2,20260224,tyra-2##20260224,0.1485,0.0000,0.0000
tyra-2,20260224,tyra-2##20260224,0.1217,0.0000,0.0000
tyra-2,20260224,tyra-2##20260224,,20.6897,0.0000
tyra-2,20260224,tyra-2##20260224,0.1857,5.1282,2.5641
tyra-2,20260224,tyra-2##20260224,0.1845,0.0000,0.0000
tyra-2,20260224,tyra-2##20260224,0.1074,0.6224,1.8672
tyra-2,20260224,tyra-2##20260224,0.1528,1.0274,2.0548
tyra-2,20260224,tyra-2##20260224,0.1959,1.0554,2.6385
tyra-2,20260224,tyra-2##20260224,0.1153,1.6529,0.5510
tyra-2,20260224,tyra-2##20260224,0.2198,0.0000,0.0000
tyra-2,20260224,tyra-2##20260224,0.0655,0.0000,0.0000
tyra-2,20260224,tyra-2##20260224,0.1599,0.0000,0.0000
tyra-2,20260224,tyra-2##20260224,0.1366,0.0000,0.0000
tyra-2,20260224,tyra-2##20260224,0.1694,0.0000,0.0000
tyra-2,20260224,tyra-2##20260224,0.1226,1.7078,1.7078
tyra-2,20260224,tyra-2##20260224,0.1486,5.9406,5.9406
tyra-2,20260224,tyra-2##20260224,0.1484,0.0000,11.2150
tyra-2,20260224,tyra-2##20260224,0.1127,7.5000,0.0000
tyra-2,20260224,tyra-2##20260224,0.1694,0.0000,0.0000
tyra-2,20260224,tyra-2##20260224,0.0854,12.9730,0.0000
tyra-2,20260224,tyra-2##20260224,0.1203,8.8889,6.6667
tyra-2,20260224,tyra-2##20260224,0.1763,0.0000,0.0000
tyra-2,20260224,tyra-2##20260224,0.1594,0.0000,0.0000
tyra-2,20260224,tyra-2##20260224,0.0915,0.0000,0.0000
tyra-2,20260224,tyra-2##20260224,0.1577,0.0000,0.0000
tyra-2,20260224,tyra-2##20260224,0.1316,0.0000,1.3793
tyra-2,20260224,tyra-2##20260224,0.1596,0.0000,0.0000
tyra-2,20260224,tyra-2##20260224,0.1038,0.0000,0.0000
tyra-2,20260224,tyra-2##20260224,0.1686,0.0000,0.0000
tyra-2,20260224,tyra-2##20260224,0.1378,0.0000,0.0000
tyra-2,20260224,tyra-2##20260224,0.1541,0.0000,4.7619
tyra-2,20260224,tyra-2##20260224,0.1510,1.9397,1.9397
tyra-2,20260224,tyra-2##20260224,0.1728,0.0000,0.0000
tyra-2,20260224,tyra-2##20260224,0.1634,1.6667,1.6667
tyra-2,20260224,tyra-2##20260224,0.1289,0.0000,0.0000
tyra-2,20260224,tyra-2##20260224,0.1479,0.0000,0.0000
tyra-2,20260224,tyra-2##20260224,0.1443,0.0000,0.0000
tyra-2,20260224,tyra-2##20260224,0.0798,0.0000,0.0000
tyra-2,20260224,tyra-2##20260224,0.1816,0.0000,0.0000
tyra-2,20260224,tyra-2##20260224,0.1445,0.0000,0.0000
tyra-2,20260224,tyra-2##20260224,,0.0000,0.0000
tyra-2,20260224,tyra-2##20260224,0.1365,0.0000,8.4507
tyra-2,20260224,tyra-2##20260224,0.1220,6.9767,10.4651
tyra-2,20260224,tyra-2##20260224,0.1632,1.6620,3.3241
tyra-2,20260224,tyra-2##20260224,0.1429,0.0000,0.0000
tyra-2,20260224,tyra-2##20260224,0.1408,0.0000,0.0000
tyra-2,20260224,tyra-2##20260224,0.1429,0.0000,0.0000
tyra-2,20260224,tyra-2##20260224,0.1115,0.0000,0.0000
tyra-2,20260224,tyra-2##20260224,0.1222,0.0000,2.4096
tyra-2,20260224,tyra-2##20260224,0.1204,0.0000,0.0000
tyra-2,20260224,tyra-2##20260224,0.1918,2.1429,8.5714
tyra-2,20260224,tyra-2##20260224,0.0970,0.0000,0.0000
tyra-2,20260224,tyra-2##20260224,0.2049,7.5472,3.7736
tyra-2,20260224,tyra-2##20260224,0.1473,0.0000,13.6364
tyra-2,20260224,tyra-2##20260224,0.1540,4.1096,1.0274
tyra-2,20260224,tyra-2##20260224,0.1370,0.0000,2.8302
tyra-2,20260224,tyra-2##20260224,0.1624,0.9036,0.9036
tyra-2,20260224,tyra-2##20260224,0.1003,0.0000,0.0000
tyra-2,20260224,tyra-2##20260224,0.1507,0.0000,2.4194
tyra-2,20260224,tyra-2##20260224,0.1007,0.0000,0.0000
tyra-2,20260224,tyra-2##20260224,0.1627,1.4888,1.4888
tyra-2,20260224,tyra-2##20260224,0.1783,0.0000,0.0000
tyra-2,20260224,tyra-2##20260224,0.1529,0.0000,0.0000
tyra-2,20260224,tyra-2##20260224,0.1452,0.0000,0.0000
tyra-2,20260224,tyra-2##20260224,0.1586,0.0000,0.0000
tyra-2,20260224,tyra-2##20260224,0.1393,0.0000,0.0000
tyra-2,20260224,tyra-2##20260224,0.0774,0.0000,0.0000
tyra-2,20260224,tyra-2##20260224,0.1286,1.5190,1.5190
tyra-2,20260224,tyra-2##20260224,0.1749,0.0000,2.6201
tyra-2,20260224,tyra-2##20260224,0.1749,0.0000,0.0000
tyra-2,20260224,tyra-2##20260224,0.2057,0.0000,0.0000
tyra-2,20260224,tyra-2##20260224,0.1711,0.0000,0.0000
tyra-2,20260224,tyra-2##20260224,0.1849,0.0000,0.0000
tyra-2,20260224,tyra-2##20260224,0.0894,0.0000,0.0000
tyra-2,20260224,tyra-2##20260224,0.1803,5.1724,2.5862
tyra-2,20260224,tyra-2##20260224,0.0414,0.0000,0.0000
tyra-2,20260224,tyra-2##20260224,0.0998,13.6364,4.5455
tyra-2,20260224,tyra-2##20260224,0.1080,0.0000,0.0000
tyra-2,20260224,tyra-2##20260224,0.1689,0.0000,1.5113
tyra-2,20260224,tyra-2##20260224,0.1671,0.0000,0.0000
tyra-2,20260224,tyra-2##20260224,0.1613,0.0000,0.0000
tyra-2,20260224,tyra-2##20260224,,0.0000,21.4286
tyra-2,20260224,tyra-2##20260224,0.1406,0.0000,0.0000
tyra-2,20260224,tyra-2##20260224,0.1682,0.0000,0.0000
tyra-2,20260224,tyra-2##20260224,0.0762,0.0000,0.0000
tyra-2,20260224,tyra-2##20260224,0.1740,0.0000,0.0000
tyra-2,20260224,tyra-2##20260224,0.1383,0.0000,0.0000
tyra-2,20260224,tyra-2##20260224,0.0598,0.0000,0.0000
tyra-2,20260224,tyra-2##20260224,0.1445,0.0000,0.0000
tyra-2,20260224,tyra-2##20260224,0.1926,2.6316,2.6316
tyra-2,20260224,tyra-2##20260224,0.1113,0.0000,8.3333
tyra-2,20260224,tyra-2##20260224,0.1726,0.0000,1.5075
tyra-2,20260224,tyra-2##20260224,0.1565,11.7647,0.0000
tyra-2,20260224,tyra-2##20260224,0.1729,0.0000,0.0000
tyra-2,20260224,tyra-2##20260224,0.1664,5.0279,3.3520
tyra-2,20260224,tyra-2##20260224,0.1376,3.4884,0.0000
tyra-2,20260224,tyra-2##20260224,0.1279,0.0000,5.1576
tyra-2,20260224,tyra-2##20260224,0.2135,0.0000,0.0000
tyra-2,20260224,tyra-2##20260224,0.0588,0.0000,0.0000
tyra-2,20260224,tyra-2##20260224,0.1620,13.9535,0.0000
tyra-2,20260224,tyra-2##20260224,0.1073,0.0000,0.0000
tyra-2,20260224,tyra-2##20260224,0.1132,6.6667,6.6667
tyra-2,20260224,tyra-2##20260224,0.1561,0.0000,0.0000
tyra-2,20260224,tyra-2##20260224,0.1328,6.5217,13.0435
tyra-2,20260224,tyra-2##20260224,0.1416,3.0151,6.0302
tyra-2,20260224,tyra-2##20260224,0.1123,3.3149,0.0000
tyra-2,20260224,tyra-2##20260224,0.1727,0.0000,0.0000
tyra-2,20260224,tyra-2##20260224,0.0655,16.0428,0.0000
tyra-2,20260224,tyra-2##20260224,0.1584,0.0000,0.0000
tyra-2,20260224,tyra-2##20260224,0.1600,0.0000,0.0000
tyra-2,20260224,tyra-2##20260224,0.1968,0.0000,0.0000
tyra-2,20260224,tyra-2##20260224,0.1407,0.0000,0.0000
tyra-2,20260224,tyra-2##20260224,0.1610,0.0000,0.0000
tyra-2,20260224,tyra-2##20260224,0.0745,0.0000,0.0000
tyra-2,20260224,tyra-2##20260224,0.1121,0.0000,0.0000
tyra-2,20260224,tyra-2##20260224,0.0713,9.3750,9.3750
tyra-2,20260224,tyra-2##20260224,0.2037,0.0000,0.0000
tyra-2,20260224,tyra-2##20260224,0.1263,0.0000,0.0000
tyra-2,20260224,tyra-2##20260224,0.2187,0.0000,0.0000
tyra-2,20260224,tyra-2##20260224,0.1215,0.0000,0.0000
tyra-2,20260224,tyra-2##20260224,0.1557,0.0000,0.0000
tyra-2,20260224,tyra-2##20260224,0.1680,0.0000,0.0000
tyra-2,20260224,tyra-2##20260224,0.1305,0.0000,0.0000
tyra-2,20260224,tyra-2##20260224,0.1573,0.0000,0.0000
tyra-2,20260224,tyra-2##20260224,0.1877,0.0000,0.0000
tyra-2,20260224,tyra-2##20260224,0.1896,0.0000,0.0000
tyra-2,20260224,tyra-2##20260224,0.1640,0.0000,0.0000
tyra-2,20260224,tyra-2##20260224,0.1113,0.0000,13.6364
tyra-2,20260224,tyra-2##20260224,0.1525,0.0000,0.0000
tyra-2,20260224,tyra-2##20260224,,21.4286,0.0000
tyra-2,20260224,tyra-2##20260224,0.1644,0.0000,0.0000
tyra-2,20260225,tyra-2##20260225,0.1050,2.5795,2.5795
tyra-2,20260225,tyra-2##20260225,0.1111,0.0000,0.4448
tyra-2,20260225,tyra-2##20260225,0.1254,2.7759,4.7588
tyra-2,20260225,tyra-2##20260225,0.1044,1.2521,1.7529
tyra-2,20260225,tyra-2##20260225,0.0676,0.6366,0.9549
tyra-2,20260225,tyra-2##20260225,0.0635,9.2500,5.5000
tyra-2,20260225,tyra-2##20260225,0.1493,0.0000,1.6854
tyra-2,20260225,tyra-2##20260225,0.1105,0.0000,0.0000
tyra-2,20260225,tyra-2##20260225,0.0894,0.0000,7.0588
tyra-2,20260225,tyra-2##20260225,0.1274,0.0000,1.7442
tyra-2,20260225,tyra-2##20260225,0.1141,0.0000,0.4478
tyra-2,20260225,tyra-2##20260225,0.1203,0.0000,2.4974
tyra-2,20260225,tyra-2##20260225,0.0548,0.0000,13.0435
tyra-2,20260225,tyra-2##20260225,0.0484,3.4483,1.1494
tyra-2,20260225,tyra-2##20260225,0.1043,0.0000,7.0588
tyra-2,20260225,tyra-2##20260225,0.0494,6.0793,1.3216
tyra-2,20260225,tyra-2##20260225,0.0933,0.0000,9.9792
tyra-2,20260225,tyra-2##20260225,0.0591,0.0000,19.3548
tyra-2,20260225,tyra-2##20260225,0.0996,0.0000,5.6604
tyra-2,20260225,tyra-2##20260225,0.0923,0.0000,6.9364
tyra-2,20260225,tyra-2##20260225,0.1099,0.0000,4.8780
tyra-2,20260225,tyra-2##20260225,0.1289,0.0000,4.4944
tyra-2,20260225,tyra-2##20260225,0.1573,0.0000,3.4091
tyra-2,20260225,tyra-2##20260225,0.1284,0.4164,2.0819
tyra-2,20260225,tyra-2##20260225,0.1206,0.8929,0.0000
tyra-2,20260225,tyra-2##20260225,,9.8361,0.0000
tyra-2,20260225,tyra-2##20260225,0.1334,0.7968,0.7968
tyra-2,20260225,tyra-2##20260225,0.1173,0.0000,0.0000
tyra-2,20260225,tyra-2##20260225,0.1114,1.1418,0.0000
tyra-2,20260225,tyra-2##20260225,0.1006,0.0000,10.7143
tyra-2,20260225,tyra-2##20260225,0.1266,0.0000,0.0000
tyra-2,20260225,tyra-2##20260225,0.1337,0.0000,5.0633
tyra-2,20260225,tyra-2##20260225,0.1013,0.0000,9.2575
tyra-2,20260225,tyra-2##20260225,0.1482,1.1342,2.2684
tyra-2,20260225,tyra-2##20260225,0.0990,0.0000,0.0000
tyra-2,20260225,tyra-2##20260225,0.1040,0.0000,0.0000
tyra-2,20260225,tyra-2##20260225,0.0848,3.2258,6.4516
tyra-2,20260225,tyra-2##20260225,0.1206,7.5949,15.1899
tyra-2,20260225,tyra-2##20260225,0.1041,1.6216,5.2703
tyra-2,20260225,tyra-2##20260225,0.1133,1.4925,7.4627
tyra-2,20260225,tyra-2##20260225,0.1032,0.0000,0.0000
tyra-2,20260225,tyra-2##20260225,0.1107,0.0000,5.0613
tyra-2,20260225,tyra-2##20260225,0.1084,0.0000,0.0000
tyra-2,20260225,tyra-2##20260225,0.1386,0.9740,0.4870
tyra-2,20260225,tyra-2##20260225,0.0922,0.0000,5.7325
tyra-2,20260225,tyra-2##20260225,0.1280,0.0000,1.5113
tyra-2,20260225,tyra-2##20260225,0.1005,0.0000,7.6923
tyra-2,20260225,tyra-2##20260225,0.0980,0.0000,3.0612
tyra-2,20260225,tyra-2##20260225,0.1432,0.0000,0.0000
tyra-2,20260225,tyra-2##20260225,0.1180,2.6201,2.6201
tyra-2,20260225,tyra-2##20260225,0.0805,0.0000,9.2466
tyra-2,20260225,tyra-2##20260225,0.0837,0.0000,3.0928
tyra-2,20260225,tyra-2##20260225,0.0578,8.1633,0.0000
tyra-2,20260225,tyra-2##20260225,0.1538,0.0000,0.0000
tyra-2,20260225,tyra-2##20260225,0.0878,0.0000,2.0067
tyra-2,20260225,tyra-2##20260225,0.1480,0.0000,0.0000
tyra-2,20260225,tyra-2##20260225,0.1135,0.0000,1.6667
tyra-2,20260225,tyra-2##20260225,0.0754,0.6818,1.3636
tyra-2,20260225,tyra-2##20260225,0.0748,0.0000,0.0000
tyra-2,20260225,tyra-2##20260225,0.1027,9.8361,19.6721
tyra-2,20260225,tyra-2##20260225,0.1400,2.1978,3.6630
tyra-2,20260225,tyra-2##20260225,0.1280,0.0000,0.0000
tyra-2,20260225,tyra-2##20260225,0.1094,0.0000,14.6530
tyra-2,20260225,tyra-2##20260225,0.1202,0.0000,0.0000
tyra-2,20260225,tyra-2##20260225,0.1713,0.0000,0.0000
tyra-2,20260225,tyra-2##20260225,0.0947,2.5460,5.0919
tyra-2,20260225,tyra-2##20260225,0.1058,0.0000,0.0000
tyra-2,20260225,tyra-2##20260225,0.1401,0.0000,0.0000
tyra-2,20260225,tyra-2##20260225,0.1108,0.0000,0.0000
tyra-2,20260225,tyra-2##20260225,0.0977,0.0000,9.1603
tyra-2,20260225,tyra-2##20260225,0.0548,4.3796,1.0949
tyra-2,20260225,tyra-2##20260225,0.1276,0.0000,7.6923
tyra-2,20260225,tyra-2##20260225,0.1497,0.0000,0.0000
tyra-2,20260225,tyra-2##20260225,0.1077,0.0000,2.4948
tyra-2,20260225,tyra-2##20260225,0.1323,1.2821,7.6923
tyra-2,20260225,tyra-2##20260225,0.1308,1.1976,2.3952
tyra-2,20260225,tyra-2##20260225,0.1197,0.0000,6.2630
tyra-2,20260225,tyra-2##20260225,0.0951,0.0000,0.0000
tyra-2,20260225,tyra-2##20260225,0.1656,0.0000,0.0000
tyra-2,20260225,tyra-2##20260225,0.1581,0.0000,0.0000
tyra-2,20260225,tyra-2##20260225,0.1124,0.0000,0.0000
tyra-2,20260225,tyra-2##20260225,0.0927,0.0000,6.6298
tyra-2,20260225,tyra-2##20260225,0.1240,0.0000,5.6426
tyra-2,20260225,tyra-2##20260225,0.0840,2.6549,0.0000
tyra-2,20260225,tyra-2##20260225,0.0761,0.0000,0.0000
tyra-2,20260225,tyra-2##20260225,0.1363,0.0000,0.0000
tyra-2,20260225,tyra-2##20260225,0.1846,0.0000,0.0000
tyra-2,20260225,tyra-2##20260225,0.0777,0.0000,0.0000
ugt-31,20260202,ugt-31##20260202,0.2719,0.0000,0.0000
ugt-31,20260202,ugt-31##20260202,0.1705,0.0000,0.0000
ugt-31,20260202,ugt-31##20260202,0.1810,0.0000,0.0000
ugt-31,20260202,ugt-31##20260202,0.2126,2.2989,0.0000
ugt-31,20260202,ugt-31##20260202,0.2307,0.0000,1.1516
ugt-31,20260202,ugt-31##20260202,0.2278,0.0000,0.0000
ugt-31,20260202,ugt-31##20260202,0.0660,0.0000,0.0000
ugt-31,20260202,ugt-31##20260202,0.1724,9.8361,0.0000
ugt-31,20260202,ugt-31##20260202,0.1852,0.0000,0.0000
ugt-31,20260202,ugt-31##20260202,0.2225,0.0000,0.0000
ugt-31,20260202,ugt-31##20260202,0.2302,1.3129,0.0000
ugt-31,20260202,ugt-31##20260202,0.1403,0.0000,0.0000
ugt-31,20260202,ugt-31##20260202,0.2362,0.0000,0.0000
ugt-31,20260202,ugt-31##20260202,0.2187,0.0000,0.0000
ugt-31,20260202,ugt-31##20260202,0.2196,0.0000,0.0000
ugt-31,20260202,ugt-31##20260202,0.2014,0.0000,0.0000
ugt-31,20260202,ugt-31##20260202,0.1933,1.8721,0.9360
ugt-31,20260202,ugt-31##20260202,0.1990,0.0000,0.0000
ugt-31,20260202,ugt-31##20260202,0.2376,0.0000,0.0000
ugt-31,20260202,ugt-31##20260202,0.1823,1.7167,0.8584
ugt-31,20260202,ugt-31##20260202,0.2358,0.0000,0.0000
ugt-31,20260202,ugt-31##20260202,0.2002,0.0000,0.0000
ugt-31,20260202,ugt-31##20260202,0.2303,0.0000,0.0000
ugt-31,20260202,ugt-31##20260202,0.1576,0.0000,0.0000
ugt-31,20260202,ugt-31##20260202,0.2280,0.0000,0.0000
ugt-31,20260202,ugt-31##20260202,0.2100,0.0000,0.0000
ugt-31,20260202,ugt-31##20260202,0.2489,2.8169,1.8779
ugt-31,20260202,ugt-31##20260202,0.1410,6.5217,0.0000
ugt-31,20260202,ugt-31##20260202,0.1955,1.1639,0.0000
ugt-31,20260202,ugt-31##20260202,0.2030,0.8043,1.6086
ugt-31,20260202,ugt-31##20260202,0.2074,0.0000,0.0000
ugt-31,20260202,ugt-31##20260202,0.2398,0.0000,0.0000
ugt-31,20260202,ugt-31##20260202,0.1906,0.0000,0.0000
ugt-31,20260202,ugt-31##20260202,0.1966,0.0000,0.0000
ugt-31,20260202,ugt-31##20260202,0.2349,0.0000,0.0000
ugt-31,20260202,ugt-31##20260202,0.2298,0.0000,0.0000
ugt-31,20260202,ugt-31##20260202,0.2331,0.6749,0.6749
ugt-31,20260202,ugt-31##20260202,0.2746,0.0000,0.0000
ugt-31,20260202,ugt-31##20260202,0.2182,0.0000,0.0000
ugt-31,20260202,ugt-31##20260202,0.1550,0.0000,0.0000
ugt-31,20260202,ugt-31##20260202,0.1868,0.0000,0.0000
ugt-31,20260202,ugt-31##20260202,0.1775,18.1818,0.0000
ugt-31,20260202,ugt-31##20260202,0.1774,0.0000,0.0000
ugt-31,20260202,ugt-31##20260202,,27.2727,0.0000
ugt-31,20260202,ugt-31##20260202,0.2213,0.0000,0.0000
ugt-31,20260202,ugt-31##20260202,0.2452,0.0000,0.0000
ugt-31,20260202,ugt-31##20260202,0.2523,1.5666,0.0000
ugt-31,20260202,ugt-31##20260202,0.1911,0.0000,0.0000
ugt-31,20260202,ugt-31##20260202,0.2463,0.0000,0.0000
ugt-31,20260202,ugt-31##20260202,0.1208,0.0000,0.0000
ugt-31,20260202,ugt-31##20260202,0.2020,0.0000,0.0000
ugt-31,20260202,ugt-31##20260202,0.2133,0.0000,0.0000
ugt-31,20260202,ugt-31##20260202,0.1994,0.0000,0.0000
ugt-31,20260202,ugt-31##20260202,0.1772,0.0000,0.0000
ugt-31,20260202,ugt-31##20260202,0.2244,1.1029,2.2059
ugt-31,20260202,ugt-31##20260202,0.1729,2.2472,0.0000
ugt-31,20260202,ugt-31##20260202,0.1594,5.1948,3.8961
ugt-31,20260202,ugt-31##20260202,0.1478,1.6438,0.0000
ugt-31,20260202,ugt-31##20260202,0.2073,0.0000,0.0000
ugt-31,20260202,ugt-31##20260202,0.1678,0.0000,0.0000
ugt-31,20260202,ugt-31##20260202,0.1761,1.5075,1.5075
ugt-31,20260202,ugt-31##20260202,0.2270,0.0000,0.0000
ugt-31,20260202,ugt-31##20260202,0.2121,0.0000,0.0000
ugt-31,20260202,ugt-31##20260202,0.2462,0.0000,0.0000
ugt-31,20260202,ugt-31##20260202,0.2185,0.0000,0.0000
ugt-31,20260202,ugt-31##20260202,0.1245,0.0000,6.6667
ugt-31,20260202,ugt-31##20260202,0.0971,5.7143,0.0000
ugt-31,20260202,ugt-31##20260202,0.2217,0.0000,0.0000
ugt-31,20260202,ugt-31##20260202,0.1069,3.9474,0.0000
ugt-31,20260202,ugt-31##20260202,0.2042,1.0850,0.0000
ugt-31,20260202,ugt-31##20260202,0.0444,19.3548,0.0000
ugt-31,20260202,ugt-31##20260202,0.2321,0.0000,0.0000
ugt-31,20260202,ugt-31##20260202,0.1916,0.0000,0.0000
ugt-31,20260202,ugt-31##20260202,0.1686,0.0000,0.0000
ugt-31,20260202,ugt-31##20260202,0.0590,0.0000,13.3333
ugt-31,20260202,ugt-31##20260202,0.1086,0.0000,0.0000
ugt-31,20260202,ugt-31##20260202,0.0888,0.0000,8.8235
ugt-31,20260202,ugt-31##20260202,0.1845,0.0000,3.8961
ugt-31,20260202,ugt-31##20260202,0.1859,0.0000,0.0000
ugt-31,20260202,ugt-31##20260202,0.1383,3.1579,0.0000
ugt-31,20260202,ugt-31##20260202,0.1259,0.0000,0.0000
ugt-31,20260202,ugt-31##20260202,0.2132,0.0000,0.0000
ugt-31,20260202,ugt-31##20260202,0.1830,8.5714,8.5714
ugt-31,20260202,ugt-31##20260202,0.1151,11.5385,0.0000
ugt-31,20260202,ugt-31##20260202,0.1789,0.0000,0.0000
ugt-31,20260202,ugt-31##20260202,0.1821,0.0000,0.0000
ugt-31,20260202,ugt-31##20260202,0.1619,0.0000,0.0000
ugt-31,20260202,ugt-31##20260202,0.1709,0.0000,0.0000
ugt-31,20260202,ugt-31##20260202,0.1719,2.5641,1.2821
ugt-31,20260202,ugt-31##20260202,0.1741,0.0000,0.0000
ugt-31,20260202,ugt-31##20260202,0.1915,1.3889,1.3889
ugt-31,20260202,ugt-31##20260202,0.1719,0.0000,0.0000
ugt-31,20260202,ugt-31##20260202,0.1335,0.0000,0.0000
ugt-31,20260202,ugt-31##20260202,0.1783,0.0000,0.0000
ugt-31,20260202,ugt-31##20260202,0.1828,0.0000,0.0000
ugt-31,20260202,ugt-31##20260202,0.1875,0.7528,0.0000
ugt-31,20260202,ugt-31##20260202,0.1412,0.0000,0.0000
ugt-31,20260202,ugt-31##20260202,0.2069,0.0000,0.0000
ugt-31,20260202,ugt-31##20260202,0.3216,0.0000,0.0000
ugt-31,20260202,ugt-31##20260202,0.1943,0.0000,0.0000
ugt-31,20260202,ugt-31##20260202,0.2318,0.0000,0.0000
ugt-31,20260202,ugt-31##20260202,0.1877,1.4851,0.0000
ugt-31,20260202,ugt-31##20260202,0.1867,0.0000,0.0000
ugt-31,20260202,ugt-31##20260202,0.2312,0.0000,0.0000
ugt-31,20260202,ugt-31##20260202,0.1469,0.0000,0.0000
ugt-31,20260202,ugt-31##20260202,0.2202,0.0000,0.0000
ugt-31,20260202,ugt-31##20260202,0.2236,0.0000,0.0000
ugt-31,20260202,ugt-31##20260202,0.2119,0.0000,0.0000
ugt-31,20260202,ugt-31##20260202,0.1877,0.0000,0.0000
ugt-31,20260202,ugt-31##20260202,0.2181,0.0000,0.0000
ugt-31,20260202,ugt-31##20260202,0.1895,3.0151,4.0201
ugt-31,20260202,ugt-31##20260202,0.1551,0.0000,0.0000
ugt-31,20260202,ugt-31##20260202,0.2256,0.0000,0.0000
ugt-31,20260202,ugt-31##20260202,0.1437,0.0000,0.0000
ugt-31,20260202,ugt-31##20260202,0.1314,2.3166,0.0000
ugt-31,20260202,ugt-31##20260202,0.1169,0.0000,0.0000
ugt-31,20260202,ugt-31##20260202,0.1541,0.0000,0.0000
ugt-31,20260202,ugt-31##20260202,0.1372,2.9240,0.5848
ugt-31,20260202,ugt-31##20260202,0.1238,0.0000,0.0000
ugt-31,20260202,ugt-31##20260202,0.0675,4.4824,0.6403
ugt-31,20260202,ugt-31##20260202,0.2345,0.0000,0.0000
ugt-31,20260202,ugt-31##20260202,0.1834,0.0000,0.0000
ugt-31,20260202,ugt-31##20260202,0.2056,0.0000,0.0000
ugt-31,20260202,ugt-31##20260202,0.2214,0.0000,0.0000
ugt-31,20260202,ugt-31##20260202,0.1920,0.0000,0.0000
ugt-31,20260202,ugt-31##20260202,0.1700,0.0000,0.0000
ugt-31,20260202,ugt-31##20260202,0.1884,3.2432,0.0000
ugt-31,20260202,ugt-31##20260202,0.1495,0.0000,0.0000
ugt-31,20260202,ugt-31##20260202,0.1972,0.0000,0.0000
ugt-31,20260202,ugt-31##20260202,0.2097,0.0000,0.0000
ugt-31,20260202,ugt-31##20260202,0.1653,0.0000,1.6997
ugt-31,20260202,ugt-31##20260202,0.1893,0.0000,0.0000
ugt-31,20260202,ugt-31##20260202,0.2805,0.0000,0.0000
ugt-31,20260202,ugt-31##20260202,0.2353,0.0000,1.4493
ugt-31,20260202,ugt-31##20260202,0.1878,0.0000,0.0000
ugt-31,20260202,ugt-31##20260202,0.2100,0.0000,0.0000
ugt-31,20260202,ugt-31##20260202,0.2592,0.0000,0.0000
ugt-31,20260202,ugt-31##20260202,0.2028,0.0000,0.0000
ugt-31,20260202,ugt-31##20260202,0.2562,0.0000,0.0000
ugt-31,20260202,ugt-31##20260202,0.1636,3.6145,0.0000
ugt-31,20260202,ugt-31##20260202,0.2076,0.0000,0.0000
ugt-31,20260202,ugt-31##20260202,0.1870,1.0309,1.0309
ugt-31,20260202,ugt-31##20260202,0.2241,0.0000,0.0000
ugt-31,20260202,ugt-31##20260202,0.1762,3.1524,2.1016
ugt-31,20260202,ugt-31##20260202,0.1238,0.0000,0.0000
ugt-31,20260202,ugt-31##20260202,0.1953,0.0000,0.0000
ugt-31,20260202,ugt-31##20260202,0.1921,0.0000,0.0000
ugt-31,20260202,ugt-31##20260202,0.2179,0.0000,0.0000
ugt-31,20260202,ugt-31##20260202,0.1900,2.4096,2.4096
ugt-31,20260202,ugt-31##20260202,0.1900,0.0000,0.0000
ugt-31,20260202,ugt-31##20260202,0.1456,0.0000,0.0000
ugt-31,20260202,ugt-31##20260202,0.1681,0.0000,0.0000
ugt-31,20260202,ugt-31##20260202,0.1994,0.0000,0.0000
ugt-31,20260202,ugt-31##20260202,0.1550,5.8824,3.9216
ugt-31,20260202,ugt-31##20260202,0.2147,0.0000,0.0000
ugt-31,20260202,ugt-31##20260202,0.2321,0.0000,0.0000
ugt-31,20260202,ugt-31##20260202,0.1453,0.0000,0.0000
ugt-31,20260202,ugt-31##20260202,0.1888,0.0000,0.0000
ugt-31,20260202,ugt-31##20260202,0.1955,0.0000,0.0000
ugt-31,20260202,ugt-31##20260202,0.0689,12.2449,0.0000
ugt-31,20260202,ugt-31##20260202,0.1722,0.0000,0.0000
ugt-31,20260202,ugt-31##20260202,0.2161,0.0000,0.0000
ugt-31,20260202,ugt-31##20260202,0.2127,0.0000,0.0000
ugt-31,20260202,ugt-31##20260202,0.1068,0.0000,0.0000
ugt-31,20260202,ugt-31##20260202,0.1510,0.0000,0.0000
ugt-31,20260202,ugt-31##20260202,0.0832,0.0000,0.0000
ugt-31,20260203,ugt-31##20260203,0.2075,0.0000,0.0000
ugt-31,20260203,ugt-31##20260203,0.2080,1.5584,2.3377
ugt-31,20260203,ugt-31##20260203,0.1798,0.0000,0.0000
ugt-31,20260203,ugt-31##20260203,0.1760,0.0000,0.0000
ugt-31,20260203,ugt-31##20260203,0.1919,0.0000,0.0000
ugt-31,20260203,ugt-31##20260203,0.2225,0.0000,0.0000
ugt-31,20260203,ugt-31##20260203,0.1557,0.0000,0.0000
ugt-31,20260203,ugt-31##20260203,0.2358,0.0000,0.0000
ugt-31,20260203,ugt-31##20260203,0.1706,0.0000,0.0000
ugt-31,20260203,ugt-31##20260203,0.1957,0.0000,0.0000
ugt-31,20260203,ugt-31##20260203,0.2241,0.0000,0.0000
ugt-31,20260203,ugt-31##20260203,0.2355,7.3171,7.3171
ugt-31,20260203,ugt-31##20260203,0.2232,0.0000,0.0000
ugt-31,20260203,ugt-31##20260203,0.2089,1.5424,3.0848
ugt-31,20260203,ugt-31##20260203,0.2259,0.0000,0.0000
ugt-31,20260203,ugt-31##20260203,0.2201,0.0000,0.0000
ugt-31,20260203,ugt-31##20260203,0.2069,0.0000,0.0000
ugt-31,20260203,ugt-31##20260203,0.2357,0.9677,0.9677
ugt-31,20260203,ugt-31##20260203,0.1781,7.0175,3.5088
ugt-31,20260203,ugt-31##20260203,0.2455,0.0000,0.0000
ugt-31,20260203,ugt-31##20260203,0.1673,0.0000,0.0000
ugt-31,20260203,ugt-31##20260203,0.1970,0.0000,0.0000
ugt-31,20260203,ugt-31##20260203,0.2259,0.0000,0.0000
ugt-31,20260203,ugt-31##20260203,0.1701,0.0000,0.0000
ugt-31,20260203,ugt-31##20260203,0.2060,0.0000,0.0000
ugt-31,20260203,ugt-31##20260203,0.2280,0.0000,0.0000
ugt-31,20260203,ugt-31##20260203,0.2511,0.0000,0.0000
ugt-31,20260203,ugt-31##20260203,0.2279,0.0000,0.0000
ugt-31,20260203,ugt-31##20260203,0.1798,0.0000,0.0000
ugt-31,20260203,ugt-31##20260203,0.1059,1.4286,0.0000
ugt-31,20260203,ugt-31##20260203,0.2174,0.0000,0.0000
ugt-31,20260203,ugt-31##20260203,0.2133,0.0000,0.0000
ugt-31,20260203,ugt-31##20260203,0.1963,0.0000,0.0000
ugt-31,20260203,ugt-31##20260203,0.1946,2.2770,1.1385
ugt-31,20260203,ugt-31##20260203,0.2242,0.0000,0.0000
ugt-31,20260203,ugt-31##20260203,0.2090,0.0000,0.0000
ugt-31,20260203,ugt-31##20260203,0.2194,0.0000,0.0000
ugt-31,20260203,ugt-31##20260203,0.2112,0.0000,0.0000
ugt-31,20260203,ugt-31##20260203,0.2039,0.0000,0.0000
ugt-31,20260203,ugt-31##20260203,0.1878,0.0000,0.0000
ugt-31,20260203,ugt-31##20260203,0.1846,7.1642,0.0000
ugt-31,20260203,ugt-31##20260203,0.2313,0.0000,0.0000
ugt-31,20260203,ugt-31##20260203,0.1749,0.0000,0.0000
ugt-31,20260203,ugt-31##20260203,0.2263,0.0000,2.6667
ugt-31,20260203,ugt-31##20260203,0.2243,0.0000,0.0000
ugt-31,20260203,ugt-31##20260203,0.2073,0.0000,0.0000
ugt-31,20260203,ugt-31##20260203,0.2198,0.0000,0.0000
ugt-31,20260203,ugt-31##20260203,0.2198,0.0000,0.0000
ugt-31,20260203,ugt-31##20260203,0.1960,0.0000,0.0000
ugt-31,20260203,ugt-31##20260203,0.1929,2.4896,1.2448
ugt-31,20260203,ugt-31##20260203,0.1794,0.0000,0.0000
ugt-31,20260203,ugt-31##20260203,0.2212,0.0000,0.0000
ugt-31,20260203,ugt-31##20260203,0.1386,0.0000,0.0000
ugt-31,20260203,ugt-31##20260203,0.1993,2.1053,0.0000
ugt-31,20260203,ugt-31##20260203,0.2043,1.0724,0.5362
ugt-31,20260203,ugt-31##20260203,0.1910,0.0000,0.0000
ugt-31,20260203,ugt-31##20260203,0.1642,0.0000,0.0000
ugt-31,20260203,ugt-31##20260203,0.2450,0.0000,4.3165
ugt-31,20260203,ugt-31##20260203,0.1789,0.0000,0.0000
ugt-31,20260203,ugt-31##20260203,0.2292,0.0000,0.0000
ugt-31,20260203,ugt-31##20260203,0.1884,0.0000,0.0000
ugt-31,20260203,ugt-31##20260203,0.2100,0.0000,0.0000
ugt-31,20260203,ugt-31##20260203,0.1388,11.3208,0.0000
ugt-31,20260203,ugt-31##20260203,0.1904,0.0000,0.0000
ugt-31,20260203,ugt-31##20260203,0.2447,0.0000,0.0000
ugt-31,20260203,ugt-31##20260203,0.1987,0.0000,0.0000
ugt-31,20260203,ugt-31##20260203,0.2303,0.0000,0.0000
ugt-31,20260203,ugt-31##20260203,0.1982,1.4975,0.9983
ugt-31,20260203,ugt-31##20260203,0.2328,4.0678,2.0339
ugt-31,20260203,ugt-31##20260203,0.2234,1.2712,0.6356
ugt-31,20260203,ugt-31##20260203,0.2095,0.0000,0.0000
ugt-31,20260203,ugt-31##20260203,0.2086,0.0000,0.0000
ugt-31,20260203,ugt-31##20260203,0.1957,0.0000,2.1277
ugt-31,20260203,ugt-31##20260203,0.2539,0.0000,0.0000
ugt-31,20260203,ugt-31##20260203,0.2198,0.0000,0.0000
ugt-31,20260203,ugt-31##20260203,0.2241,0.0000,0.0000
ugt-31,20260203,ugt-31##20260203,0.2472,0.0000,0.0000
ugt-31,20260203,ugt-31##20260203,0.2139,2.5263,1.2632
ugt-31,20260203,ugt-31##20260203,0.1047,4.2945,0.6135
ugt-31,20260203,ugt-31##20260203,0.1852,0.0000,0.0000
ugt-31,20260203,ugt-31##20260203,0.2306,0.0000,0.0000
ugt-31,20260203,ugt-31##20260203,0.2006,0.0000,0.0000
ugt-31,20260203,ugt-31##20260203,0.2203,0.0000,0.0000
ugt-31,20260203,ugt-31##20260203,0.2174,0.0000,0.0000
ugt-31,20260203,ugt-31##20260203,0.2366,3.3520,0.0000
ugt-31,20260203,ugt-31##20260203,0.2385,0.0000,0.0000
ugt-31,20260203,ugt-31##20260203,0.1904,0.0000,0.0000
ugt-31,20260203,ugt-31##20260203,0.2255,0.0000,0.0000
ugt-31,20260203,ugt-31##20260203,0.2021,0.0000,0.0000
ugt-31,20260203,ugt-31##20260203,0.1789,0.0000,0.0000
ugt-31,20260203,ugt-31##20260203,0.2079,0.0000,0.0000
ugt-31,20260203,ugt-31##20260203,0.2121,0.0000,0.0000
ugt-31,20260203,ugt-31##20260203,0.1927,0.0000,0.0000
ugt-31,20260203,ugt-31##20260203,0.2542,0.7380,1.4760
ugt-31,20260203,ugt-31##20260203,0.2081,1.0619,0.5310
ugt-31,20260203,ugt-31##20260203,0.2207,1.3636,0.6818
ugt-31,20260203,ugt-31##20260203,0.2212,0.0000,0.0000
ugt-31,20260203,ugt-31##20260203,0.1938,0.0000,0.7752
ugt-31,20260203,ugt-31##20260203,0.2074,0.0000,0.0000
ugt-31,20260203,ugt-31##20260203,0.2077,0.0000,0.0000
ugt-31,20260203,ugt-31##20260203,0.2176,0.0000,0.0000
ugt-31,20260203,ugt-31##20260203,0.2335,0.0000,0.0000
ugt-31,20260203,ugt-31##20260203,0.2539,0.0000,0.0000
ugt-31,20260203,ugt-31##20260203,0.2113,0.0000,0.0000
ugt-31,20260203,ugt-31##20260203,0.2401,0.0000,0.0000
ugt-31,20260203,ugt-31##20260203,0.1763,0.0000,0.0000
ugt-31,20260203,ugt-31##20260203,0.2109,0.0000,0.0000
ugt-31,20260203,ugt-31##20260203,0.2122,0.7001,0.7001
ugt-31,20260203,ugt-31##20260203,0.2539,0.6438,1.2876
ugt-31,20260203,ugt-31##20260203,0.2236,0.0000,0.0000
ugt-31,20260203,ugt-31##20260203,0.2322,0.0000,0.0000
ugt-31,20260203,ugt-31##20260203,0.2041,0.0000,0.0000
ugt-31,20260203,ugt-31##20260203,0.2032,0.0000,0.0000
ugt-31,20260203,ugt-31##20260203,0.2308,0.0000,0.0000
ugt-31,20260203,ugt-31##20260203,0.2348,0.0000,0.0000
ugt-31,20260203,ugt-31##20260203,0.1838,0.0000,0.0000
ugt-31,20260203,ugt-31##20260203,0.2458,0.0000,0.0000
ugt-31,20260203,ugt-31##20260203,0.2122,0.9105,0.9105
ugt-31,20260203,ugt-31##20260203,0.2028,0.0000,0.0000
ugt-31,20260203,ugt-31##20260203,0.2072,0.0000,0.0000
ugt-31,20260203,ugt-31##20260203,0.2172,0.0000,0.0000
ugt-31,20260203,ugt-31##20260203,0.2127,0.0000,1.6129
ugt-31,20260203,ugt-31##20260203,0.2527,0.0000,0.0000
ugt-31,20260203,ugt-31##20260203,0.2056,0.0000,0.0000
ugt-31,20260203,ugt-31##20260203,0.2227,0.0000,0.0000
ugt-31,20260203,ugt-31##20260203,0.1351,0.0000,0.0000
ugt-31,20260203,ugt-31##20260203,0.2129,0.0000,0.0000
ugt-31,20260203,ugt-31##20260203,0.2250,0.0000,0.0000
ugt-31,20260203,ugt-31##20260203,0.2231,0.0000,0.0000
ugt-31,20260203,ugt-31##20260203,0.2426,0.0000,0.0000
ugt-31,20260203,ugt-31##20260203,0.2126,0.0000,0.0000
ugt-31,20260203,ugt-31##20260203,0.2284,0.0000,0.0000
ugt-31,20260203,ugt-31##20260203,0.2006,0.0000,0.0000
ugt-31,20260203,ugt-31##20260203,0.2118,0.0000,0.0000
ugt-31,20260203,ugt-31##20260203,0.2264,0.0000,0.0000
ugt-31,20260203,ugt-31##20260203,0.2109,0.0000,0.0000
ugt-31,20260203,ugt-31##20260203,0.2192,0.0000,0.0000
ugt-31,20260203,ugt-31##20260203,0.1055,0.0000,5.0420
ugt-31,20260203,ugt-31##20260203,0.1988,0.0000,0.0000
ugt-31,20260203,ugt-31##20260203,0.2015,0.0000,0.0000
ugt-31,20260203,ugt-31##20260203,0.1954,1.2848,1.2848
ugt-31,20260203,ugt-31##20260203,0.2039,0.0000,0.0000
ugt-31,20260203,ugt-31##20260203,0.2020,0.0000,0.0000
ugt-31,20260203,ugt-31##20260203,0.2332,0.0000,0.0000
ugt-31,20260203,ugt-31##20260203,0.2158,0.0000,0.0000
ugt-31,20260203,ugt-31##20260203,0.2168,0.0000,0.0000
ugt-31,20260203,ugt-31##20260203,0.2060,0.0000,0.0000
ugt-31,20260203,ugt-31##20260203,0.2643,0.0000,0.0000
ugt-31,20260203,ugt-31##20260203,0.2209,0.0000,0.0000
ugt-31,20260203,ugt-31##20260203,0.2165,0.0000,1.7647
ugt-31,20260203,ugt-31##20260203,0.2293,0.0000,0.0000
ugt-31,20260203,ugt-31##20260203,0.1425,0.0000,0.0000
ugt-31,20260203,ugt-31##20260203,0.2154,0.0000,0.0000
ugt-31,20260203,ugt-31##20260203,0.1948,0.0000,0.0000
ugt-31,20260203,ugt-31##20260203,0.2475,0.0000,0.0000
ugt-31,20260203,ugt-31##20260203,0.2249,0.0000,0.0000
ugt-31,20260203,ugt-31##20260203,0.2089,0.0000,0.0000
ugt-31,20260203,ugt-31##20260203,0.2223,0.0000,0.0000
ugt-31,20260203,ugt-31##20260203,0.2345,0.0000,0.0000
ugt-31,20260203,ugt-31##20260203,0.2264,0.0000,0.0000
ugt-31,20260203,ugt-31##20260203,0.1866,5.8824,0.0000
ugt-31,20260203,ugt-31##20260203,0.1940,0.0000,0.0000
ugt-31,20260203,ugt-31##20260203,0.2038,1.6107,2.4161
ugt-31,20260203,ugt-31##20260203,0.1913,0.0000,0.0000
ugt-31,20260203,ugt-31##20260203,0.1896,0.0000,1.5894
ugt-31,20260203,ugt-31##20260203,0.1746,0.0000,0.0000
ugt-31,20260203,ugt-31##20260203,0.2217,0.0000,0.0000
ugt-31,20260203,ugt-31##20260203,0.1994,0.0000,0.0000
ugt-31,20260203,ugt-31##20260203,0.2174,0.0000,0.0000
ugt-31,20260203,ugt-31##20260203,0.2071,0.0000,0.0000
ugt-31,20260203,ugt-31##20260203,0.1831,0.0000,4.0268
ugt-31,20260203,ugt-31##20260203,0.2214,0.0000,0.0000
ugt-31,20260203,ugt-31##20260203,0.2265,0.0000,0.0000
ugt-31,20260203,ugt-31##20260203,0.1893,0.0000,0.0000
ugt-31,20260203,ugt-31##20260203,0.1717,0.0000,0.0000
ugt-31,20260203,ugt-31##20260203,0.1947,0.0000,0.0000
ugt-31,20260203,ugt-31##20260203,0.1515,0.0000,0.0000
ugt-31,20260203,ugt-31##20260203,0.1954,2.5974,2.5974
ugt-31,20260203,ugt-31##20260203,0.1832,0.0000,0.0000
ugt-31,20260203,ugt-31##20260203,0.1310,0.0000,0.0000
ugt-31,20260203,ugt-31##20260203,0.1904,0.0000,0.0000
ugt-31,20260203,ugt-31##20260203,0.2156,0.0000,0.0000
ugt-31,20260203,ugt-31##20260203,0.1777,0.0000,0.0000
ugt-31,20260203,ugt-31##20260203,0.2034,0.0000,0.0000
ugt-31,20260203,ugt-31##20260203,0.2308,0.0000,0.0000
ugt-31,20260203,ugt-31##20260203,0.2048,2.2059,0.0000
ugt-31,20260203,ugt-31##20260203,0.2248,0.0000,0.0000
ugt-31,20260203,ugt-31##20260203,0.2206,0.0000,0.0000
ugt-31,20260203,ugt-31##20260203,0.1905,0.0000,0.0000
ugt-31,20260203,ugt-31##20260203,0.2085,2.6966,2.6966
ugt-31,20260203,ugt-31##20260203,0.1969,0.0000,0.0000
ugt-31,20260203,ugt-31##20260203,0.2213,0.0000,1.7391
ugt-31,20260203,ugt-31##20260203,0.1397,0.0000,0.0000
ugt-31,20260203,ugt-31##20260203,0.2503,0.0000,0.0000
ugt-31,20260203,ugt-31##20260203,0.2081,0.0000,0.0000
ugt-31,20260203,ugt-31##20260203,0.2308,0.0000,1.6260
ugt-31,20260203,ugt-31##20260203,0.1972,0.0000,0.0000
ugt-31,20260203,ugt-31##20260203,0.2327,0.0000,0.0000
ugt-31,20260203,ugt-31##20260203,0.1383,0.0000,0.0000
ugt-31,20260203,ugt-31##20260203,0.2267,0.0000,0.0000
ugt-31,20260203,ugt-31##20260203,0.2525,0.0000,0.0000
ugt-31,20260203,ugt-31##20260203,0.1920,0.0000,0.0000
ugt-31,20260203,ugt-31##20260203,0.1974,0.0000,0.0000
ugt-31,20260203,ugt-31##20260203,0.1514,2.2222,2.2222
ugt-31,20260203,ugt-31##20260203,0.2438,0.0000,0.0000
ugt-31,20260203,ugt-31##20260203,0.2559,0.0000,0.0000
ugt-31,20260203,ugt-31##20260203,0.2169,0.0000,0.0000
ugt-31,20260203,ugt-31##20260203,0.2039,0.0000,0.0000
ugt-31,20260203,ugt-31##20260203,0.2040,0.0000,0.0000
ugt-31,20260203,ugt-31##20260203,0.2032,0.0000,0.0000
ugt-31,20260203,ugt-31##20260203,0.1983,0.0000,0.0000
ugt-31,20260203,ugt-31##20260203,0.2326,0.0000,0.0000
ugt-31,20260203,ugt-31##20260203,0.2109,0.0000,0.0000
ugt-31,20260203,ugt-31##20260203,0.2025,0.0000,0.0000
ugt-31,20260203,ugt-31##20260203,0.1876,0.0000,0.0000
ugt-31,20260203,ugt-31##20260203,0.1829,0.0000,0.0000
ugt-31,20260203,ugt-31##20260203,0.2201,0.0000,0.0000
ugt-31,20260203,ugt-31##20260203,0.2542,0.0000,0.0000
ugt-31,20260205,ugt-31##20260205,0.1141,0.0000,0.0000
ugt-31,20260205,ugt-31##20260205,0.1897,0.0000,0.0000
ugt-31,20260205,ugt-31##20260205,0.1308,0.0000,0.0000
ugt-31,20260205,ugt-31##20260205,0.1556,0.4608,0.0000
ugt-31,20260205,ugt-31##20260205,0.1528,0.0000,0.0000
ugt-31,20260205,ugt-31##20260205,0.1518,0.0000,0.0000
ugt-31,20260205,ugt-31##20260205,0.1228,0.0000,0.0000
ugt-31,20260205,ugt-31##20260205,0.1583,0.0000,0.0000
ugt-31,20260205,ugt-31##20260205,0.1646,0.0000,0.0000
ugt-31,20260205,ugt-31##20260205,0.0539,3.6866,0.9217
ugt-31,20260205,ugt-31##20260205,0.1549,0.0000,0.0000
ugt-31,20260205,ugt-31##20260205,0.1454,0.0000,0.0000
ugt-31,20260205,ugt-31##20260205,0.1530,0.0000,0.0000
ugt-31,20260205,ugt-31##20260205,0.1702,0.0000,0.0000
ugt-31,20260205,ugt-31##20260205,0.1646,0.0000,0.7435
ugt-31,20260205,ugt-31##20260205,0.1218,1.0870,0.7246
ugt-31,20260205,ugt-31##20260205,0.1652,0.0000,0.0000
ugt-31,20260205,ugt-31##20260205,0.1234,0.6383,0.0000
ugt-31,20260205,ugt-31##20260205,0.1415,0.0000,0.0000
ugt-31,20260205,ugt-31##20260205,0.1351,0.0000,0.0000
ugt-31,20260205,ugt-31##20260205,0.1846,0.0000,0.0000
ugt-31,20260205,ugt-31##20260205,0.1655,0.0000,0.0000
ugt-31,20260205,ugt-31##20260205,0.1049,0.0000,4.1958
ugt-31,20260205,ugt-31##20260205,0.1582,0.0000,0.0000
ugt-31,20260205,ugt-31##20260205,0.1652,0.0000,0.0000
ugt-31,20260205,ugt-31##20260205,0.1544,0.9409,0.9409
ugt-31,20260205,ugt-31##20260205,0.1412,0.0000,0.0000
ugt-31,20260205,ugt-31##20260205,0.1425,0.0000,0.0000
ugt-31,20260205,ugt-31##20260205,0.1721,0.0000,0.0000
ugt-31,20260205,ugt-31##20260205,0.1713,0.0000,0.0000
ugt-31,20260205,ugt-31##20260205,0.1636,0.0000,0.6615
ugt-31,20260205,ugt-31##20260205,0.1352,0.0000,6.9767
ugt-31,20260205,ugt-31##20260205,0.1891,0.0000,0.0000
ugt-31,20260205,ugt-31##20260205,0.1442,0.0000,0.0000
ugt-31,20260205,ugt-31##20260205,0.1400,0.0000,0.0000
ugt-31,20260205,ugt-31##20260205,0.1634,0.0000,0.0000
ugt-31,20260205,ugt-31##20260205,0.1715,0.7264,0.0000
ugt-31,20260205,ugt-31##20260205,0.1578,0.0000,0.0000
ugt-31,20260205,ugt-31##20260205,0.1618,0.0000,0.0000
ugt-31,20260205,ugt-31##20260205,0.1400,0.0000,0.0000
ugt-31,20260205,ugt-31##20260205,0.1670,0.0000,0.0000
ugt-31,20260205,ugt-31##20260205,0.1711,0.0000,0.0000
ugt-31,20260205,ugt-31##20260205,0.1708,1.4634,2.9268
ugt-31,20260205,ugt-31##20260205,0.1549,0.0000,0.0000
ugt-31,20260205,ugt-31##20260205,0.1658,0.0000,2.6201
ugt-31,20260205,ugt-31##20260205,0.1131,0.0000,0.0000
ugt-31,20260205,ugt-31##20260205,0.1565,0.0000,0.0000
ugt-31,20260205,ugt-31##20260205,0.1628,0.0000,0.0000
ugt-31,20260205,ugt-31##20260205,0.1379,0.0000,0.0000
ugt-31,20260205,ugt-31##20260205,0.1658,1.4118,0.0000
ugt-31,20260205,ugt-31##20260205,0.1750,0.0000,0.0000
ugt-31,20260205,ugt-31##20260205,0.0501,4.2781,3.2086
ugt-31,20260205,ugt-31##20260205,0.1548,0.0000,0.0000
ugt-31,20260205,ugt-31##20260205,,15.5844,0.0000
ugt-31,20260205,ugt-31##20260205,0.1225,0.0000,0.0000
ugt-31,20260205,ugt-31##20260205,0.1214,0.0000,0.7335
ugt-31,20260205,ugt-31##20260205,0.1490,0.0000,0.0000
ugt-31,20260205,ugt-31##20260205,0.1112,0.0000,22.2222
ugt-31,20260205,ugt-31##20260205,0.1514,0.0000,0.0000
ugt-31,20260205,ugt-31##20260205,0.1690,0.0000,0.0000
ugt-31,20260205,ugt-31##20260205,0.1464,0.0000,0.0000
ugt-31,20260205,ugt-31##20260205,0.1795,0.0000,0.0000
ugt-31,20260205,ugt-31##20260205,0.1819,0.0000,0.0000
ugt-31,20260205,ugt-31##20260205,0.1223,2.3166,0.0000
ugt-31,20260205,ugt-31##20260205,0.1490,1.3636,0.0000
ugt-31,20260205,ugt-31##20260205,0.1786,0.0000,0.0000
ugt-31,20260205,ugt-31##20260205,0.1949,0.0000,0.0000
ugt-31,20260205,ugt-31##20260205,0.1320,0.0000,0.0000
ugt-31,20260205,ugt-31##20260205,0.1470,0.0000,0.0000
ugt-31,20260205,ugt-31##20260205,0.1316,0.0000,0.0000
ugt-31,20260205,ugt-31##20260205,0.1743,0.0000,0.0000
ugt-31,20260205,ugt-31##20260205,0.1632,0.6486,0.0000
ugt-31,20260205,ugt-31##20260205,0.1301,0.0000,0.0000
ugt-31,20260205,ugt-31##20260205,0.1255,0.0000,0.0000
ugt-31,20260205,ugt-31##20260205,0.1383,0.0000,0.0000
ugt-31,20260205,ugt-31##20260205,0.1719,0.0000,0.0000
ugt-31,20260205,ugt-31##20260205,0.1182,0.0000,0.0000
ugt-31,20260205,ugt-31##20260205,0.1563,0.0000,0.0000
ugt-31,20260205,ugt-31##20260205,0.1276,0.0000,2.8986
ugt-31,20260205,ugt-31##20260205,0.1557,0.0000,0.0000
ugt-31,20260205,ugt-31##20260205,0.0993,0.0000,0.0000
ugt-31,20260205,ugt-31##20260205,0.1725,1.1009,2.2018
ugt-31,20260205,ugt-31##20260205,0.1749,0.0000,0.0000
ugt-31,20260205,ugt-31##20260205,0.1719,0.0000,0.0000
ugt-31,20260205,ugt-31##20260205,0.1332,0.0000,0.0000
ugt-31,20260205,ugt-31##20260205,0.1750,0.0000,0.0000
ugt-31,20260205,ugt-31##20260205,0.1580,3.6660,4.8880
ugt-31,20260205,ugt-31##20260205,0.1317,0.0000,0.0000
ugt-31,20260205,ugt-31##20260205,0.1573,0.0000,0.0000
ugt-31,20260205,ugt-31##20260205,0.1502,0.0000,0.0000
ugt-31,20260205,ugt-31##20260205,0.1411,0.0000,0.0000
ugt-31,20260205,ugt-31##20260205,0.1837,0.0000,3.0303
ugt-31,20260205,ugt-31##20260205,0.0932,1.9737,5.9211
ugt-31,20260205,ugt-31##20260205,0.1631,0.0000,0.0000
ugt-31,20260205,ugt-31##20260205,0.1908,0.0000,0.0000
ugt-31,20260205,ugt-31##20260205,0.1905,1.4742,1.4742
ugt-31,20260205,ugt-31##20260205,0.1749,0.0000,0.0000
ugt-31,20260205,ugt-31##20260205,0.1709,0.0000,0.0000
ugt-31,20260205,ugt-31##20260205,0.1905,0.0000,0.0000
ugt-31,20260205,ugt-31##20260205,0.1521,10.5263,0.0000
ugt-31,20260205,ugt-31##20260205,0.1872,0.0000,0.0000
ugt-31,20260205,ugt-31##20260205,0.1704,0.0000,0.0000
ugt-31,20260205,ugt-31##20260205,0.1741,0.0000,0.0000
ugt-31,20260205,ugt-31##20260205,0.1555,0.0000,0.0000
ugt-31,20260205,ugt-31##20260205,0.1548,3.9604,11.8812
ugt-31,20260205,ugt-31##20260205,0.1457,0.0000,0.0000
ugt-31,20260205,ugt-31##20260205,0.1882,0.0000,0.0000
ugt-31,20260205,ugt-31##20260205,0.1521,0.0000,0.0000
ugt-31,20260205,ugt-31##20260205,0.1255,7.1429,0.0000
ugt-31,20260205,ugt-31##20260205,0.1842,0.0000,0.0000
ugt-31,20260205,ugt-31##20260205,0.2181,0.0000,0.0000
ugt-31,20260205,ugt-31##20260205,0.2103,0.0000,0.0000
ugt-31,20260205,ugt-31##20260205,0.0833,0.0000,0.0000
ugt-31,20260205,ugt-31##20260205,0.1383,0.0000,0.0000
ugt-31,20260205,ugt-31##20260205,0.1158,0.0000,0.0000
ugt-31,20260205,ugt-31##20260205,0.0753,0.0000,0.0000
ugt-31,20260205,ugt-31##20260205,0.1564,0.0000,0.0000
ugt-31,20260205,ugt-31##20260205,0.1443,0.0000,0.0000
ugt-31,20260205,ugt-31##20260205,0.1574,0.0000,0.0000
ugt-31,20260205,ugt-31##20260205,0.1329,2.2556,2.2556
ugt-31,20260205,ugt-31##20260205,0.1793,0.0000,0.0000
ugt-31,20260205,ugt-31##20260205,0.1702,0.0000,0.0000
ugt-31,20260205,ugt-31##20260205,0.0808,6.1433,4.0956
ugt-31,20260205,ugt-31##20260205,0.1318,0.0000,0.0000
ugt-31,20260205,ugt-31##20260205,0.1946,0.0000,0.0000
ugt-31,20260205,ugt-31##20260205,0.1865,0.0000,0.0000
ugt-31,20260205,ugt-31##20260205,0.1463,2.0408,2.0408
ugt-31,20260205,ugt-31##20260205,0.1441,0.0000,0.0000
ugt-31,20260205,ugt-31##20260205,0.1775,1.4019,0.0000
ugt-31,20260205,ugt-31##20260205,0.1681,0.8633,0.8633
ugt-31,20260205,ugt-31##20260205,0.1383,0.0000,0.0000
ugt-31,20260205,ugt-31##20260205,0.1697,0.9259,0.0000
ugt-31,20260205,ugt-31##20260205,0.1795,0.0000,0.0000
ugt-31,20260205,ugt-31##20260205,0.1776,0.0000,0.0000
ugt-31,20260205,ugt-31##20260205,0.1636,0.0000,0.0000
ugt-31,20260205,ugt-31##20260205,0.1986,0.0000,0.0000
ugt-31,20260205,ugt-31##20260205,0.0978,0.0000,0.0000
ugt-31,20260205,ugt-31##20260205,0.1670,0.0000,0.0000
ugt-31,20260205,ugt-31##20260205,0.1284,0.0000,0.0000
ugt-31,20260205,ugt-31##20260205,0.1977,0.0000,3.1088
ugt-31,20260205,ugt-31##20260205,0.1761,0.0000,0.0000
ugt-31,20260205,ugt-31##20260205,0.1398,0.0000,1.3825
ugt-31,20260205,ugt-31##20260205,0.1873,0.0000,0.0000
ugt-31,20260205,ugt-31##20260205,0.1347,0.0000,0.0000
ugt-31,20260205,ugt-31##20260205,0.1105,0.0000,0.0000
ugt-31,20260205,ugt-31##20260205,0.1646,0.0000,0.0000
ugt-31,20260205,ugt-31##20260205,0.1845,0.0000,0.0000
ugt-31,20260205,ugt-31##20260205,0.1460,0.0000,0.0000
ugt-31,20260205,ugt-31##20260205,0.1650,0.0000,0.0000
ugt-31,20260205,ugt-31##20260205,0.1755,0.0000,0.0000
ugt-31,20260205,ugt-31##20260205,0.1207,0.0000,0.0000
ugt-31,20260205,ugt-31##20260205,0.1857,0.0000,0.0000
ugt-31,20260205,ugt-31##20260205,0.1395,0.0000,1.4925
ugt-31,20260205,ugt-31##20260205,0.0923,0.0000,0.0000
ugt-31,20260205,ugt-31##20260205,0.1892,0.0000,0.0000
ugt-31,20260205,ugt-31##20260205,0.1467,2.6316,0.0000
ugt-31,20260205,ugt-31##20260205,0.1212,6.9767,6.9767
ugt-31,20260205,ugt-31##20260205,0.1521,1.2295,0.0000
ugt-31,20260205,ugt-31##20260205,0.1314,0.0000,0.0000
ugt-31,20260205,ugt-31##20260205,0.1219,0.0000,0.0000
ugt-31,20260205,ugt-31##20260205,0.1140,0.0000,0.0000
ugt-31,20260205,ugt-31##20260205,0.0823,0.0000,0.0000
ugt-31,20260205,ugt-31##20260205,0.1614,1.5873,0.0000
ugt-31,20260205,ugt-31##20260205,0.1777,0.0000,0.0000
ugt-31,20260205,ugt-31##20260205,0.1409,0.0000,0.0000
ugt-31,20260205,ugt-31##20260205,0.1822,0.0000,0.0000
ugt-31,20260205,ugt-31##20260205,0.1434,0.0000,0.0000
ugt-31,20260205,ugt-31##20260205,0.1579,0.0000,0.0000
ugt-31,20260205,ugt-31##20260205,0.1249,0.0000,0.0000
ugt-31,20260205,ugt-31##20260205,0.1618,0.0000,0.0000
ugt-31,20260205,ugt-31##20260205,0.1216,0.0000,0.0000
ugt-31,20260205,ugt-31##20260205,0.1261,2.3904,0.0000
ugt-31,20260205,ugt-31##20260205,0.1677,0.0000,0.0000
ugt-31,20260205,ugt-31##20260205,0.1636,0.0000,0.0000
ugt-31,20260205,ugt-31##20260205,0.1140,6.8182,0.0000
ugt-31,20260205,ugt-31##20260205,0.1752,0.0000,0.0000
ugt-31,20260205,ugt-31##20260205,0.1547,0.0000,0.0000
ugt-31,20260205,ugt-31##20260205,0.1557,0.0000,0.0000
ugt-31,20260205,ugt-31##20260205,0.1517,5.6604,2.8302
ugt-31,20260205,ugt-31##20260205,0.1599,0.0000,0.0000
ugt-31,20260205,ugt-31##20260205,0.1755,0.0000,0.0000
ugt-31,20260205,ugt-31##20260205,0.0945,0.0000,0.0000
ugt-31,20260205,ugt-31##20260205,0.1518,5.1836,5.1836
ugt-31,20260205,ugt-31##20260205,0.1781,0.0000,0.0000
ugt-31,20260205,ugt-31##20260205,0.1037,0.0000,0.0000
ugt-31,20260205,ugt-31##20260205,0.1581,0.0000,0.0000
ugt-31,20260205,ugt-31##20260205,0.1720,0.0000,0.0000
ugt-31,20260205,ugt-31##20260205,0.0961,0.0000,0.0000
ugt-31,20260205,ugt-31##20260205,0.1894,0.0000,0.0000
ugt-31,20260205,ugt-31##20260205,0.1234,3.0000,0.0000
ugt-31,20260205,ugt-31##20260205,0.1512,0.0000,0.0000
ugt-31,20260205,ugt-31##20260205,0.1843,3.0612,1.5306
ugt-31,20260205,ugt-31##20260205,0.2126,0.0000,0.0000
ugt-31,20260205,ugt-31##20260205,0.1602,0.0000,0.0000
ugt-31,20260205,ugt-31##20260205,0.1609,0.0000,0.0000
ugt-31,20260205,ugt-31##20260205,0.1312,0.0000,0.0000
ugt-31,20260205,ugt-31##20260205,0.1495,2.3810,0.0000
ugt-31,20260205,ugt-31##20260205,0.1547,3.3520,0.0000
ugt-31,20260205,ugt-31##20260205,0.1925,0.0000,0.0000
ugt-31,20260205,ugt-31##20260205,0.1674,0.0000,0.0000
ugt-31,20260205,ugt-31##20260205,0.1455,2.7778,0.0000
ugt-31,20260205,ugt-31##20260205,0.1764,0.0000,0.0000
ugt-31,20260205,ugt-31##20260205,0.1613,0.0000,4.7431
ugt-31,20260205,ugt-31##20260205,0.1887,0.0000,0.0000
ugt-31,20260205,ugt-31##20260205,0.0722,0.0000,0.0000
ugt-31,20260205,ugt-31##20260205,0.1713,0.0000,0.0000
ugt-31,20260205,ugt-31##20260205,0.1837,0.0000,0.0000
ugt-31,20260205,ugt-31##20260205,0.1499,0.0000,0.0000
ugt-31,20260205,ugt-31##20260205,0.1699,0.0000,0.0000
ugt-31,20260205,ugt-31##20260205,0.1478,0.0000,0.0000
ugt-31,20260205,ugt-31##20260205,0.1554,0.0000,0.0000
ugt-31,20260205,ugt-31##20260205,0.1577,0.0000,0.0000
ugt-31,20260205,ugt-31##20260205,0.2040,0.0000,0.0000
ugt-31,20260205,ugt-31##20260205,0.1378,0.0000,0.0000
ugt-31,20260205,ugt-31##20260205,0.1487,0.0000,0.0000
ugt-31,20260205,ugt-31##20260205,0.1898,0.0000,0.0000
ugt-31,20260205,ugt-31##20260205,0.0714,0.0000,0.0000
ugt-31,20260205,ugt-31##20260205,0.1669,0.0000,0.0000
ugt-31,20260205,ugt-31##20260205,0.1346,0.0000,0.0000
ugt-31,20260205,ugt-31##20260205,0.1810,0.0000,0.0000
ugt-31,20260205,ugt-31##20260205,0.1951,0.0000,0.0000
ugt-31,20260205,ugt-31##20260205,0.1954,0.0000,0.0000
ugt-31,20260205,ugt-31##20260205,0.1619,0.0000,0.0000
ugt-31,20260205,ugt-31##20260205,0.1708,0.0000,0.0000
ugt-31,20260205,ugt-31##20260205,0.1934,0.0000,0.0000
ugt-31,20260205,ugt-31##20260205,0.1249,0.0000,0.0000
ugt-31,20260205,ugt-31##20260205,0.1834,0.0000,0.0000
ugt-31,20260205,ugt-31##20260205,0.0998,0.0000,0.0000
ugt-31,20260205,ugt-31##20260205,0.1325,0.0000,26.0870
ugt-31,20260205,ugt-31##20260205,0.1055,0.0000,0.0000
ugt-31+ugt-64,20260202,ugt-31+ugt-64##20260202,0.1508,0.0000,0.0000
ugt-31+ugt-64,20260202,ugt-31+ugt-64##20260202,0.1393,2.7027,2.7027
ugt-31+ugt-64,20260202,ugt-31+ugt-64##20260202,0.1495,8.5714,8.5714
ugt-31+ugt-64,20260202,ugt-31+ugt-64##20260202,0.1290,3.3590,2.9391
ugt-31+ugt-64,20260202,ugt-31+ugt-64##20260202,0.1361,0.0000,0.0000
ugt-31+ugt-64,20260202,ugt-31+ugt-64##20260202,0.1029,0.0000,0.0000
ugt-31+ugt-64,20260202,ugt-31+ugt-64##20260202,0.1163,0.8982,3.5928
ugt-31+ugt-64,20260202,ugt-31+ugt-64##20260202,0.1340,0.0000,0.0000
ugt-31+ugt-64,20260202,ugt-31+ugt-64##20260202,0.1228,0.8772,3.5088
ugt-31+ugt-64,20260202,ugt-31+ugt-64##20260202,0.0445,3.6810,3.6810
ugt-31+ugt-64,20260202,ugt-31+ugt-64##20260202,0.1477,0.0000,0.0000
ugt-31+ugt-64,20260202,ugt-31+ugt-64##20260202,0.1364,0.0000,0.0000
ugt-31+ugt-64,20260202,ugt-31+ugt-64##20260202,0.1332,2.5147,3.0176
ugt-31+ugt-64,20260202,ugt-31+ugt-64##20260202,0.1157,0.0000,2.5052
ugt-31+ugt-64,20260202,ugt-31+ugt-64##20260202,0.1252,1.5385,1.5385
ugt-31+ugt-64,20260202,ugt-31+ugt-64##20260202,0.1219,1.5008,1.5008
ugt-31+ugt-64,20260202,ugt-31+ugt-64##20260202,0.1201,4.0632,1.3544
ugt-31+ugt-64,20260202,ugt-31+ugt-64##20260202,0.1301,10.3448,0.0000
ugt-31+ugt-64,20260202,ugt-31+ugt-64##20260202,0.1210,0.0000,4.2254
ugt-31+ugt-64,20260202,ugt-31+ugt-64##20260202,0.1379,4.5113,9.0226
ugt-31+ugt-64,20260202,ugt-31+ugt-64##20260202,0.1499,0.5894,0.5894
ugt-31+ugt-64,20260202,ugt-31+ugt-64##20260202,0.1486,0.0000,0.0000
ugt-31+ugt-64,20260202,ugt-31+ugt-64##20260202,0.1405,0.0000,0.0000
ugt-31+ugt-64,20260202,ugt-31+ugt-64##20260202,0.1295,2.0833,4.1667
ugt-31+ugt-64,20260202,ugt-31+ugt-64##20260202,0.1090,0.0000,0.0000
ugt-31+ugt-64,20260202,ugt-31+ugt-64##20260202,0.0987,0.0000,1.8692
ugt-31+ugt-64,20260202,ugt-31+ugt-64##20260202,0.1480,0.0000,0.0000
ugt-31+ugt-64,20260202,ugt-31+ugt-64##20260202,0.1577,0.0000,0.0000
ugt-31+ugt-64,20260202,ugt-31+ugt-64##20260202,0.1063,0.0000,0.0000
ugt-31+ugt-64,20260202,ugt-31+ugt-64##20260202,0.1094,0.0000,10.3448
ugt-31+ugt-64,20260202,ugt-31+ugt-64##20260202,0.1011,0.0000,10.1695
ugt-31+ugt-64,20260202,ugt-31+ugt-64##20260202,0.1594,1.6744,1.1163
ugt-31+ugt-64,20260202,ugt-31+ugt-64##20260202,0.1631,0.0000,0.0000
ugt-31+ugt-64,20260202,ugt-31+ugt-64##20260202,0.1437,1.5748,3.1496
ugt-31+ugt-64,20260202,ugt-31+ugt-64##20260202,0.1537,0.0000,0.0000
ugt-31+ugt-64,20260202,ugt-31+ugt-64##20260202,0.1474,0.0000,3.4483
ugt-31+ugt-64,20260202,ugt-31+ugt-64##20260202,0.0926,0.0000,0.0000
ugt-31+ugt-64,20260202,ugt-31+ugt-64##20260202,0.1332,0.0000,0.0000
ugt-31+ugt-64,20260202,ugt-31+ugt-64##20260202,0.0717,0.0000,0.0000
ugt-31+ugt-64,20260202,ugt-31+ugt-64##20260202,0.1203,7.8947,7.8947
ugt-31+ugt-64,20260202,ugt-31+ugt-64##20260202,0.1124,3.5928,7.1856
ugt-31+ugt-64,20260202,ugt-31+ugt-64##20260202,0.1493,0.0000,0.0000
ugt-31+ugt-64,20260202,ugt-31+ugt-64##20260202,0.1132,0.0000,0.0000
ugt-31+ugt-64,20260202,ugt-31+ugt-64##20260202,0.1419,0.0000,0.0000
ugt-31+ugt-64,20260202,ugt-31+ugt-64##20260202,0.1591,0.0000,0.0000
ugt-31+ugt-64,20260202,ugt-31+ugt-64##20260202,0.1237,1.6973,2.5460
ugt-31+ugt-64,20260202,ugt-31+ugt-64##20260202,0.1114,0.0000,0.0000
ugt-31+ugt-64,20260202,ugt-31+ugt-64##20260202,0.1598,2.4194,0.0000
ugt-31+ugt-64,20260202,ugt-31+ugt-64##20260202,0.1038,0.0000,1.1132
ugt-31+ugt-64,20260202,ugt-31+ugt-64##20260202,0.1326,0.0000,0.0000
ugt-31+ugt-64,20260202,ugt-31+ugt-64##20260202,0.1027,0.0000,0.0000
ugt-31+ugt-64,20260202,ugt-31+ugt-64##20260202,0.1446,0.0000,1.5075
ugt-31+ugt-64,20260202,ugt-31+ugt-64##20260202,0.0777,0.0000,0.0000
ugt-31+ugt-64,20260202,ugt-31+ugt-64##20260202,0.1386,0.0000,0.0000
ugt-31+ugt-64,20260202,ugt-31+ugt-64##20260202,,0.0000,0.0000
ugt-31+ugt-64,20260202,ugt-31+ugt-64##20260202,0.0818,0.0000,0.0000
ugt-31+ugt-64,20260202,ugt-31+ugt-64##20260202,0.0919,1.3274,1.3274
ugt-31+ugt-64,20260202,ugt-31+ugt-64##20260202,0.1324,0.0000,0.0000
ugt-31+ugt-64,20260202,ugt-31+ugt-64##20260202,0.1415,0.0000,0.0000
ugt-31+ugt-64,20260202,ugt-31+ugt-64##20260202,0.1593,0.0000,0.0000
ugt-31+ugt-64,20260202,ugt-31+ugt-64##20260202,0.0803,0.0000,0.0000
ugt-31+ugt-64,20260202,ugt-31+ugt-64##20260202,0.1418,0.0000,0.0000
ugt-31+ugt-64,20260202,ugt-31+ugt-64##20260202,0.1210,0.0000,1.7045
ugt-31+ugt-64,20260202,ugt-31+ugt-64##20260202,0.1116,0.0000,0.0000
ugt-31+ugt-64,20260202,ugt-31+ugt-64##20260202,0.1287,0.0000,1.5190
ugt-31+ugt-64,20260202,ugt-31+ugt-64##20260202,0.1459,1.3943,1.8590
ugt-31+ugt-64,20260202,ugt-31+ugt-64##20260202,0.0543,13.3333,6.6667
ugt-31+ugt-64,20260202,ugt-31+ugt-64##20260202,0.1390,9.5238,0.0000
ugt-31+ugt-64,20260202,ugt-31+ugt-64##20260202,0.0982,0.0000,0.0000
ugt-31+ugt-64,20260202,ugt-31+ugt-64##20260202,0.1553,2.7372,0.5474
ugt-31+ugt-64,20260202,ugt-31+ugt-64##20260202,0.1182,0.0000,0.0000
ugt-31+ugt-64,20260202,ugt-31+ugt-64##20260202,0.1599,6.6225,5.2980
ugt-31+ugt-64,20260202,ugt-31+ugt-64##20260202,0.0863,0.0000,0.0000
ugt-31+ugt-64,20260202,ugt-31+ugt-64##20260202,0.1017,0.0000,16.6667
ugt-31+ugt-64,20260202,ugt-31+ugt-64##20260202,0.1253,0.0000,0.0000
ugt-31+ugt-64,20260202,ugt-31+ugt-64##20260202,0.1229,0.0000,0.0000
ugt-31+ugt-64,20260202,ugt-31+ugt-64##20260202,0.0830,12.0603,6.0302
ugt-31+ugt-64,20260202,ugt-31+ugt-64##20260202,0.1429,0.7491,2.9963
ugt-31+ugt-64,20260202,ugt-31+ugt-64##20260202,0.1483,0.0000,0.0000
ugt-31+ugt-64,20260202,ugt-31+ugt-64##20260202,0.1609,0.0000,0.0000
ugt-31+ugt-64,20260202,ugt-31+ugt-64##20260202,0.1004,0.0000,0.0000
ugt-31+ugt-64,20260202,ugt-31+ugt-64##20260202,0.1000,0.0000,3.1373
ugt-31+ugt-64,20260202,ugt-31+ugt-64##20260202,0.0948,0.0000,0.0000
ugt-31+ugt-64,20260202,ugt-31+ugt-64##20260202,0.1522,0.0000,0.0000
ugt-31+ugt-64,20260202,ugt-31+ugt-64##20260202,0.1274,0.0000,0.0000
ugt-31+ugt-64,20260202,ugt-31+ugt-64##20260202,0.1306,0.0000,5.1282
ugt-31+ugt-64,20260202,ugt-31+ugt-64##20260202,0.1464,0.0000,0.0000
ugt-31+ugt-64,20260202,ugt-31+ugt-64##20260202,0.0945,0.6030,0.0000
ugt-31+ugt-64,20260202,ugt-31+ugt-64##20260202,0.1030,4.5181,1.8072
ugt-31+ugt-64,20260202,ugt-31+ugt-64##20260202,0.1303,1.6552,0.8276
ugt-31+ugt-64,20260202,ugt-31+ugt-64##20260202,0.1091,0.0000,0.0000
ugt-31+ugt-64,20260202,ugt-31+ugt-64##20260202,0.0714,5.7143,0.0000
ugt-31+ugt-64,20260202,ugt-31+ugt-64##20260202,0.1310,14.2857,0.0000
ugt-31+ugt-64,20260202,ugt-31+ugt-64##20260202,,0.0000,0.0000
ugt-31+ugt-64,20260202,ugt-31+ugt-64##20260202,,16.2162,48.6486
ugt-31+ugt-64,20260202,ugt-31+ugt-64##20260202,0.1320,0.0000,0.0000
ugt-31+ugt-64,20260202,ugt-31+ugt-64##20260202,0.1086,0.0000,17.6471
ugt-31+ugt-64,20260202,ugt-31+ugt-64##20260202,0.1178,0.0000,0.0000
ugt-31+ugt-64,20260202,ugt-31+ugt-64##20260202,,0.0000,23.0769
ugt-31+ugt-64,20260202,ugt-31+ugt-64##20260202,0.1398,1.6807,0.0000
ugt-31+ugt-64,20260202,ugt-31+ugt-64##20260202,0.0623,10.3448,0.0000
ugt-31+ugt-64,20260202,ugt-31+ugt-64##20260202,0.1228,0.0000,2.1845
ugt-31+ugt-64,20260202,ugt-31+ugt-64##20260202,0.0902,8.2192,0.0000
ugt-31+ugt-64,20260202,ugt-31+ugt-64##20260202,0.1248,0.0000,0.0000
ugt-31+ugt-64,20260202,ugt-31+ugt-64##20260202,0.0967,0.0000,0.0000
ugt-31+ugt-64,20260202,ugt-31+ugt-64##20260202,0.0989,0.0000,11.3208
ugt-31+ugt-64,20260202,ugt-31+ugt-64##20260202,0.1455,0.0000,0.0000
ugt-31+ugt-64,20260202,ugt-31+ugt-64##20260202,0.1210,3.6735,2.4490
ugt-31+ugt-64,20260202,ugt-31+ugt-64##20260202,0.1409,1.5365,1.5365
ugt-31+ugt-64,20260202,ugt-31+ugt-64##20260202,0.1388,0.8141,0.0000
ugt-31+ugt-64,20260202,ugt-31+ugt-64##20260202,0.1578,1.9293,1.9293
ugt-31+ugt-64,20260202,ugt-31+ugt-64##20260202,0.1552,0.0000,0.0000
ugt-31+ugt-64,20260202,ugt-31+ugt-64##20260202,0.1372,0.8608,5.1650
ugt-31+ugt-64,20260202,ugt-31+ugt-64##20260202,0.1166,0.0000,0.0000
ugt-31+ugt-64,20260202,ugt-31+ugt-64##20260202,0.0839,0.0000,15.3846
ugt-31+ugt-64,20260202,ugt-31+ugt-64##20260202,0.1404,16.2162,0.0000
ugt-31+ugt-64,20260202,ugt-31+ugt-64##20260202,0.0842,4.1958,0.0000
ugt-31+ugt-64,20260202,ugt-31+ugt-64##20260202,0.1288,0.0000,0.0000
ugt-31+ugt-64,20260202,ugt-31+ugt-64##20260202,0.1187,0.0000,0.0000
ugt-31+ugt-64,20260202,ugt-31+ugt-64##20260202,0.0729,0.0000,0.0000
ugt-31+ugt-64,20260202,ugt-31+ugt-64##20260202,0.1466,0.0000,0.0000
ugt-31+ugt-64,20260202,ugt-31+ugt-64##20260202,0.1535,0.0000,0.0000
ugt-31+ugt-64,20260202,ugt-31+ugt-64##20260202,0.1404,0.0000,0.0000
ugt-31+ugt-64,20260202,ugt-31+ugt-64##20260202,0.1395,1.2422,0.0000
ugt-31+ugt-64,20260202,ugt-31+ugt-64##20260202,0.0430,12.6050,1.2605
ugt-31+ugt-64,20260202,ugt-31+ugt-64##20260202,0.1239,0.0000,0.0000
ugt-31+ugt-64,20260202,ugt-31+ugt-64##20260202,0.1364,5.6338,2.8169
ugt-31+ugt-64,20260202,ugt-31+ugt-64##20260202,0.1447,1.4925,1.4925
ugt-31+ugt-64,20260202,ugt-31+ugt-64##20260202,0.0912,0.0000,0.0000
ugt-31+ugt-64,20260202,ugt-31+ugt-64##20260202,0.1052,7.5758,7.5758
ugt-31+ugt-64,20260202,ugt-31+ugt-64##20260202,0.1111,20.6897,20.6897
ugt-31+ugt-64,20260202,ugt-31+ugt-64##20260202,0.1109,0.0000,0.0000
ugt-31+ugt-64,20260202,ugt-31+ugt-64##20260202,0.1721,0.0000,0.0000
ugt-31+ugt-64,20260202,ugt-31+ugt-64##20260202,0.0863,6.8966,6.8966
ugt-31+ugt-64,20260202,ugt-31+ugt-64##20260202,0.1041,0.0000,0.0000
ugt-31+ugt-64,20260202,ugt-31+ugt-64##20260202,0.1016,2.7650,2.7650
ugt-31+ugt-64,20260202,ugt-31+ugt-64##20260202,0.1023,0.0000,8.9552
ugt-31+ugt-64,20260202,ugt-31+ugt-64##20260202,0.1330,0.0000,0.0000
ugt-31+ugt-64,20260202,ugt-31+ugt-64##20260202,0.1218,0.0000,0.0000
ugt-31+ugt-64,20260202,ugt-31+ugt-64##20260202,0.0757,0.0000,0.0000
ugt-31+ugt-64,20260202,ugt-31+ugt-64##20260202,0.2157,0.0000,0.0000
ugt-31+ugt-64,20260202,ugt-31+ugt-64##20260202,0.0974,3.9474,0.0000
ugt-31+ugt-64,20260202,ugt-31+ugt-64##20260202,0.1173,0.0000,0.0000
ugt-31+ugt-64,20260202,ugt-31+ugt-64##20260202,0.1301,0.0000,0.0000
ugt-31+ugt-64,20260202,ugt-31+ugt-64##20260202,0.1750,0.0000,0.0000
ugt-31+ugt-64,20260202,ugt-31+ugt-64##20260202,0.1593,0.0000,0.0000
ugt-31+ugt-64,20260202,ugt-31+ugt-64##20260202,0.0960,0.0000,0.0000
ugt-31+ugt-64,20260202,ugt-31+ugt-64##20260202,0.1297,0.0000,0.0000
ugt-31+ugt-64,20260202,ugt-31+ugt-64##20260202,0.1387,0.0000,0.0000
ugt-31+ugt-64,20260202,ugt-31+ugt-64##20260202,0.1688,0.0000,0.0000
ugt-31+ugt-64,20260202,ugt-31+ugt-64##20260202,0.1992,0.0000,0.0000
ugt-31+ugt-64,20260202,ugt-31+ugt-64##20260202,0.0948,0.0000,10.1695
ugt-31+ugt-64,20260202,ugt-31+ugt-64##20260202,0.1238,0.0000,0.0000
ugt-31+ugt-64,20260202,ugt-31+ugt-64##20260202,0.0748,0.0000,0.0000
ugt-31+ugt-64,20260202,ugt-31+ugt-64##20260202,0.1412,0.0000,0.0000
ugt-31+ugt-64,20260202,ugt-31+ugt-64##20260202,0.1507,0.0000,0.0000
ugt-31+ugt-64,20260203,ugt-31+ugt-64##20260203,0.2057,0.0000,0.0000
ugt-31+ugt-64,20260203,ugt-31+ugt-64##20260203,0.2060,6.5934,0.0000
ugt-31+ugt-64,20260203,ugt-31+ugt-64##20260203,0.1947,1.0017,0.0000
ugt-31+ugt-64,20260203,ugt-31+ugt-64##20260203,0.1993,0.0000,0.0000
ugt-31+ugt-64,20260203,ugt-31+ugt-64##20260203,0.1894,0.0000,0.0000
ugt-31+ugt-64,20260203,ugt-31+ugt-64##20260203,0.2056,0.0000,0.0000
ugt-31+ugt-64,20260203,ugt-31+ugt-64##20260203,0.2484,0.0000,0.0000
ugt-31+ugt-64,20260203,ugt-31+ugt-64##20260203,0.1893,0.0000,0.0000
ugt-31+ugt-64,20260203,ugt-31+ugt-64##20260203,0.1962,1.5873,0.0000
ugt-31+ugt-64,20260203,ugt-31+ugt-64##20260203,0.2116,0.0000,0.0000
ugt-31+ugt-64,20260203,ugt-31+ugt-64##20260203,0.1814,0.0000,0.6410
ugt-31+ugt-64,20260203,ugt-31+ugt-64##20260203,0.1688,6.9767,6.9767
ugt-31+ugt-64,20260203,ugt-31+ugt-64##20260203,0.2212,0.0000,0.0000
ugt-31+ugt-64,20260203,ugt-31+ugt-64##20260203,0.2338,3.7267,3.7267
ugt-31+ugt-64,20260203,ugt-31+ugt-64##20260203,0.1969,1.1111,2.2222
ugt-31+ugt-64,20260203,ugt-31+ugt-64##20260203,0.1857,0.0000,0.0000
ugt-31+ugt-64,20260203,ugt-31+ugt-64##20260203,0.1697,0.0000,0.0000
ugt-31+ugt-64,20260203,ugt-31+ugt-64##20260203,0.2114,2.5352,1.6901
ugt-31+ugt-64,20260203,ugt-31+ugt-64##20260203,0.1901,9.3750,0.0000
ugt-31+ugt-64,20260203,ugt-31+ugt-64##20260203,0.1740,0.0000,0.0000
ugt-31+ugt-64,20260203,ugt-31+ugt-64##20260203,0.2049,7.3171,0.0000
ugt-31+ugt-64,20260203,ugt-31+ugt-64##20260203,0.2117,0.0000,0.0000
ugt-31+ugt-64,20260203,ugt-31+ugt-64##20260203,0.1786,1.3544,0.0000
ugt-31+ugt-64,20260203,ugt-31+ugt-64##20260203,0.1968,0.0000,0.0000
ugt-31+ugt-64,20260203,ugt-31+ugt-64##20260203,0.1763,0.0000,0.0000
ugt-31+ugt-64,20260203,ugt-31+ugt-64##20260203,0.2303,0.0000,0.0000
ugt-31+ugt-64,20260203,ugt-31+ugt-64##20260203,0.1778,0.0000,0.0000
ugt-31+ugt-64,20260203,ugt-31+ugt-64##20260203,0.1706,0.0000,0.0000
ugt-31+ugt-64,20260203,ugt-31+ugt-64##20260203,0.2008,0.0000,0.0000
ugt-31+ugt-64,20260203,ugt-31+ugt-64##20260203,0.1905,0.0000,0.0000
ugt-31+ugt-64,20260203,ugt-31+ugt-64##20260203,0.1779,0.0000,0.5085
ugt-31+ugt-64,20260203,ugt-31+ugt-64##20260203,0.1868,0.0000,0.0000
ugt-31+ugt-64,20260203,ugt-31+ugt-64##20260203,0.1809,0.0000,0.0000
ugt-31+ugt-64,20260203,ugt-31+ugt-64##20260203,0.1858,0.0000,0.0000
ugt-31+ugt-64,20260203,ugt-31+ugt-64##20260203,0.1899,12.5000,8.3333
ugt-31+ugt-64,20260203,ugt-31+ugt-64##20260203,0.1473,11.5385,11.5385
ugt-31+ugt-64,20260203,ugt-31+ugt-64##20260203,0.1929,0.8427,0.0000
ugt-31+ugt-64,20260203,ugt-31+ugt-64##20260203,0.1940,0.0000,0.0000
ugt-31+ugt-64,20260203,ugt-31+ugt-64##20260203,0.2033,0.0000,0.0000
ugt-31+ugt-64,20260203,ugt-31+ugt-64##20260203,0.1269,0.0000,0.0000
ugt-31+ugt-64,20260203,ugt-31+ugt-64##20260203,0.1760,6.2500,6.2500
ugt-31+ugt-64,20260203,ugt-31+ugt-64##20260203,0.1460,0.0000,0.0000
ugt-31+ugt-64,20260203,ugt-31+ugt-64##20260203,0.2046,0.0000,0.0000
ugt-31+ugt-64,20260203,ugt-31+ugt-64##20260203,0.1818,0.0000,0.0000
ugt-31+ugt-64,20260203,ugt-31+ugt-64##20260203,0.1778,0.0000,0.0000
ugt-31+ugt-64,20260203,ugt-31+ugt-64##20260203,0.1994,0.0000,0.0000
ugt-31+ugt-64,20260203,ugt-31+ugt-64##20260203,0.1006,0.0000,11.8421
ugt-31+ugt-64,20260203,ugt-31+ugt-64##20260203,0.1714,1.0221,1.0221
ugt-31+ugt-64,20260203,ugt-31+ugt-64##20260203,0.1785,5.1370,5.1370
ugt-31+ugt-64,20260203,ugt-31+ugt-64##20260203,0.1823,0.0000,0.0000
ugt-31+ugt-64,20260203,ugt-31+ugt-64##20260203,0.1956,0.0000,0.0000
ugt-31+ugt-64,20260203,ugt-31+ugt-64##20260203,0.1729,0.0000,0.0000
ugt-31+ugt-64,20260203,ugt-31+ugt-64##20260203,0.1903,0.0000,0.0000
ugt-31+ugt-64,20260203,ugt-31+ugt-64##20260203,0.2164,0.0000,0.0000
ugt-31+ugt-64,20260203,ugt-31+ugt-64##20260203,0.1797,9.8361,0.0000
ugt-31+ugt-64,20260203,ugt-31+ugt-64##20260203,0.1718,2.6906,0.0000
ugt-31+ugt-64,20260203,ugt-31+ugt-64##20260203,0.1786,0.0000,0.0000
ugt-31+ugt-64,20260203,ugt-31+ugt-64##20260203,0.1811,0.0000,0.0000
ugt-31+ugt-64,20260203,ugt-31+ugt-64##20260203,0.2064,0.0000,0.0000
ugt-31+ugt-64,20260203,ugt-31+ugt-64##20260203,0.1767,0.0000,0.0000
ugt-31+ugt-64,20260203,ugt-31+ugt-64##20260203,0.1786,0.0000,0.0000
ugt-31+ugt-64,20260203,ugt-31+ugt-64##20260203,0.2239,0.0000,0.0000
ugt-31+ugt-64,20260203,ugt-31+ugt-64##20260203,0.1543,10.3093,6.1856
ugt-31+ugt-64,20260203,ugt-31+ugt-64##20260203,0.1791,4.5455,0.0000
ugt-31+ugt-64,20260203,ugt-31+ugt-64##20260203,0.1839,1.3438,2.0157
ugt-31+ugt-64,20260203,ugt-31+ugt-64##20260203,0.0948,0.0000,16.1616
ugt-31+ugt-64,20260203,ugt-31+ugt-64##20260203,0.1670,3.7677,1.8838
ugt-31+ugt-64,20260203,ugt-31+ugt-64##20260203,0.2442,0.0000,0.0000
ugt-31+ugt-64,20260203,ugt-31+ugt-64##20260203,0.2024,0.0000,0.0000
ugt-31+ugt-64,20260203,ugt-31+ugt-64##20260203,0.1538,7.3620,7.3620
ugt-31+ugt-64,20260203,ugt-31+ugt-64##20260203,0.1878,3.0000,0.0000
ugt-31+ugt-64,20260203,ugt-31+ugt-64##20260203,0.1704,0.0000,0.0000
ugt-31+ugt-64,20260203,ugt-31+ugt-64##20260203,0.2129,0.0000,0.0000
ugt-31+ugt-64,20260203,ugt-31+ugt-64##20260203,0.1892,3.2258,3.2258
ugt-31+ugt-64,20260203,ugt-31+ugt-64##20260203,0.1551,3.1250,0.0000
ugt-31+ugt-64,20260203,ugt-31+ugt-64##20260203,0.1978,0.4231,0.4231
ugt-31+ugt-64,20260203,ugt-31+ugt-64##20260203,0.2104,0.0000,0.0000
ugt-31+ugt-64,20260203,ugt-31+ugt-64##20260203,0.2027,0.0000,0.0000
ugt-31+ugt-64,20260203,ugt-31+ugt-64##20260203,0.1999,0.0000,0.0000
ugt-31+ugt-64,20260203,ugt-31+ugt-64##20260203,0.2012,0.0000,0.0000
ugt-31+ugt-64,20260203,ugt-31+ugt-64##20260203,0.1912,1.6143,0.5381
ugt-31+ugt-64,20260203,ugt-31+ugt-64##20260203,0.2099,0.0000,0.0000
ugt-31+ugt-64,20260203,ugt-31+ugt-64##20260203,0.1938,1.2146,1.2146
ugt-31+ugt-64,20260203,ugt-31+ugt-64##20260203,0.1513,0.0000,0.0000
ugt-31+ugt-64,20260203,ugt-31+ugt-64##20260203,0.2112,0.0000,0.0000
ugt-31+ugt-64,20260203,ugt-31+ugt-64##20260203,0.1743,4.7619,0.0000
ugt-31+ugt-64,20260203,ugt-31+ugt-64##20260203,0.2089,1.1029,0.5515
ugt-31+ugt-64,20260203,ugt-31+ugt-64##20260203,0.1901,0.0000,0.0000
ugt-31+ugt-64,20260203,ugt-31+ugt-64##20260203,0.2025,0.0000,0.0000
ugt-31+ugt-64,20260203,ugt-31+ugt-64##20260203,0.2001,0.3778,1.5113
ugt-31+ugt-64,20260203,ugt-31+ugt-64##20260203,0.1835,0.0000,0.0000
ugt-31+ugt-64,20260203,ugt-31+ugt-64##20260203,0.2150,0.5305,0.0000
ugt-31+ugt-64,20260203,ugt-31+ugt-64##20260203,0.2173,0.0000,1.7391
ugt-31+ugt-64,20260203,ugt-31+ugt-64##20260203,0.1740,5.5385,5.5385
ugt-31+ugt-64,20260203,ugt-31+ugt-64##20260203,0.1386,0.0000,0.0000
ugt-31+ugt-64,20260203,ugt-31+ugt-64##20260203,0.0961,18.1818,0.0000
ugt-31+ugt-64,20260203,ugt-31+ugt-64##20260203,0.1562,0.0000,0.0000
ugt-31+ugt-64,20260203,ugt-31+ugt-64##20260203,0.1748,0.0000,0.0000
ugt-31+ugt-64,20260203,ugt-31+ugt-64##20260203,0.2208,0.0000,0.0000
ugt-31+ugt-64,20260203,ugt-31+ugt-64##20260203,0.2427,0.0000,0.0000
ugt-31+ugt-64,20260203,ugt-31+ugt-64##20260203,0.2475,0.0000,0.0000
ugt-31+ugt-64,20260203,ugt-31+ugt-64##20260203,0.2161,1.2158,1.2158
ugt-31+ugt-64,20260203,ugt-31+ugt-64##20260203,0.1580,0.0000,0.0000
ugt-31+ugt-64,20260203,ugt-31+ugt-64##20260203,0.2063,0.0000,0.0000
ugt-31+ugt-64,20260203,ugt-31+ugt-64##20260203,0.1834,0.0000,0.0000
ugt-31+ugt-64,20260203,ugt-31+ugt-64##20260203,0.0824,0.0000,7.4074
ugt-31+ugt-64,20260203,ugt-31+ugt-64##20260203,0.1334,0.0000,0.0000
ugt-31+ugt-64,20260203,ugt-31+ugt-64##20260203,0.1931,0.0000,0.0000
ugt-31+ugt-64,20260203,ugt-31+ugt-64##20260203,0.2260,0.0000,4.8780
ugt-31+ugt-64,20260203,ugt-31+ugt-64##20260203,0.2253,0.0000,0.0000
ugt-31+ugt-64,20260203,ugt-31+ugt-64##20260203,0.2342,0.0000,0.0000
ugt-31+ugt-64,20260203,ugt-31+ugt-64##20260203,0.2083,1.0152,1.0152
ugt-31+ugt-64,20260203,ugt-31+ugt-64##20260203,0.1852,0.0000,2.4896
ugt-31+ugt-64,20260203,ugt-31+ugt-64##20260203,0.1587,0.0000,2.8005
ugt-31+ugt-64,20260203,ugt-31+ugt-64##20260203,0.1706,0.0000,0.0000
ugt-31+ugt-64,20260203,ugt-31+ugt-64##20260203,0.0956,11.1111,11.1111
ugt-31+ugt-64,20260203,ugt-31+ugt-64##20260203,0.1632,0.0000,0.0000
ugt-31+ugt-64,20260203,ugt-31+ugt-64##20260203,0.1887,4.1899,3.3520
ugt-31+ugt-64,20260203,ugt-31+ugt-64##20260203,0.2078,3.4783,5.2174
ugt-31+ugt-64,20260203,ugt-31+ugt-64##20260203,0.2067,0.0000,0.0000
ugt-31+ugt-64,20260203,ugt-31+ugt-64##20260203,0.1552,0.0000,0.0000
ugt-31+ugt-64,20260203,ugt-31+ugt-64##20260203,0.2218,0.0000,0.0000
ugt-31+ugt-64,20260203,ugt-31+ugt-64##20260203,0.2158,3.3898,0.0000
ugt-31+ugt-64,20260203,ugt-31+ugt-64##20260203,0.1908,0.0000,0.0000
ugt-31+ugt-64,20260203,ugt-31+ugt-64##20260203,0.2269,0.0000,0.0000
ugt-31+ugt-64,20260203,ugt-31+ugt-64##20260203,0.1748,0.0000,0.0000
ugt-31+ugt-64,20260203,ugt-31+ugt-64##20260203,0.1939,0.0000,0.0000
ugt-31+ugt-64,20260203,ugt-31+ugt-64##20260203,0.2003,0.0000,0.0000
ugt-31+ugt-64,20260203,ugt-31+ugt-64##20260203,0.2061,1.8367,1.2245
ugt-31+ugt-64,20260203,ugt-31+ugt-64##20260203,0.2320,0.5629,1.6886
ugt-31+ugt-64,20260203,ugt-31+ugt-64##20260203,0.1741,0.0000,0.0000
ugt-31+ugt-64,20260203,ugt-31+ugt-64##20260203,0.1836,10.3448,6.8966
ugt-31+ugt-64,20260203,ugt-31+ugt-64##20260203,0.1976,1.1472,1.1472
ugt-31+ugt-64,20260203,ugt-31+ugt-64##20260203,0.1854,0.0000,0.0000
ugt-31+ugt-64,20260203,ugt-31+ugt-64##20260203,0.1721,0.0000,0.0000
ugt-31+ugt-64,20260203,ugt-31+ugt-64##20260203,0.0926,0.0000,0.0000
ugt-31+ugt-64,20260203,ugt-31+ugt-64##20260203,0.1300,0.0000,0.0000
ugt-31+ugt-64,20260203,ugt-31+ugt-64##20260203,0.2050,0.0000,0.0000
ugt-31+ugt-64,20260203,ugt-31+ugt-64##20260203,0.0972,0.0000,17.1429
ugt-31+ugt-64,20260203,ugt-31+ugt-64##20260203,0.2163,0.0000,0.0000
ugt-31+ugt-64,20260203,ugt-31+ugt-64##20260203,0.1770,0.0000,0.0000
ugt-31+ugt-64,20260203,ugt-31+ugt-64##20260203,0.1993,2.8986,2.8986
ugt-31+ugt-64,20260203,ugt-31+ugt-64##20260203,0.1753,6.8182,0.0000
ugt-31+ugt-64,20260203,ugt-31+ugt-64##20260203,0.1835,0.0000,0.0000
ugt-31+ugt-64,20260203,ugt-31+ugt-64##20260203,0.1967,0.0000,0.0000
ugt-31+ugt-64,20260203,ugt-31+ugt-64##20260203,0.1871,0.0000,0.0000
ugt-31+ugt-64,20260203,ugt-31+ugt-64##20260203,0.1954,3.2200,2.1467
ugt-31+ugt-64,20260203,ugt-31+ugt-64##20260203,0.2224,3.2215,3.2215
ugt-31+ugt-64,20260203,ugt-31+ugt-64##20260203,0.1871,0.0000,0.0000
ugt-31+ugt-64,20260203,ugt-31+ugt-64##20260203,,0.0000,20.0000
ugt-31+ugt-64,20260203,ugt-31+ugt-64##20260203,0.2211,0.0000,0.0000
ugt-31+ugt-64,20260203,ugt-31+ugt-64##20260203,0.1955,0.0000,0.0000
ugt-31+ugt-64,20260203,ugt-31+ugt-64##20260203,0.1707,0.0000,0.0000
ugt-31+ugt-64,20260203,ugt-31+ugt-64##20260203,0.1771,0.0000,0.0000
ugt-31+ugt-64,20260203,ugt-31+ugt-64##20260203,0.1847,0.0000,0.0000
ugt-31+ugt-64,20260203,ugt-31+ugt-64##20260203,0.1287,0.0000,0.0000
ugt-31+ugt-64,20260203,ugt-31+ugt-64##20260203,0.2031,0.0000,0.0000
ugt-31+ugt-64,20260203,ugt-31+ugt-64##20260203,0.1718,0.9331,1.8663
ugt-31+ugt-64,20260203,ugt-31+ugt-64##20260203,0.2099,0.9331,1.8663
ugt-31+ugt-64,20260203,ugt-31+ugt-64##20260203,,0.0000,29.2683
ugt-31+ugt-64,20260203,ugt-31+ugt-64##20260203,0.0668,5.2083,2.0833
ugt-31+ugt-64,20260203,ugt-31+ugt-64##20260203,0.1884,3.1414,2.0942
ugt-31+ugt-64,20260203,ugt-31+ugt-64##20260203,0.1932,1.7341,1.7341
ugt-31+ugt-64,20260203,ugt-31+ugt-64##20260203,0.1307,7.2289,0.0000
ugt-31+ugt-64,20260203,ugt-31+ugt-64##20260203,,21.4286,21.4286
ugt-31+ugt-64,20260203,ugt-31+ugt-64##20260203,0.2366,2.9056,1.4528
ugt-31+ugt-64,20260203,ugt-31+ugt-64##20260203,0.2310,0.0000,0.0000
ugt-31+ugt-64,20260203,ugt-31+ugt-64##20260203,0.1587,0.0000,0.0000
ugt-31+ugt-64,20260203,ugt-31+ugt-64##20260203,0.1828,0.0000,0.0000
ugt-31+ugt-64,20260203,ugt-31+ugt-64##20260203,0.1551,0.0000,0.0000
ugt-31+ugt-64,20260203,ugt-31+ugt-64##20260203,0.0851,0.0000,5.4795
ugt-31+ugt-64,20260203,ugt-31+ugt-64##20260203,0.2110,0.0000,0.0000
ugt-31+ugt-64,20260203,ugt-31+ugt-64##20260203,0.1743,0.0000,0.0000
ugt-31+ugt-64,20260203,ugt-31+ugt-64##20260203,0.2205,0.0000,1.8987
ugt-31+ugt-64,20260203,ugt-31+ugt-64##20260203,0.1801,0.0000,0.0000
ugt-31+ugt-64,20260203,ugt-31+ugt-64##20260203,0.2006,0.0000,0.0000
ugt-31+ugt-64,20260203,ugt-31+ugt-64##20260203,0.2037,5.6338,5.6338
ugt-31+ugt-64,20260203,ugt-31+ugt-64##20260203,0.1748,0.0000,0.0000
ugt-31+ugt-64,20260203,ugt-31+ugt-64##20260203,0.1649,0.0000,0.0000
ugt-31+ugt-64,20260203,ugt-31+ugt-64##20260203,0.2138,0.0000,0.0000
ugt-31+ugt-64,20260203,ugt-31+ugt-64##20260203,0.1715,0.0000,0.0000
ugt-31+ugt-64,20260203,ugt-31+ugt-64##20260203,0.1668,15.3846,0.0000
ugt-31+ugt-64,20260203,ugt-31+ugt-64##20260203,0.0740,0.0000,25.0000
ugt-31+ugt-64,20260203,ugt-31+ugt-64##20260203,0.1807,0.0000,0.0000
ugt-31+ugt-64,20260203,ugt-31+ugt-64##20260203,0.1528,0.0000,0.0000
ugt-31+ugt-64,20260203,ugt-31+ugt-64##20260203,0.2112,0.0000,0.0000
ugt-31+ugt-64,20260203,ugt-31+ugt-64##20260203,0.1615,0.0000,0.0000
ugt-31+ugt-64,20260204,ugt-31+ugt-64##20260204,0.1189,3.3520,1.6760
ugt-31+ugt-64,20260204,ugt-31+ugt-64##20260204,0.1473,1.1236,0.0000
ugt-31+ugt-64,20260204,ugt-31+ugt-64##20260204,0.1204,0.0000,0.0000
ugt-31+ugt-64,20260204,ugt-31+ugt-64##20260204,0.1559,0.0000,0.0000
ugt-31+ugt-64,20260204,ugt-31+ugt-64##20260204,0.1537,0.0000,5.0420
ugt-31+ugt-64,20260204,ugt-31+ugt-64##20260204,0.1457,1.3544,0.0000
ugt-31+ugt-64,20260204,ugt-31+ugt-64##20260204,0.1532,0.0000,0.0000
ugt-31+ugt-64,20260204,ugt-31+ugt-64##20260204,0.1644,0.0000,0.0000
ugt-31+ugt-64,20260204,ugt-31+ugt-64##20260204,0.1454,0.0000,0.0000
ugt-31+ugt-64,20260204,ugt-31+ugt-64##20260204,0.1465,0.0000,0.0000
ugt-31+ugt-64,20260204,ugt-31+ugt-64##20260204,0.1676,0.0000,3.9474
ugt-31+ugt-64,20260204,ugt-31+ugt-64##20260204,0.1184,0.0000,0.0000
ugt-31+ugt-64,20260204,ugt-31+ugt-64##20260204,0.1620,3.9474,0.0000
ugt-31+ugt-64,20260204,ugt-31+ugt-64##20260204,0.1423,0.0000,0.0000
ugt-31+ugt-64,20260204,ugt-31+ugt-64##20260204,0.1439,0.0000,0.0000
ugt-31+ugt-64,20260204,ugt-31+ugt-64##20260204,0.0681,0.0000,0.0000
ugt-31+ugt-64,20260204,ugt-31+ugt-64##20260204,0.1345,0.0000,0.0000
ugt-31+ugt-64,20260204,ugt-31+ugt-64##20260204,0.1665,0.5720,0.0000
ugt-31+ugt-64,20260204,ugt-31+ugt-64##20260204,0.1637,3.5398,1.7699
ugt-31+ugt-64,20260204,ugt-31+ugt-64##20260204,0.1365,5.0562,1.6854
ugt-31+ugt-64,20260204,ugt-31+ugt-64##20260204,0.1174,0.0000,0.0000
ugt-31+ugt-64,20260204,ugt-31+ugt-64##20260204,0.1773,3.5294,0.0000
ugt-31+ugt-64,20260204,ugt-31+ugt-64##20260204,0.1051,0.0000,0.0000
ugt-31+ugt-64,20260204,ugt-31+ugt-64##20260204,0.1726,0.0000,0.0000
ugt-31+ugt-64,20260204,ugt-31+ugt-64##20260204,0.1646,2.6549,2.6549
ugt-31+ugt-64,20260204,ugt-31+ugt-64##20260204,0.1653,2.0270,1.0135
ugt-31+ugt-64,20260204,ugt-31+ugt-64##20260204,0.1795,0.0000,0.0000
ugt-31+ugt-64,20260204,ugt-31+ugt-64##20260204,0.1441,2.7855,3.3426
ugt-31+ugt-64,20260204,ugt-31+ugt-64##20260204,0.1563,1.7417,1.7417
ugt-31+ugt-64,20260204,ugt-31+ugt-64##20260204,0.1692,2.0339,2.0339
ugt-31+ugt-64,20260204,ugt-31+ugt-64##20260204,0.1342,0.0000,1.8809
ugt-31+ugt-64,20260204,ugt-31+ugt-64##20260204,0.1463,3.9735,0.0000
ugt-31+ugt-64,20260204,ugt-31+ugt-64##20260204,0.1601,15.6522,5.2174
ugt-31+ugt-64,20260204,ugt-31+ugt-64##20260204,0.1254,0.0000,0.9274
ugt-31+ugt-64,20260204,ugt-31+ugt-64##20260204,0.1251,1.4925,4.4776
ugt-31+ugt-64,20260204,ugt-31+ugt-64##20260204,0.1185,0.0000,0.0000
ugt-31+ugt-64,20260204,ugt-31+ugt-64##20260204,0.1076,0.0000,0.0000
ugt-31+ugt-64,20260204,ugt-31+ugt-64##20260204,0.1539,0.0000,0.0000
ugt-31+ugt-64,20260204,ugt-31+ugt-64##20260204,0.1527,0.0000,0.0000
ugt-31+ugt-64,20260204,ugt-31+ugt-64##20260204,0.1280,0.0000,0.0000
ugt-31+ugt-64,20260204,ugt-31+ugt-64##20260204,0.1572,0.0000,0.0000
ugt-31+ugt-64,20260204,ugt-31+ugt-64##20260204,0.1509,2.5316,1.6878
ugt-31+ugt-64,20260204,ugt-31+ugt-64##20260204,0.1884,0.0000,0.0000
ugt-31+ugt-64,20260204,ugt-31+ugt-64##20260204,0.1630,0.0000,1.9608
ugt-31+ugt-64,20260204,ugt-31+ugt-64##20260204,0.1301,0.0000,0.0000
ugt-31+ugt-64,20260204,ugt-31+ugt-64##20260204,0.1272,3.4951,1.1650
ugt-31+ugt-64,20260204,ugt-31+ugt-64##20260204,0.1809,0.0000,0.0000
ugt-31+ugt-64,20260204,ugt-31+ugt-64##20260204,0.0893,11.3208,0.0000
ugt-31+ugt-64,20260204,ugt-31+ugt-64##20260204,0.1446,0.0000,0.0000
ugt-31+ugt-64,20260204,ugt-31+ugt-64##20260204,0.1269,3.0303,3.0303
ugt-31+ugt-64,20260204,ugt-31+ugt-64##20260204,0.1268,4.3796,0.0000
ugt-31+ugt-64,20260204,ugt-31+ugt-64##20260204,0.1591,5.4299,2.7149
ugt-31+ugt-64,20260204,ugt-31+ugt-64##20260204,0.1511,2.1544,1.0772
ugt-31+ugt-64,20260204,ugt-31+ugt-64##20260204,0.1264,3.3241,4.9861
ugt-31+ugt-64,20260204,ugt-31+ugt-64##20260204,0.1161,3.2258,0.0000
ugt-31+ugt-64,20260204,ugt-31+ugt-64##20260204,0.1633,1.0695,0.0000
ugt-31+ugt-64,20260204,ugt-31+ugt-64##20260204,0.1529,2.0478,1.0239
ugt-31+ugt-64,20260204,ugt-31+ugt-64##20260204,0.1478,3.8585,1.9293
ugt-31+ugt-64,20260204,ugt-31+ugt-64##20260204,0.1167,0.0000,0.0000
ugt-31+ugt-64,20260204,ugt-31+ugt-64##20260204,0.1205,0.0000,0.0000
ugt-31+ugt-64,20260204,ugt-31+ugt-64##20260204,0.1076,6.8966,3.4483
ugt-31+ugt-64,20260204,ugt-31+ugt-64##20260204,0.1467,0.0000,0.0000
ugt-31+ugt-64,20260204,ugt-31+ugt-64##20260204,0.1780,0.0000,0.0000
ugt-31+ugt-64,20260204,ugt-31+ugt-64##20260204,0.1644,0.0000,1.8779
ugt-31+ugt-64,20260204,ugt-31+ugt-64##20260204,0.1624,0.0000,1.5748
ugt-31+ugt-64,20260204,ugt-31+ugt-64##20260204,0.1700,2.5424,5.0847
ugt-31+ugt-64,20260204,ugt-31+ugt-64##20260204,0.1371,0.0000,0.0000
ugt-31+ugt-64,20260204,ugt-31+ugt-64##20260204,0.1622,0.0000,0.0000
ugt-31+ugt-64,20260204,ugt-31+ugt-64##20260204,0.1534,0.0000,0.0000
ugt-31+ugt-64,20260204,ugt-31+ugt-64##20260204,0.1403,5.1282,1.2821
ugt-31+ugt-64,20260204,ugt-31+ugt-64##20260204,0.1154,0.0000,10.1695
ugt-31+ugt-64,20260204,ugt-31+ugt-64##20260204,0.1509,0.0000,0.0000
ugt-31+ugt-64,20260204,ugt-31+ugt-64##20260204,0.1507,0.0000,0.0000
ugt-31+ugt-64,20260204,ugt-31+ugt-64##20260204,0.1818,0.0000,0.0000
ugt-31+ugt-64,20260204,ugt-31+ugt-64##20260204,0.1350,0.0000,0.0000
ugt-31+ugt-64,20260204,ugt-31+ugt-64##20260204,0.1630,3.9823,2.6549
ugt-31+ugt-64,20260204,ugt-31+ugt-64##20260204,0.1208,0.0000,0.0000
ugt-31+ugt-64,20260204,ugt-31+ugt-64##20260204,0.1612,0.0000,0.0000
ugt-31+ugt-64,20260204,ugt-31+ugt-64##20260204,0.1519,1.5831,0.0000
ugt-31+ugt-64,20260204,ugt-31+ugt-64##20260204,0.1037,0.0000,0.0000
ugt-31+ugt-64,20260204,ugt-31+ugt-64##20260204,0.1243,0.0000,0.0000
ugt-31+ugt-64,20260204,ugt-31+ugt-64##20260204,0.1259,0.0000,2.4793
ugt-31+ugt-64,20260204,ugt-31+ugt-64##20260204,0.1272,0.0000,1.2821
ugt-31+ugt-64,20260204,ugt-31+ugt-64##20260204,0.1707,0.0000,0.0000
ugt-31+ugt-64,20260204,ugt-31+ugt-64##20260204,0.1459,3.9344,5.9016
ugt-31+ugt-64,20260204,ugt-31+ugt-64##20260204,0.1352,0.0000,1.6901
ugt-31+ugt-64,20260204,ugt-31+ugt-64##20260204,0.0539,10.0264,3.1662
ugt-31+ugt-64,20260204,ugt-31+ugt-64##20260204,0.1593,0.0000,3.0769
ugt-31+ugt-64,20260204,ugt-31+ugt-64##20260204,0.1754,0.0000,0.0000
ugt-31+ugt-64,20260204,ugt-31+ugt-64##20260204,0.1019,6.7039,3.3520
ugt-31+ugt-64,20260204,ugt-31+ugt-64##20260204,0.1505,5.3097,5.3097
ugt-31+ugt-64,20260204,ugt-31+ugt-64##20260204,0.1319,6.4171,3.2086
ugt-31+ugt-64,20260204,ugt-31+ugt-64##20260204,0.1319,0.7500,0.7500
ugt-31+ugt-64,20260204,ugt-31+ugt-64##20260204,0.1369,3.6419,5.4628
ugt-31+ugt-64,20260204,ugt-31+ugt-64##20260204,0.1415,0.0000,1.1516
ugt-31+ugt-64,20260204,ugt-31+ugt-64##20260204,0.1735,1.2295,3.6885
ugt-31+ugt-64,20260204,ugt-31+ugt-64##20260204,0.1579,2.7273,0.0000
ugt-31+ugt-64,20260204,ugt-31+ugt-64##20260204,0.1809,0.0000,0.0000
ugt-31+ugt-64,20260204,ugt-31+ugt-64##20260204,0.1374,0.0000,0.0000
ugt-31+ugt-64,20260204,ugt-31+ugt-64##20260204,0.1470,0.0000,0.0000
ugt-31+ugt-64,20260204,ugt-31+ugt-64##20260204,0.1169,0.0000,0.0000
ugt-31+ugt-64,20260204,ugt-31+ugt-64##20260204,0.1358,0.0000,0.0000
ugt-31+ugt-64,20260204,ugt-31+ugt-64##20260204,0.1575,0.0000,0.0000
ugt-31+ugt-64,20260204,ugt-31+ugt-64##20260204,0.1568,0.0000,0.0000
ugt-31+ugt-64,20260204,ugt-31+ugt-64##20260204,0.1272,0.0000,0.0000
ugt-31+ugt-64,20260204,ugt-31+ugt-64##20260204,0.1390,0.0000,0.0000
ugt-31+ugt-64,20260204,ugt-31+ugt-64##20260204,0.1725,1.4002,2.1004
ugt-31+ugt-64,20260204,ugt-31+ugt-64##20260204,0.1275,3.4483,0.0000
ugt-31+ugt-64,20260204,ugt-31+ugt-64##20260204,0.1561,0.0000,0.0000
ugt-31+ugt-64,20260204,ugt-31+ugt-64##20260204,0.1393,0.0000,0.0000
ugt-31+ugt-64,20260204,ugt-31+ugt-64##20260204,0.1203,2.2989,0.0000
ugt-31+ugt-64,20260204,ugt-31+ugt-64##20260204,0.1341,3.0151,3.0151
ugt-31+ugt-64,20260204,ugt-31+ugt-64##20260204,0.1419,1.4599,1.4599
ugt-31+ugt-64,20260204,ugt-31+ugt-64##20260204,0.1313,1.8127,1.8127
ugt-31+ugt-64,20260204,ugt-31+ugt-64##20260204,0.1365,0.0000,0.0000
ugt-31+ugt-64,20260204,ugt-31+ugt-64##20260204,0.1431,0.0000,0.0000
ugt-31+ugt-64,20260204,ugt-31+ugt-64##20260204,0.1272,0.0000,2.5946
ugt-31+ugt-64,20260204,ugt-31+ugt-64##20260204,0.1798,0.0000,0.0000
ugt-31+ugt-64,20260204,ugt-31+ugt-64##20260204,0.1584,0.0000,0.0000
ugt-31+ugt-64,20260204,ugt-31+ugt-64##20260204,0.1436,3.7895,3.7895
ugt-31+ugt-64,20260204,ugt-31+ugt-64##20260204,0.1987,1.7647,1.7647
ugt-31+ugt-64,20260204,ugt-31+ugt-64##20260204,0.1348,0.0000,3.3426
ugt-31+ugt-64,20260204,ugt-31+ugt-64##20260204,0.1802,0.0000,0.0000
ugt-31+ugt-64,20260204,ugt-31+ugt-64##20260204,0.1357,0.0000,0.0000
ugt-31+ugt-64,20260204,ugt-31+ugt-64##20260204,0.1767,0.0000,0.0000
ugt-31+ugt-64,20260204,ugt-31+ugt-64##20260204,0.1821,0.0000,0.0000
ugt-31+ugt-64,20260204,ugt-31+ugt-64##20260204,0.1678,0.0000,0.0000
ugt-31+ugt-64,20260204,ugt-31+ugt-64##20260204,0.1511,0.0000,0.0000
ugt-31+ugt-64,20260204,ugt-31+ugt-64##20260204,0.1511,0.0000,0.0000
ugt-31+ugt-64,20260204,ugt-31+ugt-64##20260204,0.1241,1.4269,0.0000
ugt-31+ugt-64,20260204,ugt-31+ugt-64##20260204,0.1419,0.0000,0.0000
ugt-31+ugt-64,20260204,ugt-31+ugt-64##20260204,0.1350,0.0000,0.0000
ugt-31+ugt-64,20260204,ugt-31+ugt-64##20260204,0.1385,0.0000,0.0000
ugt-31+ugt-64,20260204,ugt-31+ugt-64##20260204,0.1469,2.0619,4.1237
ugt-31+ugt-64,20260204,ugt-31+ugt-64##20260204,0.1423,0.0000,0.0000
ugt-31+ugt-64,20260204,ugt-31+ugt-64##20260204,0.1440,0.0000,0.0000
ugt-31+ugt-64,20260204,ugt-31+ugt-64##20260204,0.1597,2.4145,2.4145
ugt-31+ugt-64,20260204,ugt-31+ugt-64##20260204,0.1738,0.0000,0.0000
ugt-31+ugt-64,20260204,ugt-31+ugt-64##20260204,0.1395,1.6304,0.0000
ugt-31+ugt-64,20260204,ugt-31+ugt-64##20260204,0.1438,0.0000,0.0000
ugt-31+ugt-64,20260204,ugt-31+ugt-64##20260204,0.1216,0.0000,0.0000
ugt-31+ugt-64,20260204,ugt-31+ugt-64##20260204,0.1804,0.0000,0.0000
ugt-31+ugt-64,20260204,ugt-31+ugt-64##20260204,0.1545,0.0000,0.0000
ugt-31+ugt-64,20260204,ugt-31+ugt-64##20260204,0.1620,0.0000,0.0000
ugt-31+ugt-64,20260204,ugt-31+ugt-64##20260204,0.1654,2.2140,2.2140
ugt-31+ugt-64,20260204,ugt-31+ugt-64##20260204,0.1333,0.0000,0.0000
ugt-31+ugt-64,20260204,ugt-31+ugt-64##20260204,0.1506,0.0000,2.2059
ugt-31+ugt-64,20260204,ugt-31+ugt-64##20260204,0.1500,0.0000,0.0000
ugt-31+ugt-64,20260204,ugt-31+ugt-64##20260204,0.1599,2.8916,2.8916
ugt-31+ugt-64,20260204,ugt-31+ugt-64##20260204,0.1321,0.0000,0.0000
ugt-31+ugt-64,20260204,ugt-31+ugt-64##20260204,0.1467,2.6810,1.0724
ugt-31+ugt-64,20260204,ugt-31+ugt-64##20260204,0.0619,15.7895,15.7895
ugt-31+ugt-64,20260204,ugt-31+ugt-64##20260204,0.0941,0.0000,0.0000
ugt-31+ugt-64,20260204,ugt-31+ugt-64##20260204,0.1561,4.3478,4.3478
ugt-31+ugt-64,20260204,ugt-31+ugt-64##20260204,0.1622,0.0000,0.0000
ugt-31+ugt-64,20260204,ugt-31+ugt-64##20260204,0.1319,1.3304,0.0000
ugt-31+ugt-64,20260204,ugt-31+ugt-64##20260204,0.1399,0.0000,0.0000
ugt-31+ugt-64,20260204,ugt-31+ugt-64##20260204,0.1550,2.5035,3.3380
ugt-31+ugt-64,20260204,ugt-31+ugt-64##20260204,0.1508,0.0000,0.0000
ugt-31+ugt-64,20260204,ugt-31+ugt-64##20260204,0.0683,6.2500,12.5000
ugt-31+ugt-64,20260204,ugt-31+ugt-64##20260204,0.1561,0.0000,2.6374
ugt-31+ugt-64,20260204,ugt-31+ugt-64##20260204,0.1547,0.0000,0.0000
ugt-31+ugt-64,20260204,ugt-31+ugt-64##20260204,0.1061,0.0000,0.0000
ugt-31+ugt-64,20260204,ugt-31+ugt-64##20260204,0.1288,1.9900,1.9900
ugt-31+ugt-64,20260204,ugt-31+ugt-64##20260204,0.1276,0.0000,0.0000
ugt-31+ugt-64,20260204,ugt-31+ugt-64##20260204,0.1466,0.0000,5.3731
ugt-31+ugt-64,20260204,ugt-31+ugt-64##20260204,0.1237,2.9268,5.8537
ugt-31+ugt-64,20260204,ugt-31+ugt-64##20260204,0.1695,0.0000,3.7736
ugt-31+ugt-64,20260204,ugt-31+ugt-64##20260204,0.1038,0.0000,0.0000
ugt-31+ugt-64,20260204,ugt-31+ugt-64##20260204,0.1767,12.2449,12.2449
ugt-31+ugt-64,20260204,ugt-31+ugt-64##20260204,0.1446,6.5217,0.0000
ugt-31+ugt-64,20260204,ugt-31+ugt-64##20260204,0.1683,0.0000,0.0000
ugt-31+ugt-64,20260204,ugt-31+ugt-64##20260204,0.1516,0.5676,3.4059
ugt-31+ugt-64,20260204,ugt-31+ugt-64##20260204,0.1484,0.0000,3.6810
ugt-31+ugt-64,20260204,ugt-31+ugt-64##20260204,0.1499,0.0000,0.0000
ugt-31+ugt-64,20260204,ugt-31+ugt-64##20260204,0.1528,0.0000,0.0000
ugt-31+ugt-64,20260204,ugt-31+ugt-64##20260204,0.0889,0.0000,0.0000
ugt-31+ugt-64,20260204,ugt-31+ugt-64##20260204,0.1837,0.0000,0.0000
ugt-31+ugt-64,20260204,ugt-31+ugt-64##20260204,0.1227,5.2478,1.7493
ugt-31+ugt-64,20260204,ugt-31+ugt-64##20260204,0.2117,0.0000,0.0000
ugt-31+ugt-64,20260204,ugt-31+ugt-64##20260204,0.1767,2.3904,0.0000
ugt-31+ugt-64,20260204,ugt-31+ugt-64##20260204,0.1696,0.0000,0.0000
ugt-31+ugt-64,20260204,ugt-31+ugt-64##20260204,0.1647,0.0000,0.0000
ugt-31+ugt-64,20260204,ugt-31+ugt-64##20260204,0.1666,0.0000,0.0000
ugt-31+ugt-64,20260204,ugt-31+ugt-64##20260204,0.1289,0.0000,15.5844
ugt-31+ugt-64,20260204,ugt-31+ugt-64##20260204,0.0967,0.0000,0.0000
ugt-31+ugt-64,20260204,ugt-31+ugt-64##20260204,0.1768,0.0000,0.0000
ugt-31+ugt-64,20260204,ugt-31+ugt-64##20260204,0.1502,1.4870,0.7435
ugt-31+ugt-64,20260204,ugt-31+ugt-64##20260204,0.1432,4.4444,0.0000
ugt-31+ugt-64,20260204,ugt-31+ugt-64##20260204,0.1586,0.0000,2.2814
ugt-31+ugt-64,20260204,ugt-31+ugt-64##20260204,0.1639,0.0000,0.0000
ugt-31+ugt-64,20260204,ugt-31+ugt-64##20260204,0.1596,0.0000,0.0000
ugt-31+ugt-64,20260204,ugt-31+ugt-64##20260204,0.1534,4.1379,1.0345
ugt-31+ugt-64,20260204,ugt-31+ugt-64##20260204,0.1661,0.0000,0.0000
ugt-31+ugt-64,20260204,ugt-31+ugt-64##20260204,0.1558,0.0000,0.0000
ugt-31+ugt-64,20260204,ugt-31+ugt-64##20260204,0.1174,0.0000,0.0000
ugt-31+ugt-64,20260204,ugt-31+ugt-64##20260204,0.1440,0.0000,0.0000
ugt-31+ugt-64,20260204,ugt-31+ugt-64##20260204,0.1462,0.0000,0.0000
ugt-31+ugt-64,20260204,ugt-31+ugt-64##20260204,0.1025,11.7647,11.7647
ugt-31+ugt-64,20260204,ugt-31+ugt-64##20260204,,24.0000,0.0000
ugt-31+ugt-64,20260204,ugt-31+ugt-64##20260204,0.1328,0.0000,0.0000
ugt-31+ugt-64,20260204,ugt-31+ugt-64##20260204,0.1470,0.0000,0.0000
ugt-31+ugt-64,20260204,ugt-31+ugt-64##20260204,0.1359,0.0000,0.0000
ugt-31+ugt-64,20260204,ugt-31+ugt-64##20260204,0.1621,1.0187,3.5654
ugt-31+ugt-64,20260204,ugt-31+ugt-64##20260204,0.1505,0.0000,0.0000
ugt-31+ugt-64,20260204,ugt-31+ugt-64##20260204,0.1367,2.6786,2.6786
ugt-31+ugt-64,20260204,ugt-31+ugt-64##20260204,0.1361,0.0000,19.0476
ugt-31+ugt-64,20260204,ugt-31+ugt-64##20260204,0.1741,0.0000,0.0000
ugt-31+ugt-64,20260204,ugt-31+ugt-64##20260204,0.1089,1.7442,5.2326
ugt-31+ugt-64,20260204,ugt-31+ugt-64##20260204,0.1562,1.9544,0.9772
ugt-31+ugt-64,20260204,ugt-31+ugt-64##20260204,0.1812,0.0000,0.0000
ugt-31+ugt-64,20260204,ugt-31+ugt-64##20260204,0.1331,0.0000,0.0000
ugt-31+ugt-64,20260204,ugt-31+ugt-64##20260204,0.1753,2.8037,2.8037
ugt-31+ugt-64,20260204,ugt-31+ugt-64##20260204,0.1442,0.0000,0.0000
ugt-31+ugt-64,20260204,ugt-31+ugt-64##20260204,0.1397,0.0000,0.0000
ugt-31+ugt-64,20260204,ugt-31+ugt-64##20260204,0.1502,5.6250,1.8750
ugt-31+ugt-64,20260204,ugt-31+ugt-64##20260204,0.1499,0.0000,0.0000
ugt-31+ugt-64,20260204,ugt-31+ugt-64##20260204,0.1509,0.0000,0.0000
ugt-31+ugt-64,20260204,ugt-31+ugt-64##20260204,0.1661,0.0000,0.0000
ugt-31+ugt-64,20260204,ugt-31+ugt-64##20260204,0.1595,0.0000,0.0000
ugt-31+ugt-64,20260204,ugt-31+ugt-64##20260204,0.1411,3.1915,0.0000
ugt-31+ugt-64,20260204,ugt-31+ugt-64##20260204,0.1587,0.0000,0.0000
ugt-31+ugt-64,20260204,ugt-31+ugt-64##20260204,0.1543,0.0000,0.0000
ugt-31+ugt-64,20260204,ugt-31+ugt-64##20260204,0.1447,0.0000,0.0000
ugt-31+ugt-64,20260204,ugt-31+ugt-64##20260204,0.1233,3.9735,3.9735
ugt-31+ugt-64,20260204,ugt-31+ugt-64##20260204,0.1163,0.0000,0.0000
ugt-31+ugt-64,20260204,ugt-31+ugt-64##20260204,0.1403,0.0000,4.1096
ugt-31+ugt-64,20260204,ugt-31+ugt-64##20260204,0.1692,0.0000,0.0000
ugt-31+ugt-64,20260204,ugt-31+ugt-64##20260204,0.1529,0.0000,0.0000
ugt-31+ugt-64,20260204,ugt-31+ugt-64##20260204,0.1888,0.0000,0.0000
ugt-31+ugt-64,20260204,ugt-31+ugt-64##20260204,0.1224,1.8018,3.6036
ugt-31+ugt-64,20260204,ugt-31+ugt-64##20260204,0.1279,0.0000,0.0000
ugt-31+ugt-64,20260204,ugt-31+ugt-64##20260204,0.1896,0.0000,0.0000
ugt-31+ugt-64,20260204,ugt-31+ugt-64##20260204,0.1979,0.0000,0.0000
ugt-31+ugt-64,20260204,ugt-31+ugt-64##20260204,0.1542,0.0000,0.0000
ugt-31+ugt-64,20260204,ugt-31+ugt-64##20260204,0.1458,0.0000,0.0000
ugt-31+ugt-64,20260204,ugt-31+ugt-64##20260204,0.1525,0.0000,0.0000
ugt-31+ugt-64,20260204,ugt-31+ugt-64##20260204,0.1807,1.0989,1.0989
ugt-31+ugt-64,20260204,ugt-31+ugt-64##20260204,0.1658,0.0000,7.0588
ugt-31+ugt-64,20260204,ugt-31+ugt-64##20260204,0.1248,0.0000,0.0000
ugt-31+ugt-64,20260204,ugt-31+ugt-64##20260204,0.1146,0.0000,0.0000
ugt-31+ugt-64,20260204,ugt-31+ugt-64##20260204,0.1495,0.0000,0.0000
ugt-31+ugt-64,20260204,ugt-31+ugt-64##20260204,0.1207,0.0000,0.0000
ugt-31+ugt-64,20260204,ugt-31+ugt-64##20260204,0.1406,0.6579,0.6579
ugt-31+ugt-64,20260204,ugt-31+ugt-64##20260204,0.1784,0.0000,0.0000
ugt-31+ugt-64,20260204,ugt-31+ugt-64##20260204,0.1524,4.0816,2.0408
ugt-31+ugt-64,20260204,ugt-31+ugt-64##20260204,0.1429,0.0000,0.0000
ugt-31+ugt-64,20260204,ugt-31+ugt-64##20260204,0.1424,1.8868,1.8868
ugt-31+ugt-64,20260204,ugt-31+ugt-64##20260204,,23.0769,0.0000
ugt-31+ugt-64,20260204,ugt-31+ugt-64##20260204,0.1605,0.0000,0.0000
ugt-31+ugt-64,20260204,ugt-31+ugt-64##20260204,0.1416,0.0000,0.0000
ugt-31+ugt-64,20260204,ugt-31+ugt-64##20260204,0.1832,0.0000,0.0000
ugt-31+ugt-64,20260204,ugt-31+ugt-64##20260204,0.1533,0.0000,0.0000
ugt-31+ugt-64,20260204,ugt-31+ugt-64##20260204,0.1847,0.0000,0.0000
ugt-31+ugt-64,20260204,ugt-31+ugt-64##20260204,0.1418,0.0000,13.0435
ugt-31+ugt-64,20260204,ugt-31+ugt-64##20260204,0.1583,0.0000,0.0000
ugt-31+ugt-64,20260204,ugt-31+ugt-64##20260204,0.1251,2.9777,1.4888
ugt-31+ugt-64,20260204,ugt-31+ugt-64##20260204,0.1191,0.0000,0.0000
ugt-31+ugt-64,20260204,ugt-31+ugt-64##20260204,0.1339,0.0000,0.0000
ugt-31+ugt-64,20260204,ugt-31+ugt-64##20260204,0.1288,0.0000,0.0000
ugt-31+ugt-64,20260204,ugt-31+ugt-64##20260204,0.1281,0.0000,0.0000
ugt-31+ugt-64,20260204,ugt-31+ugt-64##20260204,0.1700,0.0000,0.0000
ugt-31+ugt-64,20260204,ugt-31+ugt-64##20260204,0.1958,0.0000,0.0000
ugt-31+ugt-64,20260204,ugt-31+ugt-64##20260204,0.1334,0.0000,3.4884
ugt-31+ugt-64,20260204,ugt-31+ugt-64##20260204,0.1758,0.0000,0.0000
ugt-31+ugt-64,20260204,ugt-31+ugt-64##20260204,0.1376,0.0000,0.0000
ugt-31+ugt-64,20260204,ugt-31+ugt-64##20260204,0.1162,0.0000,0.0000
ugt-31+ugt-64,20260204,ugt-31+ugt-64##20260204,0.0896,0.0000,0.0000
ugt-31+ugt-64,20260204,ugt-31+ugt-64##20260204,0.1520,0.0000,0.0000
ugt-31+ugt-64,20260204,ugt-31+ugt-64##20260204,0.0681,0.9494,0.9494
ugt-31+ugt-64,20260204,ugt-31+ugt-64##20260204,0.1527,0.0000,1.7964
ugt-31+ugt-64,20260204,ugt-31+ugt-64##20260204,0.1641,0.0000,1.1429
ugt-31+ugt-64,20260204,ugt-31+ugt-64##20260204,0.1527,0.0000,0.0000
ugt-31+ugt-64,20260204,ugt-31+ugt-64##20260204,0.1427,0.0000,0.0000
ugt-31+ugt-64,20260204,ugt-31+ugt-64##20260204,0.1581,0.0000,0.0000
ugt-31+ugt-64,20260204,ugt-31+ugt-64##20260204,0.1341,0.0000,0.0000
ugt-31+ugt-64,20260204,ugt-31+ugt-64##20260204,0.1473,0.0000,0.0000
ugt-31+ugt-64,20260204,ugt-31+ugt-64##20260204,0.0892,0.0000,13.6364
ugt-31+ugt-64,20260204,ugt-31+ugt-64##20260204,0.1472,2.5281,3.3708
ugt-31+ugt-64,20260204,ugt-31+ugt-64##20260204,0.1476,5.6075,1.8692
ugt-31+ugt-64,20260204,ugt-31+ugt-64##20260204,0.1634,0.0000,0.0000
ugt-31+ugt-64,20260204,ugt-31+ugt-64##20260204,0.1093,8.2192,8.2192
ugt-31+ugt-64,20260204,ugt-31+ugt-64##20260204,0.1290,0.0000,3.0457
ugt-31+ugt-64,20260204,ugt-31+ugt-64##20260204,0.1539,3.6145,3.6145
ugt-31+ugt-64,20260204,ugt-31+ugt-64##20260204,0.1095,0.0000,0.0000
ugt-31+ugt-64,20260204,ugt-31+ugt-64##20260204,0.1911,0.0000,0.0000
ugt-31+ugt-64,20260204,ugt-31+ugt-64##20260204,0.1403,1.0619,1.0619
ugt-31+ugt-64,20260204,ugt-31+ugt-64##20260204,0.1386,1.1278,4.5113
ugt-31+ugt-64,20260204,ugt-31+ugt-64##20260204,0.1340,0.0000,0.0000
ugt-31+ugt-64,20260204,ugt-31+ugt-64##20260204,0.1614,0.0000,0.0000
ugt-31+ugt-64,20260204,ugt-31+ugt-64##20260204,0.1577,0.0000,0.0000
ugt-31+ugt-64,20260204,ugt-31+ugt-64##20260204,0.1575,0.0000,0.0000
ugt-31+ugt-64,20260204,ugt-31+ugt-64##20260204,0.1784,0.0000,0.0000
ugt-31+ugt-64,20260204,ugt-31+ugt-64##20260204,0.1610,3.7975,0.0000
ugt-31+ugt-64,20260204,ugt-31+ugt-64##20260204,0.1286,1.8927,0.0000
ugt-31+ugt-64,20260204,ugt-31+ugt-64##20260204,0.1263,0.0000,0.0000
ugt-31+ugt-64,20260204,ugt-31+ugt-64##20260204,0.1463,0.0000,1.6713
ugt-31+ugt-64,20260204,ugt-31+ugt-64##20260204,0.1375,0.0000,0.9631
ugt-31+ugt-64,20260204,ugt-31+ugt-64##20260204,0.1669,0.0000,1.6349
ugt-31+ugt-64,20260204,ugt-31+ugt-64##20260204,0.1624,1.4151,0.0000
ugt-31+ugt-64,20260204,ugt-31+ugt-64##20260204,0.1522,0.0000,0.0000
ugt-31+ugt-64,20260204,ugt-31+ugt-64##20260204,0.1411,0.0000,0.0000
ugt-31+ugt-64,20260204,ugt-31+ugt-64##20260204,0.1495,1.2097,1.2097
ugt-31+ugt-64,20260204,ugt-31+ugt-64##20260204,0.1684,2.3669,1.1834
ugt-31+ugt-64,20260204,ugt-31+ugt-64##20260204,0.1193,0.0000,0.0000
ugt-31+ugt-64,20260204,ugt-31+ugt-64##20260204,0.1361,2.0548,2.0548
ugt-31+ugt-64,20260204,ugt-31+ugt-64##20260204,0.1329,0.0000,0.0000
ugt-31+ugt-64,20260204,ugt-31+ugt-64##20260204,0.1003,0.0000,0.0000
ugt-31+ugt-64,20260204,ugt-31+ugt-64##20260204,0.1351,5.1724,0.0000
ugt-31+ugt-64,20260204,ugt-31+ugt-64##20260204,0.1762,2.2642,0.0000
ugt-31+ugt-64,20260204,ugt-31+ugt-64##20260204,0.1444,0.0000,0.0000
ugt-31+ugt-64,20260204,ugt-31+ugt-64##20260204,0.1453,0.0000,0.0000
ugt-31+ugt-64,20260204,ugt-31+ugt-64##20260204,0.2144,0.0000,0.0000
ugt-31+ugt-64,20260204,ugt-31+ugt-64##20260204,0.1441,0.0000,0.0000
ugt-31+ugt-64,20260204,ugt-31+ugt-64##20260204,0.1849,1.2146,0.0000
ugt-31+ugt-64,20260204,ugt-31+ugt-64##20260204,0.1862,0.0000,0.0000
ugt-31+ugt-64,20260204,ugt-31+ugt-64##20260204,0.1694,0.0000,1.8405
ugt-31+ugt-64,20260204,ugt-31+ugt-64##20260204,0.1180,1.3761,0.0000
ugt-31+ugt-64,20260204,ugt-31+ugt-64##20260204,0.1504,3.1746,3.1746
ugt-31+ugt-64,20260204,ugt-31+ugt-64##20260204,0.1443,0.0000,2.6316
ugt-31+ugt-64,20260204,ugt-31+ugt-64##20260204,0.1198,0.0000,3.7736
ugt-31+ugt-64,20260204,ugt-31+ugt-64##20260204,0.1696,1.4528,0.0000
ugt-31+ugt-64,20260204,ugt-31+ugt-64##20260204,0.1084,0.0000,0.0000
ugt-31+ugt-64,20260204,ugt-31+ugt-64##20260204,0.1733,0.0000,1.4599
ugt-31+ugt-64,20260204,ugt-31+ugt-64##20260204,0.1413,0.0000,0.0000
ugt-31+ugt-64,20260204,ugt-31+ugt-64##20260204,0.1806,0.0000,0.0000
ugt-31+ugt-64,20260204,ugt-31+ugt-64##20260204,0.1808,0.0000,0.0000
ugt-31+ugt-64,20260204,ugt-31+ugt-64##20260204,0.1542,0.0000,1.6713
ugt-31+ugt-64,20260204,ugt-31+ugt-64##20260204,0.1687,5.9016,3.9344
ugt-31+ugt-64,20260204,ugt-31+ugt-64##20260204,0.1665,0.0000,0.0000
ugt-31+ugt-64,20260204,ugt-31+ugt-64##20260204,0.1751,0.0000,0.0000
ugt-31+ugt-64,20260204,ugt-31+ugt-64##20260204,0.1678,0.0000,0.0000
ugt-31+ugt-64,20260204,ugt-31+ugt-64##20260204,0.1668,4.8000,3.2000
ugt-31+ugt-64,20260204,ugt-31+ugt-64##20260204,0.1340,0.0000,0.0000
ugt-31+ugt-64,20260204,ugt-31+ugt-64##20260204,0.1422,0.0000,3.3333
ugt-31+ugt-64,20260204,ugt-31+ugt-64##20260204,0.1487,0.0000,0.0000
ugt-31+ugt-64,20260204,ugt-31+ugt-64##20260204,0.1834,0.0000,0.0000
ugt-31+ugt-64,20260204,ugt-31+ugt-64##20260204,0.1702,6.2500,2.0833
ugt-31+ugt-64,20260204,ugt-31+ugt-64##20260204,0.1512,0.0000,12.5000
ugt-31+ugt-64,20260204,ugt-31+ugt-64##20260204,0.1023,0.0000,19.6721
ugt-31+ugt-64,20260204,ugt-31+ugt-64##20260204,0.1841,0.0000,0.0000
ugt-31+ugt-64,20260204,ugt-31+ugt-64##20260204,0.1109,0.0000,0.0000
ugt-31+ugt-64,20260204,ugt-31+ugt-64##20260204,0.1488,0.0000,0.0000
ugt-31+ugt-64,20260204,ugt-31+ugt-64##20260204,0.1407,1.8576,3.7152
ugt-31+ugt-64,20260204,ugt-31+ugt-64##20260204,0.1407,0.0000,0.0000
ugt-31+ugt-64,20260204,ugt-31+ugt-64##20260204,0.1347,0.0000,0.0000
ugt-31+ugt-64,20260204,ugt-31+ugt-64##20260204,0.1321,0.0000,0.0000
ugt-31+ugt-64,20260204,ugt-31+ugt-64##20260204,0.1455,0.0000,0.0000
ugt-31+ugt-64,20260204,ugt-31+ugt-64##20260204,0.1375,0.0000,0.0000
ugt-31+ugt-64,20260204,ugt-31+ugt-64##20260204,0.2000,0.0000,0.0000
ugt-31+ugt-64,20260204,ugt-31+ugt-64##20260204,0.1776,0.0000,0.0000
ugt-31+ugt-64,20260204,ugt-31+ugt-64##20260204,0.1341,0.0000,2.4691
ugt-31+ugt-64,20260204,ugt-31+ugt-64##20260204,0.1549,0.0000,0.0000
ugt-31+ugt-64,20260204,ugt-31+ugt-64##20260204,0.1770,0.0000,0.0000
ugt-31+ugt-64,20260204,ugt-31+ugt-64##20260204,0.1721,0.0000,0.0000
ugt-31+ugt-64,20260204,ugt-31+ugt-64##20260204,0.1363,0.0000,0.0000
ugt-31+ugt-64,20260204,ugt-31+ugt-64##20260204,0.1688,0.0000,0.0000
ugt-31+ugt-64,20260204,ugt-31+ugt-64##20260204,0.1354,0.0000,0.0000
ugt-31+ugt-64,20260204,ugt-31+ugt-64##20260204,0.1453,0.0000,0.0000
ugt-31+ugt-64,20260204,ugt-31+ugt-64##20260204,0.1266,0.0000,0.0000
ugt-31+ugt-64,20260204,ugt-31+ugt-64##20260204,0.1325,0.0000,0.0000
ugt-31+ugt-64,20260204,ugt-31+ugt-64##20260204,0.1811,0.0000,0.0000
ugt-31+ugt-64,20260204,ugt-31+ugt-64##20260204,0.1687,0.0000,0.0000
ugt-31+ugt-64,20260204,ugt-31+ugt-64##20260204,0.1440,0.0000,0.0000
ugt-31+ugt-64,20260204,ugt-31+ugt-64##20260204,0.1425,0.0000,0.0000
ugt-31+ugt-64,20260204,ugt-31+ugt-64##20260204,0.1867,0.0000,0.0000
ugt-31+ugt-64,20260204,ugt-31+ugt-64##20260204,0.0822,0.0000,0.0000
ugt-31+ugt-64,20260204,ugt-31+ugt-64##20260204,0.1302,0.0000,0.0000
ugt-31+ugt-64,20260204,ugt-31+ugt-64##20260204,0.1748,0.0000,0.0000
ugt-31+ugt-64,20260204,ugt-31+ugt-64##20260204,0.1758,0.0000,0.0000
ugt-31+ugt-64,20260204,ugt-31+ugt-64##20260204,0.1611,0.0000,0.0000
ugt-31+ugt-64,20260204,ugt-31+ugt-64##20260204,0.1514,0.0000,0.0000
ugt-31+ugt-64,20260204,ugt-31+ugt-64##20260204,0.1511,10.7143,0.0000
ugt-31+ugt-64,20260204,ugt-31+ugt-64##20260204,0.1803,0.0000,0.0000
ugt-31+ugt-64,20260204,ugt-31+ugt-64##20260204,0.1631,0.0000,0.0000
ugt-64,20260126,ugt-64##20260126,0.2619,1.1050,0.0000
ugt-64,20260126,ugt-64##20260126,,0.0000,18.5567
ugt-64,20260126,ugt-64##20260126,0.2780,0.0000,0.0000
ugt-64,20260126,ugt-64##20260126,0.2301,0.0000,0.0000
ugt-64,20260126,ugt-64##20260126,0.2524,0.0000,0.0000
ugt-64,20260126,ugt-64##20260126,0.2760,0.0000,0.0000
ugt-64,20260126,ugt-64##20260126,0.2855,0.0000,0.0000
ugt-64,20260126,ugt-64##20260126,0.1813,0.0000,0.0000
ugt-64,20260126,ugt-64##20260126,0.2738,0.0000,0.0000
ugt-64,20260126,ugt-64##20260126,0.2977,0.0000,0.0000
ugt-64,20260126,ugt-64##20260126,0.3140,0.0000,0.0000
ugt-64,20260126,ugt-64##20260126,0.2683,0.0000,0.0000
ugt-64,20260126,ugt-64##20260126,0.2228,0.0000,0.0000
ugt-64,20260126,ugt-64##20260126,0.2455,0.0000,0.0000
ugt-64,20260126,ugt-64##20260126,0.2856,0.0000,0.0000
ugt-64,20260126,ugt-64##20260126,0.2284,1.3353,0.8902
ugt-64,20260126,ugt-64##20260126,0.2714,0.0000,0.0000
ugt-64,20260126,ugt-64##20260126,0.2435,0.0000,0.0000
ugt-64,20260126,ugt-64##20260126,0.0416,0.0000,0.0000
ugt-64,20260126,ugt-64##20260126,0.2054,0.0000,0.0000
ugt-64,20260126,ugt-64##20260126,0.2315,0.0000,0.0000
ugt-64,20260126,ugt-64##20260126,0.2213,0.0000,0.0000
ugt-64,20260126,ugt-64##20260126,0.0475,0.0000,0.0000
ugt-64,20260126,ugt-64##20260126,0.3025,0.5469,0.5469
ugt-64,20260126,ugt-64##20260126,0.1565,0.0000,0.0000
ugt-64,20260126,ugt-64##20260126,0.2494,1.5326,0.0000
ugt-64,20260126,ugt-64##20260126,0.2610,0.5348,0.5348
ugt-64,20260126,ugt-64##20260126,0.0465,13.9535,13.9535
ugt-64,20260126,ugt-64##20260126,0.2440,0.0000,0.0000
ugt-64,20260126,ugt-64##20260126,0.1903,0.0000,0.0000
ugt-64,20260126,ugt-64##20260126,0.2489,0.0000,0.0000
ugt-64,20260126,ugt-64##20260126,0.2603,0.0000,0.0000
ugt-64,20260126,ugt-64##20260126,0.2740,0.0000,0.0000
ugt-64,20260126,ugt-64##20260126,0.2625,0.0000,0.0000
ugt-64,20260126,ugt-64##20260126,0.2268,3.6961,0.0000
ugt-64,20260126,ugt-64##20260126,0.2710,0.0000,0.0000
ugt-64,20260126,ugt-64##20260126,0.2449,0.8439,0.0000
ugt-64,20260126,ugt-64##20260126,0.2909,0.0000,0.0000
ugt-64,20260126,ugt-64##20260126,0.2887,0.0000,0.0000
ugt-64,20260126,ugt-64##20260126,0.0412,0.0000,17.3913
ugt-64,20260126,ugt-64##20260126,0.1849,2.8169,2.8169
ugt-64,20260126,ugt-64##20260126,0.2051,0.0000,0.0000
ugt-64,20260126,ugt-64##20260126,0.0352,10.3448,0.0000
ugt-64,20260126,ugt-64##20260126,0.2415,0.0000,0.0000
ugt-64,20260126,ugt-64##20260126,0.1973,0.0000,0.0000
ugt-64,20260126,ugt-64##20260126,0.2874,0.0000,0.0000
ugt-64,20260126,ugt-64##20260126,0.2308,0.0000,0.0000
ugt-64,20260126,ugt-64##20260126,0.2597,0.0000,0.0000
ugt-64,20260126,ugt-64##20260126,0.2142,0.6557,0.6557
ugt-64,20260126,ugt-64##20260126,0.2377,0.0000,0.0000
ugt-64,20260126,ugt-64##20260126,0.1814,0.0000,0.0000
ugt-64,20260126,ugt-64##20260126,0.2594,0.0000,0.0000
ugt-64,20260126,ugt-64##20260126,0.2277,0.0000,0.0000
ugt-64,20260126,ugt-64##20260126,0.2685,0.0000,0.0000
ugt-64,20260126,ugt-64##20260126,0.2261,0.0000,0.0000
ugt-64,20260126,ugt-64##20260126,0.2552,0.0000,0.0000
ugt-64,20260126,ugt-64##20260126,0.2260,0.0000,0.0000
ugt-64,20260126,ugt-64##20260126,0.2030,0.0000,0.0000
ugt-64,20260126,ugt-64##20260126,0.2312,0.0000,0.0000
ugt-64,20260126,ugt-64##20260126,0.2466,4.7059,0.0000
ugt-64,20260126,ugt-64##20260126,0.2592,0.0000,0.0000
ugt-64,20260126,ugt-64##20260126,0.2222,0.0000,0.0000
ugt-64,20260126,ugt-64##20260126,0.2439,0.0000,0.0000
ugt-64,20260126,ugt-64##20260126,0.2523,0.0000,0.0000
ugt-64,20260126,ugt-64##20260126,0.2366,0.0000,0.0000
ugt-64,20260126,ugt-64##20260126,0.1972,0.0000,0.0000
ugt-64,20260126,ugt-64##20260126,0.2693,0.0000,0.0000
ugt-64,20260126,ugt-64##20260126,0.0848,0.0000,0.0000
ugt-64,20260126,ugt-64##20260126,0.2581,0.0000,0.0000
ugt-64,20260126,ugt-64##20260126,0.2476,0.0000,0.0000
ugt-64,20260126,ugt-64##20260126,0.2522,0.0000,0.0000
ugt-64,20260126,ugt-64##20260126,0.2368,0.0000,0.0000
ugt-64,20260127,ugt-64##20260127,0.0537,2.5245,0.0000
ugt-64,20260127,ugt-64##20260127,0.1914,0.0000,2.9268
ugt-64,20260127,ugt-64##20260127,0.2284,0.0000,0.0000
ugt-64,20260127,ugt-64##20260127,0.2353,0.0000,0.9554
ugt-64,20260127,ugt-64##20260127,0.1776,0.0000,0.5106
ugt-64,20260127,ugt-64##20260127,0.1905,0.0000,0.0000
ugt-64,20260127,ugt-64##20260127,0.2312,0.0000,0.0000
ugt-64,20260127,ugt-64##20260127,0.0516,1.2500,0.0000
ugt-64,20260127,ugt-64##20260127,0.1571,0.0000,0.0000
ugt-64,20260127,ugt-64##20260127,0.2559,0.0000,0.0000
ugt-64,20260127,ugt-64##20260127,0.2393,0.0000,0.4758
ugt-64,20260127,ugt-64##20260127,0.1802,0.0000,4.9587
ugt-64,20260127,ugt-64##20260127,0.2308,0.0000,0.0000
ugt-64,20260127,ugt-64##20260127,0.3163,0.0000,0.0000
ugt-64,20260127,ugt-64##20260127,0.3373,0.7937,0.7937
ugt-64,20260127,ugt-64##20260127,0.2549,0.0000,0.0000
ugt-64,20260127,ugt-64##20260127,0.1008,24.0000,0.0000
ugt-64,20260127,ugt-64##20260127,0.2721,0.9098,1.3647
ugt-64,20260127,ugt-64##20260127,0.2864,0.0000,0.0000
ugt-64,20260127,ugt-64##20260127,0.2694,0.0000,0.0000
ugt-64,20260127,ugt-64##20260127,0.2661,0.0000,0.0000
ugt-64,20260127,ugt-64##20260127,0.2220,0.6550,0.6550
ugt-64,20260127,ugt-64##20260127,0.2949,0.0000,0.0000
ugt-64,20260127,ugt-64##20260127,0.2546,0.0000,0.0000
ugt-64,20260127,ugt-64##20260127,0.2543,0.0000,0.0000
ugt-64,20260127,ugt-64##20260127,0.2489,0.0000,0.0000
ugt-64,20260127,ugt-64##20260127,0.2232,0.0000,0.0000
ugt-64,20260127,ugt-64##20260127,0.2165,9.0909,9.0909
ugt-64,20260127,ugt-64##20260127,0.3374,0.0000,0.5660
ugt-64,20260127,ugt-64##20260127,0.2525,0.0000,0.0000
ugt-64,20260127,ugt-64##20260127,0.2326,0.0000,0.0000
ugt-64,20260127,ugt-64##20260127,0.2480,0.0000,0.0000
ugt-64,20260127,ugt-64##20260127,0.0617,2.8662,0.0000
ugt-64,20260127,ugt-64##20260127,0.2055,0.0000,0.0000
ugt-64,20260127,ugt-64##20260127,0.3287,0.4890,0.4890
ugt-64,20260127,ugt-64##20260127,0.2499,0.0000,0.0000
ugt-64,20260127,ugt-64##20260127,0.2159,0.0000,0.0000
ugt-64,20260127,ugt-64##20260127,0.2996,0.0000,0.0000
ugt-64,20260127,ugt-64##20260127,0.3161,0.0000,2.0619
ugt-64,20260127,ugt-64##20260127,0.2359,0.0000,0.0000
ugt-64,20260127,ugt-64##20260127,0.1601,0.0000,6.8182
ugt-64,20260127,ugt-64##20260127,0.2611,0.0000,0.0000
ugt-64,20260127,ugt-64##20260127,0.1081,4.1522,0.0000
ugt-64,20260127,ugt-64##20260127,0.1509,0.0000,20.0000
ugt-64,20260127,ugt-64##20260127,0.2103,0.0000,0.0000
ugt-64,20260127,ugt-64##20260127,0.1723,0.0000,0.0000
ugt-64,20260127,ugt-64##20260127,0.2152,0.0000,0.0000
ugt-64,20260127,ugt-64##20260127,0.1936,0.0000,0.0000
ugt-64,20260127,ugt-64##20260127,0.1930,0.0000,0.0000
ugt-64,20260127,ugt-64##20260127,0.2322,0.0000,0.0000
ugt-64,20260127,ugt-64##20260127,0.2776,0.0000,0.0000
ugt-64,20260127,ugt-64##20260127,0.2638,0.0000,0.0000
ugt-64,20260127,ugt-64##20260127,0.2510,0.0000,0.0000
ugt-64,20260127,ugt-64##20260127,0.2544,0.0000,0.0000
ugt-64,20260127,ugt-64##20260127,0.2456,0.0000,0.0000
ugt-64,20260127,ugt-64##20260127,0.1687,0.0000,0.0000
ugt-64,20260127,ugt-64##20260127,0.3078,1.4019,1.4019
ugt-64,20260127,ugt-64##20260127,0.1124,0.0000,0.0000
ugt-64,20260127,ugt-64##20260127,0.2696,0.0000,0.0000
ugt-64,20260127,ugt-64##20260127,0.0989,0.0000,0.0000
ugt-64,20260127,ugt-64##20260127,0.2430,0.0000,0.0000
ugt-64,20260127,ugt-64##20260127,0.1768,0.0000,1.3667
ugt-64,20260127,ugt-64##20260127,0.1939,0.0000,0.0000
ugt-64,20260127,ugt-64##20260127,0.2323,0.0000,0.0000
ugt-64,20260127,ugt-64##20260127,0.2639,0.0000,0.0000
ugt-64,20260127,ugt-64##20260127,0.1409,0.0000,0.0000
ugt-64,20260127,ugt-64##20260127,0.2282,0.0000,0.0000
ugt-64,20260127,ugt-64##20260127,0.0591,4.4944,3.7453
ugt-64,20260127,ugt-64##20260127,0.3012,0.0000,0.0000
ugt-64,20260127,ugt-64##20260127,0.1470,0.0000,9.8361
ugt-64,20260127,ugt-64##20260127,0.2465,0.0000,0.0000
ugt-64,20260127,ugt-64##20260127,0.2896,0.0000,0.0000
ugt-64,20260127,ugt-64##20260127,0.1449,9.2308,0.0000
ugt-64,20260127,ugt-64##20260127,0.2744,9.2308,9.2308
ugt-64,20260127,ugt-64##20260127,0.1786,0.0000,0.0000
ugt-64,20260127,ugt-64##20260127,0.2991,0.0000,0.0000
ugt-64,20260127,ugt-64##20260127,0.1940,0.0000,2.0067
ugt-64,20260127,ugt-64##20260127,0.2925,0.0000,0.0000
ugt-64,20260127,ugt-64##20260127,0.2239,2.8986,0.0000
ugt-64,20260127,ugt-64##20260127,0.2261,0.0000,0.0000
ugt-64,20260127,ugt-64##20260127,0.2992,0.0000,0.0000
ugt-64,20260127,ugt-64##20260127,0.2730,0.0000,0.0000
ugt-64,20260127,ugt-64##20260127,0.3044,0.0000,0.0000
ugt-64,20260127,ugt-64##20260127,0.2355,0.0000,0.0000
ugt-64,20260128,ugt-64##20260128,0.2672,0.0000,0.0000
ugt-64,20260128,ugt-64##20260128,0.2470,0.0000,0.0000
ugt-64,20260128,ugt-64##20260128,0.2312,0.0000,0.0000
ugt-64,20260128,ugt-64##20260128,0.2162,0.0000,0.0000
ugt-64,20260128,ugt-64##20260128,0.1698,0.8721,0.8721
ugt-64,20260128,ugt-64##20260128,0.2985,0.6795,0.6795
ugt-64,20260128,ugt-64##20260128,0.2528,0.0000,0.0000
ugt-64,20260128,ugt-64##20260128,0.2160,1.0165,0.5083
ugt-64,20260128,ugt-64##20260128,0.2708,0.0000,0.0000
ugt-64,20260128,ugt-64##20260128,0.2501,0.0000,0.0000
ugt-64,20260128,ugt-64##20260128,0.1940,1.7647,1.7647
ugt-64,20260128,ugt-64##20260128,0.2400,0.0000,0.0000
ugt-64,20260128,ugt-64##20260128,0.2036,0.0000,0.0000
ugt-64,20260128,ugt-64##20260128,0.1942,0.0000,0.0000
ugt-64,20260128,ugt-64##20260128,0.2263,0.0000,0.0000
ugt-64,20260128,ugt-64##20260128,0.2462,0.0000,0.0000
ugt-64,20260128,ugt-64##20260128,0.2061,0.0000,0.0000
ugt-64,20260128,ugt-64##20260128,0.2200,1.2605,0.0000
ugt-64,20260128,ugt-64##20260128,0.2398,0.0000,0.0000
ugt-64,20260128,ugt-64##20260128,0.1486,0.0000,0.0000
ugt-64,20260128,ugt-64##20260128,0.2492,0.0000,0.0000
ugt-64,20260128,ugt-64##20260128,0.2732,4.0268,2.0134
ugt-64,20260128,ugt-64##20260128,0.3085,2.4691,1.4815
ugt-64,20260128,ugt-64##20260128,0.2305,2.6201,3.4934
ugt-64,20260128,ugt-64##20260128,0.2674,2.8402,1.4201
ugt-64,20260128,ugt-64##20260128,0.2185,2.3904,2.3904
ugt-64,20260128,ugt-64##20260128,0.2887,3.2293,1.2917
ugt-64,20260128,ugt-64##20260128,0.2009,5.5728,1.8576
ugt-64,20260128,ugt-64##20260128,0.2375,4.0134,2.0067
ugt-64,20260128,ugt-64##20260128,0.2570,0.7762,0.0000
ugt-64,20260128,ugt-64##20260128,0.2550,1.0830,1.0830
ugt-64,20260128,ugt-64##20260128,0.2718,0.0000,0.0000
ugt-64,20260128,ugt-64##20260128,0.2511,4.0747,1.0187
ugt-64,20260128,ugt-64##20260128,0.2598,0.0000,0.0000
ugt-64,20260128,ugt-64##20260128,0.2246,1.7647,1.7647
ugt-64,20260128,ugt-64##20260128,0.2511,3.3241,2.4931
ugt-64,20260128,ugt-64##20260128,0.2816,0.0000,0.0000
ugt-64,20260128,ugt-64##20260128,0.2492,2.0443,2.0443
ugt-64,20260128,ugt-64##20260128,0.2181,2.1467,0.0000
ugt-64,20260128,ugt-64##20260128,0.2507,0.0000,0.0000
ugt-64,20260128,ugt-64##20260128,0.2854,0.0000,0.0000
ugt-64,20260128,ugt-64##20260128,0.2001,2.5370,1.2685
ugt-64,20260128,ugt-64##20260128,0.2682,2.8235,0.0000
ugt-64,20260128,ugt-64##20260128,0.2455,0.0000,0.0000
ugt-64,20260128,ugt-64##20260128,0.2333,1.6807,1.6807
ugt-64,20260128,ugt-64##20260128,0.2871,0.0000,0.0000
ugt-64,20260128,ugt-64##20260128,0.2444,0.0000,0.0000
ugt-64,20260128,ugt-64##20260128,0.2759,0.0000,0.0000
ugt-64,20260128,ugt-64##20260128,0.2428,3.8710,0.0000
ugt-64,20260128,ugt-64##20260128,0.2809,0.0000,0.0000
ugt-64,20260128,ugt-64##20260128,0.2228,0.0000,0.0000
ugt-64,20260128,ugt-64##20260128,0.2602,0.0000,0.0000
