,B0035.1,B0261.1,B0310.2,gmeb-1,ceh-63,C04F5.9,attf-4,C06A6.2,C16A3.4,C17E4.6,crh-2,C34B4.2,C38D4.7,D1046.2,D2030.7,F10B5.3,F10E7.11,F13C5.2,bcl-11,F22D6.2,F23B12.7,zip-8,F26F4.8,F33H1.4,F37B4.10,row-1,hinf-1,F44E2.7,ceh-82,F52B5.7,F55B11.4,F57A8.1,F57C9.4,snai-1,K09A11.1,K11D2.4,K12H6.12,M03D4.4,R02D3.7,T07F8.4,T20F7.1,T22C8.4,T23F11.4,T26A5.8,Y105C5A.15,Y22D7AL.16,Y48G9A.11,eyg-1,Y53F4B.3,Y53G8AR.9,Y55F3AM.14,Y56A3A.18,Y5F2A.4,Y67H2A.10,Y75B8A.6,Y79H2A.3,Y95B8A.8,ZK185.1,klu-1,ZK546.5,aha-1,ahr-1,akir-1,alr-1,aptf-2,aptf-3,arid-1,atf-7,athp-1,attf-3,attf-5,attf-6,bed-1,bed-3,blmp-1,cebp-1,cebp-2,ceh-100,ceh-13,ceh-14,ceh-16,ceh-18,ceh-19,ceh-2,ceh-20,ceh-22,ceh-24,ceh-27,ceh-30,ceh-31,ceh-32,ceh-34,ceh-36,ceh-38,ceh-39,ceh-40,ceh-43,ceh-44,ceh-45,ceh-48,ceh-58,ceh-6,ceh-79,ceh-8,ceh-83,ceh-88,ceh-9,ceh-90,ceh-91,ces-1,cey-2,chd-7,che-1,cnd-1,cog-1,ctbp-1,daf-12,daf-16,daf-19,daf-8,die-1,dmd-4,dmd-6,dmd-8,dmd-9,dxbp-1,dpff-1,dpl-1,drap-1,dsc-1,duxl-1,dve-1,efl-1,efl-3,egl-13,egl-18,egl-27,egl-43,egl-44,egl-5,egrh-3,ekl-4,elt-1,elt-2,elt-3,elt-4,eor-1,ets-4,ets-5,ets-7,fax-1,fkh-10,fkh-2,fkh-3,fkh-4,fkh-6,fkh-8,flh-1,baz-2,fos-1,gei-17,gei-8,gmeb-2,grh-1,ham-2,hif-1,hlh-1,hlh-11,hlh-12,hlh-13,hlh-15,hlh-17,hlh-26,hlh-30,hlh-4,hlh-6,hlh-8,hmbx-1,hmg-1.1,hmg-1.2,hmg-11,hmg-20,hmg-4,hnd-1,hsf-1,irx-1,isw-1,1-Jun,klf-2,lag-1,let-526,let-607,lim-6,lim-7,lin-1,lin-11,lin-13,lin-14,lin-26,lin-29,lin-32,lin-38,lin-39,lin-40,lin-54,lir-1,lir-3,lsl-1,lsy-12,lsy-2,lsy-27,mab-5,mab-9,madf-10,madf-2,madf-3,madf-5,madf-6,madf-8,madf-9,mbf-1,mcd-1,mdl-1,mdt-29,mec-3,med-1,mef-2,mel-28,mep-1,mls-2,mml-1,mxl-1,mxl-2,mxl-3,nfya-1,nfya-2,nfyb-1,nhr-10,nhr-102,nhr-11,nhr-111,nhr-12,nhr-120,nhr-129,nhr-179,nhr-19,nhr-2,nhr-20,nhr-21,nhr-23,nhr-232,nhr-237,nhr-25,nhr-270,nhr-28,nhr-41,nhr-42,nhr-43,nhr-47,nhr-48,nhr-6,nhr-67,nhr-71,nhr-76,nhr-77,nhr-80,nhr-84,nhr-85,nhr-90,npax-4,odd-2,pag-3,pat-9,pax-1,pax-3,pbrm-1,peb-1,pes-1,pha-2,pha-4,php-3,pop-1,pqm-1,rbr-2,rcor-1,ref-1,ref-2,repo-1,rnt-1,saeg-2,scrt-1,sdz-12,sdz-38,sea-1,sea-2,sem-2,sem-4,skn-1,sma-3,sma-9,snpc-4,snu-23,somi-1,sox-2,sox-4,spr-1,spr-3,sptf-1,sptf-2,sup-37,swsn-7,syd-9,tab-1,svh-5,tbp-1,tbx-11,tbx-2,tbx-37,tbx-7,tbx-8,tbx-9,tlf-1,tlp-1,tra-1,tra-4,ttx-3,unc-120,unc-130,unc-3,unc-30,unc-39,unc-42,unc-55,unc-62,unc-86,unc-98,vab-15,vab-7,xbp-1,xnd-1,zag-1,zfh-2,zfp-2,zim-3,zip-11,zip-2,zip-4,zip-5,ztf-1,ztf-11,ztf-16,ztf-18,ztf-22,ztf-23,ztf-25,ztf-26,ztf-28,ztf-29,ztf-3,ztf-4,ztf-6,ztf-7
ADF  0.029,0,-0.07995528,NA,-0.009512801,NA,0,0,NA,-0.001426898,0,0.02187641,0.303539224,NA,NA,-0.006529046,NA,NA,0,-0.008306254,0,0,NA,-0.02429737,0,-0.019509759,0,NA,0,NA,0,0,0,-0.001131875,NA,NA,NA,0,NA,0.009305929,-0.057517321,NA,NA,0,NA,0,0,NA,NA,-0.046890647,NA,NA,0.065923311,0,0,NA,-0.053330422,0,NA,0,NA,0.112512095,0,0.006271776,NA,NA,NA,NA,0,0,-0.010354481,0,0.019095055,0,NA,NA,NA,0,0,0,NA,NA,0,-0.018282882,NA,-0.005082943,NA,NA,NA,NA,NA,0,NA,NA,0,NA,NA,0,-0.079732175,NA,NA,NA,NA,NA,0,NA,0,0,NA,NA,NA,0,0.013774158,NA,NA,NA,0.060203957,0,0,0.105346636,NA,0,-0.003698408,0,NA,0,0.001456728,0,0,0,NA,-0.028801944,NA,0,NA,0,0.061909194,0,0,NA,NA,0,0.059909855,0,NA,0,NA,0,NA,0,NA,NA,NA,NA,NA,NA,NA,0.124585757,0,0,-0.014124482,-0.01617597,0,NA,NA,NA,0.012986532,NA,0,NA,NA,NA,NA,NA,0,NA,NA,NA,NA,0,-0.003806343,0,NA,-0.04389341,NA,0.017425806,-0.050272861,0,0,NA,0.035979404,0,0,0,0.058612511,NA,0.30058554,0,0,NA,0,NA,NA,0,0.045340993,0,0,NA,0,-0.040476578,0.000452011,NA,NA,NA,-0.04224356,0,NA,NA,NA,-0.009261534,0.03464622,0,0,-0.002330321,NA,0,NA,0,0,0,NA,0.031838943,NA,0,0,NA,NA,0.002307155,0,0,0.108594664,NA,0,NA,0,NA,0,NA,0,-0.006897675,NA,NA,0.003254732,NA,NA,-0.009359306,-0.001955269,-0.006888608,NA,0,0,0,0,0.001037142,NA,NA,NA,0.087183802,NA,-0.003724301,NA,NA,NA,NA,NA,NA,0.018349569,NA,NA,NA,NA,NA,NA,NA,-0.005017662,0,NA,NA,0,NA,0.00468453,NA,NA,NA,NA,0,NA,NA,0,NA,0,-0.008295507,0,0,0,0.061081393,0,NA,NA,0.34101853,0,0,0,NA,-0.010093923,0,NA,NA,NA,NA,NA,NA,0,NA,0,0,NA,NA,NA,NA,NA,NA,0,NA,NA,NA,0,NA,NA,0,-0.006944419,-0.004399703,0.034288012,NA,0.007271917,0,0,0,NA,0.025770948,NA,NA,0,0,-0.024833549,NA,0.072942503,0,NA,-0.025136356,0,-0.044638805,0
ADL  0.033,0,-0.083719875,0,-0.003120656,0,0,0,0,0,0,0.025369215,0,NA,0,-0.013531083,NA,NA,0,-0.003960826,0,0,NA,-0.048300249,0,0,0,0.124547976,0,NA,NA,0,0,0,NA,0,-0.008241828,0,NA,NA,0,0,NA,0,0,0,0,0,0,-0.028049371,0.031000702,NA,0.029998784,0,0,0,-0.090567185,0,0,0,0.001412753,0.326991525,0,0,0.167156709,NA,0,0,0,0,-0.008874744,0,0.006100381,0,NA,NA,0,0,0,NA,NA,NA,NA,-0.009032012,0,0,NA,NA,NA,NA,0,0,0,NA,0,NA,NA,0,-0.086226967,NA,0,0,NA,0,NA,NA,0,0,NA,-0.003060462,NA,0,0,NA,NA,NA,0.043925748,0,0,0.066295764,0,0,NA,0,NA,0,0,0,0,0,NA,-0.02029122,NA,0,NA,NA,NA,0,0,0,NA,0,0.063041364,0,NA,0,NA,0,0,NA,NA,NA,NA,NA,NA,NA,NA,0.107583475,0,0,-0.012585493,0,0,NA,NA,-0.00350447,0,NA,0,NA,NA,0,-0.013973901,NA,0,0.181243323,NA,NA,NA,0,0,0,-0.086540267,-0.036294475,NA,0.009564337,NA,0,0,NA,0.013038275,0,0,NA,0.044635957,0,0.314831302,0,0,0.075674405,NA,NA,NA,0,0.085357305,0,0,-0.013065558,0,-0.033555432,0,0,NA,NA,-0.013469131,NA,NA,NA,0,0,NA,0,0,-0.009136468,0.041105109,NA,NA,0,0,0,NA,0,0,0,0,NA,0.006127712,0,0,0,0.08201799,NA,NA,NA,0,NA,0,NA,0,0,-0.025786458,0,0.082051681,NA,0,NA,0,0,0,0,NA,0,0,0,NA,NA,NA,0,NA,-0.007660488,NA,0,NA,0.096203399,NA,NA,0,0,NA,NA,NA,0,NA,-0.002019554,-0.021785371,0,NA,NA,0,NA,0,NA,NA,NA,NA,0,NA,0.005014896,0,NA,0,-0.013820333,0,0,0,0.074921901,0,0,0,0.332663731,0,0,0,0,0,0,NA,NA,NA,0,NA,NA,0,NA,0,0,NA,NA,NA,NA,NA,NA,NA,NA,0,0.007605971,0,NA,NA,0,-0.003431083,0,0.033424301,0,0,0,0,0,NA,0,-0.012818094,0,0,0,-0.023044256,NA,0,NA,NA,0,0,-0.014354228,0
AFD  0.038,0,-0.097397213,NA,-0.014751537,NA,0,0,0,0,-0.000925591,0.041542581,0,NA,0,-0.020748265,NA,NA,0,NA,0,0,NA,-0.047738431,0,NA,0,0.109617436,0.013890249,NA,NA,0,0.039969397,0,NA,NA,NA,NA,0,0.021047413,NA,NA,NA,0,0,-0.013313286,NA,0,NA,-0.047698136,0.010545312,NA,0.017162084,0,0,NA,-0.085414508,0,NA,0,0.135530385,0.135695331,NA,0,0.153870182,NA,0,0,0,0,NA,0,0,0,NA,NA,0,0,0,NA,NA,NA,0,NA,NA,NA,NA,NA,0.106234181,NA,-0.011775432,0,NA,NA,0,NA,NA,NA,-0.106518951,NA,NA,0,NA,0,NA,0,0,NA,NA,0,NA,0,0,NA,NA,NA,0.058280387,NA,0,0.068047813,0,0,0,0,0,0,0.006386777,0,0,0,0.076467544,-0.028225659,0,0,NA,0.165745443,NA,0.000519477,NA,0,NA,NA,0.040477628,NA,NA,0,0.007179999,0,NA,NA,NA,NA,NA,NA,NA,NA,NA,0.021024948,0,0,0,0,NA,NA,NA,NA,0,0,0,NA,NA,NA,-0.019354076,NA,0,NA,NA,NA,NA,0,-0.003812628,0,NA,-0.037930132,NA,0.022564629,NA,0,0,NA,0.009877865,0,0,NA,0.046061547,NA,0.136811524,0,0.000937903,0.081647519,0,NA,NA,0,0.011552934,0,-0.004461926,-0.031579951,0,-0.043563872,0.008109413,NA,NA,NA,NA,0,0.053501386,NA,0,-0.006513733,NA,0,0,0,0.017549396,NA,NA,0,0,0,NA,0.009478808,0,0,0,NA,0,0,0,NA,0.063326313,NA,0,0,NA,NA,NA,NA,-0.012609856,0,-0.016807616,NA,NA,NA,NA,NA,-0.013327044,-0.031486086,0,0,NA,0,NA,NA,NA,NA,NA,0.129223749,NA,NA,NA,NA,NA,0.165540144,NA,NA,0.022579883,NA,NA,NA,NA,NA,0,-0.00883206,0,0,NA,NA,0,NA,0,NA,NA,NA,NA,0,0,NA,0,NA,0,-0.011095725,0,NA,NA,0.027306978,0,0,NA,NA,0,-0.038301561,0,NA,NA,0,NA,NA,NA,NA,NA,NA,0,0,0,NA,NA,0,-0.003231716,NA,NA,NA,NA,NA,NA,NA,0,NA,NA,0,0,NA,0.045553336,0,0,0,-0.00610915,0,NA,0,NA,0,0,NA,-0.018092605,NA,0.095330012,NA,NA,-0.063705495,0,NA,0
AIA  0.038,0,-0.082931679,NA,-0.010303715,NA,0,0,NA,0,0,0.047518684,0,NA,0,-0.005097013,NA,-0.018422496,NA,NA,0.059218902,0,NA,-0.08665384,0,NA,0,0.102406818,0,NA,NA,0,0.036319718,0,NA,NA,0,NA,NA,0,-0.092908932,0,NA,NA,0,-0.003584832,NA,0,0,-0.043246609,0.010054234,NA,0.023323436,0,0,NA,-0.085357668,0,0,NA,0.078297057,0.36691046,NA,0,NA,-0.028342022,0,0,0.020183772,0,NA,0,0.007292497,0,NA,NA,0,-0.012100499,0,NA,NA,NA,0,-0.039205717,-0.032074678,0,NA,0,0.03162539,NA,NA,0,0,NA,0,-0.003487504,NA,NA,-0.11665082,NA,0,0,NA,0,NA,NA,0,NA,NA,-0.008077164,NA,0,0,NA,NA,NA,0.16340858,0,0,0.078503065,NA,0,NA,0,NA,NA,0,0,0,0,NA,-0.020176447,0,0,NA,0.105365901,0.101886896,0.017713989,NA,NA,NA,NA,0.042019853,NA,-0.013080091,0,NA,0,0,0.059037264,NA,0,NA,NA,NA,NA,NA,0,0,0,-0.000293779,-0.037673672,0,NA,NA,NA,0.029205724,NA,0,NA,0,NA,-0.060263586,NA,0,NA,NA,NA,0,0,-0.00261494,0,-0.090552153,-0.046846517,NA,0.035883202,NA,0.024529118,NA,NA,0.046536626,-0.007743287,0,0.019866305,0.044657262,-0.001563297,0.23312344,0,0.018289573,0.0731253,-0.02728842,NA,NA,NA,0.055975343,0,0,NA,0,-0.049097195,NA,NA,NA,-0.027359658,-0.020311248,0,NA,0.063081556,0,0,NA,0,0,0,0.06541343,NA,NA,0.03454048,0,0,NA,0,0,0,0,NA,0.027472075,NA,0,0,0.031089605,NA,0,NA,0.00102941,0,NA,NA,-0.015918571,NA,-0.03013309,NA,NA,NA,NA,-0.014247034,-0.021979206,-0.000169772,0,0,0,0.005746891,0,0,0,NA,0,0,NA,NA,NA,NA,0.055086738,0.148550553,NA,NA,0,NA,NA,NA,NA,NA,NA,NA,0,0,0,NA,0,NA,0,NA,NA,NA,0,0,NA,0.027559589,0,-0.023712924,0,-0.005498318,0,0,-0.004142545,NA,0,0,NA,0.313571469,0.003732539,0,0,-0.009984721,-0.00294431,-0.005043977,NA,-0.002934308,NA,NA,NA,NA,0,0,0,NA,0.069912256,0,NA,NA,NA,0,0,0,NA,0.031179644,0,NA,NA,0,-0.01213298,0.01053915,0.038975679,0,0,0,0,-0.008769254,NA,0,NA,NA,0,0,-0.017950624,NA,NA,NA,NA,-0.066435157,0,-0.090007149,0
AIB  0.044,0,-0.050949129,NA,-0.027701802,NA,-0.017400625,0,0,0,0,0.050756037,0,NA,0,0,NA,NA,-0.022670418,-0.013911131,0,0,NA,-0.079709651,0,-0.022540871,0,0.112218275,0,NA,-0.047227288,0,0.035267135,-0.018632282,NA,NA,0,NA,NA,0.003626301,-0.026880907,NA,NA,NA,0,-0.034376875,NA,0,NA,-0.031466294,0.02460094,NA,0.031140306,-0.011841418,0,NA,-0.080455653,0,0,0,0.062357871,0.163853676,NA,0,NA,-0.021223729,0,0,0.061514411,0,-0.008300179,NA,0.018133548,0,NA,NA,0,-0.005146433,0,NA,NA,NA,0.003912073,NA,NA,0,NA,0,NA,NA,NA,0.060836446,0,NA,0,NA,NA,0,-0.1064787,NA,0,NA,NA,0,0.033285019,NA,0,NA,NA,0,NA,0,0,NA,NA,NA,0.216661202,0,0,0.096351013,NA,0,NA,0,NA,NA,0,0,0,0,NA,-0.029154511,NA,0,NA,0.062012883,0.089555865,0.04794274,NA,NA,NA,-0.001920244,0.034107611,NA,NA,0,NA,0,0,0.051530287,NA,NA,NA,NA,-0.023300885,NA,0,0,0,0,-0.020633558,-0.041051898,0,NA,-0.017848888,NA,0.02357167,0,0,NA,NA,NA,NA,NA,0,NA,NA,NA,NA,0,-0.005917828,-0.005019676,-0.111833531,-0.057413508,NA,0.042762819,NA,0,NA,NA,0.077315208,0,0,0.013847291,0.047239756,-0.023348934,0.223219804,0,0.015153351,0.061799338,NA,-0.003410204,NA,0,0.057694352,0,0,NA,0,-0.036976438,0.014785307,0,-0.00400699,NA,-0.040005157,NA,NA,0.063137344,0,0,0,0,-0.004734584,-0.01002129,0.036753848,NA,NA,0.149874183,0,0,NA,0,0,0,0,NA,0.009208042,0,NA,NA,0.022765067,NA,NA,NA,NA,0,0,0,NA,-0.023956502,-0.030509196,NA,0,NA,NA,NA,NA,-0.007460043,0,0,NA,0.002045617,0,0,0,NA,-0.006800752,0,NA,NA,0,0,NA,0.15170514,NA,NA,0.001682386,NA,NA,NA,NA,NA,NA,NA,-0.009539396,0,NA,NA,0,NA,0,NA,NA,NA,0,0.016255806,NA,0.017215362,0,NA,-0.006228866,-0.001055324,0,0,0,0.032119915,0,0,0,0.325823261,0.017356258,-0.026057722,0,-0.01554842,0,-0.015509631,NA,NA,NA,NA,NA,NA,0,NA,0,NA,NA,0,NA,NA,NA,NA,0.007072626,NA,0,0.158955677,0,NA,NA,0,-0.018160546,NA,0.043506963,0,0,0,0,-0.022991138,NA,0,NA,NA,0,0,-0.040215854,-0.041220009,NA,-0.003233217,0,-0.065819377,0,-0.102557788,0
AIM  0.037,0,-0.093733979,NA,-0.02371848,NA,0,0,0,0,0,0.053387933,0,NA,0.006966314,-0.000561258,NA,NA,0,-0.027761593,0,0,NA,-0.071107876,0.002520086,-0.017322568,0.037026852,0.099077078,0,0,-0.012567518,0,0,0,NA,0,-0.030187743,NA,0,0.002772665,-0.053925875,NA,NA,NA,0,-0.022160746,NA,0,NA,-0.042812689,0.007035697,NA,0.045131071,0,0,NA,-0.085884926,0,NA,0,0.037483458,0.106805778,NA,0,NA,NA,-0.001924181,0,0,0,-0.016920777,0,0.012204468,0,NA,0,0,-0.00923602,0,0,0,NA,0,0,NA,0,0,0,0.063019197,NA,NA,0,0,NA,-0.00271316,-0.002862715,NA,NA,-0.104313386,NA,0,NA,NA,0,NA,NA,0,0,NA,-0.011079812,NA,0,0,NA,0,NA,0.097973615,0,0,0.088559572,0,0,NA,0,NA,NA,0.005078693,0,0,0,NA,NA,-0.002709778,0,NA,NA,0.108355669,0.034398251,0,0,NA,NA,0.050858505,0,NA,0,0.00838248,0,NA,NA,NA,NA,0.039072021,NA,NA,NA,0,0.00860197,0,0,-0.023388033,-0.054511633,0,NA,-0.011678165,NA,0.009139953,NA,0,NA,NA,NA,NA,NA,0,NA,NA,NA,0,0,-0.017731866,0,-0.076932358,-0.021389823,NA,0.002046031,NA,0,-0.003566066,NA,0.053836162,0,0,0.009800047,0.021363749,NA,NA,0.005615882,0.020348333,0.076240045,NA,NA,-0.001224505,NA,0.009665549,0,0,NA,0,-0.056394554,0.015713578,NA,NA,NA,0,0,0.053314624,NA,0,-0.003020667,0.028079507,0,-0.002917096,-0.00301346,0.054357541,NA,0,0,0,0,-0.016177211,0,0,0,0,NA,0.02240268,0,0,NA,0.045504935,NA,0,-0.016829861,NA,NA,-0.011068171,NA,-0.024428745,-0.023115123,-0.019966267,0,NA,NA,NA,NA,NA,-0.012818027,NA,0,0,0.009157761,NA,0,0,NA,NA,0,NA,-0.004467,NA,0,0.039205911,NA,NA,NA,0.008340401,NA,NA,NA,NA,NA,NA,0,-0.00837324,0,NA,NA,0,NA,0.041397976,NA,NA,NA,NA,0,0,0.007096657,0,NA,0,-0.01035293,0,NA,0,NA,0,0,NA,0.354062145,NA,-0.004398923,0,NA,0,0,NA,NA,NA,NA,NA,NA,0,NA,0,0,NA,0,NA,NA,NA,NA,0.001823703,NA,0,0.256288067,0,NA,NA,0,-0.01304674,0,0.036631907,0,0.009393379,0,0,-0.017234757,0,0.013771277,NA,NA,0,NA,-0.014393518,NA,0.069562201,-0.013800956,NA,-0.08782041,0,-0.094225978,0
AIN  0.035,0,-0.104781647,NA,-0.015668987,NA,0,0,-0.00417814,0,0,0.056537007,0,0,0,-0.005448482,NA,NA,0,-0.000730526,0,0,NA,-0.060675648,0,-0.006715803,0.072348563,0.098964495,0,NA,0,0,0,-0.03017041,NA,NA,-0.030472686,NA,NA,0.00100833,0,-0.005000094,NA,0,0,-0.018626555,NA,0,0,-0.047515301,NA,NA,0.031495596,0,0,-0.028234217,-0.078223343,0,NA,0,0.059437014,0.183273589,NA,0,0.159142064,NA,0,0,0,0,NA,0,0.01708435,0.007176606,0,-0.001578324,0,-0.019260232,0,0,NA,NA,0.0032053,NA,NA,NA,NA,NA,0.06361405,0,NA,0,0,NA,-0.001594496,NA,NA,0,-0.12272841,NA,0,0,NA,NA,NA,NA,0,NA,NA,-0.006297714,NA,0,0,NA,NA,NA,0.176882082,0,0,0.070677623,NA,NA,NA,-0.005792597,NA,0,0,0,-0.003730335,0,NA,-0.021876686,-0.007880455,0,NA,0.118609982,0.089184806,0.05098183,NA,NA,NA,NA,0.071706815,0,NA,0,0.040332457,0,NA,0.053694664,NA,NA,NA,0,NA,NA,0,0.040043675,0,-0.001569285,-0.019333939,-0.041007735,0,NA,-0.012671242,NA,0.018541621,NA,0,-0.038205723,NA,NA,-0.017167329,NA,0,NA,NA,0.009536823,NA,0,-0.011674266,0,-0.070718732,-0.028918234,NA,0.020029611,-0.057345439,0.041361296,-0.005199404,NA,0.063414539,-0.005704391,0,0,0.042279872,0,NA,0.006008509,0.044616251,0.085627913,NA,NA,-0.001987941,0.005375333,0,0.0103822,0,NA,0,-0.022067445,0.020221998,NA,NA,NA,0,0,NA,0.060263012,0.006774909,-0.007306561,0,0,-0.003851643,0,0.054144301,0.001027541,NA,0,0,0,NA,0,0,0,0,0,0.005300606,0,0,0,0.021688779,NA,NA,NA,NA,NA,0,NA,-0.026180357,-0.00934229,-0.02434573,NA,NA,-0.022221177,NA,NA,NA,-0.015984754,-0.000638174,0,0,0.007026283,0,0,NA,NA,NA,0,NA,NA,NA,NA,NA,NA,NA,NA,0.010175183,NA,NA,0,NA,NA,NA,-0.004681353,0,0,NA,NA,0,NA,0,NA,NA,NA,NA,0,NA,0.001226878,0,-0.026780838,0,-0.004615871,0,NA,0,NA,0,0,NA,NA,0,0,0,0,-0.003665994,0,NA,0,NA,NA,NA,NA,0,0,0,0,0.078535254,0,NA,NA,0,NA,0.003005365,NA,0,NA,0,NA,NA,0,-0.023125084,0.009916804,NA,0,0.010760003,0,-0.003365825,-0.002855667,0,0,NA,NA,0,0,-0.032822403,-0.032181304,0.067339746,-0.001623649,0,-0.075715458,0,-0.082592778,0
AIY  0.037,0,-0.075898499,NA,-0.017188598,NA,0,0,NA,0,0,0.048810999,0,NA,0,-0.000859942,NA,NA,0,0,0,0,NA,-0.036786414,0,NA,0.050837859,0.096592882,0,NA,NA,0,0.084077593,0,NA,0,0,NA,NA,0,NA,NA,NA,NA,NA,0,NA,NA,NA,-0.028960628,0.017698835,NA,0.03837969,0,0,0,-0.068885274,0,NA,0,0,0.337019348,NA,0,0.139052698,-0.025487666,0,0,0.001310425,0,NA,NA,0.001264758,0,NA,NA,NA,0,0,NA,NA,NA,NA,NA,NA,0,NA,0,0.034147344,NA,NA,0,NA,NA,0,NA,NA,NA,-0.113840877,NA,NA,0,NA,NA,NA,NA,0,NA,NA,-0.00279532,NA,0,0,NA,NA,NA,0.161878283,NA,0,0.119880214,0,NA,NA,0,NA,NA,0,0,0,0,NA,-0.005221312,NA,0,0,0.140635591,0.065888303,0.002310504,NA,NA,NA,NA,0.033671717,0,NA,0,NA,0,NA,NA,NA,0,NA,NA,NA,NA,NA,NA,0,0,-0.011389277,-0.016251983,0,NA,NA,-0.01376078,0.036823044,NA,0,NA,NA,NA,NA,NA,0,NA,NA,NA,NA,0,-0.001454123,0,-0.072608634,-0.037073382,NA,0.022843121,-0.060281204,0.076626009,0,NA,0.023169968,0,0,0,NA,NA,NA,0,0.01916004,0.075197398,0,NA,NA,0.010111482,0.063797196,0,0,NA,0,-5.28E-05,NA,0,NA,NA,NA,NA,NA,NA,0,0,0,0,0,0,0.044614059,0,NA,0.013626013,0,0,NA,0,0,0,0,NA,0.033075499,0,NA,NA,0.036143332,NA,0,NA,NA,NA,0,NA,-0.0241422,-0.028737231,NA,0,NA,NA,0,NA,NA,-0.013718533,-0.004262443,0,NA,0,0,0.003651213,NA,NA,-0.002069828,0,NA,NA,NA,0,NA,0.134962633,NA,NA,0,NA,NA,NA,NA,NA,0,0,0,0,NA,NA,0,NA,NA,NA,NA,NA,NA,0,NA,0.036968947,0,NA,0,0,0,0,NA,NA,0,0,NA,NA,0,0,0,NA,0,0,NA,NA,NA,NA,NA,NA,0,NA,0,0,0,0,NA,NA,NA,NA,NA,0,NA,NA,0,NA,NA,0,-0.013122896,NA,0.053190649,0,0,NA,0,-0.007976275,0,0.030892707,NA,NA,0,NA,-0.037744669,NA,NA,0,NA,NA,0,NA,0
AIZ  0.048,0,-0.096953799,NA,-0.025051973,NA,-0.016016551,NA,NA,0,0,0.065690435,0.211452891,0,0,-0.003622285,NA,NA,-0.033088245,NA,0,0,NA,-0.076683444,0,-0.022267652,0,0.067083534,0,NA,0,NA,0.206886913,0,NA,NA,0,NA,NA,0,-0.00199642,0,NA,0,NA,-0.01417131,NA,0,NA,-0.012735801,0.042690861,NA,0.013465422,0,0,NA,-0.102832082,0,NA,NA,0.033281925,NA,NA,0,0.11995887,-0.032809078,0,0,0.031251762,-0.010267102,NA,0,0.028153346,0,NA,NA,0,-0.010063349,0,0,NA,0,NA,NA,NA,0,NA,NA,NA,NA,NA,0,0,NA,-0.001540705,NA,NA,0,-0.12084569,NA,0,0,0,0,0.05856854,NA,0,0,NA,-0.007350069,NA,0,0,NA,NA,-0.00632247,0.310042882,0,0,0.060521388,0,0,NA,0,NA,NA,0,0,-0.013723476,0,NA,-0.015964032,-0.003853835,0,NA,0.060104036,0.132320551,0.040165759,NA,0,NA,NA,0.039264745,NA,-0.019849361,0,NA,0,0,NA,NA,NA,NA,NA,NA,NA,NA,0,0,0,-0.003402383,-0.046737662,0,0,NA,-0.016700304,0.067940002,NA,0,NA,NA,NA,-0.037473307,NA,0,NA,NA,NA,NA,0,-0.009396808,0,-0.107602765,-0.045908886,NA,0.048405723,-0.0680626,0,-0.012171282,NA,0.0748132,-0.004729432,0,0,0.028324357,NA,0.220651031,0,NA,0.09064926,-0.034308729,NA,-0.00629512,NA,0.064379691,0,0,NA,0,-0.076486539,0.025275527,NA,NA,NA,NA,NA,NA,NA,0,0,NA,0,-0.00766828,-0.007225623,0.011870372,NA,NA,0.102824,0,0,NA,0,NA,0,0,NA,NA,0,NA,0,NA,NA,0,NA,NA,NA,NA,NA,-0.019959891,-0.018338048,NA,0,NA,NA,NA,-0.012384077,NA,-0.006846554,0,0,NA,0.001301252,NA,0.018990334,NA,NA,0,0,NA,NA,NA,NA,NA,0.158604997,NA,NA,0,NA,NA,NA,NA,NA,0,0,-0.004185833,0,NA,NA,0,NA,0,NA,NA,NA,NA,0.044563394,NA,0.040131241,0,-0.031419567,0,-0.009305018,0,0,0,NA,0,NA,0,NA,0.048637904,0,0,-0.008825302,0,0,NA,-0.013446957,NA,NA,NA,NA,0,NA,0,NA,NA,NA,NA,NA,NA,NA,NA,NA,0,0.20291192,0,NA,NA,0,-0.01428284,0,0.043558039,0,NA,0,0,-0.016367156,NA,0,NA,NA,0,NA,-0.043360048,NA,NA,0,NA,-0.082280022,0,-0.131964501,0
ALA  0.037,0,-0.102086237,NA,-0.022606161,NA,NA,0,0,0,0,0.048850299,0,NA,0,-0.006820034,NA,NA,0,-0.01902638,0,0,NA,NA,0,0,0.082307514,0.119211582,0.007299493,NA,-0.042365197,0,0,-0.010929178,NA,0,NA,NA,NA,0.003042997,NA,0,NA,NA,0,-0.029649201,NA,NA,NA,-0.035060572,0.009650262,NA,0.035151805,0,NA,NA,-0.066833905,NA,0.006258633,0,0.170354244,0.051217894,NA,0,NA,-0.012152628,0,0,0.027439027,NA,NA,NA,0.004125824,0,NA,NA,0,-0.002235104,0,NA,NA,NA,0,0,NA,0,NA,NA,NA,NA,NA,0,NA,NA,-0.001994952,NA,NA,NA,-0.100903236,NA,0.006061653,0,NA,0,NA,NA,0,NA,NA,NA,NA,0,0.004767439,NA,NA,0,0.110798864,0,0,0.066993571,0,NA,NA,0,NA,NA,0,0,0,0,NA,NA,0,0,NA,0.077050671,0.084795793,0,NA,NA,NA,0,0.054880131,0,NA,0,0,0,0,0.033343129,NA,NA,NA,NA,NA,NA,0,NA,0,0,-0.015944645,-0.043766627,0,NA,NA,NA,0.005763404,0,0,NA,0,NA,NA,NA,0,NA,NA,NA,0,0,-0.011066791,0,-0.070029715,-0.027764073,NA,0.014007729,NA,0.022887941,-0.021097327,NA,0.077389898,0,0,0.063184062,0.01504987,NA,NA,0.008357544,0.032927917,0.069657259,NA,NA,NA,NA,0.057019218,0,0,-0.029326679,0,-0.022928969,0.022712849,NA,NA,-0.008353065,-0.023965528,0,NA,0.056322534,NA,-0.007040249,NA,0,0,0,0,NA,NA,0,0,0,NA,0,0,0,0,0.010526729,NA,0,0,NA,0.038996797,NA,0,NA,NA,NA,0,NA,-0.027243671,-0.020065704,-0.034071791,NA,NA,NA,NA,NA,NA,-0.003290674,NA,0,0,0.023242049,NA,0,NA,NA,NA,NA,NA,NA,NA,NA,NA,NA,NA,NA,0.007253603,NA,NA,NA,-0.009068594,NA,NA,NA,0,0,NA,NA,0,NA,0,NA,NA,NA,NA,0,NA,0.065419283,0,NA,0,-0.001709851,0,0,NA,NA,-0.000977804,NA,NA,0.310339063,0,0,0,NA,0,NA,NA,NA,NA,NA,NA,NA,0,NA,0,0,NA,NA,NA,NA,NA,NA,NA,NA,0,0.056700132,0,NA,NA,0,-0.002487207,0.113795409,0.039189462,0,0.006967214,0,0,0,0,0.013179375,-0.008993886,NA,0,NA,-0.020360516,NA,NA,-0.008752389,NA,-0.055417127,0,-0.071482661,0
Amphid sheath  0.037,0,-0.106600428,0,0,0,0,0,0,0,0,0.02090202,0,-0.069430515,0,0,0,-0.020599551,0,0,0.036343214,0,NA,-0.120163948,0.02097514,-0.013913625,-0.000711371,0.147536134,0,NA,-0.074726287,0,-0.019827836,-0.042790162,NA,0,0,-0.001304109,0,0.018292964,-0.061814375,0,-0.004308697,0.034088585,0.007433685,-0.049794169,0,0,NA,-0.093428273,0.010765029,NA,0.069820151,0,0,NA,-0.071301075,-0.009320942,0,0,0.062068637,0,0,0,0.234352616,-0.025087483,0,0,0,0,0,0,0.019734883,0,0,0.010285404,0,0,0,0,0,NA,0,0,0,-0.027424662,0,0,0,NA,0,0,0,NA,0,0,NA,0,-0.144227991,NA,-0.001544479,0,0,0.044930404,NA,-0.010680533,0,0,NA,-0.033918567,NA,0,0,NA,NA,0,0,0,0,0.085060894,0,0,0,0,-0.007365414,0,0.016352593,0,0,0,0,-0.037570728,0,0,0,-0.006802537,0,0,NA,-0.002804316,0,0.021809284,0.103291277,0,0,0,0.068147392,0,0,0,NA,0,-0.014376023,NA,NA,NA,0,-0.018000863,0,0,0,-0.074419905,0.000673109,0,0,0,0,0,0,0,-0.008186862,0,-0.131319337,NA,0,-0.000259011,NA,0.013625089,0,0,-0.010520125,0,-0.153859752,-0.030632678,NA,0.001147316,0,0,0,0,0.034127375,0,0.022891815,0,0.028837922,0,0,0,0,0.0991911,0,0,0,-0.002878341,0.088900135,0.014601293,-0.029660529,0,0,-0.043050156,0.009934151,-0.013248491,-0.000417019,-0.013759943,-0.001076317,0.084775675,0.064295047,0.265399066,0.001369712,0,0,0,0,-0.00862994,0.049973829,0.069031736,NA,0,-0.059311697,0,NA,0,0,0,0,0,0,0,0,0,0.020510883,NA,0,-0.00336676,0,0.014356164,0,-0.012343709,0,-0.014725091,0,0,0,0,0,0,-0.045064458,-0.052469209,0,0,0,0.006267338,0,0,0,NA,0,0,0,0,0,0,0.036788922,0.177146262,NA,0,0.011002963,0,NA,NA,0,0,0,0,0,0,0,-0.000895502,0,0,0,NA,NA,0,NA,0,0,0,0,-0.003775899,0,-0.014504102,0,0,0,0,0,0.038271039,0,0.421426708,0,0,0,-0.007454577,0,0,NA,0,NA,NA,NA,0,0,0.037063876,0,0,0,0,0,0,0,NA,-0.008464456,0,0.005073653,0,0,0,-0.003354834,0,-0.020073476,-0.000445123,0.050408545,0,0.073829009,0,0,0,0,0.169528645,-0.002975114,0.029066283,0,0,-0.009793863,-0.048336253,0.085738782,0,-0.022661723,-0.098339277,-0.002180028,-0.031814175,0
Amphid socket  0.041,0.171845616,-0.090086371,NA,-0.005913025,NA,0,0,-0.020131935,0,0,0.00036894,0,NA,0,0,NA,NA,0,0,0,0,NA,-0.109536705,0.026405524,-0.006348102,0,0.119758268,0,NA,-0.102987765,NA,0,0,NA,0,-0.054396629,NA,NA,0.010190702,0,NA,NA,0,0.227954644,-0.040308936,NA,0,NA,-0.070413188,0.004774151,NA,0.03990996,0,0,0,-0.093796708,NA,NA,0,0,0,NA,0,0.188035055,NA,0,0,-0.004250661,0,-0.00234584,0,0,0,0,0.02456708,0,0,0,0,NA,NA,0,-0.003361831,NA,-0.039814721,0,0,NA,NA,NA,NA,NA,NA,-0.008191176,NA,NA,NA,-0.088215586,NA,0,0,NA,NA,NA,NA,0,0,NA,-0.021723159,NA,0.028572171,0,NA,NA,-9.25E-05,0,-0.002255651,0,0.043100375,NA,NA,NA,0,NA,NA,0.002945386,0,0,-0.001679316,NA,-0.021471429,0,0,0,-0.025655223,0.035846223,0,NA,0,NA,0,0.057779462,NA,-0.010880807,0.015687256,0.028958677,-0.026125503,0,0,NA,0,-0.016463007,NA,NA,NA,-0.007455513,NA,0,0,0,-0.012164218,0.06719286,NA,0.068482527,-0.00027005,0.000189657,NA,0,NA,0,NA,NA,NA,0,NA,NA,NA,NA,0,-0.022523752,0,-0.096658692,-0.041867915,NA,0.00393137,0,0,0,NA,0.0766212,0,0.0043223,0,NA,0,0,0,0.004724199,0.141160805,-0.064313131,NA,NA,NA,0.193857812,0.004492625,-0.014026742,NA,0,-0.11116893,0.00905461,NA,NA,NA,-0.046144067,NA,0.077346708,NA,0.000643998,0,0.10843003,0,0,-0.034899749,0.047102742,NA,NA,0,0,0,NA,0,0,0,0,NA,NA,0,0,0,0.029961711,NA,-0.036094999,0,NA,0,0,NA,0.008857521,-0.034120657,0,NA,0,0.037081082,NA,0,-0.010010266,-0.008124134,0,-0.004210126,-0.006516312,0,0,NA,NA,NA,0,0,0.028356792,0,NA,NA,NA,NA,NA,NA,0.014168229,NA,NA,NA,-0.000904462,NA,NA,NA,0,0,NA,-0.008901149,0,NA,0,NA,NA,NA,NA,-0.029670966,0,NA,0,NA,0,-0.019852876,0.065427055,0,-0.014884864,NA,-0.024770978,NA,0,0.38291574,0,-0.024701011,0,NA,0,0,NA,-0.037632413,NA,NA,NA,NA,0,0.001424034,0,0,NA,NA,NA,NA,0,NA,-0.012628937,NA,0,NA,0,NA,NA,0,-0.032578204,NA,0.0441812,0,0.224815954,0,-0.005217591,0,0,0,NA,0,-0.000497313,0,0,NA,NA,-0.013941957,-0.016244398,-0.119093113,-0.010322302,-0.007790702,0
Anal muscle  0.050,0,-0.127290343,NA,0,NA,0,0,0,0,-0.008588944,0,-0.088814677,-0.141651404,0,0,NA,-0.033725512,0,0,0.062195731,0,NA,-0.116637732,0.038462383,-0.017011133,0,0.135274148,0,NA,-0.042719383,0,-0.074460254,-0.045391552,NA,0,-0.016475082,NA,0,0.023331714,NA,0,NA,NA,0,-0.02601838,0,0,NA,-0.108008636,0.011965226,NA,0.056486781,0,0,NA,-0.113047523,0,NA,0,0,0,NA,0.037881476,0.255240577,NA,NA,0,0,0,NA,0,0.019654064,0,NA,NA,0,0,0,-0.040756742,NA,NA,0.156901191,-0.072628594,NA,-0.022903313,NA,0,0,NA,NA,0,0,NA,-0.003309454,NA,0.128959677,NA,-0.140708197,NA,0,0,0,NA,NA,-0.029626727,0,NA,NA,-0.032171471,NA,0,0.015726569,NA,NA,-0.012397458,0,0,0.017981131,0.084414418,0,0,NA,0,NA,NA,0.001105301,0,0,-0.053645928,0.129639544,-0.025657634,0,0,NA,-0.071272537,0.055184999,0,-0.024054657,-0.021658062,NA,NA,0.091467957,-0.012655708,NA,-0.004004976,0.009398292,0,0,0,NA,NA,NA,NA,NA,NA,-0.019406668,NA,0,0,-0.004242655,-0.04008855,0,NA,NA,NA,0,0.031031255,0.002817241,-0.056228815,-0.310735081,NA,NA,NA,-0.014983135,NA,NA,0.216713566,NA,0,-0.020656772,0,-0.126868934,-0.032231964,NA,0.025955245,-0.014822847,0,0,NA,0,0,0.004538764,0,0.040811406,0,NA,0,0,0.097939613,-0.037689881,NA,NA,0,0.059713749,0.017607234,-0.005030486,-0.006425498,0,-0.009124677,0.035476231,NA,-0.003727519,-0.038173588,-0.02432049,0,0.056074381,0.158747461,0.034296339,-0.028377613,0,0,-1.42E-05,0,0.003443245,NA,0,-0.015438726,0,0,NA,0,0,0,0,NA,0,0,0,NA,0.011129317,NA,-0.003240377,NA,NA,0,0.016474988,NA,0,-0.012279635,0,0,NA,NA,NA,-0.020647615,NA,-0.044780727,0,-0.07838314,0,NA,0,NA,0,NA,-4.33E-05,0,NA,NA,NA,NA,0.26937898,0.677643434,NA,NA,0.003935902,NA,NA,NA,-0.006008418,0,0,0,-0.003279921,0,NA,NA,-0.007267053,NA,0,NA,NA,NA,NA,0,NA,-0.014686329,0.004243806,NA,0,-0.012755373,0,0.001103916,0,NA,0,NA,0,0.457830845,0.086728556,0,0.067828438,NA,0,0,NA,NA,NA,NA,NA,NA,0,NA,-0.006011105,0,-0.119494942,0.011547616,NA,NA,0,0,NA,NA,0,-0.028934983,0,NA,NA,0,-0.050102955,-0.022317416,0.05409905,0,0.02532168,0,0,0,NA,0,-0.028064293,0,0,0,0,NA,NA,0,NA,-0.106208737,-0.026970932,-0.041069804,0
Apoptotic germ cells  0.025,0,-0.097749178,0,-0.004346694,0,0,0,0.020523205,0.03519984,0,0.008534372,-0.215134642,-0.017809643,0,0,0,-0.025329501,0.006084804,-0.002938429,0.045534791,0.00863874,-0.007527577,-0.102695971,0.10314192,-0.000958495,0,0.12882687,0.030096081,NA,-0.046239024,0,0,-0.024588324,0,0,-0.032000734,-0.009713028,0,0.020831262,-0.088796959,0.007063752,-0.014273035,0,0,-0.077669654,NA,0.014418223,0,-0.102612565,0.009151811,0,0.064448084,0,0,-0.035518498,-0.04845979,-0.006433599,0,0,0,0,0,0.027017567,0.283818742,-0.021635368,-0.029043008,0,0,-0.013837651,0,0,0.002746824,0,0,0,0.009565319,-0.015291855,0,0,0,0,0,0,0,-0.021800922,0,0,0,0,0,0,0,NA,0,-0.001726707,0.096181194,0,-0.097273875,0,-0.001513655,-0.034134872,0,0,-0.024937031,0,0,0,NA,-0.016983653,0,0,0.013221024,NA,0,0,0.009666596,0,0,0.066763231,0,0,0,0,0,0,0.010648158,0,0.045004777,0,NA,-0.041407474,0,0.022095995,0,-0.016542512,0.015688683,0,-0.005949889,-0.019802263,0.000433581,0,0.08675837,-0.003845606,-0.003314679,0,0.041250594,0,0,0,NA,0,-0.022995845,0,0,NA,-0.005029264,-0.018426509,0,0,-0.005324483,-0.019400084,0,0,-0.027888571,0,0,0,0,-0.017231672,-0.059404488,0,-0.039321232,NA,0,NA,-0.009990191,0.011656354,0,0,-0.018952936,0,-0.126081773,-0.006048017,0.041778131,0.025745474,0,0.001972035,0,NA,0.054224455,0,0.023387107,0,0.032978514,0,0,0,-0.004656597,0.114240456,-0.053506847,-0.001756104,0.006699984,-0.006901381,0.033991659,0.022619771,0,0,0.00464125,-0.01959792,0.042002483,-0.106994737,-0.010003911,-0.01757387,-0.032161662,0.008582621,0.092648132,0.108325285,0.062031229,-0.02699048,0.024863119,0,0,0,0,0,NA,0,-0.016353159,0.00074455,-0.017502283,0,0,0,0,0,0,0,0,0,0,NA,0,-0.036430621,0,0,0,-0.003290022,0,-0.006309656,-0.011311309,0.099392948,0,-0.005805126,NA,-0.014734556,-0.014390316,-0.058010702,0,-0.005969372,0,0,0,0,0,NA,0,0,-0.005947621,0,0,0,0.022738543,0.171709288,NA,NA,0,0,NA,0,-0.002745227,0,-0.025506754,0,0,0,NA,0,0,0,0,-0.032363513,NA,0,0,0,0,0,0,-0.002893164,0,-0.013263579,0,0,-0.011647397,0,0,0,0,0.401185311,0,-0.009803247,0,0,-0.008923535,-0.02562609,NA,-0.00878837,NA,0,NA,0,0,0.014591726,0,0,0,0,0,0,0,0,-0.004753555,0,0.003105944,0,0,NA,0,0,-0.080136195,-0.009302246,0.038587681,-0.044777618,0.038985784,0,-0.002143063,0,0.038489753,0.065455587,0,0,0,0,0,-0.06087749,0.025452814,-0.001908985,-0.012737512,-0.073529948,-0.006674372,0,-0.014593615
Arcade cells  0.045,0,-0.084617257,0,0,NA,0,0,0,0,0,0,0,NA,0,0,0,-0.006941028,0,0.083297283,0,0,NA,-0.073156343,0.007135494,-0.024283141,-0.018664368,0.096451288,0,NA,-0.043559244,0,0,-0.037648519,0,0,-0.033519912,0,0,0.00905602,0,0,NA,0,0.007106778,-0.036345554,NA,0,0.423829991,-0.046494712,0,0,0.049037707,0,0,0,-0.050337006,0,0,0,0.026584337,0,0,0,0.158112877,-0.024464492,0,0,0,0,-0.011452467,0,0,0,0,0,0,-0.019042294,0,0,0,NA,0,-0.008409169,-0.052931758,-0.033866769,0.401012397,0,0,NA,0,0,0,NA,0,0,NA,0,-0.067693411,-0.001111164,0,-0.007157494,NA,0,NA,-0.014920462,0,NA,NA,-0.004036303,0,0.006791512,0.043692148,NA,NA,0,0,0,-0.001044344,0.040488421,0,0,0,0,-0.008752871,0,0.004151282,0,0,0,NA,-0.022120817,0,0,0,0,0.06031582,0,0.035731274,0,NA,0.009143616,0.054905762,0,-0.012512636,0,0,0,0,0,NA,0,NA,NA,NA,NA,0,-0.027343625,0,0,-0.004779202,-0.028977266,0,0,0,-0.012438512,0,0,0,0,-0.18451167,0,NA,NA,-0.005869579,0,NA,0.03318706,0,0,-0.02772687,0,-0.09557613,-0.024624907,0,0.01929089,0,0,0,0,0,0,0.017623817,0,0.029307714,-0.008285058,0,0,-7.10E-05,0.066583526,0,NA,0,-0.013888308,0.039118343,0.017480777,-0.005448352,0,0,-0.034675977,0,0,NA,NA,0,0.336521914,0.054887651,0.137209052,0.000441347,0,0.005801321,0,-0.008991971,-0.013951846,0.042740009,0.161838829,NA,0,0,0,-0.037934544,0,0,0,0,-0.007034635,0,0,0,0.012992179,0.032208904,NA,0,0,0,0.026071059,0,-0.009629965,0,-0.001589338,-0.01107937,NA,0.015662075,NA,NA,-0.009717817,-0.025298215,-0.045441204,0,-0.002683118,0,0,0,0,0,NA,0,0,NA,0,-0.181468361,0,0.033764071,0.305475118,NA,0,0.007410571,-0.003309133,NA,0.022461128,0.068735604,NA,0,-0.003019036,-0.013814681,0,0,NA,0,0,0,NA,NA,NA,0,0,0,0,0.000350296,0,0,-0.01932719,0,0,-0.029896069,0,0,0,0,NA,0,0,0,NA,0,0,NA,0,NA,NA,NA,0,0,0.024386625,0,0.376003764,0,0,NA,NA,0,NA,-0.018710934,NA,0,-0.000830098,-0.002431135,NA,NA,0,-0.026433014,NA,0.085050239,0,0.013260637,0,0,0,0,0.106577643,0,0,0,0,-0.016510313,-0.044687028,0.060652444,0,NA,-0.056064756,0,-0.029918402,0
AS  0.043,0,-0.078158746,NA,-0.00061255,NA,0,0,0,-0.001285202,0,0.03324704,0,-0.115455231,0,0,0,-0.017991455,-0.02308621,-0.035447618,0.069937234,0,NA,-0.039547151,0,-0.012989879,0,0.108187741,0,NA,-0.012986816,0,0,-0.021662945,NA,0,0,NA,0,0,0,0,NA,0,0,-0.021169209,0,0,0,-0.031201023,0.001703138,NA,0.051551659,0,0,-0.008560058,-0.08866704,0,0,0,0.070345384,0.252364545,0.003727989,0,0.145250052,-0.018729933,-0.002047371,0,0,0,-0.017077644,0,0.000657661,0,0,0,0.007872175,-0.006296618,0,0,NA,0,0,0,-0.001918233,0.051251865,0,-0.036219825,0,NA,NA,-0.026749585,0,NA,-0.003473159,-0.00238821,0.106452932,0,-0.072750047,0,0,0,NA,0,NA,NA,0,NA,NA,0,0.039659625,0,0,NA,NA,-0.02886642,0.116419894,0,0,0.059951447,0,0,NA,0,0,NA,0,0,-0.02139635,0,NA,-0.001170604,0,0,NA,0.022690876,0.06996334,0,0,0,0,0,0.043246912,0.014543251,-0.009339604,0,NA,0,0,0.090292978,NA,NA,NA,NA,NA,NA,-0.016579597,NA,0,0,-0.007204878,-0.064811108,0,0,NA,NA,0,NA,0,-0.05622672,NA,0,-0.023022384,NA,0,NA,0,0,0,0.018280331,-0.017189782,0,-0.098790043,-0.034447346,NA,0.007300518,-0.032885702,0.014217827,0,NA,0.064148753,0,0,0,0,0,0.092515652,0,0.087644875,0.072167576,-0.00098421,NA,-0.001709533,0.066670008,0.031806543,0,0,0,0,0,0.011842803,NA,0.015415282,-0.004732821,-0.027590452,0,0.05282237,0.051237814,0,0,0,0.13381274,-0.016136541,-0.013522399,0.043584903,NA,NA,0,0,0,NA,0,0,0,-0.00604447,0.005241345,0.033194734,0.010529892,0,0,0.005089971,NA,0,-0.000129728,NA,0,0,NA,-0.040065171,-0.010059044,-0.054469272,NA,NA,NA,NA,-0.019147228,NA,-0.00145776,0,0,0,0,NA,0,0,NA,0,0,NA,0,0,NA,0.066691485,0.233515704,NA,0,0.018588978,NA,NA,NA,NA,NA,0,0,-0.0046829,0,-0.059969842,NA,0,NA,0,NA,NA,NA,NA,0,NA,0.045047577,0,NA,0,-0.009860027,-0.005533016,0,0,NA,-0.001552014,0,0,NA,0,-0.000106319,0,NA,0,0,NA,-0.008866386,NA,NA,NA,NA,0,0,0,0,NA,0,NA,0.178566056,NA,NA,0.06549299,0.032331307,0.014204969,0,0,NA,0.011663969,0,-0.008360359,0.124739052,0.041463208,0,0.009207256,0,-0.014074537,0,0,0,0,0,0,0,-0.048999832,-0.061746568,0.025983327,-0.001506887,0,-0.059199535,0,-0.120627387,0
ASE  0.045,0,-0.080054561,0,-0.015210427,NA,-0.007538177,0,NA,0,0,0.045444981,0,NA,0.000144144,-0.019445723,NA,NA,-0.018928365,0,0,0,NA,-0.064912963,0,NA,0,0.104982475,0,NA,0,0,0.189790848,0,NA,NA,NA,NA,NA,NA,NA,0,NA,0,0.003665431,0,NA,NA,NA,-0.041944654,NA,NA,0.031092625,0,0,NA,-0.059642569,NA,NA,0,0.153399372,NA,NA,0,0.146988724,NA,0,0,0,0,-0.004451571,NA,0,0,0,NA,0,0,0,0,NA,NA,NA,NA,NA,0,0,NA,NA,NA,NA,0,0,0,0,NA,NA,NA,-0.102687077,NA,NA,0,NA,NA,NA,NA,0,NA,NA,0,NA,0,3.34369205057722e-05,0,NA,0,NA,0,0,0.087221714,NA,0,-0.048987081,0,NA,0,0,0,-0.000926694,0,0.095864707,-0.022924527,NA,0,NA,NA,NA,0,NA,0,NA,NA,0.046816625,0,-0.010974431,0,NA,0,0,0.052716408,NA,NA,0,NA,NA,NA,NA,0.089461306,0,0,0,-0.030622177,0,NA,NA,NA,0.053282396,0,0,NA,0,NA,NA,NA,0,NA,NA,NA,NA,0,0,0,NA,-0.064463778,NA,0.047365229,NA,0,0,NA,0.01210763,0,0,0,0.052386494,NA,0.327499123,0,NA,0.068403702,NA,NA,0,NA,0.089688891,0,0,NA,0,-0.018153884,0,NA,NA,NA,NA,0,NA,NA,0,0,NA,0,0,-0.000646972,0.100349681,NA,NA,0,0,0,NA,0,0,0,0,NA,0,0,0,NA,0.04588737,NA,0,0,NA,NA,0,NA,NA,0,-0.025026976,0,0.019385994,NA,NA,-0.00325696,-0.008507161,0,NA,0,NA,0,NA,0,0,NA,NA,0,NA,NA,NA,NA,NA,NA,NA,NA,0,0,NA,NA,NA,NA,0,0,0,0,NA,NA,0,NA,NA,NA,NA,NA,NA,0,NA,0.036215366,0,-0.022003476,0,0,0,NA,0,0.100932289,NA,NA,NA,NA,0,-0.036071851,0,NA,0,-0.005143943,NA,-0.013893785,NA,NA,NA,NA,0,NA,0,NA,NA,NA,-0.01177171,NA,NA,NA,NA,NA,0,0,0,NA,NA,0,0,NA,0.038471748,0,0,0,0,0,NA,0,NA,0,0,NA,NA,-0.001736947,0.036605199,0,NA,NA,0,NA,0
ASG  0.034,0,-0.090736363,NA,-0.015775107,NA,NA,NA,0,-0.00377427,0,0.039014042,0,0,0,-0.013876227,NA,NA,0,0,0,0,NA,-0.076543847,0,NA,0,0.122086892,0,NA,-0.018844134,NA,0,0,NA,0,-0.033727766,NA,NA,0,-0.046079788,0,NA,NA,0,-0.000888956,NA,NA,NA,-0.042375452,0.008085157,NA,NA,0,0,0,-0.084873736,0,0,NA,0.066125794,0.152593937,0,0,0.175228567,NA,0,0,0,0,-0.013169553,-0.002090941,0.007295657,0,NA,NA,0,0,0,NA,NA,NA,0,0,NA,NA,NA,NA,0,0,NA,0,0,NA,-0.004580633,0,0.066424974,NA,-0.088421523,0,0,NA,NA,NA,NA,NA,0,NA,NA,0,NA,0,0.015584595,0,NA,0,0.090825793,0,0,0.036715347,0,0,-0.042117332,0,0,0,0,0,0,0,NA,NA,NA,0,0,NA,0.101603615,0.002105933,0,NA,NA,NA,0.040550436,0,NA,0,0.002988315,0,0,0.085142709,NA,0,0.006273684,NA,NA,NA,NA,0.113906418,0,-0.008050318,-0.012725801,0,0,0,NA,NA,0.004067102,NA,0,NA,NA,NA,NA,NA,0,NA,NA,NA,NA,0,-0.00642896,0,-0.10143082,-0.03346516,0,0.001208386,-0.022273706,0,0,NA,0.038453136,0,0,0,0.035291345,0,0.334133183,0,0.002586262,0.07439019,NA,NA,-0.000562534,NA,0.045854624,0,0,NA,0,-0.019579794,0.01089855,NA,NA,NA,-0.03184611,0,0.065698862,0.060399154,0,-0.007057579,0,0,0,0,0.023453496,0,NA,0,0,0,NA,0,NA,0,0,NA,0,5.82394582320469e-06,0,NA,0.065687609,NA,0,-0.003509654,NA,0,NA,NA,0,0,-0.021688357,NA,0.152653886,-0.003524865,NA,NA,-0.00740425,0,-0.000499182,0,0,0,0,0.000817692,0,NA,-0.006672499,0,NA,NA,0,NA,NA,NA,NA,NA,0,NA,NA,NA,NA,NA,0,NA,-0.014844277,0,NA,NA,0,NA,0,NA,NA,NA,0,0,NA,0,0,-0.009404161,0,0,0,0,-0.004445297,NA,0,0,NA,0.320112642,0,0,0,NA,0,0,NA,0,NA,NA,NA,NA,0,NA,0,0,NA,0.005300436,NA,NA,0,NA,0,NA,NA,0,0,NA,0,0,-0.005592911,0,0.033031339,0,0.013524732,0,-5.06E-05,0,0,0,NA,NA,NA,0,-0.029648011,NA,NA,NA,NA,-0.022162049,0,-0.085860147,0
ASH  0.038,0,-0.141933767,NA,-0.01847944,NA,0,0,0,-0.003973304,0,0.022166563,0,NA,0,-0.014305236,NA,NA,0,-0.005697823,0,0,NA,-0.078043447,0,0,-0.00367011,0.135298697,0,NA,NA,NA,0,-0.011100103,0,NA,NA,0,NA,0,NA,0,NA,0,0.005623534,NA,0,0,NA,-0.045966432,0.029316148,NA,0.051177128,0,0,NA,-0.107785683,0,NA,0,0.073347057,0.274974335,0,0,0.173547947,NA,NA,0,0,0,NA,NA,0.01846095,0,NA,NA,0.001260939,0,0,0,NA,NA,NA,NA,NA,0,NA,NA,0.027335372,NA,-0.008574399,NA,0,0,-0.008885258,NA,NA,NA,-0.118758315,NA,NA,0,0,0,0,NA,0,0,NA,0,NA,0,0,NA,NA,NA,0.056814859,0,0,0.075881901,0,0,-0.095437624,0,NA,0.047383688,0.008509487,-0.009715094,0,0,NA,NA,NA,0,NA,0,NA,0,0,NA,NA,0,0.054869682,NA,-0.01508975,0,NA,0,0,NA,NA,NA,0,NA,NA,NA,NA,0.128761128,0,0,-0.00075952,-0.017510021,0.101553034,NA,NA,NA,0.004678998,NA,0,NA,NA,NA,NA,NA,0,NA,NA,NA,NA,0,-0.002179405,0,NA,-0.056282267,NA,0.010353355,-0.047477378,0,0,NA,0.036515183,-0.016841915,0,NA,0.10085868,NA,0.425523735,0,0,0.086798719,0,NA,0,NA,0.051203373,0.007850039,0,NA,0,0,0,0,NA,NA,-0.042381778,0,NA,NA,0,0,0,0,-0.007694395,-0.003677287,0.01909096,0,NA,0,0,0,NA,0,0,0,0,NA,0,0,0,0.001325358,0.079824004,NA,NA,0,NA,NA,NA,NA,0,-0.008205815,NA,NA,0.026324655,NA,NA,-0.00500164,NA,-0.041696655,-0.014753833,0.0467923,0,0,0,0.018499131,0,NA,NA,0,NA,NA,NA,0,NA,NA,NA,NA,0,NA,NA,NA,NA,NA,NA,0,-0.061807416,0,NA,NA,0,NA,0,NA,NA,NA,NA,0,0,0.011740138,0,NA,0,-0.021942677,-0.005381744,0,0,0.076597683,0,0.179179654,0,0.380797847,0,-0.02984049,0,-0.003440085,0,0,NA,-0.030465015,NA,NA,NA,0,0,NA,0,0,NA,0,NA,0,NA,NA,0.003115486,NA,0,0,0,NA,NA,0,-0.013436628,NA,0.031293714,0,0,0,0,0,NA,0,-0.006295471,NA,0,NA,-0.039668144,NA,NA,-0.008262057,NA,-0.041133746,0,-0.061396156,0
ASI  0.041,0,-0.089802836,NA,-0.008871944,NA,0,0,0,0,0,0.027988637,0,NA,0.007595742,-0.009689115,0,NA,0,0,0,0,NA,-0.050732624,0,-0.013858215,0,0.113961474,0,NA,-0.042102026,NA,0,0,NA,NA,-0.012478263,0,NA,0,-0.015323881,NA,NA,0,0,-0.012327228,0,0,NA,-0.047915645,0.015245194,NA,0.053580529,0,0,NA,-0.089941404,0,NA,NA,0.074193854,0.066535778,NA,0,NA,NA,-0.001487658,0,0.002121796,0,NA,0,0.000380464,0,NA,0,0.00015834,0,0,NA,NA,NA,NA,0,NA,0,NA,NA,NA,NA,NA,0,NA,0,0,NA,NA,NA,-0.096485048,NA,0,0,NA,0,0.120573131,NA,0,0,NA,-0.013692776,NA,0,0,NA,NA,NA,0.04931581,0,0,0.094466658,0,0,-0.029740128,0,NA,NA,0,0,-0.001518702,0,NA,-0.022525743,0,0,0,NA,0.044467236,0,0,0,NA,0.003418239,0.056452127,0,NA,0,NA,0,0,NA,NA,NA,0,NA,NA,NA,NA,0.121762358,0,-0.002559692,-0.005133806,-0.066987065,0,NA,NA,NA,0.005285069,NA,0,0,NA,NA,NA,NA,0,NA,NA,NA,NA,0,-0.002343866,0,-0.121572737,-0.02295284,NA,0.01478811,NA,0,0,NA,0.029471026,0,0,0,0.033033515,NA,0.288841472,0,0,0.078183067,0,NA,0,0,0.051765084,0,0,NA,0,-0.012259402,0,NA,NA,NA,0,NA,0.064706837,0.071003657,0,-0.009894217,0.001462911,0,-0.00326071,-0.005549405,0.031282036,0,NA,0,0,0,NA,0,0,0,0,NA,0,0.001614302,0,0,0.07387695,NA,0,0,NA,NA,-0.003014203,NA,-0.003236162,0,-0.021800388,0.034654324,0,NA,NA,-0.015270143,-0.014077321,-0.010337149,0,0,0,0,0,0.019658629,NA,NA,NA,0,0,NA,NA,NA,0.034456584,NA,NA,NA,0.011552688,0,NA,NA,NA,NA,NA,0,0,0,NA,NA,0,-0.009688239,NA,NA,NA,NA,NA,0,NA,NA,0.008781659,NA,0,-0.011500277,-0.000339107,0,NA,NA,0,NA,0,0.399149795,0,0,0.003989045,0,0,-0.009673466,NA,-0.017872288,NA,NA,NA,NA,0,NA,0,NA,0,NA,NA,0,0,NA,0,NA,NA,NA,0,NA,NA,0,-0.005001568,NA,NA,0,NA,0,0,0,0,0.007933205,NA,0,0,0,-0.037817824,-0.050196915,0.042954489,0,NA,-0.033281965,0,-0.021938911,0
ASJ  0.036,0,-0.031398533,NA,-0.011159196,NA,NA,0,0,-0.00100779,0,0.028604387,0.009732368,NA,0.009963975,-0.004847272,NA,NA,0,-0.021246208,0.032484346,0,NA,-0.040470294,0,-0.005412897,0,0.124896037,0,NA,-0.007661585,0,0,0,NA,NA,NA,0,NA,0,0,0,NA,NA,0,0,0,NA,NA,-0.042439549,0.02678158,NA,0.038349012,NA,0,0,-0.085525912,NA,NA,0,0.082465401,0.109426032,NA,0,NA,NA,NA,0,0,0,NA,0,0.012244379,0,NA,NA,0,-0.003323481,0,NA,NA,NA,0,-0.015222229,NA,0,NA,NA,NA,NA,-0.003766749,0,NA,NA,-0.005969933,NA,NA,0,-0.080712937,NA,0,0,NA,0,NA,NA,0,0,NA,NA,NA,0,0,NA,NA,0,0.078220317,0,0,0.09912863,0,NA,NA,0,NA,NA,0,0,0,0,NA,-0.026761593,NA,0,NA,0,0.050802283,0,0,0,NA,NA,0.059161239,NA,NA,0,NA,0,0,NA,NA,0,NA,NA,NA,NA,NA,0.120781848,0,0,-0.003248345,-0.049388948,0,NA,NA,NA,0.002124856,NA,0,NA,0,NA,NA,NA,0,NA,NA,NA,NA,0,-0.004173936,0,NA,-0.039365662,NA,0.045892203,NA,0,0,NA,0.012642958,0,0,0,NA,0,0.289448574,0,0,NA,NA,NA,NA,NA,0.069955816,0,0,NA,0,-0.036032822,0,NA,NA,-0.07311369,-0.007804186,NA,NA,NA,0,NA,NA,0,-0.003562894,-0.002260391,0.056944333,0.01501148,NA,0,0,0,NA,0,0,0,0,0,9.42131112347724e-05,0,0,0,0.073547661,NA,0,NA,0,0,-0.001442711,NA,-0.00618406,-0.01474912,NA,0,0,NA,NA,-0.015658521,0,-0.012666508,0,0,0,0,0,0.012192824,0,NA,NA,0,-0.004876922,NA,NA,NA,NA,NA,NA,NA,0.013987034,NA,NA,NA,NA,0,NA,NA,0,0,NA,NA,0,NA,0.000502513,NA,NA,NA,NA,0,NA,NA,0,NA,-0.000275968,-0.019348825,-0.003083879,NA,NA,0.009589309,0,NA,0,NA,0,0,0,NA,0,0,NA,NA,NA,NA,NA,NA,0,NA,0,0,NA,0,NA,0,NA,NA,NA,0,0,NA,0,NA,NA,0,-0.018235862,NA,0.037840403,0,NA,NA,0,0,NA,0,-0.009589656,0,0,NA,-0.023264048,NA,0.039664811,-0.010227475,NA,-0.053923911,0,NA,0
ASK  0.043,0,-0.064930536,NA,-0.012030829,NA,-0.017233123,0,NA,0,0,0.025373738,0,NA,0,0,0.202800768,NA,0,-0.004618308,0.005979802,0,NA,-0.053825491,0,-0.017675385,0,0.120268974,0,NA,-0.024647973,NA,0,0,NA,NA,NA,0.048104092,0,0,-0.05102395,0,NA,0,NA,NA,0,NA,NA,-0.041809327,0.02057972,0.017238453,0.010107568,0,NA,NA,-0.059684204,0,NA,NA,0.114278143,0.248682005,NA,0,NA,NA,0,0,0.02641655,0,NA,0,0.012337682,0,NA,NA,0.004079607,0,0,0,NA,NA,0,NA,NA,0,NA,NA,NA,NA,0,NA,NA,NA,0,NA,0.064035706,NA,-0.085090356,NA,0,0,NA,NA,NA,NA,0,NA,NA,-0.004375179,NA,0,0.003757763,NA,NA,0,NA,NA,0,0.100369477,0,NA,NA,0,0.012324319,NA,0,0,-0.00589062,-0.00300572,NA,-0.020484229,0,0,0,NA,NA,0,0,NA,NA,0,0.022185702,NA,NA,0,0.024867834,0,0,NA,NA,NA,NA,NA,NA,NA,0,0.127243535,0,0,-0.006281174,-0.139207847,0,0,NA,0,0.004222053,NA,0,NA,NA,NA,NA,NA,0,NA,NA,NA,NA,0,0,0,-0.066355117,-0.039937448,NA,0.044383337,-0.064141522,0,0,NA,0.011509407,0,0,0,0.047164648,NA,0.232620706,0,0,NA,0,NA,0,NA,0.137762796,0,0,NA,0,-0.068986213,0,NA,-0.000875955,NA,NA,NA,NA,0.136154898,0,-0.01235379,NA,0,0,-0.013671866,0.030963491,NA,NA,0.039102336,0,0,-0.014056221,0,NA,0,0,NA,NA,0,0,0,0.073223943,NA,0,0,0.011050099,NA,0,NA,-0.009719954,0,-0.018219323,0,0,NA,NA,-0.005406894,-0.007059168,-0.002274502,-0.008671118,0,NA,0,NA,0.022053183,NA,NA,-0.006710254,0.11936174,NA,-0.015129975,NA,0,NA,NA,NA,0.026082417,0,NA,NA,NA,0,NA,0,NA,-0.03909739,0,NA,NA,0,NA,NA,NA,NA,NA,NA,0,NA,6.22266992434622e-05,0,0,0,0,0,0,0,0.324090155,0,NA,0,0.312011635,0,-0.034407982,0,NA,0,-0.015081655,NA,NA,NA,NA,NA,NA,0,NA,0,0,0,0,NA,0,NA,0,NA,NA,0.00017763,0.009639373,0,NA,NA,0,-0.003826924,0,0.037682757,0,0.005223992,0,0,0.006287965,NA,0,NA,0,0,0,-0.024281849,-0.033510779,0.080109397,0,0,0,0,NA,0
AUA  0.045,0,-0.067704456,NA,-0.020895752,NA,0,0,0,0,0,0.051188557,0,0,0,0,NA,NA,0,0,0.004578075,0,NA,-0.066831654,0,NA,0,0.203443645,0,NA,0,NA,0.06369126,0,NA,NA,0,NA,0,0,NA,0,NA,0,0,0,NA,0,NA,-0.046169899,0.025523752,NA,0.046427344,NA,NA,0,-0.081501172,0,NA,0,0.050651969,0.245126803,NA,0,0.198165691,NA,NA,0,0,0,NA,0,0.009857855,0,NA,NA,NA,0,0,NA,NA,NA,0,NA,NA,0,NA,NA,0.023058625,NA,NA,0,NA,NA,0,NA,NA,NA,-0.106721871,NA,0,0,0,0,NA,NA,0,NA,NA,-0.013201892,NA,0,0,NA,NA,NA,0.115548619,0,0,NA,NA,0,NA,0,NA,0,0,0,0,0,NA,-0.02900467,0,0,NA,0.072913007,0.082768424,0,NA,NA,NA,0,0.068482829,NA,NA,0,NA,NA,NA,NA,NA,NA,0.057942212,NA,NA,NA,NA,NA,0,0,-0.00778368,0,0,NA,NA,NA,0.023750498,NA,0,NA,NA,NA,0,NA,0,NA,NA,NA,NA,0.008082384,0,0,-0.085920526,-0.032240597,NA,0.017239601,NA,0.019377342,0,NA,0.059585144,0,0,0,0.099826158,NA,0.273263228,0,0.022979316,NA,0,NA,NA,NA,0.015777363,0,0,NA,0,-0.016349112,NA,NA,NA,NA,NA,NA,NA,NA,NA,-0.013826959,0,0,0,0,0,0,NA,0,0,0,NA,0,NA,0,0,0,NA,NA,0,NA,NA,NA,0,NA,NA,NA,0,0,-0.016775094,0,NA,NA,NA,NA,NA,-0.023226161,NA,0,NA,0.019789367,0,0,NA,NA,NA,NA,0,0,NA,NA,NA,NA,NA,NA,NA,NA,0.006618306,NA,NA,NA,NA,NA,NA,0,0,0,NA,NA,0,NA,NA,NA,NA,NA,NA,0.032294071,NA,NA,0,NA,0,0,0,0,NA,NA,0,NA,NA,NA,0,0,0,NA,0,0,NA,0,NA,NA,NA,NA,0,NA,0,NA,NA,NA,NA,NA,NA,NA,0,NA,0,NA,0,NA,NA,0,0,NA,0.031542618,0,0.001787305,NA,0,0,0,NA,NA,NA,0,NA,-0.025155482,NA,NA,NA,NA,-0.036489511,0.000752709,NA,0
AVA  0.048,0,-0.089125469,NA,-0.010111634,NA,0,0,0,0,0,0.054124901,0,NA,0,0,0,NA,-0.017051229,-0.053483059,0,0,NA,-0.014708434,0,-0.004585579,0,0.112935297,0,NA,-0.043545352,0,0.02087416,-0.029784555,NA,0,0,0.018511152,0,0.014224049,0,0,NA,NA,0,-0.039605834,NA,0,NA,-0.02471895,0.003765987,NA,0.03704724,0,0,NA,-0.092703569,0,NA,0,0.189294582,0.265097466,NA,0,0.158156631,-0.03669737,NA,0,0.020999227,0,-0.024993068,0,0.008672039,0,NA,0,0.025965351,-0.011131832,0,0,NA,NA,0,NA,-0.029871861,0,NA,NA,0.0156509,NA,NA,0,NA,NA,0,NA,NA,0,-0.088037194,NA,0,0,0,NA,0.0292705,0,0,0,NA,-0.003553454,NA,-0.00465961,0.012050151,NA,0,NA,0.198092997,0,0,0.086406642,0,0,NA,0,NA,NA,0,0,-0.006050293,0,NA,NA,0,0,NA,0.010319662,0.103926617,0.025610632,NA,NA,NA,-0.014476884,0.029721531,NA,-0.02230612,0,0,0,0,0.010307453,NA,0,0.010994613,NA,NA,NA,NA,0,0,0,0,-0.089271734,0.034852754,0,NA,NA,0.019487559,NA,0,NA,NA,NA,-0.056728771,NA,0,NA,NA,0.006891713,NA,0.001456355,-0.011161773,0,-0.081906811,-0.056834007,NA,0.014008409,-0.067735652,0.016136876,0,NA,0.102404513,0,0,0,0.017132235,-0.007041301,0.228048783,0,0.080666413,0.094580386,-0.036443582,NA,-0.013526076,NA,0.075728012,0,0,-0.009641414,0,-0.01309752,0.029287131,NA,NA,NA,-0.081441312,0,0.06607802,0.019156031,0,0,0,0.065122995,-0.002686743,-0.003475924,0.026319248,NA,NA,0.001891689,0,0,-0.030663378,0,0,0,0,0,0,0.019105457,0,NA,0.027378111,NA,0,-0.007743745,NA,0,0,NA,-0.034461682,-0.033264905,-0.042095537,0.220936299,0.062138513,-0.036735267,NA,-0.014056631,NA,-0.03747779,-0.000748535,0,0,0,NA,0,0,NA,NA,0,NA,NA,NA,NA,0.061862873,0.094025449,NA,NA,0.003335258,NA,NA,NA,-0.001984447,NA,0,0,-0.026437969,0,NA,NA,0,NA,0,NA,NA,NA,NA,0,NA,0.086500054,0,NA,0,-0.011094979,0,0,NA,0.066380731,-0.002271949,0,0,NA,0,-0.011165669,0,NA,0,-0.00095435,NA,0,0,NA,NA,NA,0,0,0,0,NA,0,-0.003629178,0.091657816,NA,NA,0.066835641,NA,0,0.058146611,0,NA,NA,0,-0.011092552,0.102418193,0.047334137,0,0,0,-0.009888997,0,0,0,NA,0,0,0,-0.058646381,-0.055125215,0.011519099,-0.005651092,NA,-0.06933023,0,-0.094261544,0
AVB  0.046,0,-0.076252733,NA,-0.007389698,NA,0,0,0,0,0,0.032970079,0,NA,0.019996329,0,0,NA,-0.00375013,-0.03334519,0,0,NA,-0.046206596,0,0,0,0.107063606,0,NA,-0.042666514,0,0,0,NA,0,0,0.027534302,NA,0.013522045,-0.035746716,0,-0.002032863,0,0,-0.022346078,NA,0,NA,-0.034291664,0,NA,0.035999356,0,0,NA,-0.080740315,0,NA,0,0.202128486,0.14852305,NA,0,NA,-0.023146666,0,0,0.018414806,0,-0.014936457,0,0.004262212,0,NA,NA,0.013446944,-0.006148738,0,0,NA,NA,0,0,NA,NA,NA,NA,0,NA,-0.004329052,0,0,NA,0,NA,NA,0,-0.097640488,NA,0,0,NA,0,NA,NA,0,NA,NA,-0.006801467,NA,0,0,NA,NA,NA,0.118597078,0,0,0.099168195,0,NA,NA,0,NA,0,0,0,-0.006357298,0,NA,-0.020156301,0,0,NA,0.033400977,0.066454794,0,NA,0,NA,0,0.037933199,NA,NA,0,NA,0,0,NA,NA,0,0.014677338,NA,NA,NA,0,0,0,0,-0.011457706,-0.03199199,0.002149313,0,0,NA,0.014537445,NA,0,NA,0,0,-0.032929859,NA,-0.006724141,NA,NA,NA,NA,0,-0.008916316,0,-0.055197331,-0.05432283,NA,0.025865531,NA,0,0,NA,0.048014985,0,0,NA,0.001341962,0,0.144170646,0,0.055986147,0.080217883,NA,NA,-0.010393673,0.006929071,0.08070074,0,0,NA,0,-0.053637778,0.023639707,0,NA,NA,-0.041666598,0,0.051694029,0.026025539,0,0,0,0.077765897,-0.001687041,-0.008540059,0.033203427,NA,NA,0.035680602,0,0,-0.028453764,0,0,0,0,0,0,0.004150252,NA,NA,NA,NA,0,NA,0,0,0,NA,-0.027247017,-0.015937615,-0.042831318,0.122339884,0,NA,NA,NA,NA,-0.022506681,-0.002475293,0,0,0,0,0,0,NA,-0.004474506,0,NA,0,NA,NA,NA,0.139492818,NA,NA,0,NA,NA,NA,NA,NA,0,-0.001166438,-0.015109831,0,NA,NA,0,NA,0.005966581,NA,NA,0,NA,0,0,0.072232465,0,-0.024933824,0,-0.005433751,0,0.001487581,-0.002471285,0,0,0,0,0.298472578,0,-0.006092584,0.043059829,-0.00302325,0,0,NA,0,NA,NA,NA,0,0,NA,0,0,0,0,NA,0,0,0,0.042642583,0.015835444,0,0,0,NA,NA,0,-0.01449799,0.129484644,0.047745312,0,0,0,0,0,0,0,0,0,0,0,-0.031458966,NA,0.034002546,-0.014093996,0,-0.062193328,0,-0.083005175,0
AVD  0.042,0,-0.075658343,NA,-0.011252593,NA,0,0,0,0,0,0.034889123,0,NA,0.022900456,0,0,NA,-0.021775361,-0.021742609,0,0,NA,-0.037019238,0,0,0,0.11858137,0,NA,-0.034428943,0,0,-0.021809967,NA,0,0,0,NA,0.009537557,0,0,NA,0,0,-0.033866956,0,0,NA,-0.023413416,0.005117915,NA,0.045342767,0,0,NA,-0.089888428,0,0.002500909,0,0.120081604,0.060202534,NA,0,NA,NA,-0.014444899,0,0.001714099,0,-0.019424292,0,0.019832104,0,NA,NA,0.016229822,-0.016593934,0,0,NA,NA,0,0.030663974,-0.015639684,0,NA,NA,NA,NA,NA,0,0,NA,0,NA,NA,NA,-0.084775611,NA,0.003527598,0,NA,NA,NA,0,0,NA,NA,-0.005382601,NA,0,0,NA,NA,NA,0.12892525,0,0,0.091781881,0,0,NA,0,0,NA,0,0,-0.00374889,0,NA,-0.019618232,0,0,NA,0.025873536,0.096513067,0,0,NA,0,0,0.05717304,0,-0.007765751,0,0.139410888,0,0,0,NA,NA,NA,NA,NA,NA,-0.033764811,0.004692473,0,0,0,-0.045578205,0,0,NA,-0.000870914,0.005648257,NA,0,NA,NA,NA,-0.03833925,NA,0,NA,NA,0.00091855,0,0,-0.00930258,0,-0.09887339,-0.033690067,0,0,-0.033880053,0.009915377,0,NA,0.114972222,0,0,0,0.020966283,0,0.165897937,0.00390597,0.057247218,0.059799694,-0.019646882,0,0,NA,0.048405333,0,0,NA,0,-0.014672197,0.029364799,0,NA,-0.032599175,-0.044504248,0,0.048447245,0.022155401,0,0,0,0,-0.011782524,0,0.00819827,NA,NA,0,0,0,NA,0,0,0,-0.00218755,0,0,0.009632608,NA,NA,NA,NA,0,-0.007389115,0,0,0,NA,-0.021957039,-0.014970223,-0.035165968,0.213847349,0,NA,NA,-0.020549931,-0.017225172,-0.016434492,0,0,0,NA,0,0,0,NA,0,0,NA,-0.001596506,NA,-0.034117459,0.030096652,0.120060841,NA,NA,0.012685453,NA,NA,NA,NA,NA,0,0,0,0,NA,NA,0,NA,0.039396784,NA,NA,NA,NA,0,NA,0.016256999,0,NA,0,-0.005064538,-0.008329763,0,NA,0.008323715,-0.003021446,0,NA,0.319371943,0,0,0,-0.015886829,0,0,NA,0,NA,NA,NA,NA,0,0.001219414,0,0,NA,0,NA,0.036245677,0,NA,0.068294425,NA,0,0.015418269,0,-0.031922914,NA,0,-0.013935154,0.147618701,0.04271053,0,0,0,-0.012574015,0,0,0,NA,-0.008599256,0,NA,-0.008784184,-0.024751206,0.013390872,-0.013701442,NA,0,0,-0.106048624,0
AVE  0.047,0,-0.114586787,NA,-0.012054426,NA,0,0,-0.003374003,-0.013951189,0,0.051100744,0,NA,0,-0.0073997,0,NA,-0.024646726,-0.029554016,0.014626146,-0.004831817,NA,-0.053618054,0,-0.002803139,0,0.096728863,0,NA,0,0,0.019764317,-0.06386404,NA,NA,0,0,NA,0.0131419,0,0,NA,NA,0,-0.018445677,NA,0,NA,-0.033178385,0.014799872,NA,0.033584639,0,0,-0.035669208,-0.116694253,0,0.02091524,0,0.082990685,0.191314263,NA,0,NA,-0.034468699,0,0,0,0,-0.017967243,0,0.026651622,0,NA,NA,0.003157823,-0.022195756,0,NA,NA,NA,0,0.001749049,NA,0,NA,0,0,NA,NA,-0.109684683,0,NA,-0.004619237,0,NA,NA,-0.111602135,NA,0,0,0,0,NA,NA,0,NA,NA,-0.004031952,NA,0,0.005089233,NA,NA,-0.021044026,0.16763249,0,0,0.07332074,NA,0,NA,0,0,0,0,0,-0.018007473,0,NA,-0.026773866,0,0,NA,0,0.10315718,0.044048342,NA,NA,NA,-0.006827889,0.056898531,NA,-0.014884144,0,0.008227999,0,0,NA,NA,0,0.090337761,NA,NA,NA,0,0,0,0,-0.011120632,-0.083319173,0,0,NA,-0.017976368,0.035929267,0,0,NA,NA,NA,-0.068757581,NA,0,NA,NA,0,NA,0,-0.01474327,0,-0.099386507,-0.067606265,NA,0.008564463,-0.066007672,0.015627201,0,NA,0.10646453,0,0,0,0.017755317,-0.000346442,0.193263123,0,0.063876274,0.08804208,-0.052355687,0,-0.003515536,0,0.059765217,0.011980163,0,NA,0,-0.021079011,0.028804541,NA,NA,NA,-0.045465549,0,0.049164573,0.053995577,0.002503555,0,0,0.100913697,-0.010281043,-0.003917939,0.043189726,NA,NA,0,0,0,NA,0,0,0,0,NA,NA,0.01656144,0,NA,NA,NA,0,NA,NA,NA,0,-0.001134144,-0.018021812,-0.041268225,NA,NA,NA,NA,NA,-0.014534445,-0.006012205,-0.027963846,-0.015081047,0,0,0,0,0,0,NA,0,0,-0.056736897,NA,0,0,0.06376129,0.169478265,NA,NA,0.017271603,NA,NA,NA,NA,NA,0,0,-0.038740372,0.001681716,NA,NA,-0.000370965,NA,0,NA,NA,NA,NA,0,NA,0.062298338,0,NA,-0.002466648,-0.011635518,-0.002873403,0,-0.010031069,0.00045393,-0.014856542,0,0,NA,0.027790717,0,0,NA,-0.00763501,0,NA,-0.009503752,NA,NA,NA,NA,0,0,0.004460267,0,NA,0,-0.009757128,0,NA,NA,0.07270778,0,NA,0.061115821,0,NA,NA,0,-0.017807808,0.019258514,0.047575377,0,0.019198952,0,-0.005189277,0,NA,0,NA,0,0,0,-0.02153025,NA,0.035213639,-0.013067258,NA,-0.098310905,0,-0.121016018,0
AVF  0.044,0,-0.107434334,NA,-0.013307497,NA,0,0,NA,-0.009015677,0,0.067867154,0,0,NA,-0.005802021,NA,NA,0,-0.023573345,0.051294243,0,NA,-0.03038845,0,NA,0.10208457,0.131261993,0,NA,NA,0,0.038819053,-0.03738306,NA,NA,-0.008120342,NA,NA,NA,-0.028703769,NA,NA,NA,0.010415787,-0.000320157,NA,0,NA,-0.024451217,NA,0.02921201,0.053798001,0,0,NA,-0.092466355,NA,0.002460789,0,0.038945503,0.212261581,NA,0,NA,NA,-0.009453548,0,0.004864162,0,-0.016246666,0,0.01570499,0,0,NA,0,-0.001403552,0,NA,NA,NA,0,NA,NA,0,NA,NA,0.036215335,0,NA,0,NA,NA,-0.000354166,NA,NA,NA,-0.109421746,NA,0,0,0,NA,NA,NA,0,NA,NA,-0.00626077,NA,0,0,NA,NA,NA,0.116385771,0,0,0.078968669,0,NA,NA,0,NA,NA,0.000986166,0,-0.008544426,0.014574946,NA,-0.031910432,NA,0,NA,NA,NA,0,NA,0,NA,NA,0.053371455,NA,-0.004279544,0,NA,0,0,NA,NA,NA,NA,NA,NA,NA,NA,NA,0,0,-0.013447508,-0.10690364,0,NA,NA,NA,0.039533361,NA,0,-0.021325503,NA,NA,-0.025501415,NA,0,NA,NA,NA,NA,0,-0.017664569,0,-0.084429447,-0.043575577,NA,0.020614101,-0.054074174,0.055731628,0,NA,0.096327035,0,0,NA,0.041459198,NA,0.246479657,0,0.048765887,0.070436033,-0.036488256,NA,NA,NA,0.060606486,NA,0,NA,0,-0.081934158,0.030332377,NA,NA,NA,NA,0,NA,0.070536114,0,0,NA,0.224046531,-0.003080998,0,NA,NA,NA,0.015149831,0,0,NA,0,0,0,-0.007770793,NA,0.021751536,0.008606466,0,NA,NA,NA,0,NA,NA,0,0,NA,-0.021129025,NA,-0.043662646,NA,NA,NA,NA,-0.017492599,-0.004496588,NA,0,0,NA,0,0,0.003163938,NA,NA,NA,NA,NA,NA,0,NA,0.029977674,NA,NA,NA,0.018516189,NA,NA,NA,NA,NA,NA,NA,0,0,NA,NA,0,NA,0,NA,NA,NA,NA,0,NA,0.130867005,0,-0.037657919,0,-0.007220144,-0.00473292,0,NA,NA,-0.005667014,NA,NA,NA,0,0,0,NA,0,0,NA,NA,NA,NA,NA,NA,NA,NA,0,NA,NA,NA,NA,0,NA,NA,NA,NA,0,NA,0,-0.03975289,NA,0,-0.005379226,NA,0.050642987,0,0,0,-0.005270744,-0.008730472,NA,0,0,NA,0,0,-0.041198723,NA,0.055196319,-0.018634121,NA,-0.013961639,0,-0.102074853,0
AVH  0.042,0,-0.090662108,NA,-0.026124781,NA,0,0,NA,-0.003074277,0,0.062968104,NA,0,0,0,NA,NA,-0.017832554,-0.031260584,0,-0.000888547,NA,NA,0,0,0.065970967,0.135892487,0,0.036125877,-0.055749436,0,0,0,NA,NA,0,NA,NA,0.013550987,-0.058838952,-0.000700654,NA,NA,0.01061766,-0.021610007,0,NA,NA,-0.059785089,NA,NA,0.070607508,NA,NA,NA,-0.096298463,0,NA,0.008485131,0.205766544,0.029375051,NA,0.054086831,NA,NA,NA,0,0.033853433,0,-0.01056856,NA,0.038127916,0,NA,NA,0.02064705,-0.020596094,0,0,NA,NA,0.000328747,0.031555142,NA,0,NA,0,NA,NA,NA,NA,NA,NA,-0.007458835,NA,NA,NA,-0.1070695,NA,0,0,0,0,NA,NA,0,NA,NA,NA,NA,0,0,NA,NA,NA,NA,0,-0.000969326,0.149990483,NA,NA,NA,0,NA,NA,NA,0,0,0,NA,NA,-0.003630476,0,NA,NA,0.088133476,0,NA,NA,NA,0,0.072982445,NA,NA,NA,0.017719776,NA,NA,NA,NA,0,NA,NA,NA,NA,NA,NA,0,NA,-0.018570887,-0.086206117,0,NA,NA,NA,0.038252168,NA,0,NA,NA,NA,-0.058139719,NA,-0.00947756,NA,NA,NA,NA,0,-0.015246671,0,NA,-0.043015596,NA,0.028488177,-0.049747249,0.044181969,0,NA,0.087322372,0,0,0,0.070981258,NA,0.197909172,0,0.044947264,NA,-0.002221681,NA,NA,NA,0.091642064,NA,0,-0.031966207,0,-0.035241818,NA,NA,NA,-0.019895699,-0.051664721,0,NA,NA,0.028460094,-0.021500982,0.030892311,0.026915473,-0.010529994,-0.017626457,NA,NA,NA,0.149801257,0,0,-0.037884112,0,NA,0,0,NA,0,0.004112644,NA,NA,NA,NA,0,NA,NA,NA,NA,NA,NA,-0.009699345,-0.038767818,NA,NA,NA,NA,NA,NA,0,-0.007982989,0,NA,0,0,NA,NA,NA,-0.001914509,NA,NA,NA,NA,NA,0.040528967,NA,NA,NA,0.016406291,NA,NA,NA,NA,NA,NA,NA,0,0,NA,NA,0,NA,NA,NA,NA,NA,NA,0,NA,0.13475899,0,NA,0,-0.013865899,-0.014510254,NA,NA,0.019126072,0,NA,0,0.413683646,0,0,0,-0.008297676,-0.022041651,-0.003800853,NA,0,NA,NA,NA,NA,0,NA,0,0,NA,NA,NA,NA,0,NA,0.049914428,NA,NA,NA,NA,NA,NA,0,-0.030573935,NA,0.053527819,-0.003319541,0.021429506,0,0,0,0,0.057973376,NA,NA,0,0,NA,NA,NA,NA,NA,-0.054900575,0,-0.125522397,0
AVJ  0.042,0,-0.101262138,NA,-0.016295123,NA,0,0,0,-0.001081443,0,0.037057028,0,-0.12078185,0,-6.75E-05,0,-0.007907983,-0.021850957,-0.015034717,0,-0.004068232,NA,-0.059588949,0,-0.025525857,0,0.134746217,0,NA,-0.047278758,-0.330554467,0,0,NA,0,-0.025198378,0,NA,0,-0.018279143,0,NA,0,0,-0.034424005,NA,0,0,-0.017602367,0.015696495,0.019507211,0.033918133,0,0,NA,-0.099732851,0,NA,0,0.149932418,0.104992379,0.126861316,0,0.19975536,NA,0,0,0.001859256,0,-0.011941048,0,0.004852274,0,NA,NA,0.018336931,-0.016042846,0,NA,NA,NA,0,0.072314109,NA,0,0,0,0,0,0,0,0,NA,-0.000975321,-0.004253592,NA,NA,-0.087647954,NA,0,0,0,NA,NA,NA,0,NA,NA,-0.008057956,NA,0,0,NA,0,NA,0.087975679,0,0,0.104810197,0,0,0,0,NA,NA,0.010428929,0,-0.014623062,0,NA,-0.01424862,0,0,NA,0.019853071,0.100699164,0,NA,0,NA,-0.001618666,0.055061953,0,-0.0204614,0,NA,0,0,NA,NA,0,0,NA,NA,NA,-0.025777909,0,0,0,0,-0.015646044,0,NA,NA,NA,0.020386403,0,0,NA,NA,NA,-0.030944595,NA,0,NA,NA,NA,NA,0,-0.007650776,0,-0.075692667,-0.037656835,NA,0,NA,0,0,NA,0.078922114,0,0,0,0.064560843,0,0.14182905,0,0.054153849,0.070582328,NA,NA,0,0.012873782,0.046535822,0,0,NA,0,-0.040729904,0.013312533,NA,0,NA,-0.024117769,0,0.052898655,0.077526182,0,0,NA,0,-0.012662213,-0.011697565,0.010147575,NA,NA,0,0,0,0,0,0,0,-0.003115369,0,0.001337204,0.00651886,0,NA,0.020768235,NA,0,NA,NA,0,0,NA,-0.014100651,-0.017340143,-0.030054822,0.52715269,NA,NA,NA,-0.009473886,NA,-0.007048208,NA,0,0,NA,0,0,0,NA,0,0,NA,0,NA,NA,0.021453134,0.110094698,NA,NA,0.002305303,NA,NA,NA,NA,NA,0,0,0,0,NA,NA,0,NA,0,NA,NA,NA,NA,0,NA,0.036281801,0,-0.000921065,0,0,-0.01803547,0,-0.003015949,NA,0,0,0,NA,0,0,0.021111531,0,0,0,NA,0,NA,NA,NA,NA,0,NA,0,0,NA,NA,NA,NA,0.222408823,-0.032608896,0.059677573,0.034078069,0,NA,0,NA,NA,0,-0.013480326,0.124544729,0.041448153,0,0,0,-0.014226394,0,-0.000954647,0,NA,-0.036432725,0,0,-0.028407683,NA,0.001815968,-0.025694621,NA,-0.048699205,0,-0.110300699,0
AVK  0.040,0,-0.09131447,NA,-0.014622822,NA,-0.003439949,0,0,0,0,0.052728263,0,NA,0,0,NA,NA,0,-0.016924928,0,0,NA,-0.073413419,0,-0.032178826,0.079895503,0.135927594,0,NA,-0.046106298,0,0.159676773,-0.009310283,NA,0,-0.039901909,NA,NA,0.021616249,0,NA,NA,NA,0,-0.011338912,NA,0,NA,-0.028463342,0.009121338,NA,0.040774082,0,0,0,-0.091766912,0,NA,0,0.108655883,0.06233886,NA,0,NA,NA,0,0,0.027881047,0,-0.019135728,0,0.014720855,0,NA,NA,0,-0.008818351,0,NA,NA,NA,0,NA,NA,NA,NA,NA,0.09659798,0,NA,0,NA,NA,0,NA,NA,NA,-0.107773962,NA,0,0,0,0,NA,NA,0,0,NA,-0.019906393,NA,0,0,NA,NA,0,0.102683052,0,0,NA,0,0,NA,0,NA,NA,0.001638026,0,0,0,NA,NA,NA,0,0,0.141475883,0.108132744,0.012437255,NA,NA,NA,-0.000722402,0.04435913,NA,NA,0,0,0,0,NA,NA,0,NA,NA,NA,NA,0,NA,0,0,-0.007111648,-0.034429754,0,NA,-0.006401576,NA,0.009805241,0,0,NA,NA,0,-0.000730824,NA,0,NA,NA,0.020475905,NA,0,-0.005247804,0,NA,-0.051048394,NA,0.026013099,NA,0.069026288,-0.002987732,NA,0.076015236,0,0,0.053780962,0.056457262,NA,NA,0.008398834,0.023290797,0.061576012,0,NA,-0.000564495,NA,0.037278667,0,0,-0.033615162,0,-0.019954107,NA,NA,NA,NA,-0.052322486,NA,0.054994521,0.04217582,0,-0.002404161,NA,0.022679047,0,0,0.030368647,NA,NA,0.107831928,0,0,NA,0,0,0,0,NA,NA,0.007391699,0,NA,0.03907345,NA,NA,-0.019163868,0,NA,0,NA,-0.016220547,-0.005838755,-0.019979552,NA,0,NA,NA,-0.01776357,NA,NA,0,0,0,0.012793325,0,0,NA,NA,NA,NA,NA,-0.00183174,NA,0,NA,0.172456819,NA,NA,0,NA,NA,NA,NA,NA,NA,NA,0,0,NA,NA,0,NA,NA,NA,NA,NA,NA,0,NA,0.028459967,0,-0.016148558,0,-0.006067618,0,0,0,0,-0.01079087,NA,NA,NA,0,0,0,NA,0,-0.000717035,NA,0,NA,NA,NA,NA,0,0,0,NA,NA,0,NA,NA,NA,NA,0.021720188,NA,0,0.014756578,0,NA,NA,0,-0.008503801,0.136140813,0.049235274,0,0,0,-0.001627813,0,NA,0,-0.037811564,NA,0,NA,-0.042397683,NA,0.00463302,-0.007394164,NA,-0.055773567,0,-0.136490895,0
AVL  0.041,0.024524898,-0.094235361,0,-0.02075341,NA,0,0,0,0,0,0.040110998,0,NA,0.001790005,-0.007762424,0,NA,-0.010973463,-0.015136374,0,0,NA,-0.069021435,0,0,0,0.113823598,0,NA,-0.024168109,0,0,-0.013798251,NA,0,-0.045999962,0,NA,0.008642599,-0.099703159,0,NA,0,0,-0.021065491,NA,0,NA,-0.03275488,0.013825608,0.03497875,0.085082602,0,0,-0.0063301,-0.077631177,0,0,0,0.138203216,0,NA,0,0.204366845,-0.004904318,0,0,0.008853144,0,-0.012496672,0,0.02322788,0,NA,0,0.004517841,-0.02339693,0,0,0,NA,0,0,NA,0,NA,-0.417139579,0.1070497,NA,NA,0,0,NA,-0.001893796,0,NA,NA,-0.091730255,NA,0,0,NA,0,NA,0,0,NA,NA,-0.012584349,NA,0,0,NA,NA,0,0.074143116,0,0,0.163946605,0,0,NA,0,NA,0,0.005804121,0,0,0,NA,-0.02039787,0,0,0,0.073768113,0.113179613,0,NA,0,NA,-0.002465886,0.068021439,0,NA,0,NA,0,0,NA,NA,NA,0.041731953,NA,NA,NA,0,NA,0,0,-0.007609309,-0.030340734,0,-0.007445386,NA,NA,0,0,0,0,-0.019457653,NA,-0.04287541,NA,0,NA,0,0.020513968,NA,0,-0.011739676,0,-0.080968764,-0.007114359,NA,0.014248974,NA,0,0,NA,0.023194102,0,0.005014749,0.091889392,0.042947084,0,0.161913619,0.019552175,0.024961472,0.056985952,NA,NA,0,NA,0.009504091,0,0,-0.041836125,0,-0.048471341,0.030140377,0,NA,NA,-0.041064276,0,NA,0.043167465,0.000894796,0,0,0,-0.003216695,0,0.01509394,NA,NA,0,0,0,NA,0,0,0,0,0,0,0,0,0,0.018788793,NA,0,0,0,0,-0.003128744,NA,-0.018377415,-0.03507971,NA,NA,NA,NA,NA,-0.014992517,-0.028832559,0,NA,0,0,NA,NA,0,0,NA,0,0,NA,NA,NA,0,0.047500715,0.19694266,NA,NA,0,0,NA,NA,0,NA,NA,NA,0,0,NA,NA,0,NA,0,NA,NA,NA,NA,0,0,0.010896405,0,NA,0,-0.009699828,0,0,-0.007234891,0,-0.003718006,0,0,0.357997143,0,0,0,NA,-0.005128235,-0.002900044,NA,0,NA,NA,NA,NA,0,NA,0,0,NA,0,NA,NA,NA,NA,NA,NA,0,0.006779645,0,NA,NA,0,-0.010801215,0.065788212,0.041659818,-0.006409906,0.002526661,0,0,0,0,0.029966555,0,-0.016701634,0,0,-0.011234896,NA,0.033114821,-0.006231857,NA,-0.090224237,0,-0.105894191,0
AVM  0.043,0,-0.092715277,NA,-0.019112695,NA,0,0,0,0,0,0.034555682,0,NA,0.027306171,-0.000151896,NA,NA,-0.016910957,-0.000308959,0,0,NA,-0.064395958,0,0,0,0.108781806,0,NA,-0.0148215,0,0,0,NA,0,0,NA,0,0,0,0,-0.010417338,0,0,-0.012691644,NA,NA,NA,-0.047361933,0.020987144,NA,0.030467445,0,0,0,-0.066272481,0,NA,0,0.032448699,0.173610642,0,0,0.164127624,NA,-0.009213571,0,0,0,-0.01243208,0,0.003503286,0,NA,NA,0.007887205,0,0,NA,-0.009033366,NA,0,0.10597624,NA,0,NA,NA,NA,NA,NA,0,NA,NA,-0.001843055,NA,NA,0,-0.077237306,NA,0,0,NA,NA,NA,NA,0,NA,NA,-0.01248275,NA,0,0,NA,NA,NA,0.111424103,0,0,0.104714647,NA,0,NA,0,NA,NA,0,0,0,0,NA,-0.021442817,NA,0,NA,NA,0.008488036,0,NA,0,NA,0.030194491,0.041069488,0,-0.014886029,0,NA,0,0,0,NA,NA,NA,NA,NA,NA,0,0,0,0,0,-0.037517444,0,0,NA,-0.002474959,0.002815275,NA,0,NA,NA,NA,0,NA,0,NA,NA,NA,NA,0,-0.005983308,0,NA,-0.031078321,NA,0.011823635,NA,0,0,NA,0.0147726,0,0,NA,0.054725473,NA,0.143591753,0,0.016070646,0.054959806,-0.04540572,NA,-0.00299647,0.008961216,0.021407475,0,0,0,0,-0.031710137,0.011093686,NA,NA,NA,0,0,NA,0.039274394,0,-0.002385987,0,0,0,0,0.018134121,0,NA,0,0,0,NA,0,0,0,0,NA,0.011254752,0,NA,NA,NA,NA,0,NA,0,NA,0,0,-0.033466275,NA,-0.013468603,NA,NA,NA,NA,NA,NA,NA,-0.012072813,0,0,NA,NA,0,0,NA,-0.005010681,NA,NA,NA,NA,NA,0.045129851,0.165919401,NA,NA,0.005707833,NA,NA,NA,NA,NA,-0.047629677,0,0,0,NA,NA,0,NA,0.01397651,NA,NA,NA,NA,0.022770375,NA,0.04900758,0,NA,0,-0.004511993,0,0,-0.020795019,NA,0,0,NA,NA,0,0,0,NA,0,0,NA,-0.008337585,NA,NA,NA,NA,0,NA,0,NA,NA,NA,NA,NA,0,NA,NA,NA,0.000270424,0.193296853,0,NA,NA,0,0,0.128839939,NA,0,0,NA,-0.011140223,0,NA,0,-0.000366879,NA,0,0,-0.037123815,NA,0.050930784,0,NA,-0.024909068,0,-0.095591066,0
AWA  0.048,0,-0.087165586,NA,-0.005926268,NA,0,0,0,0,0,0.030432085,0,NA,0,-0.01023982,NA,NA,0,-0.014697838,0,0,NA,-0.063264377,0,0,0,0.122114953,0,NA,-0.043389172,0,0,0,NA,NA,-0.018175817,0.079874803,NA,0.009780763,0,NA,NA,0,0,0,0,0,0,-0.037653942,0.01329229,NA,0.036942218,0,NA,NA,-0.107727589,0,NA,NA,0.165574953,0.250590662,NA,0,0.201888004,-0.030501059,0,0,0,0,-0.019144103,0,0.00832564,0,NA,NA,0,-0.010194281,0,NA,0,NA,NA,-0.016278133,NA,0,NA,NA,NA,NA,0,NA,NA,NA,-0.00689982,NA,NA,0,-0.10805459,0,0,0,NA,0,NA,NA,0,NA,NA,-3.95E-05,NA,0,0,NA,NA,NA,0.102321107,0,0,0.115848222,0,NA,-0.142965301,-0.003616755,NA,0,0.004016858,0,0,0,NA,-0.020003449,NA,0,NA,0.022990488,NA,0,0,0,NA,NA,0.052126993,NA,NA,0,NA,0,NA,0,NA,NA,0,NA,NA,NA,0,0.144051578,0,-0.003614922,-0.006387081,0,0,0,NA,-0.008900491,0.014182486,NA,0,NA,0,NA,-0.017581761,NA,0,NA,NA,NA,NA,0,0,0,-0.114477384,-0.041709468,NA,0.025584143,NA,0,0,0,0.04981729,0,0,NA,0.019835218,NA,0.130931268,0,0,0.104732541,NA,NA,NA,0,0.033347737,0,0,NA,0,-0.010030962,0.007824405,NA,NA,NA,0,0,0.064298189,NA,0,-0.008917746,0,0,-0.008488106,0,0.051366465,NA,NA,0,0,0,NA,0.077292854,0,0,0,NA,NA,0,NA,0,0.078214702,NA,0,0,NA,0,0,0,-0.004492062,0,-0.0260008,0,0,NA,NA,-0.011546858,NA,-0.019752127,NA,0,0,0,NA,0.004698753,NA,NA,NA,0,NA,NA,NA,0,NA,NA,NA,NA,0,NA,NA,0,NA,NA,0,NA,0,0,NA,NA,0,NA,0,NA,NA,NA,NA,0,0,NA,0,NA,0,0,0,NA,0,0.098519679,0,NA,NA,NA,0,-0.009612577,0,NA,0,0,NA,-0.01864031,NA,NA,NA,NA,0,NA,0,0,NA,NA,NA,NA,NA,NA,0,NA,NA,NA,0,NA,NA,0,-0.018485485,NA,0.032399857,0,NA,0,-0.001397244,-0.009962759,0,0,-0.035847827,0,0,0,-0.031248351,NA,0,-0.017270095,NA,-0.041537079,0,-0.010389042,0
AWB  0.050,0,-0.087056271,NA,-0.008354243,NA,NA,NA,0,0,0,0.034155635,0,NA,0.02274158,-0.013064168,NA,NA,0,0,0.043356883,0,NA,-0.055343529,0,NA,0,0.124183699,0,NA,-0.015784206,0,0.18278109,-0.00214176,NA,NA,0,0.011722347,NA,0,0,NA,NA,0,0,-0.002345292,NA,0,0,-0.054386914,0.020365432,NA,0.032528747,0,0,NA,-0.081824576,0,NA,0,0.091517103,0.288683838,NA,0,NA,-0.028201151,0,0.003272692,0,0,-0.013690983,0,0.013789414,0,NA,NA,0,0,0,0,NA,NA,0,0,-0.066283574,NA,NA,NA,NA,NA,0,NA,NA,NA,-0.004987718,NA,NA,NA,-0.095250811,NA,0,0,NA,0,NA,0,0,0,NA,NA,NA,0,0,NA,NA,NA,NA,0,0,0.094259084,0,0,NA,0,NA,0,0.000285346,0,-0.00427404,0,NA,NA,NA,0,NA,0.032046793,NA,0.000944063,NA,NA,NA,NA,0.060853962,NA,NA,NA,0.065399577,0,0,NA,NA,0,NA,NA,NA,NA,NA,0.112805875,NA,-0.005276813,-0.006459838,-0.093209323,0,NA,NA,NA,0.035554496,NA,0,NA,NA,0,-0.009085637,NA,0,NA,NA,NA,NA,0,0,0,NA,-0.044077292,NA,0.001611803,NA,0.002201964,0,NA,0.035237088,0,0,0,0.07327044,NA,0.288640513,0,0.004846974,NA,0,NA,NA,0,0.063573379,0,0,NA,0,-0.047390919,0.000618808,NA,NA,-0.037429976,NA,NA,0.07385129,NA,0,-0.010432799,0.007339246,0,-0.002330282,-0.006401198,0.045519409,NA,NA,0,0,0,NA,0,NA,0,0,NA,0.00498161,0.002179527,0,NA,0.02436146,NA,0,NA,0,NA,0,NA,-0.015538977,0,-0.027073031,NA,0,NA,NA,-0.01135997,NA,-0.015708034,-9.02E-05,0,NA,NA,NA,0.003332284,NA,NA,-0.000589213,0,NA,NA,NA,NA,0.055069435,0.127448119,NA,NA,0.018363867,NA,NA,NA,NA,NA,0,0,0,0,NA,NA,0,NA,0,NA,NA,NA,NA,0,NA,NA,0,NA,0,-0.006516196,0,0,0,0.283251243,0,0,0,NA,0,0,0.017999248,-0.002413297,0,0,NA,-0.01638981,NA,NA,NA,0,0,NA,0,NA,NA,NA,NA,0,NA,NA,0.008022609,NA,0,NA,0,NA,NA,0,-0.008612988,NA,0.045308957,0,0.009052247,0,-0.009833145,-0.010377429,NA,0,NA,NA,0,NA,-0.020467338,NA,0.0650206,NA,NA,NA,0.020630047,-0.034711014,0
AWC  0.048,0,-0.085881076,0,-0.024183881,NA,NA,0,NA,0,0,0.05337969,0,NA,0.025912289,-0.025492834,NA,NA,0,-0.01919385,0,0,NA,-0.075122418,0,0,0,NA,0,NA,NA,0,0.060744057,0,NA,NA,0,0.139310223,0,0,-0.07341512,0,NA,0,0.010714513,0,NA,0,NA,-0.049345959,0.037066835,NA,0.036723567,0,0,NA,-0.087118092,0,NA,0,0.137416028,0.313689129,NA,0,0.141324299,NA,0,0,0,0,NA,NA,0.011604973,0,0,0,0,0,0,0.002904052,NA,NA,0,0,NA,0,NA,NA,NA,NA,NA,NA,NA,0,0,NA,NA,NA,-0.11580869,NA,NA,0,NA,0,NA,NA,0,NA,NA,-0.011856326,NA,0,0.012250921,NA,NA,NA,NA,0,0,0.108379788,0,0,NA,0,NA,0,0.005794352,0,-0.005493669,0,0.138541212,-0.036892462,0,NA,NA,NA,NA,0,NA,0,0,0,0.061577555,0,NA,0,0.036518742,0,0,NA,NA,NA,0,NA,NA,NA,NA,0.090832324,0,0,-0.005495742,-0.091428476,0,NA,NA,0,0.022517935,NA,0,NA,NA,NA,-0.010640657,NA,0,NA,NA,NA,NA,0.002550639,0,0,NA,-0.043480253,NA,0.045176994,NA,0,0,NA,0.027885175,0,0,0,0.053270181,NA,NA,0,NA,0.084467322,0,NA,-0.004187781,NA,0.073380815,0,0,NA,0,-0.029331105,0.011543586,0,NA,NA,NA,NA,NA,NA,0.008025146,NA,NA,0,0,0,NA,NA,NA,0,0,0,NA,0,0,0,0,NA,0.011915981,0,0,0,0.069659603,NA,0,NA,NA,0,0,0,-0.028915839,-0.010799469,NA,NA,NA,NA,NA,-0.004918941,-0.002104952,-0.026989337,NA,0,0,0,0,0,0,NA,-0.005979683,0,NA,NA,NA,NA,0.015431551,NA,NA,NA,0.010019476,NA,NA,0,-0.006642901,0,NA,NA,0,0,0,NA,0,NA,0.018566909,NA,NA,NA,NA,0,NA,0.031758922,0,NA,0,-0.011539772,0,NA,0,0.27172398,0,0,0,0.337727318,0,-0.026136673,0,NA,0,-0.010106377,NA,-0.015817739,NA,NA,NA,NA,0,0,0,0,NA,0,NA,0,NA,NA,0,NA,0,NA,0,NA,NA,0,-0.006424323,0.011630992,0.038350377,0,0,0,-0.012868063,0,-0.022143085,0,-0.085823578,NA,0,NA,-0.018884849,NA,NA,0,NA,0,0.001440451,NA,0
BAG  0.040,0,-0.090463595,NA,-0.002202364,NA,0,0,0,0,0,0.027771566,0,NA,0,0,NA,0,0,0,0,0,NA,-0.059246649,0,0,0,0.098061647,0,NA,NA,0,0.035703977,0,NA,NA,0,0.043322666,0,0,0,0,NA,NA,0.012109998,0,NA,NA,0,-0.027058192,0.019123282,0.013673409,0.018116172,0,0,NA,-0.057956897,0,NA,0,0.038212937,0.232695624,NA,0,0.114317985,-0.021826103,0,0,0.002900086,0,NA,NA,0,0,NA,NA,0,0,0,NA,NA,NA,0,0,NA,0,NA,NA,0.013804452,0,0,0,0,NA,0,NA,NA,NA,-0.092746634,NA,0,0,NA,NA,NA,-0.002271264,0,0,NA,0,0.027536693,0,0.000160031,NA,NA,NA,NA,NA,0,0.062209826,0,0,-0.047204147,0,0,0,0,0,-0.011223693,0,NA,-0.016948721,0,0,NA,0.200506223,0.036182454,0.007731937,NA,0,NA,0,0.035034212,0,-0.008501589,0,0.004980594,0,0,0.092198034,NA,NA,NA,NA,NA,NA,0,0.052673751,0,-0.000629506,-0.003931092,0,0.040939443,NA,NA,NA,0.040308295,0,0,NA,NA,NA,0,NA,0,NA,NA,0,0,0,-0.003587488,0,NA,-0.030820929,NA,0.008648161,-0.087254901,0.025210144,0,NA,0.001888542,0,0,0,0.031137701,NA,0.199551906,0,0.00911669,0.073861762,NA,NA,NA,0,0.011526465,0,0,-0.039149662,0,-0.008629108,0,NA,0,NA,NA,0,NA,0.090202314,0,-0.007061527,NA,0,0,0,0.026413033,NA,NA,0,0,0,NA,0,0,0,0,NA,0.031951541,0.006160541,0,NA,0.010875168,NA,NA,0,0.013609874,0,0,NA,-0.007235758,0,-0.027022093,0,NA,NA,NA,-0.010020995,NA,-0.018896295,0,0.000356275,0,0.000811514,0,0,NA,NA,NA,0,0,-0.003502064,NA,NA,0.044869106,0.095897736,NA,NA,0,NA,NA,NA,NA,NA,NA,0,0,0,NA,NA,0,NA,0,NA,NA,NA,NA,0,NA,0.010945822,0,-0.000409904,0,-0.002568027,0,0,-0.014580867,0.167942096,0,NA,NA,NA,0,0,0,NA,0,-0.002109148,NA,NA,NA,-0.014388186,NA,NA,0,0,0,0,NA,0,NA,NA,NA,NA,0,NA,0,NA,0,0,0,0,0,NA,0.032668938,0,0,NA,0,-0.004846323,NA,0,NA,0,0,0,-0.019071069,-0.010753153,0,0,NA,-0.01678958,0,-0.029543352,-0.006071395
BDU  0.041,0,-0.080004209,0,-0.010014417,NA,0,0,0,0,0,0.04431243,0,NA,0,0,NA,NA,0,NA,0.012860811,0,0,-0.05767804,0,0,0,0.109782946,0,NA,NA,0,0,0,NA,0,NA,NA,NA,0,-0.039329723,NA,NA,NA,0,0,NA,0,NA,-0.02651349,NA,NA,0.022392843,0,0,-0.004120203,-0.067810969,0,0,0,0.094549574,0.059886761,0,0,NA,-0.020236382,0,0,0.004961607,0,NA,0,0.008555024,0,NA,NA,0,-0.011638232,0,NA,0,NA,0,NA,NA,0,NA,NA,0.030012328,0,NA,NA,NA,NA,0,NA,0.083288755,NA,-0.09236356,NA,0,NA,NA,0,NA,NA,0,NA,NA,-0.00511602,NA,0,0,NA,NA,NA,0.11542348,NA,0,0.075785332,NA,NA,NA,0,0,NA,0,0,0,0,NA,-0.016984714,0,0,NA,NA,0.053199968,0,NA,0,NA,0,0.046543625,NA,-0.019390176,NA,NA,0,0,0.026049489,NA,NA,NA,NA,NA,NA,0,NA,0,0,-0.005152144,-0.011115509,0,NA,NA,NA,0.01957511,NA,0,NA,NA,NA,0,NA,0,NA,NA,NA,NA,0,-0.015257714,0,NA,-0.022681885,NA,0.010020097,NA,0.003412739,0,NA,0.018973818,0,0,0,0.019325222,NA,NA,0.001792251,0.031933001,0.069025938,NA,NA,NA,NA,0.066535291,0,0,NA,0,-0.020050945,0.009502482,NA,NA,NA,NA,0,NA,0.065665464,0,0,0,0,0,0,0.006368522,NA,NA,0,0,0,NA,0,0,0,0,NA,0.00382141,0,NA,NA,0.025898758,NA,0,NA,NA,NA,0,NA,-0.02917671,-0.020850638,-0.028420956,0.022332303,NA,NA,NA,NA,NA,-0.012556981,0,0,0,0,NA,0,NA,NA,NA,0,NA,0,NA,NA,0.020268746,0.134679768,NA,NA,0,NA,NA,NA,NA,NA,0,0,0,0,NA,NA,0,NA,0,NA,NA,NA,NA,0,NA,0.041529153,0,NA,0,-0.005845038,0,NA,0,0.061069506,0,NA,NA,NA,0,0,0,NA,0,0,NA,NA,NA,NA,NA,NA,0,0.007779284,0,0,NA,0,NA,NA,NA,NA,NA,NA,NA,0.099596966,0,NA,NA,0,-0.007727117,0.105054103,0.033710994,0,0,0,-0.001775534,0,0,0,-0.005218822,0,0,0,-0.023036889,NA,NA,0,NA,0,0,-0.090171289,0
Body wall muscle anterior  0.054,0,-0.10515217,NA,0,0,0,0,0,0,-0.00074804,0,0,-0.218371761,0,0,NA,NA,0,0,0,0,-0.008164281,-0.083454159,0.006706613,-0.001638769,0,0.128259187,0,-0.004000276,-0.052243816,0,0,-0.024288589,0,-0.034605115,-0.018603756,-0.088660253,0,0.01295458,-0.002153873,0,NA,0,0.029756257,0,0,0,0,-0.038711049,0.017809215,NA,0.067197703,0,0,-0.011137033,-0.105482348,0,NA,0,0.038271154,0.067693738,NA,0,0.202340243,-0.007382998,0,0,0,0,0,0,0.001709025,0,0,-0.005270968,0,0,0,0,0,NA,0.247918736,-0.022759391,-0.065698519,-0.031055879,0.009806709,0,0,0,-0.009178276,0,0,-0.025860008,0,0,NA,0,-0.116921943,0,0,0,NA,-0.00306134,NA,-0.010106416,0,0,NA,-0.007868333,NA,0,0.028714876,NA,NA,0,0,0.299846538,0.031194229,0.073548662,0,0,0,0,0,0,0,0,0,-0.047743374,NA,-0.018290882,0,0,0,-0.015117317,0.006533966,0,-0.030294147,-0.00408787,0.021652908,-0.00893949,0.081739707,-0.006940407,-0.007949257,0,0,0,0,0,NA,0,NA,-0.03098874,NA,NA,0,-0.016816853,0,0,-0.012096755,0,0,0,0,0,0,0.063360307,0.007091533,0,-0.562926957,NA,-0.077796923,NA,-0.01378306,0,-0.041653162,0.172862547,NA,0,-0.02937733,0,-0.096415104,-0.028424092,NA,0.01605465,-0.019683773,0,0,NA,0,0,0.00237157,0,0.073052929,0,0,0,0,0.092067557,0,NA,0,-0.01034702,0.02223365,0,-0.016766834,-0.045867095,0,-0.031550103,0.011574781,-0.029676183,-0.024561463,-0.016840443,0,0,0.05798757,0.107277634,0.012846782,-0.01207221,0,0,0,0,0.034265125,0,NA,-0.011879526,0,0,-0.035593169,0,0,0,0,0,0,0,0,0,0.047362912,NA,0,0,0,0,0.041573698,0,0,-0.010701803,-0.018999425,-0.142839867,0,NA,NA,-0.011178371,NA,-0.029271395,0,-0.015508201,0,0,0,0.019519756,0,NA,0,0,-0.003487615,-0.003575621,0,0,NA,1.143205595,NA,NA,0.001155977,0,NA,0,-0.020124153,0,0,0,-0.0030727,0,NA,NA,-0.006036411,0.105871523,0,-0.050409854,NA,NA,0,0,0,0,0,-0.002245242,0,-0.010246338,0,0.011612249,0,0,0,0,0,0.421056104,0.197106988,0,0.131182875,-0.019786484,0,0,0,-0.016951472,NA,NA,NA,0,0,0.027253084,0,0,-0.118556515,0.052379451,0,NA,0,0,-0.023952316,-0.007700351,0,-0.018204779,0,-0.058042792,0,0,-0.034300862,0,0.067838526,0,0.031038226,0,0,0,0,0,NA,0,0,0,0,-0.044168723,0,0,-0.009633665,-0.138409994,0,0,0
Body wall muscle middle  0.047,0,-0.10284229,0,0,0,0,0,0,0,-0.000522445,0,0,-0.166218854,0,0,0,0,0,0,0,0,0,-0.094137876,0.008233682,-0.000879467,0,0.119709259,0,0,-0.041235767,0,0,-0.006627877,0,-0.00467426,0,-0.059200688,0,0.019792208,-0.045341812,0,0,0,0.026115345,0,0,0,0,-0.062310388,0.020340311,0,0.047249399,0,0,-0.006731002,-0.092543744,0,0,0,0.014712668,0.050159674,0,0,0.206182409,-0.005996636,0,0,0,0,0,0,0,0,0,-0.001832481,0,0,0,-0.01526614,0,0,0.220513254,-0.016684429,-0.043291873,-0.031621947,0,0,0,NA,0,0,0,-0.021227237,0,0,0.109993111,0,-0.120373066,0,0,0,0,0,0,0,0,0,NA,-0.007265493,0,0,0,NA,NA,0,0,0.025254432,0.00718225,0.057185445,0,0,0,0,0,0,0,0,0,-0.018974683,0.022108426,-0.007558038,0,0,0,-0.02452676,0,0,-0.020833191,-0.003184859,0.006833715,0,0.072841482,0,0,0,0,0,0,0,NA,0,-0.011811106,-0.01167444,0,NA,0,-0.022146755,0,0,-0.007340223,0,0,0,0,0,0,0.0197354,0,0,-0.34919692,-0.013677629,-0.016764301,NA,0,0,-0.021178098,0.137723254,0,0,-0.021390723,0,-0.097528322,0,0,0.015251723,0,0,0,-0.000179673,0,0,2.27180586510373e-05,0,0.047958617,0,0,0,0,0.097870342,0,-0.031500344,0,-0.023306264,0.032090635,0.005959877,-0.004125775,-0.02491041,0,-0.01633863,0.013486272,0,0,0,0,0,0.063216779,0.123313976,0.020400765,-0.012249635,0,0,0,0,0.025735547,0,NA,0,0,0,-0.042023624,0,0,0,0,0,0,0,0,0,0.032635526,NA,0,0,0,0,0.021963382,0,0,0,-0.011074164,0,0,-0.01010422,0,-0.005450723,-0.019479182,-0.022744795,0,-0.003761086,0,0,0,0,0,NA,0,0,-0.020407509,0,0,0,0.28791554,0.879534376,NA,NA,0,-0.057361869,-0.004372506,0,-0.000263732,0,0,0,0,0,0,NA,0,0.035041301,0,NA,NA,NA,0,0,0,0,0,-0.000659407,0,-0.004164849,0,0,0,0,0,0,0,0.387536612,0.366555989,0,0.008977436,-0.016455026,0,0,NA,-0.008526754,NA,NA,NA,0,0,0.016325336,0,0,-0.076455604,0.02490022,0,0,0,0,-0.011979517,0,0,-0.010711369,0,-0.041750471,0,0,-0.028467198,-0.003506611,0.056398852,0,0.027048656,0,0,0,0,0,0,0,0,0,0,-0.044918491,0.005528259,0,-0.011134982,-0.084239003,-0.003586149,0,0
Body wall muscle posterior  0.041,0,-0.146567743,0,-0.000186797,NA,0,0,0,0,0,0.020884742,-0.173868642,-0.225302708,0,0,NA,-0.026957,0,0,0.082074044,0,NA,-0.110538883,0.029794489,0,0,0.107102825,0.040547359,NA,-0.030927828,0,-0.055256586,-0.042370847,0,-0.001158622,-0.05339823,-0.026410761,NA,0.009375583,-0.050185114,0,NA,0,0,-0.04845297,-7.77E-05,0,NA,-0.072080991,0.011130126,0,0.084664892,0,0,-0.045856933,-0.077377151,0,0,0,0.005562552,0,0,0,0.228235769,-0.01134676,-0.029724864,0,0,0,0,-0.006250844,0.01332716,0,0,0,0,-0.005864676,0,-0.025564251,-0.011049283,NA,0.05298171,-0.058248987,NA,-0.043557468,0,0,0,NA,NA,0,0,NA,-0.005585472,NA,NA,0,-0.166089066,0,-0.008844102,0,NA,0,NA,NA,0,0,NA,-0.020442595,NA,0,0.033254414,NA,NA,NA,0.007458503,0.190160401,0.024118545,0.077203238,NA,0,0,0,-0.015827224,0,0.014181378,0,0,-0.023580351,0.014455043,-0.021457824,0,0,0,-0.020684932,0.23875041,-0.00768296,0,-0.006415788,0.007017456,0.01082584,0.073921948,0,-0.003953049,0,0.103839169,0,0,NA,NA,NA,NA,0.032155904,0,NA,0,-0.03131008,0,0,-0.002580202,-0.111128162,0,NA,-0.008906685,NA,0,0.049771014,0.013290479,-0.016306997,NA,-0.528973144,-0.171830791,NA,-0.011127724,NA,-0.040452987,0.107056391,0,-0.00907475,-0.033118069,0,-0.158080103,-0.064159078,NA,0.015980306,-0.03104749,0.006213521,0,NA,0,0,0.016835421,0,0.053158756,0,0,0.000280698,0,0.103924525,0,NA,0,0,0.067057107,0.013560672,0,-0.046264066,0,-0.048749515,0.015353718,-0.041406611,-0.023926226,-0.029628239,0,0.381955472,0.057843799,0.250299116,0.013602354,-0.004505473,NA,0,-0.000945128,-0.016568728,0.066189821,0.03416378,NA,-0.053050589,-0.065211887,0,NA,0,0,0,0,NA,0,0,0.028207751,0,0.060498162,NA,-0.021566718,NA,0.011851261,0.420446724,0.01556595,NA,0,-0.014618092,-0.003468946,0,NA,-0.000958622,0,-0.015721041,-0.059724372,-0.069082742,0,-0.02897239,0.004349975,-7.70E-06,0,0.019806423,-0.00941283,NA,0,0,-0.02858489,0,0,NA,0.227260914,0.472209867,0,NA,0.016403109,-0.027165862,NA,0,-0.010211867,0,-0.010092214,0,-0.008713327,0,-0.016033235,NA,0,0.087266093,0.0412718,NA,NA,NA,-0.004012793,-0.018147176,0,-0.017777955,0,-0.024429714,0,-0.02559142,0,0,-0.024177404,NA,0.021171661,0,0,0.409124215,0,0,0.148002774,NA,0,0,NA,-0.019828802,NA,NA,NA,NA,-0.011969017,0.084154185,-0.001242702,-0.013936595,NA,0.07439698,0,NA,0,NA,-0.020462889,NA,0.006116259,NA,0.056130678,-0.047593856,NA,0,-0.031863238,-0.002560351,0.066251534,-0.047148735,0.047940508,0,-0.009638923,0,0,0.235755745,-0.028342544,0,0,0,-0.007454382,-0.061903516,0.100056691,0,NA,-0.135235177,0,-0.070603575,-0.004130448
CAN  0.042,0,-0.205948173,0,-0.013308716,0,NA,0,0,0.008868052,NA,0.01706813,0,-0.077446457,NA,-0.033199715,NA,NA,0,0.010386487,0.228282364,0,NA,NA,0.060290923,-0.027857606,0,NA,0,NA,NA,0,0,-0.09017233,NA,0,NA,NA,NA,NA,-0.115646343,0,NA,NA,0.098098706,-0.051540132,NA,0,NA,-0.068076342,0.02520176,NA,0.064270955,0,0,NA,-0.141465606,NA,NA,NA,NA,0.013754382,NA,0.183392518,0.30188707,NA,NA,0,0,NA,NA,0,NA,0,NA,NA,NA,-0.00792117,0,NA,NA,NA,NA,NA,NA,-0.028372972,NA,NA,0,NA,NA,0,0,NA,-0.006030112,NA,NA,0,-0.146360177,NA,0,0,NA,NA,NA,NA,-0.027530398,NA,NA,NA,NA,0,0,NA,NA,NA,NA,0,0.00368892,NA,0,0.098560933,NA,-0.00035237,NA,NA,NA,0,NA,-0.006662329,NA,-0.040384433,0,NA,0,NA,0.074209093,0,NA,NA,NA,NA,0.111381167,NA,NA,0,0.07227201,0,NA,0.017759373,NA,NA,NA,NA,NA,NA,-0.046761397,NA,0,-0.000376726,-0.012189883,-0.04879527,0.011128953,NA,NA,-0.016637231,0,NA,0.009494428,-0.014481497,NA,NA,NA,NA,-0.0018978,NA,NA,0.133933147,NA,0,-0.015084022,0.000787466,-0.135888002,-0.016670136,NA,NA,NA,0.006877542,NA,NA,0.040102721,0,0.015950819,NA,0.05618684,NA,NA,0.016713696,NA,0.152854058,-0.022132855,NA,0,NA,0.076437097,0.025113794,-0.044838328,NA,NA,-0.032683951,NA,NA,NA,NA,NA,NA,0.075461394,0.15136136,NA,0,NA,0,0,-0.018329725,NA,NA,NA,-0.001494589,-0.03751804,0.020785207,NA,0,0,0,0,NA,NA,NA,NA,NA,NA,NA,-0.00045307,NA,NA,NA,0,NA,NA,NA,NA,NA,NA,NA,NA,NA,-0.019248713,-0.037043628,NA,-0.012129775,0,NA,NA,0.002822288,-0.012438663,NA,NA,NA,NA,-0.014771343,NA,NA,NA,NA,NA,NA,0.038999763,NA,NA,NA,NA,NA,NA,NA,0,0,NA,NA,-0.009345157,NA,NA,NA,NA,NA,NA,-0.019322742,NA,NA,0.00236567,NA,-0.000396477,-0.021910946,0.020004847,0,NA,NA,0,NA,NA,NA,0.181218278,0,0,NA,0,-0.00279972,NA,NA,NA,NA,NA,NA,0,NA,0,0,NA,NA,NA,0,NA,NA,NA,NA,NA,-0.008027451,0,NA,NA,0,-0.040003537,NA,0.047211882,0,NA,0,-0.003502446,0,NA,0.096323262,NA,NA,0,NA,-0.010629943,NA,NA,-0.028141559,NA,-0.101954831,0,-0.001026172,-0.006003369
cat-4(+)ptps-1(+) intestine anterior  0.046,0,-0.099102414,0,0,0,0,-0.055718725,0,0,0,0.064713717,-0.239711774,-0.063468646,0,0,0,-0.013236748,0,0,0,0,NA,-0.094680192,0.015750801,-0.004427789,0,0.103109465,0.014790588,NA,-0.071950889,0,0,-0.028071938,0,0,-0.04402268,0,0,0.037590906,-0.25126053,0,0,0,0,0,0,0,NA,-0.081730019,0.053349668,0,0.06443383,0,0,0,-0.077864851,0,0,0,0.266835278,0,0,0.022941818,0.266726646,-0.025395743,0,0,0,0,0,0,0,0,0,0,0,-0.005690335,0,0,0,NA,0,0,0,-0.035927876,0,0,0,0,0,0,0,NA,0,0,0.109122926,0,-0.130566499,0,-0.008524432,0,0.031000439,0,-0.01248948,0,0,0,NA,-0.015576021,NA,0,0.013725737,NA,NA,0,0,0,0.01187753,0.14463446,0,0,0,0.017092157,0,0,0.011280712,0,0,0,NA,0,0,0,0,-0.0210132,0,-0.005520389,0,0,0,0,0.096165238,-0.000644305,0.005766697,0,0.018669478,0,0,0,NA,0,-0.019157725,NA,0,0,0,-0.020149859,0,0,0,0,0,0,NA,0,0,0,0.010757761,0,0,0,-0.108504971,NA,0,NA,-0.016498364,0.01865698,0,0,-0.023383431,0,-0.174242057,-0.029742715,NA,0,0,0,0,NA,0.158932789,0,0.080735145,0,0.021573871,0,0,0.028248107,-0.014975758,0.109391699,-0.044001616,0,0,0,0,0.006529546,-0.012702075,0,0,-0.03306236,0.014473583,-0.003768152,0,0,0,0,0.059595093,0.105917954,0.008904205,0,0,0,0,-0.002479673,0.151415148,0,0,0,0,0,-0.021125822,0,0,0,0,0,0,0.000118776,0.109041936,0.036586281,0.005620344,0,0,-0.022316427,0,0,0,-0.007200741,0,0,-0.023597548,0,0,NA,NA,0,-0.035223833,-0.032400119,0,0,0,0,0,0,0,NA,0.002193935,0,0,0,0,0,0.034221146,0.15924235,NA,0,0,0,NA,0,0,0,0,0,0,0,0,NA,0,0,0.083497032,NA,NA,NA,0,-0.014651477,0.130259508,0,0.007900887,-0.023954902,0,-0.015823928,0,0,0,0,-0.024058134,0.073369694,0,0.449412406,0,0,0,NA,0,0,NA,-0.005586294,NA,NA,NA,0,0,0,0,0,0,0,0,0,0,NA,0,NA,0.02444085,0,0,-0.004781644,0,0,-0.034372275,-0.023371921,0.047360361,0,0.025865293,0,0,0,0,0.196052918,0,0,0,0,0,-0.068314179,0,-0.0065982,-0.014580926,-0.142318572,-0.025925292,-0.030427397,-0.035396884
CEP_ADE_PDE  0.036,0,-0.106548658,NA,-0.011054129,NA,0,0,0,0,0,0.033443886,0.066181856,NA,0,0,NA,0,0,0,0.033400803,0,NA,-0.043469815,0,-0.011428718,0,0.123027539,0,NA,-0.016779685,0,0,0,NA,0,0,NA,NA,0,-0.035189825,0,-0.006340456,NA,0,-0.010255482,NA,0,NA,-0.037521464,0.009988006,NA,0.049194302,0,0,0,-0.098972418,0,0,0,0.068374275,0.109865279,0,0,0.189666961,-0.029176416,0,0,0,0,-0.014528164,0,0.001550649,0,0,NA,0.008107219,-0.000404976,0,NA,NA,NA,NA,NA,NA,0,NA,NA,NA,NA,NA,0,0,NA,0,0,NA,0,-0.08249373,NA,0,0,0,0,0,-0.002192975,0.010626481,0,NA,NA,NA,0,0,NA,NA,NA,0.10374207,0,0,0.139050633,NA,0,NA,0,NA,NA,0,0,0,0,NA,-0.019902015,0,0,0,0,0.09387745,0,0,0,NA,NA,0.045259374,0,-0.009902821,0,NA,0,0,NA,NA,NA,0.025518303,NA,NA,NA,0,0.035995337,0,0,-0.005139289,-0.0672552,0,0,NA,NA,0.004344318,NA,0,0,0,NA,NA,NA,0,NA,NA,0.013967192,NA,0,-0.018660655,0,-0.095892591,-0.048535217,NA,0,-0.036816225,0.005587388,0,NA,0.045500473,0,0,0,0.018770803,0,0.22676488,0,0.051336203,0.091303592,0,NA,-0.000425463,0.004737242,0.060545146,0,0,-0.006495734,0,-0.010768682,0.018842485,NA,NA,NA,-0.031819145,0,0.057134913,0.069140008,0,-0.006025773,0.009092724,0.154503192,-0.002675061,-0.007606241,0.019966552,NA,NA,0,0,0,NA,0,0,0,0,NA,0.020580659,0.000328438,0,0,0.015003031,NA,0,0,NA,NA,0,NA,-0.015584064,-0.014220964,-0.028875606,0,0.010292098,-0.018552916,NA,-0.013825171,NA,-0.012198439,NA,0,0,0,0,0,0,NA,0,0,NA,NA,NA,0,NA,NA,NA,NA,0,NA,NA,NA,NA,NA,NA,0,0,0,NA,NA,0,NA,0,0,NA,NA,NA,0,NA,0.045798535,0,NA,0,-0.001673739,0,0,0,0.003438879,0,NA,NA,NA,0,0,0,0,0,0,NA,0,NA,NA,NA,NA,0,NA,0,0,NA,0,NA,NA,0,NA,0.000834131,NA,0.001468965,0.021501418,0,NA,NA,0,-0.011605592,0.041239047,0.055820223,0,0.004270972,0,-0.010112104,0,NA,0,NA,0,0,0,-0.039337786,NA,0.073573548,-0.007352162,NA,-0.05358576,0,-0.08254366,0
Cephalic and inner labial socket  0.045,0,-0.10533364,NA,-0.002076173,NA,NA,0,NA,0,0,0.007956292,0,NA,NA,0,NA,NA,0,0,0.031782225,0,NA,NA,NA,NA,0,0.121152807,0.006809829,NA,0,NA,0,-0.074532663,NA,NA,0,0,NA,NA,NA,NA,NA,0,NA,-0.02224989,NA,0,NA,-0.111012321,0.001613007,NA,0.05571187,NA,-0.002036362,NA,NA,NA,NA,0,0.002673485,0,NA,0,0.225273224,NA,-0.023589178,NA,0,0,0,0,0.001260841,0,0,0.066335673,0,0,NA,0,NA,NA,0.013427762,NA,NA,-0.04117366,0,NA,0,0,0,NA,NA,NA,0,NA,NA,0,-0.079855721,0,-0.008988773,0.075017554,NA,0,0,-0.019477672,0,0,NA,NA,NA,0.00922069,0,NA,NA,0,0,0,0,0.101391284,-0.017807075,0,0,0,NA,0,0.019922911,0,0,-0.033749154,NA,-0.021786036,0,0,NA,0,0.021874466,0,NA,NA,NA,0.039563822,0.074860013,0.005906032,NA,NA,NA,0,0,0,NA,NA,NA,0,NA,NA,NA,-0.025289275,0,0,0,-0.068277007,0.011730511,NA,0,0,0,NA,0.005012778,NA,-0.141597488,NA,-0.180279418,NA,-0.007321226,NA,NA,NA,0,0,-0.021728035,0,-0.083055624,-0.031064069,NA,0.003828353,0,0.002598411,0,NA,0,0,0.022614615,NA,0.070482469,0,NA,0.023771397,-0.000901433,0.05594433,0,NA,NA,NA,0.022953431,0.008993133,-0.029784553,NA,0,-0.018409266,0,NA,NA,NA,NA,0.016014474,NA,NA,NA,-0.022758691,NA,0,0,-0.025050896,0.029336981,0.164737877,NA,0,-0.01296005,0,NA,0,NA,0,0,NA,NA,0,NA,0,0.037757725,NA,-0.001126008,-0.010914968,NA,NA,0,NA,-0.032291477,NA,NA,NA,NA,0.055521768,NA,-0.024600535,-0.000487278,-0.037144805,0.009777521,0,0.013354805,NA,0,0,-0.003327705,NA,NA,0.397742002,NA,NA,0,0,NA,0.273078648,NA,NA,0.021689213,NA,NA,NA,0,0,NA,NA,0,0,NA,0,NA,NA,NA,NA,NA,0,NA,-0.021796838,0,0,0,NA,-0.005341291,-0.023249388,0,-0.016800634,0,0,0,NA,0,NA,0.002347039,0,0,NA,-0.025865506,0,NA,-0.002296117,NA,NA,NA,NA,0,0.055740549,0,-0.037012985,NA,0,NA,0,NA,NA,-0.013667693,0,0,0,0,NA,NA,0,-0.011136738,0,0.044150233,0,0.007946172,NA,0,0,NA,0.265065908,NA,0.028890325,NA,NA,-0.016296811,NA,0.081249135,NA,NA,NA,-0.013366432,-0.044320023,0
Cephalic sheath  0.038,0.053306341,-0.100880506,0,0,0,0,0,0,0,0,0.012864191,0,NA,0,0,NA,-0.006721398,0,0,0,0,NA,-0.117488228,0.023082658,-0.000814342,-0.01146904,0.145385958,0,0,-0.058317602,0,0,0,NA,0,-0.021250294,0,0,0.016196623,-0.066592721,0,NA,0,0.072577795,-0.026888304,0,0,0,-0.083632511,0.017867012,NA,0.045208161,0,0,0,-0.085857463,0,0,0,0,0,0,0,0.23963942,-0.023600121,0,0,0,0,0,0,0,0,0,0.003328875,0,0,0,0,NA,NA,0,-0.013030672,0,-0.030730117,0,0,0,0,0,0,0,NA,-0.003065331,NA,NA,0,-0.1369397,0,0,0,0,0,NA,-0.010322717,0,0,NA,-0.023270324,NA,0,0,NA,NA,-0.001180856,0,0,0,0.082198004,0,0,0,0,0,0,0,0,0,0,NA,-0.02956576,0,0,0,0,0,0,NA,0,0.00612279,0,0.084513696,-0.000994077,0,0.011434771,0.07133151,0,0,NA,NA,0,-0.014890267,NA,NA,NA,0,-0.016661492,0,0,0,-0.026545326,0,0,0,0,0,0,0,0,-0.01336926,0,-0.057610532,NA,-0.003005692,NA,0,0.038741256,0,0,-0.013105906,0,-0.11625309,-0.014486695,0,0.007397882,0,0,0,NA,0.059519795,0,0.010177734,0,0.020529279,0,0,0,0,0.12320427,-0.029583904,-0.000206887,0,0,0.100106609,0.009479121,-0.017309908,NA,0,-0.052048787,0.018035489,-0.001511948,0,NA,0,0,0.069815392,0.14876109,0.008101951,0,0.032605793,0,0,0,0.052761056,0,NA,0,0,0,NA,0,0,0,0,0,0,0,0,0,0.028585776,NA,0,0,0,0,0,NA,0,-0.045286265,0,0,0.029586114,0,NA,0,-0.028889562,-0.03055564,0,-0.001532028,0,0,0,0,0,NA,0,0,0,0,0,0,0.094098688,0.210892872,NA,0,0.000828692,0,NA,NA,-0.002301332,NA,0,0,0,0,0,NA,0,0,0.012378604,-0.032312724,NA,NA,NA,0,0,0,0.007939186,-0.002048505,0,-0.013658817,0.027790203,0,0,0,-0.00774964,0,0,0.440447659,0,0,0,NA,0,0,NA,0,NA,NA,NA,0,0,0,0,0,NA,0,NA,0,0,NA,-0.006628488,0,0,-0.009969976,0,NA,0,0,-0.023320243,0,0.043358699,0,0.080521463,0,0,0,0,0.004225007,NA,0,0,0,0,NA,0.066008172,0,-0.026397292,-0.103088584,-0.01182141,0,-0.005451866
Coelomocytes  0.045,0,-0.014505321,NA,-0.03123261,0,0,0,0,0,0,0.023130334,0,0,0.020012495,-0.031863509,0,0,0,-0.004547701,0,-0.004403699,-0.00619297,-0.003887474,0.006330397,-0.001138535,-0.003536284,0.068108002,0.042493583,0.005107791,-0.027035407,0,-0.013502722,-0.024563957,NA,0,-0.038643441,0.019593454,0,0.016877278,-0.220085011,0,NA,0,0,0,0,0,0,-0.022722645,0.005156024,-9.23E-06,0.079085139,0,0,-0.055478818,-0.081120442,-0.023588571,0,0.017296204,0.310476956,0,0,0,0.233882072,-0.010923532,0.021442549,0.015865446,0,0,-0.004809971,0,0.040011171,0,0,-0.001805143,0,-0.031726905,0,0,NA,NA,-0.028214792,0,-0.03224934,0,0,0,0,0,-0.01833472,0,0,NA,0,0,0.115687571,0,-0.091062989,0,0,0,0,0,NA,-0.025064191,0,0,0,0,NA,0.023610862,-0.017017663,NA,NA,-0.002674647,0,0,0.005864577,0.077208906,0,-0.002321809,0,0,0,0.012336702,0.019822913,0,0,-0.024900185,NA,-0.029735886,0,0,0,-0.008335189,0.003779617,0,NA,-0.036568037,0.073008653,-0.011814117,0.038669358,0,0,0,0.000133025,0,-0.036618508,0.075631654,NA,NA,-0.017101053,0.041124612,0,NA,-0.031978933,-0.001278603,0,0,0,0,0,0,-0.004621916,-0.006299843,0.028751869,0.006553209,0.025132681,-0.080372236,0,NA,-0.038818019,NA,0,-0.00368271,-0.023615943,0.144158758,0,0.019093301,-0.004826958,0,-0.100559907,-0.004242394,NA,0.02573353,-0.000911138,0,0.021808241,NA,0.009174516,0,0.025361704,0,0.024894752,-0.023455994,0.022811505,0,0,0.050970157,0,-0.000401261,0,0,0,0,-0.007147176,0,0,0,0.025611174,0,-0.02682369,-0.020999117,0,0,0.050460983,0,0.0137383,0,0,0,0,-0.008532721,0.010260209,0,NA,-0.019318524,0,0,NA,0.111691388,0,0,0,0,0,0.007297041,-0.017739681,0,0.031917795,NA,0,-0.001377277,0,0,0,NA,0,-0.022454509,-0.007786307,0,0.040332876,NA,0,-0.017674822,NA,0,0,-0.018860768,0.010722253,NA,NA,0,0,NA,0,0,-0.018256195,0,0,0,0,0,NA,NA,0,0,0,NA,0.006902531,NA,0,-0.004716257,0,0,NA,NA,0,0,0,NA,NA,NA,0,-0.011021383,0,-0.009121116,0.011964252,0.014126311,0,-0.022408357,0,0,-0.00445941,0,0,0.008178168,0,0.28529692,-0.001313873,0,0,-0.011245053,-0.010382803,-0.008529711,NA,-0.000760359,0.019592872,0,NA,0,0,0,-0.012837708,0,NA,0.00760867,-0.007031696,-0.023246441,0,0,-0.008402159,NA,-0.006010116,-0.000799502,0,0,NA,0.01566,-0.023973966,-0.003171911,0.020725372,0,0,0,0,0,0,0,0,0,0,0,0.018158031,-0.017919606,0,-0.027228459,NA,-0.045333265,-0.00535635,-0.018222116,0
DA_VA  0.041,0,-0.096402236,NA,0,NA,0,0,0,0,0,0.035475078,0,NA,0,0,NA,NA,-0.038005061,-0.040230064,0.181298199,0,NA,-0.068600457,0,-0.022970675,0,0.107323021,0.004545328,NA,-0.035775984,0,0.001238153,-0.02140107,NA,NA,0,NA,NA,0.002442261,-0.011523504,0,NA,0,0,-0.021333565,NA,0,0,-0.053775608,0.003233509,0.059692751,0.055868205,0,0,NA,-0.08906696,0,0,0,0.118773475,0.286640014,NA,0,0.15033471,NA,-0.010267384,0,0,0,-0.023133805,0,0.000535298,0,NA,0,0.007411485,-0.013846116,0,0,NA,NA,0,0,-0.004383294,0.037994472,NA,NA,0,NA,NA,-0.035667575,0,NA,-0.004421095,-0.012394712,NA,0,-0.10246194,-0.021565127,0,0,NA,0,NA,0,0,NA,NA,0,0.019616386,0,0,NA,NA,NA,0.134627522,0,0,0.0632753,0,0,NA,0,NA,0,0,0,-0.021433519,0,0.009086732,NA,0,0,NA,0,0.08506477,0,0,0,NA,0,0.031867112,0.003539785,NA,0,0.011261249,0,0,0.087323722,NA,0,0.011521223,NA,NA,NA,-0.016752491,NA,0,0,-0.012282856,-0.093570643,0,0,NA,NA,0.009761561,NA,0,-0.014055488,NA,NA,-0.037551655,NA,0,NA,NA,0,NA,0.019078667,-0.015660126,0,-0.096063307,-0.047786867,NA,0.010050811,-0.047171075,0.045470513,0,NA,0.061538216,-0.019828008,0,0,0,0,0.100828482,0,0.089804039,0.076383223,-0.045448744,NA,NA,0.074209161,0.074179377,0,0,0,0,-0.027969922,0.02392291,0,0.008636119,-0.034747988,-0.05160563,0,0.054726964,0.083049977,0,0,0.035142985,0.135245288,-0.02031978,-0.017295965,0.049162638,0,NA,0,0,0,NA,0,0,0,-0.006322194,NA,0.053454882,0.011843512,0,NA,NA,NA,-0.000720336,NA,0,0,0,NA,-0.034998002,-0.023449452,-0.047212014,NA,NA,NA,NA,-0.017532365,-0.017493451,-0.035301573,-0.007038322,0,0,NA,NA,0,-0.00237415,NA,0,NA,NA,NA,0,0,0.062701672,0.181414844,NA,NA,0.022908108,NA,NA,NA,-0.012621415,NA,NA,0,-0.021032191,0,NA,NA,0,NA,0,NA,NA,NA,NA,0,NA,0.038388199,0,NA,-0.003454953,-0.007568635,-0.008359552,0,0,NA,-0.026058676,NA,0,NA,0,-0.00798676,0,NA,0,0,NA,-0.019851697,NA,NA,NA,NA,0,0,0,0,NA,0,NA,0.18665154,NA,0,0.046272914,0.032445963,0.010318309,NA,0,NA,0.007200276,0,-0.010443,0.105331638,0.048890008,0,0.012550337,0,-0.018268103,0,NA,0,NA,0,0,0,-0.055792686,NA,0.074455724,-0.013154307,NA,-0.105991229,0,-0.149996767,0
DB_VB  0.043,0,-0.094413458,NA,0,NA,0,0,0,-0.000204297,0,0.04065341,0.007388216,NA,0,0,NA,-0.008775177,-0.030579803,-0.02694493,0.016150503,0,NA,-0.033524452,0,-0.012834638,0,0.095030108,0,0.002308585,-0.006944345,0,0,-0.020055182,NA,0,0,NA,0,0,-0.036070043,0,NA,0,0,-0.022186196,0,0,NA,-0.058874993,0.005537105,NA,0.027846971,0,0,0,-0.080654937,0,0,0,0.053788278,0.339290359,0,0,0.12273481,-0.022954314,0,0,0.015816319,0,-0.018643715,0,0,0,0,0,0.016095042,0,0,0,-0.017060059,0,0,0,-0.005589739,0.052448981,NA,NA,0,0,-0.008840818,-0.02488423,0,NA,0,-0.013214981,0.086233401,NA,-0.094905186,NA,0,0,0,0,NA,0,0,0,NA,0,0.037073466,0,0,NA,NA,-0.027261545,0.122485548,0,0,0.04452545,0,0,0,0,0,0,0,0,-0.013685482,0,NA,-0.021518362,0,0,NA,0.018083368,0.082620543,0,NA,0,NA,0,0.029977141,0,-0.008604829,0,0,0,0,NA,NA,0,0.013069047,0,NA,NA,NA,NA,0,0,-0.002345574,-0.042447952,0,0,NA,-0.012789509,0.01851695,0,0,-0.002431605,0,NA,-0.014869091,NA,0,NA,0,NA,0,0,-0.003607431,0,-0.087071586,-0.037665437,NA,0.019284198,-0.053479314,0.050051398,0,NA,0.078719388,-0.006217155,0,0,0.000263082,0,0.08219331,0,0.086491158,0.051419404,NA,NA,-0.005515335,0.062477212,0.058538833,0,0,0,0,-0.004396905,0.018492953,0,0,-0.039418021,-0.041190755,0,0.046586025,0.071217753,0,0,0.016448814,0,-0.0102692,-0.008223647,0.05672756,0,NA,0,0,0,NA,0,0,0,0,0,0.033251803,0.009894163,0,0,0.009106714,NA,0,NA,NA,NA,0,NA,-0.036992607,-0.009603676,-0.050625737,0.042429912,NA,NA,NA,-0.014099805,-0.024623087,-0.009464401,-0.001482877,0,0,0,0,0,0,NA,0,0,NA,0,NA,0,NA,0.2160313,NA,NA,0,NA,NA,NA,-0.013427724,0,-0.025877522,0,0,0,NA,NA,0,NA,0.008120832,-0.003823758,NA,NA,NA,0,0,0.029296837,0,-0.030413332,0,-0.006010464,-0.005501671,0,0,0.04944078,0,NA,0,0.245149067,0,-0.001638872,0,-0.017347725,0,0,NA,-0.00587692,NA,NA,NA,NA,0,0,0,0,0,0,0,0.161298187,0.256942815,NA,0.031859425,0.029609343,0,0,0,NA,0.023156373,0,-0.010930866,0.107303777,0.041362241,0,0,0,-0.008639031,0.004762479,NA,0,NA,0,0,0,-0.05232622,NA,0.022966344,-0.00235562,NA,-0.05924228,0,-0.123978917,0
Differentiated germ  0.040,0,-0.123401358,0,0,0,0,0,0,0.031030555,0,0,-0.265127835,0,0,0,0,0,0.007752939,0,0,0.004300276,0,-0.128687231,0.077025615,-0.005089591,0,0.222420301,0.01546658,0,-0.062547747,0,0,-0.043193868,0,0,-0.037620969,-0.001534147,0,0.016042046,-0.108111773,0,-0.010243829,0,0,-0.070988057,0,0.009528056,0,-0.133680519,0.006933523,0,0.074176646,0,0,-0.064386095,-0.068404747,-0.024382338,0,0,0,0,0,0.022313784,0.382875687,-0.021566423,0,0,0,0,0,0,0.008511769,0,0,0,0.000673268,-0.016397846,0,0,0,0,0,0,0,-0.015664704,0,0,0,0,0,0,0,NA,0,0,0.167931077,0,-0.116072853,0,0,0,0,0,-0.010258251,-0.001052595,0,0,NA,-0.033062934,NA,0,0,0,NA,0,0,0,0,0.104481127,0,0,0,0,0,0,0.00769719,0,0.004326997,0,0,-0.03545704,0,0.019958504,0,-0.003318501,0.030284062,0,-0.018198389,-0.025379782,0,0,0.124625569,-0.002396656,0,0,0.010861379,0,0,0,NA,0,-0.018196098,0,0,0,0,-0.01590842,0,-0.001857402,-0.002369211,0,0,0,-0.013001644,0,0,0,0,-0.010663068,0,0,-0.071484258,NA,0,0,-0.001692158,0.000447556,0,0,-0.01903445,0,-0.149080898,-0.011155856,0,0.02111678,0,0,0,0,0.056290008,0,0.00021132,0,0.064792026,0,0,0,-0.009893173,0.14169931,-0.014702752,0,0,0,0.016590963,0.028613782,0,0,0,-0.012139736,0.031339739,-0.117319411,-0.003921158,0,-0.002457276,0,0.101198302,0.107608802,0.044186394,-0.021204183,0,0,0,0,0,0,NA,0,-0.003299647,0,-0.013912665,0,0,0,0,0,0,0,0,0,0,NA,0,-0.04846391,0,0,0,-0.00710252,0,-0.00113002,-0.007426586,0,0,-0.004462836,0,-0.013273117,-0.018219916,-0.024850438,0,0,0,0,0,0,0,NA,0,0,0,0,0,0,0.015903409,0.146829534,NA,0,0,0,-0.020066511,0,0,0,0,0,0,0,0,0,0,0,0,NA,NA,0,0,-0.024719088,0,0,0.004613743,-0.000146435,0,-0.013167115,0,0,0,0,0,0,0,0.579012677,0,0,0,-0.0081514,0,-0.006328863,NA,0,0,0,NA,0,0,0,0,0,0,0,0,0,0,0,-0.00083886,0,0,-0.00133052,0,NA,0,0,-0.076417912,-0.009867608,0.047591409,0,0.00327282,0,0,0,0,0,0,0,0,0,-0.004332368,-0.084977008,0,0,-0.012753447,-0.08105746,-0.017121954,0,-0.00346132
Distal tip  0.043,0,-0.045323577,NA,-0.040899095,NA,0,0,0,0,0,0.001163943,0,-0.189948733,0.007657681,-0.009307267,NA,-0.018369676,0,0,0,0,0,-0.059785191,0,0,-0.042402308,0.056279794,0,NA,0,0,0,0,NA,0,0,0,NA,0,-0.030524257,0,0,0,0.016767051,0,NA,0,NA,-0.025772651,0,0,0.040842553,0,0,-0.024509645,-0.081282793,0,0,0,0,0,0,0.073806358,0.159151988,-0.019033041,0,0.006479703,0,0,-0.004814868,-0.004637499,0,0,0,0,0.025873357,0,0,0,NA,NA,-0.059861138,-0.035128762,NA,0,0,0,0.008257695,NA,NA,0,-0.009535811,NA,-0.003317627,-0.038084665,NA,NA,-0.057642608,NA,0,0,NA,0,-0.009277401,0,0,NA,NA,-2.71E-05,NA,0,0,NA,NA,NA,0.030045444,0,0,0.066932966,0.100134805,0,0,0,NA,NA,0.00113236,0,0,-0.033393154,NA,-0.000235028,0,0,0,0,0.006446927,0,0,0,NA,-0.002006622,0.062646987,-0.007863804,0,0,0,0,0,0,NA,-0.221407754,-0.003076763,0.915633224,NA,NA,-0.109415266,NA,0,0,-0.002190837,0,0,0,0,0,0.004479516,0.124741113,0.009927328,0,NA,0,0,NA,0.001856145,NA,0,0.397494836,NA,0,-0.01420941,0.012601114,-0.054194275,-0.006451988,0,0.024589116,NA,0,-0.016991502,NA,0,0,0.035577485,0,0.011791957,-0.007298365,0.050323671,0,0.024268575,0.037389507,0,0.04084004,0,0.036966449,0.007677215,0,-0.001571128,-0.020276871,0,0,0.021105606,NA,NA,NA,-0.04293544,0.244256182,0.046315302,0.03828103,0.006904275,0,0.010802658,0,-0.002269153,-0.003949975,0.016728317,NA,NA,-0.039417145,0,0.025738462,NA,0.033263359,0,0,0,0,0,0.02874671,0,0,0,NA,0,0,0.043017691,0,0.021877102,NA,0,-0.018445488,0,0,NA,NA,NA,-0.007433236,-0.038604952,-0.02037791,-0.009102333,0,0,0,NA,0,0,NA,0,0,-0.03490988,0,0,0,NA,0.354131424,NA,NA,0,0,NA,NA,0,NA,0,0,-0.041284585,0,NA,NA,-0.011629452,NA,0.054979638,-0.040354864,NA,NA,0,-0.005906942,NA,0,0,NA,0,-0.023703229,0,0,0,NA,0,0,0,0.242038812,-0.053524154,0,0,-0.025257415,0,0,NA,-0.024512094,NA,NA,NA,NA,0,0,-0.001096496,-0.029861358,NA,0,NA,NA,0,0,0,NA,0.008566451,0,-0.036041305,-0.024338454,0,0,-0.009180313,-0.013548633,0.039138642,0,0.013984121,0.0823379,-0.030775142,0,0,0,NA,0,0,0,0.054620912,NA,0.008189609,-0.037499375,NA,-0.133418611,0,-0.032574043,0
Dorsal uterine cell  0.038,0.285455432,-0.0971423,0,-0.009755292,NA,0,0,0,0.005111647,0,0.007920486,0,NA,0,-0.005801218,0.030340297,-0.007510592,0,0,0,0,NA,-0.096751533,0.027745665,0,0,0.155450786,0.008333577,NA,-0.05420236,0,-0.013048291,-0.03846736,NA,0,-0.042405979,NA,0,0.02645873,-0.122878385,0,NA,0,0,-0.044730536,NA,0,NA,-0.07081029,0.006854243,0,0.092119723,0,0,-0.017343532,-0.096172635,-0.043852903,0,0,0.162730979,0,NA,0,0.323054617,-0.011372201,NA,0,-0.000791356,0,-0.014319411,0,0.039291409,0.013132469,0,NA,0.014017246,-0.023621298,0,0,-0.002767095,NA,0,0,NA,-0.012611883,NA,-0.235964941,NA,0,0,0,0,NA,0,0,NA,0,-0.105595838,NA,0,0,NA,0,NA,-0.00182106,0,0.065413072,NA,-0.030089775,NA,0,0,NA,0,0,0.002563084,0,0,0.201990211,0,0,0,-0.007873459,NA,0,0.018849145,0,0,0,0,-0.030159218,0,0,0,0,0.104915977,0,0,-0.016826802,0.024361086,0,0.087173433,0,NA,0,NA,0,0,0.034500986,NA,0,-0.006551192,NA,NA,NA,0,0,0,0,0,-0.034560206,0,0,NA,0,0,NA,0,0,NA,NA,NA,NA,0,-0.002413512,NA,0.037203666,NA,0,-0.004975092,0,-0.117023537,0,NA,0.007782228,0,0,0,NA,0,0,0.02626529,0,0.057114196,0,0.0371252,0,0.002667974,0.102353269,0,0,0,0,0.025025043,0.010358879,0,-0.013902332,0,0,0.035495788,-0.017317138,NA,NA,-0.024284688,0,0.076333119,NA,0.020974382,-0.007751334,0,0,-0.006438115,0,0,NA,NA,0,-0.010321126,0.00849038,NA,0,0,0,0,0,0,0,0,0,NA,0,0,-0.047058901,0.012189386,NA,0,NA,0,-0.031620897,0,0,NA,NA,NA,-0.011320417,-0.029530347,-0.009026387,0,0,0,0.029182984,0,0,0,NA,0,0,0,-0.001568396,0,0,NA,0.151752025,NA,NA,0.002491114,0,NA,NA,0,NA,-0.002287093,NA,0,0,0,NA,-0.015571719,0,0,NA,NA,NA,NA,0,0,0,0,0,0,-0.01844094,0,0,0,0,0,0.016483538,0,0.500237886,0,-0.00271054,0,NA,0,-0.027811092,NA,0,NA,NA,NA,NA,0,0,0,0,NA,0,-0.002874769,0,0,NA,0,NA,0,0,0,NA,0,0,-0.049484184,-0.015772705,0.037113529,0,0,0,-0.011334791,-0.009286125,NA,0.017685778,NA,NA,0,0,-0.005315303,NA,0,-0.014147729,NA,-0.101228302,0,-0.05747508,0
DVA  0.048,0,-0.042786399,NA,-0.039049438,NA,NA,0,-0.026506436,NA,-0.026733462,0.068528337,0,NA,NA,-0.000427345,NA,NA,NA,-0.012631968,0,-0.0126324,NA,NA,0.008613971,-0.02868977,0,0.116087574,0,NA,NA,NA,0.100941825,-0.057197803,NA,NA,NA,NA,NA,NA,NA,NA,NA,NA,NA,-0.020256933,NA,NA,NA,-0.067534365,NA,NA,NA,0,-0.054833546,NA,NA,NA,NA,0,NA,NA,NA,0,NA,NA,0,NA,0.03540563,-0.003648703,NA,NA,0.022703114,0,NA,NA,0.005440601,-0.03357479,-0.002274914,NA,NA,NA,0.007752157,NA,NA,NA,NA,NA,NA,NA,NA,NA,0,NA,NA,NA,NA,NA,-0.097322011,NA,NA,NA,NA,NA,NA,NA,-0.060482372,NA,NA,NA,NA,0,0,NA,NA,NA,0.205096354,0,NA,NA,NA,0.003400755,NA,-0.007645116,NA,NA,0.006512199,-0.026039526,NA,0,NA,NA,NA,NA,NA,0.10212862,0.13256668,0.021803246,NA,NA,NA,NA,0.08404519,NA,NA,NA,NA,NA,0,NA,NA,0,NA,NA,NA,NA,0,NA,NA,NA,-0.024956449,-0.066368004,NA,NA,NA,NA,0.038148566,NA,0,NA,NA,0,-0.045906241,NA,-0.010871117,NA,NA,NA,NA,0,-0.013242708,0,NA,-0.059324024,NA,0.025893905,-0.097786598,0.074712161,0,NA,0.082754257,NA,0,NA,NA,NA,0.189771067,0.014295797,NA,NA,NA,NA,NA,NA,0.041991326,NA,NA,NA,0,-0.052507637,0.02896817,NA,NA,NA,-0.042767591,NA,NA,NA,NA,NA,NA,0.180410454,-0.014321412,-0.011148245,NA,NA,NA,0.06627785,0,NA,NA,0,NA,NA,-0.004634531,NA,0,NA,0,NA,NA,NA,NA,NA,NA,NA,NA,NA,NA,NA,NA,NA,NA,NA,NA,NA,NA,NA,NA,NA,NA,0.012407719,0,0.015269051,-0.007257743,NA,NA,NA,NA,NA,NA,NA,NA,NA,NA,NA,0.005049692,NA,NA,NA,NA,0,NA,NA,0,0,NA,NA,0,NA,NA,NA,NA,NA,NA,0,NA,0.044909153,0,-0.057463985,NA,-0.014321993,-0.010573283,0,NA,0,NA,NA,NA,NA,0,0,0,NA,NA,-0.002234407,NA,NA,NA,NA,NA,NA,0,NA,0,NA,NA,NA,NA,0,NA,NA,NA,NA,0,NA,0,NA,NA,0,-0.032412199,0.124482656,0.039982555,0,NA,NA,-0.004956702,NA,0,0.023537265,NA,NA,NA,NA,NA,NA,0.05185704,NA,NA,NA,0,NA,0
DVB  0.048,0,NA,NA,-0.026538966,0.507829872,0,0,NA,0,-0.014192016,NA,0,NA,NA,NA,NA,NA,-0.004310718,NA,0,-0.011813907,NA,NA,0,-0.02494594,0.147982527,0.164885403,0,NA,NA,0,0,-0.066944252,NA,NA,NA,NA,NA,NA,-0.159851684,0,NA,NA,0,-0.06054346,NA,NA,NA,-0.064737579,NA,NA,0.032501044,0,0,NA,NA,NA,NA,NA,NA,0.04519967,NA,0,0.224101741,NA,NA,NA,0.06272131,NA,-0.020776104,0,0.046202444,0,NA,NA,0.004622012,-0.034880915,-0.002709792,NA,NA,NA,0,NA,NA,0,NA,NA,NA,NA,NA,NA,NA,NA,-0.000859903,NA,NA,NA,-0.107842606,NA,0.031812124,0,NA,NA,NA,NA,0,NA,NA,NA,NA,0,0.023366489,NA,NA,0,NA,0,0,0.251114191,NA,NA,NA,NA,NA,NA,0.008527653,-0.012736713,-0.017849193,0,NA,NA,NA,NA,NA,NA,0.15891712,0.036206461,NA,NA,0.01804345,NA,0.047737919,NA,NA,-0.014284493,NA,0,NA,NA,NA,0,NA,-0.021887119,NA,NA,NA,NA,0,0,-0.020905325,-0.080739998,NA,NA,NA,NA,0.007597429,NA,0,NA,NA,NA,NA,NA,0,NA,NA,NA,NA,0.03045299,-0.016992969,0,NA,-0.014387536,NA,NA,NA,0.087078113,NA,NA,0.069140343,0,0,0.097245687,NA,NA,NA,0.026186475,0.031631979,0.058259145,NA,NA,NA,NA,0.009086163,0.007143708,0,NA,-0.004380869,-0.063086989,0.039250609,NA,NA,NA,NA,NA,NA,0.040874075,NA,NA,NA,0,-0.004257058,0,NA,NA,NA,0,0,0,NA,NA,NA,0,0,0.034682283,NA,NA,NA,NA,NA,NA,NA,NA,NA,NA,-0.022260059,NA,NA,-0.028951116,NA,NA,NA,NA,NA,NA,NA,NA,NA,0,0,NA,NA,NA,NA,NA,NA,NA,NA,NA,NA,NA,NA,NA,NA,NA,0.024961563,NA,NA,NA,-0.011023878,NA,NA,-0.000338001,0.038568969,0,NA,NA,0,NA,0,NA,NA,NA,NA,0,NA,0,0,NA,0,-0.00935483,-0.007081011,NA,NA,NA,NA,NA,0,NA,NA,0,0,NA,NA,-0.047808711,NA,NA,NA,NA,NA,NA,0,NA,0,NA,NA,NA,NA,NA,NA,NA,NA,NA,NA,NA,0,NA,NA,0,NA,0.157285267,NA,-0.165178293,0.067626485,NA,-0.01057336,NA,NA,NA,-0.002859787,-0.000349484,0,0,NA,NA,NA,NA,NA,NA,0,-0.132651687,0
DVC  0.045,0,NA,NA,-0.03133745,0.776738183,NA,0,0,0,-0.003826644,0.073566026,0.029294832,NA,0,-0.01579326,NA,NA,-0.015376281,-0.057218928,0.031564065,-0.026891765,NA,-0.085173557,NA,NA,0.081518224,0.138335337,0,NA,NA,NA,0.13264734,0,NA,0.020794129,NA,NA,NA,0,NA,-0.012143005,NA,NA,0.016821512,-5.51E-05,NA,NA,NA,-0.012602235,0.019394103,NA,NA,NA,NA,NA,-0.114725208,0,NA,NA,NA,NA,NA,0,NA,NA,NA,0,0.019853392,0,NA,0,0.034618431,0,NA,NA,0.012766461,-0.028298015,0,NA,0,NA,NA,NA,NA,0,NA,NA,NA,NA,NA,NA,NA,NA,-0.016363678,NA,NA,NA,-0.130649408,NA,0.022859545,0,NA,NA,NA,NA,0,NA,NA,NA,NA,0,0.019739224,NA,NA,NA,NA,0,-0.011399654,0.143892554,0,NA,NA,0,NA,NA,NA,0,-0.011511502,0,NA,NA,NA,0,NA,NA,0.1003605,0.036935453,NA,NA,0,NA,0.060167642,NA,NA,NA,NA,0,NA,NA,NA,NA,NA,NA,NA,NA,NA,NA,0,0,-0.022945048,-0.099299088,NA,NA,NA,NA,0.076716042,NA,0,-0.084362354,NA,NA,NA,NA,0,NA,NA,NA,NA,0.010610056,-0.007107743,0,-0.0974675,-0.044400429,NA,0.029288053,NA,0.122302037,NA,NA,NA,0,0,NA,NA,-0.010075271,NA,0.007109854,0.058498714,0.076969448,NA,NA,NA,NA,0.054162757,0,NA,-0.056616333,0,-0.058929367,0.051229124,NA,NA,NA,NA,0,NA,0.024113304,0.005409898,0,0.040773583,0.239884999,-0.009766453,0,0.042730253,NA,NA,0.087042997,0,0,NA,0.05440802,NA,0,-0.00487647,0,0.004369223,0.01308968,NA,NA,NA,NA,0,NA,NA,NA,0,NA,-0.041012624,-0.058373948,NA,NA,NA,NA,NA,NA,NA,-0.030027274,NA,0.001590714,0,0.006421763,NA,NA,0,NA,NA,NA,NA,NA,NA,NA,0.024362365,0.077687362,NA,NA,NA,NA,NA,NA,NA,0,NA,NA,0,0,0,NA,0,NA,NA,NA,NA,NA,NA,0.05084374,NA,0.085142701,0,NA,-0.001954638,-0.018423281,-0.025179876,0.002799882,0,NA,NA,NA,NA,NA,NA,0,0,NA,NA,NA,NA,NA,NA,NA,NA,NA,0,0,0,NA,NA,NA,NA,NA,NA,NA,NA,NA,0,NA,-0.000542186,NA,NA,0,-0.021034866,0.195043781,0.043967576,NA,NA,NA,-0.018386059,-0.011057274,NA,0,NA,NA,NA,NA,-0.042737386,NA,NA,NA,NA,-0.009317683,0,-0.115537819,-0.009398794
e1_e3 (pharyngeal epithelium)  0.040,0,-0.066855293,NA,-0.041121112,NA,0,0,0,-0.04165342,0,0,0,0,0,0,0,NA,0,0.097394716,0,0,NA,-0.023490919,0,0,0,0.037390247,0,NA,-0.027149649,0,0,-0.017834248,0,0,0.007843562,0,0,0,-0.048438546,-0.008846504,NA,-0.010745407,0.07706449,-0.022560602,0,0,0,-0.007051657,0,NA,0.031355056,0,0,0,-0.052395897,0,0,0,0,0.154756777,NA,0,0.073792431,-0.016833824,0,0,-0.003492793,0,-0.005554084,-0.02482632,0,0,NA,0.002314655,0.015911025,0,-0.004512022,0,0,0,0,0.010700917,-0.011590107,0,0,0,0.008589487,NA,0,0,0,NA,-0.003840912,-0.008618367,0,0,-0.043534248,0,0,-0.011163721,0,0,NA,0,0,0,NA,0,NA,0,0,NA,NA,-0.001901758,0,0,-0.002258739,0,0,0,NA,0,-0.009558444,0,0,0,-0.007794782,0,NA,0,-0.008208086,0,0,-0.002188602,0,0,0,-0.010264126,0,0,0.012568831,0,-0.013883916,0,0,0,0,0,NA,NA,-0.008046135,-0.044776128,NA,NA,0,0,0,-0.002526985,0,-0.043316366,0.037455608,0,0.005643438,-0.006990165,0,-0.010593948,0,0,0,NA,-0.004923434,NA,-0.015175731,NA,-0.017415522,0.044767262,0,0,-0.006781189,0,-0.051947006,0,NA,0.003389042,0,0,-0.026728902,NA,0,-0.019731378,0,0,0.021099209,-0.005619696,0.019659323,0,0.013581326,0.029941538,0,NA,-0.023900774,-0.015579743,0.053334109,0,0,-0.033674502,0,-0.045881285,0,0,0,0,-0.019017967,0,0.045115307,0.091935947,0,-0.001154919,0,0,0,-0.010148396,0.019134711,0,NA,-0.018811,0,0,-0.017484665,0.035520745,0.105308176,0,0.001215194,-0.009088474,0,0.001915485,0,0.006333807,0.040740903,NA,0,0,0.035266994,0,-0.00350996,0,0,-0.008663541,-0.002910914,0,0.467838992,NA,NA,0,-0.014538646,-0.034887672,-0.003427391,-0.004108683,-0.005688188,0,0,0,-0.009599358,NA,0,-0.100291673,0,0,0,0,0.049676223,0.150170636,NA,NA,0,-0.017415221,NA,NA,0.144797076,NA,0,-0.010704242,0,0,NA,NA,0,-0.001820639,0,NA,NA,0,NA,-0.013536908,0,0,0.005265072,0,0,-0.010781669,0,0,0,0,-0.006147856,0.038039943,0,0.055674022,0,0,0,0,-0.014175192,0,NA,0,NA,NA,NA,0,-0.005217997,NA,0,0,0,-0.004661883,0,0.013606981,0,NA,0,-0.008531825,0,-0.013726899,0,NA,-0.004222037,0,0,-0.030890277,0.016037301,0,0.040115091,0,0,0.03863035,0,0.013926011,0,-0.048417686,0,0,-0.008259734,-0.000169855,0.045710355,0,-0.015337869,-0.052019813,0,0,0
e2 (pharyngeal epithelium)  0.039,0,-0.073754221,NA,-0.036995919,NA,0,0,0,-0.054052122,-0.00558404,0,0.11792768,0,0.007704842,0,NA,-0.005673625,0,0.079657154,0,0,NA,-0.049541458,0,0,0,0.041610713,0,NA,-0.022773033,0,0,0,NA,0,0,NA,0,0,0,0,NA,-0.035823016,0.068233227,-0.020245678,0,0,0,-0.006425631,0.002183239,NA,0.000914455,0,0,0,-0.057389933,0,0,0,0,0.210016072,0,0,NA,-0.011118349,0,0,0,0,-0.009875864,-0.009827672,0,0,0,NA,0.008575681,0,-0.008323201,0,NA,NA,0,0,-0.017165608,-0.000150608,0,0,NA,NA,NA,0,0.025619141,NA,0,-0.020711832,NA,NA,-0.035006402,-0.007042693,0,-0.005586461,-0.001635167,0,NA,NA,0,0,NA,0,NA,0,0,NA,NA,0,NA,0,-0.009847562,0,NA,0,0,0,0,NA,0,0,-0.00805317,0,NA,0,-0.001872549,0,0,-0.004828042,0,0,NA,0,NA,0,0.011428555,0,-0.00089252,0,0,0,0,NA,NA,NA,0,NA,NA,NA,NA,0,0,-0.003149299,0,-0.028255955,0.013306416,0,NA,-0.00591307,0,NA,0,0,0,NA,NA,NA,0,-0.005924491,NA,0.06282085,NA,0,-0.007620311,0,-0.032228327,0,NA,0.007943605,0,0,-0.033343969,NA,0,-0.020846211,0,0,0.009326048,NA,0,0,0.012493453,0.023525815,0,0,-0.018717106,-0.01152529,0.063066672,0,0,-0.026364033,0,-0.010809227,0,NA,0,0,-0.030924535,0.147740281,0.051211963,0.091943825,0,0,0,0,0,-0.026751469,0.048968679,0,NA,0,0,0,NA,0.01274849,0,0,0,NA,0,0.002207195,0,0,0.041560063,NA,0,0,0.034340718,0,0,-0.001871449,0,0,-0.005653528,NA,0.304363663,NA,NA,0,NA,-0.021425229,0,-0.012333118,0,0,NA,0,NA,NA,NA,0,NA,0,NA,NA,0.059196674,0.112619538,NA,NA,0,NA,NA,0,0.152956658,0,NA,-0.024077032,-0.023733008,0,NA,NA,0,NA,0,NA,NA,NA,0,0,0,0,0,0,0,-0.012414517,0,0,-0.001787117,NA,-0.003024977,0.004719615,0,0.04880805,0,0,0,NA,0,0,NA,0,NA,NA,NA,NA,0,0,0,0,NA,0,NA,0,NA,NA,0,-0.003973233,0,-0.005363731,0,-0.023661179,NA,0,0,0,0.018878914,0,0.043225224,0,0,0,0,0,0,-0.03604237,0,0,0,NA,NA,0,NA,-0.014149805,0,0,-0.001024664
Embryonic cells  0.034,0,-0.06261353,0,0,NA,0,0,0,0.01785165,0,0,0,NA,0,0,NA,NA,0,NA,0,0,0,-0.079357646,0,0,-0.027056557,0.277660245,0,0,-0.047705119,0,0,0,NA,0.031323071,0,0,NA,0.004259594,0,0.009335167,0,0,0,-0.070254473,NA,0,NA,-0.03230421,0.006211459,NA,0.032611816,0,0,0,-0.032511078,0,0,0,0,0,NA,0,0.327347503,0.003672117,0,0,0,0,0,0,0,0.093393025,NA,0,NA,-0.016425556,-0.014709819,0,NA,0.003389725,0,-0.050524919,NA,-0.038665588,NA,NA,0,NA,0,0,NA,-0.014571463,0,0.224946539,0,0,-0.103014716,-0.016118011,NA,0,0,NA,NA,0,0,NA,NA,-0.03231271,NA,0,0,NA,0.079730791,0,-0.001862794,0,0,0.04221488,0,0,NA,0,NA,0,0,0,0.015288482,0,NA,-0.013711957,0,0.01515905,0,-0.025792437,0,0,NA,-0.003036075,0,0,0.050255653,0,0,0,0.017915507,0,NA,NA,0,NA,NA,0,0,0,NA,-0.017562916,0,0.056248115,-0.01211713,0,0,0,NA,-0.014734855,0,0,0,NA,0,NA,NA,0.489449501,0,NA,NA,NA,0,0,-0.013657953,0,-0.103486194,0,0,0,-0.002155967,0,0,NA,0,0,0.019629023,NA,0.008652128,0,NA,0,-0.003523203,0.071461624,-0.022164024,0,0,NA,0.031574081,0,0,0,0,0,0.024905824,-0.039322941,0,NA,-0.00712712,NA,0.102735702,0.065033341,0.022956077,-0.003547459,0,0,0,-0.00034795,0.043771027,NA,NA,0,0,0.013969253,0,0,0,0,0,0,0,0,0,0.002133731,0.005946325,NA,0,NA,0,0,0,0.013451958,0,-0.000648728,0,0,NA,0,NA,-0.005004019,NA,0,0,0,0,NA,0,0,NA,NA,NA,0,NA,0,0,0,NA,0.199436332,NA,0,0,0,0.028061326,NA,0,0,-0.176702797,-0.000114694,-0.002670736,0,-0.101569973,0,0,0.002252773,0.038906686,NA,0.016853703,0,0.022646865,0,0,NA,0,0,0,-0.015945644,0,0,0.138034881,0,0,0,0,0.221572342,0,0,0,NA,0,-0.002858577,0,0,0,0,0,0,0,0.003333624,0,0.004410445,NA,0,0,-0.009919498,0,0,NA,NA,0,0,0,-0.001574601,-0.000664707,0.003296084,NA,NA,0.045159998,-0.031588499,0,0,-0.004487848,0,NA,0.034843152,0.03684332,-0.01597635,0,0,0,-0.035596004,NA,0,0,-0.097584492,0,-0.011477223,0
Excretory cells  0.040,0,-0.119312314,NA,0,NA,0,0,0,0,0,0.017060313,-0.084389031,-0.018201928,0,0,NA,NA,0,0,0.016038662,0,NA,-0.115872128,0.031709467,-0.013621852,-0.002639512,0.127518728,0,0,-0.09019787,0,-0.033882387,0,NA,0,-0.047551443,-0.014471939,NA,0.014328529,-0.13905071,0,0,0,0.147952763,-0.040865822,NA,0,NA,-0.087094762,0.024925068,NA,0.05099594,0,0,0,-0.094091611,0,0,0,0.076114127,0,0,0.094206652,0.251145515,-0.019651476,0,0,0,0,0,0,0,0,0,NA,0,-0.001941117,0,0,NA,NA,0.011128045,NA,0,-0.038387289,0,0,0,NA,NA,0,0,NA,-0.000217668,NA,NA,0,-0.142324075,0,0,0,0,0,NA,-0.006146307,0,0,NA,-0.030654267,NA,0,0,NA,NA,NA,0,0,0,0.089224711,0.121600284,NA,NA,0,NA,0,0.005830613,0,0,0,NA,-0.028778019,0,0,0,-0.018801757,0.026897297,0,NA,0,NA,0,0.08613724,0,0,0,0.078882387,0,0,0,NA,NA,-0.021406732,0,NA,NA,0,NA,0,0,0,-0.035500834,0,0,0,-0.008273825,0,0,0,0,0,0,-0.081161096,NA,0,NA,0,NA,NA,0,-0.02519958,0,-0.136697759,-0.028308254,NA,0.007771939,0,0,-0.004839264,NA,0.095132636,0,0.01023382,0,0.015949227,0,0,0,0,0.134288608,-0.022887354,NA,NA,0,0.143200282,0.020764192,-0.021257626,0,0,-0.06949142,0.024771806,-0.023635081,NA,-0.026868446,-0.017621635,0,0.071767899,0.18952675,0.008280351,0,NA,0,0,-0.002736876,0.041227949,NA,NA,0,-0.017008575,0,NA,0,0,0,0,0,0,0,0,0,0.021107915,NA,0,0,0,0.025811046,0,NA,0,-0.023925058,-0.004927209,0,NA,0,NA,0,NA,-0.02940998,0,-0.009683736,0,0,NA,0,0,NA,0,0,NA,0,NA,0,0.085772413,NA,NA,NA,0.011334932,NA,NA,NA,NA,NA,0,0,0,0,0,0,0,NA,0,NA,NA,NA,NA,-0.001336333,0,0,0.004710626,-0.003624948,0,-0.011320569,0.012827019,0,0,0,0,0.023678883,0,0.487369913,0,0,0,0,0,0,NA,0,NA,NA,NA,0,0,0,0,0,0,0.00360036,NA,0,0,NA,-0.005794121,NA,0,-0.000938635,0,NA,NA,0,-0.035333455,NA,0.055734586,0,0.128151841,0,-0.000531113,0,0,0.033607116,0,0,0,0,0,NA,0.07357563,0,NA,-0.110233637,0,-0.023234842,-0.001805907
Excretory duct  0.045,0,-0.208547918,0,-0.008909209,0,0,0,0,0,0,0.025775348,0,-0.037651394,-0.01443145,-0.006449567,0.016204675,NA,0.008173332,-0.016484331,0.245111704,0,NA,-0.134201526,0.012313707,0,-0.072559073,0.085095335,0,NA,-0.067388205,0,0,-0.045627238,NA,0,-0.04738657,0,0,0.015497714,-0.216431508,0,NA,0.155465264,0,-0.033291552,NA,0,NA,-0.114199374,0.022036747,0,0.0523984,0,0,-0.033824854,-0.082232665,0,0,0,0,-0.022015792,NA,0,0.206778128,-0.009317801,-0.057148646,0,-0.002228926,0,-0.009179559,-0.011410048,0.003701124,-0.001604579,0.022854554,0.022650317,-0.016304324,-0.010587075,-0.008167587,0,0,NA,0,0,NA,-0.06202111,NA,0,NA,NA,0,0,-0.004202936,NA,-0.00828753,NA,NA,0,-0.190962058,0,-0.003930302,-0.0611675,NA,0.137555336,NA,-0.031381236,0,NA,NA,-0.010112988,NA,0.09467109,0,0,NA,0,0.073559174,0,0,0.064941122,-0.032862312,-0.008858123,NA,0,NA,-0.026628592,0.021355185,0,0,-0.00720895,NA,-0.022282108,0,0,0,0,0.050446075,-0.031964445,NA,-0.028598823,NA,0.149230234,0.036127536,0,-0.003213608,0.059785454,0.245837996,-0.070668554,0,0,NA,NA,NA,NA,NA,NA,0,-0.026583818,0,-0.019839997,-0.001915922,-0.264739916,0,NA,-0.041230671,-0.036301242,0.012163822,0,0.030065672,-0.060081984,-0.137282309,NA,NA,NA,0,0,NA,0,0,0,-0.019269567,0,-0.131384423,-0.056023713,NA,0.01120698,-0.014230179,0.02140968,0,NA,0,-0.033116526,0,-0.059340708,0.015080304,-0.019560193,0,0,-0.00605334,0.151131689,0,0,0,-0.009660721,0.207852636,0.008989465,0,0,0,-0.153586965,0,NA,-0.018371486,-0.004247865,0,0.572422495,0.047665862,0.499444548,0,-0.000425937,0.043491364,0,0,-0.049076386,0.089496726,0.290284291,NA,0,-0.124267981,0,NA,0,0,0.01849203,0.016307092,NA,0,0,0.006962182,0,0.069905671,NA,-0.047294853,0,0.000701941,1.016857938,0,NA,7.39787835617194e-05,-0.029154565,0,0.132768865,0.007311062,0.059363712,NA,0,-0.036761291,-0.099253387,0.05948772,-0.014869665,0.068242531,0,0,0,-0.005327546,NA,-0.010778283,0,0,-0.020565284,-0.037644889,NA,0.00937099,0.03211641,NA,NA,0.007014462,-0.052228046,NA,NA,-0.000661933,0,0,0,0,0,-0.100134397,NA,0,0,0,NA,NA,NA,0,0,0,-0.009909931,0.015596188,0,0,-0.027642083,0,-0.194420576,-0.001875339,0,0.160638246,0.106173483,0,NA,0,0,0,NA,0,0,NA,0,NA,NA,0,0.001290814,0,0.076568446,-0.01964004,0,NA,0,NA,-0.023797189,NA,NA,-0.011070387,NA,0,0,-0.020535603,NA,NA,0,-0.008085176,0,0.019899683,-0.195411511,0.078338452,0,0,0,0,0.302476927,0,0.108414162,-0.003790945,0,-0.020989811,NA,0.467838125,0,0,-0.040703257,0,-0.041454579,0
Excretory gland  0.030,0,-0.094111317,NA,0,NA,0,0,0,0.008390098,0,0.011429948,-0.186854272,-0.073954957,0,0,NA,NA,0,0,0.058059952,0,NA,-0.104281066,0.049510699,-0.006422199,-0.004050978,0.145703844,0.01629941,NA,-0.045029747,0,0,-0.033264177,0,0,-0.014107941,NA,0,0.025884909,-0.063299591,0,NA,0,0.016795104,-0.024913726,NA,0,NA,-0.074005176,0.013429549,0,0.073298038,0,0,0,-0.090549859,-0.007255576,NA,0,0,0,0,0,0.33404375,-0.024467957,0,0,0,0,0,0,0.008916575,0,NA,NA,0,0,0,0,NA,NA,0.017688023,-0.010139621,NA,-0.029091734,NA,NA,0,NA,NA,0,0,NA,-0.002613042,NA,NA,0,-0.121041849,NA,NA,0,NA,0,NA,-0.019805806,0,NA,NA,-0.029480546,NA,0,0,NA,NA,0,0,0,0,0.115203662,0,0,0,0,NA,0,0.007518849,0,0,0,0,-0.022158222,0,0,NA,NA,NA,0,NA,0,NA,0.001355987,0.091349024,0,0,0,NA,0,0,NA,NA,0,NA,NA,NA,NA,0,NA,0,0,-0.002446372,-0.041425854,0,0,NA,-0.00734701,0,NA,0,0,NA,NA,NA,NA,-0.002275264,NA,NA,0.036144006,NA,0,-0.019093161,0,-0.118118447,-0.031926,NA,0.01446444,0,0,0,NA,0.06762629,0,0.028063288,0,0.049925655,0,0,0,0,0.137070419,0,0,0,0,0.109783373,0.022673735,-0.020342863,0,0,-0.022825039,0.027119001,NA,NA,-0.001073138,NA,0,0.070280298,NA,0.022532634,-0.007023408,NA,0,0,0,0.031300512,NA,NA,0,0,0,NA,0,0,0,0,0,0.003810371,0,0,NA,0.017870046,NA,0,-0.003666669,0,NA,NA,NA,0,-0.01823728,-0.001342997,NA,NA,NA,NA,-0.006315268,-0.019119289,-0.036816072,0,-0.01154722,0,0,0,0,0,NA,0,0,NA,0,NA,NA,NA,0.245087675,NA,NA,0.013209841,NA,NA,NA,NA,NA,NA,0,-3.30E-05,0,NA,-0.001792966,0,0.002226188,NA,NA,NA,NA,NA,0,NA,0,0,-0.007120547,0,-0.014930385,0,0,0,NA,0,0,0,0.490127757,0,0,0,NA,0,-0.016162516,NA,-0.004071079,NA,NA,NA,NA,0,0.00509497,0,0,NA,0,NA,NA,0,NA,NA,0,0,-0.003796311,0,NA,NA,0,-0.059745389,-0.019441562,0.054438955,0,0.053558841,0,0,0,0,0.056005759,NA,NA,0,0,0,-0.06681242,NA,-0.00067192,NA,-0.090652245,-0.022267935,-0.00532144,-0.001872545
g1A (pharyngeal gland)  0.029,0.019971214,-0.01666597,NA,0,NA,NA,0,NA,0,NA,0.028267873,0,NA,0,NA,NA,NA,0,0,0,0,NA,NA,0.002725367,NA,-0.0012164,NA,0.020360313,NA,-0.015367498,0,0.027034237,NA,NA,0,NA,0,NA,NA,NA,NA,NA,NA,NA,NA,NA,NA,NA,NA,NA,NA,NA,0,NA,NA,NA,NA,NA,-0.023997504,NA,NA,NA,0,NA,NA,NA,NA,-0.004146625,0,-0.012423574,0,0.020099961,NA,NA,NA,0,NA,0,NA,NA,NA,0,NA,0,NA,NA,NA,NA,NA,NA,0,-9.09E-05,NA,-0.00904118,NA,NA,NA,-0.076745205,NA,NA,NA,NA,NA,NA,0,0,NA,NA,-0.033225677,NA,0,0,NA,NA,NA,NA,NA,0.001966302,NA,NA,NA,NA,0,NA,NA,0.024992587,0,NA,0,NA,NA,NA,NA,NA,NA,0.039669526,NA,NA,-0.000786328,NA,0.005335396,0.079154522,NA,NA,NA,NA,0,NA,NA,NA,NA,NA,NA,NA,NA,NA,-0.011512508,0,-0.002684278,-0.008321948,-0.040439271,NA,0,NA,NA,NA,NA,0,NA,NA,NA,NA,NA,-0.005283369,NA,0,NA,NA,0,-0.012532213,0,NA,0,NA,0.007942868,-0.00290355,NA,0.000158341,NA,NA,0,0.0401614,NA,NA,0,NA,0,0,NA,0,NA,0,NA,0.053234947,0.022351787,-0.037172376,NA,0,NA,0.00741753,NA,NA,NA,NA,0.063449353,NA,0.136709783,NA,NA,NA,0,-0.011077234,NA,0,NA,NA,0,-0.017766615,0,NA,0,NA,NA,NA,NA,0.002360668,NA,NA,NA,0.01373814,NA,NA,0,0,NA,-0.00803342,NA,-0.011127286,NA,NA,NA,NA,NA,NA,NA,-0.027062996,-0.032285811,NA,-0.007738032,0,NA,NA,NA,NA,NA,NA,NA,NA,NA,NA,NA,NA,NA,NA,NA,0.027176696,NA,NA,NA,0.01052892,NA,NA,NA,0,0.01507901,NA,NA,0.031107709,NA,NA,NA,NA,NA,NA,0,0,NA,NA,NA,NA,NA,0,NA,NA,NA,0.04003799,0,0,NA,0,NA,0,NA,NA,-0.014825741,NA,NA,NA,NA,NA,NA,0,NA,NA,0.052254687,NA,0,NA,NA,NA,NA,NA,NA,0.014894833,NA,0,NA,NA,0,NA,NA,0.035577191,NA,NA,NA,-0.015576308,0,NA,0.115647319,NA,NA,0,NA,-0.009855056,NA,NA,NA,NA,-0.057695955,0,-0.048737434,-0.008471373
g1P (pharyngeal gland)  0.027,0,-0.117960313,NA,0,NA,0,0,0,0.006688759,0,0.008895918,-0.037715837,NA,0,0,NA,NA,0,0,0.048770028,0,NA,-0.079436227,0.032815719,-0.0222613,-0.001752882,0.125452917,0,NA,-0.045417721,0,0,-0.030349384,0,0,-0.01728339,-0.003577362,NA,0.018287659,-0.089822228,NA,NA,0,0,NA,0,0,0,-0.066170306,0.009338557,NA,0.046296032,0,0,NA,-0.064742842,-0.010475367,0,NA,0.074422077,0,NA,0,NA,-0.017414764,0,0,0,0,0,0,0.016865074,0,NA,NA,0,-0.017366883,0,0,NA,NA,0.01302888,0,NA,-0.031237649,0,NA,0,NA,0.003445837,0,0,NA,-0.005000423,NA,NA,NA,-0.126368842,NA,0,0,0,0,NA,NA,0,NA,NA,-0.02411554,NA,0,0,NA,NA,NA,0.001421824,0,0.00412955,NA,NA,NA,0,0,0,0,0.008539026,0,0,-0.006789752,NA,-0.014981812,0.00369061,0,NA,-0.018041047,0.035162045,0,NA,0,NA,NA,0.079069301,0,NA,0,0.040357274,0,0,NA,NA,NA,-0.007804405,NA,0,NA,0,NA,0,0,-0.006250606,-0.041945789,0.022659328,0,-0.011524311,NA,0,0.010636495,0,NA,0,NA,-0.052205092,NA,-0.0038555,NA,-0.004969875,0.038017851,NA,0,-0.016138479,0,-0.098360936,0,NA,0.007514361,-0.00109668,0,0,NA,0.037850465,0,0.037571103,0,0.055322035,-0.00774519,0,0,0,0.100361586,-0.020193282,NA,0,-0.000833083,0.076554248,0.021239179,-0.022171188,0,0,-0.021121648,0.016876948,-0.041971084,-0.005138768,NA,-0.02755173,0,NA,0.111777602,0.012123675,-0.013439928,0.043821977,0,-0.003511287,0,0.008727509,0,NA,0,-0.025940114,0,NA,0,0.150940847,0,0,0,0.009529914,0.003499565,0,0,0.019808812,NA,0,-0.009107357,0.000208672,NA,0,NA,0,-0.019220836,0,NA,NA,-0.008890567,0,-0.010130026,NA,-0.048114205,0,-0.004278009,0,0,0,0,0,NA,-0.003705456,0,NA,0,NA,0,NA,NA,NA,NA,0.017176066,NA,NA,NA,0,NA,0,0,0,0.013894644,0,NA,0,0,0,NA,NA,NA,NA,-0.01064451,0,0,0,-0.002138097,0,-0.011801465,0,0,0,0,-0.002939796,NA,0,NA,0,0,0,-0.014415771,0,0,NA,0,NA,NA,NA,NA,0,NA,0,0,NA,0,NA,NA,0,0,-0.010278712,NA,0.016586808,-0.001422095,0,NA,NA,0,-0.033225881,-0.008069036,0.038386409,0,0.015453458,0,0,0,0,0.009343354,NA,0.011738935,0,0,-0.002365617,NA,0.056978812,-0.000465276,NA,-0.076375025,-0.018587126,-0.04128892,-0.001529249
g2 (pharyngeal gland)  0.028,0,-0.066109059,NA,0,NA,NA,0,0,0,0,0.019502023,0,NA,0.017479096,0,NA,NA,0,0.003958567,0.00067927,0,NA,-0.03982971,0.014229213,-0.012512546,-0.011358426,0.080597384,0,0,-0.028792584,0,-0.00598224,-0.017812728,NA,0,-0.006584669,0,NA,0.011431855,NA,0,NA,NA,0.003906767,-0.043578694,NA,0,NA,-0.042650029,0,NA,0.047285841,0,0,0,-0.050540064,NA,NA,NA,0.025814617,0,NA,0.030685232,0.185032275,NA,NA,NA,-0.004422792,0,-0.008419333,0,0.002902082,0.020727013,NA,0,0,-0.013436031,0,NA,NA,NA,0,0,0,NA,NA,0,0,NA,0,NA,0,NA,-0.003747715,NA,NA,NA,-0.085635673,0,-0.002471892,0,0,NA,NA,-0.018309935,0,0,NA,-0.013467337,NA,0,0,NA,NA,NA,0,0,0,0.128036466,0,0,0,0,NA,NA,0.006933453,0,0,0,NA,-0.013980249,0,0,0,-0.00144336,0.044331958,-0.001030412,NA,0,NA,NA,0.057924531,0.016190724,NA,0,0.011726923,0,0.001189962,NA,NA,NA,NA,0,NA,NA,NA,-0.00880665,0,-0.001893873,-0.008350579,-0.009978839,0.007915804,NA,NA,NA,0,NA,0,NA,NA,NA,NA,NA,-0.00329503,NA,-0.001549979,NA,NA,0,-0.013751484,0,-0.077863607,-0.003769031,NA,0,-0.002490575,0,0,NA,0.014059367,0,0.026048476,NA,0.027904698,NA,NA,0,0,0.058083227,-0.013097196,NA,0,NA,0.02853131,0.006308493,-0.017972596,0,0,0,0.008995025,-0.024339941,NA,NA,-0.015983194,0,NA,0.058096114,0,-0.008191085,0.047842169,0,-0.005605817,0,0.016069926,NA,NA,0,0,0,NA,0,0.142869669,0,0,NA,0,0,0,0,0.006777329,NA,-0.002364555,-0.015524824,0,0,0,NA,0,-0.012236594,NA,NA,NA,NA,NA,-0.007072208,-0.017004918,-0.031384101,NA,-0.002040972,8.15584299506284e-05,NA,NA,0,NA,NA,0,0,NA,NA,NA,NA,0.020099729,NA,NA,NA,0.020325633,NA,NA,NA,0.008811238,NA,NA,NA,0,0.013455426,NA,NA,0,NA,0.008420769,NA,NA,NA,NA,0,NA,0,0,-0.012783592,0,0,0,0,NA,NA,0,0,0,NA,0,0,0,NA,NA,-0.00594894,NA,NA,NA,NA,NA,NA,0,0.070169939,0,0.000608522,NA,0,NA,0,NA,NA,-0.007496704,NA,0,NA,0,NA,NA,0.000393749,-0.010720695,-0.003859702,0.027266198,-0.026958378,0.002728453,0,-0.000174592,0,NA,0.01773137,-0.002589291,0,0,0,-0.009289112,NA,NA,0,NA,-0.051496212,-0.005668218,-0.039859337,0
Glia_1  0.041,0.054209213,-0.113394051,0,-0.006271825,NA,0,0,0,0,0,0,0,-0.062351583,0.001536075,0,NA,0,0,0,0,0,NA,-0.131523271,0.03687933,0,-0.013401864,0.165106821,0.005144739,NA,-0.049810411,0,0,-0.035219833,-0.006633066,0,-0.044457087,-0.013113849,0,0.022704476,0,0,NA,0,0,-0.052516914,NA,0.001090516,NA,-0.083355431,0.01075612,0,0.044170477,0,0,NA,-0.088854681,-0.008660408,0,0,0,0,NA,0,0.243507164,-0.019419396,0,0,0,0,0,0,0,0,0,0.029397235,0,0,0,0,NA,NA,0,-0.016346838,0,-0.031756336,NA,NA,0.017157083,0,0,0,0,NA,-0.002023146,0,NA,0,-0.128383945,NA,-0.001464803,0,0,0,NA,-0.004924225,0,NA,NA,-0.026401175,NA,0,0,NA,NA,0,0,0,0,0.080412573,0,0,0,0,NA,0,0.006619317,0,0,-0.006356217,NA,-0.030457483,0,0.000683408,0,-0.011961541,0,0,NA,0,NA,0.00201453,0.089311537,0,-0.003522279,0,0.156869408,0,0,0,NA,NA,NA,0,NA,NA,-0.010091649,-0.011287048,0,0,-0.001954172,-0.018916299,0.118145536,0,0.034519321,-0.025841506,0,NA,0,0,-0.013397558,NA,-0.107900803,NA,-0.000579202,-0.000142013,NA,0.024922935,0,0,-0.018186533,0,-0.105702314,-0.01000715,0,0.006291588,0,0,0,NA,0.044512192,0,0.006100053,0,0.042795485,0,0,0,0,0.136870464,-0.040227872,NA,0,-0.004591891,0.099276053,0.011737554,-0.01638481,0,0,-0.039266397,0.021363804,-0.022978183,NA,0,-0.035312568,0,0.073525787,0.161550111,0.010257941,-0.016493951,0.044065348,0,0,-0.005688654,0.026776986,0,NA,0,0,0.01284,-0.019262099,0,0,0,0,NA,0,0,0,0.000466344,0.033702015,NA,0,-0.016205386,0,0,-0.00106188,NA,0,-0.048232188,0,0,0.019434524,0.03308108,NA,-0.007289981,-0.020592787,-0.062363938,0,0,0,0,0,0,0,NA,NA,0,0.002990277,0,0,NA,0.050488601,0.212319774,NA,NA,0.002079673,-0.024513775,NA,NA,0,NA,0,0,0,0,0,NA,0,0,0.011872374,NA,NA,0,NA,-0.018332091,0,0,0.006479372,0,0,-0.016848625,0.005150017,-0.030773399,0,0,-0.012519826,0.004962895,0,0.441891375,0,0,0,-0.022433074,0,0,NA,0,NA,NA,NA,0,0,0.009243234,0,0,NA,0,NA,NA,0,NA,-0.013803969,0,0,-0.008806318,0,NA,0,0,-0.025695635,0,0.049407295,0,0.053566839,0,0,0,0,0.052830767,NA,0,0,0,0,-0.034051569,0.044143243,-0.00616706,0,-0.07672508,-0.02829485,-0.015351345,-0.011114304
Glia_2  0.041,0.135885042,-0.078107104,NA,-0.0143675,NA,0,0,0,0,0,0,0,NA,0,0,NA,NA,0,0,0,0,NA,-0.123837362,0.021918758,-0.001843331,-0.023688751,0.101662316,0,NA,-0.059057877,0,0,-0.021653828,NA,0,-0.065965921,NA,NA,0.016409116,0,0,NA,0,0.036614007,-0.050587489,NA,0.004920959,NA,-0.080630728,NA,NA,0.0371337,0,0,NA,-0.069458152,0,NA,NA,0,0,NA,0,NA,NA,-0.000998934,0,0,0,NA,0,0,NA,NA,0.04756054,0,0,0,0,NA,NA,0.006789158,NA,0,-0.035082184,NA,NA,0.120482962,NA,0,0,0,NA,0,0,NA,NA,-0.076899967,0,NA,0,NA,0,NA,NA,0,NA,NA,-0.024521531,NA,0,0,NA,NA,NA,NA,0,0,0.043216323,0,NA,NA,-0.00350827,NA,NA,0,0,0,0,NA,-0.02732063,0,0,0,0,0.005243847,0,NA,0,NA,0.020127652,0.05591669,0,NA,0,0.081102305,0,0,NA,NA,NA,NA,NA,NA,NA,0,-0.022443147,0,-0.004569,0,0,0.18387062,0,0.094251633,-0.034603963,0.004779503,NA,0,NA,NA,-0.033634063,NA,NA,0,NA,NA,0.019934949,0,0,-0.014718185,0,NA,-0.017324956,NA,0.007774972,0,0,0,NA,0.015403027,0,0.006103238,0,0.03662755,0,0,0,0.003161042,0.107534011,-0.01976073,NA,0,NA,0.094618562,0.011676599,-0.023999882,0,0,-0.075407023,0.00934224,NA,NA,NA,-0.038943221,0,0.058540755,0.144995131,NA,-0.008832303,0,0,-0.000596311,-0.019228433,0,NA,NA,0,-0.010937615,0,NA,0,0,0,0,NA,NA,0,0,0,0.050336793,NA,0,NA,NA,0,-0.004569822,-0.004788426,0,-0.030267435,0,0,0,NA,NA,-0.004189324,-0.009510279,-0.061480824,0,0,-0.000611718,0,0,0,0,NA,NA,0,0.089570396,NA,NA,NA,NA,NA,NA,NA,0.002074003,NA,NA,NA,0,NA,0,NA,-0.007677929,0,NA,NA,0,NA,0,NA,NA,0,NA,-0.035381009,0,0,0.002872775,NA,0,-0.020743236,0.01466834,-0.072598925,-0.010624293,0,-0.03371371,NA,0,0.331122187,0.004510396,0,0,NA,-0.010998843,0,NA,NA,NA,NA,NA,NA,0,NA,0,0,NA,0,NA,NA,NA,0,NA,0,0,-0.013214103,0,NA,NA,0,-0.01232532,NA,0.035060866,0,0.084458353,0,0,0,0,0.094827111,0,-0.009152757,0,0,0,NA,0.059472213,NA,-0.014244336,-0.066012657,-0.004975224,-0.027445599,0
Glia_3  0.046,0.10071741,-0.077847651,0,-0.020026505,NA,0,0,-0.015324512,0,0,0,0,NA,0,0,NA,NA,0,-0.008558187,0,0,NA,-0.094830313,0.023956636,0,0,0.097152614,0,NA,NA,NA,0,-0.048315259,NA,0,-0.038618551,-0.001096199,NA,0.02302601,0,0,NA,-0.008638711,0,-0.01989086,NA,0,NA,-0.046645081,0.016194784,NA,0.043439057,NA,0,NA,-0.083910246,-0.01758126,0,0.008120826,0,0,NA,0,0.18947899,-0.005290444,0,0,-0.000513783,0,NA,0,0.001109099,0,NA,0.037353827,0,0,0,NA,NA,NA,0,NA,NA,-0.045697988,NA,0,0.119983775,NA,NA,0,0,NA,-0.009192567,NA,NA,0,-0.069621587,NA,0,0,NA,0,NA,-0.010800544,0.016503928,0,NA,-0.019420243,NA,0,0,NA,NA,-0.000987401,NA,0,0,0.060151706,NA,0,0,0,NA,NA,0,-0.0153782,0,-0.001947386,NA,-0.025990624,0,0,0,-0.018771485,0.029266125,0,-0.022774234,0,NA,NA,0.04804242,-0.024326008,NA,NA,NA,0,0,NA,NA,NA,NA,NA,NA,NA,-0.018654138,NA,NA,-0.005827258,-0.000931643,-0.041109047,0.144527959,0,0.058709515,-0.037773329,0.024962944,NA,0,NA,0,NA,-0.078442466,NA,-0.010572522,NA,NA,NA,NA,0,-0.018180997,0,-0.078343879,-0.019580427,NA,0.00204709,NA,0,0,NA,0.03396287,0,0,0,0.033019891,0,NA,0,0.013525732,0.145610628,-0.030788764,NA,NA,NA,0.141193438,0.009157863,-0.02915061,NA,0,-0.086764944,0.012561437,0,NA,NA,NA,0,0.067000848,NA,0,0,0.025107019,0,0,-0.023788183,0.039400664,NA,NA,0,0,0.006005669,NA,0,NA,0.008379896,0,-0.014458679,0,0,0.031311736,0,0.052499806,NA,0,0.016341087,NA,NA,0,NA,0,-0.015650172,0,NA,0,0.067929156,NA,0,0,-0.062361972,0,0,-0.006057859,0,NA,-0.000915523,0,NA,-0.004603111,0,0.097643482,0,NA,NA,NA,NA,NA,NA,0.009283515,-0.050913524,NA,0,NA,NA,0,-0.004977529,-0.019883383,0,NA,NA,0,NA,0,NA,NA,NA,NA,-0.028830557,0,-0.022721308,0.028185828,NA,0,-0.029211785,0.030610355,-0.051161573,-0.012267378,0,0,NA,0,NA,0.043445114,-0.00016808,0,NA,-0.035400419,-0.00249225,NA,-0.04642155,NA,NA,NA,NA,0,NA,-0.005632124,0,NA,0,NA,NA,0,NA,NA,NA,0,-0.010617086,0.00151922,NA,NA,0,-0.02411247,-0.009570599,0.047460395,0,0.169668591,0,-0.005457269,-0.005038369,NA,0,NA,0,-0.000617717,0,0,-0.025634381,NA,NA,0,-0.116320127,-0.02045109,0,-0.019249461
Glia_4  0.044,NA,NA,NA,NA,NA,0,NA,0,0,0,NA,0.056594579,-0.022419323,NA,0,NA,NA,NA,0,0.053791553,0,NA,-0.107833062,0.031820949,NA,-0.025162739,0.196657201,0,NA,NA,0,0,-0.006824485,NA,0,0,NA,NA,NA,NA,NA,NA,NA,NA,NA,NA,NA,NA,-0.085853912,NA,NA,NA,0,-0.044614114,NA,NA,NA,NA,NA,0.074689334,NA,NA,0,0.278301006,NA,0,0,0,0,0,NA,0.000493327,0,0,0.030104464,NA,-0.002717148,0,0,NA,NA,0.022484006,NA,NA,NA,NA,NA,NA,NA,0,0,0,NA,0,NA,NA,0.05612626,NA,NA,NA,0.03727908,NA,NA,NA,NA,0,NA,NA,-0.016499263,NA,0,0,NA,NA,NA,NA,0,0,NA,NA,NA,NA,NA,NA,NA,0.013238852,0,0,0,NA,NA,0,NA,0,NA,NA,0,NA,NA,NA,NA,0.113988353,NA,NA,0,NA,NA,NA,NA,NA,NA,NA,NA,NA,NA,NA,NA,0,-0.001172916,-0.006646618,-0.016484358,0.021412971,NA,0,NA,NA,NA,0,NA,NA,NA,-0.02971865,NA,-0.011877429,NA,NA,NA,NA,0,-0.02129812,0,-0.097889507,0,NA,NA,NA,0,NA,NA,NA,0,0.008288858,NA,0.045794828,NA,0,0.02997536,NA,0.092239772,NA,NA,NA,NA,0.049285058,0.021378958,-0.02038317,NA,0,-0.003004659,NA,NA,NA,NA,NA,NA,NA,NA,NA,-0.001908911,NA,0,NA,-0.000712755,0.031941504,NA,NA,NA,0,0.020573746,NA,0,0.01727579,0,0,NA,NA,0,0,NA,NA,NA,0,NA,0.000189383,NA,NA,NA,NA,0,0,NA,NA,NA,NA,NA,-0.016552618,NA,NA,-2.42E-05,NA,NA,NA,NA,NA,NA,NA,0,0,0,NA,NA,NA,NA,NA,NA,0,0,NA,NA,NA,NA,NA,NA,0,0,NA,NA,NA,NA,0.049758223,NA,NA,NA,NA,0,NA,NA,NA,NA,0,NA,0,0,NA,NA,0,NA,0,NA,0,0,0,NA,NA,-0.042130824,NA,-0.007181771,NA,NA,NA,NA,0,NA,0,NA,NA,NA,NA,NA,NA,NA,NA,NA,0,-0.008207933,0,NA,NA,0,-0.03012183,NA,0.05570455,0,NA,NA,0,0,NA,0.076838343,NA,NA,NA,0,-0.010028153,NA,NA,NA,NA,-0.041584023,0,-0.03285504,0
GLR  0.042,0,-0.086414999,0,-0.005947835,NA,0,0,0,0,0,0.017424403,0,0,0,0,NA,NA,0,0,0.034785132,0,NA,-0.068672312,0,-0.003978098,0,0.134771203,0,NA,-0.004709227,0,0,-0.008946242,NA,NA,0,NA,NA,0.018583832,-0.054412157,0,NA,0,0.023101712,0,NA,0,NA,-0.040808941,0.009148918,NA,0.05001887,0,0,NA,-0.091308775,0,0,0,0.171407201,0.216904595,NA,0,NA,NA,0,0,0,0,-0.0113823,0,0.002963452,0,NA,NA,0,0,0,NA,NA,NA,0.03843753,0,NA,0,NA,0,0.004694314,0,0,0,0,NA,0,NA,NA,NA,-0.08731027,NA,0,0,0,0,NA,NA,0,0,NA,-0.013326162,NA,0,0,NA,NA,NA,NA,0,0.002834198,0.088230246,0,NA,NA,0,0,0,0.00346816,0,0,0,NA,-0.017738368,0,0,0,-0.012748482,0.014967972,0,NA,0,NA,0,0.067625553,0,NA,0,0,0,0,0,NA,NA,0,0.403499788,NA,NA,-0.019349404,NA,0,0,-0.012969572,-0.016520737,0,NA,NA,0,0,0.055088104,0,NA,NA,NA,NA,NA,0,NA,NA,0.121822343,NA,0.00877729,-0.012194676,0,-0.073343436,-0.029262101,NA,0.003436311,-0.000225749,0,0,NA,0.020701075,0,0.008490222,0,0.003216788,0,0,0,0.017350098,0.072132969,0,NA,0,NA,0.052150555,0,0,-0.016459515,0,-0.009116817,0.02496221,NA,NA,NA,0,NA,0.061081057,0.082919248,0.002245784,0,0.008097064,0,0,0,0.041085206,0,NA,0,0,0,NA,0,0,0,0,0,NA,0,0,0,NA,NA,0,-0.004458368,0,NA,0,NA,0,-0.027501099,-0.011586447,0,0,NA,0,-0.00774424,-0.012390163,NA,0,0,0,NA,NA,0.001505149,0,NA,0,0,NA,0,NA,NA,0.055757241,NA,NA,NA,0.001301827,NA,NA,NA,NA,0,0,0,0,0,NA,NA,0,NA,0,NA,NA,NA,NA,0,0,NA,0,-0.010672696,0,0,0,0,0,0,0,0,0,0.389133483,0,0,0.042136736,NA,0,0,NA,0,NA,NA,NA,NA,0,NA,0,0,NA,0.015338619,NA,NA,0,0,0.022989902,0,0,0,-0.019756789,NA,NA,0,-0.017326798,0.043134461,0.049220587,0,0.003191224,0,0,0,0,0,NA,0,0,0,0,NA,NA,-0.02703037,NA,-0.053782542,0,-0.030608325,0
hmc  0.046,0,-0.09649195,NA,-0.022873801,NA,0,0,0,0,-0.000754213,0.031112376,0,NA,0,-0.007207522,NA,NA,0,0,0.009216444,0,NA,NA,0.01434505,NA,0,0.125660158,0,NA,-0.057959851,0,0,-0.076794807,NA,NA,0,NA,NA,0.019058736,NA,0,NA,NA,NA,0,NA,0,NA,-0.020640512,0.006888659,NA,0.072765428,0,NA,NA,-0.100847909,0,NA,0,0.225908589,0,-0.166642692,0.044150197,NA,-0.036755666,0,0,0,0,NA,NA,0.029462518,0,0,NA,0,0,0,NA,NA,NA,0.041681412,NA,NA,-0.011196771,0,NA,NA,NA,NA,0,-0.018201802,NA,-0.004230765,0,NA,NA,-0.095661065,0,NA,0,NA,0,NA,NA,0,NA,NA,-0.037747389,NA,0,0.030129721,NA,NA,NA,0.0081309,0,0.027866188,0.112090898,NA,0,0,0,NA,NA,0.026151012,0,0,-0.02445429,NA,-0.013210677,0,0,NA,-0.025387118,0.066650086,0,NA,NA,NA,0,0.082815541,0,-0.009186707,0,0.040283867,-0.013604066,0,0,NA,NA,NA,NA,NA,NA,NA,-0.006694868,0,0,-0.004197605,-0.057298969,0.075272473,0,NA,NA,0,0.032363763,0,-0.069987389,NA,NA,NA,NA,0,NA,NA,0.264374909,NA,0.01473047,-0.026743426,0,-0.120663434,-0.034589387,NA,0.021277141,-0.009523229,0,0,NA,0.048264938,0,0.0193387,0,0.03235895,-0.008524444,0.025623817,0,0.002296165,0.098075311,-0.014223892,NA,NA,0,0.084858175,0.024335935,-0.002886409,0,0,-0.025989223,0.0355984,NA,NA,-0.033421241,-0.020218877,0,0.062550266,NA,0.021595012,0,NA,0,-0.005622446,-0.0101609,0.032478827,NA,NA,0,0,0,NA,0.071245932,0,NA,0,0,0.006163452,0,0,NA,NA,NA,NA,NA,0.003700245,NA,0,NA,0,NA,-0.014326231,NA,NA,NA,NA,-0.019002903,NA,-0.047725104,0,-0.020954746,NA,NA,0,0.016182952,NA,NA,-0.009971979,0,NA,0,-0.069310387,NA,0.1009614,0.332666332,NA,NA,0.011810036,NA,NA,NA,NA,NA,NA,-0.000147461,0,0,NA,NA,-0.009832933,NA,0,NA,NA,NA,NA,-0.008509696,NA,0,0,-0.017500746,0,-0.01913114,0,0,NA,NA,0,0.022612368,0,NA,-0.05828285,0,0,-0.025016512,NA,-0.005901305,NA,-0.012336649,NA,NA,NA,NA,-0.007954143,NA,0,NA,NA,0,NA,NA,NA,NA,0,NA,0,0,-0.053955585,NA,NA,0,-0.054851183,NA,0.061660334,0,0.001001761,0,-0.010909297,-0.00054893,NA,0.052989376,NA,NA,0,0,0,-0.062368306,NA,-0.007990096,NA,-0.155284729,0,-0.07325065,0
HSN  0.042,0,-0.034250895,NA,-0.022670395,NA,0,0,0,0,0,0.030362919,0,-0.024155322,0,-0.007581949,NA,NA,0,-0.023770993,0,0,NA,-0.046856825,0,-0.012796755,0,0.111264461,0,NA,-0.022158186,0,0.014358588,-0.000368636,NA,0,0,0.06614737,0,0,-0.057948606,0,NA,NA,0,-0.032915293,NA,NA,NA,0,0.017022043,NA,0.030204717,0,0,-0.034720338,-0.082139391,0,0,0,0.129834615,0.087699536,NA,0,NA,-0.030151996,0,0,0.013733802,0,-0.020593587,0,0.014780918,0,0,0,0.001095802,-0.025544736,0,NA,NA,NA,0,NA,NA,0,NA,0,NA,0,0,0,0,NA,-0.005378912,NA,NA,NA,-0.058188136,NA,0.034807117,0,NA,NA,NA,0,0,NA,NA,0,NA,0,0,NA,NA,NA,0.149955228,0,0,0.164873935,NA,0,NA,0,0,NA,0,0,-0.006540843,0,NA,-0.025524272,0,0,NA,NA,0.109627844,0,NA,0,0.027624967,NA,0.046874035,0,NA,0,0,0,0,NA,NA,NA,0.020584044,NA,NA,NA,0,0.005466674,0,0,-0.010979613,-0.042103462,0.031454515,0,NA,NA,0.003928808,NA,0,NA,NA,NA,-0.037040183,NA,0,NA,NA,NA,NA,0,-0.003094983,0,-0.060309501,-0.00907934,NA,0.006720823,NA,0.008021056,0,NA,0.095097827,0,0,0,0.007675272,NA,NA,0,0.030313279,0.06776215,-0.041396256,NA,-0.000642056,NA,0.027596949,0,0,0,0,-0.039783313,0.029716436,NA,NA,NA,-0.01350481,0,0.051124558,0,0,0,0,0.176600116,-0.000146455,0,0,0,NA,0,0,0,NA,0,0,0,0,0.018681207,0.00318218,0.001524414,0,0,NA,NA,0,NA,NA,NA,-0.001696651,NA,-0.013937128,-0.008403191,-0.027240934,NA,NA,NA,NA,-0.021868888,NA,0,0,0,0,0.00176631,NA,0,0,NA,0,0,NA,NA,NA,NA,0.024014932,NA,NA,NA,0,NA,NA,NA,NA,NA,0,0,0,0,NA,NA,0,NA,0,NA,NA,NA,NA,0,NA,0.062914333,0,-0.026289358,0,-0.005524188,0,0.013967605,0,NA,-0.023957072,0,0,NA,0,0,0.006749854,NA,0,0,NA,NA,NA,NA,NA,NA,0,NA,0,0,NA,NA,NA,NA,0,NA,0.017751873,NA,0,0.11762118,0,NA,NA,0,-0.009820183,0.085573024,0.031471495,0,0,0,0,-0.000801763,0,0,0,NA,0,0,-0.001719509,NA,NA,-0.033696225,NA,-0.004414923,0,-0.104767427,0
hyp4_to_hyp6  0.049,0,-0.158939205,0,0,0,0,0,0,0,0,0,0,0,0,0,0,0,0,0,0.282721919,0,0,-0.13965682,0.003399339,-0.008695925,-0.030831996,0.09243862,0,0,-0.067860859,0,0,-0.038758285,0,0,0,0,0,0.030707907,-0.148917551,0,-0.007524437,0,0,-0.015681799,0,0,0,-0.06249375,0.013573598,NA,0.024490864,0,0,0,-0.06898936,0,0,0,0,0,0,0,0.244424302,-0.004800087,0,0,0,0,0,0,0,0,0,0.003984345,-0.006998635,0,0,0,0,0,0,0,0,-0.038061991,0,0,0,0,0,0,0,-0.026891784,0,0,0.084784711,0,-0.151503442,0,0,-0.00166976,0,0.030870987,-0.014392816,0,0,0,NA,0,0,0.019896723,0,0,NA,0,0.018470914,0,0,0.038639172,0,0,0,0,0,0,0,0,0,-0.012627932,0,-0.014185975,0,0,0,0,0,0,-0.010777296,0,0,0.056702708,0.037456885,0,0,0.037704621,0.219431924,0,0,0,NA,0,-0.018618551,0,0,0,0,-0.01910537,0,0,0,-0.175648255,0,0,0,-0.004290695,0,0,0,0,0,0,-0.021019068,NA,0,0,0,0.002363038,0,0,-0.013873003,0,-0.100425586,-0.010142588,NA,0,0,0,-0.003732557,0,0,-0.039892919,0,0,0,0,0,0,0,0.19310035,-0.00816699,0,0,0,0.4133378,0.004305187,0,0,0,-0.140841954,0.003173597,0,0,0,-0.047203828,0,0.042941985,0.377077465,0,0,0.107853008,0,0,-0.029381998,0,0,NA,0,-0.061160088,0,-0.020897262,0,0,0,0,0,0,0,0,0,0.018420467,NA,0,0,0,0.596525667,0,0,0,-0.034218415,0,0,0,0,0.203241783,0,-0.003137971,-0.103719313,0,0,0,0,0,0,0,NA,0,0,0,0,0,0,0.073989165,0.139739666,NA,0,0,0,-0.022175689,0,-0.003069308,0,0,0,0,0,0,0,0,0,0,NA,NA,NA,0,0,0,0,0,0,0,0,0,-0.180372338,0,0,-0.0361061,0,0,0.400005824,0,0,0,0,0,0,NA,0,NA,0,NA,0,0,0,0,0,0,0,0,-0.003244802,0,0,-0.000420336,0,0,0,0,NA,-0.02595541,0,0,0,0.040787323,0,0.148609208,0,0,0,0,0,0,-0.0065557,0,0,0,-0.079000676,0.407357731,0,-0.006303004,0,-0.010110871,0,0
hyp7 (hypodermis)  0.055,0,-0.13648026,0,0,NA,0,0,0,0,0,0.003211974,0,-0.119218179,-0.026090994,0,0.005484422,0,0,0,0.190068962,0,NA,-0.095794162,0,0,-0.073621829,0.088680859,0,NA,-0.00776845,0,-0.051334216,-0.041615056,0,0,-0.061608046,0,0,0.022872907,-0.219271319,0,-0.005517063,0.466193893,0,-0.054409863,0,0,0,-0.121666194,0,0,0.03330432,0,0,-0.018953947,-0.053372444,0,0,-0.004522573,0,-0.005235973,-0.135851267,0,0.17724505,0,-0.042523165,0,0,0,-0.000118461,0,0,0,0.253081883,0.030027925,-0.012396686,0,0,0,0,NA,0,0,0,-0.0430856,0,0,0,NA,0,0,-0.011410979,NA,0,0,0.010659065,0,-0.160293297,0,0,-0.028508011,NA,0.15182848,0,-0.036858352,0,0,NA,-0.009208063,NA,0.036404218,0,NA,NA,0,0.061354777,0,0,0.033192155,0,0,0,0,0,-0.02140179,0.022886303,0,0,-0.048865809,NA,-0.03753039,0,0,0,0,0,0,NA,0,NA,0.215858693,0.057010122,0.004684739,0,0.010153859,0.299935606,0,0,0,NA,-0.013946774,-0.011197269,0,-0.060010039,NA,0,-0.019576592,0,-0.002197877,0,-0.181662105,0.015990523,0,-0.047476362,-0.016301473,0,0,0,0,-0.109408869,NA,-0.252617622,NA,0,0,0.029980955,0,0,0,-0.018891324,0,-0.108109155,-0.072070186,NA,0.000713256,0,0.022283879,0,NA,0,-0.037121332,0,-0.074365167,0,0,0,0.004465015,-0.018676807,0.084737032,0.030852403,0,0,0,0.168988733,0.003262587,0,0,0,-0.157943776,0,0,-0.004689719,-0.010571146,0,0.552928428,0.037843025,0.618328252,0,0,0,0,0,-0.053289316,0,0.419508033,NA,0,-0.156396182,0,NA,0,0,0,0.009601152,0,0,0,0.033790274,0,0.021556927,NA,-0.002152249,0,0,1.302023617,0,-0.016687436,0,-0.00174802,-0.027927116,0,0,0.091257921,NA,-0.002265565,-0.041071467,-0.091051328,0.0666525,0,0.025020878,0,0,0,-0.005125747,NA,0,0.168863374,0,-0.029607632,0,0,0.016958701,0.047687441,NA,0,0,NA,-0.049654539,0,0,0,0,0,0,0,-0.057789867,NA,0,0,0,NA,NA,0,0,0,0,0,0,-0.013549554,0,-0.011370276,0,-0.106949955,0,0,0.490490985,0,0,0.32795238,0,0,0,0,-0.071403633,0,NA,0,NA,NA,NA,0,0,0.077430186,0,0,0,0,0,-0.04289092,0,0,-0.002378551,0,0,0,-0.020938319,NA,-0.073482774,0,0,0,0.017773453,-0.166522188,0,0,0,0,0,0.436630172,NA,0.363119956,0,0,-0.030184385,-0.012769619,0.273779187,0,0,0,0,-0.011286221,0
Hypodermis head  0.045,0,-0.148638223,NA,-0.007409108,NA,0,0,-0.00704211,0,0,0,0,-0.035478515,0,0,NA,0,0,-0.00916012,0.109740972,0,NA,-0.132940791,0.01767895,-0.013124913,-0.00677484,0.108972864,0,NA,-0.055386214,0,0,-0.04668265,NA,NA,0,0,0,0.010786275,-0.078126055,0,-0.007447359,0,0.044640865,0,0,0.00646326,NA,-0.081724738,0.024092721,0,0.036238425,0,0,-0.005978996,-0.082986577,0,NA,0.001115165,0,0,NA,0,0.362950916,NA,0,0,0,0,0,0,0,0,NA,0.026435839,0,0,0,0,NA,NA,0,0,NA,-0.037063171,NA,0,0,0,0,0,0,NA,-0.005269806,0,NA,0,-0.151688997,0.166340902,0,0,0,0.024142825,NA,NA,0,0,NA,-0.009790088,NA,0,0,NA,NA,0,0,0,0,0.036434497,0,0,0,0,NA,0,0,0,0,-0.010707153,NA,-0.024682085,-0.002108083,0,NA,-0.004859392,0,0,NA,0,NA,0.011539223,0.062801077,0,NA,0.035310363,NA,0,0,0,NA,0,-0.017700482,NA,NA,NA,0,-0.021176029,0,0,-0.006907447,-0.131136927,0.064871962,0,0.033598781,-0.021353248,0.003353105,NA,0,NA,0,NA,-0.058983352,NA,-0.007891425,NA,NA,NA,0,0,-0.01078115,0,-0.085156582,-0.013185211,NA,0.017307841,0,0,-0.0031877,NA,0.082091163,-0.00538332,0,NA,0,0,0,0,0.008333548,0.164086907,-0.136507391,0,NA,-0.001954899,0.240441095,0.001352145,0,0,0,-0.096022822,0.003916412,NA,NA,NA,-0.043075571,0,NA,0.215985404,0,0,0.074119997,0,0,-0.020379022,0,NA,NA,0,-0.023465187,0,-0.034566073,0,0,0,0,0,0,0,0,0,0.032135516,NA,0,0.001818991,0.000659226,NA,0,NA,0.005357422,-0.035558832,0,NA,0,0.011673325,0.002175543,0,-0.016899352,-0.086315505,0,0,-0.004142084,NA,0,0,0,NA,-0.002442673,0,NA,0,NA,NA,0.079102786,0.169243936,NA,NA,0.000375341,-0.01643793,NA,NA,NA,NA,0,NA,0,0,NA,NA,0.000939926,0,0,NA,NA,NA,NA,0,NA,0,0.016020079,0.00937717,0,-0.01355997,0.007655758,-0.160254565,0,0,-0.014728428,0,0,0.3985929,0,0,0,-0.004913018,0,0,NA,-0.010757016,NA,NA,NA,NA,0,NA,0,0,NA,0,NA,-0.01877223,0,0,-0.004315357,0,NA,0,0,NA,NA,0,-0.011460771,-0.000802737,0.056701416,0,0.125747563,0,0,0,0,0.028458918,NA,-0.027757082,0,0,-0.003824565,NA,0.285351394,0,-0.011031247,-0.07936928,-0.017400606,-0.013399935,0
Hypodermis tail  0.057,0.009737382,-0.162116258,NA,0,NA,0,0,0,0,NA,0,0,NA,0,0,NA,NA,0,-0.003129747,0.246000677,0,NA,-0.17141522,NA,NA,-0.042175127,0.076153932,0,NA,NA,0,-0.022266973,-0.032626211,NA,0,NA,NA,NA,0.017061182,NA,NA,NA,NA,0,-0.054060941,NA,0,NA,-0.033876081,0.026208536,NA,0.025793332,0,NA,NA,-0.079836101,NA,NA,NA,0,0,NA,0,NA,-0.011101104,-0.004205351,NA,-0.000311495,NA,NA,0,0,-0.049492826,NA,0.033800869,-0.012426033,0,0,NA,NA,NA,0.001822718,NA,NA,-0.056915173,NA,NA,0,NA,NA,0,NA,NA,-0.012777398,NA,NA,0,-0.156420216,NA,0,NA,NA,0.12954717,NA,0,0,NA,NA,-0.000136978,NA,0.132832111,0,NA,NA,NA,NA,0,0,NA,NA,NA,NA,0,NA,NA,0.002703708,0,NA,-0.013598787,NA,NA,-0.010924624,0,NA,0,0,0,NA,0,NA,NA,NA,NA,NA,0.037082356,NA,0,NA,NA,NA,NA,NA,NA,NA,NA,NA,NA,0,-0.01950844,-0.009480254,-0.134196187,0.184847509,NA,0,-0.015106673,0,NA,0,NA,NA,NA,-0.082186411,NA,-0.015679702,NA,NA,NA,NA,0,-0.022020413,0,NA,-0.037904207,NA,0,-0.002982536,0,0,NA,NA,-0.07484901,0,NA,NA,NA,0,0,0.00556791,0.206608583,0,NA,0,-0.002185621,0.591428079,NA,0,NA,0,-0.117004385,NA,NA,NA,0,-0.085506874,NA,NA,0.520685741,NA,-0.002844476,0.183319405,0,0,-0.049297551,0.013257224,NA,NA,0,-0.030549826,0,NA,0,0.026687883,0,0,NA,NA,0,0,NA,0.033025185,NA,NA,0.022482884,NA,0.456294945,0,NA,NA,-0.016629767,0,NA,NA,0.023541208,NA,0,NA,-0.10803112,-0.004913872,-0.015500884,-0.02910485,NA,0,NA,NA,NA,NA,0,0.134743531,0,0,NA,NA,NA,NA,NA,0,0,NA,NA,NA,0,NA,NA,-0.004134467,0.028072758,NA,NA,0.012196116,NA,NA,NA,NA,NA,NA,0,0,-0.021635014,0,NA,0,-0.013675488,0.021397776,-0.141982362,-0.007812051,NA,-0.048138727,NA,NA,NA,0,0,NA,NA,0,0,NA,-0.04222685,NA,NA,NA,0.038494161,0,0,0,NA,NA,0.002044356,NA,-0.012468754,NA,NA,NA,NA,0,NA,0,NA,-0.049497201,0,NA,NA,0.076899991,-0.040743186,NA,0,0,0,NA,NA,NA,0,0,0,NA,NA,NA,0,NA,0,-0.029776576,-0.032955505,0
I1  0.044,0,NA,NA,-0.050177535,NA,-0.01179846,0,-0.00865362,0,0,0.037522862,0.175755691,NA,0,-0.019752618,NA,NA,-0.03284751,0.011994121,0.022392185,0,NA,NA,0,NA,0.097457729,0.132718284,0,NA,NA,NA,0,-0.040724456,NA,NA,NA,NA,NA,0,NA,NA,NA,NA,0.014411217,NA,NA,NA,NA,-0.063485699,0.024228188,NA,0.045193721,NA,NA,NA,-0.079314703,NA,NA,0,0.160210435,0.133549426,NA,0,0.178428137,NA,NA,0,0,0,NA,NA,0.017083666,NA,NA,NA,NA,-0.023205408,0,0,NA,NA,0.016595409,NA,-0.033641713,-0.012684918,NA,NA,NA,NA,NA,NA,0.082470324,NA,-0.015874853,-0.018541095,NA,NA,-0.116222874,0,NA,0,NA,NA,NA,-0.007498881,0,NA,NA,NA,NA,0,0,NA,NA,NA,0.175014259,NA,0,0.102361244,NA,NA,NA,-0.000695316,NA,NA,0.008865661,-0.018938643,-0.019774724,0,NA,NA,NA,-0.000485651,NA,NA,0.129073931,0.038750011,NA,NA,NA,NA,0.080379935,NA,NA,0,NA,NA,NA,0,NA,NA,NA,NA,NA,NA,NA,NA,0,0,-0.016199947,-0.130514374,0.03957798,NA,NA,NA,0.032272125,NA,0,NA,NA,NA,NA,NA,0.012329186,NA,-0.005448087,NA,NA,0.038527251,-0.020987819,0.018657718,-0.107379713,-0.014384728,NA,0.002368683,NA,0,0,NA,0.083084583,-0.0239138,0,0,NA,-0.017131974,NA,0.010629256,NA,NA,NA,NA,NA,NA,0.048796567,0.003594548,0,-0.023917782,-0.007209304,-0.018708168,0.062459814,NA,NA,NA,-0.043839829,0,NA,0.057980388,0,-0.010857129,0.009274681,0.034821028,-0.021874198,0,0.034520671,NA,NA,NA,0,0,NA,NA,NA,-0.002163963,0,NA,NA,0.011680782,0,NA,NA,NA,NA,NA,NA,NA,0,NA,-0.015439224,-0.026129081,NA,NA,NA,NA,NA,-0.02993214,NA,-0.023733329,-0.005551224,NA,0,0.019377289,NA,NA,0,NA,0,0,NA,NA,NA,NA,0.069348294,NA,NA,NA,0.016833505,NA,NA,NA,0,NA,NA,NA,0,0.012699551,NA,NA,-9.83E-05,NA,0,NA,NA,NA,NA,NA,NA,NA,0,NA,0,-0.013022834,-0.000476587,0,NA,NA,-0.04117271,NA,NA,NA,NA,-0.024208843,0,NA,-0.036942554,-0.016219091,NA,NA,NA,NA,NA,NA,0,NA,NA,NA,NA,NA,NA,NA,NA,NA,NA,NA,0.013551614,0.154323109,0,NA,NA,-0.004131468,NA,NA,NA,0,NA,NA,-0.021955355,0,NA,0,0,NA,NA,0,NA,NA,NA,NA,NA,NA,0.001416033,-0.135910455,-0.018184062
I2  0.045,0,-0.098702861,NA,-0.03353154,NA,NA,NA,0,0,0,0.042494391,0.284602989,NA,0,NA,NA,NA,0,0,0.08587986,0,NA,NA,0,NA,NA,NA,0,NA,NA,0,0,-0.113090362,NA,NA,NA,0.007296843,NA,NA,0.063055003,0,NA,NA,NA,-0.029185348,NA,NA,NA,-0.056260638,0.032344026,NA,0.06377478,0,0,NA,-0.085782751,NA,NA,0,NA,NA,NA,0,0.171120225,NA,NA,NA,0,NA,-0.021478562,NA,0.004907643,0,NA,NA,0.009406896,-0.002756471,NA,NA,NA,NA,0,NA,-0.019265686,-0.010748886,NA,NA,NA,NA,NA,0.403923782,0.031809122,NA,-0.0117812,NA,NA,NA,-0.108744281,-0.009488748,0.00754619,0,NA,NA,NA,NA,-0.026067738,NA,NA,NA,NA,0,0.065360375,NA,NA,NA,0.11744395,0,0,0.096958686,NA,NA,NA,0,NA,NA,0,-0.025835956,-0.013032404,NA,NA,-0.031443979,NA,NA,NA,0,0.145582714,0.002466325,NA,NA,NA,NA,0.075708076,NA,NA,NA,NA,0,0,NA,NA,NA,NA,NA,NA,NA,0,NA,0,-0.001561231,-0.003511649,-0.048263788,NA,NA,NA,NA,0.01737592,0,0,NA,NA,NA,NA,NA,0,NA,NA,NA,NA,0.014993558,-0.024052879,0.012054194,NA,-0.01383114,NA,0.020195491,NA,0.033234316,NA,NA,0.131994544,0,0,NA,0.06043414,NA,0.173143836,0,0.048191549,NA,NA,NA,NA,NA,0.013680045,0,0,NA,0,-0.065910169,0.026625803,NA,NA,NA,-0.068048616,NA,NA,0.041071637,0,-0.024391349,0,0.280923442,-0.005635579,0,NA,NA,NA,0,NA,0,NA,0,NA,0,0,NA,0.050503115,0.033459453,0,NA,NA,NA,-0.004152959,0,NA,NA,NA,NA,-0.024744464,-0.028122108,NA,NA,NA,NA,NA,-0.024047349,NA,0,NA,0,NA,NA,NA,0,NA,NA,0,0,NA,NA,NA,NA,0.051201638,NA,NA,NA,0.036313994,NA,NA,NA,0,NA,NA,NA,0,0,NA,NA,NA,NA,0.045962226,NA,NA,NA,NA,0,NA,NA,0,NA,0,0,0,NA,0,NA,0,0,NA,NA,NA,0,0,NA,NA,0,NA,0,NA,NA,NA,NA,0,NA,0,NA,NA,NA,NA,NA,NA,NA,NA,NA,NA,0.053267536,0.000157713,NA,NA,0,0,NA,NA,0,NA,NA,-0.001551184,0,NA,0.037986433,NA,0,0,NA,-0.029183924,NA,NA,NA,NA,-0.117646499,0,-0.139297293,-0.002352162
I4  0.040,0,-0.095688704,NA,-0.041910422,NA,NA,NA,0,-0.001134731,-0.008865351,0.047234956,0,NA,0,-0.006260479,NA,NA,-0.020079149,0,0,0,NA,-0.090060167,0,-0.020744582,0.163243056,NA,0,NA,NA,NA,0.032714688,-0.039287159,NA,0.181929549,-0.036336328,NA,0,0.013921379,NA,NA,NA,NA,0.061436096,-0.019179855,NA,NA,NA,-0.037447126,NA,NA,NA,NA,NA,NA,NA,NA,NA,0,0.0561731,NA,NA,0,NA,NA,NA,NA,0.028324161,-0.009746092,NA,0,0.032357107,0,NA,NA,NA,-0.020865641,0,NA,NA,NA,NA,NA,NA,-0.001738915,NA,NA,NA,NA,NA,0,0.040376942,NA,-0.022620352,NA,NA,0,-0.120106776,NA,0.032848886,0.002153024,NA,NA,NA,-0.017856511,0,NA,NA,NA,NA,0,0.053525009,NA,NA,NA,0.171738482,NA,-0.008635985,0.111248723,NA,NA,NA,0,NA,NA,NA,-0.058437354,-0.029455295,0,NA,-0.048851945,NA,0,NA,NA,0.197069006,0.056852669,NA,NA,NA,NA,NA,NA,NA,NA,NA,0,NA,NA,NA,NA,NA,NA,NA,NA,NA,NA,NA,-0.020813185,-0.02563735,-0.054078089,0.009120807,NA,NA,NA,0.011301576,NA,0,-0.115825466,NA,NA,-0.099779834,NA,0,NA,NA,NA,NA,0.003500386,NA,0.004514666,NA,-0.009680682,NA,0.031477461,NA,0.078720042,NA,NA,0.15660246,-0.031857291,0,NA,0.113602361,-0.027836125,NA,0.020945028,NA,0.084835307,NA,NA,NA,NA,0.020732093,0.006542014,0,NA,0,-0.095665346,0.045816005,NA,NA,NA,-0.065208755,0,NA,NA,0.016012529,-0.039351549,NA,0.108515221,-0.002992442,0,NA,NA,NA,0.099125446,-0.010523063,0.013543454,NA,0,NA,0,NA,NA,NA,0.025383035,0,NA,NA,NA,-0.005441373,-0.037616056,NA,NA,-0.026076567,NA,-0.022701133,-0.034000602,NA,NA,NA,-0.028281462,NA,NA,NA,0,NA,0.009321833,0,NA,NA,0.027410513,NA,NA,-0.004737179,0,NA,-0.000609513,NA,NA,NA,NA,NA,NA,0.017320142,NA,NA,-0.014400628,0,NA,NA,NA,0.024222792,NA,NA,NA,-0.010121432,NA,0.000497751,NA,NA,NA,NA,NA,NA,0.034169188,0,NA,-0.006171716,-0.01790718,0,NA,NA,NA,-0.02410836,NA,NA,NA,0,0,0,NA,NA,0,NA,0,NA,NA,NA,NA,0,NA,NA,0,NA,NA,NA,NA,NA,NA,NA,NA,0.00968212,NA,0,NA,NA,0,-0.006127364,0.1361533,NA,0,0,0,-0.015041483,-0.018664445,NA,0.012052004,NA,NA,NA,NA,-0.049239157,NA,0.026762995,NA,NA,-0.086002811,0,-0.165152989,-0.017254491
I5  0.042,0,-0.091885252,NA,-0.023099624,NA,0,0,-0.006614696,0,0,0.058778347,0.040619982,NA,6.22776500060598e-05,-0.001321399,NA,NA,0,0,0,0,NA,-0.069554465,0,-0.018536696,NA,0.106317257,0.050870575,NA,-0.03532927,NA,0,-0.024378971,NA,NA,NA,NA,NA,0.012154257,NA,NA,NA,NA,0.049610505,-0.030559663,NA,NA,NA,NA,0.022227896,NA,0.042489725,0,0,NA,-0.076854042,NA,NA,0,NA,0.072966798,NA,0,0.146718725,NA,NA,0,0.014432974,0,NA,NA,0.015313085,0,NA,NA,0,-0.009360307,0,NA,NA,NA,0.007015775,NA,NA,0,NA,NA,NA,NA,NA,NA,0,NA,-0.011450457,NA,NA,0,-0.106435241,NA,0.012478903,0,0,NA,NA,NA,0,0.294247528,NA,NA,NA,0,0,NA,NA,NA,0.169497378,0,-0.005002166,0.049883369,NA,NA,0,-0.006786135,NA,NA,0,NA,-0.007514339,0,NA,-0.032512929,NA,0,NA,NA,0.10856563,0.066642159,NA,NA,NA,0.004530929,NA,0,NA,NA,0.009277399,NA,NA,0.112946499,NA,NA,NA,NA,NA,NA,NA,NA,NA,0,-0.022261728,-0.028399029,0,NA,NA,NA,0.019996831,0,0,NA,NA,NA,NA,NA,0,NA,NA,NA,NA,0,-0.009844684,0,NA,-0.032262098,NA,0.039242634,-0.041426881,0.041835436,NA,NA,NA,0,0,0,0.043456629,NA,0.284847129,0.014808244,0.024074408,0.057093146,NA,NA,0,NA,0,0.00686501,0,NA,0,-0.025190319,0.028298255,0,NA,-0.074685261,-0.036591496,NA,NA,0.042136005,NA,-0.006619214,0,0,NA,0,0.021505513,NA,NA,0.022039819,0,0,NA,0,NA,0,0,NA,0,0.002361268,0,NA,NA,NA,NA,0,NA,NA,0,NA,-0.026269122,-0.020264078,-0.032767592,NA,NA,NA,NA,NA,NA,0,NA,0.001549415,0,0.023506145,NA,0,NA,NA,NA,0,NA,-0.001607143,NA,NA,NA,NA,NA,NA,0,NA,NA,NA,-0.017171935,NA,NA,NA,0,NA,NA,NA,0,NA,NA,NA,NA,NA,NA,0,NA,0.025163901,0,NA,-0.004572458,0,0,NA,0,NA,0,NA,NA,0.306252131,0,0,0,NA,0,-0.012208179,NA,0,NA,NA,NA,NA,0,NA,0,0,NA,0,NA,NA,NA,NA,NA,NA,NA,NA,0,-0.023827194,NA,0,-0.01255262,0.051761698,NA,0,0.002798993,0,-0.002514229,-0.002715054,NA,0,NA,0,0,NA,-0.038893868,NA,0.02136725,NA,NA,-0.066270795,0,-0.127850268,0
IL1  0.038,0,-0.101443506,NA,-0.018866675,0,0,0,0,0,0,0.041969225,0.096380113,NA,0,-0.002202331,NA,NA,0,0,0.035378974,0,NA,-0.072427706,0,-0.009480942,0.169904044,0.137652588,0,NA,0,0,0,0,NA,NA,0,NA,NA,0,0,NA,NA,NA,0,-0.022554959,NA,0,NA,-0.021527871,0.032151409,NA,0.055229893,0,0,NA,-0.083054441,NA,NA,0,NA,0.248848732,NA,0,0.163807433,NA,0,0,0,0,-0.016499708,0,0.000126472,0,NA,NA,0.001390824,0,0,0,NA,NA,0.016364122,NA,0,0,NA,NA,NA,NA,NA,0.314412584,NA,NA,-0.006571184,NA,NA,0,-0.10769446,NA,0.0017029,0,NA,0,NA,NA,0,NA,NA,-0.001279482,NA,0,0,NA,NA,NA,0.157749727,0,0,0.099347912,NA,NA,NA,0,NA,NA,0,0,0,0,NA,-0.030004476,NA,0,NA,NA,0.10897888,0,NA,NA,0,0,0.044817338,NA,NA,-1.23E-05,NA,0,0,0.022058219,NA,NA,NA,NA,NA,NA,NA,0.04666633,0,0,-0.020561011,-0.051727345,0,NA,NA,NA,0.010641389,NA,0,NA,NA,NA,0,NA,0,NA,NA,NA,NA,0.012271961,-0.023430101,0.006255246,-0.089262254,-0.039289635,NA,0.004973262,-0.064164009,0.044282784,0,NA,0.078663287,0,0,NA,0.033771289,NA,NA,0.005100062,0.062802331,0.079243512,NA,NA,NA,NA,0.057654097,0,0,-0.001145098,0,-0.021363859,0.014552437,NA,NA,NA,NA,NA,NA,0.067101922,0,0,NA,0.055070822,-0.001915324,0,0.027322887,NA,NA,0,0,0,NA,0,NA,0,-0.004117196,0.016170739,NA,0.00013692,0,NA,NA,NA,NA,NA,NA,NA,NA,NA,-0.044007266,-0.040389489,NA,NA,NA,NA,NA,NA,NA,-0.002899489,NA,0,0,0,NA,0,NA,NA,0,0,NA,NA,0,NA,NA,NA,NA,NA,0,NA,NA,NA,NA,NA,NA,NA,0,0,NA,-0.014191629,0,NA,NA,NA,NA,NA,NA,0.001876888,NA,0.041020161,0,NA,0,0,0,0,0,0,0,NA,NA,NA,0.015207351,0,0,NA,0,0,NA,NA,NA,NA,NA,NA,0,0,0,NA,NA,NA,NA,NA,0.267454213,NA,NA,NA,NA,0.049463724,0,NA,0,0,0,NA,0.05251813,0,0.000144281,0,-8.77E-05,0,NA,NA,NA,NA,0,NA,NA,NA,NA,-0.001856047,NA,-0.057758143,0,-0.087131871,-0.000909614
IL2  0.042,0,-0.092963678,NA,-0.033637005,NA,0,0,0,-0.006825683,0,0.03709267,0,NA,0.020638087,-0.01141648,NA,0,-0.014279259,0,0.013925066,0,NA,-0.069401616,0.000224467,-0.008798837,0,0.133956156,0,NA,-0.028713406,0,0,0,NA,0,0,0,NA,0,0,-0.0008425,-0.005906264,0,0.005014265,-0.006655608,NA,0,NA,-0.042642429,0.019209146,NA,0.029002997,0,0,NA,-0.098833431,0,0,0,0.045843946,0.092128149,NA,0,NA,NA,-0.000122479,0,0.005849556,0,NA,0,0.030549298,0.00737856,NA,-0.008844748,0.006039675,-0.015528072,0,NA,NA,NA,0,NA,NA,0,0,0,0.030591501,NA,0,0,NA,NA,0,NA,NA,NA,-0.085405121,NA,0,0,0,NA,NA,NA,0,NA,NA,NA,NA,0,0,NA,NA,-0.002812486,0.068663943,0,0,0.080971556,NA,0,NA,0,NA,0,0,0,-0.002466731,0,NA,-0.023385238,NA,0,NA,NA,0.066924142,0.016251374,NA,0,NA,0,0.054517731,NA,NA,0,0.094054032,0,NA,NA,NA,0,0.036887105,NA,NA,NA,NA,0.024338951,0,-0.005162042,-0.012170881,-0.048280508,0,NA,-0.023066599,NA,0,NA,0,0,NA,NA,NA,NA,0,NA,NA,NA,NA,0,-0.010818722,0,-0.099084708,-0.035728536,NA,0,NA,0,0,NA,0.038910823,0,0.015250486,NA,0.011433285,0,0.299200019,0.003732351,0.031113813,0.072799953,NA,0,NA,0,0.054595676,0,0,0,0,-0.046492459,0.010615632,NA,NA,NA,-0.033543739,NA,NA,0.086826947,0,-0.001967996,0,0,-0.010071431,-0.001053971,0,0,NA,0.009322266,0,0,NA,0,0,0,-0.000465338,0,0.063348406,0.022834168,0,0,0.027617967,NA,0,0,0,NA,0,NA,-0.00566756,0,-0.017724222,0,0.043723517,NA,NA,-0.024342533,-0.013244833,-0.003037659,NA,0,0,NA,0,0,NA,NA,0,0,NA,0,NA,NA,NA,0.172037443,NA,NA,0,NA,NA,NA,NA,NA,0,0,-0.017568179,0,NA,NA,0,NA,0.002082821,NA,NA,NA,NA,0,NA,NA,0,NA,0,0,0,0,0,NA,-0.017630993,0,0,NA,0,0,0,NA,0,0,NA,0,NA,NA,NA,NA,0,NA,0,0,NA,0,NA,NA,NA,0,0,0.026844349,0.006287852,0.035096392,0,NA,NA,0,-0.006723537,0.034917778,0.034520334,0,0,0,0,0,NA,0,NA,NA,0,0,NA,NA,0.028002761,-0.013851555,NA,-0.087167474,0,-0.063776911,0
Intestinal-rectal valve  0.036,0,-0.130140882,0,0,0,0,0,0,0,0,0.055880772,0,-0.007212567,0,0,0,0,0.031615818,0,0.029357011,0,0,-0.083371535,0.015466513,0,-0.010042025,0.024787941,0,0,0,0,0,0,0,0,0,0,0,0.00037543,-0.091191549,0,0,0,0,-0.023824098,0,0,NA,-0.076288407,0.048530987,0,0.064061166,0,0,0,-0.051296594,0,0,0,0,0,0,0,0.200401567,0,-0.034678335,0,0,0,0,0,0,0,0,0,0,0,0,0,0,0,0,0,0,-0.037422166,NA,0,0,NA,NA,0,0,-0.020242083,0,0,0.03404688,0,-0.130247929,0,0,0,0,0.056941944,NA,0,0,0,NA,0,0,0,0,NA,NA,0,0,0,0.019037887,0.008370632,0.084394371,0,0,0.014721649,0,0,0.002731924,0.007206617,0,0,NA,-0.017853466,0.033969626,0,0,0,0.095854535,-0.025601628,0.001841962,0,0,0.041049658,0.025797106,0,0.019296642,0,0.071407385,0,0.04176038,0,NA,0,-0.017026815,0,0,NA,0,-0.019778714,0,0,0,-0.021316419,0,0,0,-0.001691288,0.007735519,0,0.014023369,-0.010366242,0,0,0,NA,0,0,0,0,0,0,-0.005323629,0,-0.074316656,0,0,0.002375921,0,0,0,0,0,0.04258379,0.034735141,0,0.028740112,0,0,0.00943454,-0.013892708,0.064572323,0,0,0.001100364,0,0.00118454,0.009209682,0,0,0,-0.009822472,0.00545014,0,-0.012249634,0,0,0.861692366,0.060712837,0.23976173,0.003589769,0,0,0,0,-0.005916387,0.1543113,0.111199215,NA,0,0,0.012576964,NA,0,0,0,0,0,0,0,0.020593179,0,0,NA,0,-0.010878778,0,0.620545423,0,-0.014860399,0,0,0,0,0,0,0,0,-0.079229115,-0.048214218,0,-0.002061238,0,0,0,0,0,NA,0.0104307,0,0,0,0,0,0,0,0,0,0,0,-0.022301212,NA,0,0,0,0.024937835,0,0,-0.030218899,NA,0,0,0.118639596,NA,NA,NA,0,0,0,0,0.00564241,-0.018124014,0,-0.01754392,0,0,0,0,0,0,0,0.168115239,0,0,0,0,0,0,0,0,NA,0,NA,0.026386542,0,0,0,0,NA,0,0,-0.002415813,0,NA,0,0,0.013329879,0,0,NA,NA,0,0,0,0.021474067,0,0.046072353,0,0,0,0,0.222413439,0,0,0,0,0,-0.037778139,0.081956632,0,-0.002950196,0,0,0,0
Intestine anterior  0.036,0,-0.111663745,0,0,NA,0,0,0,0,0,0.023168771,0,-0.110108842,0,-0.001627821,NA,0,0.022068026,0,0,0,-0.000475847,-0.070149859,0,0,-0.024580623,0.047620453,0,NA,0,-0.021545587,0,0,NA,0,0,0,0,0.003214547,-0.237693903,0,0,0,0,-0.025451283,NA,0,NA,-0.058431277,0.049973835,0,0.068657183,0.058285289,0,0.010686949,-0.097514247,0,0,NA,0.042265332,0,0,0,0.213866606,-0.018130934,-0.024984245,0,0.027114781,0,-0.001397795,0,0,0.006590768,0,0,0.005009896,0,0,0,NA,NA,0,0,NA,-0.03136252,0,0,NA,NA,0,0,0,NA,0,0,NA,NA,-0.127834631,NA,0,0,0,0,-0.020068546,NA,0,0,NA,-0.001748763,NA,0,0.039656055,NA,NA,NA,NA,0,0.019058132,0.059855274,0.4084551,NA,NA,0.0408176,NA,NA,0,0.011938582,0,0,NA,-0.003715467,0,0,0.029985253,-0.013564455,0.067979175,-0.013174531,NA,0,NA,0,0.049862464,0,0.034410096,-0.001048723,0,0,0.011359945,0.067812352,NA,NA,NA,0,0,NA,NA,NA,0,0,0,-0.034549994,-0.022842937,0,0,-0.001963815,0,0,0,0,0,0,NA,NA,0,NA,-0.02658584,0.007508065,NA,0,-0.002277492,0,-0.111165205,0,0,0,0,0,-0.022828198,0,0.151109575,0.012394791,0.012677292,0,0.012348247,0,NA,0.007824392,-0.009840705,0.075660367,-0.022098335,NA,0,0,0,0.011889598,0,0,0,0,0.004095729,0,-0.010011245,0,0.001927407,0.476676317,0.052071678,0.087771967,0.00030852,0,0.007251436,0,0,-0.027551477,0.215193647,0.007568568,NA,0,-0.007675573,0.014847111,NA,0,0,0.023114088,-0.010698564,0,0,0,0.017641814,0,0.016439816,NA,0,-0.079795384,0,0.579191611,0,-0.020898656,0,0,0,0,NA,NA,NA,0,-0.02773461,-0.056441325,0,-0.010051539,0,0,0,0,-0.010072844,NA,0.055519769,0,NA,0,0,0,NA,0.15875601,NA,0,0,0,NA,0,0,NA,0,0.019901852,0,0,NA,NA,0,0,0.144219969,NA,NA,NA,0,-0.00396499,0.014309064,0,0.014189855,-0.01938387,0,-0.016182526,0,0,0,0,0,0,0,0.44508366,0,0,0,0,0,0,NA,0,NA,NA,NA,0,-0.017339107,-0.007253527,0,0,NA,0,NA,0,NA,NA,0,NA,0.018999438,0,0,0,NA,0,-0.00388552,0,0.02259371,0,0.018101931,0.057168355,0,0,0,0.033387205,0,0,0,0.045037131,0,NA,0,-0.025674836,NA,-0.032110045,-0.008053371,0,0.010056806
Intestine middle  0.049,0,-0.132954886,0,0,0,0,0,0,0.000171563,0,0.063741865,-0.292270988,-0.022247313,0,-0.006768549,NA,-0.000831149,0,0,0,0,NA,-0.119628111,0.027476324,-0.01329596,0,0.160113088,0.046511057,NA,-0.066375041,0,-0.003489126,-0.036968913,0,0,-0.040617906,0,0,0.029231644,-0.245288353,0,0,0,0,-0.013006923,NA,0,0,-0.095141412,0.041310082,0,0.111898022,0,0,0,-0.089867736,-0.003803813,0,0,0.3533204,0,NA,0,0.300939665,-0.018545297,-0.014220219,0,0,0,0,0,0.005186105,0,0,0,0,-0.018547311,0,0,0,NA,0,0,0,-0.093001351,0,NA,0,NA,0,0,0,NA,-0.005464013,0,0.121833886,0,-0.157725733,NA,-0.006422882,0,0,0,NA,-0.011693522,0,0,NA,-0.035344857,-0.000890414,0,0,NA,NA,0,0,0,0.002964262,0.130062902,0,0,0,0.004260034,-0.001438888,0,0.03821371,0,0,0,NA,0,0.013490192,0,0,-0.025033961,0.009658522,0,NA,0,0,0,0.106214443,-0.001675933,0.005444876,0,0.015295652,0,0,0.04399864,NA,NA,NA,NA,NA,NA,0,-0.016472919,0,0,0,-0.034123084,0,0,NA,0,0,0,0.013155675,0,0,NA,-0.166505921,NA,-0.009319965,NA,NA,0.007198236,NA,0,-0.028262431,0,-0.164080233,-0.030184999,NA,0,0,0.001600524,0,NA,0.173621821,0.002582505,0.062040563,0,0.039479709,0,0,0.011544394,-0.012310945,0.118856842,-0.030889933,0,0,0,0,0.01883126,-0.022209604,0,0,-0.00950266,0.010973122,-0.02927871,0,0,0,0,0.0638479,0.135824831,0.00013375,0,0,0,0,-0.010932627,0.126072811,NA,NA,0,-0.050082559,0,NA,0,0,0,0.006243809,0,0,0,0.045591467,0.003648649,0.007459589,NA,0,-0.038213921,0,0.16130427,0,-0.008432692,0,-0.007959549,-0.011504703,0,NA,NA,NA,0,-0.08386685,-0.045980442,0,0,0,0,0,0,0,NA,0.003054677,0,0,0,0,0,0.027864651,0.153744815,0,NA,0.010530222,0,NA,NA,-0.005179577,0.025421125,0,0,0,0,0,NA,0,0,0.021360697,NA,NA,NA,0,-0.024502911,0,0,0,-0.030541151,0,-0.016733317,0,0,0,0,0,0,0,0.540122724,0,0,0,0,0,0,NA,0,NA,NA,NA,0,-0.001626809,0.069792814,0,0,NA,0,0,0,NA,NA,-0.010121596,0,0.029293376,0,0,NA,NA,0,-0.038964209,NA,0.045545436,0,0.04121287,0,0,0,0,0.391924506,NA,0,0,0,-0.010954658,-0.077353917,0.024073546,0,-0.015161876,-0.145107475,-0.032067564,-0.04217846,-0.034357767
Intestine posterior  0.037,0,-0.128333904,NA,0,NA,0,0,0,0.004940395,0,0.037845829,-0.045562679,-0.073533913,0,-0.009516599,NA,0,0.029865978,0,0,0,0,-0.079887479,0.010530525,0,0,0.07066698,0,NA,0,0,0,-0.032374043,NA,0,0,0,0,0.00544786,-0.260707391,0,0,0,0,-0.040988484,NA,0,0,-0.070695019,0.045820935,0,0.123444623,0,0,0,-0.110063063,0,0,0,0.131002763,0,0,0,0.234531661,-0.02339029,-0.02893399,0,0,0,-0.002160421,-0.007592015,0,0.025599289,0,0,0,-0.001316253,0,0,NA,NA,0,0,0,-0.059609442,0,NA,0,NA,0,0,0,NA,0,0,0.092631187,0,-0.154498652,0,0,0,0,0,-0.02531664,0,0,0,NA,-0.0038468,NA,0,0.044607713,NA,NA,0,0,0,0.015987366,0.047547688,0.416021436,0,NA,0.051977673,0,0,0,0.022339227,0,0,0,0,0,0,0.01114264,-0.000329555,0.038425976,0,0,0,NA,0,0.062864211,0,0.011514769,-5.10E-05,0,0,0.057964639,0.099666418,NA,NA,-0.015577591,NA,0,NA,0,-0.02238402,0,0,0,-0.044846253,0,0,0,0,0,0,0,0,0,0,0,NA,-0.001537958,NA,-0.047486269,0.010255192,0,0,-0.010023714,0,-0.115430378,0,0,0,0,0,-0.042280322,NA,0.13723199,0.084176947,0.058125564,0,0.028396763,-0.039661372,0,0.006574472,-0.006107487,0.088870382,-0.01382741,NA,0,0,0,0.020258359,0,0,0,-0.019824815,0.011652466,0,-0.007508113,0,0,0.378150701,0.064177513,0.081559981,0.005997627,0,0.003883315,0,0,-0.020611715,0.201201368,0,NA,0,-0.06434603,0.003949862,NA,0,0,0.007252135,0,0,0,0,0,0,0.012780875,NA,0,-0.08283614,0,0.756548097,0,-0.019505059,-0.007287795,0,0,0,0,NA,0,0,-0.056993366,-0.047405327,0,0,0,0,0,0,0,NA,0.059235845,0,0,0,0,0,0.033544567,0.17221391,NA,0,0.007386867,-0.012249403,NA,0,0,0.003260434,0,0.021624229,0,0,0,NA,0,0,0.093132074,NA,NA,0,0,-0.006201246,0,0,0,-0.040431129,0,-0.016260476,0,0,0,0,-0.035492799,0,0,0.395425154,0,0,0,-0.000614239,0,0,0,0,NA,NA,NA,0,-0.029160606,0,0.0038022,0,NA,0,0,0,NA,0,0,0,0.032975052,0,0,-0.004269852,NA,0,-0.020342861,0,0.025047734,0,0.027223781,0.014278574,0,0,0,0.074805074,0,0,0,0.061953789,0,-0.045523795,0,-0.014537712,-0.023280042,-0.143847556,-0.022547685,-0.016160094,0
LUA  0.042,0,NA,NA,-0.035259862,NA,0,NA,0,0,0,0.054049091,NA,NA,0.004263819,-0.025060659,NA,NA,NA,0,0,0,NA,NA,0,NA,0,NA,0,NA,NA,0,0,-0.069403004,NA,NA,NA,NA,NA,0.018115091,NA,0,NA,NA,NA,NA,NA,NA,NA,NA,NA,NA,0.051403509,NA,0,NA,-0.090369235,NA,NA,0,NA,NA,NA,0.059934471,NA,NA,-0.00296617,NA,0.02685046,0,-0.022897338,NA,0.023448509,NA,NA,NA,0,-0.02569755,0,NA,NA,NA,0.015573436,NA,NA,NA,NA,NA,NA,NA,NA,NA,NA,NA,-0.012310136,NA,NA,0,-0.133184678,NA,0.011666324,0,NA,NA,NA,NA,NA,NA,NA,NA,NA,-0.001610343,0.019105796,NA,NA,NA,0.109708485,0,NA,0.095884267,NA,NA,NA,0,NA,NA,0,0,NA,0,0.031923808,-0.030674993,NA,0,NA,0.026944615,NA,0,NA,NA,0.038442202,NA,0.068574208,NA,NA,-0.003355651,NA,0,NA,NA,NA,NA,NA,NA,NA,NA,NA,NA,0,NA,-0.022970895,-0.077176315,0,NA,NA,NA,0,NA,NA,NA,NA,NA,NA,NA,0,NA,-0.012008035,0.054110266,NA,0,-0.001768553,0,NA,-0.057477096,NA,0.023189277,NA,0.003489057,NA,NA,NA,0,0,NA,0.009170768,-0.009271852,0.159785534,0,NA,0.066754327,-0.02099777,NA,NA,NA,0.062932519,0.009934397,0,-0.044946701,0,-0.056692097,0.029681369,NA,NA,NA,NA,0,NA,0.059113769,0.001965749,-0.009012333,NA,0.180068185,-0.007269703,-0.008239178,0.021351344,NA,NA,0,0,0,NA,0.016226224,0,0,NA,NA,0.081668228,0.007179499,NA,NA,NA,NA,NA,NA,NA,NA,0,NA,NA,NA,NA,NA,NA,NA,NA,NA,NA,NA,NA,0,NA,NA,NA,0.008071197,NA,NA,NA,NA,NA,NA,NA,0,NA,NA,NA,NA,0.016420874,NA,NA,NA,NA,NA,NA,-0.003600042,0,NA,NA,NA,NA,NA,NA,NA,NA,NA,NA,NA,NA,0.030260322,0,NA,-0.000468631,-0.014157752,-0.015180242,0,NA,NA,-0.041113432,NA,0,NA,NA,0,0,NA,-0.022978784,-0.037886562,NA,0,NA,NA,NA,NA,NA,NA,NA,NA,NA,NA,NA,NA,NA,NA,0.022432776,NA,NA,NA,0,NA,NA,0,-0.003093804,0.127240884,0.063512688,NA,NA,NA,-0.010146166,-0.013985848,NA,NA,NA,NA,-0.007504575,0,NA,NA,NA,-0.005368354,NA,NA,NA,NA,0
M1  0.040,0,-0.044819567,NA,-0.024711191,NA,NA,NA,-0.0001008,0,0,0.052401997,0,NA,0,-0.024321378,NA,NA,-0.00835458,0,0,0,NA,-0.07537383,NA,NA,0.044920186,NA,0,NA,NA,NA,0,-0.057291169,NA,NA,-0.031642795,0.029769769,NA,NA,NA,NA,NA,NA,NA,NA,NA,NA,NA,NA,0.02261505,NA,0.070634056,0,0,NA,NA,NA,0,0,0.06364316,0,NA,0,NA,NA,0,0,0,0,NA,0,0.007678717,0,NA,NA,0,-0.000377787,0,NA,NA,NA,NA,NA,NA,0,NA,0,NA,NA,NA,0.364146695,0.006037873,NA,-0.003222324,0,NA,NA,-0.072437033,NA,0.014482809,0,NA,NA,NA,NA,0,NA,NA,NA,NA,0,0,NA,NA,NA,0.115557836,0,-0.005880053,0.154165935,NA,NA,NA,0,NA,NA,0.000757797,NA,-0.010912133,0,NA,NA,NA,NA,NA,NA,0.107304035,0.004386013,NA,0,NA,NA,0.048601814,NA,NA,NA,NA,0,0,NA,NA,NA,NA,NA,NA,NA,NA,NA,0,0,-0.024602261,-0.078517733,0,0,NA,NA,0.008904753,0,0,NA,NA,NA,0,NA,0,NA,NA,NA,NA,0,-0.011384003,0,-0.068469839,-0.01452842,NA,NA,NA,0.04568891,-0.00322009,NA,0.069743751,0,0,NA,0.073706758,-0.013427993,NA,0.005756184,NA,NA,-0.060733425,NA,NA,0.029090324,0,0,0,-0.014939079,NA,-0.062778783,0.016932352,NA,NA,NA,-0.011823809,NA,0.042267913,NA,0,NA,NA,0,0,0,NA,NA,NA,0,-0.02842199,0,NA,NA,0,NA,0,NA,NA,0,NA,NA,NA,NA,NA,NA,NA,NA,-0.000670531,NA,-0.019971076,-0.018752164,-0.024915825,NA,NA,NA,NA,NA,NA,NA,NA,0,0,NA,NA,0,NA,NA,NA,0,NA,NA,0,NA,NA,NA,NA,NA,0.009331232,NA,NA,NA,NA,NA,NA,NA,0,0,NA,NA,0,NA,0.110688013,NA,NA,NA,NA,0.022492032,NA,0.046709792,0,NA,0,0,0,NA,0,0.008446768,0,NA,0,NA,0,0,0,NA,NA,0,NA,0,NA,NA,NA,NA,0,NA,NA,0,NA,NA,NA,NA,NA,NA,0.025871008,NA,NA,0.068539509,0,NA,NA,0,NA,0.083258613,NA,-0.030829439,0.000455503,NA,0,NA,NA,0.01092284,0,NA,0,0,NA,NA,0.108644099,-0.026269507,NA,-0.096435358,0,-0.145983809,-0.005278469
M2  0.045,0,NA,NA,-0.011229641,NA,0,0,0,0,0,0.040204109,0,NA,0,-0.014332054,NA,-0.022789809,0,0,0.04427289,0,NA,-0.088094919,0,-0.020402523,0.129829196,0.129453446,0,NA,-0.000779091,0,0,-0.011235561,NA,NA,0,NA,NA,0.015083214,NA,0,NA,0,0,-0.034933301,NA,NA,NA,-0.046128581,0.029006162,NA,0.035895591,0,0,0,-0.086637849,NA,0,0,0.132749493,0.040499384,NA,0,0.206978505,NA,NA,0,0,0,-0.012874905,0,0,NA,NA,NA,0,0,0,0,NA,NA,0,0,0,-0.003050936,NA,NA,0,NA,0,NA,0.016714585,NA,-0.007044973,NA,NA,NA,-0.135167647,NA,0.002664025,0,NA,0,NA,NA,0,0,NA,NA,NA,0,0,NA,NA,NA,0.117798332,0,0,0.089799914,NA,0,0,0,0,NA,0.006291992,0,-0.005755165,0,NA,-0.038841469,NA,0,NA,NA,0.085714915,0,0,0,NA,0.011633669,0.080617521,NA,-0.010082615,NA,NA,0,0,NA,NA,0,NA,NA,NA,NA,NA,NA,0,0,-0.002184336,-0.051240609,0,NA,NA,NA,0.001703932,NA,0,NA,NA,NA,-0.029561105,NA,0,NA,NA,NA,NA,0,-0.021008029,0.02186712,NA,-0.013807172,NA,0.008494915,-0.048300719,0.006180948,0,NA,0.0402751,0,0,0,0.051983878,0,NA,0.006018309,0.048230217,0.063973501,-0.012897637,NA,NA,NA,0.005758304,0,0,NA,NA,-0.024091616,0.021706011,NA,NA,NA,-0.041465631,0,NA,0.053528288,NA,NA,0,0,-0.000820073,0,0.049234518,NA,NA,0,0,0,NA,0,0,0,0,0.001794968,0.014536922,NA,0,0,0.034065328,NA,0,NA,NA,NA,NA,NA,-0.023519718,-0.017274778,-0.03250088,NA,NA,NA,0,-0.020409915,NA,0,NA,0,0,0,NA,0,NA,NA,0,0,NA,0,NA,NA,NA,0.152812589,NA,NA,0,NA,NA,NA,-0.007654149,NA,NA,NA,0,0,NA,NA,0,NA,0.020372681,NA,NA,NA,NA,0,0,NA,0,NA,-0.003973183,-3.66E-05,0,0,0,NA,0,NA,NA,NA,0,0,0,NA,0,-0.006604291,NA,0,NA,NA,NA,NA,0,NA,0,0,NA,0,NA,NA,NA,0,0.027382637,NA,0,0.057514658,0,NA,NA,0,-0.008818755,0.0946459,NA,0,0,NA,-0.010161955,0,NA,0.050997008,NA,NA,0,0,-0.019215611,NA,0.04713163,NA,NA,-0.087443119,0,-0.12920944,-0.000483995
M3  0.044,0,-0.054261027,NA,-0.02229085,NA,0,0,NA,0,0,0.049588593,0.298677079,NA,0,0,NA,NA,0,-0.011613767,0.11053705,0,NA,-0.08230375,0,-0.035055145,0,0.154082698,0.017646399,NA,-0.036725432,NA,0,-0.022824203,NA,0.028149439,-0.033739936,NA,NA,0.000279339,0,NA,NA,NA,NA,-0.044150372,NA,NA,NA,-0.037604163,0.008547113,0.050314355,0.068251953,0,0,NA,-0.089510179,NA,NA,0,0.186655409,0.135302203,NA,0,0.175305799,-0.029959925,0,0,0,0,NA,NA,0,NA,NA,NA,0.003389011,-0.026182102,0,NA,NA,NA,NA,0,0,0,NA,NA,NA,NA,NA,NA,0.023167864,NA,-0.007837723,NA,NA,NA,-0.087354635,NA,0.014211847,0,NA,NA,NA,NA,0,NA,NA,NA,NA,0,0,NA,NA,NA,0.197056436,NA,-0.000114516,0.090502293,0,0,NA,0,NA,NA,0,0,-0.01446124,0,NA,NA,-0.002320461,NA,NA,NA,0.133868217,0.008827532,NA,NA,NA,-0.001163563,0.051576916,NA,NA,NA,NA,0,NA,0,NA,NA,NA,NA,NA,NA,NA,NA,0,0,NA,-0.054634094,NA,NA,NA,NA,0.018002755,NA,0,-0.03033892,0,NA,NA,NA,0,NA,NA,0.010040377,NA,0.027086452,-0.013805534,0.015464465,NA,-0.035989228,NA,0.006922541,NA,0.035523927,0,NA,0.172807405,-0.004627533,0,NA,0.045136851,-0.012939088,NA,0,0.060169779,NA,NA,NA,NA,0.026671675,0.054420158,0,0,NA,0,-0.000805905,0.023541309,NA,NA,NA,NA,0,0.055414956,0.046370545,0,NA,0,0.110108077,-0.006336776,-0.008142985,0.044647875,NA,NA,0,0,0,NA,0,NA,0,NA,NA,0.017079716,0.000876765,0,NA,NA,NA,0,NA,NA,NA,-0.009483411,NA,-0.023330499,-0.00749489,-0.025902508,NA,NA,NA,NA,-0.026491914,NA,0,NA,0,0,NA,NA,0,NA,NA,-0.003198611,0,NA,NA,NA,NA,0.039748581,NA,NA,NA,0.022267495,NA,NA,NA,0,0,NA,NA,0,0,NA,NA,0,NA,0,NA,NA,NA,NA,0,NA,NA,0,-0.030915489,0,0,0,0,0,NA,-0.017459287,NA,NA,NA,0.017524488,0,0,NA,0,0,NA,0,NA,NA,NA,NA,0,NA,0,NA,NA,NA,NA,NA,NA,NA,NA,NA,NA,0.067744977,0,NA,NA,0,-0.01779754,NA,0.050308325,0,0,NA,-0.013823423,0,NA,NA,0,NA,0,0,-0.041841988,NA,NA,-0.028851413,NA,-0.134601685,0,-0.176797658,-0.009884401
M4  0.043,NA,-0.100867694,NA,-0.035686669,NA,0,NA,0,-0.001312507,-0.001542243,0.047639038,NA,NA,0.043464178,0,NA,NA,NA,0,0.053848902,0,NA,NA,0,NA,0.209610409,0.121105329,0,NA,NA,NA,0,-0.040500514,NA,NA,0,NA,NA,0.02453729,-0.070192207,-0.01137464,NA,NA,0,NA,NA,NA,NA,NA,0.041316125,NA,0.049169868,NA,0,NA,-0.10209299,NA,NA,0,0.028698073,NA,NA,0.044187787,0.132465029,NA,-0.003058943,NA,0.011353563,0,NA,NA,0.008861297,NA,NA,NA,0.007688289,-0.007133808,0,NA,NA,NA,0.023149226,0,0,NA,NA,NA,NA,NA,NA,NA,0.041142871,NA,-0.02492846,NA,NA,NA,-0.113973179,NA,0.032814336,0,NA,NA,NA,NA,NA,0.370517275,NA,NA,NA,0,0.020791927,NA,NA,NA,NA,NA,-0.008207271,0.069210418,-0.067646327,NA,NA,-0.001797589,NA,NA,0.00050327,-0.016436906,-0.014354514,0,NA,NA,NA,NA,NA,NA,0.097057671,0.04139376,NA,NA,NA,NA,0.045968624,NA,NA,NA,NA,0,NA,NA,NA,NA,NA,NA,NA,NA,NA,NA,0.020412872,0,-0.024004419,-0.104452952,0.087490132,NA,NA,NA,0.029905372,NA,0,NA,0,NA,NA,NA,0,NA,NA,NA,NA,0.022362103,-0.025639533,0.020523176,NA,-0.019278975,NA,0.023475031,-0.100174485,0.094732618,-0.017358303,NA,0.082715146,0,0,NA,0.081017377,-0.008864706,NA,0.015258383,NA,0.049977964,NA,NA,NA,NA,0.008782533,NA,0,NA,0,-0.075056423,0.035024736,NA,NA,NA,NA,0.047372104,NA,0.029009613,0,-0.005411313,0,0,-0.00351831,0,0.012539556,NA,NA,0,0,0,NA,NA,NA,0,NA,NA,NA,0.002162167,NA,NA,0.051340257,NA,NA,NA,NA,NA,-0.001046407,NA,NA,-0.048734604,NA,NA,NA,NA,NA,NA,NA,0,NA,0,NA,NA,NA,0.000704127,0,NA,NA,0,NA,NA,NA,NA,NA,NA,NA,NA,0,NA,NA,NA,-0.008450049,NA,NA,NA,0,0,NA,NA,0,NA,NA,NA,NA,NA,NA,0.021794194,NA,0.054815516,0,NA,-0.008507108,0,-0.001427911,NA,NA,NA,NA,0,NA,NA,NA,0,0,NA,NA,0,NA,0,NA,NA,NA,NA,NA,NA,NA,0,0,0,NA,NA,NA,NA,NA,NA,NA,0.053546075,0,NA,0,0,-0.018655377,0.176722182,NA,-0.033774492,NA,NA,-0.020741614,-0.014333183,NA,0.125507676,NA,NA,-0.009195646,NA,-0.042288598,NA,NA,NA,NA,-0.096236232,0,-0.131721264,-0.023004957
M5  0.042,0,-0.076873021,NA,-0.01797615,NA,NA,0,0,0,0,0.052239455,0,NA,0,0,NA,NA,-0.00815942,-0.012274804,0.039416096,0,NA,-0.060839991,0,-0.02729392,0.127744543,0.157752878,0.003568205,NA,-0.024785006,0,0,-0.013479938,NA,0.021888809,-0.027183954,NA,NA,0.007452082,0,-0.00777672,NA,0,0,-0.04888266,NA,0,NA,-0.044479367,0.022217585,NA,0.044666583,0,0,NA,-0.086894543,0,0,0,0.153289961,0.059976653,NA,0,0.19764578,-0.017737048,NA,0,0.010932693,0,NA,0,0.019867561,0,NA,NA,0,-0.027747223,0,NA,NA,NA,0,NA,NA,0,NA,NA,0.020469652,NA,0,NA,0.023177581,NA,-0.014252013,NA,NA,NA,-0.071293299,NA,0.011710468,0,NA,NA,NA,NA,0,0.358155527,NA,-0.02084905,NA,0,0,NA,NA,NA,0.157526348,0,-0.00444984,0.160756709,0,NA,NA,0,NA,NA,0,0,-0.006452488,0,NA,-0.036190532,NA,0,NA,NA,0.111085062,0.024766862,NA,0,NA,0.008399991,0.058596987,0,NA,0,NA,0,0,0.02506817,NA,NA,NA,NA,0,NA,NA,NA,0,0,-0.021842172,-0.083095538,0.01689284,NA,NA,NA,0.017725826,NA,0,-0.049998124,NA,NA,-0.050245155,NA,0,NA,NA,NA,NA,0.005045231,-0.006399011,0.026334627,-0.085993564,-0.022974792,NA,0.003055496,-0.029017343,0.086184131,-0.009898274,NA,0.143024973,0,0,NA,0.075824531,NA,NA,0.020212038,0.046011961,NA,NA,NA,NA,NA,0.012654088,0,0,-0.013686655,0,-0.05152016,0.023183287,NA,NA,NA,NA,0,0.054876355,0.04915739,NA,-0.000511284,0,0.117317492,-0.001276012,0,0.008330975,NA,NA,0,0,0,NA,0,0,0,0,NA,0.007530506,0.004195632,0,0,NA,NA,NA,NA,NA,NA,NA,NA,-0.035202416,NA,-0.037502926,NA,NA,NA,NA,NA,NA,0,NA,0,0,0.010635798,NA,0,0,NA,NA,0,NA,NA,NA,0,0.015880018,0.103210514,NA,NA,0.01030995,0,NA,NA,-0.008745102,NA,NA,NA,0.028051288,0,NA,NA,0,NA,NA,NA,NA,NA,NA,0.007965581,NA,0.010665782,0,NA,-0.010407943,-0.005654055,0,NA,NA,NA,0,NA,0,NA,0,0,0,NA,0,0,NA,0,NA,NA,NA,NA,0,NA,0,0,NA,0,NA,NA,NA,NA,0.017046338,NA,0,NA,0,-0.007625981,NA,0,-0.009003329,0.14683949,NA,-0.064860099,0.019151219,0,-0.013509204,0,NA,0.045893315,0,0,0,NA,-0.034264274,NA,0.049894157,-0.027429982,NA,-0.08690304,0,-0.185386907,0
Marginal cells  0.041,0,-0.06582961,0,-0.026526878,NA,0,0,0,-0.031015436,0,0,0,NA,0.012952959,0,NA,-0.041926469,0,0.069619039,0,0,NA,-0.076781529,0,0,-0.000100705,0.065338216,0.027320488,NA,-0.055767819,0,0,-0.027838055,NA,0,0,0,0,0,0,NA,0,0,0.143614269,-0.033480132,NA,0,NA,-0.02712444,0.000809399,NA,0.019136563,0,0,0,-0.060057767,0,NA,0,0.045749718,0.112920372,NA,0,0.111963976,-0.018959034,0,0,0,0,NA,-0.00369799,0.012069665,0,NA,NA,0.00768361,-0.014754072,0,0,NA,NA,0,0,-0.033891924,-0.007827328,NA,0,0,NA,NA,0,0,NA,0,NA,0.028489419,0,-0.073677733,NA,0,-0.001313962,0,NA,NA,0,0,NA,NA,0,NA,0,0,NA,NA,NA,0,-0.009397252,0,0,NA,0,0,0,0,0,0,0,0,0,NA,-0.000297911,0,0,NA,-0.014734274,NA,0,NA,0,NA,0,0.047385563,NA,0,0,0,0,0,NA,NA,NA,NA,NA,NA,NA,0,-0.018204499,0,0,0,-0.05848834,0.05121902,0,0,NA,0.001023602,0,0,0,NA,NA,0,NA,-0.009736888,NA,0,0.063839185,NA,0,-0.023407748,0,-0.094309268,-0.00835748,0,0.006381772,0,0,-0.003215063,NA,0.029363105,-0.008061957,0.004999126,0,0.024977784,-0.035159032,0.014556964,0,0,0.054432268,0,NA,-0.004246421,NA,0.075375688,0.003024961,0,0,0,-0.019400538,0,NA,0,-0.004459285,-0.061482203,0,0.056225603,0.106422226,0,0,0,0,-0.003358556,-0.011148478,0.097934552,0,NA,0,0,0,-0.042405291,0.245863434,0,0,0,-0.004829908,0,0.015385401,0,0.028620673,0.04304664,NA,0,0,0.029051037,0,0,NA,0.001377067,0,-0.007851493,0,NA,0,NA,0,NA,-0.018923438,0,0,NA,NA,0,0.002956789,0,NA,0,0,NA,0,NA,0,0.07031313,NA,NA,NA,0,NA,NA,0,0.10572409,NA,NA,-0.015593622,-0.027015954,0,NA,NA,0,NA,0,NA,NA,NA,NA,-0.010210629,0,0,0.009554984,0,0,-0.013470359,0,0,-0.025513251,NA,0,NA,NA,NA,0,0,0,NA,-0.015363501,0,NA,0,NA,NA,NA,NA,-0.00612794,0,0,0,NA,0,NA,NA,0,0,-0.000553897,0,0,-0.019414988,0,NA,NA,0,-0.014648945,0,0.03310399,0,0.062182291,0,0,0,0,0.016229104,NA,0,0,0,-0.000261222,-0.050761915,NA,0,NA,0,0,0,0
Mature sperm  0.029,0,0,0,0,0,0,0,0,0,0,0,0,0,0,0,0,0,0,0,0,0,0,0,0,0,0,0,0,0,0,0,0,0,0,0,0,0,0,0,0,0,0,0,0,0,0,0,0,0,0,0,0,0,0,0,0,0,0,0,0,0,0,0,0,0,0,0,0,0,0,0,0,0,0,0,0,0,0,0,0,0,0,0,0,0,0,0,0,0,0,0,0,0,0,0,0,0,0,0,0,0,0,0,0,0,0,0,NA,0,0,0,0,0,0,0,0,0,0,0,0,0,0,0,0,0,0,0,0,0,0,0,0,0,0,0,0,0,0,0,0,0,0,0,0,0,0,0,0,0,NA,0,0,0,0,NA,0,0,0,0,0,0,0,0,0,0,0,0,0,0,0,0,0,NA,0,0,0,0,0,0,0,0,0,0,0,0,0,0,0,0,0,0,0,0,0,0,0,0,0,0,0,0,0,0,0,0,0,0,0,0,0,0,0,0,0,0,0,0,0,0,0,0,0,0,0,0,0,0,0,0,0,0,0,0,0,0,0,0,0,0,0,NA,0,0,0,0,0,0,0,0,0,0,0,0,0,0,0,0,0,0,0,0,0,0,0,NA,0,0,0,0,0,0,0,0,NA,NA,0,0,0,0,0,0,0,0,0,0,0,0,0,0,0,NA,NA,0,0,0,0,0,0,0,0,0,0,0,0,0,0,0,0,0,0,0,0,0,0,0,0,0,0,NA,NA,0,0,0,0,0,0,0,0,0,0,0,0,0,0,0,0,0,0,0,0,0,0,0,0,0,0,0,0,0,0,0,0,0,0,0,0,0,0,0,0,0,0
Meiotic germ cells  0.034,0,-0.101075966,0,0,0,0,0,0,0.040443143,0,0,-0.351792836,0,0,0,NA,0,0.014836475,-0.001687098,0,0.013581274,-0.001229144,-0.112326385,0.109909157,0,0,0.172850372,0.031138072,0,-0.031616316,0,0,-0.058981223,0,0,-0.032774913,0,0,0.014925855,-0.107522963,0.001477168,-0.012663226,0,0,-0.07591799,0,0.014101217,0,-0.120852022,0.003370688,0,0.076676499,0,0,-0.067781834,-0.058847325,-0.036846812,0,0,0,0,0,0.077878734,0.36056803,-0.027331944,0,0,0,0,0,0,0.009971597,0,0,0,0.015680128,-0.017942576,0,0,0,0,0,0,0,-0.01125534,0,0,0,0,0,0,0,-0.034321116,0,0,0.155105157,0,-0.093825787,0,0,0,0,0,-0.02253257,0,0,0,NA,-0.026906963,0,0,0,0,0,0,0,0,0,0.10341747,0,0,0,0,0,0,0.003940128,0,0.026689042,0,NA,-0.038733517,0,0.022308572,0,-0.010168768,0.03532385,0,-0.012899586,-0.027883176,0,0,0.111155346,-0.007092815,-0.005030752,0,0,0,0,0,NA,0,-0.01877883,0,0,NA,0,-0.018191529,0,0,-0.003883663,-0.006230865,0,0,-0.017043747,0,0,0,0,-0.018525538,0,0,-0.025440035,NA,0,NA,-0.009150162,0,0,0,-0.01834642,0,-0.13214729,-0.004008921,NA,0.024345251,0,0,0,NA,0.039565716,0,0,0,0.052477845,0,0,0,-0.014750937,0.115300543,-0.042662445,0,0.01241897,0,0,0.025745828,-0.0390593,0,0,-0.005209918,0.039085315,-0.079154782,-0.010430579,0,-0.017486466,0,0.103931443,0.055488329,0.065401872,-0.043540391,0,0,0,0,0,0,NA,0,0,0,-0.014863428,0,0,0,0,0,0,0,0,0,0,NA,0,-0.051047544,0,0,0,-0.006428833,0,-0.001731679,-0.008971734,0.004988461,0,-0.004794117,NA,-0.018040617,-0.009554211,-0.03010926,0,0,0,0,0,0,0,NA,0,0,0,0,0,0,0,0.093768219,0,0,0,NA,NA,0,-0.000745506,0,0,-0.000419309,0,0,0,NA,-0.008120794,0,0,NA,NA,0,0,0,0,0,0,-0.00495435,0,-0.012051573,0,0,0,0,0,0,0,0.505329817,0,-0.002560681,0,-0.01016308,0,-0.021928643,0,0,0,0,NA,0,0,0,0,0,0,0,0,0,0,0,0,0,0,-0.001192861,0,0,0,0,-0.093771695,-0.008004425,0.035667281,0,0.014977912,0,0,0,0.025525402,0,0,0,0,0,0,-0.0822454,0,-0.020027448,0,-0.056505668,-0.011058548,0,-0.009169947
MI  0.042,0,-0.118200118,NA,-0.020730189,NA,-0.003659987,NA,0,0,0,0.038259069,NA,NA,NA,-0.009708357,NA,NA,0,0,0,0,NA,-0.013298979,0,NA,0.020524787,NA,0,NA,0,NA,0,-0.012697563,NA,0.033128494,NA,NA,NA,0.011193917,0,0,NA,NA,NA,NA,NA,0,NA,-0.022024247,0.024348349,NA,0.040931141,0,0,NA,-0.088562139,0,NA,0,0.092804227,0,0,0,0.161165391,NA,0,0,0.007867481,0,-0.022799238,0,0.014026333,0,NA,NA,0,-0.018325541,0,NA,NA,NA,0,0,-0.016718582,NA,NA,-0.091014176,NA,NA,NA,NA,0.009816377,NA,-0.007527218,NA,NA,NA,-0.114807792,-0.011993916,0.022672149,0,NA,NA,NA,NA,0,NA,NA,NA,NA,0,0.025534594,NA,NA,NA,0.113030604,NA,-0.005634041,0.07720111,0,NA,NA,0,0,NA,0,-0.017491835,0,0,NA,NA,0,0,0,0.061083282,0.132307276,0.026413386,0.006299381,NA,NA,0,0.082694662,NA,NA,-0.003014743,NA,0,NA,NA,NA,NA,NA,NA,NA,NA,0,0.009106406,NA,-0.010853411,-0.02576828,NA,0,0,NA,NA,0.009923335,NA,0,NA,NA,NA,-0.023552088,NA,0,NA,NA,NA,NA,0,-0.008932668,0.002465261,-0.092201934,-0.026042703,NA,0.027171748,NA,0.105494832,0,NA,0.02995216,0,0,NA,0.016955731,NA,NA,0,0.031478023,0.089198991,-0.050654331,NA,0,NA,0.00316833,0,0,NA,0,-0.056997523,0.01686042,NA,NA,NA,-0.032163702,0,NA,0.056515308,0,-0.021445833,NA,0,-0.002326616,0,0,NA,NA,0,0,0,NA,0,0,0,-0.00062444,NA,0.027381662,0.000759748,0,NA,NA,NA,0,NA,NA,NA,-0.017051746,NA,-0.019674071,-0.031431122,NA,0,NA,NA,NA,NA,0,0,NA,0,NA,NA,NA,0,NA,NA,NA,0,NA,NA,NA,NA,0.024063281,NA,NA,NA,0.014468896,NA,NA,NA,NA,NA,0,NA,0.001691357,0,NA,NA,-0.00956301,NA,NA,NA,NA,NA,NA,0,NA,NA,0,NA,-0.004214285,-0.003020415,0,0,0,NA,-0.007620302,NA,0,NA,0,0,0,NA,0,0,NA,NA,NA,NA,NA,0,0,NA,0,NA,NA,NA,NA,NA,NA,NA,NA,NA,0,NA,0,NA,NA,0,-0.004380091,0.106843085,0.047438112,0,0.007936878,0,0,-0.01071413,NA,0,0,NA,0,NA,0,NA,0.0305438,NA,NA,-0.110974821,0,-0.090134567,0
Mitotic germ cells  0.042,0,-0.106659442,0,0,0,0,0,0,0.041814277,0,0,-0.330036719,0,0,0,0,0,0.022745918,0,0,0.011808773,0,-0.117437655,0.106788427,0,0,0.279811801,0.014764237,0,-0.051268531,0,0,-0.045875583,0,0,-0.044294304,0,0,0.012769826,-0.043811437,0,-0.008231085,0,0,-0.073316338,0,0.014569344,0,-0.146700257,0,0,0.075031687,0,0,-0.087003519,-0.049781112,-0.049341998,0,0,0,0,0,0.176929848,0.415745729,-0.015454399,0,0,0,0,0,0,0.011788219,0,0,0,0.012122078,-0.022793334,0,0,0,0,0,0,0,-0.005730268,0,0,0,0,0,0,0,-0.028447041,0,0,0.171119341,0,-0.069500212,0,0,0,0,-0.01591413,-0.013194683,0,0,0,NA,-0.035666056,0,0,0,0,0,0,0,0,0,0.110292783,0,0,0,-0.000111475,0,0,0,0,0.019719395,0,-0.002855865,-0.038351964,-0.000784453,0.020441876,0,-0.002799201,0.045090636,0,-0.017182953,-0.04334676,0,0,0.123943731,-0.006608564,-0.006148154,0,0,0,0,0,NA,0,-0.014171748,0,0,NA,0,-0.012808228,0,0,-0.001688519,0,0,0,-0.010304998,0,0,0,0,-0.032434912,0,0,-0.027104982,NA,0,0,-0.005023209,0,0,0,-0.017521159,0,-0.143276194,-0.003692336,0,0.016970322,0,0.005039798,0,0,0.03658708,0,0,0,0.08642658,0,0,0,-0.019376218,0.126437712,-0.021667589,0,0.003130916,0,0,0.03451893,-0.022771098,0,0,0,0.033525553,-0.112559199,-0.005307678,0,-0.010384503,0,0.116010503,0.018193694,0.057922122,-0.042094356,0,0,0,0,-0.018348376,0,NA,0,0,0,-0.006480373,0,0,0,-0.000723484,0,0,0,0,0,0,NA,0,-0.061286384,0,0,-0.002027673,-0.005480094,0,0,-0.007927942,0,0,-0.00526246,0,-0.018150912,-0.013104184,-0.013332867,0,0,0,0,0,0,0,NA,0,0,0,0,0,0,0,0.008247171,0,NA,0,0,0,0,0,0,0,-0.001181085,0,0,0,0,-0.015093189,0,0,-0.041523654,0,0,0,-0.023995025,0,0,0.000385563,-0.003124309,-0.001084513,-0.012452783,0,0,0,0,0,0,0,0.592021323,0,0,0,-0.005268564,0,-0.014481965,NA,0,0,0,0,0,0,0,-0.005061624,0,0,0,0,0,0,0,0,0,0,0,0,0,0,0,-0.094026158,-0.010883097,0.038488654,0,0,0,0,0,0.015409841,0,0,0,0,0,0,-0.089893593,-0.005618956,-0.008179576,0,-0.056406349,-0.011618598,0,-0.00536669
NSM  0.043,0.078000872,NA,NA,NA,NA,NA,0,NA,NA,0,NA,NA,NA,NA,NA,NA,NA,0,0,0.070582137,NA,NA,NA,NA,-0.034005863,NA,NA,NA,NA,0,NA,0.021332962,NA,NA,NA,-0.011487355,NA,NA,NA,NA,-0.005927601,NA,NA,NA,NA,NA,0,NA,NA,NA,NA,NA,NA,0,NA,NA,NA,NA,-0.011815241,NA,NA,NA,0,NA,NA,NA,NA,0,0,NA,NA,NA,0,NA,NA,0.019771033,0,0,NA,NA,NA,NA,NA,-0.021247218,0,NA,NA,NA,NA,NA,NA,0.01361907,NA,-0.014744019,NA,NA,NA,-0.071099247,NA,0.03087915,NA,NA,NA,NA,NA,NA,NA,NA,-0.024866174,NA,0,3.0093165562342e-05,NA,NA,NA,0.204169626,NA,0,0.132447504,NA,0,NA,0,NA,NA,NA,0,-0.011441082,0.00928138,NA,NA,NA,NA,NA,NA,NA,0.061489526,0,NA,NA,NA,NA,-0.006968332,NA,NA,NA,0,NA,NA,NA,NA,NA,NA,NA,NA,NA,NA,NA,0,-0.009216512,-0.009522576,0,NA,NA,NA,0.038780912,NA,0,NA,NA,NA,0,NA,NA,NA,NA,NA,NA,0.025820789,-0.028744556,0.018579849,NA,-0.052684541,NA,0.048163066,NA,0.03226789,NA,NA,0.0309277,0,0.008386175,NA,NA,0,NA,0.024964973,0.045047653,NA,NA,NA,NA,NA,NA,NA,NA,NA,NA,-0.062060853,NA,NA,NA,NA,NA,0,NA,NA,NA,NA,NA,0.072695451,NA,-0.002651648,NA,NA,NA,NA,NA,0.020341654,NA,NA,NA,NA,NA,NA,NA,0.024114893,0,NA,NA,NA,NA,0,NA,NA,-0.017610074,NA,NA,-0.026362269,NA,NA,NA,NA,NA,NA,NA,-0.01368335,-0.002025579,0,NA,NA,NA,NA,NA,NA,NA,0,NA,NA,NA,NA,NA,NA,NA,NA,0.051537899,NA,NA,NA,NA,NA,NA,NA,0,NA,NA,NA,NA,NA,0,NA,NA,NA,NA,0,NA,NA,NA,NA,NA,NA,NA,0,NA,NA,-0.02647329,NA,NA,NA,NA,0,0,NA,NA,NA,NA,NA,NA,NA,NA,NA,NA,NA,0,NA,0,NA,NA,NA,NA,NA,NA,NA,NA,0.088929987,0.074210166,NA,NA,0,NA,NA,0.05336141,NA,NA,NA,-0.010589711,0,NA,NA,NA,NA,-0.004423562,NA,NA,NA,NA,NA,NA,-0.047812716,0,NA,0
OLL  0.040,NA,-0.065331505,NA,-0.026436493,NA,0,NA,0,NA,0,0.04530121,0.606068952,NA,NA,NA,NA,NA,0,0,0,0,NA,-0.034883178,0,NA,0.124809951,0.096516911,0,NA,NA,NA,0.046685808,-0.029253794,NA,0,NA,NA,NA,NA,0,NA,NA,NA,0.042516135,-0.01860426,NA,NA,NA,NA,NA,NA,0.038470804,NA,NA,NA,NA,NA,NA,0,NA,0.331974775,NA,0,0.14661985,NA,-0.000612133,0,0,NA,NA,NA,0,NA,NA,NA,0.008520952,-0.005902135,-0.000294156,NA,NA,NA,0,NA,NA,0,NA,0,NA,NA,0.002057131,0.459186966,NA,NA,-0.011531678,NA,NA,NA,-0.080428096,NA,NA,0,NA,NA,NA,NA,0,NA,NA,-0.012582172,NA,0,0.010200986,NA,NA,NA,0.148675872,NA,0,0.124721008,NA,0,NA,0,NA,NA,0.002380861,NA,-0.004757205,0,NA,NA,NA,NA,NA,NA,NA,0.012954532,NA,NA,NA,NA,0.049866641,0,NA,NA,NA,0,0,0.046374042,NA,NA,NA,NA,NA,NA,NA,0.070384101,0,0,-0.027122608,-0.02135587,0,NA,NA,NA,0.000439232,NA,0,NA,0,NA,NA,NA,0,NA,NA,NA,NA,0.030211412,-0.028592825,0,NA,-0.015685659,NA,NA,NA,0.034907122,0,NA,NA,0,0,NA,0.062549388,NA,NA,0.02833419,0.060367831,NA,NA,NA,NA,NA,0.083249813,NA,0,-0.001438463,NA,-0.054121397,0.027586036,NA,NA,NA,NA,NA,0.074719068,NA,NA,NA,0.038438957,0.019770952,-0.009014848,0,0.052203416,NA,NA,NA,0,0,NA,0,0,NA,0,NA,NA,0.008407187,NA,0,NA,NA,NA,NA,NA,NA,NA,NA,-0.040914196,-0.030872986,-0.038209791,NA,0,NA,NA,NA,NA,NA,NA,0,NA,0.00552035,NA,0,-0.001811013,NA,NA,0,NA,NA,NA,NA,NA,NA,NA,NA,0,NA,NA,NA,NA,NA,NA,0,0,0,NA,NA,0,NA,NA,NA,NA,NA,NA,0,NA,NA,0,NA,0,0,0,0,0,NA,NA,NA,NA,NA,0,0,0,NA,0,0,NA,0,NA,NA,NA,NA,0,NA,0,0,NA,NA,-0.012164224,NA,NA,NA,NA,NA,NA,NA,NA,NA,NA,0,-0.009673332,NA,NA,NA,NA,0,-0.001306282,0,NA,0.076718078,NA,NA,NA,NA,-0.029042509,-0.049765156,NA,NA,NA,-0.068275081,0,-0.124832467,-0.017150597
OLQ  0.038,0,-0.093572062,NA,-0.011713677,NA,0,0,0,0,0,0.031202653,0,0,0,0,NA,0,0,0,0.000834,0,NA,-0.067014949,0.005103372,-0.010010535,0,0.133948488,0,NA,-0.014878205,NA,0,-0.019856469,NA,NA,0,NA,NA,0,0,NA,NA,NA,0,-0.014870266,NA,NA,NA,-0.04478979,0.009037652,NA,0.031396442,0,0,NA,-0.100498224,0,NA,0,0.062351543,0.232082423,NA,0,NA,NA,-0.013343262,0,0,0,-0.01174771,-0.002344301,0.022107148,0,NA,NA,0.024357271,-0.006899012,0,NA,NA,NA,0.004925327,NA,NA,0,NA,NA,0.029820849,NA,0,0,NA,NA,-0.003392963,NA,NA,NA,-0.099235767,NA,0,0,NA,NA,NA,NA,0,0,NA,-0.022399047,NA,0,0,NA,NA,NA,0.086045733,0,0,0.105157225,0,NA,NA,0,NA,NA,0.003031631,0,-0.006236322,0,NA,-0.027810524,NA,0,NA,NA,0.09457221,0,0,NA,NA,-0.001762662,0.044707716,NA,-0.011315268,0,0.023981372,0,0,0.038017818,NA,NA,0,NA,0,NA,0,0.044662936,0,0,-0.013924463,-0.034981461,0,0,NA,-0.012441248,0.002100182,0,0,NA,NA,NA,-0.0993785,NA,0,NA,NA,0.00522519,NA,0.026999389,-0.01414309,0,-0.100816254,-0.054181478,NA,0,NA,0,0,NA,0.033974572,0,0.002094526,0,0.027221101,NA,0.199724406,0,0.043520938,0.074869418,NA,NA,0,NA,0.029943576,0,0,-0.018187931,0,-0.048546166,0.02613346,NA,NA,NA,0,NA,0.071668329,0.055919693,0,-0.013126112,0.013011268,0.144719351,-0.012399911,-4.03E-05,0.020306689,NA,NA,0,0,0,NA,0,0,0,0,NA,0.016241316,0.005549525,0,NA,NA,NA,0,NA,0,NA,0,NA,-0.02171685,-0.028461654,-0.024935435,NA,NA,NA,NA,-0.006144307,NA,-0.032354441,NA,0,0,0,NA,0,0,NA,0,0,NA,NA,NA,NA,NA,NA,NA,NA,0.015158041,NA,NA,NA,NA,NA,0,0,0,0,NA,NA,0,NA,0,NA,NA,NA,NA,0,NA,0.034967916,0,NA,0,-0.005860793,-0.0041726,0,0,NA,0,NA,0,NA,0,0,0,0,0,0,NA,NA,NA,NA,NA,NA,0,NA,0,0,NA,NA,NA,NA,NA,-0.031771459,0.021101094,NA,0.001331292,NA,0,NA,NA,0,0,0.075777542,0.045785042,0,0.036262462,0,-0.00171607,0,NA,0.042267227,NA,0,0,0,-0.036683054,NA,0.066184633,-0.007732831,NA,-0.120279124,0,-0.089751969,-0.002189492
Oocytes  0.026,0,-0.081924746,0,-0.015481833,0,0,0,0,0.01770597,0.020098737,0.011651654,-0.036519093,0,0,0,0,-0.05698671,0.008764892,0,0.080523175,0.014634307,-0.006200135,-0.091805207,0.033705846,-0.007158396,0,0.114550774,0.007927763,0,-0.066992534,-0.465934905,0,-0.038078838,-0.016752939,0,-0.02340928,0,0,0.01971453,-0.070173729,0.000831909,-0.011584773,0,0,-0.068491302,0,0,0,-0.093648172,0.005043816,0,0.042055669,0,0,0,-0.007463041,0,0,0,0,0,0,0,0.299416463,0,-0.012205128,0,0,-0.026945745,0,0,0,0,0,0,0.001423174,-0.020162032,0,0,0,0,0,-0.008388587,0,-0.026292552,0,0,0,0,0,0,0,-0.03824716,0,0,0.065219899,0,-0.090576636,0,-0.000779778,-0.032021501,0,0,-0.027008596,0,0,0,NA,-0.012388138,0,0.002872017,0.009313391,0,NA,0,0,0,0,0.047653257,0,0,0,0,0,0,0.016430436,0,0.058502107,0,0,-0.032394699,0,0.057313708,0,-0.011013199,0.021790261,0,-0.000947484,-0.015656979,0,0,0.094335696,0,0,0,0.032830532,0,0,0,NA,0,-0.022021644,0,0,0,-0.008902791,-0.019064461,0,0,-0.008254094,0,0,0,-0.023822761,-0.001871597,0.0047337,0,0,-0.012267801,-0.1280407,NA,-0.053570799,0.762021472,0,0,-0.011366065,0.008224872,0,0,-0.020913896,0,-0.073313933,0,0,0.035109336,-0.002039831,0,0,NA,0.065325683,0,0.030873796,0,0.025569113,0,0,0,0,0.099244561,-0.04365126,0,0,-0.004371258,0.044543826,0,0.032134312,0,0,-0.013879156,0.011850065,-0.126145583,-0.005012224,-0.020742961,-0.005631926,0,0.099074126,0.101767896,0.069352094,0,0.016720286,0,-0.000307836,0,0.001313283,0,0,0,-0.039182776,0,-0.003293448,0,0,0,0,0,0,0,0,0,0.015456877,NA,0,-0.026868277,0,0.153734948,0,-0.000531462,0,-0.002298916,-0.010358861,0,0,-0.006364898,0,-0.010113436,-0.016160271,-0.045983785,0,-0.004166492,0,0,0,0,-0.000619536,NA,0,0,-0.004261804,0,0,0,0.021081245,0.162983651,-0.010252328,0,0.010292619,0,-0.000632917,0,0,0,-0.102789614,0,0,0,0,NA,0,0,0.009553526,NA,0,0,0,-0.02257105,0,0,0.003911975,0,0,-0.018595722,0,0,-0.010544314,0,0,0.013297752,0,0.357246462,0,-0.009520689,0,0,0,-0.022582214,0,-0.005353912,0,0,0,0,0,0.020730402,0,0,0,0,0,0,0,0,-0.005022781,0,0.005754158,-7.13E-06,0,-0.018343982,-0.017481775,0,-0.018108656,-0.018361931,0.041351627,0,0.014856315,0,-0.004751175,0,0.018053507,0.068079692,0,0,0,0,-0.007058854,-0.047138642,0.033206074,0,0,-0.116713531,-0.005225721,0,-0.011179094
PDA  0.044,0,-0.104335401,NA,-0.027554808,NA,NA,0,0,-0.011784789,0,0.077167477,0,NA,NA,-0.008854247,NA,NA,-0.026057163,-0.035009041,0.15839033,-0.004388201,NA,NA,0,NA,0.119265676,NA,0,NA,NA,NA,0,-0.021721019,NA,NA,NA,NA,NA,0,NA,0,NA,NA,0,NA,NA,NA,NA,-0.035490092,0.019399326,NA,0.031945205,NA,NA,NA,-0.065659394,0,NA,0,NA,0.138662788,NA,0,NA,NA,NA,NA,0.006018967,0,NA,NA,0.008896308,0,NA,NA,0.00861359,-0.001984465,0,NA,NA,NA,0,NA,NA,0.032957866,NA,NA,NA,NA,NA,-0.012462205,NA,NA,-0.002537467,NA,NA,NA,-0.094662476,NA,NA,NA,0,NA,NA,NA,NA,NA,NA,NA,0.008705133,0,0,NA,NA,-0.028619899,NA,NA,-0.009036747,0.081092451,0,NA,NA,-0.000190486,NA,NA,0,0,0,0,NA,NA,NA,0,NA,NA,0.121823682,0.058980355,NA,NA,0,NA,0.046345587,NA,NA,NA,NA,0,NA,NA,NA,NA,NA,NA,NA,NA,NA,NA,0,0,-0.02637127,-0.094521902,NA,0,NA,NA,0.002190645,0,NA,NA,NA,NA,NA,NA,0,NA,NA,NA,NA,0.041160056,-0.018057918,0.023452567,NA,-0.065290983,NA,0.041876073,NA,0.085237907,-4.70E-05,NA,0.14740665,0,0,NA,NA,NA,0.269508299,0,0.095171745,0.061952488,NA,NA,NA,0.055601119,0.07527094,0.000319302,0,NA,0,-0.037008499,NA,NA,NA,0,NA,NA,NA,0.043740259,0.000750098,0,NA,0.14441508,-0.009463194,-0.020289181,NA,NA,NA,0,0,0,NA,0,0,0,-0.019091566,NA,NA,0,NA,NA,NA,NA,NA,NA,NA,NA,-0.005685568,NA,-0.066361774,-0.001497306,-0.0518611,NA,NA,NA,NA,NA,NA,NA,-0.001515499,0,NA,NA,NA,0,NA,NA,NA,NA,NA,NA,NA,NA,NA,NA,NA,NA,0.015240843,NA,NA,NA,NA,NA,NA,NA,0.007335146,NA,NA,NA,0,NA,NA,NA,NA,NA,NA,0,NA,NA,0,NA,0,-0.000365138,-0.010788503,0,-0.011620454,NA,-0.006088577,NA,NA,0.285972529,0,0,0,NA,NA,0,NA,NA,NA,NA,NA,NA,-0.000352306,NA,0,0,NA,NA,NA,0.014626559,NA,NA,0.062530956,NA,0,NA,NA,NA,NA,0,-0.01532931,NA,0.041308887,0,0.01334718,0,-0.023153527,0,NA,0.058600504,NA,NA,0,NA,NA,NA,0.045787041,NA,-0.018862852,-0.087080041,0.010658872,-0.122339393,0
PDB  0.052,NA,NA,NA,-0.050052652,NA,-0.015669609,NA,-0.049011429,-0.017369306,0,0.067399146,NA,NA,0,-0.005923307,NA,NA,-0.048074312,-0.02470956,0.153220777,-0.009744369,NA,-0.09602444,NA,-0.033118944,0.149798332,NA,0,NA,NA,0,0.001093831,NA,NA,0.158362327,NA,NA,NA,NA,NA,NA,NA,NA,NA,0,NA,NA,NA,NA,NA,NA,0.089172084,NA,NA,NA,NA,NA,NA,0,0.143251176,0.205552881,NA,0,NA,NA,-0.007071203,NA,0,NA,NA,NA,0.063895112,NA,NA,NA,0.012773053,-0.02528957,-0.002566362,NA,NA,NA,0.023973109,NA,NA,0.068919059,NA,NA,NA,NA,NA,NA,NA,NA,-0.034312801,NA,NA,NA,-0.127103013,NA,0.023893489,0,0,NA,NA,NA,-0.010744909,0,NA,NA,NA,0,0,NA,NA,NA,0.243468259,0,-0.014453109,0.123754583,NA,NA,NA,NA,NA,NA,0.026264229,-0.00172666,-0.023774212,0.008617617,NA,NA,NA,0,NA,NA,0.201255971,0.027695588,NA,NA,0.066319603,NA,NA,0.001069855,NA,NA,NA,0,NA,NA,NA,NA,NA,NA,NA,NA,NA,0.006221734,NA,0,-0.034174032,-0.143154767,NA,NA,NA,NA,0.004508012,NA,0,NA,NA,NA,NA,NA,0,NA,NA,NA,NA,0.022635912,-0.022567213,0.021122007,NA,-0.047869552,NA,NA,NA,NA,NA,NA,0.156133156,-0.04727336,-0.013304231,0,NA,NA,NA,0,NA,NA,NA,NA,NA,NA,0.085911435,NA,NA,NA,-0.004086445,-0.094827401,0.061208297,NA,NA,-0.023051462,-0.035582226,NA,NA,NA,NA,NA,NA,0.107560855,NA,-0.044562153,NA,NA,NA,NA,0,0,NA,-0.00233379,0.054767383,NA,NA,0.025231859,NA,NA,NA,NA,NA,NA,NA,NA,NA,NA,NA,NA,NA,NA,NA,NA,NA,NA,NA,NA,NA,NA,NA,0,NA,NA,NA,0.028663662,NA,NA,NA,0,NA,NA,NA,NA,NA,NA,NA,NA,NA,NA,NA,NA,NA,NA,NA,NA,0,0.036368216,NA,NA,0,NA,NA,NA,NA,NA,NA,0,NA,0.102347861,NA,NA,-0.007985617,-0.030385397,-0.031238313,-0.0240511,NA,NA,-0.067759799,NA,NA,NA,NA,0,0.051520261,NA,0,-0.013197801,NA,NA,NA,NA,NA,NA,0,0.008017047,-0.002336823,NA,NA,NA,NA,0.101683211,NA,NA,NA,NA,0,NA,NA,NA,NA,0,-0.024017157,0.172691015,0.05454589,NA,NA,NA,-0.021071739,0.028523248,0,NA,NA,NA,0,NA,-0.011796875,NA,0.078062224,NA,NA,-0.131385139,0,-0.21396898,-0.035188911
PHA_PHB  0.038,0,-0.10746629,NA,-0.019986817,0.072111791,0,0,0,-0.009606535,0,0.03553045,0.274993871,0,0,-0.016955509,NA,NA,0,-0.026088372,0,0,NA,-0.068315727,0,-0.010130821,0,0.134293097,0,NA,-0.013745737,0,0,0,NA,NA,0,0,NA,0,NA,0,NA,0,0,-0.007474045,0,NA,NA,-0.023094085,0.024751975,NA,0.045284144,0,0,NA,-0.111717516,0,NA,0,0.129269561,0.046190392,0,0,NA,-0.025247514,NA,NA,0,0,-0.012904825,0,0.017044895,0,NA,0,0.010961135,0,0,NA,0,NA,0,0,NA,0,NA,NA,NA,NA,0,NA,NA,NA,-0.00423489,NA,NA,0,-0.082281587,NA,0,0,NA,NA,NA,NA,-0.029702676,0.261245178,NA,NA,NA,0,0,NA,NA,0,0.095761234,0,0,0.110962891,0,0,0,0,NA,NA,0.013802821,-0.002096087,0,0,NA,-0.027704689,0,NA,NA,0,NA,0,0,NA,0,0,0.057047186,0,-0.017812991,NA,NA,0,NA,NA,NA,NA,NA,NA,NA,NA,NA,0.136937047,0,0,0,-0.088179567,0,0,NA,0,0.001905107,0,0,NA,NA,NA,NA,NA,0,NA,NA,0,NA,0,0,0,-0.101065399,-0.042524545,NA,7.71767532766935e-05,NA,0,0,NA,NA,0,0,NA,0.055679894,0,0.338107357,0,0.013963013,0.086966002,0,NA,NA,NA,0.062250497,0,0,NA,0,-0.03502224,0.013835732,NA,NA,0,-0.023472675,0,0.047878952,NA,NA,-0.006229232,0,0,-0.000212254,-0.007145583,0.013144577,0,NA,0,0,0,NA,0,NA,0,0,0,NA,0,0,NA,0.083357754,NA,0,-0.000292859,0,0,0,NA,-0.007574873,0,-0.012909448,0.019995179,0.031762884,0,NA,-0.007353256,NA,-0.000410327,0,0,0,0,NA,0,NA,NA,0,0,NA,NA,NA,NA,NA,NA,NA,NA,0.010399753,NA,NA,NA,NA,0,0,0,-0.016070504,0.004394336,NA,0,0,NA,NA,NA,NA,NA,NA,0,NA,0.009999382,0,NA,0,-0.020133876,0,0,0,0,NA,NA,NA,NA,0,0,0,NA,0,0,NA,-0.004477191,NA,NA,NA,NA,0,NA,0,0,NA,0,-0.01764285,0,NA,NA,NA,NA,NA,0.00409487,0,NA,0,0,-0.008267349,0,0.03148447,0,0.021516248,NA,0,0,NA,0.038957258,-0.000513073,0,0,0,-0.042444331,NA,0.009556066,-0.029141519,NA,0,0,-0.053025602,0
Phasmid sheath  0.037,0,-0.089635813,NA,-0.00709916,0,0,0,0,0,0,0.006000859,0,-0.06054406,0,0,0,NA,0,0,0.104301956,0,NA,-0.11068369,0,0,0,0.111177057,0,0,-0.050701974,0,-0.017262371,-0.019663925,NA,0,0,0,NA,0.007946278,-0.114143556,0,NA,0,0,-0.030959757,0,0,NA,-0.07193071,0.013466263,NA,0.054781744,0,0,0,-0.094153238,0,0,0,0.024205111,0,0,0,0.172437805,NA,0,0,0,0,NA,0,0.0106852,0,NA,0.017490062,0,0,0,NA,0,NA,0,0,NA,-0.031881611,0,NA,NA,0,0,0,0,NA,0,NA,NA,0,-0.133694657,0,0,0,0,0.042492378,NA,-0.001793734,0,0,NA,-0.011957458,NA,0.034130735,0,NA,NA,0,0.003883258,0,0,0.081414707,NA,0,0,0,NA,0,0.002734026,0,0,-0.003453559,0,-0.025491251,0,0,0,0,0,0,-0.007995806,0,0,0.025750081,0.082992719,0,-0.007684104,0,0.12314845,0,0,0,NA,NA,NA,NA,NA,NA,NA,0,0,0,0,-0.117105921,0.0129852,0,0,0,0,0,0,NA,NA,0,-0.04006175,NA,0,NA,NA,0.014657398,0,0,0,0,-0.125783018,-0.021537747,NA,0,-0.002788882,0,0,NA,0.00189787,0,0.000351907,0,0,0,0.016747161,0,0,0.099382673,0,-0.006385016,NA,0,0.181809203,NA,0,0,0,-0.055292839,0.006313679,0,0,-0.024250595,-0.034819456,0,0.030100723,0.230933235,0,0,0.035254957,0,0,-0.020926266,0.012372941,0,NA,0,-0.073594784,0,NA,0,0,0,0,0,0,0,0,0,0.023214269,NA,0,0,0.002082214,0.136915146,0,NA,0,-0.028730256,0.006305294,0,0,0,0,0,NA,-0.045083847,0,0,0,0,0,0,0,NA,0,0,0.031350385,0,NA,0,0.063261735,0.181607768,NA,NA,0.016689167,NA,NA,NA,0,0,NA,0,0,0,NA,-0.003414363,0.004244282,NA,0,NA,NA,NA,NA,0,0,0,0,0,0,-0.015015066,0.003395507,-0.0583518,0,0,0,0,0,0.323678068,0,0,0,NA,0,0,NA,0,NA,NA,NA,NA,0,0,0,0,0,0,NA,0,0,NA,NA,0,0,0,0,0,-0.005772758,0,-0.011888738,0,0.032991578,0,NA,0,0,0,NA,0.047887018,NA,0,0,0,-0.009819319,NA,0.171227842,0,-0.017397215,-0.073898991,-0.005334838,-0.04236016,0
Phasmid socket  0.044,0,-0.111548733,NA,-0.010802223,NA,0,0,0,0,0,0,0,NA,0,0,NA,NA,0,0,0,0,NA,-0.090883333,0.02203283,0,0,0.118922842,0,NA,NA,0,0,-0.05705972,NA,NA,0,NA,0,0.019678629,0,0,NA,-0.000281388,0.004010711,0,NA,0.004999918,NA,-0.064592224,0.016467877,NA,0.04570936,0,0,NA,-0.067720424,-0.006955975,NA,0.00044007,0,0,NA,0,0.252857102,NA,-0.003202021,0,0,0,0,0,0.015304391,0,NA,0.038581857,0,0,0,0,NA,NA,0,-0.014927723,NA,-0.039186211,NA,NA,NA,NA,NA,0,0,NA,-0.009533561,NA,NA,0,-0.103006621,NA,0,0.002544613,NA,NA,NA,NA,0,0,NA,-0.014083563,NA,0.027720075,0,NA,NA,NA,0,0,0,0.118125495,0,0,NA,0,NA,NA,0.007640858,0,0,-0.041970375,NA,-0.002942004,0,NA,NA,0,0.040915143,0,NA,0,NA,0.002791288,0.080133464,NA,NA,0,NA,0,NA,NA,NA,NA,NA,NA,NA,NA,0,NA,0,0,0,-0.095324763,0.088087874,NA,0.067136613,-0.014129949,0,NA,0,NA,-0.008634401,0,-0.036388401,NA,-0.00394898,NA,NA,0.020447768,NA,0,-0.01324684,0,NA,-0.021217874,NA,0.005777032,0,0,0,NA,0,0,0.000105983,0,0.042088232,0,0,0.000657375,0.002537127,0.123384495,-0.024352222,NA,0,0,0.095094766,0.017960619,-0.018670554,NA,0,-0.023567936,0.012399906,0,NA,0,0,0,NA,NA,0.006563345,-0.015699646,NA,0,0,-0.025084126,0.031810048,0,NA,0,-0.025585848,0.00030261,NA,0,0,0.001294264,-4.09E-06,0,NA,0,0,0,0.049004302,NA,0,0,NA,NA,0,NA,0,-0.061655149,0,NA,NA,0.057653192,NA,NA,NA,-0.071482634,-0.006202245,0,-0.003704392,NA,0,0,-0.004516,NA,-0.004439242,NA,0.045754181,0,0,NA,NA,0.168743557,NA,NA,0.008944985,NA,NA,NA,NA,0,0,-0.00039912,-0.01097176,0.011694368,NA,NA,0,NA,0.024885579,NA,NA,0,NA,-0.028533897,NA,0,0.012282016,0,0,-0.017806741,0.009585715,-0.071320236,-0.006567684,NA,-0.028291573,NA,NA,NA,0,0,0,NA,0,0,NA,-0.014906643,NA,NA,NA,NA,0,0,0,0,NA,NA,0,0,0,NA,NA,NA,0,-0.025262327,0,NA,NA,0,-0.017335913,-0.001388005,0.049882009,0,0.12199142,0,-0.002269492,0,0,0.011610552,NA,0,0,0,-0.011184973,-0.037929839,0.145592149,-0.014449759,0,-0.112038198,-0.030833879,-0.016111184,-0.002978213
PHC  0.048,NA,NA,NA,-0.021572338,NA,NA,0,NA,0,NA,NA,0.953561971,NA,0,NA,NA,NA,NA,NA,0.04505227,NA,NA,NA,NA,NA,NA,NA,NA,NA,NA,NA,NA,NA,NA,NA,NA,NA,NA,NA,NA,0,NA,NA,NA,NA,NA,NA,NA,NA,NA,NA,NA,NA,-0.018420354,NA,NA,NA,NA,NA,NA,NA,NA,NA,NA,-0.037185706,NA,NA,0,NA,NA,NA,0.022581404,NA,NA,NA,NA,0,0,NA,NA,NA,NA,NA,NA,NA,NA,NA,NA,NA,NA,NA,NA,NA,NA,NA,NA,NA,NA,NA,0,0.011964847,NA,NA,NA,NA,0,NA,NA,NA,NA,0,0.098911047,NA,NA,NA,NA,0,NA,NA,NA,0,NA,-0.018365903,NA,NA,NA,NA,-0.008328174,0,NA,NA,NA,NA,NA,NA,NA,0.054787553,NA,NA,NA,NA,NA,0,NA,NA,NA,NA,NA,NA,NA,NA,NA,NA,NA,NA,NA,NA,NA,0,NA,-0.110967529,0,NA,NA,NA,NA,NA,NA,NA,NA,NA,NA,NA,NA,NA,NA,NA,NA,0.082055101,-0.025632987,0.039771601,NA,NA,NA,NA,NA,NA,NA,NA,0.089774481,NA,0,NA,0.060372165,NA,NA,0.024372241,NA,NA,NA,NA,NA,NA,0.080925308,NA,NA,NA,0,-0.093208133,NA,NA,NA,NA,NA,NA,NA,NA,NA,NA,0,0,0,0,0.058033986,NA,NA,NA,NA,NA,NA,0,NA,NA,0,NA,NA,NA,NA,NA,0.050978034,NA,NA,NA,NA,NA,0,NA,-0.02730256,NA,NA,NA,NA,NA,NA,NA,NA,NA,NA,0.013549814,NA,NA,NA,NA,NA,NA,NA,NA,NA,NA,NA,NA,NA,NA,NA,NA,0.064366512,NA,NA,NA,NA,-0.004679232,NA,NA,0.168786115,0.025166589,NA,NA,NA,NA,0.065119417,NA,NA,NA,NA,NA,NA,NA,NA,NA,NA,-0.01515667,NA,0,NA,NA,NA,NA,NA,NA,NA,NA,0.066326439,NA,0,-0.009678583,NA,0,NA,NA,NA,NA,NA,NA,NA,NA,NA,NA,NA,0.006398978,NA,NA,NA,NA,NA,NA,0.015509149,NA,-0.006544091,0,-0.01512402,NA,NA,0,NA,NA,-0.033235778,NA,NA,0.105697015,0,NA,0,NA,NA,NA,NA,NA,NA,NA,NA,NA,0
PLM_ALM  0.037,0,-0.042362896,NA,-0.018419109,NA,0,0,0,0,0,0.025234182,0,NA,0,0,NA,NA,-0.008817299,0,0,0,NA,-0.047894061,0,0,0,0.101642407,0.026451776,NA,-0.0062882,0,0,0,NA,NA,0,NA,0,0,-0.005373397,0,NA,0,0,-0.023561502,NA,0,0,-0.026188809,0.028018901,0,0.012408468,0,0,NA,-0.07398363,0,NA,0,0.054883296,0.158739854,0,0,0.140159436,-0.010515313,-0.000494401,0,0,0,-0.012682923,0,0,0,0,0,0.008005119,0,0,NA,NA,NA,0,0.215302261,-0.016807129,0,0,0,0,0,0,0,0.020855895,NA,-0.004549062,-0.004633047,NA,0,-0.066859931,NA,0,0,NA,NA,NA,NA,0,0.039312447,NA,-0.00982975,NA,0,0,NA,NA,NA,0.077521354,0,0,0.057188702,0,0,0,0,NA,0,0,0,-0.008186679,0,NA,-0.027036493,0,0,NA,0,0.000860525,0,NA,0,0,0,0.030435848,0,-0.001711114,0,NA,0,0,0,NA,0,NA,NA,-0.00524256,NA,NA,NA,0,0,0,0,0,NA,NA,-0.000725279,0.000482732,NA,0,NA,0,NA,NA,NA,0,NA,NA,0.040532472,0,0,-0.017431497,0,-0.025196615,-0.025073946,NA,0.012442128,-0.030346118,0,0,NA,0.042356744,0,0,0,0.030994709,NA,0.066387231,0,0.024880484,0.043836206,-0.008517659,NA,NA,0.002429269,0.034906136,0,0,0,0,-0.01139884,0.006334473,0,NA,-0.003974995,0,0,0.043020009,0.030461321,0,0,0,0,-0.001732545,0,0.008593874,0,NA,0,0,0,-0.064885135,0,0,0,0,0,0.025995414,0,0,0,NA,NA,0,0,NA,NA,0,NA,-0.013451938,0,NA,NA,0,NA,NA,-0.006830324,0,-0.022952237,-0.018146379,0,0.004339214,0,0,0,0,NA,-0.005553962,0,NA,-0.014938924,0,0,0.049626439,NA,NA,NA,0,0,NA,NA,-0.006737889,NA,NA,0,-0.054748888,0,NA,NA,0,NA,0,NA,NA,NA,NA,0,NA,0.032489844,-0.00448009,NA,0,-0.00326484,0,0,-0.008328112,0,0,0,0,0.247110035,0,-0.0149954,0,NA,0,0,NA,NA,NA,NA,NA,NA,0,0,0,0,NA,0,NA,0,0,NA,0.00160941,0.039465869,0,0.215370434,0,NA,NA,0,-0.001023141,0.085010717,0.03037026,0,0,0,-0.006197942,0,NA,0,NA,0,0,0,-0.015845139,NA,0.018813407,-0.002486386,NA,-0.034281701,0,-0.034367392,0
PLN  0.030,0,-0.083000458,NA,-0.008255793,NA,0,NA,0,0,0,0.025184199,0,NA,0,0,NA,NA,0,0,0,0,NA,-0.040474299,0,NA,0,0.077029705,0,NA,0,0,0.014671506,0,NA,0,NA,NA,NA,0,NA,0,NA,NA,0,-0.017817734,NA,0,NA,-0.017329886,0.024675856,0,0.003495483,NA,0,NA,-0.069832508,0,NA,0,0.11969661,0.116844469,0,0,NA,NA,0,NA,0.024298326,0,-0.012519298,0,0.008445658,0,NA,0,0.010035194,-0.001034092,0,NA,NA,NA,0,NA,NA,0.002200101,NA,NA,0,NA,NA,0,0,NA,0,0,NA,NA,-0.077536081,NA,0,0,NA,NA,NA,NA,0,0.181896938,NA,-0.003709947,NA,0,0,NA,NA,-0.016055543,0.141874579,0,0,0.089023163,0,NA,NA,0,NA,NA,0,0,0,0,NA,NA,0,0,NA,0.038601336,NA,0,NA,0,0,NA,0.050738151,0,NA,NA,NA,0,NA,NA,NA,NA,NA,NA,NA,NA,NA,NA,0,0,-0.009573801,-0.00345073,0,0,NA,NA,0.000931744,NA,0,NA,NA,NA,NA,NA,0,NA,NA,NA,NA,0,-0.005749007,0,NA,-0.007707361,NA,0.0181379,-0.043925072,0.046937143,0,NA,0.042421081,-0.005542722,0,NA,0.007366405,NA,NA,0,0.053389669,0.073033159,NA,NA,NA,NA,0.046427126,0,0,0,0,-0.01036153,0.028184318,NA,NA,NA,-0.024626642,0,NA,0.055887535,0,0,0,0,-0.00836334,-0.000420099,0,NA,NA,0,0,0,NA,0,0,0,0,0.007155771,NA,0.003071035,0,NA,NA,NA,NA,-0.003558466,NA,NA,0,NA,-0.033635784,-0.017419082,-0.040349893,0.16980442,NA,NA,NA,NA,NA,-0.026544106,NA,0,0,0,NA,0,0,NA,-0.011576562,0,NA,NA,NA,NA,NA,NA,NA,NA,0,NA,NA,NA,NA,0,NA,NA,0,0,NA,NA,0,NA,0,NA,NA,0,NA,0,NA,0.039032828,0,NA,0,-0.000934966,0,0.033593759,NA,NA,0,NA,NA,0.297275373,0,0,0.030250182,0,0,0,NA,0,NA,NA,NA,NA,0,NA,0,NA,NA,0,NA,NA,NA,NA,NA,NA,NA,0.059235083,0,NA,0,0,-0.010656532,0.160528805,0.033929535,0,0,0,-0.001849452,0,NA,NA,0,NA,0,NA,-0.028140761,NA,NA,NA,NA,-0.032678527,0,-0.073786624,0
pm1_pm2 (pharyngeal muscle)  0.039,0,-0.063316837,NA,-0.024710412,0,0,0,0,-0.05445918,-0.00787794,0,0.131162216,NA,0.024316579,0,NA,NA,0,0.070895328,0,0,NA,-0.0588331,0,0,0,0.060289473,0,NA,-0.025670101,0,0,0,NA,-0.043684102,0,0,0,0,0,0,NA,-0.052580296,0.048793038,-0.021049436,0,0,0.051544004,0,0.013665112,NA,0.005181156,0,0,0,-0.060757401,0,NA,0,0,0.080766638,0,0,0.045090697,NA,0,0,0,0,-0.009450609,-0.010061615,0,0,NA,NA,0.006113402,0,-0.002388694,NA,NA,NA,0.046102373,0,-0.079274189,-0.001086164,0.439476024,NA,NA,NA,0,0,0.09647604,NA,0,-0.016214856,NA,0,-0.027121174,0,0,-0.010859253,NA,NA,-0.028815785,NA,0,0,NA,-0.002950997,NA,0,0,NA,NA,NA,0,0,-0.011741,0,NA,0,NA,0,-0.004019356,NA,0,0,-0.007192305,-0.035202514,NA,0,NA,-0.001583655,NA,0,0,0,NA,-0.009032117,NA,-0.012950609,0.008448684,NA,-0.005544791,0,NA,-0.003365578,0,NA,NA,NA,NA,NA,NA,0,NA,NA,0,0,-0.006011554,-0.017894345,0.051622764,0,0,NA,0.001256758,NA,0,0,NA,NA,0,NA,0,NA,NA,0.056620623,0,0,-0.016030452,0,-0.035359112,-0.006573595,NA,0.002172244,NA,0,-0.030993443,NA,0,-0.027323101,0,0,0.0508197,-0.010997122,0,0,0.019738122,0.014875916,0,NA,-0.020398421,-0.010753036,0.031775049,0,0,-0.008482136,0,-0.012044695,0,0,0,0,-0.027439396,0,0.053351035,0.051138683,0,-0.003730565,0,0,0,-0.025809386,0.043524251,0,NA,-0.021699772,0,0,NA,0.007384902,0,0,0,-0.016071643,NA,0.00981638,0,0,0.030187153,NA,0,0,0.047498577,0,0,NA,0,0,-0.013960387,-0.029943062,0.223025758,NA,NA,0,NA,-0.031461894,0,0,0,0,NA,0,0,NA,-0.001913561,0,NA,NA,-0.242794864,NA,0.07110804,0.292974537,NA,NA,0,NA,NA,NA,0.130956642,NA,NA,-0.020084958,-0.043576821,0,-0.03483031,NA,0,NA,0,NA,NA,NA,NA,-0.0031499,NA,0,0,0,0,-0.010084023,0,0,-0.037361663,0,-0.019112343,0,0,NA,0.262994138,0,0.012455045,-0.010776154,0,0,NA,0.010753235,NA,NA,NA,NA,0,NA,0,0,NA,0,NA,NA,0,NA,NA,NA,0,0,0,NA,-0.01200773,0,0,-0.019638069,0.031146657,0,0.016410442,0,-0.027235465,0,0,0,0,NA,0,0,-0.003430983,NA,NA,0,NA,-0.04600833,0,0,-0.018671911
pm3_pm4_pm5 (pharyngeal muscle)  0.047,0,-0.074135487,NA,0,0,0,0,0,0,0,0,0,-0.118043393,0.021988747,0,NA,-0.012767527,0,0.055463249,0,0,0,-0.054431469,0,-0.011595602,0,0.085542957,0,0,-0.05973535,0,0,0,0,-0.015990835,0,0,0.008993254,0.013861936,0,0,NA,0,0.17533821,0,NA,0,0.174445072,-0.014526165,0.023949065,NA,0.015786548,0,0,0,-0.056441518,0,0,0,0,0.072733637,NA,0,0.090920842,-0.006503245,0,0,0,0,0,0,0,0,0,0,0,-0.015389577,0,NA,NA,0,0.123379031,0,-0.060345767,-0.03080843,0.676537843,0,-0.005679328,NA,0,0,0,NA,0,0,0.000119032,0,-0.058675416,0,0,0,0,0,NA,0,0,0,NA,0,NA,0,0,NA,NA,0,0,0,0,0,0,0,0,0,0,0,0,0,0,-0.027478087,NA,0,0,0,0,-0.013279385,0,0,NA,0,NA,0,0.033538613,0,0,0,0,-0.02372852,0,0,NA,0,0,-0.139246648,0,NA,0,-0.013869072,0,0,-0.011279469,-0.000181269,0.005420121,0,0,-0.001629801,0,0,0,0,-0.100658776,NA,0,NA,-0.003906895,0,NA,0.121920943,NA,0,-0.01590895,0,-0.075432868,-0.000526589,NA,0,0,0,-0.003584772,NA,0,0,0.001072051,0,0.071248137,-0.004171086,0,0,0,0.034516356,0,-0.011911681,0,-0.021077316,0.031166967,0,0,0,0,-0.033383346,0,0,0,0,0,0,0.046582915,0.105530901,0,0,0,0,0,0,0.083146753,0,NA,0,0,0,-0.04119091,0,0,0,0,-0.003570315,0,0,0,0,0.013746992,NA,0,0,0.012465555,0,0.005097167,-0.004054319,0,0,-0.017065855,0,0.028867634,-0.003446413,NA,0,-0.027802207,-0.022068297,0,0,0,0,0,0.006275236,0,NA,0,0,NA,0,-0.389453196,0,0.115497367,0.494256094,NA,NA,0,-0.058135003,NA,0,0.054082813,0,0,-0.009008429,-0.014790808,0,-0.004526199,NA,0,0.004527956,0,NA,NA,NA,0,-0.022234968,0,0,0,0,0,-0.005898036,0,0,-0.026336548,0,0,0,0,0.140805655,0.265957193,0,0,-0.034149898,0,0,NA,0,NA,NA,NA,NA,0,0.003206091,0,0,NA,0,-0.017050974,0,0,0,-0.004852678,NA,0,-0.007423073,-0.036596896,NA,-0.018113784,0,-0.004197603,0,0.055662867,0,0.055155618,0,0,0,0,0,0,0,0,0,0,-0.027100855,0.035419705,0,NA,-0.043321801,0,0,0
pm6_pm7 (pharyngeal muscle)  0.039,0,-0.080370235,NA,-0.019121064,NA,0,0,0,-0.007706831,0,0,0,NA,0,0,NA,NA,0,0.088590208,0,0,NA,-0.045058692,0,0,-0.008691979,0.069086388,0,NA,-0.033552701,0,0,-0.00292508,NA,-0.016383831,0,0,0,0.003242765,0,0,NA,NA,0.08447058,-0.012241716,NA,NA,0.115584204,-0.028051049,0.009971554,NA,0.0106802,-0.002509877,NA,0,-0.048006241,0,NA,NA,0.001730701,0.05276091,NA,0,NA,-0.013636205,0,0,0,0,NA,-0.004820873,0,0,0,0,0.001724511,-0.012878222,0,0,NA,NA,0.13795976,-0.022102749,-0.031187349,-0.010889007,0.272229087,0,0,NA,0,0,0,NA,0,0,NA,NA,-0.075690973,0,0,0,0,NA,NA,-0.003746885,0,NA,NA,-0.00838267,NA,0,0,NA,NA,-0.004303143,0,0,0,0,0,0,0,0,-0.007580869,NA,0,0,0,-0.03059457,NA,0,0,0,NA,-0.022489252,0,0,-0.009304115,-0.024041423,NA,-0.004971497,0.034942201,NA,NA,0,0,-0.02403574,NA,NA,NA,NA,NA,NA,NA,NA,NA,NA,0,0,-0.004520087,-0.021335452,0.010714866,0,NA,NA,0.001548606,NA,0,0,-0.10158361,NA,0,NA,-0.009435831,0,NA,NA,NA,0,-0.015672854,0,NA,-0.021180591,NA,0,0,0,0,NA,0,0,0,0,0.070826365,NA,0,0,0,0.019138174,-0.006832987,NA,-0.004580416,-0.021417086,0.013126715,0,0,0,0,-0.017251898,0,NA,NA,0,-0.004224259,0,0.044648482,0.094665912,0,0,0,-0.008909058,0,-0.00770203,0.07115654,NA,NA,0,0,0,NA,0,0,0,0,NA,0,0,0,0,NA,NA,0,-0.006835261,0.024590728,0,0.003461274,NA,0,0,NA,0,NA,NA,NA,-0.004036512,NA,-0.022864978,0,-0.002460603,0,NA,0,0.006710515,NA,NA,NA,0,NA,0,NA,0,NA,0.367857139,NA,NA,0.000650525,NA,NA,0,0.074856879,NA,NA,-0.017631283,-0.032601705,0,NA,NA,0,NA,0,NA,NA,NA,NA,-0.027368371,NA,0,0,0,0,-0.009551767,0,0,-0.027350369,NA,0,0,NA,0.129430868,0.16286898,0,0,NA,0,0,NA,0,NA,NA,NA,NA,0,0.006567221,0,0,NA,0,NA,NA,0,0,-0.011825215,NA,0,-0.025374992,0,NA,NA,0,NA,-0.000274463,0.047859407,0,0.031879766,0,0,0,NA,0,NA,NA,0,0,-0.008548671,NA,0.039726923,NA,NA,-0.042609605,0,0,0
PVC  0.048,0,-0.089758855,NA,-0.007993463,NA,NA,0,NA,0,0,0.037620464,NA,NA,0.00845188,0,NA,NA,0,-0.021433828,0,0,NA,-0.023069211,0,NA,0,0.129043481,0,NA,-0.025324864,NA,0,-0.000909966,NA,NA,NA,NA,NA,0.014318284,NA,0,NA,NA,0,-0.025125658,NA,0,NA,-0.018435234,0.006920335,NA,0.035112589,0,NA,NA,-0.079918949,NA,0,0,0.077558102,0.007733299,NA,0,NA,-0.031772768,0,NA,0.003131836,0,-0.01142314,0,0.014457982,0,NA,NA,0.016089957,-0.00593977,0,NA,0,NA,0,NA,NA,0,NA,NA,NA,NA,NA,NA,NA,NA,-0.00312294,NA,NA,NA,-0.080259948,NA,0.008326162,0,NA,NA,NA,NA,0,NA,NA,-0.002340691,NA,0,0,NA,NA,NA,0.207864849,0,0,0.080866822,NA,NA,NA,0,NA,NA,3.51790020637056e-05,-0.009908003,-0.004196399,0,NA,-0.021123337,NA,0,NA,NA,NA,0,NA,NA,0,NA,0.058908457,NA,-0.011297959,NA,NA,0,NA,0,NA,NA,NA,NA,NA,NA,NA,NA,NA,0,-0.000818387,-0.023277617,0,NA,NA,NA,0,NA,0,NA,NA,NA,NA,NA,0,NA,NA,NA,NA,0.005157556,-0.012232074,0.006116145,NA,0,NA,0,NA,0.021186691,NA,NA,0.103089962,NA,0,NA,NA,NA,0.167859048,0,0.073550279,0.087837525,NA,NA,NA,NA,0.054643057,0,0,NA,0,-0.021038978,0.022185781,NA,NA,-0.087701773,NA,NA,NA,NA,0,-0.009385094,NA,0.099054159,-0.002949536,0,0,NA,NA,0,0,0,NA,0,0,0,-0.010364914,NA,NA,0.000692906,NA,NA,0.019085886,NA,0,NA,0,NA,0,NA,NA,-0.041459446,NA,NA,NA,NA,NA,-0.033298199,NA,NA,NA,0,0,NA,NA,NA,NA,NA,0,NA,NA,NA,NA,NA,0.001557736,NA,NA,NA,0.003067031,NA,NA,NA,NA,NA,NA,NA,0,0,NA,NA,0,NA,0.013769239,NA,NA,NA,NA,0,NA,NA,0,NA,-0.008427719,-0.008326465,-0.035860759,NA,NA,NA,0,NA,NA,NA,0,0,0.061121637,NA,0,0,NA,NA,NA,NA,NA,NA,0,NA,0,NA,NA,NA,NA,0,NA,NA,NA,NA,NA,NA,0,NA,NA,0,NA,0.204065393,NA,0,0,0,-0.021384386,0,NA,0,NA,0,0,NA,-0.027464617,NA,NA,-0.012726154,NA,0,0,-0.098196926,-0.002220429
PVD_FLP  0.047,0,-0.073476423,NA,-0.031224965,NA,0,0,0,0,0,0.01150372,0,NA,NA,-0.005165288,NA,NA,0,0,0.025004707,0,NA,-0.033206725,0,0,0,NA,0,NA,-0.006144608,0,0,0,NA,0,0,0.015436441,NA,0,0,-0.001272448,NA,NA,0,-0.005631352,0,0,NA,-0.009816023,0,NA,0.019644679,0,0,-0.0043677,-0.065038186,0,NA,0,0.083289457,0.148545927,NA,0,NA,NA,0,0,0,0,NA,0,0,0,NA,NA,0.041049508,0,0,NA,NA,NA,0,0,-0.019829436,0,NA,NA,NA,NA,0,NA,0,NA,-0.000384737,NA,NA,NA,-0.052859028,NA,0,0,0,NA,NA,NA,0,NA,NA,NA,NA,0,0,NA,NA,NA,0.103714486,0,0,0.082069258,0,NA,NA,0,NA,NA,0,0,0,0,NA,NA,NA,0,NA,NA,0.075684861,0,0,0,0,NA,0.033281893,NA,NA,NA,0.055871789,0,0,NA,NA,NA,0,NA,NA,NA,NA,0.017261757,0,0,0,-0.039190684,0,NA,NA,NA,0,NA,0,NA,NA,NA,NA,NA,0,NA,NA,NA,0,0,-0.019837574,0,-0.030677004,-0.007406503,NA,0.001384552,-0.037434134,0.001838914,0,NA,0.056865004,0,0,0,0.000536346,0,NA,0,0.053852388,0.083474936,-0.019990328,NA,NA,0.079492984,0.072225833,0,0,0,0,-0.016463759,0.013559994,NA,NA,NA,-0.03750314,0,0.04973352,0,0,-0.003602752,0,0,-0.003390134,0,0.005716067,0,NA,-0.041320797,0,0,NA,0,0,0,0,0,NA,0.0092669,0,NA,NA,NA,0,NA,NA,NA,0,NA,-0.020588867,-0.014979345,-0.017160756,NA,NA,NA,NA,-0.018758519,NA,-0.035475193,NA,0,0,NA,NA,0,NA,NA,NA,NA,NA,NA,0,NA,NA,NA,NA,NA,0.014622926,NA,NA,NA,-0.00322759,NA,NA,NA,0,0,NA,NA,0,NA,0,NA,NA,NA,NA,0,NA,NA,0,-0.022535499,0,-0.003331119,0,0.042988887,0,NA,-0.006857394,0,NA,NA,NA,0,0.165673394,NA,0,0,NA,NA,NA,NA,NA,NA,0,0.009754497,0,NA,NA,NA,NA,NA,NA,NA,0.050150897,NA,0,0.113535102,0,NA,NA,0,0,NA,0.030445183,0,0,0,0,0,NA,0,0.013179588,NA,0,NA,NA,NA,NA,-0.025929156,NA,-0.048996972,0,-0.047994162,0
PVM  0.043,0,-0.086265892,0,-0.016843368,NA,0,0,0,0,0,0.019125263,0,NA,0,0,NA,NA,0,0,0,0,NA,-0.062376311,0,0,0,NA,0.006651595,NA,NA,NA,0,0,NA,NA,0,NA,NA,0,NA,0,NA,0,0,0,NA,0,NA,-0.008856137,NA,NA,0.028471515,0,0,NA,-0.070340274,NA,NA,0,0,0.200179154,0,0,0.122038882,-0.022324902,NA,NA,0,0,NA,0,0.004810654,0,0,NA,0.002187699,0,0,NA,NA,NA,0,0.082990644,NA,0,NA,NA,NA,NA,0,NA,0.002338119,NA,-0.004885967,0,NA,NA,-0.075770464,NA,0,0,NA,NA,NA,0,0,NA,NA,-0.022647739,NA,0,0,NA,NA,-0.025313877,0.106878829,0,0,0.100179578,NA,NA,NA,0,NA,NA,0,0,-0.00170107,0,NA,-0.033796901,0,0,NA,NA,0.057343771,0,NA,NA,0,NA,0.059916454,0,NA,NA,0.007320438,0,NA,NA,NA,NA,0,NA,NA,NA,0,NA,NA,0,0,-0.001911937,0,NA,NA,NA,0,NA,0,0,NA,NA,NA,NA,0,NA,NA,NA,NA,0,-0.00491427,0,-0.019835241,-0.042007573,NA,0.00837989,-0.028685018,0,NA,NA,0.0073377,0,0,0,0.057418317,NA,0.132341534,0,0.017818474,0.061580028,0,NA,NA,0.009285708,0.049481836,0,0,0,0,0,0.004853263,NA,0,0,NA,0,0.046420394,0.019637267,0,NA,0,0.022151198,-0.002463459,0,NA,0,NA,0,0,0,NA,0,0,0,0,0,NA,0,NA,NA,NA,NA,0,NA,NA,0,0,NA,-0.005685579,0,-0.008996621,NA,NA,NA,NA,-0.017670569,NA,-0.020130116,NA,0,NA,0,NA,0,0,NA,NA,NA,NA,-0.017257003,NA,NA,0.055425417,NA,NA,NA,0.002386144,NA,NA,NA,NA,NA,NA,NA,0,0,NA,NA,0,0,0,NA,NA,NA,NA,0,NA,0.083914084,0,NA,0,-0.004250442,0,2.71239182659122e-05,NA,NA,-0.003847273,0,NA,NA,0,0,0,-0.007529416,0,0,NA,0,NA,NA,NA,NA,0,NA,0,0,NA,0,NA,NA,NA,NA,NA,NA,0,0.143036259,0,NA,NA,0,-0.00278723,0.110442133,0.043596476,0,0,0,0,0,NA,0,NA,NA,0,0,-0.016038136,NA,NA,NA,NA,0,0,-0.072643724,0
PVN  0.050,NA,NA,NA,NA,NA,-0.030153052,NA,0,NA,-0.000158751,0.033638989,NA,NA,NA,NA,NA,NA,-0.04251071,NA,0.052874702,-0.013442464,NA,NA,0.016332295,NA,0.055086663,NA,0,NA,NA,NA,0,-0.041650265,NA,NA,NA,NA,NA,NA,NA,NA,NA,NA,NA,-0.023931851,NA,NA,NA,-0.092945876,0.04594312,NA,0.10903819,NA,NA,NA,NA,NA,NA,NA,0.103381591,0.221889819,NA,0,NA,NA,NA,NA,0,NA,NA,NA,0.038506514,0,NA,NA,0.011683239,-0.020740943,NA,NA,0.004978455,NA,NA,NA,NA,NA,NA,NA,NA,NA,NA,NA,NA,NA,-0.029808303,NA,NA,NA,-0.173426491,NA,0.015667439,NA,NA,NA,NA,NA,0,0,NA,NA,NA,0,0.000964399,NA,NA,NA,NA,0,0,0.142686146,NA,NA,NA,NA,NA,NA,0.002693473,-0.013277021,NA,0,NA,NA,NA,-0.020391657,NA,NA,NA,0,NA,NA,NA,NA,NA,NA,NA,0,NA,NA,0,NA,NA,NA,NA,NA,NA,NA,NA,NA,NA,-0.007354835,-0.037377722,-0.106164037,0,NA,NA,NA,0.012205506,NA,0,-0.113876215,NA,NA,NA,NA,0,NA,NA,NA,NA,0.040545215,-0.021693749,0.016541829,NA,NA,NA,0.036520895,NA,0.089463813,NA,NA,NA,0,0,NA,0.11087114,NA,NA,0,NA,NA,NA,NA,NA,NA,0.046428714,NA,NA,NA,NA,-0.078190349,0.04016184,NA,NA,-0.076074103,NA,NA,NA,NA,NA,-0.013998769,NA,0.045012191,NA,0,0.053937389,NA,NA,NA,0,0,NA,0.018222658,NA,NA,NA,NA,NA,NA,NA,NA,NA,NA,NA,NA,NA,NA,0,NA,-0.048752735,-0.061693962,NA,NA,NA,NA,NA,NA,NA,-0.028520834,NA,0,0,NA,NA,0.055721208,NA,NA,NA,NA,NA,NA,NA,NA,NA,0.171408704,NA,NA,0.054123081,NA,NA,NA,NA,-0.006526752,NA,NA,0.006031711,0.038367719,NA,NA,-0.02070466,NA,0.019456633,NA,NA,NA,NA,NA,0,0.145866848,-0.011928597,NA,0,-0.021762958,-0.018738671,0.05058796,NA,NA,NA,NA,NA,NA,0,0,0.101143635,NA,NA,-0.061879632,NA,NA,NA,NA,NA,NA,NA,NA,0,-0.021682264,NA,NA,NA,0,0,NA,NA,NA,0.013288152,NA,0,NA,NA,-0.015680422,-0.037096633,0.237642664,0.040041169,NA,NA,NA,-0.015481701,-0.027198978,NA,0,NA,NA,0,NA,NA,NA,NA,NA,NA,NA,0,-0.153442142,-0.010451807
PVP  0.042,0,-0.116290585,NA,-0.03638898,NA,-0.008697327,NA,NA,-0.001015391,-0.00647846,0.060170435,0,NA,0,0,NA,NA,NA,NA,0,0,NA,NA,0,NA,0.071246315,NA,0,NA,NA,NA,0,-0.006430196,NA,0,0,0.145637834,NA,0,NA,NA,NA,NA,0.043453833,-0.006907616,0,0,NA,-0.027243232,0.001759444,NA,0.062142513,0,NA,NA,-0.07475316,0,NA,0,0.064213738,0.084334578,NA,0,NA,NA,NA,NA,0,0,-0.024551772,0,0.014172834,0,NA,NA,0.014460775,-0.010054468,0,NA,NA,NA,0.004543315,NA,NA,0,NA,NA,NA,NA,NA,NA,0.000546107,NA,-0.006765111,NA,NA,NA,-0.08301904,NA,0.007988574,0,NA,NA,NA,NA,0,NA,NA,-0.008673928,NA,0,0,NA,NA,NA,NA,NA,0,NA,NA,NA,NA,0,NA,NA,0,0,-0.010160389,0,NA,-0.042149724,-0.01525918,0,NA,0.077782926,NA,0.014492315,NA,NA,NA,NA,0.089416943,-0.00474367,NA,NA,NA,0,0,NA,NA,NA,NA,NA,NA,NA,NA,NA,NA,0,-0.019190937,-0.06323665,0,NA,NA,NA,0,NA,0,NA,NA,NA,NA,NA,0,NA,NA,NA,NA,0.037293838,-0.009381826,0,-0.053423282,-0.006564786,NA,0.031406709,NA,0.032321087,-0.021122382,NA,0.078409366,0,0,0,0.083413564,NA,0.20673365,0,NA,NA,NA,NA,-0.016059042,NA,0.044395726,NA,NA,NA,0,-0.036692568,0.042809244,NA,NA,NA,NA,0,0.050878191,0.077379054,0,0,NA,0.046428157,0,0,0.026214197,NA,NA,0,0,0,NA,0.055253564,NA,NA,-0.000210111,NA,0.035203503,0.011852891,NA,NA,NA,NA,NA,NA,NA,NA,0,NA,-0.049333679,NA,NA,NA,NA,NA,NA,NA,-0.016662309,NA,-0.0279271,0,0,NA,NA,0.022886125,NA,NA,NA,0,NA,NA,NA,0,NA,NA,NA,NA,0.011957689,NA,NA,NA,NA,NA,NA,NA,0.001985586,0,NA,NA,-0.002356532,NA,0,NA,NA,NA,NA,0,NA,0.049884655,0,NA,0,0,0,0,NA,NA,-0.008229737,NA,0,0.428504408,NA,0,0.080973505,NA,NA,0,NA,NA,NA,NA,NA,NA,0,NA,0,0,NA,NA,NA,0,0,NA,NA,NA,0,NA,0,NA,NA,0,-0.024535118,NA,NA,0,0,0,-0.023617824,0,NA,NA,0,0,0,NA,-0.026962562,NA,NA,-0.033963849,NA,-0.011223496,0,-0.080616508,0
PVQ  0.034,0,-0.108059638,NA,-0.012481568,0.086069759,0,0,0,0,0,0.037546385,NA,NA,NA,0,NA,NA,NA,0,0,0,NA,NA,0,NA,0,0.109445608,NA,NA,NA,0,0,0,NA,NA,NA,NA,NA,NA,NA,0,NA,NA,0,NA,NA,NA,NA,NA,0.00482797,0,0.042767832,NA,NA,NA,-0.083747332,0,NA,0,0.00756473,NA,0,0,NA,NA,NA,0,0,0,NA,0,0.0173237,0,NA,NA,0.004867238,-0.007316572,0,NA,0,NA,0,NA,NA,0,NA,NA,NA,NA,NA,NA,0,NA,0,NA,NA,0,-0.098239967,NA,0,0,NA,NA,NA,NA,0,NA,NA,-0.015660291,NA,0,0,NA,0,NA,0.116236908,0,0,0.092726844,0,0,NA,0,NA,NA,NA,0,0,0,NA,-0.022669597,-0.000887015,0,NA,NA,0.119154329,0,NA,NA,NA,0,NA,NA,NA,NA,NA,0,NA,0,NA,NA,NA,NA,NA,NA,0,NA,0,0,0,0,0,NA,NA,NA,0.017906038,NA,0,NA,0,NA,NA,NA,0,NA,NA,NA,NA,0,-0.005494099,0,-0.075059784,-0.008233198,NA,0.024991345,-0.045985991,0.028404518,0,NA,NA,0,0,NA,0.040754648,NA,0.173818125,0.00790914,0.01258442,0.079379384,NA,NA,0,NA,0.06618266,0,0,0,0,0,NA,NA,NA,NA,-0.032972068,0,0.047676608,NA,0,-0.009170156,NA,0.00340338,0,0,0,NA,NA,0,0,0,NA,0,0,0,0,NA,NA,0,NA,NA,NA,NA,NA,NA,NA,NA,0,NA,-0.008059507,-0.025587752,NA,NA,NA,NA,NA,-0.022333497,NA,NA,0,0,0,0,NA,0,0,NA,-0.009802136,0,NA,-0.004320751,NA,NA,0.017533478,0.144101168,NA,NA,0,NA,NA,NA,NA,0,NA,NA,0,NA,NA,NA,0,NA,NA,NA,NA,NA,NA,0.021094863,NA,0.051724656,0,NA,-0.001632844,0,0,0,NA,NA,NA,NA,NA,NA,NA,0,0,0,0,0,NA,NA,NA,NA,NA,NA,0,NA,0,0,0,NA,NA,0,NA,NA,0.000398166,NA,NA,0.062858997,NA,0,NA,0,NA,0.095461857,NA,0,0,0,0,0,0,0,NA,NA,NA,NA,-0.029580155,NA,NA,NA,NA,0,0,NA,0
PVR  0.042,0,-0.079701502,NA,-0.007717733,NA,0,NA,NA,0,0,0.023709625,0,0,0,-0.006525321,NA,0,0,0,0,0,NA,NA,0,NA,0,0.098224203,0,0.021056511,0,0,0,0,NA,NA,0,NA,NA,0,0,0,NA,NA,NA,0,NA,0,NA,0,0.026634063,0,NA,0,0,NA,-0.090925064,NA,NA,NA,NA,0.063229897,0,0,NA,-0.018887006,0,0,0,0,NA,0,NA,0.003619373,NA,NA,0,0,0,NA,NA,NA,0,NA,NA,0,NA,NA,NA,0,0,NA,NA,NA,0,NA,NA,0,-0.067138194,NA,0,0,NA,NA,NA,0,0,NA,NA,-0.012634041,NA,0,0,NA,NA,NA,0.145770316,0,0,NA,0,NA,NA,-0.000342245,NA,NA,0,0,0,0,NA,NA,0,0,NA,NA,0.066941516,0,NA,0,NA,0,0.068348458,NA,NA,NA,NA,0,0,NA,NA,NA,NA,NA,NA,NA,NA,NA,0,0,-0.014937697,0,0,0,NA,NA,0,NA,0,NA,NA,NA,0,NA,0,NA,NA,NA,NA,0,0,0,NA,-0.002534671,NA,0.010824789,NA,0.014484299,0,NA,0.03021212,0,0,0,0.015673851,NA,0.164213144,0,0.036803363,0.097935652,NA,NA,0,0.018274566,0.011790486,0,0,0,0,0,0.010395638,0,0,NA,NA,NA,0.032562643,NA,0,0,NA,0,0,0,0.00657934,NA,NA,0,0,0,NA,0,NA,0,-0.002795614,NA,NA,0.011296269,NA,NA,NA,NA,NA,NA,NA,NA,0,NA,-0.017373907,-0.007359458,-0.036393967,0.174909676,NA,NA,NA,NA,NA,-0.003404891,0,0,NA,NA,NA,0,0,NA,NA,NA,NA,NA,NA,NA,NA,NA,NA,NA,0,NA,NA,NA,-0.000415397,NA,0,NA,0,0,NA,NA,0,NA,NA,NA,NA,NA,NA,0,NA,0.060123318,0,NA,0,0,0,0.023607023,NA,0,0,NA,0,NA,0,0,0,NA,0,NA,NA,NA,NA,NA,NA,NA,0,NA,0,0,NA,NA,NA,NA,0,NA,NA,NA,0,NA,0,NA,0,0,-0.006162051,0.137459785,NA,0,0,NA,0,0,0,0,NA,0,0,NA,-0.034318219,NA,NA,-0.015614623,NA,0,0,-0.071735994,0
PVT  0.045,0,-0.099256686,NA,-0.002617881,NA,0,0,NA,0,0,0.039781432,0,NA,0.014827367,0,NA,NA,NA,NA,0,0,NA,NA,NA,NA,0.058202776,0.09895898,0,NA,-0.006992792,NA,0.250555392,0,NA,NA,NA,NA,NA,0.006867931,0,0,NA,NA,NA,-0.00796712,NA,NA,NA,-0.001666405,NA,NA,0.04652388,0,0,NA,-0.080718214,NA,NA,NA,0.095288975,NA,NA,0,NA,NA,NA,0,0.05546451,0,NA,NA,0.002500418,NA,NA,NA,0,-0.004177295,0,NA,NA,NA,NA,NA,NA,0,NA,NA,NA,NA,NA,NA,NA,NA,0,NA,NA,NA,-0.116867783,NA,0,NA,NA,NA,NA,NA,0,NA,NA,-0.022309212,NA,0,0,NA,NA,NA,0.155378989,0,0,NA,NA,NA,NA,-0.008215767,NA,NA,0,0,0,0,NA,NA,NA,0,NA,NA,NA,0.000832688,NA,NA,0,NA,0.044384886,NA,NA,NA,NA,0,0,NA,NA,NA,NA,NA,NA,NA,NA,NA,NA,0,NA,-0.022650912,0,NA,NA,NA,0.030171172,NA,0,NA,NA,NA,NA,NA,0,NA,NA,NA,NA,0,-0.009876456,0,-0.063024827,-0.005049473,NA,0.038678155,-0.049946051,0.061597886,NA,NA,NA,0,0,0.04400302,NA,-0.048117769,NA,0,0.047411388,0.09697385,NA,NA,NA,NA,0.022273361,0,NA,NA,0,-0.045986657,NA,NA,NA,NA,NA,0,NA,NA,0,-0.00426592,0,0,0,0,0.075258354,NA,NA,0,0,0,NA,0,NA,0,0,NA,NA,NA,NA,NA,0.042597325,NA,NA,NA,NA,NA,-0.005276309,0,-0.031596489,NA,-0.029397714,NA,NA,NA,NA,NA,NA,NA,-0.01246634,0.029884024,0,NA,NA,NA,NA,NA,NA,NA,NA,NA,NA,NA,NA,0.127545074,NA,NA,0,NA,NA,NA,-0.011084923,NA,0,NA,0.010916952,NA,NA,NA,0,NA,0,NA,NA,NA,NA,0,0,0.027511889,NA,NA,-0.005860503,0,0,NA,NA,NA,0,0,NA,NA,NA,0,0,NA,NA,-0.001495452,NA,NA,NA,NA,NA,NA,0,NA,0,NA,NA,NA,NA,NA,NA,NA,NA,NA,NA,NA,NA,0,NA,0,0,0.128214402,NA,NA,0.007735927,0,-0.003165464,0,NA,0,NA,NA,0,NA,-0.043139224,NA,NA,NA,NA,NA,0,NA,0
PVW  0.042,0,-0.031740559,NA,-0.031091315,0.329934767,NA,0,NA,0,0,0.039870349,0,NA,NA,0,0,NA,0,0,0,0,NA,-0.013324008,0,NA,0,0.135527377,0,NA,0,0,0,0,NA,0,0,NA,NA,NA,0,0,NA,NA,0,0,NA,0,NA,-0.013445904,0.034425476,NA,0.051772037,0,0,0,-0.052684216,NA,NA,0,0.126109723,0.102055088,0,0,NA,NA,0,0,0.005319687,0,NA,NA,0.015651285,0,0,NA,0.015487555,-0.011167521,0,0,0,NA,0,NA,NA,0,NA,NA,NA,0,0,NA,NA,NA,-0.001186844,NA,NA,NA,-0.061138416,NA,0,0,NA,NA,NA,NA,0,NA,NA,NA,NA,0,0.002966368,NA,NA,0,NA,0,0,0.142963035,0,0,NA,0,NA,NA,0.001120801,0,-0.013841304,0,NA,-0.023452097,0,0,NA,0.013108333,0.084608988,0,NA,NA,0.001487402,0,NA,0,NA,NA,0.04062876,0,NA,NA,NA,NA,NA,NA,NA,NA,NA,NA,NA,0,-0.01668369,0,0,NA,NA,NA,0.011929365,NA,0,NA,NA,NA,NA,NA,0,NA,NA,NA,NA,0.014630287,-0.00321508,0,NA,-0.018987735,NA,0.027134231,NA,0,0,NA,0.045381379,0,0,0,NA,0,NA,0,NA,NA,NA,0,NA,NA,0.0704792,0,0,NA,0,-0.040006121,0.038444261,NA,NA,NA,NA,0,NA,NA,0,NA,NA,0,-0.000843717,0,0.011494402,NA,NA,0,0,0,NA,0,0,0,0,NA,NA,NA,NA,NA,NA,NA,NA,NA,0,NA,0,NA,-0.030148681,-0.015567563,NA,0.162272549,NA,NA,NA,NA,0,-0.00499574,-6.98E-05,0,0,0,NA,0.007725022,0,NA,-0.008262338,NA,NA,NA,NA,0,0.030383303,0.079742774,NA,NA,0.013099875,NA,NA,NA,NA,0,NA,-0.000537343,0,0,NA,NA,0,NA,0.003803064,NA,NA,NA,NA,0,NA,0.07365311,0,NA,0,0,0,0.006721903,NA,NA,NA,NA,NA,NA,0,0,0,NA,0,0,NA,0,NA,NA,NA,NA,0,NA,0,NA,NA,0,NA,NA,NA,NA,NA,NA,0,0.10835566,0,0,0,0,-0.01462607,0.263479324,0.048264304,0,NA,0,-0.008965971,0,0,0,NA,NA,0,0,-0.014961242,NA,NA,NA,NA,NA,0,-0.069587235,0
Rectal gland  0.042,0,-0.143011173,0,0,NA,0,0,0,0,0,0.011809326,0,NA,NA,0,NA,NA,0,0.024070215,0,0.026978938,NA,NA,0.021804646,-0.019504709,-0.04061589,0.1327727,0.00973166,NA,0,NA,0,-0.059184135,NA,NA,-0.015349003,0,0,0.001981082,0,0,NA,NA,0.027521179,NA,NA,NA,NA,-0.044556643,0.022737751,0,0.048829442,NA,0,NA,-0.069204196,NA,0.043845659,NA,0,0,NA,0.005538899,0.246872016,NA,0,0,0,0,NA,0,0.004985926,0,NA,NA,0.000997079,0,0,NA,NA,NA,0,0,0,NA,0,NA,0,NA,NA,NA,0,NA,0,NA,NA,NA,-0.137359264,NA,NA,0,NA,0,NA,0,0,NA,NA,-0.013355902,NA,0,0,NA,NA,NA,NA,0,0,0.093537316,NA,NA,0,0,NA,NA,0.010344392,0,0,0,NA,-0.01569399,0,0,NA,-0.009689104,0,-0.021094583,NA,0,NA,NA,0.111970219,NA,NA,-0.002180509,NA,0,0,NA,NA,NA,NA,0,NA,NA,NA,-0.0174026,0,NA,0.00382895,-0.002160568,0,0,-0.003936499,NA,0,NA,0,0,NA,NA,NA,NA,0,NA,NA,NA,NA,0,-0.01850604,0,-0.119905066,-0.009679725,NA,0.025465831,0,0,0.002317789,0,0.008858588,0,0.03709118,NA,0.038844195,NA,NA,0,-0.006450704,0.073339401,-0.003427436,NA,NA,-0.004750013,0,NA,-0.024892737,NA,0,0,0.006030087,0,NA,NA,-0.04610536,0,NA,0.100092065,0.017037607,-0.016098849,0,0,-0.002611824,0,0.023495674,NA,NA,0,0,0,NA,0,0,0,0,NA,0,0,0,NA,0.01501683,NA,0,0,0.00566702,0,0,NA,0,NA,-0.016944121,0.00780917,0,NA,NA,NA,NA,-0.034516248,NA,-0.003548939,NA,NA,NA,0,NA,NA,NA,0,-0.00170037,0,NA,0,NA,NA,NA,NA,0,0,NA,NA,0.051280684,NA,NA,0,0,0,NA,NA,-0.000408876,NA,0,NA,NA,NA,NA,-0.015596604,NA,NA,0.026540756,0,0,-0.014916518,0,0,NA,NA,0,NA,NA,NA,0,0,NA,NA,0,0,NA,NA,NA,NA,NA,NA,0,NA,0,0,NA,0,NA,NA,NA,NA,NA,NA,0.024522081,NA,0,NA,NA,0,-0.020490888,NA,0.038234112,0,0,0,0,0.000496049,0,0.261017037,0,NA,0,0,-0.007811358,NA,0.016610726,NA,NA,-0.104643153,-0.019371383,-0.015830661,0
RIA  0.038,0,-0.092125125,NA,-0.011799859,NA,0,0,0,0,0,0.041094966,0,NA,0,-0.003433503,NA,NA,-0.019466343,0,0,0,NA,-0.05596746,0,-0.013818672,0,0.092964436,0,NA,-0.025597795,NA,0.02753834,-0.00134435,NA,0,0,0.024873476,NA,0,0,0,0,0,0.072709637,-0.001386188,NA,NA,NA,-0.024253642,0.030806411,0.057531724,0.054699075,0,0,NA,-0.08099776,NA,0.015898287,0,0.036991215,0.32939534,NA,0,NA,-0.025585884,0,0,0,0,-0.002049903,0,0,0,NA,NA,0.00577259,-0.000307749,0,0,-0.003767782,NA,0.015027136,NA,NA,0,0,0,0,NA,0,1.336024565,0,NA,-0.000977812,NA,NA,NA,-0.090341208,NA,0,0,NA,0,0.081480554,NA,0.014974069,0,NA,NA,NA,0,0,NA,NA,0,0.188098797,0,0,0.040810392,0,0,NA,0,NA,0,0,0,0,0,NA,0,NA,0,NA,0.037847069,0.090541174,0,NA,NA,NA,0,0.031211688,0,NA,0,NA,0,NA,0.011462356,NA,0,0.036852004,NA,NA,NA,NA,0,NA,0,-0.023699359,0,0,NA,NA,NA,0.011226406,0,0,-0.007078238,NA,NA,0,NA,0,NA,NA,0.005356366,NA,0.008685798,-0.007740445,0,-0.079218167,-0.045504396,NA,0.020476865,-0.03253959,0,-0.014390373,NA,0.096635186,0,0,NA,0.036133467,NA,0.24508869,0.004864874,0.059328527,0.057483112,0,NA,NA,NA,0.015848315,0,0,-0.012107023,0,-0.036524373,0.013110273,0,NA,-0.070002801,0,0,NA,0.024774362,0,0,0.008381657,0,-0.009354807,0,0.032575032,0,NA,0,0,0,NA,0,0,0,0,NA,0.009624622,0.002339594,0,NA,0,NA,0,NA,9.59461955959131e-05,NA,0,NA,-0.024190677,-0.039454961,-0.036281931,NA,0,NA,NA,NA,NA,NA,0,0,0,NA,NA,0,0,NA,NA,0,NA,NA,NA,NA,NA,0.118609134,NA,NA,0,NA,NA,NA,-0.007157959,NA,NA,-0.003027524,0,0,NA,NA,0,NA,0,NA,NA,NA,NA,0,NA,0.031355349,0,NA,0,0,0,0,-0.007133298,0,0,0,0,NA,0,0,0,NA,0,0,NA,NA,NA,NA,NA,NA,0,NA,0,0,NA,0.004665933,NA,0.04681463,NA,NA,0.039125646,0.020805992,0,NA,0,NA,NA,0,-0.010909955,0.03542977,0.041259527,0,0,0,0,-0.014835724,NA,0,0,-0.021568268,0,0,-0.036370325,NA,0.067261453,-0.00156193,NA,0,0,-0.078950917,0
RIB  0.042,0,-0.049536498,NA,-0.012889229,NA,0,0,0,0,0,0.064338933,0,NA,0.017302795,0,NA,NA,0,-0.011878119,0.023164998,0,NA,-0.078423788,0,NA,0.190146671,0.133057044,0,NA,NA,0,0.062155652,-0.091798222,NA,NA,NA,NA,NA,0,NA,-0.003198748,NA,NA,0,-0.004471639,NA,NA,NA,-0.051419056,NA,NA,0.056712664,0,NA,NA,-0.076026666,0,0,0,0.08611444,0.366215079,NA,0,NA,NA,-0.003887864,0,0.013215958,0,NA,NA,0.02866536,NA,NA,NA,0,-0.020046696,0,NA,NA,NA,NA,NA,-0.022574211,0.000668144,NA,NA,0.052761493,NA,NA,0.451214458,NA,NA,0,NA,NA,0,-0.120460493,0,0.001899581,NA,0,NA,NA,NA,NA,NA,NA,NA,NA,0,0.0080472,NA,NA,NA,0.20659432,NA,-0.000240838,0.08291446,NA,NA,NA,0,NA,NA,0,0,-0.009143818,0,NA,NA,-0.007266514,0,NA,0.060911167,NA,0.008828051,NA,NA,NA,0,0.05848502,NA,NA,NA,0.012317766,0,0,0.090434391,NA,NA,NA,NA,NA,NA,NA,NA,0,0,-0.017396403,-0.017005556,0,NA,NA,NA,0.054990345,NA,0,NA,NA,NA,-0.020062213,NA,0,-0.015998929,NA,NA,NA,0.008664097,-0.016579735,0,-0.080834893,-0.037370055,NA,0.021893643,NA,0.014746455,NA,NA,0.098310824,0,0,0,0.051811301,NA,NA,0.01494647,0.054218847,NA,NA,NA,-0.001119469,NA,0.076151863,0,NA,NA,0,-0.075620195,0.023792077,NA,NA,NA,-0.022686943,0,NA,0.047717306,0,0,0,0,0,0,0.031834481,NA,NA,0.14852114,0,0,NA,0,NA,0,NA,NA,0.036330216,0.012368779,0,NA,0.037474282,NA,0,NA,NA,NA,0,-0.000429,-0.050191433,-0.016706145,-0.044191624,NA,NA,NA,NA,NA,-0.005635496,-0.036918635,0,0,0,NA,NA,0,NA,NA,-0.016827456,NA,NA,0,NA,NA,NA,NA,NA,NA,0.003026233,NA,NA,NA,NA,NA,0,NA,0,0,NA,NA,0,0,0,NA,NA,NA,NA,0,NA,0.038137994,0,NA,0,-0.007314972,0,0,NA,0.001134729,-0.028584327,NA,0,NA,NA,0,0.008715526,NA,-0.013664813,0,NA,-0.016557905,NA,NA,NA,NA,0,0,0,0,NA,NA,NA,NA,NA,NA,NA,NA,0,0.09682223,0,NA,NA,0,-0.018340662,NA,0.04271817,0,0.037408475,NA,0,-0.027542338,0,0.031891538,NA,NA,0,0,-0.026134566,NA,NA,-0.010503958,NA,-0.058623752,0,-0.117070268,-0.008196724
RIC  0.044,0,-0.098944672,NA,-0.011793495,NA,0,0,0,0,0,0.049799599,0,NA,0,-0.005567015,NA,NA,0,-0.017370338,0,0,NA,NA,0,NA,0,0.105339651,0,NA,0,NA,0,-0.014867123,NA,NA,0,NA,NA,0,-0.124666707,0,NA,0,0,-0.003021002,NA,0,NA,-0.032023669,0.011745299,NA,0.02756011,0,0,NA,-0.101028329,NA,0.000159098,0,0.000737506,0.208620546,NA,0,0.172567926,NA,0,0,0.005788351,0,NA,0,0.015336868,0,NA,NA,0,-0.018066599,0,NA,NA,NA,0,NA,NA,0,NA,-0.034678828,0.010828577,NA,NA,0,0,NA,-0.00453412,NA,0.14026192,NA,-0.100931052,NA,0,0,NA,NA,NA,0,0,NA,NA,0,NA,0,0,NA,NA,0,0.13415784,0,0,0.0472632,0,NA,0,0,NA,NA,0,0,-0.019409709,0,NA,-0.019321235,NA,0,NA,NA,NA,0,NA,0,NA,0,0.040484283,0,NA,NA,NA,0,0,0.043014037,NA,0,0.071017925,NA,NA,NA,0,0.017773537,0,-0.002144193,-0.004161883,-0.016881075,0,NA,NA,NA,0.014301375,NA,0,0,0,NA,-0.010468295,NA,0,NA,NA,0.023856711,NA,0,-0.00908223,0,-0.044538303,-0.037980846,NA,0.028857225,NA,0.014450936,0,NA,0.043566189,0,0,0,0.034098445,NA,0.237508636,0,0.043227845,0.068304285,NA,NA,-0.000359458,0.017692347,0.016363582,0,0,NA,0,-0.009197929,0.014366316,0,NA,NA,-0.004689981,0,NA,NA,0,0,NA,0,0,0,0.037284923,NA,NA,0.03747987,0,0,NA,0,0,0,-0.002395944,NA,0.022154066,0.001904909,0,NA,0,NA,NA,NA,NA,0.072359172,0,NA,-0.020161023,-0.015872381,-0.02649154,NA,NA,NA,NA,-0.024771811,NA,0,0,0,0,0,NA,0,0,NA,-0.010509331,0,NA,NA,NA,0,0.027348766,NA,NA,0.088474366,0,NA,NA,NA,NA,NA,0,0,-0.002963238,0,NA,NA,0,NA,0,NA,NA,NA,NA,0,NA,0.027381694,0,-0.020029882,0,0,0,0,NA,NA,-0.017784454,NA,NA,NA,0.053631762,0,0,NA,0,0,NA,-0.001537973,NA,NA,NA,NA,0,NA,0,0,NA,0,NA,NA,0,NA,NA,NA,0.001706251,NA,0,NA,NA,0,-0.008368072,0.038871681,0.033226699,0,0.005156299,0,-0.000491932,-0.012807976,NA,0,NA,NA,0,0,-0.035470466,NA,0.033649834,-0.009011292,NA,-0.065929784,0,-0.117356123,0
RID  0.040,0,-0.105145167,NA,-0.010208825,NA,0,0,NA,0,0,0.03769222,0,NA,0.017449194,-0.000229449,NA,-0.022556286,-0.011181268,-0.029439199,0,0,NA,-0.056275794,0,0,0,0.114434259,0,NA,-0.026841645,0,0,-0.025305209,NA,0,0,0.079622106,NA,0.000444187,NA,0,NA,NA,0,-0.022730992,NA,NA,NA,-0.025310217,0.014743031,NA,0.041832885,0,0,NA,-0.102424009,0,0,0,0.098478539,0.135554203,NA,0,NA,-0.031448117,0,0,0.020875716,0,NA,NA,0.018655648,0,NA,NA,0.00686595,-0.022339328,0,NA,NA,NA,0,0,-0.014010777,0,0,NA,NA,NA,0,0,0,NA,0,NA,NA,0,-0.10817255,NA,0,0,NA,0,NA,NA,0,0,NA,-0.016718267,NA,0,0,NA,NA,0,0.118753302,0,0,0.113713339,NA,NA,0,-1.52E-05,NA,NA,0,0,-0.008657863,0,NA,-0.022825171,-0.004026674,0,NA,NA,NA,0,NA,0,NA,0,0.05105562,0,NA,0,0.141873581,0,NA,NA,NA,NA,NA,NA,NA,0,0,NA,0,0,-0.011904287,-0.028934743,0.001541016,0,NA,NA,0.009255423,0,0,NA,NA,NA,NA,NA,-0.005844017,0,NA,0.012511395,NA,0,-0.004487391,0,-0.079774816,-0.035591493,NA,0.026392204,-0.025919089,0.02210932,0,NA,0.073816369,0,0,0,0.02551083,NA,0.185057597,0,0.040750869,0.082540494,-0.015902117,0,NA,0.005982373,0.070321419,0.000153616,0,NA,0,-0.018788632,0.033758464,0,NA,-0.029235383,-0.042586184,NA,0.044407459,0.04411067,0,0,0,0,-0.006656499,-0.00875111,0.039769359,NA,NA,0.02860524,0,0,NA,0,0,0,-0.007078898,NA,0.007728961,0.010739363,NA,NA,NA,NA,0,NA,NA,0,0,NA,-0.01747977,-0.015824662,-0.032427837,0.175030224,NA,NA,NA,NA,NA,-0.026005488,NA,0,0,0,0,0,0,NA,NA,0,NA,0,NA,NA,0.064415465,NA,NA,NA,0.011118454,NA,NA,NA,NA,NA,NA,-0.002447255,0,0,NA,NA,-0.001281641,NA,0.033898763,NA,NA,NA,NA,0,NA,0.045838666,0,-0.026474977,0,-0.007742393,0,0,0,NA,-0.00215534,NA,NA,NA,0,0,0.001348855,NA,0,0,NA,0,NA,NA,NA,NA,0,NA,0,0,NA,0,NA,0,NA,NA,0.023479185,NA,0,0.026562466,0,-0.033395915,NA,0,-0.014710478,0.095315161,0.044405651,0,0,0,-0.000664094,0,NA,0,0,NA,0,0,-0.04606279,NA,0.01717004,-0.023822812,NA,-0.049905815,0,-0.083564504,0
RIF  0.045,0,-0.086395861,NA,-0.031124776,NA,0,0,-0.025675164,0,0,0.049924833,0,NA,0,-0.01451562,NA,NA,-0.008561431,-0.021743676,0,0,NA,-0.046218006,0,-0.02790903,0.012138876,0.07913474,0.002070595,NA,NA,0,0.074653684,0,NA,0.18629421,0,NA,NA,0.00128554,-0.137520255,NA,NA,NA,0,-0.014657595,NA,NA,NA,-0.034309346,0.04221386,NA,0.007912776,NA,NA,NA,-0.121033588,NA,NA,0,0.058125066,0.299144725,NA,0,NA,NA,-0.013278557,0,0.050148976,0,-0.02194446,0,0.024634146,0,NA,NA,NA,-0.015767274,0,NA,NA,0,0,NA,NA,0,NA,NA,NA,NA,NA,0,NA,NA,0,NA,0.100383577,NA,-0.121299555,NA,NA,NA,NA,0,NA,NA,0,NA,NA,0,NA,0,0,NA,NA,NA,0.201587388,0,0,0.0947669,NA,NA,NA,0,NA,NA,0,0,-0.003498926,0,NA,NA,NA,0,0,NA,0.091856924,0.039369991,NA,0,NA,0,0.033149348,0,NA,-0.002232941,NA,0,0,0.055501276,NA,NA,0.079804531,NA,NA,NA,NA,NA,0,-0.001356826,-0.023781209,-0.014322832,0,NA,NA,NA,0.028302849,NA,0,NA,NA,NA,NA,NA,0,NA,NA,NA,NA,0,-0.010110922,0,-0.130392295,-0.047765907,NA,0.035079804,-0.042883015,0.078167488,-0.018351741,NA,0.05792923,-0.007855778,0,0,NA,NA,0.239802829,0,0.045444719,0.098030689,NA,NA,0,NA,0.035422814,0.013984733,0,NA,0,-0.030089091,0.021170064,NA,NA,-0.0342259,-0.052482051,0,NA,NA,0,0,NA,0,-0.009578106,-0.003574971,0.066848973,NA,NA,0.082280282,0,0,NA,0,0,NA,-0.002415365,NA,0.020093989,0,0,NA,NA,NA,0,NA,NA,NA,0,NA,NA,-0.013835091,-0.042833939,NA,NA,NA,NA,NA,NA,NA,-0.015090723,NA,0,NA,NA,NA,NA,NA,NA,NA,NA,NA,NA,0,NA,NA,NA,NA,0.012660156,NA,NA,NA,NA,NA,NA,NA,0,0,NA,NA,0,NA,0,NA,NA,NA,NA,0,NA,0.043423188,0,NA,0,-0.013544795,0,NA,NA,NA,0,NA,NA,NA,NA,0,0,NA,0,0,NA,0,NA,NA,NA,NA,0,0,0,NA,NA,0,NA,0,NA,NA,NA,NA,0,NA,0,NA,NA,0,-0.021639755,NA,0.045742156,0,0.030424295,NA,-0.007339699,-0.004631548,NA,0,0,NA,0,0,-0.046287238,NA,NA,NA,NA,NA,0,NA,0
RIG  0.046,0,-0.099453418,NA,-0.033132967,NA,NA,0,NA,0,0,0.055064668,0,NA,NA,0,0,NA,-0.017295159,-0.032748338,0.064599596,-0.001035441,NA,-0.045551775,0,NA,0.091388973,NA,0,NA,NA,NA,0.063009399,-0.067058268,NA,NA,0,NA,NA,0,-0.027521642,NA,NA,NA,NA,-0.003263803,NA,0,NA,-0.087341558,NA,NA,0.080772326,0,0,NA,NA,0,NA,0,0.107997811,0.255977713,NA,0,NA,NA,0,NA,0,0,NA,0,0.024457763,0,NA,NA,0,-0.016967018,0,0,NA,0,0,NA,NA,0,NA,0,NA,NA,NA,NA,0,NA,-0.004244649,NA,NA,NA,-0.130321198,NA,0,0.009001571,0,0,NA,NA,0,NA,NA,NA,NA,0,0,NA,NA,NA,0.174140015,0,-0.004972711,0.142454234,0,NA,NA,0,NA,0,0.007460389,-0.0128036,-0.021244718,0,NA,NA,NA,0,NA,0.13089875,0.091792451,0.040185796,NA,0.004419182,NA,NA,0.082466257,NA,NA,0,NA,0,0,0.035354558,NA,0,NA,NA,NA,NA,NA,NA,0,0,-0.028079428,-0.060539698,0,0,NA,NA,0.030109337,NA,0,NA,NA,NA,NA,NA,0,NA,NA,NA,NA,0,-0.022746942,0,NA,-0.045692517,NA,0.01609827,NA,0.039194103,0,NA,0.078824189,-0.009963169,0,0.058241279,0.07665415,NA,NA,0,0.042503927,NA,NA,NA,0,NA,0.039113975,NA,0,NA,0,-0.025021256,0.029943206,0,NA,NA,-0.023334378,NA,NA,0.034796377,NA,-0.015790356,NA,0,-0.003784641,0,NA,NA,NA,0,0,0,NA,0,0,NA,0,NA,NA,0.003343395,0,NA,0.043814392,NA,NA,NA,NA,NA,0,NA,-0.020649912,-0.042732398,NA,NA,NA,NA,NA,NA,NA,-0.029606967,-0.005890312,0,0,NA,NA,0.004103796,NA,NA,NA,NA,-0.050182328,NA,NA,NA,0.053282769,NA,NA,NA,0.01819963,NA,NA,NA,NA,NA,NA,NA,0,0.001743082,NA,NA,0,NA,NA,NA,NA,NA,NA,0.0728524,NA,0.046474378,0,NA,-0.007645662,-0.00892344,0,0,-0.009906678,0,NA,0,NA,NA,0,0,0,NA,0,0,NA,NA,NA,NA,NA,NA,0,0,0,NA,NA,NA,NA,NA,NA,NA,0.02499201,NA,0,0.071439919,0,NA,NA,0,-0.011260057,0.051486921,0.039699125,0,NA,NA,-0.010052038,-0.01671535,-0.016529492,0.005360779,NA,0,NA,0,-0.033892107,NA,NA,NA,NA,-0.098005212,0,-0.123698337,-0.005121726
RIH  0.033,0,-0.04611805,NA,-0.014203575,NA,NA,0,0,0,0,0.051465758,0,NA,0.00361885,0,NA,NA,0,0,0.043434738,0,NA,NA,0,NA,0.074677761,0.130155232,0,NA,NA,0,0.07729874,-0.05092136,NA,0.063816287,0,NA,NA,0,-0.040435997,0,NA,0,0,-0.019750769,NA,NA,NA,-0.038318539,NA,NA,0.057591608,0,0,NA,-0.089042181,0,NA,0,0.111185637,0.268519863,0,0,NA,-0.025675692,0,0.002308937,0,0,NA,NA,0.012087191,0,NA,0,NA,0,0,NA,NA,NA,0.008567761,NA,NA,0,NA,NA,0.016122417,NA,NA,0,NA,NA,-8.93E-05,NA,NA,NA,-0.091475627,NA,0,0,NA,NA,NA,NA,0,NA,NA,NA,NA,0,0.005284528,NA,NA,0,0.185511234,0,0,0.112012017,0,0,NA,0,NA,NA,0.000653922,0,0,0,NA,-0.013957103,-0.005154821,NA,NA,0.042990915,0.048138849,0.052660575,NA,NA,NA,0,0.056578469,NA,NA,0,NA,0,0,NA,NA,NA,NA,NA,NA,NA,NA,0.024456423,0,0,-0.016606869,-0.053227639,0,NA,NA,NA,0.031200139,NA,0,NA,NA,NA,NA,NA,0,NA,NA,NA,0,0,-0.009016127,0,-0.09916715,-0.056144602,NA,0,-0.032276679,0.020947362,0,NA,0.05022648,0,0,NA,NA,-0.006806709,NA,0.005579511,0.034557163,NA,-0.022434198,NA,0,NA,0.038322928,0,0,NA,0,-0.060961491,NA,NA,NA,NA,NA,NA,0.07957388,0.04899622,NA,-0.011188224,NA,0.177423631,0,0,0.039227356,0,NA,0,0,0,NA,0,0,0,0,NA,NA,NA,NA,NA,NA,NA,NA,0,0.011009482,NA,0,NA,-0.018826201,0,-0.03098594,0,NA,NA,NA,NA,NA,NA,NA,0,0,NA,NA,0.000172284,0,NA,0,NA,NA,NA,NA,NA,NA,NA,NA,NA,0.010951956,NA,NA,NA,NA,NA,0,0,0,0,NA,NA,0,NA,NA,NA,NA,0,NA,0,NA,0.007779115,0,NA,0,0,0,0,0,NA,NA,NA,NA,NA,0,0,0,NA,0,0,NA,-0.029088015,NA,NA,NA,NA,0,NA,0,0,NA,NA,NA,NA,0,NA,0.003072432,NA,0,0.129573289,0,NA,NA,0,-0.013597797,NA,0.047314041,0,0.012743264,0,-0.00541652,-0.009083711,NA,0.016649594,NA,NA,0,0,-0.011710924,NA,NA,-0.023099425,NA,-0.089017765,0,-0.114787703,-0.00980456
RIM  0.043,0,-0.076128363,NA,-0.02166299,NA,0,0,0,-0.008162596,0,0.05063997,0,NA,0,0,0,NA,NA,0,0,0,NA,NA,0,NA,0,0.07858512,0,NA,NA,NA,0,0,NA,0.041891135,NA,NA,NA,0,NA,0,NA,0,NA,0,NA,NA,NA,-0.037869189,0.027123846,0.033484869,0.054564772,0,0,NA,-0.079906539,NA,NA,0,0,0.508770742,NA,0,NA,NA,NA,0,0.031101162,0,-0.011951906,NA,0.006189032,0,0,NA,0,0,0,NA,NA,NA,0.008503365,NA,NA,0,NA,0,0.00856742,NA,NA,0.221028552,0,NA,0,NA,NA,NA,-0.048425746,NA,0,NA,NA,NA,0.023069261,NA,0,NA,NA,0,NA,0,0,NA,NA,NA,0.224598987,0,0,0.090070991,0,0,NA,0,NA,NA,0,0,-0.001200554,0,NA,NA,NA,0,NA,0.017288456,NA,0.022635837,NA,0,NA,0,NA,NA,NA,0,0,NA,NA,NA,NA,NA,NA,NA,NA,NA,NA,0.003437707,0,0,-0.022238371,-0.023948751,0,NA,NA,NA,0.027538689,NA,0,NA,NA,NA,NA,NA,0,NA,NA,NA,NA,0,-0.015765444,0,NA,-0.065735484,NA,0.028259287,-0.040358353,0,-0.014955787,NA,0.098634419,-0.005211074,0,0,0.024955619,NA,0.256154162,0,0.048610777,0.061490315,NA,NA,NA,NA,0.046616488,0,0,NA,0,-0.043801363,0.019051016,NA,NA,NA,NA,0,NA,NA,0,-0.001530143,0.035540393,0.03629448,-0.002432455,0,0.023757282,NA,NA,0.076714753,0,0,NA,0,0,0,0,0,0.05079077,0,0,0,0.026903583,NA,0,NA,NA,NA,0,NA,-0.024352932,-0.030837781,-0.039975002,NA,NA,NA,NA,NA,NA,-0.035357499,NA,0,0,0,NA,0,NA,NA,0,0,NA,NA,0,0,NA,NA,NA,NA,0,NA,NA,NA,-0.01472416,NA,NA,0,0,0,0,NA,0,NA,0,NA,NA,NA,NA,0,NA,NA,0,NA,0,0,0,0,-0.004797832,NA,NA,0,NA,NA,NA,0,0,-0.010338678,0,-0.004289769,NA,NA,NA,NA,NA,NA,0,0,0,NA,NA,NA,NA,NA,NA,NA,0.040897751,NA,NA,0.081344809,0,NA,NA,0,-0.000899883,NA,0.043516386,0,NA,0,0,0,NA,0,NA,NA,0,NA,NA,NA,0.006149107,-0.009675262,NA,-0.071835532,0.00606735,-0.094473693,0
RIP  0.034,0,-0.116244538,NA,-0.02879385,NA,0,NA,0,0,0,0.042971056,0,NA,0,-0.002602299,NA,NA,-0.012086111,0,0.030749808,0,NA,-0.069900009,0,NA,0.145768939,0.116328542,0,NA,0,0,0.117568559,-0.03772786,NA,NA,NA,NA,NA,0,-0.001665732,-0.001134086,NA,NA,0,NA,NA,0,NA,-0.062343291,NA,NA,0.07054594,0,0,NA,-0.082069423,0,NA,0,0.095979565,0.188907455,0,0,NA,NA,0,0,0.006917321,0,NA,NA,0.016304873,0,NA,NA,NA,-0.014564311,0,0,NA,NA,0.018585024,NA,NA,0,NA,NA,0.102238913,NA,0,0,NA,NA,-0.002359235,-0.004966303,NA,NA,-0.127724245,NA,0.014898924,0,NA,NA,NA,NA,0,NA,NA,NA,NA,0,0.010681869,NA,NA,NA,0.137207415,NA,0,NA,NA,NA,NA,0,NA,NA,0,0,0,0,NA,-0.033037731,NA,NA,NA,NA,NA,0.020096912,NA,NA,NA,NA,0.05183413,NA,NA,NA,NA,0,NA,NA,NA,NA,0.034130679,NA,NA,NA,0,NA,0,0,-0.016913605,-0.039830441,NA,0,NA,NA,0.0322829,NA,0,NA,NA,NA,NA,NA,0,NA,NA,NA,NA,0,-0.01449726,0,NA,-0.030367147,NA,0.022778449,NA,0,NA,NA,0.089756694,0,0,NA,0.049646033,0,NA,5.55725489421888e-05,0.032566826,0.090172239,NA,NA,NA,0.019348252,0,0,NA,NA,0,-0.052909551,0.017965319,NA,NA,NA,-0.005067575,NA,NA,NA,0,0,NA,0,0,0,0.0114157,NA,NA,0,0,0,NA,NA,NA,0,0,0.007321602,0.046728762,0,0,NA,NA,NA,NA,NA,NA,NA,0,NA,-0.030428942,-0.014412852,-0.031756795,NA,NA,NA,NA,NA,NA,0,NA,0,NA,0.007477005,NA,0,NA,NA,-0.001982381,0,NA,NA,NA,NA,NA,NA,NA,NA,0.008979599,NA,NA,NA,-0.011537026,NA,NA,-0.006510248,0,0,NA,NA,0,NA,NA,NA,NA,NA,NA,0,NA,NA,0,NA,0,0,0,0,0,NA,0,NA,0,NA,0,0,0,NA,0,0,NA,NA,NA,NA,NA,NA,0,NA,0,NA,NA,NA,NA,NA,0,NA,NA,NA,NA,0.17267817,0,NA,NA,0,-0.01814838,NA,NA,0,0.007873394,NA,-0.000264553,0,NA,0,NA,0,0,NA,0,NA,0.078540589,-0.000820774,NA,-0.076917803,0,-0.100522879,-0.005822554
RIR  0.045,0,-0.106037823,NA,-0.019183191,NA,0,0,NA,0,0,0.060351107,NA,NA,0,-0.013787591,NA,NA,0,-0.009915199,0,0,NA,-0.072477555,0,-0.0243829,0.016019495,0.117812722,0,NA,NA,0,0.211910366,-0.028288755,NA,NA,-0.001875777,NA,NA,0.001970395,-0.081279488,0,NA,0,0,NA,NA,NA,NA,-0.040854541,NA,NA,0.041359872,0,0,NA,-0.117217832,0,NA,0,0.093923273,0.277781999,NA,0,NA,-0.034289024,0,0,0,0,-0.023365088,0,0.007338924,0,NA,NA,NA,-0.01084439,0,NA,NA,NA,0,0,-0.047976441,0,NA,0,0.048478586,NA,NA,NA,0,NA,-0.002172356,NA,NA,NA,-0.11305272,0,0,0,NA,NA,NA,NA,0,NA,NA,-0.007487515,NA,0,0,NA,NA,NA,0.149675494,NA,-0.00084947,0.134863377,NA,0,NA,0,NA,0,0.000263383,0,-0.01115629,0,NA,-0.031495793,NA,0,NA,0.090101776,0.100505113,0.015179712,NA,0,NA,-0.000548032,0.062850794,NA,-0.020480864,NA,NA,0.00528277,NA,NA,NA,NA,NA,NA,NA,NA,0,NA,0,-0.005272791,-0.014269038,-0.02255772,0,NA,NA,NA,0.054188422,NA,0,NA,NA,NA,NA,NA,0,NA,NA,NA,NA,0.017547906,-0.007929729,0,-0.085157545,-0.029958567,NA,0.003916706,NA,0.020170467,0,NA,0.067105667,-0.00221626,0,0,0.032156818,0,NA,0,0.024477884,0.100722953,-0.032319814,NA,-0.008064137,NA,0,0,0,NA,0,-0.03160026,0.022334987,0,NA,NA,NA,NA,0.0794147,NA,0,0,0,0,0,0,0.045972741,NA,NA,0,0,0,NA,0,NA,0,0,NA,NA,0.006197863,0,NA,0.049407315,NA,0,NA,NA,NA,0,NA,-0.035070455,0,-0.038613804,NA,NA,NA,NA,NA,NA,-0.031046131,NA,0.015339362,0,NA,0,0,0,NA,NA,0,NA,NA,0,0,NA,NA,NA,NA,0,NA,NA,NA,NA,0,NA,NA,0,0,NA,NA,0,0,0.012409974,NA,NA,NA,NA,0,NA,0.027723654,0,NA,0,0,0,0,NA,NA,-0.011377311,0,NA,NA,0,0,0,NA,-0.015164815,0,NA,-0.022858119,NA,NA,NA,NA,0,NA,0,0,NA,0.004407788,-0.004577513,NA,NA,NA,0,NA,0,0.151236968,0,NA,NA,0,-0.014819947,0,0.033710562,0,0.00222631,0,-0.008695814,-0.015408655,NA,0,NA,0,0,0,-0.036360408,NA,0.025065168,NA,NA,-0.117715945,0,-0.096423511,0
RIS  0.039,0,-0.082893489,NA,-0.023773176,NA,-0.010405066,0,0,-0.021756609,-0.00686602,0.057103096,0.192854599,-0.004873179,NA,-0.00398478,NA,NA,-0.018099975,-0.013375837,0.033508542,0,NA,NA,0,-0.016968353,NA,0.077756759,0,NA,NA,NA,0.104812389,-0.055371014,NA,NA,-0.035480792,NA,NA,NA,NA,NA,NA,0,0.017469345,-0.029178799,NA,-0.002486423,NA,NA,0,NA,0.036725506,NA,NA,-0.002687091,-0.090858553,0,NA,0,0.085819985,0.219773145,NA,0,0.12084836,-0.037287352,NA,NA,0.004698309,-0.000897078,NA,NA,0.012798047,0,NA,NA,NA,-0.012373569,-0.004022497,0,NA,NA,0.006370929,NA,NA,NA,NA,NA,NA,NA,NA,NA,0,NA,-0.00468785,NA,NA,NA,-0.102416626,NA,0,NA,NA,NA,NA,NA,0,NA,NA,NA,NA,0,0.033490123,NA,NA,NA,NA,0,0,0.11120654,NA,NA,NA,-0.004731503,NA,NA,NA,0,-0.007985099,0,NA,NA,NA,0,NA,0.13325909,0.114044263,0.076477363,NA,NA,NA,0.020403673,0.036905679,NA,NA,NA,NA,0,0,0.054062698,NA,NA,NA,NA,NA,NA,NA,NA,NA,-0.014789519,-0.019460989,-0.027663134,0,NA,NA,NA,0.039326737,0,0,NA,NA,NA,-0.038305501,NA,0,NA,NA,NA,NA,0,-0.006464763,0,-0.078484593,-0.038999623,NA,0.004579299,-0.112720424,0.092415501,-0.024353039,NA,0.089872004,-0.002042727,0,0.12093508,0.027704767,NA,NA,0.007895233,0.040973096,0.065129674,NA,NA,-0.011877917,NA,0.017538544,0,0,NA,0,-0.062383266,0.03322098,NA,-0.001981762,NA,-0.042737917,NA,0.065168826,NA,0,-0.005721003,NA,0.077061119,NA,0,0.048599821,NA,NA,0.014246154,0,0,NA,0,NA,0,0,NA,NA,0.028484413,NA,0,NA,NA,NA,NA,0.017090781,NA,0,NA,-0.037685375,-0.052240422,NA,NA,NA,NA,NA,NA,NA,-0.012963576,-0.005682639,0,0,0.011632617,0,0.000397037,-0.003176885,NA,NA,0,NA,NA,NA,NA,NA,NA,NA,NA,0,NA,NA,NA,-0.011118003,NA,NA,-0.003605681,0.039314336,0,NA,NA,0,NA,0,NA,NA,NA,NA,0.006463701,0,0.027625352,0,NA,-0.006356794,-0.003600362,-0.014082136,0,NA,NA,0,0,0,NA,0.110007886,0,0,NA,-0.018697609,0,NA,0,NA,NA,NA,NA,NA,NA,-0.001898114,0,NA,0.001560627,NA,NA,NA,NA,NA,NA,0,0.109494162,NA,NA,NA,0,-0.018213264,0.088328061,NA,0,0.060977447,0,-0.014185007,-0.026831496,NA,0.026440882,NA,NA,NA,NA,NA,NA,0.051650468,NA,NA,-0.115652421,0,NA,-0.00076946
RIV  0.049,0,-0.08901069,NA,-0.000199663,NA,NA,NA,0,0,0,0.05150547,0.554271133,NA,0,0,NA,0,-0.002763041,-0.00642976,0,0,NA,-0.007071473,0,0,0,0.107402705,0,NA,-0.04225333,0,0,0,NA,0,0,0.008734489,NA,0,NA,NA,NA,NA,0,-0.021107176,NA,NA,NA,-0.023640694,0.003045424,NA,0.023786289,0,0,0,-0.057086802,0,NA,0,0.037285757,0.049726527,NA,0,NA,NA,0,NA,0.011983078,0,NA,NA,0.004702567,0,NA,-0.007175132,0,0,0,0,NA,NA,0,NA,0,0,NA,0,0,NA,0,0.255169941,NA,NA,0,NA,NA,NA,-0.092012312,NA,0,NA,NA,NA,NA,NA,0,0,NA,-0.013923234,NA,0,0,NA,NA,NA,0.238714629,0,0,0.10859697,0,0,0,0,NA,NA,0,0,0,0,NA,-0.020598738,0,0,NA,0.087119241,NA,0.023826759,NA,0,NA,0,0.021108685,0,-0.010050099,NA,NA,0,0,NA,NA,NA,NA,NA,NA,NA,0,NA,0,0,-0.008614687,-0.022174648,0,NA,NA,-0.000919821,0,NA,0,NA,NA,NA,-0.057936047,NA,0,NA,NA,NA,NA,0,-0.014392739,0,-0.083285588,-0.054609674,NA,0.022163959,-0.037448188,0,0,NA,0.034579682,0,0,NA,0.032098928,NA,0.159388019,0,0.051054016,0.064057331,-0.024912936,NA,NA,NA,0.049502221,0,0,NA,0,-0.034338292,0.006008964,0,NA,NA,-0.000163719,0,0.044275223,0.049751267,0,0,NA,0,0,-0.003566121,0.013164171,NA,NA,0.095252577,0,0,NA,0,0,0,0,NA,NA,0,NA,NA,NA,NA,NA,NA,NA,NA,0,0,-0.019018491,-0.01350062,-0.035855589,NA,NA,NA,NA,-0.009882926,-0.013318704,NA,NA,0,0,0,NA,NA,0,NA,-0.000100912,0,NA,0,NA,NA,NA,NA,NA,NA,0,NA,NA,NA,-0.00781754,NA,NA,0,0,0,NA,NA,0,NA,NA,NA,NA,NA,0,0,NA,0.020846809,NA,-0.005610564,0,0,0,0,0,NA,0,NA,0,0.281478062,0,0,0,NA,0,0,NA,0,0,NA,NA,0.123408447,0,0,0,0,NA,0,0,NA,NA,NA,0.031849792,NA,0,NA,0,NA,NA,0,-0.01258667,0.00421894,0.041930723,0,0,0,0,0,NA,0,NA,0,0,0,-0.03944237,-0.04170948,0.008089764,-0.00470189,NA,NA,0,-0.062542209,0
RMD  0.041,0,-0.078461124,NA,-0.003742247,NA,0,0,0,0,0,0.04546411,0.050156419,NA,0,0,NA,0,-0.02532089,0,0.151437834,0,NA,-0.060899329,0,-0.006598637,0.024102333,0.106173809,0,NA,0,0,0.040718547,-0.043438364,NA,NA,0,NA,NA,0.01523934,0,0,NA,0,0.016448635,-0.007637016,NA,NA,0,-0.026295965,0.011869376,NA,0.045742685,0,0,-0.000918378,-0.097631867,0,NA,0,0.125491332,0.4230686,NA,0,0.138610708,-0.029101103,0,0,0,0,-0.019614124,0,0,0,NA,NA,0.004187755,0,0,NA,NA,NA,0,NA,NA,0,NA,0,0,NA,NA,1.397821304,0,NA,0,NA,NA,NA,-0.098944452,NA,0,0,0,NA,NA,NA,0.02377229,0,NA,-0.000121111,NA,0,0,NA,NA,-0.007203766,0.189223484,NA,0,0.049780265,0,NA,NA,0,0,NA,0.001608493,0,-0.01611365,0.06345389,NA,-0.011616471,NA,0,0,0,0.034216019,0.003332578,NA,0,NA,0,0.031757781,0,NA,0,0,0,0,NA,NA,0,0.135635105,NA,NA,NA,0,NA,0,0,-0.010342168,-0.078771074,0,0,NA,NA,0.030547673,NA,0,-0.073539786,NA,NA,NA,NA,0,NA,NA,0.00109621,0,0.009730392,-0.019875165,0.003859758,-0.080981543,-0.070419296,NA,0.002803488,-0.052663942,0,0,NA,0.106921849,0,0,0,0.026851432,NA,NA,0,0.062701866,0.072054543,NA,NA,-0.000657056,NA,0.019503965,0,0,-0.016840339,0,-0.028272909,0.024979344,NA,NA,NA,0,0,0.064868744,0.030854235,0,-0.010625215,0.014637671,0.222833054,-0.007009061,-0.013760927,0.041861649,NA,NA,0,0,0,NA,0,0,0,0,0.011243225,0.03113965,0.004411608,0,NA,NA,NA,0,0,NA,0,0,NA,-0.02169512,-0.022443017,-0.037147019,NA,NA,NA,NA,-0.019380261,-0.006102932,-0.02187344,NA,0,0,NA,NA,0,NA,NA,NA,0,NA,NA,NA,0,NA,NA,NA,0,0.003445079,NA,NA,NA,-0.012269177,NA,0,NA,0,0,NA,NA,0,0,NA,NA,NA,NA,NA,0,0,0.007418456,0,-0.016741745,0,0,0,0,-0.005919612,NA,-0.040223036,NA,NA,NA,0,0,0.017325379,NA,-0.032612149,0,NA,0,NA,NA,NA,NA,0,NA,0,0,NA,0,NA,NA,NA,NA,0.064485819,0.020110691,0,0,0,NA,NA,0,0,0.074970161,0.049428299,0,0,0,-0.000640787,0,NA,0,NA,-0.008051056,0,NA,-0.032952994,NA,0.049452325,NA,0,-0.084295457,0,-0.093339493,-0.017118247
RMD_LR  0.042,0,-0.095820845,0,-0.004376303,NA,0,0,0,0,0,0.036912933,0,NA,0,-0.00068243,NA,NA,-0.006346788,0,0.014223151,0,NA,-0.05635467,0,-0.015833997,0,0.101749333,0,NA,0,0,0.032928152,-0.016777783,NA,NA,0,NA,NA,0.007960331,-0.001066899,0,NA,0,0.013475351,-0.012059996,0,0,NA,-0.035552154,NA,NA,0.039900727,0,0,0,-0.085113972,NA,NA,0,0.083701198,0.295039561,NA,0,NA,NA,0,0,0,0,-0.008681165,NA,0,0,0,NA,0,0,0,NA,NA,NA,NA,NA,NA,0,0,NA,0.026987863,NA,NA,NA,0,NA,0,NA,NA,0,-0.092158242,NA,0,0,NA,NA,NA,NA,0,NA,NA,-0.006420855,NA,0,0,NA,NA,-0.000492761,0.173897734,0,0,0.091497355,NA,NA,NA,0,NA,NA,0,0,-0.002191342,0,NA,-0.009688031,0,0,NA,0.00594347,0.069023055,0.015107451,NA,NA,NA,0,0.028344064,NA,-0.007835211,0,0.00169317,0,0,0.026597876,NA,NA,0.212998316,NA,NA,NA,0,NA,0,0,-0.017635122,-0.046023213,0,0,NA,0,0.024440594,0,0,NA,NA,NA,NA,NA,0,-0.013280231,NA,NA,NA,0,-0.015479253,0,NA,-0.042640819,NA,0.008940685,NA,0,-0.001855379,NA,0.063440878,0,0,0,0.020510605,NA,NA,0,0.041432794,0.071268613,-0.006897834,NA,NA,NA,0.037881456,0,0,NA,0,-0.03189778,0.008391448,0,NA,NA,NA,0,0.059602048,0.053934908,0,-0.01085798,0,0,0,0,0.025022876,NA,NA,0,0,0,NA,0,0,0,0,NA,0.006426588,0,NA,NA,0.015787287,NA,0,NA,0,NA,0,NA,-0.021423288,-0.018869702,-0.039737152,NA,0,NA,NA,NA,0,-0.017833965,-0.001932399,0,0,NA,NA,0,0,NA,0,0,NA,-0.003402995,NA,NA,NA,0.199308954,NA,NA,0,NA,-0.029974876,NA,NA,NA,0,0,0,0,NA,NA,0,NA,0,NA,NA,NA,NA,0,NA,0.025200566,0,NA,0,0,0,0,0,NA,0,0,NA,NA,0,0,0,NA,0,0,NA,-0.000219763,NA,NA,NA,NA,0,NA,0,NA,NA,0,NA,NA,0.287395933,NA,0.032972296,NA,0,0.003255625,0,NA,NA,0,-0.001833454,0,0.041888075,0,0,0,0,0,NA,0,NA,0,0,NA,-0.016343499,NA,0.025774129,NA,NA,-0.043884901,0,-0.103855029,0
RME  0.051,0,-0.107145604,NA,-0.024053602,NA,NA,NA,0,0,0,0.060848882,0,NA,NA,-0.005748863,NA,NA,NA,0,0,0,NA,NA,NA,NA,0,0.114880874,0,NA,0,0,0.028646456,0,NA,NA,0,NA,NA,NA,NA,NA,NA,0,0.054348338,NA,NA,NA,NA,-0.036711204,NA,NA,NA,0,NA,NA,-0.092677114,NA,NA,0,0.145684568,0.292878488,0,0,0.145620417,-0.011776281,0,NA,0.026106123,0,NA,NA,0.023319909,0,NA,NA,0.008807855,-0.000408396,0,NA,NA,NA,0.069399645,0,NA,NA,NA,-0.663131029,0.212593865,NA,NA,0.578756933,0,NA,0,NA,NA,NA,-0.121769223,NA,0,NA,0,NA,NA,NA,0,NA,NA,NA,NA,0,0.0277323,NA,NA,NA,0.151856315,0,0,0.098106399,NA,0,NA,0,NA,NA,NA,0,-0.003515168,0,NA,-0.021262816,NA,NA,NA,NA,0.08387118,0,NA,NA,NA,NA,0.052390688,NA,NA,0,NA,NA,0,NA,NA,0,0.11106912,NA,NA,NA,NA,0.006630901,NA,0,-0.024104981,-0.045815449,0,0,-0.010621948,NA,0.012319785,NA,0,NA,NA,NA,NA,NA,0,NA,NA,NA,NA,0,-0.022260486,0,-0.103940658,-0.020363038,NA,0.017917992,NA,0,NA,NA,NA,-0.009785372,0,0,0.040988857,-0.011961661,NA,0,NA,0.077119359,-0.006301701,NA,NA,NA,0.098052508,0,0,NA,0,-0.078351769,NA,NA,NA,NA,NA,0,NA,NA,NA,0,0.028356089,0.105541215,-0.004035338,0,0.068296985,NA,NA,0.078035062,0,0,NA,0,NA,0,0,0.025058379,0.054367991,0.023940209,NA,NA,NA,NA,NA,NA,NA,NA,0,NA,-0.019341416,-0.023075343,NA,NA,NA,NA,NA,NA,NA,NA,-0.010347323,0,NA,0,0,0,-0.001037822,NA,NA,NA,NA,NA,NA,0,NA,NA,NA,NA,0.022353962,NA,NA,NA,NA,NA,0,-0.004263644,0,0,NA,NA,0,NA,NA,NA,NA,NA,NA,NA,NA,0,0,NA,0,-0.010374372,0,0,0,NA,0,NA,NA,0.262247038,NA,0,0,NA,0,-0.018814334,NA,NA,NA,NA,NA,NA,0,0,0,NA,NA,NA,NA,NA,NA,NA,NA,NA,0,0.032115503,0,NA,NA,0,-0.017667632,0.22286772,NA,NA,NA,0,-0.006069409,-0.000944254,NA,NA,NA,NA,0,NA,-0.020492315,NA,NA,0,NA,-0.114488574,0,-0.122318385,-0.007730812
RMF  0.042,0,NA,NA,-0.040410599,NA,0,0,0,-0.015786122,0,0.04693634,0,NA,0,-0.012303367,NA,NA,-0.029438783,0,0.039306248,0,NA,NA,NA,NA,0.046314468,0.110132166,0,NA,0,NA,0,-0.059875795,NA,0.014504586,NA,NA,NA,0,-0.130058821,-0.006183983,NA,NA,NA,-0.039040306,NA,0,NA,-0.035952146,0.031606082,NA,0.060173318,0,0,NA,-0.106150595,0,NA,0,0.085746068,0.23647411,NA,0,NA,NA,NA,0,0,NA,NA,0,0.018265192,0,NA,-0.008283755,0,-0.029879686,0,0,NA,NA,NA,NA,NA,0,0,NA,0.11223703,NA,NA,0,0,NA,-0.008848944,0,NA,NA,-0.135470519,NA,0.001313927,0,NA,NA,NA,NA,0,NA,NA,NA,NA,0,0,NA,NA,0,0.22566936,0,-0.002621764,0.098976084,0,0,NA,-0.020942552,NA,NA,0,-0.007416102,-0.025681188,0,NA,-0.027146217,NA,0,NA,NA,0.092015955,0.025621065,NA,0,NA,-0.001428548,0.078395326,0,NA,0,0.007762969,0,NA,0.027611633,NA,NA,NA,NA,NA,NA,NA,NA,0,-0.010655448,NA,-0.062868782,0,NA,NA,NA,0.027730397,NA,0,NA,NA,NA,NA,NA,0,NA,NA,NA,NA,0.000902997,-0.01610784,0,-0.13212813,-0.065159704,NA,NA,NA,0.035115974,-0.015964144,NA,0.114256705,0,0,NA,NA,0,NA,0,NA,0.087940553,-0.043907558,NA,NA,0.032071948,0.07087422,0.022352808,0,-0.039895358,0,-0.027349484,0.025916792,NA,NA,NA,-0.019854941,NA,NA,NA,NA,0,0,0.026913635,-0.016271286,0,0.047301143,NA,NA,0,0,0,NA,NA,0,0,0,NA,NA,0,NA,NA,NA,NA,0,NA,NA,0,0,NA,-0.01537473,-0.041533324,NA,NA,NA,NA,NA,NA,NA,-0.013548984,NA,0,NA,NA,NA,0.017081246,NA,NA,NA,0,NA,-0.009761266,NA,NA,NA,NA,NA,NA,0.014683183,NA,NA,NA,NA,NA,NA,NA,0,0.018096757,NA,NA,0,NA,0,NA,NA,0,NA,0.049920307,NA,NA,-0.000859221,NA,0,-0.012648438,0,0.002035629,NA,NA,0,0,NA,NA,NA,0,0,NA,-0.033462736,-0.030156734,NA,NA,NA,NA,NA,NA,0,NA,0,NA,NA,NA,NA,NA,NA,NA,0.104613964,0.032097435,0,NA,0,NA,NA,0,-0.020868684,0.047008375,0.047146163,NA,NA,0,-0.006072048,-0.012338691,NA,NA,NA,NA,0,0,-0.015374741,NA,NA,NA,NA,-0.132142009,0,-0.130783805,0
RMG  0.039,0,-0.090400859,NA,-0.022802361,NA,NA,0,0,0,0,0.036028615,NA,NA,0.023541965,0,NA,NA,0,NA,0,0,NA,NA,0,0,0.030439158,0.113172335,0,NA,-0.025064264,NA,0,-0.001132577,NA,NA,0,NA,NA,0.001247606,-0.001698378,-0.00139602,NA,NA,NA,-0.012148818,NA,NA,NA,-0.052288441,0.00708938,NA,0.041728133,NA,0,NA,-0.083800829,0,NA,0,0,0.078014165,NA,0,NA,-0.032453148,0,0,0,NA,NA,NA,0.013098036,0,NA,NA,0,-0.000350904,0,0,NA,NA,NA,NA,NA,0,NA,NA,0.050560593,NA,NA,NA,0,NA,0,NA,NA,NA,-0.119950248,NA,0,NA,NA,NA,NA,NA,0,NA,NA,NA,NA,0,0,NA,NA,NA,0.097171532,0,0,0.089717419,0,0,NA,0,NA,0,0,0,0,0,NA,-0.023810783,NA,0,NA,0.030415477,0.021817829,0.013903995,NA,0,NA,0.008026557,0.051785802,NA,-0.012887996,0,0.208752584,0,0,0.010191421,NA,NA,NA,NA,0,NA,NA,NA,NA,-0.004834518,0,0,0,NA,NA,NA,0.019549499,NA,0,NA,NA,NA,0,NA,0,NA,NA,NA,NA,0,-0.009026508,0,NA,-0.011947519,NA,0,NA,0.037048272,0,NA,0.049240677,0,0,NA,0.027954089,0,NA,0.001047434,0,0.07730097,-0.024270578,NA,0,0.007968045,0.021881482,0,NA,-0.020287422,0,-0.027020148,0.016018195,NA,NA,NA,NA,0,0.052738429,NA,0,-0.006942145,0,0,0,0,0.003677607,NA,NA,0,0,0,NA,0,0,0,0,NA,NA,0,0,0,NA,NA,NA,NA,0.006831896,NA,0,NA,-0.007983997,-0.009762588,-0.013296472,NA,NA,NA,NA,-0.013889196,NA,-0.017286512,NA,0,0,0,NA,0,NA,NA,0,NA,NA,NA,NA,NA,0.029916728,0.124877986,NA,NA,0,NA,NA,NA,NA,NA,NA,NA,0,0,NA,NA,0,NA,0.027523349,NA,NA,NA,NA,0.011910102,NA,0.02805501,0,NA,0,0,0,0,-0.007442757,NA,0,NA,NA,NA,0,0,0,NA,0,0,NA,0,NA,NA,NA,NA,0,NA,0,0,NA,0,NA,NA,NA,NA,NA,NA,0,0.077722064,0,NA,NA,0,-0.012151649,0.063669931,NA,0,0,NA,-0.000345554,0,NA,0,NA,NA,0,0,-0.034135598,NA,NA,NA,NA,-0.023602104,0,NA,0
RMH  0.038,0,-0.098337869,NA,-0.017414939,NA,0,0,0,0,0,0.052573531,0,NA,0,-0.00361508,NA,NA,-0.012422127,-0.005524449,0.049880904,0,NA,-0.062429315,0,-0.011440384,0,0.083594267,0,NA,0,0,0,-0.009587997,NA,0,0,NA,NA,0,-0.008290261,0,NA,0,0,-0.013814322,0,0,NA,-0.044722598,0.00854912,NA,0.029225185,0,0,NA,-0.093958393,0,NA,0,0.083846016,0.145062127,NA,0,0.158841267,NA,0,0,0,0,NA,0,0.013430856,0,NA,NA,0,-0.009658331,0,0,NA,0,0.002969899,0,NA,0,NA,0,0.030439617,NA,-0.002051222,0.306040321,NA,NA,-0.001548312,0,NA,0,-0.103109674,0,0,0,NA,0,NA,NA,0,0,NA,-0.00645484,NA,0,0,NA,NA,0,0.117417605,0,0,0.090531838,0,0,NA,0,NA,NA,0,0,-0.01395572,0,NA,-0.019472224,NA,0,NA,0,0.076855986,0.022868105,NA,0.000967943,NA,0,0.05894891,0,-0.006349665,0,0.011130794,0,0,NA,NA,NA,0.102027785,NA,NA,NA,NA,0,0,0,-0.011495331,-0.066573386,0,0,NA,NA,0.022976638,0.001835127,0,NA,NA,NA,-0.043890622,NA,0,NA,0,NA,NA,0,-0.010139403,0,-0.081435305,-0.035175513,NA,0.007870429,-0.066501447,0,-0.009749561,NA,0.076989538,0,0,0,0.020507415,NA,0.16106648,0,0.032732792,0.073643262,NA,NA,0,NA,0.029889454,0.002825051,0,0,0,-0.017177745,0.022717782,0,NA,NA,-0.012099685,0,0.039360942,0.053932175,0,-0.004972047,0.000861785,0,-0.011446581,-0.005635944,0.041148797,NA,NA,0,0,0,-0.03340911,0,NA,0,0,NA,0.015721925,0.004600823,0,NA,NA,NA,0,NA,NA,NA,0,NA,-0.013433951,-0.018746407,-0.03353813,NA,NA,NA,NA,-0.007102973,NA,-0.021541831,0,0,0,0.009627559,NA,0,0,NA,0,0,NA,0,NA,NA,NA,NA,NA,NA,0.016263532,NA,NA,NA,-0.008905812,NA,NA,NA,-0.008135389,0,NA,NA,0,NA,0,NA,NA,NA,0,0,0,0.025966612,0,-0.021942926,0,-0.004200735,0,0,0,0.098827969,-0.031408926,0,0,NA,NA,0,0,0,-0.01464181,0,NA,-0.007711895,NA,NA,NA,NA,0,NA,0,0,NA,0.000181589,NA,0,0.354629612,-0.033104864,0.035758128,0.012535971,0,0.135372755,0,NA,NA,0,-0.010054134,0,0.03445007,0,0.022399476,0,-0.001334318,-0.014205579,NA,0,-0.020440633,NA,0,0,-0.022196979,NA,0.043054781,-0.016396044,NA,-0.069444483,0,-0.085776558,0
SAA  0.043,0,-0.119965463,NA,-0.005781573,NA,0,0,0,-0.00066936,0,0.035478453,NA,NA,0,-0.006104599,0,NA,-0.028307182,0,0,0,NA,0,0,NA,0,0.128652943,0,NA,-0.01689222,0,0.08764519,-0.002076671,NA,0.029051911,0,NA,NA,0.00341665,NA,0,NA,0,NA,0,NA,0,NA,-0.041666725,0.003575411,0.01258858,0.029455712,0,0,NA,-0.095145131,NA,NA,0,0.014139545,0.320676437,NA,0,NA,NA,0,0,0,0,-0.01892936,0,0.007525585,0,NA,NA,NA,0,0,0,NA,NA,0.008018768,NA,NA,NA,NA,0,0,NA,NA,NA,NA,NA,-0.00869825,-0.009051278,NA,NA,-0.114140923,NA,0,0,NA,NA,NA,NA,0,0.133632972,NA,NA,NA,0,0,NA,NA,NA,0.152211193,0,0,NA,0,NA,NA,0,NA,NA,0,0,-0.007369526,0,NA,NA,NA,0,NA,NA,NA,0.001844315,NA,NA,NA,NA,0.045052804,NA,-0.00254277,0,NA,0,0,NA,NA,NA,NA,NA,NA,NA,0,NA,0,0,-0.025310871,-0.063650375,0,NA,NA,-0.02008928,0.008020683,NA,0,-0.016639415,NA,NA,NA,NA,0,NA,NA,NA,NA,0.02064256,-0.015770702,0,-0.084254025,-0.061768496,NA,0.008660821,NA,0.016640907,0,NA,0.053834519,-0.001166317,0,0,0.043846028,NA,0.186118847,0,0.064207342,0.0632063,NA,NA,-0.00658255,NA,0.076284418,0,0,0,0,-0.027140078,0.016317338,NA,NA,NA,NA,0,0.053504825,0.045350685,0,-0.003431836,0.026134663,0.027365765,-0.004583465,-0.013742063,0.053974603,NA,NA,0,0,0,NA,0,0,0,-0.009424028,NA,0.033601757,0.005689589,0,0,NA,NA,0,-0.006907416,NA,NA,0,NA,-0.04683416,NA,NA,NA,NA,NA,NA,NA,NA,NA,NA,0,NA,0,NA,0,0,NA,NA,0,NA,NA,NA,NA,NA,NA,NA,NA,0.000123755,NA,NA,NA,NA,NA,NA,NA,0,0,NA,NA,0,NA,NA,NA,NA,NA,NA,0,NA,0.04111512,0,NA,0,-0.002389139,0,0.00481319,NA,NA,0,0,NA,NA,0,0,0.004995653,NA,0,0,NA,-0.015134858,NA,NA,NA,NA,0,NA,0,NA,NA,0.008507332,NA,0.018967905,0,NA,0.088846633,NA,0,NA,0,NA,NA,0,-0.004057616,0.082421109,0.047758765,0,0,0,-0.001220507,0,NA,0,NA,NA,0,0,-0.03736121,NA,NA,NA,NA,-0.069282122,0,-0.094100609,0
SAB  0.054,0,NA,NA,NA,NA,NA,NA,NA,0,-0.026847135,NA,0,NA,0,NA,NA,NA,-0.05600853,NA,0.076922579,NA,NA,NA,NA,NA,NA,NA,NA,NA,NA,NA,0,NA,NA,NA,NA,NA,NA,NA,NA,NA,NA,NA,NA,NA,NA,NA,NA,-0.101968733,NA,NA,NA,NA,NA,NA,NA,NA,NA,0,NA,NA,NA,0.186619842,NA,NA,NA,NA,0.00978829,NA,NA,NA,0.015322827,NA,NA,NA,NA,NA,NA,NA,NA,NA,0.018447564,NA,NA,NA,NA,NA,NA,NA,NA,NA,NA,NA,-0.021221643,NA,NA,NA,-0.147744567,NA,0.006354847,NA,NA,NA,NA,NA,NA,NA,NA,NA,0.092318799,NA,0.074027637,NA,NA,NA,0.162733101,0,0,NA,NA,NA,0,-0.00271631,NA,NA,NA,NA,NA,NA,NA,NA,NA,NA,NA,NA,NA,0.00583663,NA,0,NA,NA,0.086756033,0,NA,NA,NA,NA,0.014798016,NA,NA,NA,NA,NA,NA,NA,NA,NA,NA,0,-0.027000011,-0.118069338,0,NA,NA,NA,0.040879824,NA,NA,NA,NA,NA,NA,NA,0,NA,NA,NA,NA,0.071038083,-0.035827381,0.031730031,NA,NA,NA,NA,NA,0.11528943,NA,NA,NA,NA,NA,NA,NA,NA,NA,NA,0.112936569,0.059538785,NA,NA,NA,NA,0.07840746,NA,NA,NA,NA,-0.041993295,NA,NA,NA,-0.066924248,NA,NA,NA,NA,NA,NA,NA,0.379152706,NA,-0.02496408,NA,NA,NA,NA,NA,NA,NA,NA,NA,NA,NA,NA,NA,NA,0,NA,NA,NA,NA,NA,NA,NA,NA,NA,-0.081472401,NA,NA,NA,NA,NA,NA,NA,NA,NA,NA,NA,0,NA,NA,NA,0,NA,NA,NA,NA,NA,NA,NA,NA,NA,NA,NA,0.012612285,NA,NA,NA,NA,NA,NA,NA,0,NA,NA,NA,NA,NA,NA,NA,NA,NA,NA,NA,NA,NA,0,NA,0,NA,0,NA,NA,NA,NA,NA,NA,NA,NA,0,0.147434885,NA,0,NA,NA,NA,NA,NA,NA,NA,NA,NA,NA,NA,NA,NA,NA,0.217457692,NA,NA,NA,NA,0.038968883,NA,0,NA,NA,0,NA,NA,0.043701613,NA,NA,NA,-0.036907018,NA,NA,NA,NA,NA,NA,NA,NA,NA,NA,NA,NA,-0.146745285,NA,NA,0
SDQ  0.047,0,-0.09272124,NA,-0.010541948,NA,NA,NA,NA,0,0,0.038571906,0,NA,NA,0,NA,NA,0,NA,0,0,NA,NA,NA,NA,0.070302913,0.127243778,0,NA,-0.025192543,0,0,0,NA,NA,-0.000225116,NA,NA,0,NA,NA,NA,NA,NA,-0.020230189,NA,0,NA,-0.032697368,0.006810574,NA,0.020397895,0,0,NA,-0.059811264,0,NA,0,0.005437503,0.107103079,0,0,0.149957403,NA,NA,0,0.006099963,0,-0.009345429,NA,0,0,NA,NA,0,0,0,NA,NA,NA,NA,NA,NA,0,NA,NA,NA,0,0,0,0,NA,0,NA,NA,0,-0.116060719,NA,NA,0,NA,0,NA,NA,0,NA,NA,NA,NA,0,0,NA,NA,NA,0.136520839,NA,0,NA,NA,NA,NA,0,NA,NA,0,0,0,0,NA,NA,-0.007352429,0,NA,NA,0.013553736,0.001460271,NA,0,NA,0,0.063468988,NA,NA,0,NA,0,NA,NA,NA,NA,NA,NA,0,NA,0,0.029876351,NA,0,-0.013500505,0,0,0,NA,NA,0.005092377,NA,0,NA,0,NA,0,NA,0,NA,NA,0,NA,0.001429527,-0.012254557,0,NA,-0.047349159,NA,0.009177719,NA,0.061961848,NA,NA,0.061792476,-0.010407003,0,NA,0.018464748,NA,NA,0,0.01843856,0.069750577,NA,NA,NA,0.023443806,0,0,0,NA,0,0,NA,NA,NA,NA,NA,0,NA,0.025862502,0,NA,0,0,0,0,0.050899594,NA,NA,0.05792058,0,0,NA,0,0,0,0,NA,NA,0.001688785,NA,NA,0.016786988,NA,NA,NA,NA,NA,NA,NA,NA,-0.011827076,-0.037905598,0.050051731,NA,NA,NA,NA,-0.007884537,-0.016990575,NA,0,0,0.006835319,NA,NA,0,NA,NA,0,NA,NA,NA,NA,NA,NA,NA,NA,0,NA,NA,NA,NA,NA,0,0,0,0,NA,NA,0,NA,NA,NA,NA,NA,NA,0,NA,0.03696015,0,NA,0,0,0,NA,NA,NA,0,NA,NA,0.349617906,0,NA,0,NA,0,0,NA,NA,NA,NA,NA,NA,0,0,0,NA,NA,NA,NA,NA,NA,NA,NA,NA,0,NA,0,NA,NA,0,-0.008344234,0.119681412,0.042985212,0,0,0,-0.000697752,0,NA,0,NA,NA,0,NA,NA,NA,0.040531548,-0.008777289,NA,NA,0,NA,0
Seam cells (bus+)  0.051,0.047986627,-0.128165528,-0.001123769,0,NA,0,0,0,0,0,0.015389644,0,-0.248586993,-0.037385627,0,NA,0,0,0,0.210197969,0,0.00945499,-0.093665048,0,0,-0.04730312,0.079773421,0,NA,-0.010196258,0,-0.111714797,-0.034131485,NA,0,-0.086535048,0,-0.002863815,0.031729497,-0.154500473,0,NA,0.242000172,0,-0.064447643,0,0,NA,-0.120876185,0,0,0.04689597,0,0,NA,-0.050978414,-0.005086605,0,-0.044671483,0.008372742,-0.047777795,-0.027964011,0,0.176341794,0,-0.068985101,0,0,0,-0.01702472,0,0,0,0.461220537,0.048496839,-0.01693277,-0.011698554,-0.001722266,-0.047708568,0,NA,0,-0.003330425,0,-0.041333452,NA,NA,0,0,0,0,-0.012754193,NA,-0.011934422,NA,NA,0,-0.158530963,0,0,-0.07292115,0,0.027244689,NA,-0.054175465,0,0,NA,-0.028118047,NA,0,0,NA,NA,0,0.0648801,-0.055541064,0,0.034372359,-0.124900826,-0.005883843,0,0,0,-0.071347394,0.039626054,0,0,-0.065103173,-0.00287271,-0.051764788,0,0,-0.026557278,0,0,-0.015344245,NA,-0.044182535,0,0.196494167,0.040337421,0.087253578,-0.003346811,0,0.283694463,0,0,0,NA,NA,-0.015501639,0,NA,NA,0,-0.024777979,-0.30051554,-0.011983754,0,-0.18603303,0,0,-0.057959084,0,0,NA,0,NA,-0.204276298,-1.432866436,-0.310523548,NA,-0.000488695,NA,NA,0.003830768,0,0,-0.025222612,0,-0.107653318,-0.058771739,NA,0.009827058,0,0.055104198,0,NA,0,-0.017785579,0.013885295,-0.10513319,0,0,0.014145691,0,-0.012777652,0.097513944,0.167284177,NA,0,-0.002413956,0.222293121,0.001402371,0,0,0,-0.150645306,0,0,-0.027324192,-0.017283383,0,0.650259679,0.04018368,0.761318388,0,-0.0030181,0,0,0,-0.047168782,0,0.298654124,NA,0,-0.190531786,-0.013556596,-0.004315438,0,0,0,0,0,0,-0.016056615,0.059013735,0.002851073,0.028710212,NA,-0.037098739,-0.01516289,0,0.352184728,-0.005896696,-0.032831346,0,-0.014090296,-0.001984638,0,0,0.127959558,0,-0.019610134,-0.029680067,-0.07968824,0.071172412,0,0.016605285,0,0,0,-0.013329177,NA,-0.00041036,0.289368652,0,-0.042752395,0,-0.000498096,0.014285301,0.101232998,NA,0,0.013726269,-0.07828525,NA,-0.004579288,0,0.002146405,0,0,0,0,-0.077907715,0,0,0,0.010685221,0,NA,NA,-0.01561868,-0.056834624,0,-0.000176111,0,-0.065687247,0,-0.018941421,-0.004314568,-0.118758966,0,0,0.441628654,0,0,0.223149521,0,0,0,0,-0.087318512,0,NA,0,NA,-0.013477748,NA,NA,0,0.062376641,0,0,0,0,0,NA,0,0,-0.005831568,0,0,0,-0.039560497,NA,-0.098820918,0,0,0,0.015504264,-0.358387817,0.002264866,0,-0.000510955,0,0,0.387164652,NA,0.737066803,-0.001138107,0.011201792,-0.025907572,0,0.190989089,0,-0.010290067,0,0,-0.036026834,0
Seam cells (grd+)  0.057,0.231419736,-0.099445761,NA,0,NA,0,0,0,0,0,0,0,-0.011618886,0,0,0,0,0,-0.010526516,0.226404759,0,NA,-0.094837133,0,-0.01520425,0,0,-0.002564141,NA,-0.051584287,0,0,-0.030259159,NA,0,-0.019633609,0,0,0.008938252,0,0,0,0,0,-0.031750851,NA,0,NA,-0.033560623,0,NA,0,0,0,0,-0.03331159,0,-0.008403936,0,0,0,0,0,0.040933274,0,-0.018572531,-0.026601897,0,0,0,0,0,-0.047939432,NA,0.013113635,-0.019938181,0,0,0,0,0.106234053,0,0,0,-0.041527003,0,0,0,0,0,0,0,NA,0,0,0,0,-0.135980764,0,0,-0.056532202,0,0,NA,0,0,NA,NA,0,NA,0,0,NA,NA,0,0.05599918,0,0,0,0,-0.088364592,NA,0,0,-0.003934653,0,0,0,-0.042264149,NA,-0.013826382,0,0,-0.002814654,0,0,0,NA,0,NA,0.131836019,0,0.093493508,0,0,0.199253138,0,0,0,NA,0,-0.013407914,NA,NA,NA,0,-0.011388032,0,0,0,-0.216884562,0.066843867,0,0,-0.016796075,0,0,0,NA,0,-0.195342957,0,NA,0,0,NA,0,0,-0.00123393,-0.001357573,0,-0.04536744,-0.030526867,NA,0,-0.034982433,0,0,NA,0,-0.032464344,0,0,-0.016232913,0,0,0,0.022248905,0.179070551,-0.10565255,NA,0,-0.002729434,0.594918324,0,0,0,0,-0.187752682,0,0,-0.001443465,0,-0.025128347,0,0,0.566974253,0,0,0.135334542,0,0,-0.039439502,0,0.168364788,NA,0,-0.091573348,0,NA,0,0,0,0,-0.003527673,0,-0.004461306,0,0,0.012356617,NA,0,0,0,0,-0.017352454,-0.003664954,0,-0.046900137,0,0.132778461,0,0.025629993,0.292136702,0,0,-0.067868268,-0.033032278,0,-0.033585865,0,0,0,0,NA,0,0,0.175101815,-0.031537397,NA,0,0.091445023,0.044612567,NA,NA,0,NA,NA,NA,0,NA,0,0,0,0,-0.086919624,NA,0,0,0,NA,NA,0,0,-0.084133937,0,-0.018989115,0,0,0,-0.014873916,0.004927936,-0.251663265,0,NA,0,0.096910075,0,0.004655066,0,0,0,0,0,0,NA,-0.033777456,NA,NA,NA,0.131885408,0,0,0,0,NA,0,0,-0.013078294,0,0,-0.000595701,0,0,0,0,NA,-0.091884349,0,0,0,0.001690266,0,0.121320995,0,0,0,0,0,0,-0.159446096,-0.015372671,0,0,-0.015977466,0.281754363,0,0,0,-0.003679177,0,0
Seminal vesicle (male)  0.036,0.10161201,NA,NA,NA,NA,NA,NA,NA,0.005249577,-0.016315611,0.015765719,NA,NA,NA,NA,NA,NA,0.010872258,NA,0.266643367,0,NA,NA,0.055177377,NA,NA,0.136189606,0,NA,NA,NA,NA,-0.010525507,NA,NA,NA,NA,NA,0.040692779,NA,NA,NA,0,NA,NA,NA,NA,NA,-0.1001716,0.045142505,NA,NA,0,-0.032693015,NA,NA,-0.027247965,NA,NA,0.202924404,NA,NA,NA,NA,NA,-0.018885675,NA,-0.004032311,NA,NA,NA,0.026722146,NA,NA,NA,NA,-0.026448464,0,NA,NA,NA,NA,-0.030298161,NA,NA,NA,NA,NA,NA,NA,NA,NA,NA,0,NA,NA,NA,-0.153195638,NA,NA,NA,0,NA,NA,NA,NA,NA,NA,-0.001835366,NA,0.047877286,0,NA,NA,NA,NA,NA,0.000562945,NA,NA,NA,NA,NA,NA,NA,0.034969395,-0.019505774,0,0,NA,-0.051636156,NA,0.005445824,NA,NA,NA,0,NA,NA,NA,NA,0.115703632,NA,-0.018355236,NA,NA,NA,0,NA,NA,NA,NA,NA,NA,NA,NA,NA,0,NA,NA,-0.024065875,0.003122517,NA,NA,NA,NA,NA,0.010459752,NA,NA,NA,NA,NA,-0.00717579,NA,NA,NA,NA,0,-0.021864261,0,-0.108072599,-0.006892679,NA,NA,NA,0,NA,NA,0.008687334,0,0.030208577,NA,NA,NA,NA,0,NA,0.142414509,NA,NA,NA,NA,NA,NA,-0.051648001,NA,NA,-0.029347391,NA,NA,NA,NA,NA,NA,NA,NA,0.01320991,-0.001434996,NA,0,-0.008139896,NA,0.03871935,NA,0,NA,-0.008909528,0.016200531,NA,NA,NA,NA,0,NA,NA,NA,NA,NA,NA,NA,NA,NA,NA,NA,NA,NA,NA,NA,NA,NA,NA,NA,NA,-0.017260808,NA,NA,-0.021179506,NA,NA,NA,NA,NA,NA,NA,NA,0.43976589,NA,NA,NA,NA,NA,NA,NA,NA,0.014563137,0,NA,NA,NA,NA,0,NA,NA,NA,NA,NA,0,NA,NA,NA,NA,NA,NA,NA,NA,NA,NA,-0.011089907,NA,-0.014025599,0.00293094,NA,NA,NA,NA,0.112273877,NA,NA,NA,-0.026040137,NA,NA,NA,-0.066494481,NA,NA,NA,NA,NA,NA,NA,NA,NA,NA,NA,NA,NA,NA,NA,NA,NA,NA,NA,NA,0,NA,NA,0.052247287,-0.058767021,NA,NA,0,NA,0,NA,-0.023816705,0,0.047751383,NA,NA,NA,NA,-0.016021171,NA,NA,NA,NA,NA,NA,NA,-0.004263255
sh1 (gonadal sheath distal)  0.038,0,-0.123151575,0,0,0,0,0,0,0.003524346,0,0,-0.185320479,-0.042538897,0,0,0,0,0,0,0.007184961,0,NA,-0.121210015,0.044561011,-0.007352116,0,0.152179362,0.000606102,0,-0.058388405,0,0,-0.040422514,0,0,-0.01729353,-0.010255056,0,0.020590489,-0.118792507,0,-0.006012284,0,0,-0.028990281,NA,0,0,-0.093725135,0.014550823,0,0.063608431,0,0,-0.010738528,-0.088282454,-0.001243996,0,0,0.025064774,0,0,0,0.287666297,-0.015879262,0,0,0,0,0,0,0.00698282,0,0,0,0,0,0,0,NA,NA,0.015404721,0,0,-0.025648668,0,0,0,0,0,0,0,-0.030056303,0,0,0.134435665,0,-0.12638652,0,-0.00416665,0,0,0,-0.018651587,0,0,0,NA,-0.033773228,NA,0,0.003450006,NA,NA,0,0,0,0,0.098672103,0,0,0,0,0,0,0.000869809,0,0,0,NA,-0.02504586,0,0,0,-0.019173734,0.011400168,0,-0.024921448,-0.005322089,NA,0,0.098760375,-0.002786166,0,0,0.012090515,0,0,0,NA,0,-0.020452418,NA,0,NA,0,-0.014737444,0,0,0,-0.029352009,0,0,-0.006487478,0,0,0,0,0,-0.016535853,0,-0.073495008,NA,-0.000435796,0,-0.008251776,0.044261607,0,0,-0.017309101,0,-0.121310819,-0.00266088,NA,0.021741695,0,0,0,NA,0.058560412,0,0.025450606,0,0.066252907,0,0,0,0,0.126903394,-0.029396002,0,0,0,0.049470059,0.021631102,-0.015641312,0,0,-0.029848946,0.033383276,-0.05293494,0,-0.003491187,-0.000152045,0,0.069096281,0.131214867,0.026383483,-0.00840606,0.003923465,0,0,0,0.023576067,0,NA,0,-0.00191085,0,-0.022911212,0,0,0,0,0,0,0,0,0,0.011802094,NA,0,-0.029963473,0,0,0,0,0,-0.005179644,-0.004843484,0,0,NA,NA,-0.001979515,-0.022728745,-0.027688832,0,0,0,0,0,0,0,NA,0,0,-0.001978332,0,0,0,0.0986007,0.275374915,NA,0,0,0,NA,0,0,0,0,0,0,0,0,NA,0,0.006245085,0,NA,NA,NA,0,0,0,0,0.001401578,-0.01830907,0,-0.01010463,0,0,0,0,0,0,0,0.506601581,0,0,0,-0.011007426,0,-0.001205617,NA,0,NA,0,NA,0,0,0.006480445,0,0,0,0,0,NA,0,0,-0.001042159,0,0,-0.000696271,0,-0.005199532,NA,0,-0.049514384,-0.007536573,0.058148297,0,0.028577858,0,0,0,0,0,0,0,0,0,0,-0.084881965,0.025913935,0,-0.004806793,-0.073682868,-0.010958558,-0.021830551,-0.001834525
sh2 (gonadal sheath distal)  0.041,0,-0.101606564,0,0,0,0,0,0,0,0,0.004054269,-0.101494426,-0.048126468,0,0,NA,0,0,0,0,0,0,-0.107939858,0.03309025,0,0,0.122014871,0.001166651,0,-0.062647364,0,-0.005872624,-0.042357975,0,0,-0.009788833,0,0,0.013677719,-0.107506314,0,-0.004202566,0,0,-0.014702845,0,0,0,-0.072794295,0.02052964,0,0.054550181,0,0,-0.00118505,-0.092055894,-0.003097407,0,0,0.123178815,0,0,0,0.257742771,-0.014187727,0,0,0,0,0,0,0.015494107,0,0,0,0.004003109,0,0,0,NA,0,0,0,-0.004756226,-0.020511602,0,0,0,0,0,0,0,-0.027794469,0,0,0.12859923,0,-0.108519693,0,-0.009415467,0.015842801,0,0,-0.021223663,0,0,0,NA,-0.035169459,NA,0,0.009826302,0,0,0,0,0,0.002009331,0.102788125,0,0,0,0,0,0,0,0,0,0,0.000543212,-0.025301349,0,0,0.138500816,-0.027992452,0.014143573,0,-0.028681256,-0.003973223,0,0,0.090506202,-0.003414346,0,0,0,0,0,0.01947812,NA,0,-0.016313795,0,0,NA,0,-0.011028651,0,0,0,-0.031232813,0,0,0,0,0,0.000852638,0,0,0,0,-0.064004693,NA,0,0,0,0.054972495,0,0,-0.012990677,0,-0.11031243,0,NA,0.01725803,0,0,0,NA,0.029774641,0,0.036618244,0,0.077755094,0,0.007808463,0,0,0.106221409,-0.030449604,0,0,0,0.027020481,0.001253646,-0.01751569,0,0,-0.024185845,0.033461734,-0.011233675,0,-0.014080109,0,0,0.058181892,0.100332872,0.011415258,0,0.000696346,0,0,0,0.037408133,0,NA,0,0,0.000397677,-0.014090016,0,0,0,0,0,0,0.013638805,0,0,0.011011102,NA,0,-0.029457397,0,0,0,0,0,0,0,0,0,NA,0,0,-0.029421525,-0.018876305,0,0,0,0,0,0,0,NA,0,0,NA,0,0,0,0.093653159,0.180988933,NA,0,0,-0.021960297,-0.015433579,0,0,0,0,0,0,0,0,NA,0,0.016155504,0,NA,NA,0,0,0,0,0,0,-0.023050528,0,-0.011083019,0,0,0,0,0,0,0,0.443345906,0,0,0,-0.009674244,0,-0.007925034,NA,0,NA,0,0.03505401,0,0,0.009180538,0,0,NA,0,0,-0.007368272,0,0,0,0,0,-0.002279536,0,-0.007279198,0,0,-0.035287661,-0.00223634,0.060916771,0,0.021088441,0,0,0,0,0.004760973,0,0,0,0,0,-0.088628055,0.008188126,0,0,-0.07150864,0,-0.039891687,0
sh3_sh4 (gonadal sheath proximal)  0.038,0,-0.086774385,0,0,0,0,0,0,0,0,0,-0.074030672,-0.157772951,0,0,0,0,0,0,0.00916052,0,NA,-0.111665524,0.029951952,0,-0.000450007,0.120293577,0,0,-0.057091363,0,-0.015084096,-0.0149723,0,0,-0.01529129,-0.001292044,0,0.007573522,-0.009495688,0,-0.004772662,0,0,-0.003178604,0,0,0,-0.0700195,0.012715387,-0.006858309,0.054891789,0,0,-0.002870664,-0.069264936,-0.001205144,0,0,0,0,0,0,0.238230537,-0.008269569,0,0,0,0,0,0,0.00666399,0,0,0,0.01187805,0,0,0,NA,NA,0.051977513,-0.010948529,-0.015793625,-0.01578116,0,0,0,0,0,0,0,NA,0,0,NA,0,-0.104556216,0,-0.003833555,0.029861053,0,0,NA,0,0,0,NA,-0.034945957,0,0,0.006087901,NA,NA,0,0,0,0,0.119924071,0,0,0,0,-0.000876981,0,0,0,0,0,NA,-0.031828578,0,0,0.282424568,-0.027649163,0.023940177,0,NA,0,NA,-0.005232656,0.090631309,0,0,0,0,0,0,0.013978353,NA,NA,-0.018963522,0,NA,0,0,-0.013303217,0,0,0,-0.023446546,0,0,0,0,0,0.002407917,0,0,-0.159829913,0,-0.103123494,NA,-0.0054408,0,0,0.083847924,0,0,-0.013353388,0,-0.093429386,0,NA,0.026064926,0,0,0,NA,0.001091325,0,0.027916394,0,0.079482376,0,0.008551723,0,0,0.093678101,-0.047938693,0,0,0,0.022908971,0.004150982,-0.028623179,0,0,-0.020445164,0.031533228,-0.018140166,0,0,-0.001512853,0,0.054903533,0.100631797,0.00800608,-0.00187226,0,0,0,0,0.046167602,0,NA,0,0,0,-0.017827385,0,0,0,0,0,0,0.000458501,0,0,0.00886757,NA,0,-0.016913713,0,0,0,0,0,0,0,0,0,NA,0,0,-0.022014413,-0.025109697,0,-0.003412745,0,0,0,0,0,NA,0,0,-0.004264319,0,-0.013383047,0,0.149061186,0.464366584,NA,0,0,-0.060490239,-0.016346736,NA,0,NA,0,0,-0.002768661,0,0,NA,0,0.023228139,0,NA,NA,0,0,0,0,0,0,-0.022349057,0,-0.01099142,0,0,0,0,0,0,0,0.425498745,0,0,0.008816538,-0.010111075,0,-0.016253703,NA,0,NA,NA,NA,0,0,0.014835866,-0.00069453,0,0,0.004651501,NA,-0.001263395,0,NA,0,0,0,-0.00986015,0,-0.0215514,NA,0,-0.019138069,0,0.056592668,0,0,0,-0.007454394,0,0,0.021143395,-0.007599713,0,0,0,0,-0.0753155,0.017579944,0,-0.020910765,-0.084394544,-0.018428988,-0.029894806,0
sh5 (gonadal sheath proximal)  0.049,0,-0.069121868,NA,0,NA,0,0,0,0,-0.002648777,0,-0.187516201,NA,0,0,NA,NA,0,0,0.00269085,0,NA,-0.078453762,0.017605622,-0.003844055,0,0.1397441,0,NA,NA,0,0,-0.043050555,-0.00923663,NA,0,-0.080763438,0,0.019081385,0,0,0,NA,0.015292409,0,NA,NA,NA,-0.063893797,NA,NA,0.05506808,0,0,0,-0.081477424,0,NA,0,0,0.03239606,NA,0,NA,-0.012620645,0,0,0,0,NA,0,0.004876988,NA,NA,-0.002695603,0,0,0,NA,NA,NA,0.232128547,-0.058515019,NA,-0.036211785,NA,0,0,NA,NA,0,0,NA,0,NA,NA,NA,-0.097667345,NA,0,0,NA,0,NA,NA,0,NA,NA,-0.028209577,NA,0,0.022234882,NA,NA,NA,NA,0.106345433,0.014581449,0.113246165,0,0,NA,0,0,0,0,0,0,-0.06609669,NA,-0.009657194,0,0,NA,-0.031968788,0.002273452,0,NA,0,NA,0,0.08362176,0,0,0,NA,0,NA,0,NA,NA,NA,NA,NA,NA,0,NA,0,0,-0.012439469,-0.006828752,0,-0.080439476,NA,-0.009992257,0,0.026774288,0,0,NA,-0.109832907,-0.010805335,NA,-0.0053328,0,NA,0.125485989,NA,0,-0.020789525,0,-0.062164798,-0.010849617,NA,0.026453457,NA,0,NA,NA,0,0,0.002528321,0,0.104479286,0,0,0,0,NA,NA,NA,0,NA,0.032521262,0.012911903,-0.012883552,NA,0,-0.035170941,0.0191861,NA,NA,NA,0,-0.033453267,0.070739538,NA,0.025576453,-0.018462092,0,0,0,0,0.027905154,0,NA,0,0,0,NA,0,0,0,0,0,NA,0,0,NA,0.029686462,NA,-0.004991317,NA,0,0,0.038802509,NA,0,0,-0.013689365,NA,NA,NA,NA,-0.009245274,NA,-0.024517,0,-0.010095614,0,NA,NA,0.008387957,0,NA,-0.000261644,0,NA,0,NA,NA,0.299165147,0.731142443,NA,NA,0.011416068,NA,NA,NA,-0.001872584,NA,0,NA,-0.003806343,0,NA,NA,0,NA,0,NA,NA,NA,NA,NA,NA,0,0.005084047,-0.013142756,0,-0.003097974,0,0,0,NA,0,NA,0,NA,0.355813392,0,0,NA,0,0,NA,-0.020059804,NA,0,NA,NA,0,0.019736804,0,-0.001123212,NA,0.028316698,NA,NA,0,NA,-0.022343451,NA,0,-0.017595677,0,NA,NA,0,-0.034578003,-0.020505289,0.060769934,0,0.032861496,0,0,0,NA,0,-0.021086174,-0.01616181,0,0,0,NA,NA,0,NA,-0.11341814,-0.009274832,0,0
SIA  0.046,0,-0.044684892,NA,-0.00414207,NA,0,0,0,0,0,0.029142476,0.280631908,NA,0.005014572,0,0,0,-0.011276458,-0.015264367,0,0,NA,-0.058728338,0,0,0,0.096074534,0,NA,-0.030660421,0,0,0,NA,0,0,0.052685982,NA,0.005037841,-0.00559611,0,NA,0,0,-0.00669947,NA,0,NA,-0.011226829,0.010408523,0,0.026776508,0,0,NA,-0.079333363,0,0,0,0.122900267,0.125664462,NA,0,NA,-0.019352231,0,0,0.007304045,0,-0.009410912,0,0.004295643,0,0,0,0.022535187,0,0,0,-0.033276107,NA,0,0,NA,0.012177553,0,0,0,NA,-0.017861368,0.088522016,0,NA,-0.000795638,NA,NA,NA,-0.081537653,0,0,0,0,0,NA,-0.009517022,0,0.591803247,NA,-0.021767756,NA,0,0,NA,NA,0,0.164634307,0,0,0.076620378,0,0,0,0,NA,NA,0,0,0,0.002782364,0.009742787,-0.024841572,0,0,0,0.017020572,0.05100513,0,NA,0,NA,0,0.039433393,0,-0.007244333,0,NA,0,0,0.040955073,NA,0,0,NA,0,NA,0,0,0,0,-0.009186007,-0.053927386,0,0,-0.005411309,NA,0.025285749,0,0,-0.003301343,0,NA,-0.026857349,NA,0,NA,NA,0,0,0,-0.007732457,0,-0.060710638,-0.045720179,NA,0.010505355,-0.055719869,0.013153563,0,NA,0.048562,0,0,0,0.007617773,0,0.113199805,0,0.066257452,0.06267989,-0.0193875,0,-0.001709952,0.009439194,0.069389332,0,0,-0.002669118,0,-0.048633469,0.009848363,NA,NA,NA,-0.039242333,0,0.047624858,0.025104394,0,0,0,0.09481485,-0.003826322,-0.010874364,0.025141962,0,NA,0.02111246,0,0,-0.018677159,0.081045446,0,0,0,NA,0,0.019516366,0,0,0.011349296,NA,0,NA,0,0,0,0,-0.03112263,-0.023724435,-0.047327161,0,0,NA,0,-0.015653295,NA,-0.01181429,-0.000493192,0,0,0,0,0,0,NA,0,0,NA,NA,0,0,0.047101691,0.13720174,NA,NA,0,NA,NA,NA,-0.010408964,NA,0,0,-0.018992707,0,NA,NA,0,0,0.00041179,NA,NA,NA,NA,0,NA,0.12311946,0,NA,0,-0.006115299,0,0,0,0.017975059,0,NA,0,0.324363427,0,-0.002612695,0,NA,0,0,NA,-0.005412619,NA,NA,NA,0,0,0,0,0,NA,0,NA,0,NA,0,0.066672146,0.006525035,0.003634656,0.016911733,0,NA,0,0,-0.003738705,0.098371207,0.045080386,0,0,0,-0.01288708,0,0,0,0,0,0,0,-0.04159932,-0.046057023,0.04678535,-0.009189151,NA,-0.078128803,0,-0.077752085,0
SIB  0.045,0,-0.088869989,0,-0.005813477,NA,0,0,0,0,0,0.03024601,0.140464308,-0.035521912,0,0,0,-0.000737149,-0.01406666,-0.032146138,0,0,NA,-0.037361811,0,0,0,0.102897889,0,NA,-0.032181564,0,0,-0.009075142,NA,0,0,0.015671377,0,0.002258554,-0.011479174,0,NA,0,0,-0.015262256,NA,0,NA,-0.025902332,0,0,0.026078171,0,0,NA,-0.090531214,0,0,0,0.109193379,0.138915257,NA,0,0.14088228,-0.032876994,0,0,0.019815096,0,-0.009286252,0,0.000714493,0,0,0,0.034808692,0,0,0,NA,NA,0,0,0,0.001726229,NA,0,NA,NA,-0.016352505,-0.001933772,0,NA,0,0,NA,0,-0.087325488,0,0,0,0,NA,NA,-0.012769785,0,1.405294828,NA,-0.010093969,NA,0,0,NA,NA,0,0.142945792,0,0,0.068421819,0,0,NA,0,NA,0,0,0,0,0,NA,-0.017133395,0,0,NA,0.039862899,0.108022164,0,NA,0,NA,0,0.039635155,0,-0.011149888,0,0,0,0,0.019372208,NA,0,0.023117139,-0.012409632,0,0,0,0,0,0,-0.006189755,-0.073850846,0,0,NA,-0.006891473,0.025982175,0,0,0,NA,NA,0,NA,0,NA,0,0,NA,0,-0.009783896,0,-0.054861453,-0.04074412,NA,0.007609683,-0.06596183,0.017146509,0,NA,0.0598573,0,0,-0.001224646,0.000136501,0,0.11784519,0,0.07879523,0.093053671,-0.013043131,NA,-0.009949117,0.00341714,0.107138928,0,0,-0.002902227,0,0,0.00853936,0,NA,NA,-0.065226594,0,0.052938031,0.025481805,0,0,0,0.060238706,0,-0.015389091,0.000675314,0,NA,0,0,0,NA,0,0,0,0,0.016552284,0,0.021125492,0,NA,0,NA,0,0,0,0,0,NA,-0.014831536,-0.009657823,-0.039104597,0,0,-0.026699821,NA,-0.015801546,NA,-0.011523896,-0.00497705,0,0,0,0,0,0,NA,0,0,-0.018995491,NA,NA,NA,0.06789139,0.131722339,NA,NA,0,NA,NA,NA,NA,NA,0,0,-0.003270914,0,NA,NA,0,0,0,NA,NA,NA,0,0,0,0.109772905,0,-0.019159101,0,-0.003756768,0,0.003831932,0,4.77373653042381e-05,-0.010902176,0,0,0.280340019,0.037113544,-0.006308792,0,0,0,0,NA,-0.01228126,NA,NA,NA,NA,0,0,0,0,NA,0,NA,NA,0,0,0.085089968,0,0,0,0,NA,0,0,-0.007696058,0.093366368,0.03996888,0,0,0,-0.008489431,0,0,0,0,0,0,0,-0.03522704,NA,0.052145069,-0.014002817,NA,-0.045865015,0.004951785,-0.092361117,0
SMB  0.041,0,-0.092065803,NA,-0.007490289,0.113447194,-0.010683225,0,0,0,0,0.0332886,0,0,0,0,0,NA,-0.041238548,-0.017368563,0.00277959,0,NA,-0.054191255,0,-0.000960319,0,0.096500842,0,NA,0,0,0,-0.041345147,NA,0,-0.009357008,NA,0,0,0,0,NA,0,0,-0.009201598,NA,0,0,-0.01544157,0.021177689,NA,0.016576124,0,0,NA,-0.101951676,0,0.003210028,0,0.064621156,0.137444156,0,0,0.123883017,-0.030179269,-0.000427252,0,0.022116092,0,-0.01925274,0,0.024216662,0,NA,NA,0.021402039,0,0,0,NA,NA,0,0,-0.013324808,0.010751461,0,-0.027350859,0,NA,0,0,0,NA,0,-0.006766659,NA,0,-0.085474349,NA,0,0,0,NA,NA,NA,0,0.354461005,NA,-0.011406691,NA,0,0,NA,NA,-0.004533929,0.141643624,0,0,0.09069469,0,0,NA,0,0,NA,0,0,0,0,NA,-0.026479337,0,0,NA,0.006460164,0.090494139,0,NA,0,NA,0,0.059440375,0,-0.013096147,0,NA,0,0,0.135812029,NA,0,0,NA,NA,NA,0,NA,0,0,-0.002844269,-0.055773423,0,0,NA,-0.006619331,0.022546597,0,0,NA,0,0,-0.043616607,NA,0,NA,NA,0.003728431,NA,0,-0.002514131,0,-0.082969087,-0.044244027,NA,0.019441212,-0.025041893,0.090076059,0,NA,0.051734596,0,0,0,0.018753345,NA,0.131713636,0,0.064805276,0.07734303,0,NA,-0.004361325,0.010085353,0.046979972,0,0,-0.003513091,0,-0.049380508,0.018154595,NA,0,-0.025116606,-0.051020602,0,0.034239603,0.041607223,0,0,0.003587769,0,-0.009616634,-0.005261381,0.023484277,NA,NA,0.034190881,0,0,NA,0,0,0,-0.000565553,0,0,0.009863486,0,0,0.026054659,NA,0,NA,0,NA,0,NA,-0.028752493,0,-0.042101701,0,0,NA,NA,-0.016775626,-0.013055868,-0.012017837,-0.009480793,0,0,0,0,0,0,NA,0,0,NA,0,0,0,NA,0.168643617,NA,NA,0,NA,NA,NA,-0.006700671,NA,0,0,0,0,NA,NA,-0.010027806,-0.00173457,0,NA,NA,NA,NA,0,0,0.060767113,0,-0.027994648,0,-0.006035053,0,0.000574469,0,NA,-0.002291329,0,0,0.281526308,0,0,0,0,0,0,NA,-0.008437606,NA,NA,NA,NA,0,0,0,0,NA,0,-0.006324834,0.013993863,0,NA,0.035892555,0.017336143,0,0,0,NA,NA,0,-0.015608082,0.099300324,0.043534949,0,0.02298799,0,0,0.015391826,0,0,0,0,0,0,-0.041302944,-0.049552972,0.057704389,-0.010336905,NA,-0.072842998,0,-0.094961519,0
SMD  0.044,0,-0.07142485,NA,-0.004432918,NA,0,0,0,0,0,0.038915903,0.119312533,0,0,-0.002009005,0,NA,-0.005346071,-0.004058297,0,0,NA,-0.047285123,0,-0.002744736,0,0.101808375,0,NA,0,0,0,0,NA,NA,0,0,NA,0,0,0,0,NA,0.005439694,-0.015462091,NA,0,NA,-0.01919858,0.005809074,0,0.033104491,0,0,NA,-0.077074805,0,0,0,0.056157323,0.377517786,NA,0,0.117379575,-0.022308924,0,0,0,0,-0.009430118,0,0,0,NA,0,0,0,0,0,NA,NA,0,0,0,0,NA,NA,NA,0,-0.003425762,0,0,NA,0,0,NA,NA,-0.079945062,NA,0,0,NA,0,NA,NA,0,0,NA,-0.011471336,NA,0,0,NA,NA,0,0.177107148,0,0,0.084645839,0,0,0,0,0,0,0,0,0,0,NA,-0.007331705,0,0,NA,0,0.065879098,0.00165223,NA,0,NA,0,0.023986847,0,NA,0,0,0,0,0.034997957,NA,0,0.233069752,NA,NA,NA,NA,0,0,0,-0.014030494,-0.038745894,0,0,-0.002525442,-0.001964742,0.020629855,0,0,-0.017278318,0,NA,NA,NA,0,NA,0,0.003430921,NA,0,-0.009704212,0,-0.050083581,-0.055065418,NA,0.012561383,-0.031891358,0,0,NA,0.046586271,0,0,0,0.008380305,0,0.165235996,0,0.037947359,0.058303659,0,0,0,0.005742066,0.028548135,0,0,0,0,-0.027385693,0.010508781,0,0,0,-0.002964693,0,0.053411281,0.03055196,0,-0.000909407,0,0,0,-0.008706952,0.026074156,NA,NA,0,0,0,NA,0,0,0,0,0,0,0,0,NA,0.004174606,NA,0,NA,0,0,0,NA,-0.013955377,-0.00873616,-0.040043472,0,0,NA,NA,-0.009909479,NA,-0.008480367,-0.007146435,0,0,NA,NA,0,0,NA,0,0,NA,0,0,NA,0.06119946,NA,NA,NA,0,NA,NA,NA,-0.000257797,0,NA,0,-0.012004634,0,0,NA,0,0,0,NA,NA,NA,NA,0,NA,0.070831171,0,-0.014022329,0,-0.001084923,0,0,NA,NA,0,0,0,0.239915147,0,0,0,NA,0,0,NA,-0.001471075,NA,NA,NA,NA,0,0,0,0,NA,0,-0.000739137,0,0.121607423,0,0.02812158,NA,0,NA,0,NA,NA,0,-0.000182617,0,0.039303992,0,0,0,0,0,0,0,0,0,0,0,-0.031156822,NA,0.044080269,-0.005872591,0,-0.012499426,0,-0.095504711,0
Spermatheca-Uterine junction  0.035,0,-0.045255925,-0.000145748,-0.024166419,0.064059273,0,0,0,0,0,0.013320876,0,-0.059653239,0.017539073,-0.00229225,NA,NA,0,0,0,0,NA,-0.023200648,0,-0.001321639,-0.108445598,0.002619772,0,NA,-0.059835902,0,0,-0.000414453,NA,0,0.002304174,0.123627135,NA,0,0,0,0,0,0,0,NA,0,NA,0,0,NA,0.032591543,-0.006648032,0,NA,0,0,0,0,0.075594039,2.39553584472231e-05,0,0,0.068068153,-0.002015092,0,0,-0.0043165,0,-0.006360246,0,0.003638898,0,0,0.024084731,0.060819741,0,0,0,NA,NA,0,0,-0.002842883,0,0,0,0,NA,NA,0,-0.019705026,NA,0,-0.007880564,0,NA,0,0,0,0,0,0,NA,0,0.019624341,0,NA,0,NA,0,0.025239695,NA,NA,0,0,0,0,0.055454326,0,0,NA,0,0,0,0.0024115,0,0,0,NA,0,0.0197121,0,NA,0,0,0,NA,0,NA,-0.010782288,0.02872237,0,0,0,0,0,0.005574685,0.049038905,NA,-0.034295486,0,NA,NA,0,-0.02131418,0,0,0,0.014055662,-0.049374825,0,0,NA,0,0,0,0,0,-0.017759504,-0.083497027,0,NA,0,NA,NA,0.09369548,0,0,-0.000621851,0.006480182,-0.031863788,0,NA,0,0,0,0.024830424,NA,0,0,0.011679724,0.063989548,0,-0.014234209,0,0,0.032686551,0.007378161,-0.054255134,0,-0.003733169,NA,0.136990884,0,-0.045313427,-0.00199171,0,0.005729843,0,0.080564401,NA,NA,-0.03153119,0,0.024457771,0.033511658,0,0,0.04738704,0,-0.005524941,-0.003676587,0.018145885,0,NA,0,0,0,-0.009350387,0,0,0,0,0,0.007476569,0.033477593,-0.014011952,-0.016921715,0.054971741,NA,0,0,0.004318279,NA,-0.024591575,-0.008245971,-0.010558629,-0.020607098,0,0,NA,NA,NA,-0.003173513,-0.020005379,-0.02612174,-0.01368597,-0.03760098,0,0.066842877,NA,0,0,NA,0,0,NA,-0.002029567,NA,0,NA,0.212702335,NA,NA,0,NA,NA,NA,0.029761647,-0.003233297,0,-0.024651034,0,0,NA,NA,0,0,0,NA,NA,NA,NA,-0.015153596,NA,-0.01524423,-0.001724974,0.002445722,-0.006487156,-0.00087965,0,0.001952496,0,0,0,NA,0,0.012280584,0,0,0,NA,0,0,NA,0,0,NA,NA,0,-0.018461489,0,0,0,NA,NA,NA,0,0,NA,0,NA,0,-0.019352116,0,NA,NA,0,0,-0.009849591,0.028324959,0,0,0,-0.048442013,-0.020581275,0,0.058197554,NA,-0.002028104,0,-0.008416615,-0.008441806,-0.016486409,0,-0.011890678,NA,0,-0.020889687,-0.036153029,0
Spermatheca bag distal  0.044,0.470700119,-0.071363721,NA,-0.019539066,NA,0,0,0,0,0,0,0.099767903,NA,0,-0.021898023,0.076034825,-0.012845799,0,0,0,0,NA,-0.081328628,0.018297005,-0.002724652,-0.017905245,0.086917061,0,NA,-0.080450212,0,0,-0.082152572,NA,0,-0.024976457,0,NA,0.023793814,-0.168454402,0,NA,0,0,-0.013867913,NA,0,NA,-0.031579256,0,0,0.137437472,-0.000928043,0,NA,-0.053152014,-0.061177576,0,0,0.323833403,0,NA,0,NA,0,-0.011819464,0,-0.012104452,0,-0.01686093,0,0.032301755,0,0,0.008393231,0.032189201,-0.026273838,0,NA,-0.018434485,NA,0,0,NA,0,NA,NA,NA,NA,NA,0,0,NA,0,0,0.138768311,NA,-0.063110844,NA,0,0,NA,-0.035913873,-0.032799245,NA,0,NA,NA,-0.015620912,0,0,0,NA,NA,0,NA,0,0,0.120033397,0,0,NA,-0.013768552,NA,0,0.033329735,-0.018959645,0,0,NA,-0.024078976,0,0,0,NA,0.007167947,0,-0.002342444,-0.047669166,NA,-0.010278906,0.077329413,0,-0.000304205,0,0,0,0,0.122102057,NA,NA,0,NA,NA,NA,0,0,0,0,0,-0.044084464,0,0,0,NA,0,NA,0,NA,NA,NA,-0.018676791,NA,0,NA,NA,0.055839093,NA,0,-0.001541715,0,-0.123067547,0.011700845,NA,0,0,0,0.005682221,NA,0,0,0.034058733,0,0.036362078,NA,0,0,0.017140783,0.062392541,NA,NA,0,NA,0.033815567,0,-0.010103172,-0.023318901,0,0,0.023455169,0,NA,NA,-0.054419001,0.20899784,0.053596886,NA,0.01224204,0,0,0,-0.006754787,0,0,NA,NA,0,-0.017157657,0.014933054,NA,0,0,0,0,0,0,0,0,-0.012530013,0.015583468,NA,0,0,NA,-0.122551425,-0.010916276,NA,-0.000470194,-0.019706777,0,NA,NA,NA,NA,0,-0.047012649,0,0,-0.015793834,0,NA,NA,0,-0.004269452,NA,0,0,NA,NA,NA,0,NA,0.070703044,NA,NA,0,0,NA,NA,0.020495238,NA,NA,0,0,0,0,NA,-0.008612645,0,0,NA,NA,NA,NA,-0.014267522,0,0,0,NA,0,-0.014554823,0,0,NA,0,0,0,0,0.386382504,0,-0.004844819,0,0,0,-0.025469319,NA,-0.010222658,NA,NA,NA,NA,0,NA,-0.00454088,0,0,NA,NA,NA,NA,NA,NA,NA,0,NA,0,NA,NA,0.032175512,-0.021248546,-0.017342689,0.046283519,0,NA,0,-0.016755439,-0.03491435,NA,0.031231989,NA,0,0,0,-0.024311896,NA,0.01855808,-0.024169438,NA,-0.035450963,0,NA,0
Spermatheca bag proximal  0.026,0.487167729,-0.006219862,0,-0.003677021,0,0,0,0,0,0,0,0,-0.012180292,0,-0.001167611,0.008561335,-0.025863059,0,0,0,0,NA,-0.042772743,0,0,0,0.059963546,0,NA,-0.041930546,0,0,-0.045450227,NA,0,0,0,0,0.012690686,0,0,0,0,0,0,0,0,0,0,0,0.020252108,0.095702667,0,0,0,-0.018283321,-0.0317133,-0.005969313,0,0.232249305,0.010493946,0,0,0.157688358,0,0,0,0,0,-0.005801495,0,0.015068803,0,0,0,0.014192751,0,0,0,-0.001331088,NA,0,0,0,0,0.050574651,0,0,0,0,0,-0.004994912,NA,0,0,NA,0,-0.022818104,0,0,0.001249715,NA,-0.055194669,NA,-0.015440385,0,0,NA,0,0,0,0,NA,NA,0,0,0,0,0.05400129,0,0,0,-0.001079585,0,0,0.015531683,-0.021889061,0,0,0,-0.009548606,0,0,0,-0.004534252,0,0,NA,-0.019105654,0,0,0.042636869,0,0,0,0,0,0,0.063250772,NA,0,0,0,NA,NA,0,-0.002333309,0,0,0,0,0,0,NA,0,0,0.02376456,0,0,NA,0,0,NA,0,0,NA,0,NA,0,-0.00026858,0,-0.056358553,0,NA,0,0,0,0,NA,0,0,0.023338953,0,0.017581292,0,0,0,0.005362072,0.027207958,-0.006857432,-0.000990331,0,NA,0,0,0,-0.008961956,0,0,0.00884661,0,-0.002514204,NA,-0.028359092,0.041399413,0.034589136,0,0,0,0,-0.009366689,0,0,0,0,NA,0,0,0,NA,0,0,0,0,0,0,0,0,0,0,NA,0,0,0,-0.079407723,-0.006965632,0,0,-0.000422209,0,0,NA,NA,NA,0,-0.023951352,0,0,-0.003145111,0,0,0,0,0,NA,0,0,NA,0,-0.45289514,0,0.021737883,0,NA,NA,0,0,0,0,0.000913487,-0.001401055,0,-0.00354815,0,0,NA,NA,0,0,0,NA,NA,NA,0.00265606,0,0,0,0,0,-0.001268156,0,0,0,0,0,0,0,0,0.238176043,0,0,0,0,0,-0.026986568,NA,0,NA,NA,NA,0.47100523,0,0,0,0,NA,0,-0.005824187,0,0,NA,0,0,0,-0.006465511,0,NA,NA,0.026690417,-0.00624657,0,0.0166141,0,0,0,-0.002387078,0,0,0,NA,0,0,0,-0.008359612,-0.031880607,0.008599299,-0.022935055,NA,-0.010489111,0.007783754,-0.012083212,0
Spermatheca neck distal  0.022,0.114366669,-0.027614516,NA,-0.003196011,0,0,0,0,0,0,0,0,NA,0,0,NA,0,0,0,0,0,NA,-0.038894402,0,0,-0.000140698,0.059681905,0,NA,-0.029039106,0,0,-0.007889305,NA,0,0,NA,NA,0.009151021,0,0,0,0,0,0,NA,0.00095003,NA,0,0,0,0.080709311,0,0,0,-0.031742953,-0.032871173,0,0,0.243596287,0.01553254,0,0,NA,0,0,0,0,0,-0.005717546,0,0.012108337,0,0,NA,0.012683376,0,0,0,-0.00064558,NA,0,0,NA,0,NA,0,0,0,0,0,0,NA,0,0,NA,0,-0.030325334,0,0,0.002780406,0,-0.045552276,-0.002701001,-0.014101201,0,0,NA,-0.00566042,0,0,0,NA,NA,0,0,0,0,0.053785701,0,0,NA,-0.005035586,0,0,0.02729695,-0.008621404,0,0,NA,-0.001598347,0,0,0,0,0,0,-0.003535286,-0.012840292,NA,0,0.046196886,0,0,0,0.011231692,0,0,0.070040853,NA,0,0,NA,NA,NA,0,-0.00688179,0,0,0,0,0,0,NA,0,0,NA,0,0,0,0,0,NA,0,NA,0.027926746,0,0,0,-0.00517113,0,-0.049112141,0.013386469,NA,0,0,0,0,0,0,0,0.008765104,0,0.015348234,NA,0,0,0.007020497,0.025848718,-0.014130233,NA,0,0.007209611,0,0,0,-0.009512484,0,0,0.008900059,0,NA,NA,-0.021794886,0.065873503,0.034857431,0,0,0,0,0,-0.00088115,0,0,0,NA,0,0,0,NA,0,0,0,0,0,0,0,0,0,0,0,0,0,0,-0.039347674,-0.004094787,0,0,-0.001772202,0,0,0.032600664,NA,0,0,-0.0119592,0,0,-0.005229294,0,0,0,0,0,NA,0,0,NA,-0.004671522,-0.089905119,0,NA,0,NA,NA,0,0,NA,NA,0.002876638,NA,0,-0.003864843,0,0,NA,NA,0,NA,0,NA,NA,NA,NA,0,0,0,0,0,0,-0.005230326,0,0,0,0,0,0,0,0.243701161,0,0,0,0,0,-0.007672989,NA,-0.002810794,NA,NA,NA,0.154587695,0,NA,0,0,NA,0.002089384,-0.000694896,0,0,NA,0,NA,0,-0.005963221,0,NA,0,0.020005681,-0.008549851,0,0.016525579,0,0,0,-0.002095242,0,NA,0,0,0,0,0,-0.013203209,-0.024095556,0,-0.031899111,NA,-0.011460116,0.02598972,-0.012879242,0
Spermatheca neck proximal  0.033,0.200712502,-0.059789205,NA,-0.014943299,NA,0,0,-0.000228509,0.005465648,0,2.70616350424877e-05,0.23532132,NA,NA,NA,NA,NA,-0.0058516,0,0,0,NA,NA,0,-0.011841175,0,0.071372442,0,NA,-0.050500581,NA,0,-0.025722639,NA,NA,-0.008999504,NA,NA,0.00789554,NA,0,NA,NA,0,NA,NA,NA,NA,NA,0,NA,0.132892585,NA,0,NA,-0.030068615,-0.06092985,0,0,0.214594615,0.058598261,NA,0,NA,NA,NA,0,-0.011499851,0,NA,0,0.013226676,NA,NA,NA,0.030490158,-0.024699401,NA,NA,NA,NA,NA,NA,NA,NA,NA,NA,NA,NA,NA,NA,0,NA,-0.005012979,NA,NA,NA,-0.072395043,NA,NA,NA,NA,-0.036449551,NA,NA,0,NA,NA,NA,NA,0,0,NA,NA,NA,NA,0,0,0.089008524,NA,NA,NA,-0.016191647,NA,0,0.049741036,-0.035336987,0,0,NA,-0.005859219,0,NA,0,-0.004726641,NA,-0.005277436,NA,-0.024407234,NA,NA,0.080949203,NA,NA,NA,NA,0,NA,NA,NA,NA,NA,NA,NA,NA,0,NA,0,0,0,-0.027825368,-0.00260023,0,NA,NA,0,NA,0,-0.011259717,NA,0,NA,NA,0,NA,NA,NA,NA,0,-0.007917464,NA,NA,0.05133775,NA,NA,NA,NA,0.000205214,NA,0,0,0.015875854,0,NA,NA,NA,0.011365528,0.013901282,0.040365534,NA,NA,NA,NA,0.01525563,0,-0.035562498,NA,NA,0,0.02044059,NA,NA,NA,NA,NA,NA,NA,NA,NA,NA,0,-0.013329181,0,0,NA,NA,NA,0,0.004318085,NA,0,0,NA,NA,NA,NA,0,NA,NA,0.003503475,NA,0,NA,NA,NA,-0.016822962,NA,NA,NA,NA,NA,NA,NA,NA,0,-0.027907207,NA,NA,-0.023188563,0,NA,NA,NA,-0.008905862,NA,NA,0,NA,NA,NA,NA,NA,NA,NA,NA,0,NA,NA,NA,NA,NA,NA,NA,0,NA,NA,NA,-0.004341415,NA,0,NA,NA,NA,NA,NA,NA,NA,0,NA,0,NA,0,0,-0.015857381,0,-0.008899706,0,NA,NA,0,-0.005767015,NA,NA,0,-0.018385728,NA,NA,NA,NA,NA,NA,0,NA,0,NA,NA,0.02224085,NA,NA,NA,NA,NA,NA,0,NA,0,NA,NA,0.020345827,-0.015093249,NA,0.02156522,0,NA,NA,-0.0138934,-0.028576972,NA,NA,NA,0,0,0,-0.03661012,NA,NA,NA,NA,-0.042400535,0.006486736,NA,0.017096396
Spermatids  0.029,0,0,0,0,0,0,0,0,0,0,0,0,0,0,0,0,0,0,0,0,0,0,0.044633742,0,0,0,0,0,0,0,0,0,0,0,NA,0,0,0,0,0,0,0.041835273,NA,0,0,0,0,0,0,0,0,0,0,0,0,0,0,0,0,0,0,0,0.396074508,NA,0,0,0,0,0,0,0,0,0,0,0,0,0,0,0,0,NA,0,0,0,0,NA,2.498428474,0,NA,0,0,0,NA,0.01850217,0,NA,0,0,0,0,0,0,0,0,0,0,0,NA,0,0,0,0,NA,NA,0,0,0,0,0,0,0,0,0,0,0,0,0,0,0,NA,0,0,0,NA,0,0,0,NA,0,NA,0.019734182,0,0,-0.002714679,0,0,0,0,0,NA,0,0,NA,0,NA,0,0,0,0,0,0,0,0,0,0,0,0,0,0,0,0,0,NA,0,NA,NA,NA,0,0,0,0,0,0,NA,0,0,0,0,NA,0,0,0,0,0,0,0,0,0,0,0,0,0,0,0,0,0,0,0,0,0,0,0,NA,0,0,0,0,0,0,0,0,0,0,0,0,NA,0,0,0,NA,0,0,0,0,0,0,0,0,0,0,NA,0,0,0,0,0,0,0,0,0,0,NA,0,NA,-0.007157402,0,0,0,0,0,0,NA,0,0,NA,0,0,0,0,0,0,NA,0,NA,0,0,0,0,0,0,0,0,-0.002482094,0,0,0,0,0,0,0,NA,NA,NA,0,0,0,0,0,0,0,0,0,0,0,0,0,0,0.15025157,0,0,0,0,0,0,0,0,0,0,NA,NA,0,0,0,0,0,0,0,0,NA,0,NA,0,0,0,0,0,NA,NA,0,0,0,0,0,0,0,0,0,0,0,0,0,0,0,0,0,0,0,0,0,0,0,0
Spermatocytes  0.031,0,-0.011731902,0,0,0,0,0,0,0,0,0,0,0,0,0,0,0,0,0,0,0,0,0.076492371,0,0,0,0,0,0,0,0,0,0,0,0,0,0,0,0,0,0,0.028604977,0,0,0,0,0,0,0,0,0,0,0,0,NA,0,0,0,0,0,0,0,0.946561685,0.037451077,0,0,0,0,0,0,0,0.017766219,0,0,0,0,0,0,0,0,0,0,0,0,0,0,0.255637823,0,NA,0,0,0,NA,0.025969176,0,0,0,0,0,0,0,0,0,-0.024350925,0,0,0,NA,0,0,0,0,0,NA,0,0,0,0,0,0,0,0.330777521,0,0,0,0,0,0,0,NA,0,0,0,0,0,0,0,NA,0,0,0.048639044,0.024557569,0,-0.004339415,0,0,0,0,0,NA,0,-0.000537778,0,0,0,0,-0.003902055,0,-0.007706595,0,0,0,0,0,-0.001532971,0,-0.007063304,0,0,0,NA,0,0.163462626,0,0,0,0,0,0,0,0,0,0,0,0,0,0,0,NA,0,0,0,0,0,0,0,0,-0.000981,0,0,0,0,0,0,0,0,0,0,0,0,0,0,0,0,0,0,0,0,0,0,0,0,0,0,0,NA,0,0,0,0,0,0,0,0,0,0,0,0,0,0,0,0,0.005632174,0,0,0,0,0,0,0,0,0,-0.002885673,0,-0.009327859,0,0,0,0,0,0,NA,0,0,NA,0,0,NA,0,NA,0,0,0,NA,0,0.01129913,NA,0,NA,-0.002376872,0,0,-0.007109677,0,0,0,0,0,0,0,0,NA,0,-0.006916833,0,0,0,0,0,0,0,0,0,0,0,0,0,0.212751323,0,0,0,0,-0.016114324,0,0,NA,0,0,NA,NA,0,0,0,0,0,0,0,0,0,0.701523946,NA,-0.002217934,0,0,0,0,0,NA,0,0,0,0.001535975,0,0,0,0,0,0,0,0,0,0,0,0,0,0,0,0,0,0,0,0
Syncitial pachytene spermatocytes  0.040,0,-0.10614886,NA,0,NA,0,0,0,0.018697265,0,0,-0.187230234,0,0,0,0,0,NA,-0.006913136,0,0.002327463,NA,-0.119381884,0.110662703,NA,-0.001323497,0.216236765,0,NA,-0.038507481,NA,0.029540463,-0.01365404,NA,0,-0.03719361,NA,NA,0.031974377,-0.004288405,0.0047481,NA,0,0.00400545,-0.026064403,NA,0.017415241,NA,-0.15248079,0,NA,0.046184212,0,0,NA,-0.042110114,-0.040835749,0,NA,0,0,NA,0.168664757,NA,-0.036775668,0,0,0,0,0,0.002177291,0.03170464,0,NA,NA,NA,-0.024318683,0,NA,NA,NA,0,0,0,-0.011000626,NA,0,NA,NA,NA,0,NA,NA,0,0,NA,0,-0.060837321,NA,NA,NA,0,0,NA,NA,NA,NA,NA,-0.024987101,-0.022733378,0,0,NA,NA,NA,NA,0,-0.000422612,0.146245004,NA,0,0,-0.01151585,NA,0,0.01028042,-0.028658878,0.042088545,0,-0.010674664,-0.04237524,NA,0.033873959,NA,NA,0.059313599,0,NA,NA,NA,0,0.11216109,-0.008674038,-0.009011883,-0.003489049,NA,0,NA,NA,NA,NA,NA,NA,NA,NA,NA,NA,0,NA,NA,-0.004136287,0,NA,-0.030252218,NA,0,NA,0,NA,NA,NA,-0.039006499,NA,NA,NA,NA,NA,NA,0,-0.019541384,0,-0.140102929,0,NA,0.017564252,0,0,0,NA,0.019730283,0,0.022462599,NA,0.066449359,0,NA,0,NA,0.131288223,NA,NA,0.004934006,NA,0,0.016171869,0,0,0,-0.002545585,0.024262869,-0.019384953,NA,NA,NA,0,0.114655333,0,0.070322342,-0.043139303,NA,0,0,NA,-0.012488229,NA,NA,0,0,0,NA,0,0.059559351,0,NA,NA,0,0,0,NA,0,NA,NA,NA,NA,0,NA,-0.015190659,0,0,-0.016869003,NA,NA,NA,NA,NA,NA,-0.010610873,NA,-0.004391588,0,NA,NA,NA,0,NA,0,NA,NA,NA,NA,NA,NA,NA,NA,NA,0,0,NA,NA,NA,NA,0,-0.01333372,0,0,NA,NA,0,0,NA,NA,NA,NA,NA,-0.033422068,NA,0,2.51081176072727e-05,NA,NA,-0.012644034,0,0,NA,0,0,NA,NA,NA,NA,-0.014886757,0,NA,NA,-0.043492075,NA,NA,NA,NA,NA,NA,0,NA,-0.006280757,NA,NA,0,NA,NA,NA,NA,NA,NA,0,NA,0,NA,NA,0,-0.085176452,NA,NA,-0.033496124,0.003780698,0,0,0,NA,0,NA,NA,0,NA,0,NA,NA,-0.018906066,NA,-0.075247733,-0.005084267,NA,0
Unassigned hypodermis/gonadal sheath  0.045,0,-0.14363698,NA,0,NA,0,0,0,0,0,0,-0.033626752,-0.051371335,0,0,NA,0,0,0,0.258501559,0,NA,-0.149375063,0.030677849,-0.014851531,-0.033902916,0.10838649,0,NA,-0.089924727,0,-0.08358983,-0.034947962,NA,0,-0.016559965,-0.016839706,NA,0.03615451,-0.178533427,0,-0.017320003,0,0.043916284,-0.045322395,NA,0,NA,-0.071144554,0.021003346,NA,0.043957222,0,0,NA,-0.089651353,0,0,0,0.030694243,0,0,0,0.264018678,-0.014674391,-0.000450745,NA,0,0,NA,0,0,0,NA,0,0,0,0,0,0,NA,0,-0.013910402,NA,-0.040047343,NA,0,0,NA,0,0,0,NA,0,0,0.127287047,0,-0.154513025,0,-0.001328346,0,0,0.015118933,NA,0,0,NA,NA,-0.020484229,NA,0.005918435,0,NA,NA,NA,0.029430703,0,0,0.083660333,0,0,0,0,0,0,0,0,0,-0.032406181,NA,-0.024600025,0,0,0.002511811,-0.030371578,0,0,NA,-0.006088016,NA,0.012627814,0.059031233,0,0,0.027248571,0.165948479,0,0,0,NA,0,-0.026628622,NA,-0.002334312,NA,-0.005602982,NA,0,-0.006664199,-0.000101625,-0.144912745,0.0014761,0,-0.005238549,-0.006464038,0.002237259,NA,0,0,-0.005992549,NA,-0.102717841,NA,-0.002312818,NA,NA,0.041177428,0,0,-0.018500569,0,-0.144184396,-0.012454647,NA,0.012981671,0,0,-0.012337319,NA,0,-0.035233762,0.009599803,0,0.011436525,0,0,0,0,0.179344014,-0.039696664,0,0,0,0.30392318,0.006499395,-0.007202809,NA,0,-0.118835625,0.027496888,-0.022655614,0,-0.00959907,-0.056695484,0,0.053218507,0.303215628,0,-0.000374611,0.123103631,0,0,-0.016373598,0.016564199,NA,NA,0,-0.048512401,0,NA,0,0,0,0,0,0,0,0.005375557,0,0.027526233,NA,0,NA,0,0.388432207,0,NA,0,-0.039470868,0,NA,0,NA,NA,0,-0.020711689,-0.092604171,0,-0.01151141,0,0,0,0.00150744,0,NA,0,0,0,0,-0.038797137,0,0.098744965,0.196048531,NA,-0.001463737,0.012102011,-0.033937449,NA,0,-0.004258296,0,0,0,-0.002850365,0,0,NA,0,0.000394526,0,NA,NA,NA,0,0,NA,0,0.002857032,0,0,-0.005682555,0,-0.127223576,0,NA,-0.05577895,0.01471527,0,0.460949683,0,0,0,NA,0,-0.011132753,NA,-0.009483919,NA,NA,NA,NA,0,0.004781449,0,0,NA,0,NA,NA,0,0,-0.005061311,NA,0,0,0,-0.033358076,-0.011347543,0,-0.023978376,-0.002885828,0.064163115,0,0.134546071,0,-0.004465496,0,NA,0,0,-0.032221072,0,0,0,-0.09639316,0.29673855,0,-0.035249202,-0.053326209,-0.019592977,-0.027163917,0
Unassigned sex-specific muscle  0.054,0,-0.043551232,NA,0,NA,0,0,0,0,-0.002021774,0,0,NA,0.003149186,-0.002863971,NA,0,-0.014321162,0,0,0,NA,-0.031432363,0,-0.016826149,0,0.093316025,0,NA,-0.034775135,0,0,0,NA,NA,0,NA,NA,0.015072617,0,0,NA,NA,0,0,NA,0,NA,0,0.013553208,NA,0.040180614,0,0,0,-0.080926164,0,NA,NA,0.165021871,0.015330997,NA,0,NA,-0.00818268,0,0,0,0,0,0,0,0,NA,NA,0,0,-0.000431728,-0.146922388,NA,NA,0.381552886,-0.070393014,NA,-0.033474878,NA,0,NA,NA,NA,NA,NA,NA,0,NA,NA,0,-0.073706973,NA,NA,0,NA,0,NA,-0.029058694,0,0,NA,-0.00123823,NA,0,0.030586984,NA,NA,NA,NA,NA,0.018424348,NA,NA,0,NA,0,NA,NA,0,0,0,-0.127000117,NA,0,NA,0,NA,-0.011534868,0.008599853,0,-0.011694511,0,0.033301385,-0.023409297,0.062478658,0,NA,-0.000856462,0,0,0,0,NA,NA,-0.019481951,NA,NA,NA,-0.094477332,-0.003904924,0,0,-0.003877412,0,0,NA,NA,NA,0,NA,0.016615355,NA,NA,NA,NA,NA,-0.015048377,NA,NA,0.319333886,-0.133442401,0,-0.02070141,-0.001886436,-0.039580157,-0.012791162,NA,0.011048134,0,0,0,NA,0,0,0.003735442,NA,NA,0,0,0,0.009421745,0.068369216,-0.00229071,NA,0,-0.022419263,0.006642341,0,-0.013509752,-0.070079972,0,0,0.001483179,NA,NA,NA,0,0,0.048134732,NA,0,-0.008350228,0,0,0,0,0.039755095,NA,NA,0,0,0,NA,0,0,0,0,NA,NA,0,0,0,NA,NA,0,NA,NA,0,0.031125626,NA,0,-0.004589537,-0.019960457,-0.342883658,NA,NA,NA,-0.018783842,NA,-0.022600845,0,-0.038739051,0,0,0,0.038608927,0,NA,-0.010021912,0,NA,NA,NA,NA,NA,1.353744249,NA,NA,0.008312043,NA,NA,NA,-0.002007896,0,NA,NA,-0.026688557,0,NA,NA,0,NA,NA,-0.049972228,NA,NA,NA,0,0,NA,0,NA,0,-0.004046779,0,0,0,0,0,NA,0,NA,0.235211389,0,0.114986127,NA,0,0,NA,0,NA,NA,NA,0,0,NA,0,-0.013559634,NA,0.062495183,0,NA,NA,NA,NA,-0.000205947,0,NA,0,NA,NA,0,-0.022603131,-0.034767755,0.07359553,NA,0,0,0,0,NA,0,NA,NA,0,NA,NA,-0.000124075,0,NA,NA,-0.111883395,-0.023244493,0,0
Unassigned sheath cells  0.049,0.046997413,-0.078798114,NA,-0.007795777,NA,0,0,0,0,0,0.006079483,0,NA,0,-0.000264811,0,0,0,0,0,0,NA,-0.083956656,0.001601359,0,-0.05826494,0.098793665,0,NA,-0.022814263,0,-0.022671649,0,NA,-0.0365234,0,0,NA,0,-0.018637856,0,0,-0.00317422,0,0,NA,NA,NA,-0.053258067,0.004088421,0,0.048908735,0,0,0,-0.071980512,-0.015186014,0,0,0.095935352,0,NA,0,NA,-0.005086014,-0.010072552,0,0,0,-0.004345442,0,0.014123596,0,-0.065012087,0,0.019003728,0,0,NA,-0.02843242,NA,0.089435982,-0.051505908,0,0,0.025766736,NA,NA,NA,NA,0,0,NA,0,0,NA,0,-0.095384883,NA,NA,0.031036925,NA,0,NA,-0.007786844,0,NA,NA,-0.025039761,NA,0,0,NA,NA,NA,NA,0,0.000700086,0.097076449,0,0,NA,0,NA,0,0,0,0,0,NA,-0.04070021,0,0,0.373392301,NA,NA,0,NA,0,NA,-0.016175347,0.066664685,0,NA,0,NA,0,0,0.053572616,NA,NA,-0.013484386,NA,NA,NA,0,NA,0,0,0,0,0,-0.016199869,NA,NA,0,NA,0.016948989,0,NA,NA,NA,NA,0,0,NA,NA,NA,0,0,0,-0.060722643,0,NA,0.047625097,0,0,0,NA,0,0,0.020715389,0,0.068273832,-0.009333125,0,0,0.02691515,0.048956339,0,NA,0,0,0.021614018,0,0,-0.00914049,0,0,0.032839398,0,NA,NA,0,0.688866857,NA,0.069820608,0.003274586,0,NA,0,-0.004141763,0,0.080538656,NA,NA,0,0,0.000398668,NA,0,0,0,0,0,0,0,0,0,0.037127689,NA,0,-0.004923812,NA,0,0,0,0,-0.008164259,0,-0.077998302,0.01765687,NA,0,-0.003118583,-0.03477133,-0.017495299,0,-0.050611253,0,0,0,0,0,NA,0,0,0,NA,-0.288924967,0,NA,0.581866914,NA,0,0,-0.033940211,NA,NA,0.010395861,NA,0,NA,0,0,NA,NA,0,NA,0.004266438,NA,0.008061627,NA,-0.000971061,0,-0.069633005,NA,0,-0.019212247,0,-0.014996199,0,0,-0.008174701,NA,0,0.002016426,0,0.344974228,0,0,0.026756066,NA,0,-0.015920934,NA,NA,NA,0,NA,0.019449923,0,NA,-0.014245292,-0.015917628,NA,0.079790086,0,NA,NA,NA,NA,NA,0,NA,0,NA,NA,0.035919394,0,NA,0.055926773,0,0,0,-0.003268202,0,0,0.098939649,NA,0,0,0,0,NA,NA,-0.002136851,NA,0,0,NA,0
Unassigned uterine cells  0.028,0.621246577,-0.02190328,0,-0.016639492,0,0,0,0,0,0,0.009328943,0,NA,0,0,NA,NA,0,0,0,0,NA,-0.032327944,0,0,-0.05443237,0.045181801,0,NA,-0.031388687,NA,0,-0.076856456,NA,NA,0,0,NA,0.006120995,-0.00793156,0,0,0,0,0,NA,0,NA,-0.014591377,0.008784607,NA,0.04046336,0,0,NA,-0.025977832,0,NA,0,0.235641277,0.012122399,0,0,0.119114363,0,0,0,0,0,-0.00491305,0,0,NA,NA,0.004475108,0.025540852,0,0,NA,NA,NA,0,0,NA,-0.007749522,NA,NA,NA,NA,NA,0,NA,NA,0,0,NA,NA,-0.03919773,NA,0,0,NA,-0.005314369,NA,NA,0,0,NA,0,0,0,0,NA,NA,0,NA,0,0,0.030066005,0,0,NA,0,NA,0,0,0,0,0,NA,-0.016494294,0.006681777,0,NA,-0.004309605,NA,0,0,0,NA,-0.001687614,0.050509498,NA,-7.98E-05,0,NA,0,0,NA,NA,NA,0,NA,NA,NA,0,NA,0,0,0,-0.029924689,0,0.160594655,NA,NA,0,0.002916931,0,NA,NA,NA,NA,NA,0,0,NA,NA,0,0,-0.000745203,0,-0.046458827,0,NA,0,0,0,0.00897393,NA,0,0,0.00924117,0,0.006247924,NA,0,0,0.021305073,0.039394954,-0.022774103,NA,0,NA,0.069400483,0,-0.00276651,-0.005997473,0,-0.012450705,0.001142633,NA,NA,NA,-0.020505725,0,0.014462539,0.020053568,0,0,NA,0,-0.005938175,-0.005993453,0.024656343,NA,NA,0,0,0,NA,0,0,0,0,0,0.023805065,0,0,0,0.015862059,NA,0,-0.029004048,0.018203977,NA,-0.005650799,NA,0,-0.039320191,0,0,NA,NA,NA,0,-0.013470908,-0.013162763,0,-0.000158816,NA,NA,NA,0,0,NA,NA,0,0,-0.004908266,NA,0,NA,NA,NA,NA,0,NA,NA,NA,NA,NA,0,-0.001672859,0,0,NA,NA,0,NA,0,NA,NA,NA,NA,-0.010756157,NA,0,0,0.019691767,0,0,0,0,0,0,0.096798485,NA,0,0.154679277,0,0,NA,NA,0,-0.019008943,NA,0,NA,NA,NA,NA,0,NA,0,0,NA,0,NA,NA,0,NA,-0.008119134,NA,0,-0.011216472,0,NA,NA,0,-0.008935765,NA,0.02646234,0,0.015689447,0,-0.015393408,-0.0012337,NA,0,NA,0,0,0,-0.014618484,-0.01852981,0,-0.016749749,NA,-0.024803267,0,NA,0
URA  0.047,0,-0.112758793,NA,NA,NA,-0.003800358,NA,0,0,0,0.067145416,0.226145492,NA,0,0,NA,NA,0,-0.00933619,0.050132438,0,NA,-0.075607039,0,-0.023864509,NA,NA,0,NA,NA,0,0,-0.020858969,NA,0,NA,0,NA,0,NA,-0.007798062,NA,NA,0,NA,NA,0,NA,NA,0.02248823,NA,0.049288505,NA,0,NA,-0.105723247,NA,NA,0,0.181286537,0.133220244,NA,0,NA,NA,NA,NA,0,NA,NA,NA,NA,0,NA,NA,0,-0.022425792,0,0,NA,NA,0.009159356,NA,NA,NA,0,NA,0.056926846,NA,0.024571359,NA,0,NA,-0.009494111,-0.005088787,NA,NA,-0.105181665,NA,0.01695726,NA,NA,0,NA,NA,0,NA,NA,-0.000373818,NA,0,0,NA,NA,NA,0.219877582,0,0,0.100617002,NA,NA,NA,-0.003043169,NA,NA,0.005836876,0,-0.020937723,0,NA,NA,NA,0,NA,NA,0.072096718,0.051991267,NA,0,NA,NA,0.070597922,0,NA,NA,NA,0,0,NA,NA,NA,NA,NA,NA,NA,-0.055663169,NA,0,0,-0.029256467,-0.041189187,0.004625916,NA,NA,NA,0,NA,0,NA,NA,NA,NA,NA,0,NA,NA,0.02068846,NA,0.006970687,-0.032396386,0.006908387,NA,-0.037541663,NA,NA,NA,0,-0.003739442,NA,0.110967602,-0.000669215,0,0,0.033355322,NA,NA,0.003539292,0.082046527,0.080702275,NA,NA,-0.008153284,NA,0.03051793,0,0,NA,0,-0.049737992,0.035926566,0.028730343,NA,NA,-0.017357546,NA,0.071731576,NA,0,0,0.028422371,0.163434461,-0.011376018,-0.006254762,0.05956431,NA,NA,0,0,0,NA,0,NA,0,-0.002639579,NA,NA,0.006128903,NA,NA,NA,NA,0,NA,NA,NA,0,NA,-0.057422203,-0.003814661,-0.049828353,NA,NA,NA,NA,NA,NA,NA,NA,NA,0,NA,NA,0,NA,NA,NA,NA,NA,NA,0,NA,NA,NA,NA,NA,0.018803664,NA,NA,NA,NA,NA,0,0,0,0,NA,NA,0,NA,NA,NA,NA,NA,NA,0.037628275,NA,NA,0,NA,0,0,-0.015526546,0,0.016320811,NA,-0.047446132,0,NA,NA,0.003330126,-0.001607795,0,NA,0,0,NA,NA,NA,NA,NA,NA,0,NA,0,NA,NA,NA,NA,NA,0,NA,NA,NA,NA,0.221192418,0,NA,NA,0,-0.021819565,NA,0.041762934,0,0,NA,-0.006953987,0,NA,0.080980146,NA,NA,0,0,-0.02682939,NA,NA,-0.039498501,NA,-0.11908922,0,-0.171800092,-0.001645359
URB  0.045,NA,NA,NA,-0.038025607,NA,NA,0,NA,0,0,NA,NA,NA,NA,-0.024998926,NA,-0.009616867,0,0,0,0,NA,-0.109989572,NA,NA,NA,NA,NA,NA,NA,NA,0.203435888,-0.029634704,NA,NA,NA,NA,NA,0.005537108,NA,NA,NA,0,0.050537726,NA,NA,NA,NA,-0.05935819,NA,NA,0.065619477,NA,-0.046993474,NA,-0.05885048,NA,NA,NA,0.061576214,0.11622769,NA,0,NA,NA,NA,NA,0.022446163,NA,NA,NA,NA,NA,NA,NA,0.006628285,0,0,NA,NA,NA,NA,NA,NA,0,NA,NA,NA,NA,0,NA,0,NA,-0.010354753,NA,NA,NA,NA,NA,NA,0.021113681,NA,NA,NA,NA,0,NA,NA,NA,NA,0,NA,NA,NA,NA,0.210825375,0,-0.013445782,NA,NA,0,NA,-3.99E-05,NA,NA,NA,-0.005921193,NA,0,NA,NA,NA,NA,NA,NA,0.095760913,0.052837801,NA,0,NA,NA,0.115454321,NA,NA,NA,NA,NA,0,NA,NA,NA,NA,NA,NA,NA,NA,NA,0,-0.004770029,-0.014502199,-0.046647146,0,NA,NA,NA,0.029645335,NA,0,NA,NA,NA,NA,NA,NA,NA,NA,NA,NA,0.004462696,NA,0,-0.085852377,-0.02029828,NA,0.028040058,NA,0.008675881,NA,NA,NA,0,0,NA,NA,NA,NA,0.033980361,0.035350523,NA,NA,NA,NA,NA,0.050629772,NA,NA,NA,0,-0.061525568,NA,NA,NA,NA,NA,NA,NA,NA,0.011658784,-0.026844828,NA,0,-0.004516666,NA,0.062612362,NA,NA,0,NA,0,NA,0,NA,NA,NA,NA,NA,NA,NA,NA,NA,NA,0,NA,NA,NA,NA,NA,NA,-0.02734723,NA,NA,NA,NA,NA,NA,NA,-0.037409933,-0.019297689,NA,0,0.006448566,NA,0.019479154,0,NA,NA,NA,NA,NA,NA,NA,NA,NA,NA,NA,0.020468439,NA,NA,NA,NA,NA,NA,NA,0,NA,NA,NA,0,NA,0.007022241,NA,NA,NA,NA,NA,NA,NA,0,NA,-0.012576007,-0.006423592,-0.017944723,0.000468296,0,NA,NA,NA,NA,NA,NA,-0.013521389,0,NA,NA,NA,NA,NA,NA,NA,NA,NA,0,NA,NA,0,NA,NA,NA,NA,NA,NA,NA,NA,0.006564742,0.20536811,0,NA,NA,0,-0.009861236,NA,NA,0,NA,NA,-0.016215077,NA,NA,0.061616859,NA,NA,0,NA,NA,NA,NA,NA,NA,NA,NA,-0.133006133,0
URX_AQR_PQR  0.040,0,-0.123097546,NA,-0.018283752,NA,0,0,0,0,0,0.034873511,0,NA,0.017176732,-0.007696093,0,NA,-0.002187279,-0.007251794,0.020866636,0,NA,-0.102538146,0,-0.014533664,0,0.111884806,0,NA,-0.006182541,0,0.003554195,-0.008077254,NA,NA,-0.006495741,NA,NA,NA,NA,NA,NA,0,0,-0.032573021,NA,NA,NA,-0.033147387,0.008775025,NA,0.057448113,NA,0,NA,-0.092562324,0,0,0,0.072348103,0.226459711,0,0,0.198737522,NA,-0.015367589,NA,0,0,-0.015704411,0,0.01576494,0,NA,NA,0.015635857,-0.02161551,0,NA,NA,NA,0,0,NA,0,NA,-0.001863258,NA,NA,NA,NA,NA,NA,-0.003829912,NA,NA,NA,-0.09293435,NA,0,0,NA,0,NA,NA,0,NA,NA,NA,NA,0,0,NA,NA,NA,0.116796433,0,0,0.109842065,NA,0,0,-0.001220513,NA,NA,0.003244381,0,-0.001644193,0,NA,-0.023438118,-0.003129692,0,NA,0.081007352,NA,0.017949979,NA,0,NA,0,0.06763817,NA,NA,0,NA,0,0,NA,NA,0,0.028792611,NA,NA,NA,NA,0.05005413,0,0,-0.011914618,-0.020130653,0,0,NA,NA,0.019303388,NA,0,NA,0,NA,NA,NA,0,NA,NA,NA,NA,0,-0.010642501,0,-0.090162824,-0.052938814,NA,0.021486866,-0.054762816,0,0,NA,0.066650123,0,0,NA,0.087208569,0,0.241751998,0.005213844,0.021669504,0.079127713,NA,NA,0,0,0.068821937,0,0,NA,0,-0.060982989,0.017553516,NA,0,-0.062837879,-0.021959378,0,NA,0.090540573,NA,0,0.022942456,0.029122999,-0.014945212,-0.010703207,0.031809107,NA,NA,0,0,0,NA,0,0,0,0,0,0.007708747,NA,0,NA,0.042304107,NA,NA,-0.009852431,NA,NA,0,NA,-0.02096617,-0.022580732,-0.016864494,0.052261011,NA,0,NA,NA,NA,-0.043904479,0,0,0,0,0,0,NA,NA,NA,0,-0.00902715,0,NA,NA,0.043345298,0.106669165,NA,NA,0.009520741,NA,NA,NA,NA,NA,NA,-0.010261897,-0.009705703,0,NA,NA,0,NA,0.030426588,NA,NA,NA,NA,0,0,NA,0,-0.012997561,0,-0.014278861,0,0,-0.023620334,NA,0,0,NA,NA,0,0,0,NA,0,0,NA,-0.002198728,NA,NA,NA,NA,0,NA,0,0,NA,0,NA,NA,0,NA,0,0.00812268,0,0.072120454,0,NA,NA,0,-0.01670713,NA,0.042866108,0,0.001697941,0,-0.001293542,0.028733157,NA,0.009812168,NA,0,0,0,NA,-0.03418889,0.045203092,NA,NA,-0.08240159,0.011046769,-0.070952023,-0.009381708
URY  0.043,0,NA,NA,-0.035065483,0,0,0,0,0,0,0.038779612,0.205404101,NA,NA,NA,NA,NA,0,0,0.018326405,0,NA,NA,NA,NA,0.032390151,NA,0,NA,0,0,0,-0.019112735,NA,NA,0,NA,NA,NA,NA,0,NA,NA,0.037689033,NA,NA,0,NA,-0.002844636,NA,NA,0.050012421,0,NA,NA,-0.059312004,NA,0,0,0.029348885,0.194007272,NA,0,NA,NA,0,NA,0.009383233,0,NA,0,0.000723661,0,NA,NA,NA,0,0,0,NA,NA,0.047366405,NA,NA,0,0,NA,0.054458745,NA,NA,0.432327081,NA,NA,-0.003085598,NA,NA,NA,-0.112913137,NA,0,NA,NA,NA,NA,NA,0,NA,NA,NA,NA,0,0,NA,NA,NA,0.177940462,NA,0,0.067005111,NA,NA,NA,0,NA,NA,0,0,-0.012532551,0,NA,-0.023989107,NA,NA,NA,NA,0.094454416,0,NA,NA,NA,NA,0.077525045,NA,-0.014612589,NA,NA,0,NA,NA,NA,NA,NA,NA,NA,NA,NA,0.019827696,NA,0,-0.013268588,0,0,NA,NA,NA,0,NA,0,NA,0,NA,-0.003344579,NA,0,NA,NA,NA,NA,0.015224433,-0.01954211,0,-0.058101858,-0.026419494,NA,0.010299463,NA,0,NA,NA,0.123972567,0,0,NA,0,NA,NA,0,NA,0.063549453,NA,NA,NA,NA,0,NA,0,NA,0,NA,0.028584998,NA,NA,NA,0,0,NA,NA,NA,-0.005594298,NA,0,-0.007202962,0,0.033636169,NA,NA,0,0,0,NA,0,0,NA,NA,0.027113641,NA,NA,NA,NA,NA,NA,NA,NA,NA,NA,0,NA,-0.016091768,-0.029457394,NA,NA,NA,NA,NA,NA,NA,-0.017143584,0,0,NA,0,NA,0,NA,NA,NA,NA,0,NA,NA,NA,0.062936172,NA,NA,NA,0.011626685,NA,NA,NA,NA,NA,0,NA,0,0,NA,NA,0,NA,0,NA,NA,NA,NA,0,NA,NA,0,NA,0,NA,0,0,NA,NA,0,NA,NA,NA,NA,0,0,NA,0,-0.019579664,NA,NA,NA,NA,NA,NA,0,NA,0,NA,NA,NA,NA,NA,NA,NA,NA,NA,NA,0.16856945,0,NA,NA,0,-0.002944188,NA,0.03517524,0,0,NA,-0.001237501,0,NA,NA,NA,NA,0,NA,-0.006657714,NA,NA,-0.000970777,NA,NA,0,-0.107305351,0
Uterine-vulval cells  0.021,0.262532249,-0.037900063,0,-0.013383025,0,0,0,0,0,0,0.008257268,0,-0.027990202,0,0,NA,-0.024867486,0,0,0,0,NA,-0.031025835,0,0,-0.030155824,0.039867796,0,NA,-0.022011082,0,0,-0.029414698,NA,0,0,0,NA,0.004142477,0,0,0,0,0,0,NA,0,NA,-0.004197044,0.018615076,0,0.031428729,0,0,0,-0.022278054,0,0,0,0.260203787,0,0,0,0.138615587,0,0,0,0,0,-0.005836446,0,0,0,0,0.006456011,0.009154827,0,0,0,0,NA,0,0,NA,0,NA,NA,0,0,-0.002841104,0,0,NA,0,0,NA,NA,-0.028077148,NA,0,0,0,0,NA,0,0,0,NA,0,NA,0,0,NA,NA,0,0,0,0,0.042406342,0,0,NA,0,NA,0,0,0,0,0,NA,-0.011542712,0.008020967,0,0,0,0,0,NA,0,NA,0,0.028420405,0,0,0.004445524,0,0,0,NA,NA,NA,NA,NA,NA,NA,0,0,0,0,0,0,-0.00525818,0,0,0,0,0,0,0,NA,NA,0,NA,0,NA,NA,0,NA,0,0,0,-0.04785466,0,NA,0,0,0,0,NA,0,0,0.014298387,0,0.006101128,0,0,0,0.010558985,0.03692651,0,0,0,0,0.049291215,0,-0.021291088,-0.003907716,0,-0.019486255,0,NA,NA,NA,0,0,0.025210293,0.035592979,0,0,0,0,-0.005925999,0,0.033305282,0,NA,0,0,0,NA,0,0,0,0,0,0,0,0,0,0.025787777,NA,0,-0.003472587,0.004779094,NA,-0.002551764,NA,0,-0.027355729,0,NA,NA,0.00591057,NA,0,-0.023193641,0,-0.000271045,0,0,0.03300078,0,0,0,NA,0,0,NA,0,-0.080811169,0,0.021528393,0.053518905,NA,-0.000422982,0,NA,NA,NA,0.006164476,NA,0,0,0,0,NA,NA,0,NA,0.002532061,NA,NA,NA,0,0,0,0,0,0.00600597,0,0,0,0,0,0,0,0.300302278,0,NA,0,0,0,0,0,-0.003631815,NA,0,NA,0,NA,0.2019681,0,NA,0,0,NA,0,NA,0,NA,0,-0.000794121,0,0,-0.003398642,0,NA,NA,0,-0.005874392,NA,0.005188725,0,0,0,0,0,NA,0,NA,0,0,0,-0.003436799,-0.022459432,0,-0.012137934,NA,-0.011832932,0,0,0
Uterine muscle  0.059,0,-0.048778967,0,0,NA,0,0,0,0,0,0,0,NA,0,0,NA,NA,-0.005050894,0,0,0,NA,-0.024637113,0,-0.000961986,0,0.081411855,0,NA,0,0,0,0,NA,-0.090495548,-0.012095891,NA,0.02707555,0.00040138,0,0,0,-0.020556176,0,0,NA,0,0,0,0,-0.003998936,0.02939967,0,0,-0.013866653,-0.072497921,0,NA,0,0.04893789,0,-0.017648637,0,0.131062081,0,0,0,-0.000267771,0,0,0,0,0,-0.017874642,NA,0,0,0,-0.113569661,NA,NA,0.36506287,-0.072688526,-0.060586257,-0.003644571,0.064213456,0,0,NA,-0.036690323,0,0,NA,0,0,NA,NA,-0.057875064,0,0,0.009181086,NA,-0.016372927,NA,-0.061894867,0,0,NA,0,NA,0,0.011231881,NA,NA,NA,0,0,0.028326335,0.068914707,NA,0,NA,0,NA,NA,0,0,0,-0.14295698,NA,0,0,-0.007709031,NA,0,0.088023789,0,-0.029498893,-0.008315239,0.010225673,-0.042754479,0.057773518,-0.008117483,NA,-0.008425239,0,0,0,0.005550623,NA,-0.183258036,-0.014265113,NA,NA,NA,NA,NA,0,0.004307075,0,0,0,NA,NA,NA,0,0.083436345,0.003650585,0,-0.847607718,NA,-0.003613479,NA,-0.027521785,NA,NA,0.441533858,NA,-0.009005768,-0.013483721,-0.005040068,-0.033376158,0,NA,0.027639638,0,0,0,NA,0,0,0,0,0.045047671,0,0,0,0.024851963,0.022357337,-0.012162559,NA,0,0,0,0,0,-0.036945202,0,0,0.001132293,0,NA,NA,0,0,0.0211314,0.038661993,0,0,0,0,0,0,0,NA,NA,-0.010084143,0,0,-0.055006246,0,0,0,0,0,0,0,0,0,0,NA,0,NA,0.028924561,NA,0.018575156,0,0,-0.002899331,-0.003164997,-0.45726393,NA,NA,NA,-0.02675753,NA,-0.014073698,NA,-0.040131629,0,0,0,0.035407075,0,NA,-0.011342111,0,NA,0,NA,-0.18547936,NA,1.527728633,NA,NA,0,0,NA,NA,0,NA,0,-0.012278083,-0.021860216,0,NA,NA,0,NA,0,NA,NA,NA,NA,0,NA,-0.021265574,0,-0.011804778,0,-0.006883013,0,0.022474722,0,0,0,0,0,0.323645026,0,0,0.378064696,NA,0,-0.003894847,NA,0,NA,NA,NA,NA,0,0,-0.003098453,0,NA,0.08957024,NA,NA,0,NA,-0.025804438,NA,0,-0.009677482,0,NA,0,0,-0.020799875,-0.028358853,0.072773407,0,0,0,-0.015362639,0,NA,0,0,-0.001777976,0,0,0,-0.007646684,0,0,NA,-0.088326021,-0.045559147,0,0.023485238
Uterine seam cells  0.021,0,0,NA,0,NA,0,0,0,0,0,0,0,NA,0,0,NA,0,0,0,0,0,NA,0,0,0,0,0,0,NA,NA,NA,0,0,NA,0,0,0,0,0,0,0,NA,0,0,0,0,0,0,0,0,NA,0,0,0,0,0,0,NA,0,0,0,NA,0,NA,0,0,0,0,0,0,0,0,0,0,0,0,0,0,NA,NA,NA,0,0,NA,NA,NA,NA,0,NA,NA,0,0,NA,0,0,NA,NA,0,NA,0,0,NA,0,NA,0,0,NA,NA,NA,NA,0,0,NA,NA,NA,0,0,0,0,NA,0,NA,0,NA,0,0,0,0,0,NA,0,0,0,0,0,0,0,0,0,NA,NA,0,0,NA,0,NA,0,NA,NA,NA,NA,NA,0,NA,NA,0,0,0,0,0,0,0,NA,0,0,0,0,0,NA,NA,NA,0,NA,0,NA,NA,NA,NA,0,0,0,0,0,NA,0,NA,0,0,NA,0,0,0,0,0,NA,0,0,0,0,0,NA,0,0,0,0,0,0,0,0,0,0,NA,0,0,0,NA,0,0,0,NA,0,0,0,0,NA,NA,0,0,0,0,0,0,0,0,0,0,0,0,0,NA,NA,0,0,0,0,0,NA,0,0,0,0,NA,NA,NA,0,0,0,0,0,0,NA,NA,0,0,NA,0,0,NA,0,NA,NA,NA,0,NA,0,0,NA,NA,NA,0,NA,NA,0,0,0,NA,NA,0,NA,0,NA,NA,NA,NA,0,0,0,0,0,0,0,0,0,0,0,0,0.128233021,0,NA,0,0,0,NA,0,0,NA,0,NA,NA,NA,NA,0,NA,0,0,NA,NA,NA,NA,0,NA,0,NA,0,0,0,NA,NA,0,0,0,0,0,0,0,0,0,NA,0,NA,NA,0,0,0,NA,0,0,0,0,0,0,0
Uterine toroid  0.026,0.305912915,-0.032145101,0,-0.022179752,0,0,0,0,0,0,0.01121952,0,NA,0,0,0,NA,0,0,0,0,NA,-0.027982608,0,0,-0.019834838,0.049724789,0,NA,-0.03479005,0,0,-0.052839543,NA,0,0,0,NA,0.016679239,0,0,NA,0,0,0,NA,NA,NA,-0.012297487,0.018599821,NA,0.037604353,0,0,NA,-0.022066435,-0.000282188,NA,0,0.333817879,0,NA,0,NA,0,0,0,0,0,-0.008152841,0,0.009525864,0,NA,0.003094717,0.016651222,0,0,NA,0,NA,0,0,NA,0,NA,NA,NA,0,-0.005778268,0,NA,NA,0,0,NA,NA,-0.038112374,0,0,0,NA,0,NA,0,0,NA,NA,0,0,0,0,NA,NA,0,0,0,0,0.057129668,NA,0,0,0,NA,0,0,0,0,0,NA,-0.011791367,0.017155157,0,0,0,NA,0,NA,0,NA,0,0.035861634,-0.001529589,-0.005545662,0.009060665,0,0,0,0,NA,0,-0.004424567,NA,NA,NA,0,0,0,0,0,-0.02333062,0,NA,NA,0,0,NA,0,NA,NA,NA,0,NA,0,0,NA,NA,0,0,0,0,-0.049086814,0,NA,0,0,0,0,NA,0.002854606,-0.009650886,0.005844789,0,0.004007544,0,0,0,0.011219619,0.036262736,NA,NA,0,0,0.060338488,0,-0.019269522,0,0,-0.050190769,0.003582288,0,NA,NA,0,0,0.023124131,0.026096214,0,0,0,0,-0.007518431,0,0.030203072,NA,NA,0,0,0,-0.001900948,0,0,0,0,0,0,0,0,0,0.027264489,NA,0,-0.015368224,0.008883766,0,-0.005972074,NA,0,-0.039417655,0,0,0.136011773,NA,NA,0,-0.007054459,-0.004240957,NA,-0.002046953,0,NA,NA,0,0,NA,0,0,0,0,0,0,0.032485502,0.030369492,NA,NA,0.000527976,NA,NA,0,0.003592727,NA,0,0,0,0,NA,NA,0,NA,0,NA,NA,NA,0,0,0,-0.000845686,0,0.019796896,0,0,0,0,0,0,0.019920138,0.440496036,0,NA,0,0,0,0,0,-0.006468926,NA,0,NA,NA,NA,NA,0,NA,-0.004110322,0,NA,0,NA,0,0,NA,NA,NA,0,-0.00919879,0,NA,NA,0,-0.014367679,-0.005414195,0.010785315,0,0,0,-0.013584014,0,0,0,0,0,0,0,-0.006000328,-0.030318689,0,-0.01548092,NA,-0.028821046,-0.000506731,0,0
VC  0.039,0,-0.069558355,NA,-0.028667974,0.159228444,0,0,0,0,0,0.045284235,0,NA,0,-0.007516162,NA,-0.022451611,0,-0.008112193,0.017977289,-0.004510562,NA,-0.060250049,0,0,0.067531016,0.125671708,0,NA,-0.045380371,0,0,-0.007921413,NA,0.022998391,-0.032763316,0,NA,0.001241326,-0.000639373,0,-0.008939681,0,0,-0.028147698,NA,0,0,-0.026518509,0.01374928,0.038917091,0.041086948,0,0,-0.028560393,-0.082157738,0,NA,0,0.075301181,0.039173803,NA,0,0.142775395,-0.025415936,0,0,0,0,-0.014833318,0,0.010253233,0,0,NA,0.00392486,-0.01860795,0,0,NA,NA,0,NA,NA,0,0,-0.821218455,0.024328042,NA,NA,0,0,NA,0,-0.002750041,NA,NA,-0.064015236,0,0.029350684,-0.001529336,0,NA,NA,NA,0,0,NA,-0.010781785,NA,0,0.012879371,NA,NA,0,0.125793302,0,0,0.159343524,0,0,0,0,NA,NA,0,0,0,0,NA,-0.002260726,NA,0,NA,0.064980867,0.183277873,0.01476693,NA,NA,NA,0,0.03789648,0,-0.017286598,0,0,0,0,0.077822979,NA,0,NA,NA,NA,NA,-0.011016356,0,0,0,-0.008777225,-0.066103812,0,NA,0,0,0,0,0,NA,0,NA,NA,NA,0,0,NA,0.033285237,0,0,-0.016197268,0,-0.069921965,-0.018552455,NA,0.001331157,-0.066589514,0.031060232,-0.009878795,NA,0.040923242,0,0,0,0.042947546,-0.011148765,0.16816022,0.002080427,0.043060483,0.064506828,-0.024836909,NA,-0.0049177,0.03729548,0.056801757,0,0,-0.004293981,0,-0.026843138,0.029387774,NA,0.004657075,NA,-0.040406404,0,0.057799728,0.024307317,0,0,0,0.165618007,0,0,0.015127985,0,NA,0,0,0,NA,0,0,0,-0.0050545,0.011290619,0,0.007221554,0,0,NA,NA,0,NA,0,NA,0,NA,-0.020853555,-0.023347075,-0.021845404,NA,NA,-0.020388648,NA,NA,NA,0,0,0,0,NA,NA,0,0,NA,-0.000899321,0,0,NA,0,NA,NA,NA,NA,NA,0.003203964,NA,NA,NA,NA,NA,NA,0,-0.028707966,0,NA,NA,0,NA,0,NA,NA,NA,NA,0,NA,0.007803494,0,NA,0,-0.004999722,0,0.005334229,0,0.011914775,-0.014213846,0,0,NA,0,0,0.04732615,NA,-0.017017951,0,NA,0,NA,NA,NA,0,0,0.009823753,0,0,NA,NA,NA,NA,0,NA,0.016159543,NA,0.010356521,0.010073663,0,-0.020790907,0,0,-0.006292243,0.124884656,0.038696774,0,0,0,-0.010204607,-0.002728217,NA,0,0,0,0,0,-0.009062838,-0.043784289,NA,-0.003304862,NA,-0.077504613,0,-0.129695407,-0.006808059
VC_4_5  0.038,0,-0.094458229,NA,-0.02486942,NA,0,0,0,0,0,0.031520422,NA,NA,0,-0.010718789,NA,NA,-0.003279581,-1.98E-07,0.009624673,-0.002287969,NA,NA,NA,NA,0.014859657,NA,0,NA,NA,NA,0,NA,NA,0,NA,NA,NA,0.012401917,NA,0,NA,NA,NA,0,NA,NA,NA,-0.026695495,NA,NA,NA,NA,NA,NA,-0.068795631,NA,NA,0,NA,NA,NA,0,NA,NA,NA,0,0.011202555,0,-0.026606864,0,0.006773557,0,NA,NA,0.006362644,0,0,NA,NA,NA,NA,NA,NA,0,NA,NA,NA,NA,NA,0,NA,NA,-0.006774441,NA,NA,NA,-0.081495821,NA,0.022523406,0,NA,NA,NA,NA,0,0,NA,NA,NA,0,0.044412091,NA,NA,NA,0.14220519,0,-0.004108427,NA,NA,0,NA,-0.003864838,NA,NA,0,0,0,0,NA,NA,NA,NA,NA,NA,NA,0.007278213,NA,0,NA,NA,0.066543168,NA,NA,NA,NA,0,0,NA,NA,NA,NA,NA,NA,NA,NA,0,0,0,NA,-0.031390991,0,NA,NA,NA,0.001224224,NA,0,NA,NA,NA,NA,NA,0,NA,NA,NA,NA,0.000790973,-0.013492225,0,NA,-0.011101722,NA,NA,NA,0.027475259,-0.010289425,NA,0.062749887,0,0,NA,NA,NA,0.180327092,0.000658087,0.039088963,0.0860922,NA,NA,NA,NA,0.042341947,0,0,NA,0,-0.048384507,0.025309779,NA,0.018367693,-0.036889808,-0.043550064,NA,NA,0.040146114,0,-0.005458254,0.03631876,0.099146331,NA,0,0.018298383,NA,NA,0,0,0,NA,0,NA,0,0,NA,NA,0.003868364,NA,NA,NA,NA,NA,NA,NA,NA,NA,NA,-0.026618785,NA,NA,NA,NA,NA,NA,-0.03285641,NA,0,-0.022844408,0,0,NA,NA,NA,NA,NA,NA,NA,NA,NA,NA,NA,NA,NA,NA,NA,0.024067571,NA,NA,NA,NA,NA,NA,NA,-0.017378874,0.002338543,-0.000740331,NA,NA,NA,NA,NA,NA,NA,NA,NA,NA,NA,0,NA,0,-0.00024657,0,0.005754028,0,NA,NA,NA,0,NA,0,0,0,NA,0,0,NA,NA,NA,NA,NA,NA,0,0,0,0,NA,0,NA,NA,0,NA,0.012057103,NA,0.019689694,NA,0,NA,0,0,NA,0.169743098,NA,0,0.004244903,NA,-0.01203041,-0.000695334,NA,NA,0,NA,NA,NA,NA,NA,NA,-0.025126402,NA,-0.020364447,0,-0.088493699,0
VD_DD  0.042,0,-0.069685542,NA,-0.021474269,0.075626401,0,0,0,-0.006863586,0,0.031257395,0,-0.080769178,0,0,0,-0.02901034,-0.026819164,0,0.027865715,-0.001850567,0,-0.032049141,0,0,0,0.122666079,0,0,0,0,0,-0.024632825,NA,0,0,0.035074972,NA,0,-0.079509756,0,0,0,0,-0.015680823,NA,0,0,0,0.001207294,NA,0.040806825,0,0,NA,-0.085753301,0,0,0,0.009069794,0.196223592,0,0,0.146292651,NA,-0.007285099,0,0,0,-0.006903919,0,0.006952112,0,0,0,0,0,0,0,-0.010520341,NA,0,0,NA,0.025371595,0,NA,0.126275972,NA,0,0,0,NA,0,-0.022280803,0.081228996,0,-0.099874178,0,0,0,0,0,NA,NA,0,0,NA,0,0,0,0,NA,0,-0.023642321,0.085187443,0,0,0.053857757,0,0,0,0,NA,0,0,0,-0.023862094,0.03004008,NA,-0.019812401,0,0,0,0,0.084943631,0,NA,0,0,0,0.03554238,0,-0.010930628,0,0.010695988,0,0,0,NA,0,0.037664204,NA,NA,NA,0,0,0,0,-0.00167655,0,0,0,NA,-0.020106783,0.007767166,0,0,NA,0,0,-0.00653433,NA,0,NA,NA,0,NA,0,-0.015134022,0,-0.095578995,-0.021853099,NA,0.000734854,-0.027220527,0,0,NA,0.092713889,0,0,0,0.019589445,0,0.077011548,0,0.041244144,0.061390762,0,NA,0,0.076710402,0.038901847,0,0,0,0,-0.030700932,0,0,0.119221979,-0.008463033,-0.02468795,0,0.050377969,0.029562322,0,0,0,0.09136163,-0.010784886,-0.014375962,0.054248018,0,NA,0,0,0,NA,0,0,0,0,0,0.026569436,0.032635498,0,0,0.003814664,NA,0,0,0,NA,0,0,-0.018434127,-0.008653023,-0.034228085,NA,0,NA,NA,NA,-0.018532687,0,0,0,0,NA,0,0,0,NA,0,0,NA,0,0,0,0.047161756,0.159964734,NA,NA,0,NA,NA,NA,0,0,0,0,0,0,NA,0,0,NA,0,NA,NA,NA,NA,0,0,0.011094989,0,-0.015623786,0,-0.003757584,-0.002470785,0,0,0,0,0,0,0.303841369,0,-0.012659944,0,-0.000511187,0,0,NA,-0.007325189,NA,NA,NA,NA,0,0,0,0,NA,0,0,0,0.795392964,0,0.017510476,0.090854077,0,0,0,-0.010360338,NA,0,0,0.075266042,0.039526358,0,0.067324474,0,-0.000406899,0,NA,0.113688484,0,0,0,0,-0.028469297,-0.020871356,0.037841531,-0.002300178,NA,0,0,-0.114384248,0
vm1 (vulval muscle)  0.058,0,-0.046355514,NA,0,NA,0,0,0,0,0,0.01448903,0,NA,0,0,NA,NA,0,0,0,0,NA,-0.0267812,0,-0.002920747,0,0.042257344,0,NA,0,-0.116498447,0,-0.009560609,NA,-0.096009187,-0.016966376,NA,0.013666912,0,NA,0,NA,0,0,0,NA,NA,NA,0,0,NA,0.016133754,0,0,-0.008684816,-0.050283677,0,0,0,0.028272516,0,NA,0,NA,NA,NA,0,0,0,0,-0.00383775,0,0,-0.085143581,NA,0,0,0,-0.265382997,NA,NA,0.265595887,-0.110337609,NA,-0.003263732,0.029652905,0,NA,NA,-0.07254302,0,0,NA,-0.000784118,0,NA,NA,-0.079068007,NA,0,0,NA,0,NA,-0.072710889,0,NA,NA,0,NA,0,0.03458458,NA,NA,NA,0,0,0.029250154,0.050929464,NA,0,NA,0,NA,NA,0,0,0,-0.132638093,NA,0,0,-0.012679266,0,0,0.114981848,0,NA,-0.003826799,NA,-0.016312187,0.043373237,0,NA,-0.004779024,0,0,NA,0.03348746,NA,NA,NA,NA,NA,NA,NA,-0.013371143,0,0.007701004,0,0,0,-0.119531119,NA,0,-0.004353323,NA,0.010150943,0,NA,NA,-0.0544808,NA,-0.025086661,NA,NA,0.508340991,NA,-0.011132661,-0.016170459,-0.008970884,NA,0,NA,0.024849834,0,0,0,NA,0,0,0.007311975,-0.002050491,0.005873021,0,0,0,0.021605812,0.027224667,0,NA,NA,0,0,0,0,-0.028559315,0,0,0,NA,0,NA,0,0,NA,0.10375182,NA,NA,0,0,0,-0.019592786,0.022240343,0,NA,-0.064270956,0,0,NA,0,0,0,0,0,0,0,0,0.010530671,0,NA,NA,NA,0.055494401,NA,0.012524926,NA,0,NA,0,NA,0,NA,NA,-0.026955306,NA,-0.036336239,0,-0.04916548,0,NA,NA,0.044983297,0,NA,0,0,NA,0,-0.277292031,NA,NA,1.114433349,NA,NA,0,0,NA,NA,-0.000282762,NA,0,-0.020708452,-0.015331972,0,NA,NA,0,NA,0,NA,NA,NA,NA,0,NA,-0.034668053,0,-0.026354439,0,-0.00899015,0,0.019328064,0,0,0,0,NA,0.351079784,0,0,0.296981064,NA,0,-0.002896912,NA,0,NA,NA,NA,NA,0,NA,0,0,NA,0.163083276,NA,NA,0,0,NA,NA,0.00192444,NA,0,-0.040002388,NA,0,-0.004512661,-0.025755122,0.05861147,0,0,0,-0.034650542,-0.01045444,-0.095944983,0.128625569,NA,-0.007975494,0,0,0,NA,0,0,NA,-0.091212537,-0.015999225,0,0.022041692
vm2 (vulval muscle)  0.052,0,-0.04865848,NA,0,NA,0,0,0,0,0,0,0,-0.44732741,0.022198571,NA,NA,NA,-0.013608835,0,0,0,NA,-0.022178053,NA,-0.01307948,0,NA,0,NA,NA,-0.245441464,0,0,NA,-0.132184442,0,NA,NA,NA,0,0,NA,NA,0,0,NA,NA,NA,0,NA,0,0.025145972,0,0,0,-0.06074382,NA,NA,0,0.042185577,0.024663356,NA,0,NA,-0.009645563,NA,NA,0,0,NA,-0.001809759,0,0,NA,NA,0.003620372,0,0,-0.326912506,NA,NA,0.537541361,-0.142581906,NA,-0.027625226,NA,0,NA,NA,NA,NA,0.028322465,NA,0,NA,NA,0,-0.06803989,NA,0,0,NA,0,NA,-0.050040489,0,NA,NA,-0.002088753,NA,-0.018382359,0.047636169,NA,NA,NA,NA,0,0.027431525,0.08890724,0,NA,NA,-0.019006905,NA,NA,0,0,0,-0.134157829,NA,0,0,-0.014940745,NA,0,0.126105403,0,NA,-0.001108732,0.030948283,-0.030184187,NA,-0.011276439,NA,NA,NA,0.036042153,NA,NA,NA,NA,-0.018590899,NA,NA,NA,NA,NA,0,0,-0.024532674,0,0,NA,NA,0,-0.006387611,NA,0.013992999,NA,NA,NA,-0.024449776,NA,-0.029573255,0,NA,0.325123004,NA,-0.028721364,-0.013338351,0,-0.024966167,-0.029986533,NA,0.023611952,0,0,0,NA,-0.024434144,0,0,-0.070843075,NA,0,0,0,0.048267782,0.043833157,-0.008625651,NA,NA,-0.034882118,0.026693594,0.013699055,0,-0.104795678,NA,0,0,NA,NA,NA,0,0,0.037024812,NA,NA,-0.014861906,NA,0,-0.000213477,-0.017603873,0.033241936,NA,NA,-0.042562793,0,0,NA,0,0,0,0,0,0,NA,0,0,0.039288474,NA,NA,NA,NA,NA,0.044278351,NA,-0.005735123,NA,NA,NA,0,NA,NA,NA,-0.022238454,-0.020112479,0,-0.049988768,0,0,0,0.035343792,-0.007395277,NA,NA,0,NA,NA,NA,NA,NA,1.440094832,NA,NA,0.024198355,NA,NA,NA,NA,NA,NA,NA,-0.035243452,0,NA,NA,0,NA,0,NA,NA,NA,NA,0,NA,NA,0,-0.034395655,0,-0.008236461,0,0.029214961,NA,NA,0,NA,NA,NA,0.06152994,0,0.271445012,NA,0,0,NA,NA,NA,NA,NA,NA,0,0.029325806,0,-0.033495806,NA,0.14215078,NA,NA,NA,NA,NA,0,0,NA,0,NA,NA,0,NA,-0.038520642,0.070610372,0,NA,0,-0.006061492,0,NA,NA,NA,NA,0,0,0,NA,NA,NA,-0.015734359,-0.126572671,-0.069019321,0,0.015413054
Vulval cells  0.052,0,-0.106473247,NA,0,NA,0,0,-0.001318866,0,0,0,0,NA,0,0,0,NA,0,0,0.32064443,0,NA,-0.120764949,0,-0.002700772,-0.023747521,0.067135171,0,NA,-0.059874016,0,0,0,NA,0,-0.019886972,NA,0,0,NA,0,NA,0,0.173165673,-0.053292383,NA,0,NA,-0.084437142,0,NA,0,0,0,0,-0.045633214,0,0,0,0,0,0,0,0.130372289,NA,-0.005546869,0,-0.00394388,0,0,-0.000363804,0,0,NA,0.055939133,-0.004035509,0,0,0,NA,NA,0,0,0,-0.005998689,NA,0,0,NA,0,0,0,NA,-0.002989238,NA,NA,NA,-0.082920519,-0.010059458,0,-0.022281901,0,0,NA,NA,0,0,NA,-0.002981217,NA,0,0,NA,NA,0,0.010916161,0,0,0.010087869,0.022534149,-0.02686065,NA,0,-0.00396992,0,0,0,0,-0.0375145,NA,-0.029430851,0,0,0,0,0,0.038790609,-0.025878563,0,0,0.123823325,0.012023514,NA,NA,0.002283388,0.038791518,0,0,NA,NA,NA,NA,NA,NA,NA,0,NA,0,0,0,-0.110008248,0.025072851,0,0.021176089,-0.035836839,0,NA,0,NA,NA,NA,-0.075298146,NA,-0.01101007,NA,NA,0.002307665,NA,0,-0.017636318,0,-0.067071047,-0.020274428,NA,0,NA,0,0,NA,0,-0.009019675,0,0,0,0,0,0,0.018473338,0.15942317,-0.072081945,NA,0,-0.00579687,0.340306897,0,0,0,0,-0.115538087,0,NA,-0.016763783,-0.011325028,-0.005820232,0,0.041838724,0.399383368,0,0,0,0,0,-0.043318607,0.030357856,NA,NA,0,-0.049490626,0,NA,0,0,0,0,-0.01031036,0,0,0,0,0.0522748,NA,0,0,NA,NA,-0.015179813,NA,0,-0.072584141,0,0,0,0.049276442,NA,0,-0.009376458,-0.096319972,-0.030261751,0,-0.026430691,0,0,0,0.054030525,NA,NA,0,0.112887214,0,NA,NA,NA,0.062349026,NA,0,0,NA,NA,NA,NA,0,0,-0.001960246,-0.015135173,0,NA,0,0,0,0,NA,NA,NA,NA,-0.07532965,0,-0.006308217,0,0,0,-0.018073037,0.017232119,-0.222085652,0,0,0,0.198427097,0,0.227627622,0,0,0,NA,0,0,NA,0,NA,NA,NA,NA,0,0,0,0,NA,0,NA,-0.008897188,0,NA,NA,0,0,-0.005329739,0,NA,-0.045925325,0,0,0,0.037558687,0,0.231712544,0,0,0,0,0,NA,0,-0.009283107,0,0,-0.041084984,0.242800184,0,0,0,0,0,0
XXX  0.046,0,-0.176183422,NA,-0.014940665,NA,0,0,0,0,0,NA,0,NA,0,-0.001454503,NA,NA,0,0,0,0,NA,NA,0,NA,NA,NA,NA,NA,NA,0,0,0,NA,NA,NA,0.055220083,NA,0,NA,NA,NA,NA,0,0,NA,NA,NA,-0.013037228,0.016784185,0.02559484,0.073309056,NA,NA,NA,-0.094623679,0,NA,NA,0.08910367,NA,NA,0,NA,-0.038101667,0,NA,0,NA,NA,NA,0.015276275,0,NA,0,0.00478464,-0.020800655,0,NA,NA,NA,0,0,NA,0,NA,NA,NA,NA,NA,NA,NA,NA,0,NA,NA,NA,-0.136943722,0,NA,0,NA,0,0,0,0,NA,NA,-0.023425282,NA,0,0,NA,NA,NA,NA,0,0,0.117823104,NA,NA,NA,0,NA,NA,NA,0,0,0,NA,NA,NA,0,NA,0.017858821,0.138841236,0.012254013,NA,0,NA,NA,0.110023461,NA,NA,0,NA,0,0,NA,NA,NA,NA,NA,NA,NA,NA,NA,0,0,0,-0.046168914,0,NA,NA,NA,0.038192675,NA,0,NA,0,0,NA,NA,0,NA,NA,NA,NA,0.018077908,-0.017855444,0,NA,-0.007589223,NA,NA,-0.046696889,0.016960173,NA,NA,0.05622979,0,0,0,0.054311674,0,0.273606386,0,0.024011141,0.122662862,NA,NA,NA,0.000815193,0.05872636,0,0,-0.001587616,0,-0.042688093,0.045430501,NA,NA,NA,NA,NA,NA,NA,0.000613209,-0.000624048,NA,0,-0.006276346,0,0.055028386,NA,NA,NA,0,0.000626383,NA,0,0,0,0,NA,NA,0.019445974,0,NA,NA,NA,0,NA,NA,NA,0,NA,0,-0.046718389,NA,0.12377504,NA,NA,NA,-0.014308715,NA,NA,NA,0,NA,NA,NA,0,0,NA,0,0,NA,NA,NA,NA,NA,NA,NA,NA,0.051862347,0,NA,NA,NA,NA,0,NA,0,NA,NA,NA,NA,NA,NA,NA,NA,NA,NA,0,0,NA,0,NA,0,-0.004898889,0,NA,NA,NA,0,0,NA,NA,0,0,NA,NA,NA,0,NA,0,NA,NA,NA,NA,0,NA,0,NA,NA,NA,NA,NA,NA,NA,0.017943734,NA,0.006204825,NA,0,NA,NA,0,-0.008405646,NA,0.052521582,NA,0.016977433,NA,-0.000449668,0,NA,0,NA,0,NA,NA,-0.029433715,NA,NA,NA,NA,-0.071148108,0,-0.061843932,0